dataset_id,adjustment,score_method,program_left,lineage_left,program_right,lineage_right,n_donors,spearman_rho,permutation_p_two_sided,fdr_within_dataset_method_adjustment
GSE244832,disease_group_plus_qc,singscore,RAM2019_ENDO_1,endothelial,RAM2019_MAC_SIG_A_SAM,macrophage_monocyte,17,-0.3823529411764707,0.1257874212578742,0.5275472452754725
GSE244832,disease_group_plus_qc,singscore,RAM2019_ENDO_1,endothelial,RAM2019_MAC_SIG_B_SAM,macrophage_monocyte,17,-0.17892156862745098,0.49075092490750927,0.7454444428974825
GSE244832,disease_group_plus_qc,singscore,RAM2019_ENDO_1,endothelial,RAM2019_MAC_SIG_C_KC,macrophage_monocyte,17,0.12745098039215688,0.621037896210379,0.8100494298396248
GSE244832,disease_group_plus_qc,singscore,RAM2019_ENDO_1,endothelial,RAM2019_MAC_SIG_D_TMO,macrophage_monocyte,17,0.37009803921568635,0.14308569143085692,0.5463203679632036
GSE244832,disease_group_plus_qc,singscore,RAM2019_ENDO_1,endothelial,RAM2019_MAC_SIG_E_TMO,macrophage_monocyte,17,0.2622549019607843,0.30716928307169283,0.6751705781802771
GSE244832,disease_group_plus_qc,singscore,RAM2019_ENDO_1,endothelial,RAM2019_MAC_SIG_F_CDC1,macrophage_monocyte,17,-0.2377450980392157,0.3534646535346465,0.6751705781802771
GSE244832,disease_group_plus_qc,singscore,RAM2019_ENDO_1,endothelial,RAM2019_MES_HSC,mesenchymal_hsc_myofibroblast,18,-0.05675954592363261,0.8249175082491751,0.9338688772632171
GSE244832,disease_group_plus_qc,singscore,RAM2019_ENDO_1,endothelial,RAM2019_MES_MESOTHELIAL,mesenchymal_hsc_myofibroblast,18,0.07120743034055728,0.781021897810219,0.9142162706806243
GSE244832,disease_group_plus_qc,singscore,RAM2019_ENDO_1,endothelial,RAM2019_MES_SAMES,mesenchymal_hsc_myofibroblast,18,0.32714138286893707,0.18988101189881013,0.5471452854714529
GSE244832,disease_group_plus_qc,singscore,RAM2019_ENDO_1,endothelial,RAM2019_MES_VSMC,mesenchymal_hsc_myofibroblast,18,-0.1496388028895769,0.5540445955404459,0.7810381752522422
GSE244832,disease_group_plus_qc,singscore,RAM2019_ENDO_1,endothelial,RAM2019_SAMES_A,mesenchymal_hsc_myofibroblast,18,0.5211558307533539,0.0282971702829717,0.321967803219678
GSE244832,disease_group_plus_qc,singscore,RAM2019_ENDO_1,endothelial,RAM2019_SAMES_B,mesenchymal_hsc_myofibroblast,18,-0.05056759545923632,0.8444155584441556,0.9392574256087904
GSE244832,disease_group_plus_qc,singscore,RAM2019_ENDO_2,endothelial,RAM2019_MAC_SIG_A_SAM,macrophage_monocyte,17,0.5808823529411765,0.0168983101689831,0.321967803219678
GSE244832,disease_group_plus_qc,singscore,RAM2019_ENDO_2,endothelial,RAM2019_MAC_SIG_B_SAM,macrophage_monocyte,17,0.5073529411764706,0.0408959104089591,0.321967803219678
GSE244832,disease_group_plus_qc,singscore,RAM2019_ENDO_2,endothelial,RAM2019_MAC_SIG_C_KC,macrophage_monocyte,17,0.09803921568627452,0.7083291670832916,0.858580808585808
GSE244832,disease_group_plus_qc,singscore,RAM2019_ENDO_2,endothelial,RAM2019_MAC_SIG_D_TMO,macrophage_monocyte,17,-0.15441176470588236,0.5553444655534446,0.7810381752522422
GSE244832,disease_group_plus_qc,singscore,RAM2019_ENDO_2,endothelial,RAM2019_MAC_SIG_E_TMO,macrophage_monocyte,17,0.22303921568627455,0.3745625437456254,0.7023047695230477
GSE244832,disease_group_plus_qc,singscore,RAM2019_ENDO_2,endothelial,RAM2019_MAC_SIG_F_CDC1,macrophage_monocyte,17,0.5294117647058825,0.03189681031896811,0.321967803219678
GSE244832,disease_group_plus_qc,singscore,RAM2019_ENDO_2,endothelial,RAM2019_MES_HSC,mesenchymal_hsc_myofibroblast,18,-0.13106295149638802,0.6053394660533946,0.7982498453451358
GSE244832,disease_group_plus_qc,singscore,RAM2019_ENDO_2,endothelial,RAM2019_MES_MESOTHELIAL,mesenchymal_hsc_myofibroblast,18,0.20743034055727552,0.40485951404859516,0.7144579659681092
GSE244832,disease_group_plus_qc,singscore,RAM2019_ENDO_2,endothelial,RAM2019_MES_SAMES,mesenchymal_hsc_myofibroblast,18,-0.07946336429308565,0.7543245675432457,0.90109800901098
GSE244832,disease_group_plus_qc,singscore,RAM2019_ENDO_2,endothelial,RAM2019_MES_VSMC,mesenchymal_hsc_myofibroblast,18,0.24458204334365324,0.31996800319968005,0.6751705781802771
GSE244832,disease_group_plus_qc,singscore,RAM2019_ENDO_2,endothelial,RAM2019_SAMES_A,mesenchymal_hsc_myofibroblast,18,-0.3312693498452013,0.17648235176482352,0.5471452854714529
GSE244832,disease_group_plus_qc,singscore,RAM2019_ENDO_2,endothelial,RAM2019_SAMES_B,mesenchymal_hsc_myofibroblast,18,0.13519091847265222,0.5964403559644036,0.7982498453451358
GSE244832,disease_group_plus_qc,singscore,RAM2019_ENDO_3,endothelial,RAM2019_MAC_SIG_A_SAM,macrophage_monocyte,17,0.16666666666666669,0.5216478352164784,0.7728116077281161
GSE244832,disease_group_plus_qc,singscore,RAM2019_ENDO_3,endothelial,RAM2019_MAC_SIG_B_SAM,macrophage_monocyte,17,0.5759803921568628,0.018698130186981302,0.321967803219678
GSE244832,disease_group_plus_qc,singscore,RAM2019_ENDO_3,endothelial,RAM2019_MAC_SIG_C_KC,macrophage_monocyte,17,0.06372549019607844,0.809019098090191,0.9245932549602183
GSE244832,disease_group_plus_qc,singscore,RAM2019_ENDO_3,endothelial,RAM2019_MAC_SIG_D_TMO,macrophage_monocyte,17,-0.03921568627450981,0.8854114588541145,0.944537125234845
GSE244832,disease_group_plus_qc,singscore,RAM2019_ENDO_3,endothelial,RAM2019_MAC_SIG_E_TMO,macrophage_monocyte,17,0.15686274509803924,0.5463453654634537,0.7810381752522422
GSE244832,disease_group_plus_qc,singscore,RAM2019_ENDO_3,endothelial,RAM2019_MAC_SIG_F_CDC1,macrophage_monocyte,17,0.18627450980392157,0.4734526547345265,0.7454444428974825
GSE244832,disease_group_plus_qc,singscore,RAM2019_ENDO_3,endothelial,RAM2019_MES_HSC,mesenchymal_hsc_myofibroblast,18,-0.43653250773993807,0.06999300069993,0.39996000399959997
GSE244832,disease_group_plus_qc,singscore,RAM2019_ENDO_3,endothelial,RAM2019_MES_MESOTHELIAL,mesenchymal_hsc_myofibroblast,18,0.37254901960784315,0.1297870212978702,0.5275472452754725
GSE244832,disease_group_plus_qc,singscore,RAM2019_ENDO_3,endothelial,RAM2019_MES_SAMES,mesenchymal_hsc_myofibroblast,18,-0.034055727554179564,0.8964103589641036,0.944537125234845
GSE244832,disease_group_plus_qc,singscore,RAM2019_ENDO_3,endothelial,RAM2019_MES_VSMC,mesenchymal_hsc_myofibroblast,18,0.2549019607843137,0.30546945305469453,0.6751705781802771
GSE244832,disease_group_plus_qc,singscore,RAM2019_ENDO_3,endothelial,RAM2019_SAMES_A,mesenchymal_hsc_myofibroblast,18,-0.391124871001032,0.10738926107389261,0.48572920485729204
GSE244832,disease_group_plus_qc,singscore,RAM2019_ENDO_3,endothelial,RAM2019_SAMES_B,mesenchymal_hsc_myofibroblast,18,0.37048503611971106,0.13188681131886812,0.5275472452754725
GSE244832,disease_group_plus_qc,singscore,RAM2019_ENDO_4,endothelial,RAM2019_MAC_SIG_A_SAM,macrophage_monocyte,17,-0.002450980392156863,0.9968003199680032,0.9968003199680032
GSE244832,disease_group_plus_qc,singscore,RAM2019_ENDO_4,endothelial,RAM2019_MAC_SIG_B_SAM,macrophage_monocyte,17,0.23529411764705882,0.34906509349065096,0.6751705781802771
GSE244832,disease_group_plus_qc,singscore,RAM2019_ENDO_4,endothelial,RAM2019_MAC_SIG_C_KC,macrophage_monocyte,17,0.49509803921568635,0.048295170482951705,0.321967803219678
GSE244832,disease_group_plus_qc,singscore,RAM2019_ENDO_4,endothelial,RAM2019_MAC_SIG_D_TMO,macrophage_monocyte,17,0.1985294117647059,0.44045595440455954,0.7444325989936217
GSE244832,disease_group_plus_qc,singscore,RAM2019_ENDO_4,endothelial,RAM2019_MAC_SIG_E_TMO,macrophage_monocyte,17,0.32843137254901966,0.1987801219878012,0.5471452854714529
GSE244832,disease_group_plus_qc,singscore,RAM2019_ENDO_4,endothelial,RAM2019_MAC_SIG_F_CDC1,macrophage_monocyte,17,0.2573529411764706,0.31716828317168283,0.6751705781802771
GSE244832,disease_group_plus_qc,singscore,RAM2019_ENDO_4,endothelial,RAM2019_MES_HSC,mesenchymal_hsc_myofibroblast,18,-0.32301341589267285,0.1927807219278072,0.5471452854714529
GSE244832,disease_group_plus_qc,singscore,RAM2019_ENDO_4,endothelial,RAM2019_MES_MESOTHELIAL,mesenchymal_hsc_myofibroblast,18,0.2693498452012384,0.2893710628937106,0.6751705781802771
GSE244832,disease_group_plus_qc,singscore,RAM2019_ENDO_4,endothelial,RAM2019_MES_SAMES,mesenchymal_hsc_myofibroblast,18,0.07739938080495357,0.7584241575842415,0.90109800901098
GSE244832,disease_group_plus_qc,singscore,RAM2019_ENDO_4,endothelial,RAM2019_MES_VSMC,mesenchymal_hsc_myofibroblast,18,0.1867905056759546,0.45725427457254275,0.7454444428974825
GSE244832,disease_group_plus_qc,singscore,RAM2019_ENDO_4,endothelial,RAM2019_SAMES_A,mesenchymal_hsc_myofibroblast,18,-0.034055727554179564,0.8973102689731027,0.944537125234845
GSE244832,disease_group_plus_qc,singscore,RAM2019_ENDO_4,endothelial,RAM2019_SAMES_B,mesenchymal_hsc_myofibroblast,18,0.23219814241486067,0.3477652234776522,0.6751705781802771
GSE244832,disease_group_plus_qc,singscore,RAM2019_ENDO_5,endothelial,RAM2019_MAC_SIG_A_SAM,macrophage_monocyte,17,0.25980392156862747,0.30586941305869414,0.6751705781802771
GSE244832,disease_group_plus_qc,singscore,RAM2019_ENDO_5,endothelial,RAM2019_MAC_SIG_B_SAM,macrophage_monocyte,17,0.5098039215686275,0.03849615038496151,0.321967803219678
GSE244832,disease_group_plus_qc,singscore,RAM2019_ENDO_5,endothelial,RAM2019_MAC_SIG_C_KC,macrophage_monocyte,17,0.24019607843137256,0.3544645535446455,0.6751705781802771
GSE244832,disease_group_plus_qc,singscore,RAM2019_ENDO_5,endothelial,RAM2019_MAC_SIG_D_TMO,macrophage_monocyte,17,0.11029411764705883,0.6726327367263274,0.8407909209079092
GSE244832,disease_group_plus_qc,singscore,RAM2019_ENDO_5,endothelial,RAM2019_MAC_SIG_E_TMO,macrophage_monocyte,17,0.24754901960784317,0.3374662533746625,0.6751705781802771
GSE244832,disease_group_plus_qc,singscore,RAM2019_ENDO_5,endothelial,RAM2019_MAC_SIG_F_CDC1,macrophage_monocyte,17,0.44117647058823534,0.07799220077992201,0.40267973202679735
GSE244832,disease_group_plus_qc,singscore,RAM2019_ENDO_5,endothelial,RAM2019_MES_HSC,mesenchymal_hsc_myofibroblast,18,-0.32301341589267285,0.1912808719128087,0.5471452854714529
GSE244832,disease_group_plus_qc,singscore,RAM2019_ENDO_5,endothelial,RAM2019_MES_MESOTHELIAL,mesenchymal_hsc_myofibroblast,18,0.4757481940144479,0.04689531046895311,0.321967803219678
GSE244832,disease_group_plus_qc,singscore,RAM2019_ENDO_5,endothelial,RAM2019_MES_SAMES,mesenchymal_hsc_myofibroblast,18,-0.1496388028895769,0.5597440255974403,0.7810381752522422
GSE244832,disease_group_plus_qc,singscore,RAM2019_ENDO_5,endothelial,RAM2019_MES_VSMC,mesenchymal_hsc_myofibroblast,18,0.5851393188854489,0.0122987701229877,0.321967803219678
GSE244832,disease_group_plus_qc,singscore,RAM2019_ENDO_5,endothelial,RAM2019_SAMES_A,mesenchymal_hsc_myofibroblast,18,-0.543859649122807,0.023497650234976502,0.321967803219678
GSE244832,disease_group_plus_qc,singscore,RAM2019_ENDO_5,endothelial,RAM2019_SAMES_B,mesenchymal_hsc_myofibroblast,18,0.34365325077399383,0.16198380161983802,0.5471452854714529
GSE244832,disease_group_plus_qc,singscore,RAM2019_ENDO_6_SAENDO1,endothelial,RAM2019_MAC_SIG_A_SAM,macrophage_monocyte,17,0.5220588235294118,0.033096690330966905,0.321967803219678
GSE244832,disease_group_plus_qc,singscore,RAM2019_ENDO_6_SAENDO1,endothelial,RAM2019_MAC_SIG_B_SAM,macrophage_monocyte,17,0.4803921568627451,0.0532946705329467,0.3365979191554529
GSE244832,disease_group_plus_qc,singscore,RAM2019_ENDO_6_SAENDO1,endothelial,RAM2019_MAC_SIG_C_KC,macrophage_monocyte,17,0.1936274509803922,0.45885411458854114,0.7454444428974825
GSE244832,disease_group_plus_qc,singscore,RAM2019_ENDO_6_SAENDO1,endothelial,RAM2019_MAC_SIG_D_TMO,macrophage_monocyte,17,0.014705882352941176,0.9595040495950405,0.984106717533375
GSE244832,disease_group_plus_qc,singscore,RAM2019_ENDO_6_SAENDO1,endothelial,RAM2019_MAC_SIG_E_TMO,macrophage_monocyte,17,0.3602941176470589,0.16528347165283472,0.5471452854714529
GSE244832,disease_group_plus_qc,singscore,RAM2019_ENDO_6_SAENDO1,endothelial,RAM2019_MAC_SIG_F_CDC1,macrophage_monocyte,17,0.4387254901960785,0.0811918808119188,0.40267973202679735
GSE244832,disease_group_plus_qc,singscore,RAM2019_ENDO_6_SAENDO1,endothelial,RAM2019_MES_HSC,mesenchymal_hsc_myofibroblast,18,0.05056759545923632,0.8481151884811519,0.9392574256087904
GSE244832,disease_group_plus_qc,singscore,RAM2019_ENDO_6_SAENDO1,endothelial,RAM2019_MES_MESOTHELIAL,mesenchymal_hsc_myofibroblast,18,0.1331269349845201,0.5936406359364064,0.7982498453451358
GSE244832,disease_group_plus_qc,singscore,RAM2019_ENDO_6_SAENDO1,endothelial,RAM2019_MES_SAMES,mesenchymal_hsc_myofibroblast,18,-0.17234262125902994,0.48835116488351166,0.7454444428974825
GSE244832,disease_group_plus_qc,singscore,RAM2019_ENDO_6_SAENDO1,endothelial,RAM2019_MES_VSMC,mesenchymal_hsc_myofibroblast,18,0.24045407636738902,0.33566643335666435,0.6751705781802771
GSE244832,disease_group_plus_qc,singscore,RAM2019_ENDO_6_SAENDO1,endothelial,RAM2019_SAMES_A,mesenchymal_hsc_myofibroblast,18,-0.10629514963880288,0.6671332866713329,0.8407909209079092
GSE244832,disease_group_plus_qc,singscore,RAM2019_ENDO_6_SAENDO1,endothelial,RAM2019_SAMES_B,mesenchymal_hsc_myofibroblast,18,0.06707946336429307,0.7923207679232077,0.9142162706806243
GSE244832,disease_group_plus_qc,singscore,RAM2019_ENDO_7_SAENDO2,endothelial,RAM2019_MAC_SIG_A_SAM,macrophage_monocyte,17,0.14460784313725492,0.5849415058494151,0.7982498453451358
GSE244832,disease_group_plus_qc,singscore,RAM2019_ENDO_7_SAENDO2,endothelial,RAM2019_MAC_SIG_B_SAM,macrophage_monocyte,17,0.625,0.007699230076992301,0.321967803219678
GSE244832,disease_group_plus_qc,singscore,RAM2019_ENDO_7_SAENDO2,endothelial,RAM2019_MAC_SIG_C_KC,macrophage_monocyte,17,0.20833333333333337,0.42125787421257876,0.7326223899349196
GSE244832,disease_group_plus_qc,singscore,RAM2019_ENDO_7_SAENDO2,endothelial,RAM2019_MAC_SIG_D_TMO,macrophage_monocyte,17,-0.32598039215686275,0.20517948205179481,0.5471452854714529
GSE244832,disease_group_plus_qc,singscore,RAM2019_ENDO_7_SAENDO2,endothelial,RAM2019_MAC_SIG_E_TMO,macrophage_monocyte,17,0.11519607843137256,0.6525347465253475,0.8407909209079092
GSE244832,disease_group_plus_qc,singscore,RAM2019_ENDO_7_SAENDO2,endothelial,RAM2019_MAC_SIG_F_CDC1,macrophage_monocyte,17,0.43137254901960786,0.08389161083891611,0.40267973202679735
GSE244832,disease_group_plus_qc,singscore,RAM2019_ENDO_7_SAENDO2,endothelial,RAM2019_MES_HSC,mesenchymal_hsc_myofibroblast,18,-0.15376676986584106,0.5371462853714628,0.7810381752522422
GSE244832,disease_group_plus_qc,singscore,RAM2019_ENDO_7_SAENDO2,endothelial,RAM2019_MES_MESOTHELIAL,mesenchymal_hsc_myofibroblast,18,0.4406604747162023,0.0694930506949305,0.39996000399959997
GSE244832,disease_group_plus_qc,singscore,RAM2019_ENDO_7_SAENDO2,endothelial,RAM2019_MES_SAMES,mesenchymal_hsc_myofibroblast,18,0.3353973168214654,0.17018298170182983,0.5471452854714529
GSE244832,disease_group_plus_qc,singscore,RAM2019_ENDO_7_SAENDO2,endothelial,RAM2019_MES_VSMC,mesenchymal_hsc_myofibroblast,18,0.007223942208462332,0.9784021597840216,0.994985247237988
GSE244832,disease_group_plus_qc,singscore,RAM2019_ENDO_7_SAENDO2,endothelial,RAM2019_SAMES_A,mesenchymal_hsc_myofibroblast,18,0.04850361197110423,0.8538146185381462,0.9392574256087904
GSE244832,disease_group_plus_qc,singscore,RAM2019_ENDO_7_SAENDO2,endothelial,RAM2019_SAMES_B,mesenchymal_hsc_myofibroblast,18,0.32507739938080493,0.18748125187481252,0.5471452854714529
GSE244832,disease_group_plus_qc,singscore,RAM2019_MAC_SIG_A_SAM,macrophage_monocyte,RAM2019_MES_HSC,mesenchymal_hsc_myofibroblast,17,0.4068627450980392,0.10928907109289071,0.48572920485729204
GSE244832,disease_group_plus_qc,singscore,RAM2019_MAC_SIG_A_SAM,macrophage_monocyte,RAM2019_MES_MESOTHELIAL,mesenchymal_hsc_myofibroblast,17,0.2573529411764706,0.32296770322967705,0.6751705781802771
GSE244832,disease_group_plus_qc,singscore,RAM2019_MAC_SIG_A_SAM,macrophage_monocyte,RAM2019_MES_SAMES,mesenchymal_hsc_myofibroblast,17,0.25000000000000006,0.33696630336966304,0.6751705781802771
GSE244832,disease_group_plus_qc,singscore,RAM2019_MAC_SIG_A_SAM,macrophage_monocyte,RAM2019_MES_VSMC,mesenchymal_hsc_myofibroblast,17,-0.10294117647058824,0.7021297870212979,0.858580808585808
GSE244832,disease_group_plus_qc,singscore,RAM2019_MAC_SIG_A_SAM,macrophage_monocyte,RAM2019_SAMES_A,mesenchymal_hsc_myofibroblast,17,0.11519607843137256,0.6643335666433356,0.8407909209079092
GSE244832,disease_group_plus_qc,singscore,RAM2019_MAC_SIG_A_SAM,macrophage_monocyte,RAM2019_SAMES_B,mesenchymal_hsc_myofibroblast,17,0.5294117647058825,0.0282971702829717,0.321967803219678
GSE244832,disease_group_plus_qc,singscore,RAM2019_MAC_SIG_B_SAM,macrophage_monocyte,RAM2019_MES_HSC,mesenchymal_hsc_myofibroblast,17,0.014705882352941176,0.956004399560044,0.984106717533375
GSE244832,disease_group_plus_qc,singscore,RAM2019_MAC_SIG_B_SAM,macrophage_monocyte,RAM2019_MES_MESOTHELIAL,mesenchymal_hsc_myofibroblast,17,0.6151960784313726,0.009999000099990002,0.321967803219678
GSE244832,disease_group_plus_qc,singscore,RAM2019_MAC_SIG_B_SAM,macrophage_monocyte,RAM2019_MES_SAMES,mesenchymal_hsc_myofibroblast,17,0.35294117647058826,0.16648335166483352,0.5471452854714529
GSE244832,disease_group_plus_qc,singscore,RAM2019_MAC_SIG_B_SAM,macrophage_monocyte,RAM2019_MES_VSMC,mesenchymal_hsc_myofibroblast,17,0.18872549019607845,0.4664533546645335,0.7454444428974825
GSE244832,disease_group_plus_qc,singscore,RAM2019_MAC_SIG_B_SAM,macrophage_monocyte,RAM2019_SAMES_A,mesenchymal_hsc_myofibroblast,17,0.17401960784313728,0.5036496350364964,0.7554744525547445
GSE244832,disease_group_plus_qc,singscore,RAM2019_MAC_SIG_B_SAM,macrophage_monocyte,RAM2019_SAMES_B,mesenchymal_hsc_myofibroblast,17,0.5073529411764706,0.0433956604339566,0.321967803219678
GSE244832,disease_group_plus_qc,singscore,RAM2019_MAC_SIG_C_KC,macrophage_monocyte,RAM2019_MES_HSC,mesenchymal_hsc_myofibroblast,17,0.02696078431372549,0.9219078092190781,0.9619907574459945
GSE244832,disease_group_plus_qc,singscore,RAM2019_MAC_SIG_C_KC,macrophage_monocyte,RAM2019_MES_MESOTHELIAL,mesenchymal_hsc_myofibroblast,17,0.32352941176470595,0.2014798520147985,0.5471452854714529
GSE244832,disease_group_plus_qc,singscore,RAM2019_MAC_SIG_C_KC,macrophage_monocyte,RAM2019_MES_SAMES,mesenchymal_hsc_myofibroblast,17,0.18137254901960786,0.4831516848315168,0.7454444428974825
GSE244832,disease_group_plus_qc,singscore,RAM2019_MAC_SIG_C_KC,macrophage_monocyte,RAM2019_MES_VSMC,mesenchymal_hsc_myofibroblast,17,0.22549019607843138,0.38136186381361864,0.7040526716559113
GSE244832,disease_group_plus_qc,singscore,RAM2019_MAC_SIG_C_KC,macrophage_monocyte,RAM2019_SAMES_A,mesenchymal_hsc_myofibroblast,17,0.13480392156862747,0.6041395860413958,0.7982498453451358
GSE244832,disease_group_plus_qc,singscore,RAM2019_MAC_SIG_C_KC,macrophage_monocyte,RAM2019_SAMES_B,mesenchymal_hsc_myofibroblast,17,0.06862745098039216,0.7912208779122087,0.9142162706806243
GSE244832,disease_group_plus_qc,singscore,RAM2019_MAC_SIG_D_TMO,macrophage_monocyte,RAM2019_MES_HSC,mesenchymal_hsc_myofibroblast,17,-0.002450980392156863,0.9952004799520048,0.9968003199680032
GSE244832,disease_group_plus_qc,singscore,RAM2019_MAC_SIG_D_TMO,macrophage_monocyte,RAM2019_MES_MESOTHELIAL,mesenchymal_hsc_myofibroblast,17,0.29901960784313725,0.23507649235076492,0.6001952996189742
GSE244832,disease_group_plus_qc,singscore,RAM2019_MAC_SIG_D_TMO,macrophage_monocyte,RAM2019_MES_SAMES,mesenchymal_hsc_myofibroblast,17,-0.1985294117647059,0.4393560643935606,0.7444325989936217
GSE244832,disease_group_plus_qc,singscore,RAM2019_MAC_SIG_D_TMO,macrophage_monocyte,RAM2019_MES_VSMC,mesenchymal_hsc_myofibroblast,17,0.37254901960784315,0.1456854314568543,0.5463203679632036
GSE244832,disease_group_plus_qc,singscore,RAM2019_MAC_SIG_D_TMO,macrophage_monocyte,RAM2019_SAMES_A,mesenchymal_hsc_myofibroblast,17,-0.04656862745098039,0.8614138586141386,0.9392574256087904
GSE244832,disease_group_plus_qc,singscore,RAM2019_MAC_SIG_D_TMO,macrophage_monocyte,RAM2019_SAMES_B,mesenchymal_hsc_myofibroblast,17,-0.10049019607843139,0.7016298370162983,0.858580808585808
GSE244832,disease_group_plus_qc,singscore,RAM2019_MAC_SIG_E_TMO,macrophage_monocyte,RAM2019_MES_HSC,mesenchymal_hsc_myofibroblast,17,-0.04411764705882353,0.8688131186881312,0.9392574256087904
GSE244832,disease_group_plus_qc,singscore,RAM2019_MAC_SIG_E_TMO,macrophage_monocyte,RAM2019_MES_MESOTHELIAL,mesenchymal_hsc_myofibroblast,17,0.5245098039215687,0.031796820317968204,0.321967803219678
GSE244832,disease_group_plus_qc,singscore,RAM2019_MAC_SIG_E_TMO,macrophage_monocyte,RAM2019_MES_SAMES,mesenchymal_hsc_myofibroblast,17,0.21813725490196081,0.40055994400559947,0.7144579659681092
GSE244832,disease_group_plus_qc,singscore,RAM2019_MAC_SIG_E_TMO,macrophage_monocyte,RAM2019_MES_VSMC,mesenchymal_hsc_myofibroblast,17,0.32843137254901966,0.20067993200679932,0.5471452854714529
GSE244832,disease_group_plus_qc,singscore,RAM2019_MAC_SIG_E_TMO,macrophage_monocyte,RAM2019_SAMES_A,mesenchymal_hsc_myofibroblast,17,0.31127450980392163,0.22317768223177684,0.5822026493002873
GSE244832,disease_group_plus_qc,singscore,RAM2019_MAC_SIG_E_TMO,macrophage_monocyte,RAM2019_SAMES_B,mesenchymal_hsc_myofibroblast,17,0.24264705882352944,0.35066493350664935,0.6751705781802771
GSE244832,disease_group_plus_qc,singscore,RAM2019_MAC_SIG_F_CDC1,macrophage_monocyte,RAM2019_MES_HSC,mesenchymal_hsc_myofibroblast,17,0.18137254901960786,0.47365263473652636,0.7454444428974825
GSE244832,disease_group_plus_qc,singscore,RAM2019_MAC_SIG_F_CDC1,macrophage_monocyte,RAM2019_MES_MESOTHELIAL,mesenchymal_hsc_myofibroblast,17,0.573529411764706,0.0174982501749825,0.321967803219678
GSE244832,disease_group_plus_qc,singscore,RAM2019_MAC_SIG_F_CDC1,macrophage_monocyte,RAM2019_MES_SAMES,mesenchymal_hsc_myofibroblast,17,0.4338235294117647,0.08289171082891711,0.40267973202679735
GSE244832,disease_group_plus_qc,singscore,RAM2019_MAC_SIG_F_CDC1,macrophage_monocyte,RAM2019_MES_VSMC,mesenchymal_hsc_myofibroblast,17,0.2843137254901961,0.27147285271472854,0.6751705781802771
GSE244832,disease_group_plus_qc,singscore,RAM2019_MAC_SIG_F_CDC1,macrophage_monocyte,RAM2019_SAMES_A,mesenchymal_hsc_myofibroblast,17,0.21813725490196081,0.40035996400359963,0.7144579659681092
GSE244832,disease_group_plus_qc,singscore,RAM2019_MAC_SIG_F_CDC1,macrophage_monocyte,RAM2019_SAMES_B,mesenchymal_hsc_myofibroblast,17,0.5049019607843138,0.0392960703929607,0.321967803219678
GSE244832,disease_group_plus_qc,standardized_mean,RAM2019_ENDO_1,endothelial,RAM2019_MAC_SIG_A_SAM,macrophage_monocyte,17,-0.39460784313725494,0.11288871112888711,0.43698855920859525
GSE244832,disease_group_plus_qc,standardized_mean,RAM2019_ENDO_1,endothelial,RAM2019_MAC_SIG_B_SAM,macrophage_monocyte,17,-0.09313725490196079,0.7172282771722828,0.859042808590428
GSE244832,disease_group_plus_qc,standardized_mean,RAM2019_ENDO_1,endothelial,RAM2019_MAC_SIG_C_KC,macrophage_monocyte,17,0.28921568627450983,0.2582741725827417,0.5500502581320815
GSE244832,disease_group_plus_qc,standardized_mean,RAM2019_ENDO_1,endothelial,RAM2019_MAC_SIG_D_TMO,macrophage_monocyte,17,0.4852941176470589,0.049795020497950204,0.38450700384507003
GSE244832,disease_group_plus_qc,standardized_mean,RAM2019_ENDO_1,endothelial,RAM2019_MAC_SIG_E_TMO,macrophage_monocyte,17,0.15441176470588236,0.5452454754524547,0.735126487351265
GSE244832,disease_group_plus_qc,standardized_mean,RAM2019_ENDO_1,endothelial,RAM2019_MAC_SIG_F_CDC1,macrophage_monocyte,17,-0.3357843137254902,0.18908109189081093,0.5050161650501617
GSE244832,disease_group_plus_qc,standardized_mean,RAM2019_ENDO_1,endothelial,RAM2019_MES_HSC,mesenchymal_hsc_myofibroblast,18,0.21775025799793604,0.39016098390160986,0.6544345565443455
GSE244832,disease_group_plus_qc,standardized_mean,RAM2019_ENDO_1,endothelial,RAM2019_MES_MESOTHELIAL,mesenchymal_hsc_myofibroblast,18,0.0196078431372549,0.941005899410059,0.9819191993844094
GSE244832,disease_group_plus_qc,standardized_mean,RAM2019_ENDO_1,endothelial,RAM2019_MES_SAMES,mesenchymal_hsc_myofibroblast,18,0.1496388028895769,0.5513448655134486,0.735126487351265
GSE244832,disease_group_plus_qc,standardized_mean,RAM2019_ENDO_1,endothelial,RAM2019_MES_VSMC,mesenchymal_hsc_myofibroblast,18,-0.11661506707946334,0.6458354164583542,0.8157921050000263
GSE244832,disease_group_plus_qc,standardized_mean,RAM2019_ENDO_1,endothelial,RAM2019_SAMES_A,mesenchymal_hsc_myofibroblast,18,0.6842105263157895,0.0020997900209979003,0.251974802519748
GSE244832,disease_group_plus_qc,standardized_mean,RAM2019_ENDO_1,endothelial,RAM2019_SAMES_B,mesenchymal_hsc_myofibroblast,18,-0.007223942208462332,0.9803019698030196,0.9915647090753109
GSE244832,disease_group_plus_qc,standardized_mean,RAM2019_ENDO_2,endothelial,RAM2019_MAC_SIG_A_SAM,macrophage_monocyte,17,0.303921568627451,0.23577642235776422,0.5500502581320815
GSE244832,disease_group_plus_qc,standardized_mean,RAM2019_ENDO_2,endothelial,RAM2019_MAC_SIG_B_SAM,macrophage_monocyte,17,0.2843137254901961,0.2612738726127387,0.5500502581320815
GSE244832,disease_group_plus_qc,standardized_mean,RAM2019_ENDO_2,endothelial,RAM2019_MAC_SIG_C_KC,macrophage_monocyte,17,-0.14950980392156862,0.5645435456454354,0.7428822335157789
GSE244832,disease_group_plus_qc,standardized_mean,RAM2019_ENDO_2,endothelial,RAM2019_MAC_SIG_D_TMO,macrophage_monocyte,17,-0.303921568627451,0.24717528247175283,0.5500502581320815
GSE244832,disease_group_plus_qc,standardized_mean,RAM2019_ENDO_2,endothelial,RAM2019_MAC_SIG_E_TMO,macrophage_monocyte,17,0.19117647058823534,0.46155384461553844,0.6851166735178335
GSE244832,disease_group_plus_qc,standardized_mean,RAM2019_ENDO_2,endothelial,RAM2019_MAC_SIG_F_CDC1,macrophage_monocyte,17,0.2058823529411765,0.42455754424557546,0.6796243452577819
GSE244832,disease_group_plus_qc,standardized_mean,RAM2019_ENDO_2,endothelial,RAM2019_MES_HSC,mesenchymal_hsc_myofibroblast,18,-0.46955624355005166,0.0504949505049495,0.38450700384507003
GSE244832,disease_group_plus_qc,standardized_mean,RAM2019_ENDO_2,endothelial,RAM2019_MES_MESOTHELIAL,mesenchymal_hsc_myofibroblast,18,0.16202270381836945,0.5158484151584841,0.7115150553910127
GSE244832,disease_group_plus_qc,standardized_mean,RAM2019_ENDO_2,endothelial,RAM2019_MES_SAMES,mesenchymal_hsc_myofibroblast,18,0.24871001031991744,0.32326767323267674,0.5884784655862771
GSE244832,disease_group_plus_qc,standardized_mean,RAM2019_ENDO_2,endothelial,RAM2019_MES_VSMC,mesenchymal_hsc_myofibroblast,18,0.24664602683178533,0.31916808319168083,0.5884784655862771
GSE244832,disease_group_plus_qc,standardized_mean,RAM2019_ENDO_2,endothelial,RAM2019_SAMES_A,mesenchymal_hsc_myofibroblast,18,-0.24664602683178533,0.31896810318968105,0.5884784655862771
GSE244832,disease_group_plus_qc,standardized_mean,RAM2019_ENDO_2,endothelial,RAM2019_SAMES_B,mesenchymal_hsc_myofibroblast,18,0.16821465428276572,0.5086491350864913,0.7115150553910127
GSE244832,disease_group_plus_qc,standardized_mean,RAM2019_ENDO_3,endothelial,RAM2019_MAC_SIG_A_SAM,macrophage_monocyte,17,0.13725490196078433,0.6003399660033997,0.7663914459617868
GSE244832,disease_group_plus_qc,standardized_mean,RAM2019_ENDO_3,endothelial,RAM2019_MAC_SIG_B_SAM,macrophage_monocyte,17,0.502450980392157,0.04329567043295671,0.38450700384507003
GSE244832,disease_group_plus_qc,standardized_mean,RAM2019_ENDO_3,endothelial,RAM2019_MAC_SIG_C_KC,macrophage_monocyte,17,0.10294117647058824,0.7021297870212979,0.8554296085542961
GSE244832,disease_group_plus_qc,standardized_mean,RAM2019_ENDO_3,endothelial,RAM2019_MAC_SIG_D_TMO,macrophage_monocyte,17,0.30637254901960786,0.23007699230076992,0.5500502581320815
GSE244832,disease_group_plus_qc,standardized_mean,RAM2019_ENDO_3,endothelial,RAM2019_MAC_SIG_E_TMO,macrophage_monocyte,17,0.5171568627450981,0.034996500349965,0.38450700384507003
GSE244832,disease_group_plus_qc,standardized_mean,RAM2019_ENDO_3,endothelial,RAM2019_MAC_SIG_F_CDC1,macrophage_monocyte,17,0.26715686274509803,0.298970102989701,0.5884784655862771
GSE244832,disease_group_plus_qc,standardized_mean,RAM2019_ENDO_3,endothelial,RAM2019_MES_HSC,mesenchymal_hsc_myofibroblast,18,-0.4901960784313726,0.04129587041295871,0.38450700384507003
GSE244832,disease_group_plus_qc,standardized_mean,RAM2019_ENDO_3,endothelial,RAM2019_MES_MESOTHELIAL,mesenchymal_hsc_myofibroblast,18,0.37048503611971106,0.1282871712828717,0.44995500449955
GSE244832,disease_group_plus_qc,standardized_mean,RAM2019_ENDO_3,endothelial,RAM2019_MES_SAMES,mesenchymal_hsc_myofibroblast,18,0.32301341589267285,0.18938106189381063,0.5050161650501617
GSE244832,disease_group_plus_qc,standardized_mean,RAM2019_ENDO_3,endothelial,RAM2019_MES_VSMC,mesenchymal_hsc_myofibroblast,18,0.06707946336429307,0.7949205079492051,0.9169368777407974
GSE244832,disease_group_plus_qc,standardized_mean,RAM2019_ENDO_3,endothelial,RAM2019_SAMES_A,mesenchymal_hsc_myofibroblast,18,-0.003095975232198142,0.9929007099290071,0.9929007099290071
GSE244832,disease_group_plus_qc,standardized_mean,RAM2019_ENDO_3,endothelial,RAM2019_SAMES_B,mesenchymal_hsc_myofibroblast,18,0.4117647058823529,0.0877912208779122,0.40519025020574867
GSE244832,disease_group_plus_qc,standardized_mean,RAM2019_ENDO_4,endothelial,RAM2019_MAC_SIG_A_SAM,macrophage_monocyte,17,0.02696078431372549,0.9193080691930807,0.9752708939632353
GSE244832,disease_group_plus_qc,standardized_mean,RAM2019_ENDO_4,endothelial,RAM2019_MAC_SIG_B_SAM,macrophage_monocyte,17,0.3823529411764707,0.1321867813218678,0.44995500449955
GSE244832,disease_group_plus_qc,standardized_mean,RAM2019_ENDO_4,endothelial,RAM2019_MAC_SIG_C_KC,macrophage_monocyte,17,0.5147058823529412,0.037696230376962306,0.38450700384507003
GSE244832,disease_group_plus_qc,standardized_mean,RAM2019_ENDO_4,endothelial,RAM2019_MAC_SIG_D_TMO,macrophage_monocyte,17,0.4558823529411765,0.0598940105989401,0.38450700384507003
GSE244832,disease_group_plus_qc,standardized_mean,RAM2019_ENDO_4,endothelial,RAM2019_MAC_SIG_E_TMO,macrophage_monocyte,17,0.3504901960784314,0.1690830916908309,0.5050161650501617
GSE244832,disease_group_plus_qc,standardized_mean,RAM2019_ENDO_4,endothelial,RAM2019_MAC_SIG_F_CDC1,macrophage_monocyte,17,0.18627450980392157,0.47185281471852814,0.6905163142222362
GSE244832,disease_group_plus_qc,standardized_mean,RAM2019_ENDO_4,endothelial,RAM2019_MES_HSC,mesenchymal_hsc_myofibroblast,18,-0.2672858617131063,0.27757224277572246,0.5645537141201135
GSE244832,disease_group_plus_qc,standardized_mean,RAM2019_ENDO_4,endothelial,RAM2019_MES_MESOTHELIAL,mesenchymal_hsc_myofibroblast,18,0.43859649122807015,0.0704929507049295,0.38450700384507003
GSE244832,disease_group_plus_qc,standardized_mean,RAM2019_ENDO_4,endothelial,RAM2019_MES_SAMES,mesenchymal_hsc_myofibroblast,18,0.3353973168214654,0.1723827617238276,0.5050161650501617
GSE244832,disease_group_plus_qc,standardized_mean,RAM2019_ENDO_4,endothelial,RAM2019_MES_VSMC,mesenchymal_hsc_myofibroblast,18,0.2053663570691434,0.42175782421757824,0.6796243452577819
GSE244832,disease_group_plus_qc,standardized_mean,RAM2019_ENDO_4,endothelial,RAM2019_SAMES_A,mesenchymal_hsc_myofibroblast,18,0.1929824561403509,0.44145585441455854,0.6796243452577819
GSE244832,disease_group_plus_qc,standardized_mean,RAM2019_ENDO_4,endothelial,RAM2019_SAMES_B,mesenchymal_hsc_myofibroblast,18,0.3312693498452013,0.18098190180981902,0.5050161650501617
GSE244832,disease_group_plus_qc,standardized_mean,RAM2019_ENDO_5,endothelial,RAM2019_MAC_SIG_A_SAM,macrophage_monocyte,17,0.30147058823529416,0.23417658234176583,0.5500502581320815
GSE244832,disease_group_plus_qc,standardized_mean,RAM2019_ENDO_5,endothelial,RAM2019_MAC_SIG_B_SAM,macrophage_monocyte,17,0.5710784313725491,0.016298370162983702,0.38450700384507003
GSE244832,disease_group_plus_qc,standardized_mean,RAM2019_ENDO_5,endothelial,RAM2019_MAC_SIG_C_KC,macrophage_monocyte,17,0.14705882352941177,0.5695430456954305,0.7428822335157789
GSE244832,disease_group_plus_qc,standardized_mean,RAM2019_ENDO_5,endothelial,RAM2019_MAC_SIG_D_TMO,macrophage_monocyte,17,-0.16911764705882354,0.5143485651434857,0.7115150553910127
GSE244832,disease_group_plus_qc,standardized_mean,RAM2019_ENDO_5,endothelial,RAM2019_MAC_SIG_E_TMO,macrophage_monocyte,17,0.30147058823529416,0.24347565243475652,0.5500502581320815
GSE244832,disease_group_plus_qc,standardized_mean,RAM2019_ENDO_5,endothelial,RAM2019_MAC_SIG_F_CDC1,macrophage_monocyte,17,0.465686274509804,0.0580941905809419,0.38450700384507003
GSE244832,disease_group_plus_qc,standardized_mean,RAM2019_ENDO_5,endothelial,RAM2019_MES_HSC,mesenchymal_hsc_myofibroblast,18,-0.5727554179566564,0.013898610138986101,0.38450700384507003
GSE244832,disease_group_plus_qc,standardized_mean,RAM2019_ENDO_5,endothelial,RAM2019_MES_MESOTHELIAL,mesenchymal_hsc_myofibroblast,18,0.5232198142414861,0.029997000299970003,0.38450700384507003
GSE244832,disease_group_plus_qc,standardized_mean,RAM2019_ENDO_5,endothelial,RAM2019_MES_SAMES,mesenchymal_hsc_myofibroblast,18,0.16615067079463364,0.5126487351264873,0.7115150553910127
GSE244832,disease_group_plus_qc,standardized_mean,RAM2019_ENDO_5,endothelial,RAM2019_MES_VSMC,mesenchymal_hsc_myofibroblast,18,0.4757481940144479,0.047295270472952705,0.38450700384507003
GSE244832,disease_group_plus_qc,standardized_mean,RAM2019_ENDO_5,endothelial,RAM2019_SAMES_A,mesenchymal_hsc_myofibroblast,18,-0.5521155830753354,0.019098090190980903,0.38450700384507003
GSE244832,disease_group_plus_qc,standardized_mean,RAM2019_ENDO_5,endothelial,RAM2019_SAMES_B,mesenchymal_hsc_myofibroblast,18,0.37254901960784315,0.1272872712728727,0.44995500449955
GSE244832,disease_group_plus_qc,standardized_mean,RAM2019_ENDO_6_SAENDO1,endothelial,RAM2019_MAC_SIG_A_SAM,macrophage_monocyte,17,0.4558823529411765,0.062493750624937505,0.38450700384507003
GSE244832,disease_group_plus_qc,standardized_mean,RAM2019_ENDO_6_SAENDO1,endothelial,RAM2019_MAC_SIG_B_SAM,macrophage_monocyte,17,0.3186274509803922,0.21007899210078992,0.5432648224539248
GSE244832,disease_group_plus_qc,standardized_mean,RAM2019_ENDO_6_SAENDO1,endothelial,RAM2019_MAC_SIG_C_KC,macrophage_monocyte,17,-0.19117647058823534,0.45525447455254475,0.6851166735178335
GSE244832,disease_group_plus_qc,standardized_mean,RAM2019_ENDO_6_SAENDO1,endothelial,RAM2019_MAC_SIG_D_TMO,macrophage_monocyte,17,-0.2524509803921569,0.32856714328567144,0.5884784655862771
GSE244832,disease_group_plus_qc,standardized_mean,RAM2019_ENDO_6_SAENDO1,endothelial,RAM2019_MAC_SIG_E_TMO,macrophage_monocyte,17,0.06127450980392158,0.817918208179182,0.9251411307467384
GSE244832,disease_group_plus_qc,standardized_mean,RAM2019_ENDO_6_SAENDO1,endothelial,RAM2019_MAC_SIG_F_CDC1,macrophage_monocyte,17,0.43627450980392163,0.0846915308469153,0.40519025020574867
GSE244832,disease_group_plus_qc,standardized_mean,RAM2019_ENDO_6_SAENDO1,endothelial,RAM2019_MES_HSC,mesenchymal_hsc_myofibroblast,18,-0.2507739938080495,0.3153684631536846,0.5884784655862771
GSE244832,disease_group_plus_qc,standardized_mean,RAM2019_ENDO_6_SAENDO1,endothelial,RAM2019_MES_MESOTHELIAL,mesenchymal_hsc_myofibroblast,18,0.281733746130031,0.2501749825017498,0.5500502581320815
GSE244832,disease_group_plus_qc,standardized_mean,RAM2019_ENDO_6_SAENDO1,endothelial,RAM2019_MES_SAMES,mesenchymal_hsc_myofibroblast,18,-0.023735810113519093,0.9265073492650735,0.9752708939632353
GSE244832,disease_group_plus_qc,standardized_mean,RAM2019_ENDO_6_SAENDO1,endothelial,RAM2019_MES_VSMC,mesenchymal_hsc_myofibroblast,18,0.37254901960784315,0.1341865813418658,0.44995500449955
GSE244832,disease_group_plus_qc,standardized_mean,RAM2019_ENDO_6_SAENDO1,endothelial,RAM2019_SAMES_A,mesenchymal_hsc_myofibroblast,18,-0.5479876160990712,0.019998000199980003,0.38450700384507003
GSE244832,disease_group_plus_qc,standardized_mean,RAM2019_ENDO_6_SAENDO1,endothelial,RAM2019_SAMES_B,mesenchymal_hsc_myofibroblast,18,0.24458204334365324,0.32656734326567344,0.5884784655862771
GSE244832,disease_group_plus_qc,standardized_mean,RAM2019_ENDO_7_SAENDO2,endothelial,RAM2019_MAC_SIG_A_SAM,macrophage_monocyte,17,0.03186274509803922,0.9055094490550945,0.9752708939632353
GSE244832,disease_group_plus_qc,standardized_mean,RAM2019_ENDO_7_SAENDO2,endothelial,RAM2019_MAC_SIG_B_SAM,macrophage_monocyte,17,0.5000000000000001,0.0403959604039596,0.38450700384507003
GSE244832,disease_group_plus_qc,standardized_mean,RAM2019_ENDO_7_SAENDO2,endothelial,RAM2019_MAC_SIG_C_KC,macrophage_monocyte,17,0.411764705882353,0.10018998100189981,0.41457923173199923
GSE244832,disease_group_plus_qc,standardized_mean,RAM2019_ENDO_7_SAENDO2,endothelial,RAM2019_MAC_SIG_D_TMO,macrophage_monocyte,17,-0.41666666666666674,0.09709029097090291,0.41457923173199923
GSE244832,disease_group_plus_qc,standardized_mean,RAM2019_ENDO_7_SAENDO2,endothelial,RAM2019_MAC_SIG_E_TMO,macrophage_monocyte,17,-0.007352941176470588,0.9816018398160185,0.9915647090753109
GSE244832,disease_group_plus_qc,standardized_mean,RAM2019_ENDO_7_SAENDO2,endothelial,RAM2019_MAC_SIG_F_CDC1,macrophage_monocyte,17,0.2916666666666667,0.2565743425657434,0.5500502581320815
GSE244832,disease_group_plus_qc,standardized_mean,RAM2019_ENDO_7_SAENDO2,endothelial,RAM2019_MES_HSC,mesenchymal_hsc_myofibroblast,18,-0.11248710010319916,0.659034096590341,0.8237926207379261
GSE244832,disease_group_plus_qc,standardized_mean,RAM2019_ENDO_7_SAENDO2,endothelial,RAM2019_MES_MESOTHELIAL,mesenchymal_hsc_myofibroblast,18,0.43859649122807015,0.06979302069793021,0.38450700384507003
GSE244832,disease_group_plus_qc,standardized_mean,RAM2019_ENDO_7_SAENDO2,endothelial,RAM2019_MES_SAMES,mesenchymal_hsc_myofibroblast,18,0.36429308565531476,0.1424857514248575,0.44995500449955
GSE244832,disease_group_plus_qc,standardized_mean,RAM2019_ENDO_7_SAENDO2,endothelial,RAM2019_MES_VSMC,mesenchymal_hsc_myofibroblast,18,0.05675954592363261,0.8249175082491751,0.9251411307467384
GSE244832,disease_group_plus_qc,standardized_mean,RAM2019_ENDO_7_SAENDO2,endothelial,RAM2019_SAMES_A,mesenchymal_hsc_myofibroblast,18,-0.28586171310629516,0.25517448255174485,0.5500502581320815
GSE244832,disease_group_plus_qc,standardized_mean,RAM2019_ENDO_7_SAENDO2,endothelial,RAM2019_SAMES_B,mesenchymal_hsc_myofibroblast,18,0.19504643962848298,0.4296570342965703,0.6796243452577819
GSE244832,disease_group_plus_qc,standardized_mean,RAM2019_MAC_SIG_A_SAM,macrophage_monocyte,RAM2019_MES_HSC,mesenchymal_hsc_myofibroblast,17,0.06617647058823531,0.8023197680231977,0.9169368777407974
GSE244832,disease_group_plus_qc,standardized_mean,RAM2019_MAC_SIG_A_SAM,macrophage_monocyte,RAM2019_MES_MESOTHELIAL,mesenchymal_hsc_myofibroblast,17,-0.007352941176470588,0.9833016698330167,0.9915647090753109
GSE244832,disease_group_plus_qc,standardized_mean,RAM2019_MAC_SIG_A_SAM,macrophage_monocyte,RAM2019_MES_SAMES,mesenchymal_hsc_myofibroblast,17,0.2058823529411765,0.43345665433456654,0.6796243452577819
GSE244832,disease_group_plus_qc,standardized_mean,RAM2019_MAC_SIG_A_SAM,macrophage_monocyte,RAM2019_MES_VSMC,mesenchymal_hsc_myofibroblast,17,-0.16176470588235298,0.5372462753724627,0.7326085573260855
GSE244832,disease_group_plus_qc,standardized_mean,RAM2019_MAC_SIG_A_SAM,macrophage_monocyte,RAM2019_SAMES_A,mesenchymal_hsc_myofibroblast,17,-0.07598039215686275,0.7744225577442255,0.9046862304060856
GSE244832,disease_group_plus_qc,standardized_mean,RAM2019_MAC_SIG_A_SAM,macrophage_monocyte,RAM2019_SAMES_B,mesenchymal_hsc_myofibroblast,17,0.37009803921568635,0.14078592140785923,0.44995500449955
GSE244832,disease_group_plus_qc,standardized_mean,RAM2019_MAC_SIG_B_SAM,macrophage_monocyte,RAM2019_MES_HSC,mesenchymal_hsc_myofibroblast,17,-0.22794117647058826,0.3805619438056194,0.6544345565443455
GSE244832,disease_group_plus_qc,standardized_mean,RAM2019_MAC_SIG_B_SAM,macrophage_monocyte,RAM2019_MES_MESOTHELIAL,mesenchymal_hsc_myofibroblast,17,0.37500000000000006,0.1411858814118588,0.44995500449955
GSE244832,disease_group_plus_qc,standardized_mean,RAM2019_MAC_SIG_B_SAM,macrophage_monocyte,RAM2019_MES_SAMES,mesenchymal_hsc_myofibroblast,17,0.5465686274509804,0.025797420257974202,0.38450700384507003
GSE244832,disease_group_plus_qc,standardized_mean,RAM2019_MAC_SIG_B_SAM,macrophage_monocyte,RAM2019_MES_VSMC,mesenchymal_hsc_myofibroblast,17,0.22303921568627455,0.39266073392660733,0.6544345565443455
GSE244832,disease_group_plus_qc,standardized_mean,RAM2019_MAC_SIG_B_SAM,macrophage_monocyte,RAM2019_SAMES_A,mesenchymal_hsc_myofibroblast,17,0.22549019607843138,0.38266173382661733,0.6544345565443455
GSE244832,disease_group_plus_qc,standardized_mean,RAM2019_MAC_SIG_B_SAM,macrophage_monocyte,RAM2019_SAMES_B,mesenchymal_hsc_myofibroblast,17,0.40441176470588236,0.10738926107389261,0.42955704429557046
GSE244832,disease_group_plus_qc,standardized_mean,RAM2019_MAC_SIG_C_KC,macrophage_monocyte,RAM2019_MES_HSC,mesenchymal_hsc_myofibroblast,17,0.02450980392156863,0.9255074492550744,0.9752708939632353
GSE244832,disease_group_plus_qc,standardized_mean,RAM2019_MAC_SIG_C_KC,macrophage_monocyte,RAM2019_MES_MESOTHELIAL,mesenchymal_hsc_myofibroblast,17,0.16911764705882354,0.5131486851314868,0.7115150553910127
GSE244832,disease_group_plus_qc,standardized_mean,RAM2019_MAC_SIG_C_KC,macrophage_monocyte,RAM2019_MES_SAMES,mesenchymal_hsc_myofibroblast,17,0.22058823529411767,0.3845615438456154,0.6544345565443455
GSE244832,disease_group_plus_qc,standardized_mean,RAM2019_MAC_SIG_C_KC,macrophage_monocyte,RAM2019_MES_VSMC,mesenchymal_hsc_myofibroblast,17,0.07598039215686275,0.7765223477652234,0.9046862304060856
GSE244832,disease_group_plus_qc,standardized_mean,RAM2019_MAC_SIG_C_KC,macrophage_monocyte,RAM2019_SAMES_A,mesenchymal_hsc_myofibroblast,17,0.14215686274509806,0.5911408859114089,0.7627624334340759
GSE244832,disease_group_plus_qc,standardized_mean,RAM2019_MAC_SIG_C_KC,macrophage_monocyte,RAM2019_SAMES_B,mesenchymal_hsc_myofibroblast,17,-0.03186274509803922,0.9072092790720928,0.9752708939632353
GSE244832,disease_group_plus_qc,standardized_mean,RAM2019_MAC_SIG_D_TMO,macrophage_monocyte,RAM2019_MES_HSC,mesenchymal_hsc_myofibroblast,17,-0.014705882352941176,0.961003899610039,0.9915647090753109
GSE244832,disease_group_plus_qc,standardized_mean,RAM2019_MAC_SIG_D_TMO,macrophage_monocyte,RAM2019_MES_MESOTHELIAL,mesenchymal_hsc_myofibroblast,17,0.18627450980392157,0.4624537546245375,0.6851166735178335
GSE244832,disease_group_plus_qc,standardized_mean,RAM2019_MAC_SIG_D_TMO,macrophage_monocyte,RAM2019_MES_SAMES,mesenchymal_hsc_myofibroblast,17,0.10049019607843139,0.7057294270572942,0.8554296085542961
GSE244832,disease_group_plus_qc,standardized_mean,RAM2019_MAC_SIG_D_TMO,macrophage_monocyte,RAM2019_MES_VSMC,mesenchymal_hsc_myofibroblast,17,0.11274509803921569,0.6744325567443256,0.8343495547352482
GSE244832,disease_group_plus_qc,standardized_mean,RAM2019_MAC_SIG_D_TMO,macrophage_monocyte,RAM2019_SAMES_A,mesenchymal_hsc_myofibroblast,17,0.45098039215686275,0.0688931106889311,0.38450700384507003
GSE244832,disease_group_plus_qc,standardized_mean,RAM2019_MAC_SIG_D_TMO,macrophage_monocyte,RAM2019_SAMES_B,mesenchymal_hsc_myofibroblast,17,0.25490196078431376,0.3243675632436756,0.5884784655862771
GSE244832,disease_group_plus_qc,standardized_mean,RAM2019_MAC_SIG_E_TMO,macrophage_monocyte,RAM2019_MES_HSC,mesenchymal_hsc_myofibroblast,17,-0.46323529411764713,0.0570942905709429,0.38450700384507003
GSE244832,disease_group_plus_qc,standardized_mean,RAM2019_MAC_SIG_E_TMO,macrophage_monocyte,RAM2019_MES_MESOTHELIAL,mesenchymal_hsc_myofibroblast,17,0.4387254901960785,0.07999200079992001,0.3999600039996001
GSE244832,disease_group_plus_qc,standardized_mean,RAM2019_MAC_SIG_E_TMO,macrophage_monocyte,RAM2019_MES_SAMES,mesenchymal_hsc_myofibroblast,17,0.3186274509803922,0.21277872212778723,0.5432648224539248
GSE244832,disease_group_plus_qc,standardized_mean,RAM2019_MAC_SIG_E_TMO,macrophage_monocyte,RAM2019_MES_VSMC,mesenchymal_hsc_myofibroblast,17,0.44117647058823534,0.07639236076392361,0.3985688387682971
GSE244832,disease_group_plus_qc,standardized_mean,RAM2019_MAC_SIG_E_TMO,macrophage_monocyte,RAM2019_SAMES_A,mesenchymal_hsc_myofibroblast,17,0.34068627450980393,0.18188181181881813,0.5050161650501617
GSE244832,disease_group_plus_qc,standardized_mean,RAM2019_MAC_SIG_E_TMO,macrophage_monocyte,RAM2019_SAMES_B,mesenchymal_hsc_myofibroblast,17,0.34558823529411764,0.18318168183181682,0.5050161650501617
GSE244832,disease_group_plus_qc,standardized_mean,RAM2019_MAC_SIG_F_CDC1,macrophage_monocyte,RAM2019_MES_HSC,mesenchymal_hsc_myofibroblast,17,-0.02450980392156863,0.9264073592640736,0.9752708939632353
GSE244832,disease_group_plus_qc,standardized_mean,RAM2019_MAC_SIG_F_CDC1,macrophage_monocyte,RAM2019_MES_MESOTHELIAL,mesenchymal_hsc_myofibroblast,17,0.1985294117647059,0.44175582441755823,0.6796243452577819
GSE244832,disease_group_plus_qc,standardized_mean,RAM2019_MAC_SIG_F_CDC1,macrophage_monocyte,RAM2019_MES_SAMES,mesenchymal_hsc_myofibroblast,17,0.28186274509803927,0.2715728427157284,0.5618748469980588
GSE244832,disease_group_plus_qc,standardized_mean,RAM2019_MAC_SIG_F_CDC1,macrophage_monocyte,RAM2019_MES_VSMC,mesenchymal_hsc_myofibroblast,17,-0.03186274509803922,0.9052094790520948,0.9752708939632353
GSE244832,disease_group_plus_qc,standardized_mean,RAM2019_MAC_SIG_F_CDC1,macrophage_monocyte,RAM2019_SAMES_A,mesenchymal_hsc_myofibroblast,17,-0.09558823529411767,0.7230276972302769,0.859042808590428
GSE244832,disease_group_plus_qc,standardized_mean,RAM2019_MAC_SIG_F_CDC1,macrophage_monocyte,RAM2019_SAMES_B,mesenchymal_hsc_myofibroblast,17,0.42156862745098045,0.09149085091490851,0.40662600406626
GSE244832,disease_group_only,singscore,RAM2019_ENDO_1,endothelial,RAM2019_MAC_SIG_A_SAM,macrophage_monocyte,17,-0.10784313725490197,0.6803504180481623,0.7926412637454319
GSE244832,disease_group_only,singscore,RAM2019_ENDO_1,endothelial,RAM2019_MAC_SIG_B_SAM,macrophage_monocyte,17,0.28921568627450983,0.2602032490665047,0.45252738968087775
GSE244832,disease_group_only,singscore,RAM2019_ENDO_1,endothelial,RAM2019_MAC_SIG_C_KC,macrophage_monocyte,17,0.7303921568627452,0.0008698653219673867,0.017397306439347737
GSE244832,disease_group_only,singscore,RAM2019_ENDO_1,endothelial,RAM2019_MAC_SIG_D_TMO,macrophage_monocyte,17,0.4607843137254902,0.06267762211132859,0.1979293329831429
GSE244832,disease_group_only,singscore,RAM2019_ENDO_1,endothelial,RAM2019_MAC_SIG_E_TMO,macrophage_monocyte,17,0.27941176470588236,0.2774303257912213,0.4755948442135222
GSE244832,disease_group_only,singscore,RAM2019_ENDO_1,endothelial,RAM2019_MAC_SIG_F_CDC1,macrophage_monocyte,17,0.08088235294117649,0.7576329086921563,0.8738998315953322
GSE244832,disease_group_only,singscore,RAM2019_ENDO_1,endothelial,RAM2019_MES_HSC,mesenchymal_hsc_myofibroblast,18,-0.021671826625386997,0.9319797351987382,0.947890881823222
GSE244832,disease_group_only,singscore,RAM2019_ENDO_1,endothelial,RAM2019_MES_MESOTHELIAL,mesenchymal_hsc_myofibroblast,18,0.06914344685242517,0.7851478708666942,0.8805396682617131
GSE244832,disease_group_only,singscore,RAM2019_ENDO_1,endothelial,RAM2019_MES_SAMES,mesenchymal_hsc_myofibroblast,18,0.2652218782249742,0.2874842429174512,0.47914040486241866
GSE244832,disease_group_only,singscore,RAM2019_ENDO_1,endothelial,RAM2019_MES_VSMC,mesenchymal_hsc_myofibroblast,18,0.05882352941176471,0.8166542035684891,0.8978065117963377
GSE244832,disease_group_only,singscore,RAM2019_ENDO_1,endothelial,RAM2019_SAMES_A,mesenchymal_hsc_myofibroblast,18,0.28586171310629516,0.25016959354548063,0.45252738968087775
GSE244832,disease_group_only,singscore,RAM2019_ENDO_1,endothelial,RAM2019_SAMES_B,mesenchymal_hsc_myofibroblast,18,-0.07533539731682146,0.7663922813478388,0.8738998315953322
GSE244832,disease_group_only,singscore,RAM2019_ENDO_2,endothelial,RAM2019_MAC_SIG_A_SAM,macrophage_monocyte,17,0.6838235294117648,0.0024702894922090123,0.02964347390650815
GSE244832,disease_group_only,singscore,RAM2019_ENDO_2,endothelial,RAM2019_MAC_SIG_B_SAM,macrophage_monocyte,17,0.25980392156862747,0.31391716151942517,0.5160282107168632
GSE244832,disease_group_only,singscore,RAM2019_ENDO_2,endothelial,RAM2019_MAC_SIG_C_KC,macrophage_monocyte,17,-0.21568627450980393,0.40574068863392776,0.5728103839537804
GSE244832,disease_group_only,singscore,RAM2019_ENDO_2,endothelial,RAM2019_MAC_SIG_D_TMO,macrophage_monocyte,17,-0.14460784313725492,0.5797547992794121,0.7246934990992652
GSE244832,disease_group_only,singscore,RAM2019_ENDO_2,endothelial,RAM2019_MAC_SIG_E_TMO,macrophage_monocyte,17,0.2034313725490196,0.4335552308263205,0.5912116783995279
GSE244832,disease_group_only,singscore,RAM2019_ENDO_2,endothelial,RAM2019_MAC_SIG_F_CDC1,macrophage_monocyte,17,0.42401960784313725,0.08984168497185577,0.2507209813168068
GSE244832,disease_group_only,singscore,RAM2019_ENDO_2,endothelial,RAM2019_MES_HSC,mesenchymal_hsc_myofibroblast,18,0.3828689370485036,0.11683232301276766,0.27529958024069967
GSE244832,disease_group_only,singscore,RAM2019_ENDO_2,endothelial,RAM2019_MES_MESOTHELIAL,mesenchymal_hsc_myofibroblast,18,0.5830753353973168,0.011092443619541665,0.07394962413027777
GSE244832,disease_group_only,singscore,RAM2019_ENDO_2,endothelial,RAM2019_MES_SAMES,mesenchymal_hsc_myofibroblast,18,0.39938080495356043,0.10060038374584017,0.2624357836848004
GSE244832,disease_group_only,singscore,RAM2019_ENDO_2,endothelial,RAM2019_MES_VSMC,mesenchymal_hsc_myofibroblast,18,0.2198142414860681,0.3807953913501375,0.5718501295878726
GSE244832,disease_group_only,singscore,RAM2019_ENDO_2,endothelial,RAM2019_SAMES_A,mesenchymal_hsc_myofibroblast,18,0.20123839009287925,0.42328766928815786,0.5906339571462668
GSE244832,disease_group_only,singscore,RAM2019_ENDO_2,endothelial,RAM2019_SAMES_B,mesenchymal_hsc_myofibroblast,18,0.5294117647058824,0.023858231279662807,0.11334969029280856
GSE244832,disease_group_only,singscore,RAM2019_ENDO_3,endothelial,RAM2019_MAC_SIG_A_SAM,macrophage_monocyte,17,0.4607843137254902,0.06267762211132859,0.1979293329831429
GSE244832,disease_group_only,singscore,RAM2019_ENDO_3,endothelial,RAM2019_MAC_SIG_B_SAM,macrophage_monocyte,17,0.8039215686274511,0.0001007394030010668,0.003022182090032004
GSE244832,disease_group_only,singscore,RAM2019_ENDO_3,endothelial,RAM2019_MAC_SIG_C_KC,macrophage_monocyte,17,0.44117647058823534,0.07627668292313648,0.22324882806771654
GSE244832,disease_group_only,singscore,RAM2019_ENDO_3,endothelial,RAM2019_MAC_SIG_D_TMO,macrophage_monocyte,17,0.05392156862745098,0.8371514461082935,0.9050285903873443
GSE244832,disease_group_only,singscore,RAM2019_ENDO_3,endothelial,RAM2019_MAC_SIG_E_TMO,macrophage_monocyte,17,0.3970588235294118,0.11454177561107586,0.27529958024069967
GSE244832,disease_group_only,singscore,RAM2019_ENDO_3,endothelial,RAM2019_MAC_SIG_F_CDC1,macrophage_monocyte,17,0.4436274509803922,0.07446849073261608,0.22324882806771654
GSE244832,disease_group_only,singscore,RAM2019_ENDO_3,endothelial,RAM2019_MES_HSC,mesenchymal_hsc_myofibroblast,18,0.23839009287925697,0.340779724454077,0.5380732491380164
GSE244832,disease_group_only,singscore,RAM2019_ENDO_3,endothelial,RAM2019_MES_MESOTHELIAL,mesenchymal_hsc_myofibroblast,18,0.6470588235294118,0.0037015338197611426,0.03701533819761143
GSE244832,disease_group_only,singscore,RAM2019_ENDO_3,endothelial,RAM2019_MES_SAMES,mesenchymal_hsc_myofibroblast,18,0.3684210526315789,0.13248715636055652,0.2890628866048506
GSE244832,disease_group_only,singscore,RAM2019_ENDO_3,endothelial,RAM2019_MES_VSMC,mesenchymal_hsc_myofibroblast,18,0.3353973168214654,0.17363506116754218,0.3531560566119502
GSE244832,disease_group_only,singscore,RAM2019_ENDO_3,endothelial,RAM2019_SAMES_A,mesenchymal_hsc_myofibroblast,18,0.21775025799793604,0.3853959643781133,0.5718501295878726
GSE244832,disease_group_only,singscore,RAM2019_ENDO_3,endothelial,RAM2019_SAMES_B,mesenchymal_hsc_myofibroblast,18,0.587203302373581,0.010402557727151924,0.07394962413027777
GSE244832,disease_group_only,singscore,RAM2019_ENDO_4,endothelial,RAM2019_MAC_SIG_A_SAM,macrophage_monocyte,17,0.04166666666666667,0.8738435327825247,0.927975433043389
GSE244832,disease_group_only,singscore,RAM2019_ENDO_4,endothelial,RAM2019_MAC_SIG_B_SAM,macrophage_monocyte,17,0.36764705882352944,0.14655429178401486,0.3140449109657461
GSE244832,disease_group_only,singscore,RAM2019_ENDO_4,endothelial,RAM2019_MAC_SIG_C_KC,macrophage_monocyte,17,0.5514705882352942,0.021746579686423562,0.11334969029280856
GSE244832,disease_group_only,singscore,RAM2019_ENDO_4,endothelial,RAM2019_MAC_SIG_D_TMO,macrophage_monocyte,17,0.18627450980392157,0.4740951399440866,0.6261318278346699
GSE244832,disease_group_only,singscore,RAM2019_ENDO_4,endothelial,RAM2019_MAC_SIG_E_TMO,macrophage_monocyte,17,0.28921568627450983,0.2602032490665047,0.45252738968087775
GSE244832,disease_group_only,singscore,RAM2019_ENDO_4,endothelial,RAM2019_MAC_SIG_F_CDC1,macrophage_monocyte,17,0.22303921568627455,0.38952287839679167,0.5718501295878726
GSE244832,disease_group_only,singscore,RAM2019_ENDO_4,endothelial,RAM2019_MES_HSC,mesenchymal_hsc_myofibroblast,18,-0.04437564499484004,0.8612061336731367,0.9227208575069322
GSE244832,disease_group_only,singscore,RAM2019_ENDO_4,endothelial,RAM2019_MES_MESOTHELIAL,mesenchymal_hsc_myofibroblast,18,0.29205366357069146,0.23960176390544208,0.4492533073227039
GSE244832,disease_group_only,singscore,RAM2019_ENDO_4,endothelial,RAM2019_MES_SAMES,mesenchymal_hsc_myofibroblast,18,0.21362229102167182,0.3946884572555506,0.5718501295878726
GSE244832,disease_group_only,singscore,RAM2019_ENDO_4,endothelial,RAM2019_MES_VSMC,mesenchymal_hsc_myofibroblast,18,0.281733746130031,0.2573753757323144,0.45252738968087775
GSE244832,disease_group_only,singscore,RAM2019_ENDO_4,endothelial,RAM2019_SAMES_A,mesenchymal_hsc_myofibroblast,18,0.05675954592363261,0.8229893024799763,0.8978065117963377
GSE244832,disease_group_only,singscore,RAM2019_ENDO_4,endothelial,RAM2019_SAMES_B,mesenchymal_hsc_myofibroblast,18,0.23013415892672856,0.35825371050744337,0.558317470920691
GSE244832,disease_group_only,singscore,RAM2019_ENDO_5,endothelial,RAM2019_MAC_SIG_A_SAM,macrophage_monocyte,17,0.32598039215686275,0.20163694355296383,0.3902650520379945
GSE244832,disease_group_only,singscore,RAM2019_ENDO_5,endothelial,RAM2019_MAC_SIG_B_SAM,macrophage_monocyte,17,0.18382352941176472,0.4800344013399136,0.6261318278346699
GSE244832,disease_group_only,singscore,RAM2019_ENDO_5,endothelial,RAM2019_MAC_SIG_C_KC,macrophage_monocyte,17,-0.38480392156862747,0.1272159953159875,0.28270221181330557
GSE244832,disease_group_only,singscore,RAM2019_ENDO_5,endothelial,RAM2019_MAC_SIG_D_TMO,macrophage_monocyte,17,-0.21813725490196081,0.4002950907115108,0.5718501295878726
GSE244832,disease_group_only,singscore,RAM2019_ENDO_5,endothelial,RAM2019_MAC_SIG_E_TMO,macrophage_monocyte,17,0.16421568627450983,0.5288225629141268,0.6750926335073959
GSE244832,disease_group_only,singscore,RAM2019_ENDO_5,endothelial,RAM2019_MAC_SIG_F_CDC1,macrophage_monocyte,17,0.2034313725490196,0.4335552308263205,0.5912116783995279
GSE244832,disease_group_only,singscore,RAM2019_ENDO_5,endothelial,RAM2019_MES_HSC,mesenchymal_hsc_myofibroblast,18,0.11455108359133126,0.6508342238705324,0.7656873222006263
GSE244832,disease_group_only,singscore,RAM2019_ENDO_5,endothelial,RAM2019_MES_MESOTHELIAL,mesenchymal_hsc_myofibroblast,18,0.5748194014447885,0.012581956389329619,0.0794649877220818
GSE244832,disease_group_only,singscore,RAM2019_ENDO_5,endothelial,RAM2019_MES_SAMES,mesenchymal_hsc_myofibroblast,18,0.17853457172342618,0.4784449329228029,0.6261318278346699
GSE244832,disease_group_only,singscore,RAM2019_ENDO_5,endothelial,RAM2019_MES_VSMC,mesenchymal_hsc_myofibroblast,18,0.5500515995872033,0.018027593361137465,0.10120437654066396
GSE244832,disease_group_only,singscore,RAM2019_ENDO_5,endothelial,RAM2019_SAMES_A,mesenchymal_hsc_myofibroblast,18,-0.034055727554179564,0.893282818838896,0.9402977040409431
GSE244832,disease_group_only,singscore,RAM2019_ENDO_5,endothelial,RAM2019_SAMES_B,mesenchymal_hsc_myofibroblast,18,0.5479876160990712,0.018554135699121725,0.10120437654066396
GSE244832,disease_group_only,singscore,RAM2019_ENDO_6_SAENDO1,endothelial,RAM2019_MAC_SIG_A_SAM,macrophage_monocyte,17,0.7009803921568628,0.0017194111989726393,0.025791167984589587
GSE244832,disease_group_only,singscore,RAM2019_ENDO_6_SAENDO1,endothelial,RAM2019_MAC_SIG_B_SAM,macrophage_monocyte,17,0.3921568627450981,0.11949978461381598,0.27576873372419075
GSE244832,disease_group_only,singscore,RAM2019_ENDO_6_SAENDO1,endothelial,RAM2019_MAC_SIG_C_KC,macrophage_monocyte,17,-0.13235294117647062,0.6125925983674196,0.7351111180409036
GSE244832,disease_group_only,singscore,RAM2019_ENDO_6_SAENDO1,endothelial,RAM2019_MAC_SIG_D_TMO,macrophage_monocyte,17,0.13235294117647062,0.6125925983674196,0.7351111180409036
GSE244832,disease_group_only,singscore,RAM2019_ENDO_6_SAENDO1,endothelial,RAM2019_MAC_SIG_E_TMO,macrophage_monocyte,17,0.41421568627450983,0.09833118794961312,0.26221650119896833
GSE244832,disease_group_only,singscore,RAM2019_ENDO_6_SAENDO1,endothelial,RAM2019_MAC_SIG_F_CDC1,macrophage_monocyte,17,0.43627450980392163,0.0799888724598653,0.22853963559961513
GSE244832,disease_group_only,singscore,RAM2019_ENDO_6_SAENDO1,endothelial,RAM2019_MES_HSC,mesenchymal_hsc_myofibroblast,18,0.5294117647058824,0.023858231279662807,0.11334969029280856
GSE244832,disease_group_only,singscore,RAM2019_ENDO_6_SAENDO1,endothelial,RAM2019_MES_MESOTHELIAL,mesenchymal_hsc_myofibroblast,18,0.4757481940144479,0.0459785720312123,0.1576408183927279
GSE244832,disease_group_only,singscore,RAM2019_ENDO_6_SAENDO1,endothelial,RAM2019_MES_SAMES,mesenchymal_hsc_myofibroblast,18,0.2425180598555212,0.3322310909053102,0.5315697454484963
GSE244832,disease_group_only,singscore,RAM2019_ENDO_6_SAENDO1,endothelial,RAM2019_MES_VSMC,mesenchymal_hsc_myofibroblast,18,0.1331269349845201,0.5984607651208833,0.7351111180409036
GSE244832,disease_group_only,singscore,RAM2019_ENDO_6_SAENDO1,endothelial,RAM2019_SAMES_A,mesenchymal_hsc_myofibroblast,18,0.347781217750258,0.15730765714242578,0.32785653099800527
GSE244832,disease_group_only,singscore,RAM2019_ENDO_6_SAENDO1,endothelial,RAM2019_SAMES_B,mesenchymal_hsc_myofibroblast,18,0.4943240454076367,0.03704404980744615,0.14339632183527543
GSE244832,disease_group_only,singscore,RAM2019_ENDO_7_SAENDO2,endothelial,RAM2019_MAC_SIG_A_SAM,macrophage_monocyte,17,0.5416666666666667,0.02471480173457982,0.11334969029280856
GSE244832,disease_group_only,singscore,RAM2019_ENDO_7_SAENDO2,endothelial,RAM2019_MAC_SIG_B_SAM,macrophage_monocyte,17,0.5392156862745099,0.025503680315881926,0.11334969029280856
GSE244832,disease_group_only,singscore,RAM2019_ENDO_7_SAENDO2,endothelial,RAM2019_MAC_SIG_C_KC,macrophage_monocyte,17,-0.01715686274509804,0.947890881823222,0.947890881823222
GSE244832,disease_group_only,singscore,RAM2019_ENDO_7_SAENDO2,endothelial,RAM2019_MAC_SIG_D_TMO,macrophage_monocyte,17,-0.39460784313725494,0.11700232160229736,0.27529958024069967
GSE244832,disease_group_only,singscore,RAM2019_ENDO_7_SAENDO2,endothelial,RAM2019_MAC_SIG_E_TMO,macrophage_monocyte,17,0.019607843137254905,0.9404583435037518,0.947890881823222
GSE244832,disease_group_only,singscore,RAM2019_ENDO_7_SAENDO2,endothelial,RAM2019_MAC_SIG_F_CDC1,macrophage_monocyte,17,0.32598039215686275,0.20163694355296383,0.3902650520379945
GSE244832,disease_group_only,singscore,RAM2019_ENDO_7_SAENDO2,endothelial,RAM2019_MES_HSC,mesenchymal_hsc_myofibroblast,18,0.4654282765737873,0.05160161200071702,0.1720053733357234
GSE244832,disease_group_only,singscore,RAM2019_ENDO_7_SAENDO2,endothelial,RAM2019_MES_MESOTHELIAL,mesenchymal_hsc_myofibroblast,18,0.8101135190918473,4.594554343625327e-05,0.0018378217374501306
GSE244832,disease_group_only,singscore,RAM2019_ENDO_7_SAENDO2,endothelial,RAM2019_MES_SAMES,mesenchymal_hsc_myofibroblast,18,0.8472652218782251,9.11494735308722e-06,0.0005468968411852333
GSE244832,disease_group_only,singscore,RAM2019_ENDO_7_SAENDO2,endothelial,RAM2019_MES_VSMC,mesenchymal_hsc_myofibroblast,18,-0.017543859649122806,0.9449151835129637,0.947890881823222
GSE244832,disease_group_only,singscore,RAM2019_ENDO_7_SAENDO2,endothelial,RAM2019_SAMES_A,mesenchymal_hsc_myofibroblast,18,0.6346749226006192,0.00466284274887114,0.041715834719669
GSE244832,disease_group_only,singscore,RAM2019_ENDO_7_SAENDO2,endothelial,RAM2019_SAMES_B,mesenchymal_hsc_myofibroblast,18,0.8555211558307534,6.005632918162668e-06,0.0005468968411852333
GSE244832,disease_group_only,singscore,RAM2019_MAC_SIG_A_SAM,macrophage_monocyte,RAM2019_MES_HSC,mesenchymal_hsc_myofibroblast,17,0.6446078431372549,0.005214479339958625,0.041715834719669
GSE244832,disease_group_only,singscore,RAM2019_MAC_SIG_A_SAM,macrophage_monocyte,RAM2019_MES_MESOTHELIAL,mesenchymal_hsc_myofibroblast,17,0.6936274509803922,0.002014143975899796,0.026855253011997277
GSE244832,disease_group_only,singscore,RAM2019_MAC_SIG_A_SAM,macrophage_monocyte,RAM2019_MES_SAMES,mesenchymal_hsc_myofibroblast,17,0.5759803921568628,0.01553176561917017,0.09319059371502102
GSE244832,disease_group_only,singscore,RAM2019_MAC_SIG_A_SAM,macrophage_monocyte,RAM2019_MES_VSMC,mesenchymal_hsc_myofibroblast,17,0.022058823529411766,0.9330304490530753,0.947890881823222
GSE244832,disease_group_only,singscore,RAM2019_MAC_SIG_A_SAM,macrophage_monocyte,RAM2019_SAMES_A,mesenchymal_hsc_myofibroblast,17,0.49019607843137264,0.04575998028099109,0.1576408183927279
GSE244832,disease_group_only,singscore,RAM2019_MAC_SIG_A_SAM,macrophage_monocyte,RAM2019_SAMES_B,mesenchymal_hsc_myofibroblast,17,0.7132352941176472,0.0013072517803378431,0.022410030520077312
GSE244832,disease_group_only,singscore,RAM2019_MAC_SIG_B_SAM,macrophage_monocyte,RAM2019_MES_HSC,mesenchymal_hsc_myofibroblast,17,0.5122549019607844,0.03552652411689097,0.1421060964675639
GSE244832,disease_group_only,singscore,RAM2019_MAC_SIG_B_SAM,macrophage_monocyte,RAM2019_MES_MESOTHELIAL,mesenchymal_hsc_myofibroblast,17,0.7647058823529413,0.00034961095004698486,0.008390662801127637
GSE244832,disease_group_only,singscore,RAM2019_MAC_SIG_B_SAM,macrophage_monocyte,RAM2019_MES_SAMES,mesenchymal_hsc_myofibroblast,17,0.6004901960784315,0.01080788975245045,0.07394962413027777
GSE244832,disease_group_only,singscore,RAM2019_MAC_SIG_B_SAM,macrophage_monocyte,RAM2019_MES_VSMC,mesenchymal_hsc_myofibroblast,17,0.29411764705882354,0.2518444167529261,0.45252738968087775
GSE244832,disease_group_only,singscore,RAM2019_MAC_SIG_B_SAM,macrophage_monocyte,RAM2019_SAMES_A,mesenchymal_hsc_myofibroblast,17,0.6715686274509804,0.003155730532110547,0.034426151259387784
GSE244832,disease_group_only,singscore,RAM2019_MAC_SIG_B_SAM,macrophage_monocyte,RAM2019_SAMES_B,mesenchymal_hsc_myofibroblast,17,0.6470588235294119,0.0049913959298703466,0.041715834719669
GSE244832,disease_group_only,singscore,RAM2019_MAC_SIG_C_KC,macrophage_monocyte,RAM2019_MES_HSC,mesenchymal_hsc_myofibroblast,17,0.32598039215686275,0.20163694355296383,0.3902650520379945
GSE244832,disease_group_only,singscore,RAM2019_MAC_SIG_C_KC,macrophage_monocyte,RAM2019_MES_MESOTHELIAL,mesenchymal_hsc_myofibroblast,17,0.27450980392156865,0.28629837865879204,0.47914040486241866
GSE244832,disease_group_only,singscore,RAM2019_MAC_SIG_C_KC,macrophage_monocyte,RAM2019_MES_SAMES,mesenchymal_hsc_myofibroblast,17,0.3970588235294118,0.11454177561107586,0.27529958024069967
GSE244832,disease_group_only,singscore,RAM2019_MAC_SIG_C_KC,macrophage_monocyte,RAM2019_MES_VSMC,mesenchymal_hsc_myofibroblast,17,0.022058823529411766,0.9330304490530753,0.947890881823222
GSE244832,disease_group_only,singscore,RAM2019_MAC_SIG_C_KC,macrophage_monocyte,RAM2019_SAMES_A,mesenchymal_hsc_myofibroblast,17,0.5122549019607844,0.03552652411689097,0.1421060964675639
GSE244832,disease_group_only,singscore,RAM2019_MAC_SIG_C_KC,macrophage_monocyte,RAM2019_SAMES_B,mesenchymal_hsc_myofibroblast,17,0.16421568627450983,0.5288225629141268,0.6750926335073959
GSE244832,disease_group_only,singscore,RAM2019_MAC_SIG_D_TMO,macrophage_monocyte,RAM2019_MES_HSC,mesenchymal_hsc_myofibroblast,17,0.06127450980392158,0.8152828502754565,0.8978065117963377
GSE244832,disease_group_only,singscore,RAM2019_MAC_SIG_D_TMO,macrophage_monocyte,RAM2019_MES_MESOTHELIAL,mesenchymal_hsc_myofibroblast,17,-0.07598039215686275,0.7719448512425434,0.8738998315953322
GSE244832,disease_group_only,singscore,RAM2019_MAC_SIG_D_TMO,macrophage_monocyte,RAM2019_MES_SAMES,mesenchymal_hsc_myofibroblast,17,-0.1593137254901961,0.541361632626163,0.6838252201593638
GSE244832,disease_group_only,singscore,RAM2019_MAC_SIG_D_TMO,macrophage_monocyte,RAM2019_MES_VSMC,mesenchymal_hsc_myofibroblast,17,0.12990196078431374,0.6192473366524133,0.7357394098840553
GSE244832,disease_group_only,singscore,RAM2019_MAC_SIG_D_TMO,macrophage_monocyte,RAM2019_SAMES_A,mesenchymal_hsc_myofibroblast,17,0.21813725490196081,0.4002950907115108,0.5718501295878726
GSE244832,disease_group_only,singscore,RAM2019_MAC_SIG_D_TMO,macrophage_monocyte,RAM2019_SAMES_B,mesenchymal_hsc_myofibroblast,17,-0.2573529411764706,0.3186676476453986,0.5167583475330789
GSE244832,disease_group_only,singscore,RAM2019_MAC_SIG_E_TMO,macrophage_monocyte,RAM2019_MES_HSC,mesenchymal_hsc_myofibroblast,17,0.1985294117647059,0.4449505436788084,0.5999333173197416
GSE244832,disease_group_only,singscore,RAM2019_MAC_SIG_E_TMO,macrophage_monocyte,RAM2019_MES_MESOTHELIAL,mesenchymal_hsc_myofibroblast,17,0.38970588235294124,0.12203439858782986,0.2763042986894261
GSE244832,disease_group_only,singscore,RAM2019_MAC_SIG_E_TMO,macrophage_monocyte,RAM2019_MES_SAMES,mesenchymal_hsc_myofibroblast,17,0.13480392156862747,0.6059663630124608,0.7351111180409036
GSE244832,disease_group_only,singscore,RAM2019_MAC_SIG_E_TMO,macrophage_monocyte,RAM2019_MES_VSMC,mesenchymal_hsc_myofibroblast,17,0.3088235294117647,0.227785653323252,0.43387743490143243
GSE244832,disease_group_only,singscore,RAM2019_MAC_SIG_E_TMO,macrophage_monocyte,RAM2019_SAMES_A,mesenchymal_hsc_myofibroblast,17,0.49019607843137264,0.04575998028099109,0.1576408183927279
GSE244832,disease_group_only,singscore,RAM2019_MAC_SIG_E_TMO,macrophage_monocyte,RAM2019_SAMES_B,mesenchymal_hsc_myofibroblast,17,0.22303921568627455,0.38952287839679167,0.5718501295878726
GSE244832,disease_group_only,singscore,RAM2019_MAC_SIG_F_CDC1,macrophage_monocyte,RAM2019_MES_HSC,mesenchymal_hsc_myofibroblast,17,0.4191176470588236,0.09401767970071613,0.2564118537292258
GSE244832,disease_group_only,singscore,RAM2019_MAC_SIG_F_CDC1,macrophage_monocyte,RAM2019_MES_MESOTHELIAL,mesenchymal_hsc_myofibroblast,17,0.5049019607843138,0.03872104887870621,0.1452039332951483
GSE244832,disease_group_only,singscore,RAM2019_MAC_SIG_F_CDC1,macrophage_monocyte,RAM2019_MES_SAMES,mesenchymal_hsc_myofibroblast,17,0.4436274509803922,0.07446849073261608,0.22324882806771654
GSE244832,disease_group_only,singscore,RAM2019_MAC_SIG_F_CDC1,macrophage_monocyte,RAM2019_MES_VSMC,mesenchymal_hsc_myofibroblast,17,0.35784313725490197,0.1584639899823692,0.32785653099800527
GSE244832,disease_group_only,singscore,RAM2019_MAC_SIG_F_CDC1,macrophage_monocyte,RAM2019_SAMES_A,mesenchymal_hsc_myofibroblast,17,0.5196078431372549,0.03253716699175945,0.1394450013932548
GSE244832,disease_group_only,singscore,RAM2019_MAC_SIG_F_CDC1,macrophage_monocyte,RAM2019_SAMES_B,mesenchymal_hsc_myofibroblast,17,0.40441176470588236,0.10737924277811678,0.27415976879519177
GSE244832,disease_group_only,standardized_mean,RAM2019_ENDO_1,endothelial,RAM2019_MAC_SIG_A_SAM,macrophage_monocyte,17,-0.32598039215686275,0.20163694355296383,0.6049108306588915
GSE244832,disease_group_only,standardized_mean,RAM2019_ENDO_1,endothelial,RAM2019_MAC_SIG_B_SAM,macrophage_monocyte,17,0.11274509803921569,0.666592049963725,0.8496218455152276
GSE244832,disease_group_only,standardized_mean,RAM2019_ENDO_1,endothelial,RAM2019_MAC_SIG_C_KC,macrophage_monocyte,17,0.7083333333333334,0.0014610497738465622,0.05844199095386249
GSE244832,disease_group_only,standardized_mean,RAM2019_ENDO_1,endothelial,RAM2019_MAC_SIG_D_TMO,macrophage_monocyte,17,-0.02450980392156863,0.9256077760199253,0.9412960434100935
GSE244832,disease_group_only,standardized_mean,RAM2019_ENDO_1,endothelial,RAM2019_MAC_SIG_E_TMO,macrophage_monocyte,17,-0.14705882352941177,0.5732772908660002,0.8339716592705987
GSE244832,disease_group_only,standardized_mean,RAM2019_ENDO_1,endothelial,RAM2019_MAC_SIG_F_CDC1,macrophage_monocyte,17,-0.22058823529411767,0.3948890883363402,0.7728394069217672
GSE244832,disease_group_only,standardized_mean,RAM2019_ENDO_1,endothelial,RAM2019_MES_HSC,mesenchymal_hsc_myofibroblast,18,-0.007223942208462332,0.9773044881689206,0.9855171309266426
GSE244832,disease_group_only,standardized_mean,RAM2019_ENDO_1,endothelial,RAM2019_MES_MESOTHELIAL,mesenchymal_hsc_myofibroblast,18,-0.32920536635706915,0.18221199775917413,0.5754063087131814
GSE244832,disease_group_only,standardized_mean,RAM2019_ENDO_1,endothelial,RAM2019_MES_SAMES,mesenchymal_hsc_myofibroblast,18,-0.05675954592363261,0.8229893024799763,0.8812551329579063
GSE244832,disease_group_only,standardized_mean,RAM2019_ENDO_1,endothelial,RAM2019_MES_VSMC,mesenchymal_hsc_myofibroblast,18,-0.08978328173374613,0.7231227825767574,0.8496218455152276
GSE244832,disease_group_only,standardized_mean,RAM2019_ENDO_1,endothelial,RAM2019_SAMES_A,mesenchymal_hsc_myofibroblast,18,0.3333333333333333,0.17646319681352732,0.5754063087131814
GSE244832,disease_group_only,standardized_mean,RAM2019_ENDO_1,endothelial,RAM2019_SAMES_B,mesenchymal_hsc_myofibroblast,18,-0.281733746130031,0.2573753757323144,0.6303070426097496
GSE244832,disease_group_only,standardized_mean,RAM2019_ENDO_2,endothelial,RAM2019_MAC_SIG_A_SAM,macrophage_monocyte,17,0.39460784313725494,0.11700232160229736,0.4529122126540543
GSE244832,disease_group_only,standardized_mean,RAM2019_ENDO_2,endothelial,RAM2019_MAC_SIG_B_SAM,macrophage_monocyte,17,0.18872549019607845,0.4681922842798525,0.7901585665734776
GSE244832,disease_group_only,standardized_mean,RAM2019_ENDO_2,endothelial,RAM2019_MAC_SIG_C_KC,macrophage_monocyte,17,-0.5245098039215687,0.03065401608794889,0.2627487093252762
GSE244832,disease_group_only,standardized_mean,RAM2019_ENDO_2,endothelial,RAM2019_MAC_SIG_D_TMO,macrophage_monocyte,17,0.03186274509803922,0.9033768447188891,0.9345277703988508
GSE244832,disease_group_only,standardized_mean,RAM2019_ENDO_2,endothelial,RAM2019_MAC_SIG_E_TMO,macrophage_monocyte,17,0.303921568627451,0.23563584127730533,0.6220987342839729
GSE244832,disease_group_only,standardized_mean,RAM2019_ENDO_2,endothelial,RAM2019_MAC_SIG_F_CDC1,macrophage_monocyte,17,0.22303921568627455,0.38952287839679167,0.7728394069217672
GSE244832,disease_group_only,standardized_mean,RAM2019_ENDO_2,endothelial,RAM2019_MES_HSC,mesenchymal_hsc_myofibroblast,18,0.06501547987616099,0.7977151313810279,0.8760323252936532
GSE244832,disease_group_only,standardized_mean,RAM2019_ENDO_2,endothelial,RAM2019_MES_MESOTHELIAL,mesenchymal_hsc_myofibroblast,18,0.5479876160990712,0.018554135699121725,0.2226496283894607
GSE244832,disease_group_only,standardized_mean,RAM2019_ENDO_2,endothelial,RAM2019_MES_SAMES,mesenchymal_hsc_myofibroblast,18,0.3973168214654283,0.10253523912493745,0.4242837481031895
GSE244832,disease_group_only,standardized_mean,RAM2019_ENDO_2,endothelial,RAM2019_MES_VSMC,mesenchymal_hsc_myofibroblast,18,0.22187822497420018,0.3762254210655622,0.7728394069217672
GSE244832,disease_group_only,standardized_mean,RAM2019_ENDO_2,endothelial,RAM2019_SAMES_A,mesenchymal_hsc_myofibroblast,18,-0.0010319917440660476,0.9967573972800612,0.9967573972800612
GSE244832,disease_group_only,standardized_mean,RAM2019_ENDO_2,endothelial,RAM2019_SAMES_B,mesenchymal_hsc_myofibroblast,18,0.4984520123839009,0.03525363586497097,0.28202908691976775
GSE244832,disease_group_only,standardized_mean,RAM2019_ENDO_3,endothelial,RAM2019_MAC_SIG_A_SAM,macrophage_monocyte,17,-0.12254901960784316,0.639378272107459,0.8339716592705987
GSE244832,disease_group_only,standardized_mean,RAM2019_ENDO_3,endothelial,RAM2019_MAC_SIG_B_SAM,macrophage_monocyte,17,0.6372549019607844,0.005932437323087304,0.07909916430783072
GSE244832,disease_group_only,standardized_mean,RAM2019_ENDO_3,endothelial,RAM2019_MAC_SIG_C_KC,macrophage_monocyte,17,0.6421568627450981,0.005445541252413795,0.07909916430783072
GSE244832,disease_group_only,standardized_mean,RAM2019_ENDO_3,endothelial,RAM2019_MAC_SIG_D_TMO,macrophage_monocyte,17,-0.2058823529411765,0.4279148531427077,0.7765168313307232
GSE244832,disease_group_only,standardized_mean,RAM2019_ENDO_3,endothelial,RAM2019_MAC_SIG_E_TMO,macrophage_monocyte,17,0.21568627450980393,0.40574068863392776,0.7728394069217672
GSE244832,disease_group_only,standardized_mean,RAM2019_ENDO_3,endothelial,RAM2019_MAC_SIG_F_CDC1,macrophage_monocyte,17,0.1519607843137255,0.5604155062809044,0.8339716592705987
GSE244832,disease_group_only,standardized_mean,RAM2019_ENDO_3,endothelial,RAM2019_MES_HSC,mesenchymal_hsc_myofibroblast,18,-0.2115583075335397,0.3993801361693994,0.7728394069217672
GSE244832,disease_group_only,standardized_mean,RAM2019_ENDO_3,endothelial,RAM2019_MES_MESOTHELIAL,mesenchymal_hsc_myofibroblast,18,-0.06707946336429307,0.7914253837974394,0.8760323252936532
GSE244832,disease_group_only,standardized_mean,RAM2019_ENDO_3,endothelial,RAM2019_MES_SAMES,mesenchymal_hsc_myofibroblast,18,0.08771929824561403,0.7292587507339037,0.8496218455152276
GSE244832,disease_group_only,standardized_mean,RAM2019_ENDO_3,endothelial,RAM2019_MES_VSMC,mesenchymal_hsc_myofibroblast,18,0.16408668730650156,0.5152947310342115,0.8339716592705987
GSE244832,disease_group_only,standardized_mean,RAM2019_ENDO_3,endothelial,RAM2019_SAMES_A,mesenchymal_hsc_myofibroblast,18,0.10216718266253869,0.6866550541678016,0.8496218455152276
GSE244832,disease_group_only,standardized_mean,RAM2019_ENDO_3,endothelial,RAM2019_SAMES_B,mesenchymal_hsc_myofibroblast,18,0.0629514963880289,0.8040167566657793,0.8760323252936532
GSE244832,disease_group_only,standardized_mean,RAM2019_ENDO_4,endothelial,RAM2019_MAC_SIG_A_SAM,macrophage_monocyte,17,-0.02696078431372549,0.9181909009189737,0.9412960434100935
GSE244832,disease_group_only,standardized_mean,RAM2019_ENDO_4,endothelial,RAM2019_MAC_SIG_B_SAM,macrophage_monocyte,17,0.4191176470588236,0.09401767970071613,0.417856354225405
GSE244832,disease_group_only,standardized_mean,RAM2019_ENDO_4,endothelial,RAM2019_MAC_SIG_C_KC,macrophage_monocyte,17,0.46813725490196084,0.0580719248958362,0.3484315493750172
GSE244832,disease_group_only,standardized_mean,RAM2019_ENDO_4,endothelial,RAM2019_MAC_SIG_D_TMO,macrophage_monocyte,17,0.07598039215686275,0.7719448512425434,0.8657325434495815
GSE244832,disease_group_only,standardized_mean,RAM2019_ENDO_4,endothelial,RAM2019_MAC_SIG_E_TMO,macrophage_monocyte,17,0.13725490196078433,0.5993690521648235,0.8339716592705987
GSE244832,disease_group_only,standardized_mean,RAM2019_ENDO_4,endothelial,RAM2019_MAC_SIG_F_CDC1,macrophage_monocyte,17,0.17401960784313728,0.5041495460552974,0.8287389798169272
GSE244832,disease_group_only,standardized_mean,RAM2019_ENDO_4,endothelial,RAM2019_MES_HSC,mesenchymal_hsc_myofibroblast,18,-0.32920536635706915,0.18221199775917413,0.5754063087131814
GSE244832,disease_group_only,standardized_mean,RAM2019_ENDO_4,endothelial,RAM2019_MES_MESOTHELIAL,mesenchymal_hsc_myofibroblast,18,0.08771929824561403,0.7292587507339037,0.8496218455152276
GSE244832,disease_group_only,standardized_mean,RAM2019_ENDO_4,endothelial,RAM2019_MES_SAMES,mesenchymal_hsc_myofibroblast,18,0.07533539731682146,0.7663922813478388,0.8657325434495815
GSE244832,disease_group_only,standardized_mean,RAM2019_ENDO_4,endothelial,RAM2019_MES_VSMC,mesenchymal_hsc_myofibroblast,18,0.20330237358101136,0.4184467334719628,0.7765168313307232
GSE244832,disease_group_only,standardized_mean,RAM2019_ENDO_4,endothelial,RAM2019_SAMES_A,mesenchymal_hsc_myofibroblast,18,0.1393188854489164,0.5813962095847576,0.8339716592705987
GSE244832,disease_group_only,standardized_mean,RAM2019_ENDO_4,endothelial,RAM2019_SAMES_B,mesenchymal_hsc_myofibroblast,18,0.08978328173374613,0.7231227825767574,0.8496218455152276
GSE244832,disease_group_only,standardized_mean,RAM2019_ENDO_5,endothelial,RAM2019_MAC_SIG_A_SAM,macrophage_monocyte,17,0.31617647058823534,0.21632697166875509,0.6142448274621488
GSE244832,disease_group_only,standardized_mean,RAM2019_ENDO_5,endothelial,RAM2019_MAC_SIG_B_SAM,macrophage_monocyte,17,0.12254901960784316,0.639378272107459,0.8339716592705987
GSE244832,disease_group_only,standardized_mean,RAM2019_ENDO_5,endothelial,RAM2019_MAC_SIG_C_KC,macrophage_monocyte,17,-0.6519607843137255,0.004568346266924807,0.07909916430783072
GSE244832,disease_group_only,standardized_mean,RAM2019_ENDO_5,endothelial,RAM2019_MAC_SIG_D_TMO,macrophage_monocyte,17,0.12990196078431374,0.6192473366524133,0.8339716592705987
GSE244832,disease_group_only,standardized_mean,RAM2019_ENDO_5,endothelial,RAM2019_MAC_SIG_E_TMO,macrophage_monocyte,17,0.24509803921568632,0.34304665309958526,0.7728394069217672
GSE244832,disease_group_only,standardized_mean,RAM2019_ENDO_5,endothelial,RAM2019_MAC_SIG_F_CDC1,macrophage_monocyte,17,0.24264705882352944,0.348047032295588,0.7728394069217672
GSE244832,disease_group_only,standardized_mean,RAM2019_ENDO_5,endothelial,RAM2019_MES_HSC,mesenchymal_hsc_myofibroblast,18,-0.1929824561403509,0.4429441508248102,0.781666148514371
GSE244832,disease_group_only,standardized_mean,RAM2019_ENDO_5,endothelial,RAM2019_MES_MESOTHELIAL,mesenchymal_hsc_myofibroblast,18,0.6367389060887513,0.004489848099432227,0.07909916430783072
GSE244832,disease_group_only,standardized_mean,RAM2019_ENDO_5,endothelial,RAM2019_MES_SAMES,mesenchymal_hsc_myofibroblast,18,0.19711042311661509,0.433057670392028,0.7765168313307232
GSE244832,disease_group_only,standardized_mean,RAM2019_ENDO_5,endothelial,RAM2019_MES_VSMC,mesenchymal_hsc_myofibroblast,18,0.38906088751289986,0.11054194705770316,0.44216778823081265
GSE244832,disease_group_only,standardized_mean,RAM2019_ENDO_5,endothelial,RAM2019_SAMES_A,mesenchymal_hsc_myofibroblast,18,-0.28998968008255926,0.2430922860390451,0.6220987342839729
GSE244832,disease_group_only,standardized_mean,RAM2019_ENDO_5,endothelial,RAM2019_SAMES_B,mesenchymal_hsc_myofibroblast,18,0.49226006191950467,0.0379650212831526,0.2847376596236445
GSE244832,disease_group_only,standardized_mean,RAM2019_ENDO_6_SAENDO1,endothelial,RAM2019_MAC_SIG_A_SAM,macrophage_monocyte,17,0.5000000000000001,0.040968955955836106,0.2891926302764901
GSE244832,disease_group_only,standardized_mean,RAM2019_ENDO_6_SAENDO1,endothelial,RAM2019_MAC_SIG_B_SAM,macrophage_monocyte,17,0.2916666666666667,0.2560026072263,0.6303070426097496
GSE244832,disease_group_only,standardized_mean,RAM2019_ENDO_6_SAENDO1,endothelial,RAM2019_MAC_SIG_C_KC,macrophage_monocyte,17,-0.35784313725490197,0.1584639899823692,0.5433051085109801
GSE244832,disease_group_only,standardized_mean,RAM2019_ENDO_6_SAENDO1,endothelial,RAM2019_MAC_SIG_D_TMO,macrophage_monocyte,17,0.14950980392156862,0.5668307307163287,0.8339716592705987
GSE244832,disease_group_only,standardized_mean,RAM2019_ENDO_6_SAENDO1,endothelial,RAM2019_MAC_SIG_E_TMO,macrophage_monocyte,17,0.41421568627450983,0.09833118794961312,0.4214193769269134
GSE244832,disease_group_only,standardized_mean,RAM2019_ENDO_6_SAENDO1,endothelial,RAM2019_MAC_SIG_F_CDC1,macrophage_monocyte,17,0.33333333333333337,0.19105762734590404,0.5878696226027816
GSE244832,disease_group_only,standardized_mean,RAM2019_ENDO_6_SAENDO1,endothelial,RAM2019_MES_HSC,mesenchymal_hsc_myofibroblast,18,0.29205366357069146,0.23960176390544208,0.6220987342839729
GSE244832,disease_group_only,standardized_mean,RAM2019_ENDO_6_SAENDO1,endothelial,RAM2019_MES_MESOTHELIAL,mesenchymal_hsc_myofibroblast,18,0.5397316821465429,0.020782714646741193,0.22672052341899482
GSE244832,disease_group_only,standardized_mean,RAM2019_ENDO_6_SAENDO1,endothelial,RAM2019_MES_SAMES,mesenchymal_hsc_myofibroblast,18,0.4117647058823529,0.08953914742899156,0.4132576035184226
GSE244832,disease_group_only,standardized_mean,RAM2019_ENDO_6_SAENDO1,endothelial,RAM2019_MES_VSMC,mesenchymal_hsc_myofibroblast,18,0.1413828689370485,0.5757540929543488,0.8339716592705987
GSE244832,disease_group_only,standardized_mean,RAM2019_ENDO_6_SAENDO1,endothelial,RAM2019_SAMES_A,mesenchymal_hsc_myofibroblast,18,0.13725490196078433,0.5870615369663568,0.8339716592705987
GSE244832,disease_group_only,standardized_mean,RAM2019_ENDO_6_SAENDO1,endothelial,RAM2019_SAMES_B,mesenchymal_hsc_myofibroblast,18,0.6243550051599587,0.0056112726298920695,0.07909916430783072
GSE244832,disease_group_only,standardized_mean,RAM2019_ENDO_7_SAENDO2,endothelial,RAM2019_MAC_SIG_A_SAM,macrophage_monocyte,17,0.18872549019607845,0.4681922842798525,0.7901585665734776
GSE244832,disease_group_only,standardized_mean,RAM2019_ENDO_7_SAENDO2,endothelial,RAM2019_MAC_SIG_B_SAM,macrophage_monocyte,17,0.43627450980392163,0.0799888724598653,0.3839465878073534
GSE244832,disease_group_only,standardized_mean,RAM2019_ENDO_7_SAENDO2,endothelial,RAM2019_MAC_SIG_C_KC,macrophage_monocyte,17,-0.22058823529411767,0.3948890883363402,0.7728394069217672
GSE244832,disease_group_only,standardized_mean,RAM2019_ENDO_7_SAENDO2,endothelial,RAM2019_MAC_SIG_D_TMO,macrophage_monocyte,17,-0.2573529411764706,0.3186676476453986,0.7353868791816892
GSE244832,disease_group_only,standardized_mean,RAM2019_ENDO_7_SAENDO2,endothelial,RAM2019_MAC_SIG_E_TMO,macrophage_monocyte,17,0.07598039215686275,0.7719448512425434,0.8657325434495815
GSE244832,disease_group_only,standardized_mean,RAM2019_ENDO_7_SAENDO2,endothelial,RAM2019_MAC_SIG_F_CDC1,macrophage_monocyte,17,0.11764705882352941,0.6529334399539918,0.8424947612309571
GSE244832,disease_group_only,standardized_mean,RAM2019_ENDO_7_SAENDO2,endothelial,RAM2019_MES_HSC,mesenchymal_hsc_myofibroblast,18,0.3560371517027864,0.14702554764788864,0.5189136975807834
GSE244832,disease_group_only,standardized_mean,RAM2019_ENDO_7_SAENDO2,endothelial,RAM2019_MES_MESOTHELIAL,mesenchymal_hsc_myofibroblast,18,0.6945304437564499,0.0013817713318639603,0.05844199095386249
GSE244832,disease_group_only,standardized_mean,RAM2019_ENDO_7_SAENDO2,endothelial,RAM2019_MES_SAMES,mesenchymal_hsc_myofibroblast,18,0.7275541795665634,0.0006215020932519374,0.05844199095386249
GSE244832,disease_group_only,standardized_mean,RAM2019_ENDO_7_SAENDO2,endothelial,RAM2019_MES_VSMC,mesenchymal_hsc_myofibroblast,18,-0.0608875128998968,0.8103299008966292,0.8760323252936532
GSE244832,disease_group_only,standardized_mean,RAM2019_ENDO_7_SAENDO2,endothelial,RAM2019_SAMES_A,mesenchymal_hsc_myofibroblast,18,0.2239422084623323,0.37168616375621744,0.7728394069217672
GSE244832,disease_group_only,standardized_mean,RAM2019_ENDO_7_SAENDO2,endothelial,RAM2019_SAMES_B,mesenchymal_hsc_myofibroblast,18,0.6635706914344685,0.0026779839744573825,0.07909916430783072
GSE244832,disease_group_only,standardized_mean,RAM2019_MAC_SIG_A_SAM,macrophage_monocyte,RAM2019_MES_HSC,mesenchymal_hsc_myofibroblast,17,0.13235294117647062,0.6125925983674196,0.8339716592705987
GSE244832,disease_group_only,standardized_mean,RAM2019_MAC_SIG_A_SAM,macrophage_monocyte,RAM2019_MES_MESOTHELIAL,mesenchymal_hsc_myofibroblast,17,0.2034313725490196,0.4335552308263205,0.7765168313307232
GSE244832,disease_group_only,standardized_mean,RAM2019_MAC_SIG_A_SAM,macrophage_monocyte,RAM2019_MES_SAMES,mesenchymal_hsc_myofibroblast,17,0.4387254901960785,0.07811671275305945,0.3839465878073534
GSE244832,disease_group_only,standardized_mean,RAM2019_MAC_SIG_A_SAM,macrophage_monocyte,RAM2019_MES_VSMC,mesenchymal_hsc_myofibroblast,17,-0.13725490196078433,0.5993690521648235,0.8339716592705987
GSE244832,disease_group_only,standardized_mean,RAM2019_MAC_SIG_A_SAM,macrophage_monocyte,RAM2019_SAMES_A,mesenchymal_hsc_myofibroblast,17,0.286764705882353,0.2644463470710114,0.6346712329704274
GSE244832,disease_group_only,standardized_mean,RAM2019_MAC_SIG_A_SAM,macrophage_monocyte,RAM2019_SAMES_B,mesenchymal_hsc_myofibroblast,17,0.37990196078431376,0.13254890262758873,0.4819960095548681
GSE244832,disease_group_only,standardized_mean,RAM2019_MAC_SIG_B_SAM,macrophage_monocyte,RAM2019_MES_HSC,mesenchymal_hsc_myofibroblast,17,0.07598039215686275,0.7719448512425434,0.8657325434495815
GSE244832,disease_group_only,standardized_mean,RAM2019_MAC_SIG_B_SAM,macrophage_monocyte,RAM2019_MES_MESOTHELIAL,mesenchymal_hsc_myofibroblast,17,0.3137254901960785,0.22010439650726998,0.6142448274621488
GSE244832,disease_group_only,standardized_mean,RAM2019_MAC_SIG_B_SAM,macrophage_monocyte,RAM2019_MES_SAMES,mesenchymal_hsc_myofibroblast,17,0.5343137254901961,0.027139775804459705,0.2627487093252762
GSE244832,disease_group_only,standardized_mean,RAM2019_MAC_SIG_B_SAM,macrophage_monocyte,RAM2019_MES_VSMC,mesenchymal_hsc_myofibroblast,17,0.232843137254902,0.36845965485437604,0.7728394069217672
GSE244832,disease_group_only,standardized_mean,RAM2019_MAC_SIG_B_SAM,macrophage_monocyte,RAM2019_SAMES_A,mesenchymal_hsc_myofibroblast,17,0.5294117647058825,0.028855722586286214,0.2627487093252762
GSE244832,disease_group_only,standardized_mean,RAM2019_MAC_SIG_B_SAM,macrophage_monocyte,RAM2019_SAMES_B,mesenchymal_hsc_myofibroblast,17,0.37990196078431376,0.13254890262758873,0.4819960095548681
GSE244832,disease_group_only,standardized_mean,RAM2019_MAC_SIG_C_KC,macrophage_monocyte,RAM2019_MES_HSC,mesenchymal_hsc_myofibroblast,17,0.13480392156862747,0.6059663630124608,0.8339716592705987
GSE244832,disease_group_only,standardized_mean,RAM2019_MAC_SIG_C_KC,macrophage_monocyte,RAM2019_MES_MESOTHELIAL,mesenchymal_hsc_myofibroblast,17,-0.28186274509803927,0.27305989737995473,0.6424938761881287
GSE244832,disease_group_only,standardized_mean,RAM2019_MAC_SIG_C_KC,macrophage_monocyte,RAM2019_MES_SAMES,mesenchymal_hsc_myofibroblast,17,0.15686274509803924,0.5476805847029372,0.8339716592705987
GSE244832,disease_group_only,standardized_mean,RAM2019_MAC_SIG_C_KC,macrophage_monocyte,RAM2019_MES_VSMC,mesenchymal_hsc_myofibroblast,17,0.03186274509803922,0.9033768447188891,0.9345277703988508
GSE244832,disease_group_only,standardized_mean,RAM2019_MAC_SIG_C_KC,macrophage_monocyte,RAM2019_SAMES_A,mesenchymal_hsc_myofibroblast,17,0.45098039215686275,0.06923198585336185,0.36121036097406184
GSE244832,disease_group_only,standardized_mean,RAM2019_MAC_SIG_C_KC,macrophage_monocyte,RAM2019_SAMES_B,mesenchymal_hsc_myofibroblast,17,-0.12500000000000003,0.6326406085600337,0.8339716592705987
GSE244832,disease_group_only,standardized_mean,RAM2019_MAC_SIG_D_TMO,macrophage_monocyte,RAM2019_MES_HSC,mesenchymal_hsc_myofibroblast,17,-0.13725490196078433,0.5993690521648235,0.8339716592705987
GSE244832,disease_group_only,standardized_mean,RAM2019_MAC_SIG_D_TMO,macrophage_monocyte,RAM2019_MES_MESOTHELIAL,mesenchymal_hsc_myofibroblast,17,-0.09803921568627452,0.708151309718605,0.8496218455152276
GSE244832,disease_group_only,standardized_mean,RAM2019_MAC_SIG_D_TMO,macrophage_monocyte,RAM2019_MES_SAMES,mesenchymal_hsc_myofibroblast,17,0.03431372549019608,0.8959808104551743,0.9345277703988508
GSE244832,disease_group_only,standardized_mean,RAM2019_MAC_SIG_D_TMO,macrophage_monocyte,RAM2019_MES_VSMC,mesenchymal_hsc_myofibroblast,17,0.11029411764705883,0.6734589975422935,0.8496218455152276
GSE244832,disease_group_only,standardized_mean,RAM2019_MAC_SIG_D_TMO,macrophage_monocyte,RAM2019_SAMES_A,mesenchymal_hsc_myofibroblast,17,0.48774509803921573,0.047021096996730356,0.31347397997820237
GSE244832,disease_group_only,standardized_mean,RAM2019_MAC_SIG_D_TMO,macrophage_monocyte,RAM2019_SAMES_B,mesenchymal_hsc_myofibroblast,17,-0.18627450980392157,0.4740951399440866,0.7901585665734776
GSE244832,disease_group_only,standardized_mean,RAM2019_MAC_SIG_E_TMO,macrophage_monocyte,RAM2019_MES_HSC,mesenchymal_hsc_myofibroblast,17,-0.13725490196078433,0.5993690521648235,0.8339716592705987
GSE244832,disease_group_only,standardized_mean,RAM2019_MAC_SIG_E_TMO,macrophage_monocyte,RAM2019_MES_MESOTHELIAL,mesenchymal_hsc_myofibroblast,17,0.22549019607843138,0.38419665076181886,0.7728394069217672
GSE244832,disease_group_only,standardized_mean,RAM2019_MAC_SIG_E_TMO,macrophage_monocyte,RAM2019_MES_SAMES,mesenchymal_hsc_myofibroblast,17,0.09068627450980393,0.7292353374489888,0.8496218455152276
GSE244832,disease_group_only,standardized_mean,RAM2019_MAC_SIG_E_TMO,macrophage_monocyte,RAM2019_MES_VSMC,mesenchymal_hsc_myofibroblast,17,0.4730392156862746,0.05514448179993543,0.3482809376838027
GSE244832,disease_group_only,standardized_mean,RAM2019_MAC_SIG_E_TMO,macrophage_monocyte,RAM2019_SAMES_A,mesenchymal_hsc_myofibroblast,17,0.45098039215686275,0.06923198585336185,0.36121036097406184
GSE244832,disease_group_only,standardized_mean,RAM2019_MAC_SIG_E_TMO,macrophage_monocyte,RAM2019_SAMES_B,mesenchymal_hsc_myofibroblast,17,0.09313725490196079,0.7221860910253712,0.8496218455152276
GSE244832,disease_group_only,standardized_mean,RAM2019_MAC_SIG_F_CDC1,macrophage_monocyte,RAM2019_MES_HSC,mesenchymal_hsc_myofibroblast,17,0.13480392156862747,0.6059663630124608,0.8339716592705987
GSE244832,disease_group_only,standardized_mean,RAM2019_MAC_SIG_F_CDC1,macrophage_monocyte,RAM2019_MES_MESOTHELIAL,mesenchymal_hsc_myofibroblast,17,0.19607843137254904,0.4507049808818775,0.783834749359787
GSE244832,disease_group_only,standardized_mean,RAM2019_MAC_SIG_F_CDC1,macrophage_monocyte,RAM2019_MES_SAMES,mesenchymal_hsc_myofibroblast,17,0.4607843137254902,0.06267762211132859,0.35815784063616335
GSE244832,disease_group_only,standardized_mean,RAM2019_MAC_SIG_F_CDC1,macrophage_monocyte,RAM2019_MES_VSMC,mesenchymal_hsc_myofibroblast,17,0.056372549019607844,0.8298485835353617,0.8812551329579063
GSE244832,disease_group_only,standardized_mean,RAM2019_MAC_SIG_F_CDC1,macrophage_monocyte,RAM2019_SAMES_A,mesenchymal_hsc_myofibroblast,17,0.3137254901960785,0.22010439650726998,0.6142448274621488
GSE244832,disease_group_only,standardized_mean,RAM2019_MAC_SIG_F_CDC1,macrophage_monocyte,RAM2019_SAMES_B,mesenchymal_hsc_myofibroblast,17,0.29901960784313725,0.24365533759455604,0.6220987342839729
GSE256398,disease_group_plus_qc,singscore,RAM2019_ENDO_1,endothelial,RAM2019_MAC_SIG_A_SAM,macrophage_monocyte,24,-0.09217391304347824,0.6634336566343366,0.7882380078823802
GSE256398,disease_group_plus_qc,singscore,RAM2019_ENDO_1,endothelial,RAM2019_MAC_SIG_B_SAM,macrophage_monocyte,24,0.5008695652173912,0.013098690130986902,0.052394760523947606
GSE256398,disease_group_plus_qc,singscore,RAM2019_ENDO_1,endothelial,RAM2019_MAC_SIG_C_KC,macrophage_monocyte,24,0.7513043478260868,9.999000099990002e-05,0.0029997000299970007
GSE256398,disease_group_plus_qc,singscore,RAM2019_ENDO_1,endothelial,RAM2019_MAC_SIG_D_TMO,macrophage_monocyte,24,0.15826086956521737,0.45885411458854114,0.6186797050632016
GSE256398,disease_group_plus_qc,singscore,RAM2019_ENDO_1,endothelial,RAM2019_MAC_SIG_E_TMO,macrophage_monocyte,24,0.31478260869565217,0.1292870712928707,0.2927254444366884
GSE256398,disease_group_plus_qc,singscore,RAM2019_ENDO_1,endothelial,RAM2019_MAC_SIG_F_CDC1,macrophage_monocyte,24,0.2026086956521739,0.33896610338966104,0.5084491550844915
GSE256398,disease_group_plus_qc,singscore,RAM2019_ENDO_1,endothelial,RAM2019_MES_HSC,mesenchymal_hsc_myofibroblast,25,0.23384615384615384,0.2623737626237376,0.42875712428757123
GSE256398,disease_group_plus_qc,singscore,RAM2019_ENDO_1,endothelial,RAM2019_MES_MESOTHELIAL,mesenchymal_hsc_myofibroblast,25,0.3215384615384615,0.12088791120887911,0.28127956435125717
GSE256398,disease_group_plus_qc,singscore,RAM2019_ENDO_1,endothelial,RAM2019_MES_SAMES,mesenchymal_hsc_myofibroblast,25,0.2915384615384616,0.1616838316168383,0.3403870139301859
GSE256398,disease_group_plus_qc,singscore,RAM2019_ENDO_1,endothelial,RAM2019_MES_VSMC,mesenchymal_hsc_myofibroblast,25,-0.05384615384615384,0.7993200679932007,0.8799853959558173
GSE256398,disease_group_plus_qc,singscore,RAM2019_ENDO_1,endothelial,RAM2019_SAMES_A,mesenchymal_hsc_myofibroblast,25,0.31846153846153846,0.12138786121387861,0.28127956435125717
GSE256398,disease_group_plus_qc,singscore,RAM2019_ENDO_1,endothelial,RAM2019_SAMES_B,mesenchymal_hsc_myofibroblast,25,0.3869230769230769,0.057694230576942306,0.1730826917308269
GSE256398,disease_group_plus_qc,singscore,RAM2019_ENDO_2,endothelial,RAM2019_MAC_SIG_A_SAM,macrophage_monocyte,24,0.4721739130434783,0.023397660233976603,0.08022054937363407
GSE256398,disease_group_plus_qc,singscore,RAM2019_ENDO_2,endothelial,RAM2019_MAC_SIG_B_SAM,macrophage_monocyte,24,0.17652173913043476,0.40135986401359863,0.5643621684343194
GSE256398,disease_group_plus_qc,singscore,RAM2019_ENDO_2,endothelial,RAM2019_MAC_SIG_C_KC,macrophage_monocyte,24,0.08956521739130434,0.6837316268373163,0.7959588656518963
GSE256398,disease_group_plus_qc,singscore,RAM2019_ENDO_2,endothelial,RAM2019_MAC_SIG_D_TMO,macrophage_monocyte,24,0.1443478260869565,0.5030496950304969,0.656151776126735
GSE256398,disease_group_plus_qc,singscore,RAM2019_ENDO_2,endothelial,RAM2019_MAC_SIG_E_TMO,macrophage_monocyte,24,0.3,0.15428457154284572,0.3366208833662089
GSE256398,disease_group_plus_qc,singscore,RAM2019_ENDO_2,endothelial,RAM2019_MAC_SIG_F_CDC1,macrophage_monocyte,24,0.2417391304347826,0.2501749825017498,0.42875712428757123
GSE256398,disease_group_plus_qc,singscore,RAM2019_ENDO_2,endothelial,RAM2019_MES_HSC,mesenchymal_hsc_myofibroblast,25,0.23153846153846153,0.26587341265873415,0.42875712428757123
GSE256398,disease_group_plus_qc,singscore,RAM2019_ENDO_2,endothelial,RAM2019_MES_MESOTHELIAL,mesenchymal_hsc_myofibroblast,25,0.25230769230769234,0.22747725227477253,0.4135950041359501
GSE256398,disease_group_plus_qc,singscore,RAM2019_ENDO_2,endothelial,RAM2019_MES_SAMES,mesenchymal_hsc_myofibroblast,25,0.22999999999999998,0.267973202679732,0.42875712428757123
GSE256398,disease_group_plus_qc,singscore,RAM2019_ENDO_2,endothelial,RAM2019_MES_VSMC,mesenchymal_hsc_myofibroblast,25,0.5184615384615384,0.006999300069993001,0.04171011470281543
GSE256398,disease_group_plus_qc,singscore,RAM2019_ENDO_2,endothelial,RAM2019_SAMES_A,mesenchymal_hsc_myofibroblast,25,-0.12230769230769231,0.5566443355664433,0.688632167711064
GSE256398,disease_group_plus_qc,singscore,RAM2019_ENDO_2,endothelial,RAM2019_SAMES_B,mesenchymal_hsc_myofibroblast,25,0.4123076923076923,0.040995900409959006,0.13665300136653002
GSE256398,disease_group_plus_qc,singscore,RAM2019_ENDO_3,endothelial,RAM2019_MAC_SIG_A_SAM,macrophage_monocyte,24,0.18521739130434778,0.38936106389361064,0.5562300912765866
GSE256398,disease_group_plus_qc,singscore,RAM2019_ENDO_3,endothelial,RAM2019_MAC_SIG_B_SAM,macrophage_monocyte,24,-0.049565217391304345,0.8167183281671833,0.8829387331537116
GSE256398,disease_group_plus_qc,singscore,RAM2019_ENDO_3,endothelial,RAM2019_MAC_SIG_C_KC,macrophage_monocyte,24,0.05217391304347826,0.8132186781321867,0.8829387331537116
GSE256398,disease_group_plus_qc,singscore,RAM2019_ENDO_3,endothelial,RAM2019_MAC_SIG_D_TMO,macrophage_monocyte,24,-0.03652173913043478,0.8669133086691331,0.9125403249148769
GSE256398,disease_group_plus_qc,singscore,RAM2019_ENDO_3,endothelial,RAM2019_MAC_SIG_E_TMO,macrophage_monocyte,24,-0.15391304347826085,0.47325267473252675,0.6310035663100357
GSE256398,disease_group_plus_qc,singscore,RAM2019_ENDO_3,endothelial,RAM2019_MAC_SIG_F_CDC1,macrophage_monocyte,24,-0.09739130434782609,0.6421357864213578,0.7712828717128286
GSE256398,disease_group_plus_qc,singscore,RAM2019_ENDO_3,endothelial,RAM2019_MES_HSC,mesenchymal_hsc_myofibroblast,25,-0.09615384615384616,0.6427357264273572,0.7712828717128286
GSE256398,disease_group_plus_qc,singscore,RAM2019_ENDO_3,endothelial,RAM2019_MES_MESOTHELIAL,mesenchymal_hsc_myofibroblast,25,0.13,0.536046395360464,0.6771112362447966
GSE256398,disease_group_plus_qc,singscore,RAM2019_ENDO_3,endothelial,RAM2019_MES_SAMES,mesenchymal_hsc_myofibroblast,25,0.12384615384615384,0.551044895510449,0.688632167711064
GSE256398,disease_group_plus_qc,singscore,RAM2019_ENDO_3,endothelial,RAM2019_MES_VSMC,mesenchymal_hsc_myofibroblast,25,-0.06,0.7744225577442255,0.8685112797131501
GSE256398,disease_group_plus_qc,singscore,RAM2019_ENDO_3,endothelial,RAM2019_SAMES_A,mesenchymal_hsc_myofibroblast,25,-0.23076923076923078,0.2608739126087391,0.42875712428757123
GSE256398,disease_group_plus_qc,singscore,RAM2019_ENDO_3,endothelial,RAM2019_SAMES_B,mesenchymal_hsc_myofibroblast,25,0.2169230769230769,0.29547045295470453,0.45841569689184924
GSE256398,disease_group_plus_qc,singscore,RAM2019_ENDO_4,endothelial,RAM2019_MAC_SIG_A_SAM,macrophage_monocyte,24,-0.17739130434782607,0.40445955404459555,0.5643621684343194
GSE256398,disease_group_plus_qc,singscore,RAM2019_ENDO_4,endothelial,RAM2019_MAC_SIG_B_SAM,macrophage_monocyte,24,0.02260869565217391,0.9192080791920808,0.9347878771444889
GSE256398,disease_group_plus_qc,singscore,RAM2019_ENDO_4,endothelial,RAM2019_MAC_SIG_C_KC,macrophage_monocyte,24,0.34347826086956523,0.09609039096090391,0.24533716841081848
GSE256398,disease_group_plus_qc,singscore,RAM2019_ENDO_4,endothelial,RAM2019_MAC_SIG_D_TMO,macrophage_monocyte,24,-0.2121739130434782,0.31896810318968105,0.4845085111741991
GSE256398,disease_group_plus_qc,singscore,RAM2019_ENDO_4,endothelial,RAM2019_MAC_SIG_E_TMO,macrophage_monocyte,24,-0.07391304347826086,0.7330266973302669,0.829841544147472
GSE256398,disease_group_plus_qc,singscore,RAM2019_ENDO_4,endothelial,RAM2019_MAC_SIG_F_CDC1,macrophage_monocyte,24,-0.12,0.5722427757224278,0.7007054396601157
GSE256398,disease_group_plus_qc,singscore,RAM2019_ENDO_4,endothelial,RAM2019_MES_HSC,mesenchymal_hsc_myofibroblast,25,0.0,1.0,1.0
GSE256398,disease_group_plus_qc,singscore,RAM2019_ENDO_4,endothelial,RAM2019_MES_MESOTHELIAL,mesenchymal_hsc_myofibroblast,25,-0.1392307692307692,0.49535046495350465,0.6532094043342919
GSE256398,disease_group_plus_qc,singscore,RAM2019_ENDO_4,endothelial,RAM2019_MES_SAMES,mesenchymal_hsc_myofibroblast,25,-0.18923076923076923,0.3645635436456354,0.5400941387342747
GSE256398,disease_group_plus_qc,singscore,RAM2019_ENDO_4,endothelial,RAM2019_MES_VSMC,mesenchymal_hsc_myofibroblast,25,-0.25461538461538463,0.21747825217478253,0.40149831170729083
GSE256398,disease_group_plus_qc,singscore,RAM2019_ENDO_4,endothelial,RAM2019_SAMES_A,mesenchymal_hsc_myofibroblast,25,-0.2676923076923077,0.19668033196680332,0.38691212845928524
GSE256398,disease_group_plus_qc,singscore,RAM2019_ENDO_4,endothelial,RAM2019_SAMES_B,mesenchymal_hsc_myofibroblast,25,-0.07461538461538461,0.7131286871312869,0.8150042138643279
GSE256398,disease_group_plus_qc,singscore,RAM2019_ENDO_5,endothelial,RAM2019_MAC_SIG_A_SAM,macrophage_monocyte,24,0.5121739130434783,0.0115988401159884,0.0496502073930538
GSE256398,disease_group_plus_qc,singscore,RAM2019_ENDO_5,endothelial,RAM2019_MAC_SIG_B_SAM,macrophage_monocyte,24,0.09130434782608696,0.6748325167483251,0.793920607939206
GSE256398,disease_group_plus_qc,singscore,RAM2019_ENDO_5,endothelial,RAM2019_MAC_SIG_C_KC,macrophage_monocyte,24,0.025217391304347827,0.9061093890610938,0.9293429631395834
GSE256398,disease_group_plus_qc,singscore,RAM2019_ENDO_5,endothelial,RAM2019_MAC_SIG_D_TMO,macrophage_monocyte,24,0.22434782608695653,0.2830716928307169,0.44695530446955306
GSE256398,disease_group_plus_qc,singscore,RAM2019_ENDO_5,endothelial,RAM2019_MAC_SIG_E_TMO,macrophage_monocyte,24,0.1591304347826087,0.45215478452154784,0.616574706165747
GSE256398,disease_group_plus_qc,singscore,RAM2019_ENDO_5,endothelial,RAM2019_MAC_SIG_F_CDC1,macrophage_monocyte,24,-0.013913043478260868,0.9504049595040496,0.9583915558024029
GSE256398,disease_group_plus_qc,singscore,RAM2019_ENDO_5,endothelial,RAM2019_MES_HSC,mesenchymal_hsc_myofibroblast,25,0.2376923076923077,0.24567543245675433,0.42726162166392057
GSE256398,disease_group_plus_qc,singscore,RAM2019_ENDO_5,endothelial,RAM2019_MES_MESOTHELIAL,mesenchymal_hsc_myofibroblast,25,0.25846153846153846,0.21457854214578542,0.40149831170729083
GSE256398,disease_group_plus_qc,singscore,RAM2019_ENDO_5,endothelial,RAM2019_MES_SAMES,mesenchymal_hsc_myofibroblast,25,0.27307692307692305,0.1815818418158184,0.36931900030335946
GSE256398,disease_group_plus_qc,singscore,RAM2019_ENDO_5,endothelial,RAM2019_MES_VSMC,mesenchymal_hsc_myofibroblast,25,0.28076923076923077,0.17178282171782822,0.3554127345886101
GSE256398,disease_group_plus_qc,singscore,RAM2019_ENDO_5,endothelial,RAM2019_SAMES_A,mesenchymal_hsc_myofibroblast,25,0.04384615384615385,0.82991700829917,0.8891967946062537
GSE256398,disease_group_plus_qc,singscore,RAM2019_ENDO_5,endothelial,RAM2019_SAMES_B,mesenchymal_hsc_myofibroblast,25,0.46384615384615385,0.018998100189981004,0.06908400069084002
GSE256398,disease_group_plus_qc,singscore,RAM2019_ENDO_6_SAENDO1,endothelial,RAM2019_MAC_SIG_A_SAM,macrophage_monocyte,24,0.5321739130434783,0.007899210078992101,0.0417349569390887
GSE256398,disease_group_plus_qc,singscore,RAM2019_ENDO_6_SAENDO1,endothelial,RAM2019_MAC_SIG_B_SAM,macrophage_monocyte,24,-0.05739130434782608,0.7916208379162084,0.879578708795787
GSE256398,disease_group_plus_qc,singscore,RAM2019_ENDO_6_SAENDO1,endothelial,RAM2019_MAC_SIG_C_KC,macrophage_monocyte,24,-0.13826086956521738,0.5145485451454854,0.663933606639336
GSE256398,disease_group_plus_qc,singscore,RAM2019_ENDO_6_SAENDO1,endothelial,RAM2019_MAC_SIG_D_TMO,macrophage_monocyte,24,0.2617391304347826,0.20707929207079293,0.40079862981443787
GSE256398,disease_group_plus_qc,singscore,RAM2019_ENDO_6_SAENDO1,endothelial,RAM2019_MAC_SIG_E_TMO,macrophage_monocyte,24,0.08695652173913042,0.6898310168983102,0.7959588656518963
GSE256398,disease_group_plus_qc,singscore,RAM2019_ENDO_6_SAENDO1,endothelial,RAM2019_MAC_SIG_F_CDC1,macrophage_monocyte,24,-0.040869565217391296,0.8444155584441556,0.896724486843351
GSE256398,disease_group_plus_qc,singscore,RAM2019_ENDO_6_SAENDO1,endothelial,RAM2019_MES_HSC,mesenchymal_hsc_myofibroblast,25,0.28769230769230764,0.1593840615938406,0.3403870139301859
GSE256398,disease_group_plus_qc,singscore,RAM2019_ENDO_6_SAENDO1,endothelial,RAM2019_MES_MESOTHELIAL,mesenchymal_hsc_myofibroblast,25,0.16461538461538464,0.42295770422957707,0.5833899368683821
GSE256398,disease_group_plus_qc,singscore,RAM2019_ENDO_6_SAENDO1,endothelial,RAM2019_MES_SAMES,mesenchymal_hsc_myofibroblast,25,0.1776923076923077,0.38936106389361064,0.5562300912765866
GSE256398,disease_group_plus_qc,singscore,RAM2019_ENDO_6_SAENDO1,endothelial,RAM2019_MES_VSMC,mesenchymal_hsc_myofibroblast,25,0.3730769230769231,0.07069293070692931,0.192798901927989
GSE256398,disease_group_plus_qc,singscore,RAM2019_ENDO_6_SAENDO1,endothelial,RAM2019_SAMES_A,mesenchymal_hsc_myofibroblast,25,-0.03230769230769231,0.8812118788121188,0.9195254387604719
GSE256398,disease_group_plus_qc,singscore,RAM2019_ENDO_6_SAENDO1,endothelial,RAM2019_SAMES_B,mesenchymal_hsc_myofibroblast,25,0.33307692307692305,0.10538946105389461,0.26347365263473654
GSE256398,disease_group_plus_qc,singscore,RAM2019_ENDO_7_SAENDO2,endothelial,RAM2019_MAC_SIG_A_SAM,macrophage_monocyte,24,0.5339130434782609,0.009599040095990401,0.04607539246075392
GSE256398,disease_group_plus_qc,singscore,RAM2019_ENDO_7_SAENDO2,endothelial,RAM2019_MAC_SIG_B_SAM,macrophage_monocyte,24,0.588695652173913,0.0031996800319968005,0.03138147723689169
GSE256398,disease_group_plus_qc,singscore,RAM2019_ENDO_7_SAENDO2,endothelial,RAM2019_MAC_SIG_C_KC,macrophage_monocyte,24,0.32260869565217387,0.12188781121887811,0.28127956435125717
GSE256398,disease_group_plus_qc,singscore,RAM2019_ENDO_7_SAENDO2,endothelial,RAM2019_MAC_SIG_D_TMO,macrophage_monocyte,24,0.38434782608695645,0.06239376062393761,0.1752382901244759
GSE256398,disease_group_plus_qc,singscore,RAM2019_ENDO_7_SAENDO2,endothelial,RAM2019_MAC_SIG_E_TMO,macrophage_monocyte,24,0.5904347826086956,0.0025997400259974,0.0311968803119688
GSE256398,disease_group_plus_qc,singscore,RAM2019_ENDO_7_SAENDO2,endothelial,RAM2019_MAC_SIG_F_CDC1,macrophage_monocyte,24,0.6226086956521739,0.001999800019998,0.026664000266640002
GSE256398,disease_group_plus_qc,singscore,RAM2019_ENDO_7_SAENDO2,endothelial,RAM2019_MES_HSC,mesenchymal_hsc_myofibroblast,25,0.25769230769230766,0.2126787321267873,0.40149831170729083
GSE256398,disease_group_plus_qc,singscore,RAM2019_ENDO_7_SAENDO2,endothelial,RAM2019_MES_MESOTHELIAL,mesenchymal_hsc_myofibroblast,25,0.7438461538461538,9.999000099990002e-05,0.0029997000299970007
GSE256398,disease_group_plus_qc,singscore,RAM2019_ENDO_7_SAENDO2,endothelial,RAM2019_MES_SAMES,mesenchymal_hsc_myofibroblast,25,0.7546153846153847,9.999000099990002e-05,0.0029997000299970007
GSE256398,disease_group_plus_qc,singscore,RAM2019_ENDO_7_SAENDO2,endothelial,RAM2019_MES_VSMC,mesenchymal_hsc_myofibroblast,25,0.5615384615384615,0.0033996600339966003,0.03138147723689169
GSE256398,disease_group_plus_qc,singscore,RAM2019_ENDO_7_SAENDO2,endothelial,RAM2019_SAMES_A,mesenchymal_hsc_myofibroblast,25,0.3492307692307692,0.0861913808619138,0.22484708050934032
GSE256398,disease_group_plus_qc,singscore,RAM2019_ENDO_7_SAENDO2,endothelial,RAM2019_SAMES_B,mesenchymal_hsc_myofibroblast,25,0.7623076923076924,9.999000099990002e-05,0.0029997000299970007
GSE256398,disease_group_plus_qc,singscore,RAM2019_MAC_SIG_A_SAM,macrophage_monocyte,RAM2019_MES_HSC,mesenchymal_hsc_myofibroblast,24,-0.2208695652173913,0.297970202979702,0.45841569689184924
GSE256398,disease_group_plus_qc,singscore,RAM2019_MAC_SIG_A_SAM,macrophage_monocyte,RAM2019_MES_MESOTHELIAL,mesenchymal_hsc_myofibroblast,24,0.5904347826086956,0.0031996800319968005,0.03138147723689169
GSE256398,disease_group_plus_qc,singscore,RAM2019_MAC_SIG_A_SAM,macrophage_monocyte,RAM2019_MES_SAMES,mesenchymal_hsc_myofibroblast,24,0.5356521739130434,0.007999200079992,0.0417349569390887
GSE256398,disease_group_plus_qc,singscore,RAM2019_MAC_SIG_A_SAM,macrophage_monocyte,RAM2019_MES_VSMC,mesenchymal_hsc_myofibroblast,24,0.3878260869565217,0.061193880611938804,0.1752382901244759
GSE256398,disease_group_plus_qc,singscore,RAM2019_MAC_SIG_A_SAM,macrophage_monocyte,RAM2019_SAMES_A,mesenchymal_hsc_myofibroblast,24,0.027826086956521737,0.901009899010099,0.9293429631395834
GSE256398,disease_group_plus_qc,singscore,RAM2019_MAC_SIG_A_SAM,macrophage_monocyte,RAM2019_SAMES_B,mesenchymal_hsc_myofibroblast,24,0.6121739130434782,0.0016998300169983002,0.0254974502549745
GSE256398,disease_group_plus_qc,singscore,RAM2019_MAC_SIG_B_SAM,macrophage_monocyte,RAM2019_MES_HSC,mesenchymal_hsc_myofibroblast,24,0.32434782608695645,0.11788821117888211,0.28127956435125717
GSE256398,disease_group_plus_qc,singscore,RAM2019_MAC_SIG_B_SAM,macrophage_monocyte,RAM2019_MES_MESOTHELIAL,mesenchymal_hsc_myofibroblast,24,0.6982608695652174,0.0006999300069993001,0.013712914422843432
GSE256398,disease_group_plus_qc,singscore,RAM2019_MAC_SIG_B_SAM,macrophage_monocyte,RAM2019_MES_SAMES,mesenchymal_hsc_myofibroblast,24,0.6756521739130433,0.0005999400059994001,0.013712914422843432
GSE256398,disease_group_plus_qc,singscore,RAM2019_MAC_SIG_B_SAM,macrophage_monocyte,RAM2019_MES_VSMC,mesenchymal_hsc_myofibroblast,24,0.5695652173913043,0.0045995400459954,0.035364884564175164
GSE256398,disease_group_plus_qc,singscore,RAM2019_MAC_SIG_B_SAM,macrophage_monocyte,RAM2019_SAMES_A,mesenchymal_hsc_myofibroblast,24,0.41739130434782606,0.04459554044595541,0.14463418523012567
GSE256398,disease_group_plus_qc,singscore,RAM2019_MAC_SIG_B_SAM,macrophage_monocyte,RAM2019_SAMES_B,mesenchymal_hsc_myofibroblast,24,0.48260869565217385,0.0165983401659834,0.06224377562243775
GSE256398,disease_group_plus_qc,singscore,RAM2019_MAC_SIG_C_KC,macrophage_monocyte,RAM2019_MES_HSC,mesenchymal_hsc_myofibroblast,24,0.49478260869565216,0.014198580141985802,0.05496224571091278
GSE256398,disease_group_plus_qc,singscore,RAM2019_MAC_SIG_C_KC,macrophage_monocyte,RAM2019_MES_MESOTHELIAL,mesenchymal_hsc_myofibroblast,24,0.3913043478260869,0.0627937206279372,0.1752382901244759
GSE256398,disease_group_plus_qc,singscore,RAM2019_MAC_SIG_C_KC,macrophage_monocyte,RAM2019_MES_SAMES,mesenchymal_hsc_myofibroblast,24,0.40782608695652167,0.04939506049395061,0.15198480151984803
GSE256398,disease_group_plus_qc,singscore,RAM2019_MAC_SIG_C_KC,macrophage_monocyte,RAM2019_MES_VSMC,mesenchymal_hsc_myofibroblast,24,0.28086956521739126,0.18488151184881513,0.36976302369763026
GSE256398,disease_group_plus_qc,singscore,RAM2019_MAC_SIG_C_KC,macrophage_monocyte,RAM2019_SAMES_A,mesenchymal_hsc_myofibroblast,24,0.2504347826086956,0.23427657234276572,0.41959983106167
GSE256398,disease_group_plus_qc,singscore,RAM2019_MAC_SIG_C_KC,macrophage_monocyte,RAM2019_SAMES_B,mesenchymal_hsc_myofibroblast,24,0.23913043478260865,0.25847415258474155,0.42875712428757123
GSE256398,disease_group_plus_qc,singscore,RAM2019_MAC_SIG_D_TMO,macrophage_monocyte,RAM2019_MES_HSC,mesenchymal_hsc_myofibroblast,24,-0.18173913043478263,0.3848615138486151,0.5562300912765866
GSE256398,disease_group_plus_qc,singscore,RAM2019_MAC_SIG_D_TMO,macrophage_monocyte,RAM2019_MES_MESOTHELIAL,mesenchymal_hsc_myofibroblast,24,0.571304347826087,0.004899510048995101,0.035364884564175164
GSE256398,disease_group_plus_qc,singscore,RAM2019_MAC_SIG_D_TMO,macrophage_monocyte,RAM2019_MES_SAMES,mesenchymal_hsc_myofibroblast,24,0.5730434782608694,0.004899510048995101,0.035364884564175164
GSE256398,disease_group_plus_qc,singscore,RAM2019_MAC_SIG_D_TMO,macrophage_monocyte,RAM2019_MES_VSMC,mesenchymal_hsc_myofibroblast,24,0.1391304347826087,0.5201479852014799,0.6640187045125274
GSE256398,disease_group_plus_qc,singscore,RAM2019_MAC_SIG_D_TMO,macrophage_monocyte,RAM2019_SAMES_A,mesenchymal_hsc_myofibroblast,24,0.5130434782608695,0.011998800119988001,0.0496502073930538
GSE256398,disease_group_plus_qc,singscore,RAM2019_MAC_SIG_D_TMO,macrophage_monocyte,RAM2019_SAMES_B,mesenchymal_hsc_myofibroblast,24,0.5130434782608695,0.010498950104989501,0.04845669279225924
GSE256398,disease_group_plus_qc,singscore,RAM2019_MAC_SIG_E_TMO,macrophage_monocyte,RAM2019_MES_HSC,mesenchymal_hsc_myofibroblast,24,0.5095652173913043,0.0115988401159884,0.0496502073930538
GSE256398,disease_group_plus_qc,singscore,RAM2019_MAC_SIG_E_TMO,macrophage_monocyte,RAM2019_MES_MESOTHELIAL,mesenchymal_hsc_myofibroblast,24,0.5156521739130434,0.009499050094990502,0.04607539246075392
GSE256398,disease_group_plus_qc,singscore,RAM2019_MAC_SIG_E_TMO,macrophage_monocyte,RAM2019_MES_SAMES,mesenchymal_hsc_myofibroblast,24,0.5591304347826086,0.005499450054994501,0.035364884564175164
GSE256398,disease_group_plus_qc,singscore,RAM2019_MAC_SIG_E_TMO,macrophage_monocyte,RAM2019_MES_VSMC,mesenchymal_hsc_myofibroblast,24,0.5504347826086956,0.0051994800519948,0.035364884564175164
GSE256398,disease_group_plus_qc,singscore,RAM2019_MAC_SIG_E_TMO,macrophage_monocyte,RAM2019_SAMES_A,mesenchymal_hsc_myofibroblast,24,0.2504347826086956,0.24037596240375964,0.42419287483016405
GSE256398,disease_group_plus_qc,singscore,RAM2019_MAC_SIG_E_TMO,macrophage_monocyte,RAM2019_SAMES_B,mesenchymal_hsc_myofibroblast,24,0.5417391304347825,0.0072992700729927005,0.04171011470281543
GSE256398,disease_group_plus_qc,singscore,RAM2019_MAC_SIG_F_CDC1,macrophage_monocyte,RAM2019_MES_HSC,mesenchymal_hsc_myofibroblast,24,0.4121739130434783,0.046295370462953706,0.14619590672511695
GSE256398,disease_group_plus_qc,singscore,RAM2019_MAC_SIG_F_CDC1,macrophage_monocyte,RAM2019_MES_MESOTHELIAL,mesenchymal_hsc_myofibroblast,24,0.5539130434782608,0.005599440055994401,0.035364884564175164
GSE256398,disease_group_plus_qc,singscore,RAM2019_MAC_SIG_F_CDC1,macrophage_monocyte,RAM2019_MES_SAMES,mesenchymal_hsc_myofibroblast,24,0.6373913043478261,0.0007999200079992001,0.013712914422843432
GSE256398,disease_group_plus_qc,singscore,RAM2019_MAC_SIG_F_CDC1,macrophage_monocyte,RAM2019_MES_VSMC,mesenchymal_hsc_myofibroblast,24,0.4782608695652173,0.0197980201979802,0.069875365404636
GSE256398,disease_group_plus_qc,singscore,RAM2019_MAC_SIG_F_CDC1,macrophage_monocyte,RAM2019_SAMES_A,mesenchymal_hsc_myofibroblast,24,0.31913043478260866,0.1327867213278672,0.295081602950816
GSE256398,disease_group_plus_qc,singscore,RAM2019_MAC_SIG_F_CDC1,macrophage_monocyte,RAM2019_SAMES_B,mesenchymal_hsc_myofibroblast,24,0.3660869565217391,0.07849215078492151,0.20931240209312404
GSE256398,disease_group_plus_qc,standardized_mean,RAM2019_ENDO_1,endothelial,RAM2019_MAC_SIG_A_SAM,macrophage_monocyte,24,-0.08347826086956521,0.6978302169783022,0.8632407787258657
GSE256398,disease_group_plus_qc,standardized_mean,RAM2019_ENDO_1,endothelial,RAM2019_MAC_SIG_B_SAM,macrophage_monocyte,24,0.58,0.0038996100389961006,0.03899610038996101
GSE256398,disease_group_plus_qc,standardized_mean,RAM2019_ENDO_1,endothelial,RAM2019_MAC_SIG_C_KC,macrophage_monocyte,24,0.646086956521739,0.0013998600139986002,0.023997600239976002
GSE256398,disease_group_plus_qc,standardized_mean,RAM2019_ENDO_1,endothelial,RAM2019_MAC_SIG_D_TMO,macrophage_monocyte,24,0.19304347826086957,0.36876312368763126,0.6232616175002218
GSE256398,disease_group_plus_qc,standardized_mean,RAM2019_ENDO_1,endothelial,RAM2019_MAC_SIG_E_TMO,macrophage_monocyte,24,0.3756521739130434,0.06919308069193081,0.2180781921807819
GSE256398,disease_group_plus_qc,standardized_mean,RAM2019_ENDO_1,endothelial,RAM2019_MAC_SIG_F_CDC1,macrophage_monocyte,24,0.11652173913043477,0.5826417358264173,0.7945114579451146
GSE256398,disease_group_plus_qc,standardized_mean,RAM2019_ENDO_1,endothelial,RAM2019_MES_HSC,mesenchymal_hsc_myofibroblast,25,0.08923076923076922,0.6715328467153284,0.8572759745302065
GSE256398,disease_group_plus_qc,standardized_mean,RAM2019_ENDO_1,endothelial,RAM2019_MES_MESOTHELIAL,mesenchymal_hsc_myofibroblast,25,0.36846153846153845,0.071992800719928,0.2180781921807819
GSE256398,disease_group_plus_qc,standardized_mean,RAM2019_ENDO_1,endothelial,RAM2019_MES_SAMES,mesenchymal_hsc_myofibroblast,25,0.30153846153846153,0.1508849115088491,0.355023321197292
GSE256398,disease_group_plus_qc,standardized_mean,RAM2019_ENDO_1,endothelial,RAM2019_MES_VSMC,mesenchymal_hsc_myofibroblast,25,0.04538461538461538,0.8264173582641736,0.8784384719422795
GSE256398,disease_group_plus_qc,standardized_mean,RAM2019_ENDO_1,endothelial,RAM2019_SAMES_A,mesenchymal_hsc_myofibroblast,25,0.17307692307692307,0.40805919408059194,0.666478806664788
GSE256398,disease_group_plus_qc,standardized_mean,RAM2019_ENDO_1,endothelial,RAM2019_SAMES_B,mesenchymal_hsc_myofibroblast,25,0.2784615384615384,0.17838216178382163,0.3977380039773801
GSE256398,disease_group_plus_qc,standardized_mean,RAM2019_ENDO_2,endothelial,RAM2019_MAC_SIG_A_SAM,macrophage_monocyte,24,0.32,0.1341865813418658,0.3426040374685935
GSE256398,disease_group_plus_qc,standardized_mean,RAM2019_ENDO_2,endothelial,RAM2019_MAC_SIG_B_SAM,macrophage_monocyte,24,0.1695652173913043,0.4223577642235776,0.666478806664788
GSE256398,disease_group_plus_qc,standardized_mean,RAM2019_ENDO_2,endothelial,RAM2019_MAC_SIG_C_KC,macrophage_monocyte,24,-0.21826086956521737,0.2947705229477052,0.5526947305269473
GSE256398,disease_group_plus_qc,standardized_mean,RAM2019_ENDO_2,endothelial,RAM2019_MAC_SIG_D_TMO,macrophage_monocyte,24,0.054782608695652164,0.8028197180281972,0.8739666573883152
GSE256398,disease_group_plus_qc,standardized_mean,RAM2019_ENDO_2,endothelial,RAM2019_MAC_SIG_E_TMO,macrophage_monocyte,24,0.3904347826086956,0.05649435056494351,0.18831450188314502
GSE256398,disease_group_plus_qc,standardized_mean,RAM2019_ENDO_2,endothelial,RAM2019_MAC_SIG_F_CDC1,macrophage_monocyte,24,0.07826086956521738,0.7135286471352865,0.8632407787258657
GSE256398,disease_group_plus_qc,standardized_mean,RAM2019_ENDO_2,endothelial,RAM2019_MES_HSC,mesenchymal_hsc_myofibroblast,25,0.20076923076923076,0.33566643335666435,0.5843415658434157
GSE256398,disease_group_plus_qc,standardized_mean,RAM2019_ENDO_2,endothelial,RAM2019_MES_MESOTHELIAL,mesenchymal_hsc_myofibroblast,25,0.20230769230769227,0.33296670332966705,0.5843415658434157
GSE256398,disease_group_plus_qc,standardized_mean,RAM2019_ENDO_2,endothelial,RAM2019_MES_SAMES,mesenchymal_hsc_myofibroblast,25,0.3638461538461538,0.07269273072692731,0.2180781921807819
GSE256398,disease_group_plus_qc,standardized_mean,RAM2019_ENDO_2,endothelial,RAM2019_MES_VSMC,mesenchymal_hsc_myofibroblast,25,0.586923076923077,0.0026997300269973002,0.029451600294516003
GSE256398,disease_group_plus_qc,standardized_mean,RAM2019_ENDO_2,endothelial,RAM2019_SAMES_A,mesenchymal_hsc_myofibroblast,25,0.01923076923076923,0.9287071292870713,0.9444479280885472
GSE256398,disease_group_plus_qc,standardized_mean,RAM2019_ENDO_2,endothelial,RAM2019_SAMES_B,mesenchymal_hsc_myofibroblast,25,0.3553846153846154,0.0842915708429157,0.23523229072441593
GSE256398,disease_group_plus_qc,standardized_mean,RAM2019_ENDO_3,endothelial,RAM2019_MAC_SIG_A_SAM,macrophage_monocyte,24,-0.13739130434782607,0.5215478452154785,0.7620633285508659
GSE256398,disease_group_plus_qc,standardized_mean,RAM2019_ENDO_3,endothelial,RAM2019_MAC_SIG_B_SAM,macrophage_monocyte,24,-0.06695652173913043,0.7563243675632437,0.8632407787258657
GSE256398,disease_group_plus_qc,standardized_mean,RAM2019_ENDO_3,endothelial,RAM2019_MAC_SIG_C_KC,macrophage_monocyte,24,0.17304347826086955,0.42015798420157985,0.666478806664788
GSE256398,disease_group_plus_qc,standardized_mean,RAM2019_ENDO_3,endothelial,RAM2019_MAC_SIG_D_TMO,macrophage_monocyte,24,0.04521739130434782,0.832016798320168,0.8784384719422795
GSE256398,disease_group_plus_qc,standardized_mean,RAM2019_ENDO_3,endothelial,RAM2019_MAC_SIG_E_TMO,macrophage_monocyte,24,-0.3321739130434782,0.11068893110688931,0.301878903018789
GSE256398,disease_group_plus_qc,standardized_mean,RAM2019_ENDO_3,endothelial,RAM2019_MAC_SIG_F_CDC1,macrophage_monocyte,24,-0.32956521739130434,0.11828817118288171,0.30857783786838705
GSE256398,disease_group_plus_qc,standardized_mean,RAM2019_ENDO_3,endothelial,RAM2019_MES_HSC,mesenchymal_hsc_myofibroblast,25,-0.2538461538461539,0.21847815218478153,0.45202376314092735
GSE256398,disease_group_plus_qc,standardized_mean,RAM2019_ENDO_3,endothelial,RAM2019_MES_MESOTHELIAL,mesenchymal_hsc_myofibroblast,25,-0.13692307692307693,0.5081491850814919,0.7528136075281361
GSE256398,disease_group_plus_qc,standardized_mean,RAM2019_ENDO_3,endothelial,RAM2019_MES_SAMES,mesenchymal_hsc_myofibroblast,25,-0.12538461538461537,0.5461453854614539,0.7620633285508659
GSE256398,disease_group_plus_qc,standardized_mean,RAM2019_ENDO_3,endothelial,RAM2019_MES_VSMC,mesenchymal_hsc_myofibroblast,25,-0.19999999999999998,0.34066593340665935,0.5843415658434157
GSE256398,disease_group_plus_qc,standardized_mean,RAM2019_ENDO_3,endothelial,RAM2019_SAMES_A,mesenchymal_hsc_myofibroblast,25,0.1815384615384615,0.385961403859614,0.64326900643269
GSE256398,disease_group_plus_qc,standardized_mean,RAM2019_ENDO_3,endothelial,RAM2019_SAMES_B,mesenchymal_hsc_myofibroblast,25,-0.2592307692307692,0.20667933206679331,0.45027076239744446
GSE256398,disease_group_plus_qc,standardized_mean,RAM2019_ENDO_4,endothelial,RAM2019_MAC_SIG_A_SAM,macrophage_monocyte,24,0.006956521739130434,0.9766023397660234,0.9825017498250175
GSE256398,disease_group_plus_qc,standardized_mean,RAM2019_ENDO_4,endothelial,RAM2019_MAC_SIG_B_SAM,macrophage_monocyte,24,0.21826086956521737,0.3033696630336966,0.5600670702160553
GSE256398,disease_group_plus_qc,standardized_mean,RAM2019_ENDO_4,endothelial,RAM2019_MAC_SIG_C_KC,macrophage_monocyte,24,0.25478260869565217,0.23467653234676533,0.47595240475952405
GSE256398,disease_group_plus_qc,standardized_mean,RAM2019_ENDO_4,endothelial,RAM2019_MAC_SIG_D_TMO,macrophage_monocyte,24,0.14608695652173911,0.49495050494950504,0.7424257574242576
GSE256398,disease_group_plus_qc,standardized_mean,RAM2019_ENDO_4,endothelial,RAM2019_MAC_SIG_E_TMO,macrophage_monocyte,24,0.17043478260869566,0.4276572342765723,0.666478806664788
GSE256398,disease_group_plus_qc,standardized_mean,RAM2019_ENDO_4,endothelial,RAM2019_MAC_SIG_F_CDC1,macrophage_monocyte,24,-0.2617391304347826,0.21387861213878612,0.45027076239744446
GSE256398,disease_group_plus_qc,standardized_mean,RAM2019_ENDO_4,endothelial,RAM2019_MES_HSC,mesenchymal_hsc_myofibroblast,25,0.050769230769230775,0.8084191580841916,0.8739666573883152
GSE256398,disease_group_plus_qc,standardized_mean,RAM2019_ENDO_4,endothelial,RAM2019_MES_MESOTHELIAL,mesenchymal_hsc_myofibroblast,25,0.10461538461538461,0.6153384661533846,0.8147446124952723
GSE256398,disease_group_plus_qc,standardized_mean,RAM2019_ENDO_4,endothelial,RAM2019_MES_SAMES,mesenchymal_hsc_myofibroblast,25,0.15538461538461537,0.46225377462253775,0.7111596532654426
GSE256398,disease_group_plus_qc,standardized_mean,RAM2019_ENDO_4,endothelial,RAM2019_MES_VSMC,mesenchymal_hsc_myofibroblast,25,-0.06230769230769231,0.7697230276972302,0.8632407787258657
GSE256398,disease_group_plus_qc,standardized_mean,RAM2019_ENDO_4,endothelial,RAM2019_SAMES_A,mesenchymal_hsc_myofibroblast,25,0.1676923076923077,0.42025797420257976,0.666478806664788
GSE256398,disease_group_plus_qc,standardized_mean,RAM2019_ENDO_4,endothelial,RAM2019_SAMES_B,mesenchymal_hsc_myofibroblast,25,0.06538461538461539,0.7533246675332467,0.8632407787258657
GSE256398,disease_group_plus_qc,standardized_mean,RAM2019_ENDO_5,endothelial,RAM2019_MAC_SIG_A_SAM,macrophage_monocyte,24,0.4765217391304347,0.0193980601939806,0.08356307226420215
GSE256398,disease_group_plus_qc,standardized_mean,RAM2019_ENDO_5,endothelial,RAM2019_MAC_SIG_B_SAM,macrophage_monocyte,24,0.20434782608695648,0.3367663233676632,0.5843415658434157
GSE256398,disease_group_plus_qc,standardized_mean,RAM2019_ENDO_5,endothelial,RAM2019_MAC_SIG_C_KC,macrophage_monocyte,24,-0.13391304347826086,0.5351464853514648,0.7620633285508659
GSE256398,disease_group_plus_qc,standardized_mean,RAM2019_ENDO_5,endothelial,RAM2019_MAC_SIG_D_TMO,macrophage_monocyte,24,0.11043478260869564,0.6056394360563944,0.8147446124952723
GSE256398,disease_group_plus_qc,standardized_mean,RAM2019_ENDO_5,endothelial,RAM2019_MAC_SIG_E_TMO,macrophage_monocyte,24,0.38608695652173913,0.0675932406759324,0.2180781921807819
GSE256398,disease_group_plus_qc,standardized_mean,RAM2019_ENDO_5,endothelial,RAM2019_MAC_SIG_F_CDC1,macrophage_monocyte,24,-0.02695652173913043,0.8997100289971003,0.9227795169201028
GSE256398,disease_group_plus_qc,standardized_mean,RAM2019_ENDO_5,endothelial,RAM2019_MES_HSC,mesenchymal_hsc_myofibroblast,25,0.27384615384615385,0.17898210178982102,0.3977380039773801
GSE256398,disease_group_plus_qc,standardized_mean,RAM2019_ENDO_5,endothelial,RAM2019_MES_MESOTHELIAL,mesenchymal_hsc_myofibroblast,25,0.2823076923076923,0.16328367163283672,0.37680847299885395
GSE256398,disease_group_plus_qc,standardized_mean,RAM2019_ENDO_5,endothelial,RAM2019_MES_SAMES,mesenchymal_hsc_myofibroblast,25,0.3561538461538461,0.08339166083391661,0.23523229072441593
GSE256398,disease_group_plus_qc,standardized_mean,RAM2019_ENDO_5,endothelial,RAM2019_MES_VSMC,mesenchymal_hsc_myofibroblast,25,0.52,0.009099090090990901,0.064660200646602
GSE256398,disease_group_plus_qc,standardized_mean,RAM2019_ENDO_5,endothelial,RAM2019_SAMES_A,mesenchymal_hsc_myofibroblast,25,0.14307692307692307,0.49365063493650635,0.7424257574242576
GSE256398,disease_group_plus_qc,standardized_mean,RAM2019_ENDO_5,endothelial,RAM2019_SAMES_B,mesenchymal_hsc_myofibroblast,25,0.4715384615384615,0.017598240175982403,0.08122264696607263
GSE256398,disease_group_plus_qc,standardized_mean,RAM2019_ENDO_6_SAENDO1,endothelial,RAM2019_MAC_SIG_A_SAM,macrophage_monocyte,24,0.5173913043478261,0.009499050094990502,0.064660200646602
GSE256398,disease_group_plus_qc,standardized_mean,RAM2019_ENDO_6_SAENDO1,endothelial,RAM2019_MAC_SIG_B_SAM,macrophage_monocyte,24,0.07478260869565216,0.7310268973102689,0.8632407787258657
GSE256398,disease_group_plus_qc,standardized_mean,RAM2019_ENDO_6_SAENDO1,endothelial,RAM2019_MAC_SIG_C_KC,macrophage_monocyte,24,-0.06782608695652173,0.7487251274872513,0.8632407787258657
GSE256398,disease_group_plus_qc,standardized_mean,RAM2019_ENDO_6_SAENDO1,endothelial,RAM2019_MAC_SIG_D_TMO,macrophage_monocyte,24,-0.06869565217391303,0.7464253574642535,0.8632407787258657
GSE256398,disease_group_plus_qc,standardized_mean,RAM2019_ENDO_6_SAENDO1,endothelial,RAM2019_MAC_SIG_E_TMO,macrophage_monocyte,24,0.3313043478260869,0.11508849115088492,0.3069026430690264
GSE256398,disease_group_plus_qc,standardized_mean,RAM2019_ENDO_6_SAENDO1,endothelial,RAM2019_MAC_SIG_F_CDC1,macrophage_monocyte,24,-0.08347826086956521,0.6990300969903009,0.8632407787258657
GSE256398,disease_group_plus_qc,standardized_mean,RAM2019_ENDO_6_SAENDO1,endothelial,RAM2019_MES_HSC,mesenchymal_hsc_myofibroblast,25,0.19769230769230767,0.3408659134086591,0.5843415658434157
GSE256398,disease_group_plus_qc,standardized_mean,RAM2019_ENDO_6_SAENDO1,endothelial,RAM2019_MES_MESOTHELIAL,mesenchymal_hsc_myofibroblast,25,0.11615384615384615,0.5755424457554245,0.7938516493178269
GSE256398,disease_group_plus_qc,standardized_mean,RAM2019_ENDO_6_SAENDO1,endothelial,RAM2019_MES_SAMES,mesenchymal_hsc_myofibroblast,25,0.22692307692307692,0.2812718728127187,0.5357559482147023
GSE256398,disease_group_plus_qc,standardized_mean,RAM2019_ENDO_6_SAENDO1,endothelial,RAM2019_MES_VSMC,mesenchymal_hsc_myofibroblast,25,0.536923076923077,0.0081991800819918,0.064660200646602
GSE256398,disease_group_plus_qc,standardized_mean,RAM2019_ENDO_6_SAENDO1,endothelial,RAM2019_SAMES_A,mesenchymal_hsc_myofibroblast,25,0.005384615384615384,0.9825017498250175,0.9825017498250175
GSE256398,disease_group_plus_qc,standardized_mean,RAM2019_ENDO_6_SAENDO1,endothelial,RAM2019_SAMES_B,mesenchymal_hsc_myofibroblast,25,0.40230769230769226,0.0458954104589541,0.16198380161983802
GSE256398,disease_group_plus_qc,standardized_mean,RAM2019_ENDO_7_SAENDO2,endothelial,RAM2019_MAC_SIG_A_SAM,macrophage_monocyte,24,0.4782608695652173,0.019498050194980503,0.08356307226420215
GSE256398,disease_group_plus_qc,standardized_mean,RAM2019_ENDO_7_SAENDO2,endothelial,RAM2019_MAC_SIG_B_SAM,macrophage_monocyte,24,0.5234782608695652,0.0096990300969903,0.064660200646602
GSE256398,disease_group_plus_qc,standardized_mean,RAM2019_ENDO_7_SAENDO2,endothelial,RAM2019_MAC_SIG_C_KC,macrophage_monocyte,24,0.04521739130434782,0.8345165483451655,0.8784384719422795
GSE256398,disease_group_plus_qc,standardized_mean,RAM2019_ENDO_7_SAENDO2,endothelial,RAM2019_MAC_SIG_D_TMO,macrophage_monocyte,24,0.22869565217391302,0.27717228277172284,0.5357559482147023
GSE256398,disease_group_plus_qc,standardized_mean,RAM2019_ENDO_7_SAENDO2,endothelial,RAM2019_MAC_SIG_E_TMO,macrophage_monocyte,24,0.49999999999999994,0.015398460153984602,0.07487251274872513
GSE256398,disease_group_plus_qc,standardized_mean,RAM2019_ENDO_7_SAENDO2,endothelial,RAM2019_MAC_SIG_F_CDC1,macrophage_monocyte,24,0.6182608695652172,0.0007999200079992001,0.023997600239976002
GSE256398,disease_group_plus_qc,standardized_mean,RAM2019_ENDO_7_SAENDO2,endothelial,RAM2019_MES_HSC,mesenchymal_hsc_myofibroblast,25,0.2569230769230769,0.21237876212378762,0.45027076239744446
GSE256398,disease_group_plus_qc,standardized_mean,RAM2019_ENDO_7_SAENDO2,endothelial,RAM2019_MES_MESOTHELIAL,mesenchymal_hsc_myofibroblast,25,0.6507692307692308,0.0012998700129987,0.023997600239976002
GSE256398,disease_group_plus_qc,standardized_mean,RAM2019_ENDO_7_SAENDO2,endothelial,RAM2019_MES_SAMES,mesenchymal_hsc_myofibroblast,25,0.666923076923077,0.00039996000399960006,0.015998400159984005
GSE256398,disease_group_plus_qc,standardized_mean,RAM2019_ENDO_7_SAENDO2,endothelial,RAM2019_MES_VSMC,mesenchymal_hsc_myofibroblast,25,0.5076923076923078,0.011698830116988301,0.06685045781136172
GSE256398,disease_group_plus_qc,standardized_mean,RAM2019_ENDO_7_SAENDO2,endothelial,RAM2019_SAMES_A,mesenchymal_hsc_myofibroblast,25,-0.06384615384615384,0.7575242475752425,0.8632407787258657
GSE256398,disease_group_plus_qc,standardized_mean,RAM2019_ENDO_7_SAENDO2,endothelial,RAM2019_SAMES_B,mesenchymal_hsc_myofibroblast,25,0.74,9.999000099990002e-05,0.011998800119988003
GSE256398,disease_group_plus_qc,standardized_mean,RAM2019_MAC_SIG_A_SAM,macrophage_monocyte,RAM2019_MES_HSC,mesenchymal_hsc_myofibroblast,24,-0.06173913043478261,0.7697230276972302,0.8632407787258657
GSE256398,disease_group_plus_qc,standardized_mean,RAM2019_MAC_SIG_A_SAM,macrophage_monocyte,RAM2019_MES_MESOTHELIAL,mesenchymal_hsc_myofibroblast,24,0.5095652173913043,0.011198880111988802,0.06685045781136172
GSE256398,disease_group_plus_qc,standardized_mean,RAM2019_MAC_SIG_A_SAM,macrophage_monocyte,RAM2019_MES_SAMES,mesenchymal_hsc_myofibroblast,24,0.6347826086956522,0.0010998900109989002,0.023997600239976002
GSE256398,disease_group_plus_qc,standardized_mean,RAM2019_MAC_SIG_A_SAM,macrophage_monocyte,RAM2019_MES_VSMC,mesenchymal_hsc_myofibroblast,24,0.4904347826086956,0.015598440155984402,0.07487251274872513
GSE256398,disease_group_plus_qc,standardized_mean,RAM2019_MAC_SIG_A_SAM,macrophage_monocyte,RAM2019_SAMES_A,mesenchymal_hsc_myofibroblast,24,0.05565217391304347,0.7898210178982101,0.8739666573883152
GSE256398,disease_group_plus_qc,standardized_mean,RAM2019_MAC_SIG_A_SAM,macrophage_monocyte,RAM2019_SAMES_B,mesenchymal_hsc_myofibroblast,24,0.4260869565217391,0.0377962203779622,0.137440801374408
GSE256398,disease_group_plus_qc,standardized_mean,RAM2019_MAC_SIG_B_SAM,macrophage_monocyte,RAM2019_MES_HSC,mesenchymal_hsc_myofibroblast,24,0.30347826086956514,0.1483851614838516,0.355023321197292
GSE256398,disease_group_plus_qc,standardized_mean,RAM2019_MAC_SIG_B_SAM,macrophage_monocyte,RAM2019_MES_MESOTHELIAL,mesenchymal_hsc_myofibroblast,24,0.7191304347826086,0.00039996000399960006,0.015998400159984005
GSE256398,disease_group_plus_qc,standardized_mean,RAM2019_MAC_SIG_B_SAM,macrophage_monocyte,RAM2019_MES_SAMES,mesenchymal_hsc_myofibroblast,24,0.6295652173913043,0.001999800019998,0.029451600294516003
GSE256398,disease_group_plus_qc,standardized_mean,RAM2019_MAC_SIG_B_SAM,macrophage_monocyte,RAM2019_MES_VSMC,mesenchymal_hsc_myofibroblast,24,0.5469565217391303,0.0053994600539946005,0.04984116972918093
GSE256398,disease_group_plus_qc,standardized_mean,RAM2019_MAC_SIG_B_SAM,macrophage_monocyte,RAM2019_SAMES_A,mesenchymal_hsc_myofibroblast,24,0.23826086956521736,0.26417358264173585,0.5196857363443984
GSE256398,disease_group_plus_qc,standardized_mean,RAM2019_MAC_SIG_B_SAM,macrophage_monocyte,RAM2019_SAMES_B,mesenchymal_hsc_myofibroblast,24,0.49652173913043474,0.013298670132986702,0.06938436591123497
GSE256398,disease_group_plus_qc,standardized_mean,RAM2019_MAC_SIG_C_KC,macrophage_monocyte,RAM2019_MES_HSC,mesenchymal_hsc_myofibroblast,24,0.31130434782608696,0.1381861813818618,0.34546545345465457
GSE256398,disease_group_plus_qc,standardized_mean,RAM2019_MAC_SIG_C_KC,macrophage_monocyte,RAM2019_MES_MESOTHELIAL,mesenchymal_hsc_myofibroblast,24,0.08434782608695651,0.6961303869613039,0.8632407787258657
GSE256398,disease_group_plus_qc,standardized_mean,RAM2019_MAC_SIG_C_KC,macrophage_monocyte,RAM2019_MES_SAMES,mesenchymal_hsc_myofibroblast,24,-0.033913043478260865,0.8789121087891211,0.9171256787364741
GSE256398,disease_group_plus_qc,standardized_mean,RAM2019_MAC_SIG_C_KC,macrophage_monocyte,RAM2019_MES_VSMC,mesenchymal_hsc_myofibroblast,24,0.12782608695652173,0.5446455354464553,0.7620633285508659
GSE256398,disease_group_plus_qc,standardized_mean,RAM2019_MAC_SIG_C_KC,macrophage_monocyte,RAM2019_SAMES_A,mesenchymal_hsc_myofibroblast,24,0.02869565217391304,0.8986101389861014,0.9227795169201028
GSE256398,disease_group_plus_qc,standardized_mean,RAM2019_MAC_SIG_C_KC,macrophage_monocyte,RAM2019_SAMES_B,mesenchymal_hsc_myofibroblast,24,0.09304347826086956,0.6625337466253375,0.8548822537101128
GSE256398,disease_group_plus_qc,standardized_mean,RAM2019_MAC_SIG_D_TMO,macrophage_monocyte,RAM2019_MES_HSC,mesenchymal_hsc_myofibroblast,24,0.05304347826086955,0.803019698030197,0.8739666573883152
GSE256398,disease_group_plus_qc,standardized_mean,RAM2019_MAC_SIG_D_TMO,macrophage_monocyte,RAM2019_MES_MESOTHELIAL,mesenchymal_hsc_myofibroblast,24,0.4669565217391304,0.0212978702129787,0.0851914808519148
GSE256398,disease_group_plus_qc,standardized_mean,RAM2019_MAC_SIG_D_TMO,macrophage_monocyte,RAM2019_MES_SAMES,mesenchymal_hsc_myofibroblast,24,0.4660869565217391,0.0201979802019798,0.08357784911164055
GSE256398,disease_group_plus_qc,standardized_mean,RAM2019_MAC_SIG_D_TMO,macrophage_monocyte,RAM2019_MES_VSMC,mesenchymal_hsc_myofibroblast,24,0.10521739130434782,0.6246375362463754,0.8147446124952723
GSE256398,disease_group_plus_qc,standardized_mean,RAM2019_MAC_SIG_D_TMO,macrophage_monocyte,RAM2019_SAMES_A,mesenchymal_hsc_myofibroblast,24,0.5208695652173913,0.0115988401159884,0.06685045781136172
GSE256398,disease_group_plus_qc,standardized_mean,RAM2019_MAC_SIG_D_TMO,macrophage_monocyte,RAM2019_SAMES_B,mesenchymal_hsc_myofibroblast,24,0.10521739130434782,0.6224377562243776,0.8147446124952723
GSE256398,disease_group_plus_qc,standardized_mean,RAM2019_MAC_SIG_E_TMO,macrophage_monocyte,RAM2019_MES_HSC,mesenchymal_hsc_myofibroblast,24,0.4339130434782608,0.0352964703529647,0.13236176382361764
GSE256398,disease_group_plus_qc,standardized_mean,RAM2019_MAC_SIG_E_TMO,macrophage_monocyte,RAM2019_MES_MESOTHELIAL,mesenchymal_hsc_myofibroblast,24,0.5330434782608695,0.008799120087991202,0.064660200646602
GSE256398,disease_group_plus_qc,standardized_mean,RAM2019_MAC_SIG_E_TMO,macrophage_monocyte,RAM2019_MES_SAMES,mesenchymal_hsc_myofibroblast,24,0.49999999999999994,0.012598740125987402,0.068720400687204
GSE256398,disease_group_plus_qc,standardized_mean,RAM2019_MAC_SIG_E_TMO,macrophage_monocyte,RAM2019_MES_VSMC,mesenchymal_hsc_myofibroblast,24,0.5973913043478261,0.0026997300269973002,0.029451600294516003
GSE256398,disease_group_plus_qc,standardized_mean,RAM2019_MAC_SIG_E_TMO,macrophage_monocyte,RAM2019_SAMES_A,mesenchymal_hsc_myofibroblast,24,0.13391304347826086,0.5354464553544646,0.7620633285508659
GSE256398,disease_group_plus_qc,standardized_mean,RAM2019_MAC_SIG_E_TMO,macrophage_monocyte,RAM2019_SAMES_B,mesenchymal_hsc_myofibroblast,24,0.6,0.0025997400259974,0.029451600294516003
GSE256398,disease_group_plus_qc,standardized_mean,RAM2019_MAC_SIG_F_CDC1,macrophage_monocyte,RAM2019_MES_HSC,mesenchymal_hsc_myofibroblast,24,0.4660869565217391,0.023797620237976203,0.0921198202760369
GSE256398,disease_group_plus_qc,standardized_mean,RAM2019_MAC_SIG_F_CDC1,macrophage_monocyte,RAM2019_MES_MESOTHELIAL,mesenchymal_hsc_myofibroblast,24,0.4052173913043478,0.05269473052694731,0.1806676475209622
GSE256398,disease_group_plus_qc,standardized_mean,RAM2019_MAC_SIG_F_CDC1,macrophage_monocyte,RAM2019_MES_SAMES,mesenchymal_hsc_myofibroblast,24,0.3565217391304348,0.0837916208379162,0.23523229072441593
GSE256398,disease_group_plus_qc,standardized_mean,RAM2019_MAC_SIG_F_CDC1,macrophage_monocyte,RAM2019_MES_VSMC,mesenchymal_hsc_myofibroblast,24,0.25217391304347825,0.23797620237976203,0.47595240475952405
GSE256398,disease_group_plus_qc,standardized_mean,RAM2019_MAC_SIG_F_CDC1,macrophage_monocyte,RAM2019_SAMES_A,mesenchymal_hsc_myofibroblast,24,0.06434782608695652,0.7658234176582341,0.8632407787258657
GSE256398,disease_group_plus_qc,standardized_mean,RAM2019_MAC_SIG_F_CDC1,macrophage_monocyte,RAM2019_SAMES_B,mesenchymal_hsc_myofibroblast,24,0.3052173913043478,0.14578542145785423,0.355023321197292
GSE256398,disease_group_only,singscore,RAM2019_ENDO_1,endothelial,RAM2019_MAC_SIG_A_SAM,macrophage_monocyte,24,0.26608695652173914,0.20883621481010178,0.2847766565592297
GSE256398,disease_group_only,singscore,RAM2019_ENDO_1,endothelial,RAM2019_MAC_SIG_B_SAM,macrophage_monocyte,24,0.5026086956521739,0.012311224300312232,0.0369336729009367
GSE256398,disease_group_only,singscore,RAM2019_ENDO_1,endothelial,RAM2019_MAC_SIG_C_KC,macrophage_monocyte,24,0.7313043478260869,4.909793141027189e-05,0.0022958505913008207
GSE256398,disease_group_only,singscore,RAM2019_ENDO_1,endothelial,RAM2019_MAC_SIG_D_TMO,macrophage_monocyte,24,0.48869565217391303,0.015385189767333836,0.04293541330418745
GSE256398,disease_group_only,singscore,RAM2019_ENDO_1,endothelial,RAM2019_MAC_SIG_E_TMO,macrophage_monocyte,24,0.5199999999999999,0.0091977198072643,0.029830442618154488
GSE256398,disease_group_only,singscore,RAM2019_ENDO_1,endothelial,RAM2019_MAC_SIG_F_CDC1,macrophage_monocyte,24,0.3921739130434782,0.05803633887025061,0.1024170685945599
GSE256398,disease_group_only,singscore,RAM2019_ENDO_1,endothelial,RAM2019_MES_HSC,mesenchymal_hsc_myofibroblast,25,0.28307692307692306,0.17032484103081014,0.23766256888020018
GSE256398,disease_group_only,singscore,RAM2019_ENDO_1,endothelial,RAM2019_MES_MESOTHELIAL,mesenchymal_hsc_myofibroblast,25,0.4584615384615385,0.021170480845165655,0.052926202112914135
GSE256398,disease_group_only,singscore,RAM2019_ENDO_1,endothelial,RAM2019_MES_SAMES,mesenchymal_hsc_myofibroblast,25,0.45230769230769236,0.023200566159354626,0.0562033675517964
GSE256398,disease_group_only,singscore,RAM2019_ENDO_1,endothelial,RAM2019_MES_VSMC,mesenchymal_hsc_myofibroblast,25,0.14307692307692307,0.4950600560452396,0.5400655156857159
GSE256398,disease_group_only,singscore,RAM2019_ENDO_1,endothelial,RAM2019_SAMES_A,mesenchymal_hsc_myofibroblast,25,0.5415384615384615,0.005176745540869125,0.022186052318010536
GSE256398,disease_group_only,singscore,RAM2019_ENDO_1,endothelial,RAM2019_SAMES_B,mesenchymal_hsc_myofibroblast,25,0.4707692307692308,0.017542529366882265,0.04576312008751895
GSE256398,disease_group_only,singscore,RAM2019_ENDO_2,endothelial,RAM2019_MAC_SIG_A_SAM,macrophage_monocyte,24,0.54,0.006453914474239906,0.024202179278399648
GSE256398,disease_group_only,singscore,RAM2019_ENDO_2,endothelial,RAM2019_MAC_SIG_B_SAM,macrophage_monocyte,24,0.2504347826086956,0.23787902276971346,0.31027698622136535
GSE256398,disease_group_only,singscore,RAM2019_ENDO_2,endothelial,RAM2019_MAC_SIG_C_KC,macrophage_monocyte,24,0.20608695652173914,0.3339723271430127,0.40734653293885165
GSE256398,disease_group_only,singscore,RAM2019_ENDO_2,endothelial,RAM2019_MAC_SIG_D_TMO,macrophage_monocyte,24,0.27391304347826084,0.1952518810744161,0.26931293941298773
GSE256398,disease_group_only,singscore,RAM2019_ENDO_2,endothelial,RAM2019_MAC_SIG_E_TMO,macrophage_monocyte,24,0.41739130434782606,0.04242428156214387,0.08580163504406049
GSE256398,disease_group_only,singscore,RAM2019_ENDO_2,endothelial,RAM2019_MAC_SIG_F_CDC1,macrophage_monocyte,24,0.4026086956521739,0.05111250253814526,0.09293182279662775
GSE256398,disease_group_only,singscore,RAM2019_ENDO_2,endothelial,RAM2019_MES_HSC,mesenchymal_hsc_myofibroblast,25,0.6838461538461539,0.0001639348334195374,0.003278696668390748
GSE256398,disease_group_only,singscore,RAM2019_ENDO_2,endothelial,RAM2019_MES_MESOTHELIAL,mesenchymal_hsc_myofibroblast,25,0.33076923076923076,0.10630845408160393,0.16567551285444768
GSE256398,disease_group_only,singscore,RAM2019_ENDO_2,endothelial,RAM2019_MES_SAMES,mesenchymal_hsc_myofibroblast,25,0.5915384615384616,0.0018428212334481065,0.01105692740068864
GSE256398,disease_group_only,singscore,RAM2019_ENDO_2,endothelial,RAM2019_MES_VSMC,mesenchymal_hsc_myofibroblast,25,0.6653846153846155,0.00028392704699323185,0.004258905704898478
GSE256398,disease_group_only,singscore,RAM2019_ENDO_2,endothelial,RAM2019_SAMES_A,mesenchymal_hsc_myofibroblast,25,0.40461538461538454,0.044831542575661756,0.08787406737171215
GSE256398,disease_group_only,singscore,RAM2019_ENDO_2,endothelial,RAM2019_SAMES_B,mesenchymal_hsc_myofibroblast,25,0.7007692307692307,9.566044130420087e-05,0.0022958505913008207
GSE256398,disease_group_only,singscore,RAM2019_ENDO_3,endothelial,RAM2019_MAC_SIG_A_SAM,macrophage_monocyte,24,0.5078260869565216,0.011297601785925497,0.03476185164900153
GSE256398,disease_group_only,singscore,RAM2019_ENDO_3,endothelial,RAM2019_MAC_SIG_B_SAM,macrophage_monocyte,24,0.04,0.8527804394339904,0.8663370658708228
GSE256398,disease_group_only,singscore,RAM2019_ENDO_3,endothelial,RAM2019_MAC_SIG_C_KC,macrophage_monocyte,24,0.2252173913043478,0.2900074275938717,0.36632517169752216
GSE256398,disease_group_only,singscore,RAM2019_ENDO_3,endothelial,RAM2019_MAC_SIG_D_TMO,macrophage_monocyte,24,0.46086956521739125,0.0234180698132485,0.0562033675517964
GSE256398,disease_group_only,singscore,RAM2019_ENDO_3,endothelial,RAM2019_MAC_SIG_E_TMO,macrophage_monocyte,24,0.3078260869565217,0.14337537555018123,0.20981762275636276
GSE256398,disease_group_only,singscore,RAM2019_ENDO_3,endothelial,RAM2019_MAC_SIG_F_CDC1,macrophage_monocyte,24,0.33391304347826084,0.11078683255713417,0.1704412808571295
GSE256398,disease_group_only,singscore,RAM2019_ENDO_3,endothelial,RAM2019_MES_HSC,mesenchymal_hsc_myofibroblast,25,0.4415384615384615,0.027130641649227728,0.06231376249757238
GSE256398,disease_group_only,singscore,RAM2019_ENDO_3,endothelial,RAM2019_MES_MESOTHELIAL,mesenchymal_hsc_myofibroblast,25,0.1523076923076923,0.46734387324425375,0.5192709702713931
GSE256398,disease_group_only,singscore,RAM2019_ENDO_3,endothelial,RAM2019_MES_SAMES,mesenchymal_hsc_myofibroblast,25,0.4723076923076923,0.017127174630535404,0.045672465681427736
GSE256398,disease_group_only,singscore,RAM2019_ENDO_3,endothelial,RAM2019_MES_VSMC,mesenchymal_hsc_myofibroblast,25,0.2892307692307692,0.16082608766934542,0.2297515538133506
GSE256398,disease_group_only,singscore,RAM2019_ENDO_3,endothelial,RAM2019_SAMES_A,mesenchymal_hsc_myofibroblast,25,0.5376923076923077,0.00556917577447588,0.023044865273693295
GSE256398,disease_group_only,singscore,RAM2019_ENDO_3,endothelial,RAM2019_SAMES_B,mesenchymal_hsc_myofibroblast,25,0.6761538461538462,0.0002070475207811895,0.003549386070534677
GSE256398,disease_group_only,singscore,RAM2019_ENDO_4,endothelial,RAM2019_MAC_SIG_A_SAM,macrophage_monocyte,24,0.3391304347826086,0.10498302480093243,0.16567551285444768
GSE256398,disease_group_only,singscore,RAM2019_ENDO_4,endothelial,RAM2019_MAC_SIG_B_SAM,macrophage_monocyte,24,0.16173913043478258,0.4502188848463706,0.5096817564298535
GSE256398,disease_group_only,singscore,RAM2019_ENDO_4,endothelial,RAM2019_MAC_SIG_C_KC,macrophage_monocyte,24,0.4504347826086956,0.027187078784635655,0.06231376249757238
GSE256398,disease_group_only,singscore,RAM2019_ENDO_4,endothelial,RAM2019_MAC_SIG_D_TMO,macrophage_monocyte,24,0.40695652173913033,0.04842494287210425,0.08939989453311555
GSE256398,disease_group_only,singscore,RAM2019_ENDO_4,endothelial,RAM2019_MAC_SIG_E_TMO,macrophage_monocyte,24,0.2626086956521739,0.21507317009837815,0.2888689306043817
GSE256398,disease_group_only,singscore,RAM2019_ENDO_4,endothelial,RAM2019_MAC_SIG_F_CDC1,macrophage_monocyte,24,0.25478260869565217,0.22955896419421634,0.3027151176187468
GSE256398,disease_group_only,singscore,RAM2019_ENDO_4,endothelial,RAM2019_MES_HSC,mesenchymal_hsc_myofibroblast,25,0.33307692307692305,0.10374411886277625,0.16567551285444768
GSE256398,disease_group_only,singscore,RAM2019_ENDO_4,endothelial,RAM2019_MES_MESOTHELIAL,mesenchymal_hsc_myofibroblast,25,0.1853846153846154,0.3749745607789394,0.4368635659560459
GSE256398,disease_group_only,singscore,RAM2019_ENDO_4,endothelial,RAM2019_MES_SAMES,mesenchymal_hsc_myofibroblast,25,0.29923076923076924,0.14619758715586154,0.21137000552654678
GSE256398,disease_group_only,singscore,RAM2019_ENDO_4,endothelial,RAM2019_MES_VSMC,mesenchymal_hsc_myofibroblast,25,-0.03307692307692307,0.875276314151181,0.875276314151181
GSE256398,disease_group_only,singscore,RAM2019_ENDO_4,endothelial,RAM2019_SAMES_A,mesenchymal_hsc_myofibroblast,25,0.3469230769230769,0.08931140864220484,0.14482931131168353
GSE256398,disease_group_only,singscore,RAM2019_ENDO_4,endothelial,RAM2019_SAMES_B,mesenchymal_hsc_myofibroblast,25,0.40230769230769226,0.04618385930563963,0.08787406737171215
GSE256398,disease_group_only,singscore,RAM2019_ENDO_5,endothelial,RAM2019_MAC_SIG_A_SAM,macrophage_monocyte,24,0.6599999999999999,0.0004494019078104929,0.005174946133148639
GSE256398,disease_group_only,singscore,RAM2019_ENDO_5,endothelial,RAM2019_MAC_SIG_B_SAM,macrophage_monocyte,24,0.2052173913043478,0.3360608896745526,0.40734653293885165
GSE256398,disease_group_only,singscore,RAM2019_ENDO_5,endothelial,RAM2019_MAC_SIG_C_KC,macrophage_monocyte,24,0.31652173913043474,0.13183422455052596,0.1953099622970755
GSE256398,disease_group_only,singscore,RAM2019_ENDO_5,endothelial,RAM2019_MAC_SIG_D_TMO,macrophage_monocyte,24,0.5330434782608695,0.0073177780709402455,0.026610102076146346
GSE256398,disease_group_only,singscore,RAM2019_ENDO_5,endothelial,RAM2019_MAC_SIG_E_TMO,macrophage_monocyte,24,0.5295652173913042,0.007784589602340773,0.02747502212590861
GSE256398,disease_group_only,singscore,RAM2019_ENDO_5,endothelial,RAM2019_MAC_SIG_F_CDC1,macrophage_monocyte,24,0.44434782608695644,0.029600947331116845,0.06458388508607311
GSE256398,disease_group_only,singscore,RAM2019_ENDO_5,endothelial,RAM2019_MES_HSC,mesenchymal_hsc_myofibroblast,25,0.713076923076923,6.316066872715697e-05,0.0022958505913008207
GSE256398,disease_group_only,singscore,RAM2019_ENDO_5,endothelial,RAM2019_MES_MESOTHELIAL,mesenchymal_hsc_myofibroblast,25,0.3538461538461538,0.08268751738668596,0.13781252897780993
GSE256398,disease_group_only,singscore,RAM2019_ENDO_5,endothelial,RAM2019_MES_SAMES,mesenchymal_hsc_myofibroblast,25,0.6092307692307692,0.0012272604760963427,0.008900117321243598
GSE256398,disease_group_only,singscore,RAM2019_ENDO_5,endothelial,RAM2019_MES_VSMC,mesenchymal_hsc_myofibroblast,25,0.5307692307692308,0.006338656058144333,0.024202179278399648
GSE256398,disease_group_only,singscore,RAM2019_ENDO_5,endothelial,RAM2019_SAMES_A,mesenchymal_hsc_myofibroblast,25,0.57,0.0029329496113076055,0.014664748056538028
GSE256398,disease_group_only,singscore,RAM2019_ENDO_5,endothelial,RAM2019_SAMES_B,mesenchymal_hsc_myofibroblast,25,0.8023076923076922,1.408511694596746e-06,0.0001690214033516095
GSE256398,disease_group_only,singscore,RAM2019_ENDO_6_SAENDO1,endothelial,RAM2019_MAC_SIG_A_SAM,macrophage_monocyte,24,0.4165217391304347,0.042900817522030246,0.08580163504406049
GSE256398,disease_group_only,singscore,RAM2019_ENDO_6_SAENDO1,endothelial,RAM2019_MAC_SIG_B_SAM,macrophage_monocyte,24,0.03826086956521739,0.8591175903218993,0.8663370658708228
GSE256398,disease_group_only,singscore,RAM2019_ENDO_6_SAENDO1,endothelial,RAM2019_MAC_SIG_C_KC,macrophage_monocyte,24,-0.09217391304347824,0.6683845191595212,0.6974447156447179
GSE256398,disease_group_only,singscore,RAM2019_ENDO_6_SAENDO1,endothelial,RAM2019_MAC_SIG_D_TMO,macrophage_monocyte,24,0.11826086956521738,0.5820677933682575,0.6236440643231331
GSE256398,disease_group_only,singscore,RAM2019_ENDO_6_SAENDO1,endothelial,RAM2019_MAC_SIG_E_TMO,macrophage_monocyte,24,0.1252173913043478,0.5598985357904831,0.6052957143680898
GSE256398,disease_group_only,singscore,RAM2019_ENDO_6_SAENDO1,endothelial,RAM2019_MAC_SIG_F_CDC1,macrophage_monocyte,24,0.09217391304347824,0.6683845191595212,0.6974447156447179
GSE256398,disease_group_only,singscore,RAM2019_ENDO_6_SAENDO1,endothelial,RAM2019_MES_HSC,mesenchymal_hsc_myofibroblast,25,0.7007692307692307,9.566044130420087e-05,0.0022958505913008207
GSE256398,disease_group_only,singscore,RAM2019_ENDO_6_SAENDO1,endothelial,RAM2019_MES_MESOTHELIAL,mesenchymal_hsc_myofibroblast,25,0.22846153846153847,0.2720153736834069,0.34725366853200884
GSE256398,disease_group_only,singscore,RAM2019_ENDO_6_SAENDO1,endothelial,RAM2019_MES_SAMES,mesenchymal_hsc_myofibroblast,25,0.4015384615384615,0.04664167971380561,0.08787406737171215
GSE256398,disease_group_only,singscore,RAM2019_ENDO_6_SAENDO1,endothelial,RAM2019_MES_VSMC,mesenchymal_hsc_myofibroblast,25,0.573076923076923,0.002749831030170033,0.014664748056538028
GSE256398,disease_group_only,singscore,RAM2019_ENDO_6_SAENDO1,endothelial,RAM2019_SAMES_A,mesenchymal_hsc_myofibroblast,25,0.3253846153846154,0.11247376203917939,0.17084622081900666
GSE256398,disease_group_only,singscore,RAM2019_ENDO_6_SAENDO1,endothelial,RAM2019_SAMES_B,mesenchymal_hsc_myofibroblast,25,0.6338461538461537,0.0006689800511443636,0.006175200472101817
GSE256398,disease_group_only,singscore,RAM2019_ENDO_7_SAENDO2,endothelial,RAM2019_MAC_SIG_A_SAM,macrophage_monocyte,24,0.19826086956521738,0.35304943524240395,0.4194646755355294
GSE256398,disease_group_only,singscore,RAM2019_ENDO_7_SAENDO2,endothelial,RAM2019_MAC_SIG_B_SAM,macrophage_monocyte,24,0.49304347826086947,0.014363733768170055,0.04204019639464407
GSE256398,disease_group_only,singscore,RAM2019_ENDO_7_SAENDO2,endothelial,RAM2019_MAC_SIG_C_KC,macrophage_monocyte,24,0.20347826086956516,0.3402613966398863,0.40831367596786355
GSE256398,disease_group_only,singscore,RAM2019_ENDO_7_SAENDO2,endothelial,RAM2019_MAC_SIG_D_TMO,macrophage_monocyte,24,-0.09304347826086956,0.6654325452454303,0.6974447156447179
GSE256398,disease_group_only,singscore,RAM2019_ENDO_7_SAENDO2,endothelial,RAM2019_MAC_SIG_E_TMO,macrophage_monocyte,24,0.1695652173913043,0.42829525040358907,0.48948028617553035
GSE256398,disease_group_only,singscore,RAM2019_ENDO_7_SAENDO2,endothelial,RAM2019_MAC_SIG_F_CDC1,macrophage_monocyte,24,0.22347826086956518,0.2938468714348546,0.3673085892935683
GSE256398,disease_group_only,singscore,RAM2019_ENDO_7_SAENDO2,endothelial,RAM2019_MES_HSC,mesenchymal_hsc_myofibroblast,25,0.07923076923076922,0.706571251745497,0.7309357776677554
GSE256398,disease_group_only,singscore,RAM2019_ENDO_7_SAENDO2,endothelial,RAM2019_MES_MESOTHELIAL,mesenchymal_hsc_myofibroblast,25,0.6469230769230768,0.00047437006220529197,0.005174946133148639
GSE256398,disease_group_only,singscore,RAM2019_ENDO_7_SAENDO2,endothelial,RAM2019_MES_SAMES,mesenchymal_hsc_myofibroblast,25,0.6000000000000001,0.0015216570483269707,0.009610465568380869
GSE256398,disease_group_only,singscore,RAM2019_ENDO_7_SAENDO2,endothelial,RAM2019_MES_VSMC,mesenchymal_hsc_myofibroblast,25,0.43769230769230766,0.028657607910271374,0.06368357313393638
GSE256398,disease_group_only,singscore,RAM2019_ENDO_7_SAENDO2,endothelial,RAM2019_SAMES_A,mesenchymal_hsc_myofibroblast,25,0.1523076923076923,0.46734387324425375,0.5192709702713931
GSE256398,disease_group_only,singscore,RAM2019_ENDO_7_SAENDO2,endothelial,RAM2019_SAMES_B,mesenchymal_hsc_myofibroblast,25,0.39,0.053945620344267205,0.09661902151212037
GSE256398,disease_group_only,singscore,RAM2019_MAC_SIG_A_SAM,macrophage_monocyte,RAM2019_MES_HSC,mesenchymal_hsc_myofibroblast,24,0.15391304347826085,0.47271986689761514,0.5204255415386589
GSE256398,disease_group_only,singscore,RAM2019_MAC_SIG_A_SAM,macrophage_monocyte,RAM2019_MES_MESOTHELIAL,mesenchymal_hsc_myofibroblast,24,0.5443478260869564,0.005958587597088948,0.023834350388355793
GSE256398,disease_group_only,singscore,RAM2019_MAC_SIG_A_SAM,macrophage_monocyte,RAM2019_MES_SAMES,mesenchymal_hsc_myofibroblast,24,0.6330434782608695,0.0008997476484507521,0.0077121227010064465
GSE256398,disease_group_only,singscore,RAM2019_MAC_SIG_A_SAM,macrophage_monocyte,RAM2019_MES_VSMC,mesenchymal_hsc_myofibroblast,24,0.3852173913043478,0.06304015267072925,0.1096350481230074
GSE256398,disease_group_only,singscore,RAM2019_MAC_SIG_A_SAM,macrophage_monocyte,RAM2019_SAMES_A,mesenchymal_hsc_myofibroblast,24,0.47130434782608693,0.020082231188607965,0.05127378175814799
GSE256398,disease_group_only,singscore,RAM2019_MAC_SIG_A_SAM,macrophage_monocyte,RAM2019_SAMES_B,mesenchymal_hsc_myofibroblast,24,0.6504347826086957,0.0005793122865606869,0.005793122865606869
GSE256398,disease_group_only,singscore,RAM2019_MAC_SIG_B_SAM,macrophage_monocyte,RAM2019_MES_HSC,mesenchymal_hsc_myofibroblast,24,0.17304347826086955,0.4187403495722347,0.483161941814117
GSE256398,disease_group_only,singscore,RAM2019_MAC_SIG_B_SAM,macrophage_monocyte,RAM2019_MES_MESOTHELIAL,mesenchymal_hsc_myofibroblast,24,0.6669565217391304,0.0003715401816914552,0.004953869089219402
GSE256398,disease_group_only,singscore,RAM2019_MAC_SIG_B_SAM,macrophage_monocyte,RAM2019_MES_SAMES,mesenchymal_hsc_myofibroblast,24,0.6182608695652172,0.0012820186402465346,0.008900117321243598
GSE256398,disease_group_only,singscore,RAM2019_MAC_SIG_B_SAM,macrophage_monocyte,RAM2019_MES_VSMC,mesenchymal_hsc_myofibroblast,24,0.4860869565217391,0.016026057350818954,0.04370742913859715
GSE256398,disease_group_only,singscore,RAM2019_MAC_SIG_B_SAM,macrophage_monocyte,RAM2019_SAMES_A,mesenchymal_hsc_myofibroblast,24,0.3782608695652173,0.06836896832220618,0.1172039456952106
GSE256398,disease_group_only,singscore,RAM2019_MAC_SIG_B_SAM,macrophage_monocyte,RAM2019_SAMES_B,mesenchymal_hsc_myofibroblast,24,0.3556521739130434,0.0880823216085084,0.14479285743864395
GSE256398,disease_group_only,singscore,RAM2019_MAC_SIG_C_KC,macrophage_monocyte,RAM2019_MES_HSC,mesenchymal_hsc_myofibroblast,24,0.2617391304347826,0.21665169795328626,0.2888689306043817
GSE256398,disease_group_only,singscore,RAM2019_MAC_SIG_C_KC,macrophage_monocyte,RAM2019_MES_MESOTHELIAL,mesenchymal_hsc_myofibroblast,24,0.5565217391304348,0.004737814332523149,0.021866835380876068
GSE256398,disease_group_only,singscore,RAM2019_MAC_SIG_C_KC,macrophage_monocyte,RAM2019_MES_SAMES,mesenchymal_hsc_myofibroblast,24,0.5895652173913043,0.00243045519129241,0.013888315378813772
GSE256398,disease_group_only,singscore,RAM2019_MAC_SIG_C_KC,macrophage_monocyte,RAM2019_MES_VSMC,mesenchymal_hsc_myofibroblast,24,0.19217391304347822,0.3683204887556274,0.43331822206544396
GSE256398,disease_group_only,singscore,RAM2019_MAC_SIG_C_KC,macrophage_monocyte,RAM2019_SAMES_A,mesenchymal_hsc_myofibroblast,24,0.5095652173913043,0.01097543530481903,0.03465926938363904
GSE256398,disease_group_only,singscore,RAM2019_MAC_SIG_C_KC,macrophage_monocyte,RAM2019_SAMES_B,mesenchymal_hsc_myofibroblast,24,0.4495652173913043,0.027521911769761136,0.06231376249757238
GSE256398,disease_group_only,singscore,RAM2019_MAC_SIG_D_TMO,macrophage_monocyte,RAM2019_MES_HSC,mesenchymal_hsc_myofibroblast,24,0.20869565217391303,0.3277534837670476,0.4054682273406775
GSE256398,disease_group_only,singscore,RAM2019_MAC_SIG_D_TMO,macrophage_monocyte,RAM2019_MES_MESOTHELIAL,mesenchymal_hsc_myofibroblast,24,0.29130434782608694,0.16725434336435271,0.23612377886732147
GSE256398,disease_group_only,singscore,RAM2019_MAC_SIG_D_TMO,macrophage_monocyte,RAM2019_MES_SAMES,mesenchymal_hsc_myofibroblast,24,0.4417391304347826,0.030686519885684042,0.06537969268951688
GSE256398,disease_group_only,singscore,RAM2019_MAC_SIG_D_TMO,macrophage_monocyte,RAM2019_MES_VSMC,mesenchymal_hsc_myofibroblast,24,0.06173913043478261,0.7744295754905792,0.7942867440929018
GSE256398,disease_group_only,singscore,RAM2019_MAC_SIG_D_TMO,macrophage_monocyte,RAM2019_SAMES_A,mesenchymal_hsc_myofibroblast,24,0.6191304347826087,0.0012562023298653803,0.008900117321243598
GSE256398,disease_group_only,singscore,RAM2019_MAC_SIG_D_TMO,macrophage_monocyte,RAM2019_SAMES_B,mesenchymal_hsc_myofibroblast,24,0.5252173913043477,0.008402700736251656,0.028809259667148535
GSE256398,disease_group_only,singscore,RAM2019_MAC_SIG_E_TMO,macrophage_monocyte,RAM2019_MES_HSC,mesenchymal_hsc_myofibroblast,24,0.40956521739130425,0.046866169264913146,0.08787406737171215
GSE256398,disease_group_only,singscore,RAM2019_MAC_SIG_E_TMO,macrophage_monocyte,RAM2019_MES_MESOTHELIAL,mesenchymal_hsc_myofibroblast,24,0.4391304347826086,0.0318036265324316,0.065800606618824
GSE256398,disease_group_only,singscore,RAM2019_MAC_SIG_E_TMO,macrophage_monocyte,RAM2019_MES_SAMES,mesenchymal_hsc_myofibroblast,24,0.5521739130434782,0.005147076384055005,0.022186052318010536
GSE256398,disease_group_only,singscore,RAM2019_MAC_SIG_E_TMO,macrophage_monocyte,RAM2019_MES_VSMC,mesenchymal_hsc_myofibroblast,24,0.368695652173913,0.07624968847908248,0.12887271292239294
GSE256398,disease_group_only,singscore,RAM2019_MAC_SIG_E_TMO,macrophage_monocyte,RAM2019_SAMES_A,mesenchymal_hsc_myofibroblast,24,0.5217391304347825,0.008926065916873628,0.029753553056245427
GSE256398,disease_group_only,singscore,RAM2019_MAC_SIG_E_TMO,macrophage_monocyte,RAM2019_SAMES_B,mesenchymal_hsc_myofibroblast,24,0.5808695652173912,0.002916820091023146,0.014664748056538028
GSE256398,disease_group_only,singscore,RAM2019_MAC_SIG_F_CDC1,macrophage_monocyte,RAM2019_MES_HSC,mesenchymal_hsc_myofibroblast,24,0.32260869565217387,0.12416401155590813,0.1862460173338622
GSE256398,disease_group_only,singscore,RAM2019_MAC_SIG_F_CDC1,macrophage_monocyte,RAM2019_MES_MESOTHELIAL,mesenchymal_hsc_myofibroblast,24,0.4408695652173913,0.031055354027520514,0.06537969268951688
GSE256398,disease_group_only,singscore,RAM2019_MAC_SIG_F_CDC1,macrophage_monocyte,RAM2019_MES_SAMES,mesenchymal_hsc_myofibroblast,24,0.6165217391304347,0.0013350175981865398,0.008900117321243598
GSE256398,disease_group_only,singscore,RAM2019_MAC_SIG_F_CDC1,macrophage_monocyte,RAM2019_MES_VSMC,mesenchymal_hsc_myofibroblast,24,0.24695652173913044,0.244675845945762,0.31571076896227357
GSE256398,disease_group_only,singscore,RAM2019_MAC_SIG_F_CDC1,macrophage_monocyte,RAM2019_SAMES_A,mesenchymal_hsc_myofibroblast,24,0.5599999999999999,0.004430427026282592,0.021266049726156443
GSE256398,disease_group_only,singscore,RAM2019_MAC_SIG_F_CDC1,macrophage_monocyte,RAM2019_SAMES_B,mesenchymal_hsc_myofibroblast,24,0.48956521739130426,0.015176284460359705,0.04293541330418745
GSE256398,disease_group_only,standardized_mean,RAM2019_ENDO_1,endothelial,RAM2019_MAC_SIG_A_SAM,macrophage_monocyte,24,0.12869565217391304,0.5489587886992762,0.6587505464391314
GSE256398,disease_group_only,standardized_mean,RAM2019_ENDO_1,endothelial,RAM2019_MAC_SIG_B_SAM,macrophage_monocyte,24,0.5495652173913043,0.005406579828666856,0.04234793052491142
GSE256398,disease_group_only,standardized_mean,RAM2019_ENDO_1,endothelial,RAM2019_MAC_SIG_C_KC,macrophage_monocyte,24,0.6304347826086956,0.0009590059599017162,0.01554994977835863
GSE256398,disease_group_only,standardized_mean,RAM2019_ENDO_1,endothelial,RAM2019_MAC_SIG_D_TMO,macrophage_monocyte,24,0.3408695652173913,0.10309920611122532,0.22494372242449162
GSE256398,disease_group_only,standardized_mean,RAM2019_ENDO_1,endothelial,RAM2019_MAC_SIG_E_TMO,macrophage_monocyte,24,0.4626086956521739,0.022833034205313595,0.08058717954816563
GSE256398,disease_group_only,standardized_mean,RAM2019_ENDO_1,endothelial,RAM2019_MAC_SIG_F_CDC1,macrophage_monocyte,24,0.2452173913043478,0.24812129907550184,0.3866825440137691
GSE256398,disease_group_only,standardized_mean,RAM2019_ENDO_1,endothelial,RAM2019_MES_HSC,mesenchymal_hsc_myofibroblast,25,-0.08076923076923077,0.7011275748533198,0.7790306387259108
GSE256398,disease_group_only,standardized_mean,RAM2019_ENDO_1,endothelial,RAM2019_MES_MESOTHELIAL,mesenchymal_hsc_myofibroblast,25,0.48692307692307696,0.013567934277178641,0.054271737108714566
GSE256398,disease_group_only,standardized_mean,RAM2019_ENDO_1,endothelial,RAM2019_MES_SAMES,mesenchymal_hsc_myofibroblast,25,0.2930769230769231,0.15508253000692165,0.28630620924354766
GSE256398,disease_group_only,standardized_mean,RAM2019_ENDO_1,endothelial,RAM2019_MES_VSMC,mesenchymal_hsc_myofibroblast,25,0.03615384615384615,0.8637754440430968,0.9172836573908993
GSE256398,disease_group_only,standardized_mean,RAM2019_ENDO_1,endothelial,RAM2019_SAMES_A,mesenchymal_hsc_myofibroblast,25,0.25846153846153846,0.2122233891167003,0.3509627943866928
GSE256398,disease_group_only,standardized_mean,RAM2019_ENDO_1,endothelial,RAM2019_SAMES_B,mesenchymal_hsc_myofibroblast,25,0.3046153846153846,0.13872654983076974,0.26850299967245755
GSE256398,disease_group_only,standardized_mean,RAM2019_ENDO_2,endothelial,RAM2019_MAC_SIG_A_SAM,macrophage_monocyte,24,0.4052173913043478,0.04948640343954962,0.12909496549447727
GSE256398,disease_group_only,standardized_mean,RAM2019_ENDO_2,endothelial,RAM2019_MAC_SIG_B_SAM,macrophage_monocyte,24,0.3347826086956522,0.10980353592186973,0.23529329126114942
GSE256398,disease_group_only,standardized_mean,RAM2019_ENDO_2,endothelial,RAM2019_MAC_SIG_C_KC,macrophage_monocyte,24,0.15565217391304348,0.46767051016381667,0.5845881377047708
GSE256398,disease_group_only,standardized_mean,RAM2019_ENDO_2,endothelial,RAM2019_MAC_SIG_D_TMO,macrophage_monocyte,24,0.17565217391304347,0.41165144697505396,0.5488685959667385
GSE256398,disease_group_only,standardized_mean,RAM2019_ENDO_2,endothelial,RAM2019_MAC_SIG_E_TMO,macrophage_monocyte,24,0.48869565217391303,0.015385189767333836,0.05955557329290517
GSE256398,disease_group_only,standardized_mean,RAM2019_ENDO_2,endothelial,RAM2019_MAC_SIG_F_CDC1,macrophage_monocyte,24,0.37913043478260866,0.0676846648820043,0.1592580350164807
GSE256398,disease_group_only,standardized_mean,RAM2019_ENDO_2,endothelial,RAM2019_MES_HSC,mesenchymal_hsc_myofibroblast,25,0.4392307692307692,0.028038748587367972,0.08854341659168834
GSE256398,disease_group_only,standardized_mean,RAM2019_ENDO_2,endothelial,RAM2019_MES_MESOTHELIAL,mesenchymal_hsc_myofibroblast,25,0.29615384615384616,0.15059346877779894,0.28244326805219827
GSE256398,disease_group_only,standardized_mean,RAM2019_ENDO_2,endothelial,RAM2019_MES_SAMES,mesenchymal_hsc_myofibroblast,25,0.606923076923077,0.0012958291481965523,0.01554994977835863
GSE256398,disease_group_only,standardized_mean,RAM2019_ENDO_2,endothelial,RAM2019_MES_VSMC,mesenchymal_hsc_myofibroblast,25,0.6153846153846153,0.0010594614438682035,0.01554994977835863
GSE256398,disease_group_only,standardized_mean,RAM2019_ENDO_2,endothelial,RAM2019_SAMES_A,mesenchymal_hsc_myofibroblast,25,0.42538461538461536,0.034013001096716074,0.09955024711233972
GSE256398,disease_group_only,standardized_mean,RAM2019_ENDO_2,endothelial,RAM2019_SAMES_B,mesenchymal_hsc_myofibroblast,25,0.6723076923076923,0.00023210174266392902,0.005570441823934296
GSE256398,disease_group_only,standardized_mean,RAM2019_ENDO_3,endothelial,RAM2019_MAC_SIG_A_SAM,macrophage_monocyte,24,0.1826086956521739,0.3930749931122939,0.529988754758149
GSE256398,disease_group_only,standardized_mean,RAM2019_ENDO_3,endothelial,RAM2019_MAC_SIG_B_SAM,macrophage_monocyte,24,-0.02869565217391304,0.8941129145750657,0.9329873891218077
GSE256398,disease_group_only,standardized_mean,RAM2019_ENDO_3,endothelial,RAM2019_MAC_SIG_C_KC,macrophage_monocyte,24,0.23565217391304347,0.26763351040669076,0.3964940894913937
GSE256398,disease_group_only,standardized_mean,RAM2019_ENDO_3,endothelial,RAM2019_MAC_SIG_D_TMO,macrophage_monocyte,24,0.2826086956521739,0.1808793683193114,0.3239630477360801
GSE256398,disease_group_only,standardized_mean,RAM2019_ENDO_3,endothelial,RAM2019_MAC_SIG_E_TMO,macrophage_monocyte,24,-0.006956521739130434,0.9742640605332525,0.988353722886774
GSE256398,disease_group_only,standardized_mean,RAM2019_ENDO_3,endothelial,RAM2019_MAC_SIG_F_CDC1,macrophage_monocyte,24,-0.07391304347826086,0.7314191793924034,0.79791183206444
GSE256398,disease_group_only,standardized_mean,RAM2019_ENDO_3,endothelial,RAM2019_MES_HSC,mesenchymal_hsc_myofibroblast,25,-0.004615384615384616,0.9825313078759506,0.988353722886774
GSE256398,disease_group_only,standardized_mean,RAM2019_ENDO_3,endothelial,RAM2019_MES_MESOTHELIAL,mesenchymal_hsc_myofibroblast,25,0.014615384615384615,0.9447196857477185,0.9772962266355708
GSE256398,disease_group_only,standardized_mean,RAM2019_ENDO_3,endothelial,RAM2019_MES_SAMES,mesenchymal_hsc_myofibroblast,25,0.23615384615384616,0.2557538899173098,0.3934675229497074
GSE256398,disease_group_only,standardized_mean,RAM2019_ENDO_3,endothelial,RAM2019_MES_VSMC,mesenchymal_hsc_myofibroblast,25,-0.09153846153846153,0.6634348089960707,0.7582112102812236
GSE256398,disease_group_only,standardized_mean,RAM2019_ENDO_3,endothelial,RAM2019_SAMES_A,mesenchymal_hsc_myofibroblast,25,0.5007692307692309,0.010781259980330084,0.04975966144767731
GSE256398,disease_group_only,standardized_mean,RAM2019_ENDO_3,endothelial,RAM2019_SAMES_B,mesenchymal_hsc_myofibroblast,25,0.15538461538461537,0.45828716164359495,0.5845881377047708
GSE256398,disease_group_only,standardized_mean,RAM2019_ENDO_4,endothelial,RAM2019_MAC_SIG_A_SAM,macrophage_monocyte,24,0.3026086956521739,0.15063640962783909,0.28244326805219827
GSE256398,disease_group_only,standardized_mean,RAM2019_ENDO_4,endothelial,RAM2019_MAC_SIG_B_SAM,macrophage_monocyte,24,0.268695652173913,0.2042392593734892,0.34519311443406625
GSE256398,disease_group_only,standardized_mean,RAM2019_ENDO_4,endothelial,RAM2019_MAC_SIG_C_KC,macrophage_monocyte,24,0.45826086956521733,0.024318233006425286,0.08337679887917242
GSE256398,disease_group_only,standardized_mean,RAM2019_ENDO_4,endothelial,RAM2019_MAC_SIG_D_TMO,macrophage_monocyte,24,0.3913043478260869,0.05864447105666783,0.1436191127918396
GSE256398,disease_group_only,standardized_mean,RAM2019_ENDO_4,endothelial,RAM2019_MAC_SIG_E_TMO,macrophage_monocyte,24,0.39999999999999997,0.05277988140256792,0.1347571440065564
GSE256398,disease_group_only,standardized_mean,RAM2019_ENDO_4,endothelial,RAM2019_MAC_SIG_F_CDC1,macrophage_monocyte,24,0.13826086956521738,0.5193911494591459,0.6295650296474495
GSE256398,disease_group_only,standardized_mean,RAM2019_ENDO_4,endothelial,RAM2019_MES_HSC,mesenchymal_hsc_myofibroblast,25,0.23076923076923078,0.2670691900336426,0.3964940894913937
GSE256398,disease_group_only,standardized_mean,RAM2019_ENDO_4,endothelial,RAM2019_MES_MESOTHELIAL,mesenchymal_hsc_myofibroblast,25,0.26384615384615384,0.2025154716206569,0.34519311443406625
GSE256398,disease_group_only,standardized_mean,RAM2019_ENDO_4,endothelial,RAM2019_MES_SAMES,mesenchymal_hsc_myofibroblast,25,0.3192307692307692,0.11983725984714957,0.23967451969429915
GSE256398,disease_group_only,standardized_mean,RAM2019_ENDO_4,endothelial,RAM2019_MES_VSMC,mesenchymal_hsc_myofibroblast,25,-0.003076923076923077,0.988353722886774,0.988353722886774
GSE256398,disease_group_only,standardized_mean,RAM2019_ENDO_4,endothelial,RAM2019_SAMES_A,mesenchymal_hsc_myofibroblast,25,0.35230769230769227,0.08412635618208415,0.1869474581824092
GSE256398,disease_group_only,standardized_mean,RAM2019_ENDO_4,endothelial,RAM2019_SAMES_B,mesenchymal_hsc_myofibroblast,25,0.30923076923076925,0.13254450890376443,0.26074329620412673
GSE256398,disease_group_only,standardized_mean,RAM2019_ENDO_5,endothelial,RAM2019_MAC_SIG_A_SAM,macrophage_monocyte,24,0.5417391304347825,0.006251808267606682,0.04234793052491142
GSE256398,disease_group_only,standardized_mean,RAM2019_ENDO_5,endothelial,RAM2019_MAC_SIG_B_SAM,macrophage_monocyte,24,0.28782608695652173,0.17261549938271942,0.3138463625140353
GSE256398,disease_group_only,standardized_mean,RAM2019_ENDO_5,endothelial,RAM2019_MAC_SIG_C_KC,macrophage_monocyte,24,0.11652173913043477,0.587669032951115,0.6982206332092454
GSE256398,disease_group_only,standardized_mean,RAM2019_ENDO_5,endothelial,RAM2019_MAC_SIG_D_TMO,macrophage_monocyte,24,0.25999999999999995,0.21983196016993542,0.35648425973503045
GSE256398,disease_group_only,standardized_mean,RAM2019_ENDO_5,endothelial,RAM2019_MAC_SIG_E_TMO,macrophage_monocyte,24,0.5173913043478261,0.009618025861320479,0.04852466175674406
GSE256398,disease_group_only,standardized_mean,RAM2019_ENDO_5,endothelial,RAM2019_MAC_SIG_F_CDC1,macrophage_monocyte,24,0.24608695652173912,0.24639464844484837,0.3866825440137691
GSE256398,disease_group_only,standardized_mean,RAM2019_ENDO_5,endothelial,RAM2019_MES_HSC,mesenchymal_hsc_myofibroblast,25,0.5069230769230769,0.009704932351348812,0.04852466175674406
GSE256398,disease_group_only,standardized_mean,RAM2019_ENDO_5,endothelial,RAM2019_MES_MESOTHELIAL,mesenchymal_hsc_myofibroblast,25,0.35230769230769227,0.08412635618208415,0.1869474581824092
GSE256398,disease_group_only,standardized_mean,RAM2019_ENDO_5,endothelial,RAM2019_MES_SAMES,mesenchymal_hsc_myofibroblast,25,0.6092307692307692,0.0012272604760963427,0.01554994977835863
GSE256398,disease_group_only,standardized_mean,RAM2019_ENDO_5,endothelial,RAM2019_MES_VSMC,mesenchymal_hsc_myofibroblast,25,0.4915384615384616,0.012579821788806884,0.05205443498816642
GSE256398,disease_group_only,standardized_mean,RAM2019_ENDO_5,endothelial,RAM2019_SAMES_A,mesenchymal_hsc_myofibroblast,25,0.4176923076923077,0.03774613883179591,0.10294401499580702
GSE256398,disease_group_only,standardized_mean,RAM2019_ENDO_5,endothelial,RAM2019_SAMES_B,mesenchymal_hsc_myofibroblast,25,0.7699999999999999,6.763521304078843e-06,0.00040581127824473054
GSE256398,disease_group_only,standardized_mean,RAM2019_ENDO_6_SAENDO1,endothelial,RAM2019_MAC_SIG_A_SAM,macrophage_monocyte,24,0.5269565217391303,0.008150736777295305,0.046575638727401746
GSE256398,disease_group_only,standardized_mean,RAM2019_ENDO_6_SAENDO1,endothelial,RAM2019_MAC_SIG_B_SAM,macrophage_monocyte,24,0.20869565217391303,0.3277534837670476,0.45733044246564786
GSE256398,disease_group_only,standardized_mean,RAM2019_ENDO_6_SAENDO1,endothelial,RAM2019_MAC_SIG_C_KC,macrophage_monocyte,24,0.11304347826086956,0.5989404349055967,0.704400084354739
GSE256398,disease_group_only,standardized_mean,RAM2019_ENDO_6_SAENDO1,endothelial,RAM2019_MAC_SIG_D_TMO,macrophage_monocyte,24,0.09565217391304347,0.6566056616723346,0.7576219173142322
GSE256398,disease_group_only,standardized_mean,RAM2019_ENDO_6_SAENDO1,endothelial,RAM2019_MAC_SIG_E_TMO,macrophage_monocyte,24,0.4278260869565217,0.03702422793856046,0.10294401499580702
GSE256398,disease_group_only,standardized_mean,RAM2019_ENDO_6_SAENDO1,endothelial,RAM2019_MAC_SIG_F_CDC1,macrophage_monocyte,24,0.17043478260869566,0.4258955363074477,0.5616204874383925
GSE256398,disease_group_only,standardized_mean,RAM2019_ENDO_6_SAENDO1,endothelial,RAM2019_MES_HSC,mesenchymal_hsc_myofibroblast,25,0.43615384615384617,0.029287387372710263,0.09011503806987774
GSE256398,disease_group_only,standardized_mean,RAM2019_ENDO_6_SAENDO1,endothelial,RAM2019_MES_MESOTHELIAL,mesenchymal_hsc_myofibroblast,25,0.22615384615384618,0.27701967350071866,0.40051037132634026
GSE256398,disease_group_only,standardized_mean,RAM2019_ENDO_6_SAENDO1,endothelial,RAM2019_MES_SAMES,mesenchymal_hsc_myofibroblast,25,0.5261538461538462,0.00689966064130244,0.0435768040503312
GSE256398,disease_group_only,standardized_mean,RAM2019_ENDO_6_SAENDO1,endothelial,RAM2019_MES_VSMC,mesenchymal_hsc_myofibroblast,25,0.5330769230769231,0.006072828445393005,0.04234793052491142
GSE256398,disease_group_only,standardized_mean,RAM2019_ENDO_6_SAENDO1,endothelial,RAM2019_SAMES_A,mesenchymal_hsc_myofibroblast,25,0.4230769230769231,0.035100611039495716,0.10028746011284491
GSE256398,disease_group_only,standardized_mean,RAM2019_ENDO_6_SAENDO1,endothelial,RAM2019_SAMES_B,mesenchymal_hsc_myofibroblast,25,0.703076923076923,8.86353924567039e-05,0.003545415698268156
GSE256398,disease_group_only,standardized_mean,RAM2019_ENDO_7_SAENDO2,endothelial,RAM2019_MAC_SIG_A_SAM,macrophage_monocyte,24,0.11130434782608695,0.6046100724044843,0.704400084354739
GSE256398,disease_group_only,standardized_mean,RAM2019_ENDO_7_SAENDO2,endothelial,RAM2019_MAC_SIG_B_SAM,macrophage_monocyte,24,0.43478260869565216,0.033737255575550164,0.09955024711233972
GSE256398,disease_group_only,standardized_mean,RAM2019_ENDO_7_SAENDO2,endothelial,RAM2019_MAC_SIG_C_KC,macrophage_monocyte,24,-0.15826086956521737,0.460148912728106,0.5845881377047708
GSE256398,disease_group_only,standardized_mean,RAM2019_ENDO_7_SAENDO2,endothelial,RAM2019_MAC_SIG_D_TMO,macrophage_monocyte,24,-0.23913043478260865,0.260427936802927,0.395586739447484
GSE256398,disease_group_only,standardized_mean,RAM2019_ENDO_7_SAENDO2,endothelial,RAM2019_MAC_SIG_E_TMO,macrophage_monocyte,24,0.15565217391304348,0.46767051016381667,0.5845881377047708
GSE256398,disease_group_only,standardized_mean,RAM2019_ENDO_7_SAENDO2,endothelial,RAM2019_MAC_SIG_F_CDC1,macrophage_monocyte,24,0.16173913043478258,0.4502188848463706,0.5845881377047708
GSE256398,disease_group_only,standardized_mean,RAM2019_ENDO_7_SAENDO2,endothelial,RAM2019_MES_HSC,mesenchymal_hsc_myofibroblast,25,0.08384615384615385,0.6902832969004511,0.7741494918509731
GSE256398,disease_group_only,standardized_mean,RAM2019_ENDO_7_SAENDO2,endothelial,RAM2019_MES_MESOTHELIAL,mesenchymal_hsc_myofibroblast,25,0.5407692307692307,0.005253310692959469,0.04234793052491142
GSE256398,disease_group_only,standardized_mean,RAM2019_ENDO_7_SAENDO2,endothelial,RAM2019_MES_SAMES,mesenchymal_hsc_myofibroblast,25,0.44461538461538463,0.025956806489614383,0.08603420637439038
GSE256398,disease_group_only,standardized_mean,RAM2019_ENDO_7_SAENDO2,endothelial,RAM2019_MES_VSMC,mesenchymal_hsc_myofibroblast,25,0.4653846153846154,0.019061592840754593,0.07148097315282972
GSE256398,disease_group_only,standardized_mean,RAM2019_ENDO_7_SAENDO2,endothelial,RAM2019_SAMES_A,mesenchymal_hsc_myofibroblast,25,-0.06230769230769231,0.7673245235239029,0.8295400254312463
GSE256398,disease_group_only,standardized_mean,RAM2019_ENDO_7_SAENDO2,endothelial,RAM2019_SAMES_B,mesenchymal_hsc_myofibroblast,25,0.4915384615384616,0.012579821788806884,0.05205443498816642
GSE256398,disease_group_only,standardized_mean,RAM2019_MAC_SIG_A_SAM,macrophage_monocyte,RAM2019_MES_HSC,mesenchymal_hsc_myofibroblast,24,0.010434782608695651,0.9614038727773804,0.9860552541306465
GSE256398,disease_group_only,standardized_mean,RAM2019_MAC_SIG_A_SAM,macrophage_monocyte,RAM2019_MES_MESOTHELIAL,mesenchymal_hsc_myofibroblast,24,0.5139130434782608,0.01020306109223003,0.04897469324270414
GSE256398,disease_group_only,standardized_mean,RAM2019_MAC_SIG_A_SAM,macrophage_monocyte,RAM2019_MES_SAMES,mesenchymal_hsc_myofibroblast,24,0.6886956521739129,0.00019842330475024696,0.005570441823934296
GSE256398,disease_group_only,standardized_mean,RAM2019_MAC_SIG_A_SAM,macrophage_monocyte,RAM2019_MES_VSMC,mesenchymal_hsc_myofibroblast,24,0.3278260869565217,0.11785162108888597,0.23967451969429915
GSE256398,disease_group_only,standardized_mean,RAM2019_MAC_SIG_A_SAM,macrophage_monocyte,RAM2019_SAMES_A,mesenchymal_hsc_myofibroblast,24,0.2226086956521739,0.295778422534422,0.4175695376956546
GSE256398,disease_group_only,standardized_mean,RAM2019_MAC_SIG_A_SAM,macrophage_monocyte,RAM2019_SAMES_B,mesenchymal_hsc_myofibroblast,24,0.5408695652173913,0.0063521895787367125,0.04234793052491142
GSE256398,disease_group_only,standardized_mean,RAM2019_MAC_SIG_B_SAM,macrophage_monocyte,RAM2019_MES_HSC,mesenchymal_hsc_myofibroblast,24,0.1878260869565217,0.37945849831738243,0.520512229956897
GSE256398,disease_group_only,standardized_mean,RAM2019_MAC_SIG_B_SAM,macrophage_monocyte,RAM2019_MES_MESOTHELIAL,mesenchymal_hsc_myofibroblast,24,0.7965217391304347,3.2147317367417936e-06,0.0003857678084090152
GSE256398,disease_group_only,standardized_mean,RAM2019_MAC_SIG_B_SAM,macrophage_monocyte,RAM2019_MES_SAMES,mesenchymal_hsc_myofibroblast,24,0.571304347826087,0.003544698756748856,0.03544698756748856
GSE256398,disease_group_only,standardized_mean,RAM2019_MAC_SIG_B_SAM,macrophage_monocyte,RAM2019_MES_VSMC,mesenchymal_hsc_myofibroblast,24,0.5791304347826086,0.00302338820095787,0.03298241673772222
GSE256398,disease_group_only,standardized_mean,RAM2019_MAC_SIG_B_SAM,macrophage_monocyte,RAM2019_SAMES_A,mesenchymal_hsc_myofibroblast,24,0.27999999999999997,0.1851120536513263,0.3266683299729288
GSE256398,disease_group_only,standardized_mean,RAM2019_MAC_SIG_B_SAM,macrophage_monocyte,RAM2019_SAMES_B,mesenchymal_hsc_myofibroblast,24,0.5043478260869565,0.011965355177749598,0.05205443498816642
GSE256398,disease_group_only,standardized_mean,RAM2019_MAC_SIG_C_KC,macrophage_monocyte,RAM2019_MES_HSC,mesenchymal_hsc_myofibroblast,24,0.07739130434782608,0.7192671455433247,0.7918537382128346
GSE256398,disease_group_only,standardized_mean,RAM2019_MAC_SIG_C_KC,macrophage_monocyte,RAM2019_MES_MESOTHELIAL,mesenchymal_hsc_myofibroblast,24,0.37478260869565216,0.07115916006574712,0.16421344630557028
GSE256398,disease_group_only,standardized_mean,RAM2019_MAC_SIG_C_KC,macrophage_monocyte,RAM2019_MES_SAMES,mesenchymal_hsc_myofibroblast,24,0.2695652173913043,0.20272227336292592,0.34519311443406625
GSE256398,disease_group_only,standardized_mean,RAM2019_MAC_SIG_C_KC,macrophage_monocyte,RAM2019_MES_VSMC,mesenchymal_hsc_myofibroblast,24,0.03130434782608695,0.884546955655295,0.931102058584521
GSE256398,disease_group_only,standardized_mean,RAM2019_MAC_SIG_C_KC,macrophage_monocyte,RAM2019_SAMES_A,mesenchymal_hsc_myofibroblast,24,0.15130434782608695,0.4803459029793672,0.594242354201279
GSE256398,disease_group_only,standardized_mean,RAM2019_MAC_SIG_C_KC,macrophage_monocyte,RAM2019_SAMES_B,mesenchymal_hsc_myofibroblast,24,0.32695652173913037,0.11888708485840495,0.23967451969429915
GSE256398,disease_group_only,standardized_mean,RAM2019_MAC_SIG_D_TMO,macrophage_monocyte,RAM2019_MES_HSC,mesenchymal_hsc_myofibroblast,24,-0.09043478260869564,0.6743027582561099,0.7633616131201244
GSE256398,disease_group_only,standardized_mean,RAM2019_MAC_SIG_D_TMO,macrophage_monocyte,RAM2019_MES_MESOTHELIAL,mesenchymal_hsc_myofibroblast,24,0.39826086956521733,0.05391472845659877,0.13478682114149693
GSE256398,disease_group_only,standardized_mean,RAM2019_MAC_SIG_D_TMO,macrophage_monocyte,RAM2019_MES_SAMES,mesenchymal_hsc_myofibroblast,24,0.468695652173913,0.020877632609712343,0.07591866403531762
GSE256398,disease_group_only,standardized_mean,RAM2019_MAC_SIG_D_TMO,macrophage_monocyte,RAM2019_MES_VSMC,mesenchymal_hsc_myofibroblast,24,-0.05913043478260869,0.783735252825447,0.8397163423129789
GSE256398,disease_group_only,standardized_mean,RAM2019_MAC_SIG_D_TMO,macrophage_monocyte,RAM2019_SAMES_A,mesenchymal_hsc_myofibroblast,24,0.23391304347826083,0.27128359982868233,0.39700038999319365
GSE256398,disease_group_only,standardized_mean,RAM2019_MAC_SIG_D_TMO,macrophage_monocyte,RAM2019_SAMES_B,mesenchymal_hsc_myofibroblast,24,0.32695652173913037,0.11888708485840495,0.23967451969429915
GSE256398,disease_group_only,standardized_mean,RAM2019_MAC_SIG_E_TMO,macrophage_monocyte,RAM2019_MES_HSC,mesenchymal_hsc_myofibroblast,24,0.2278260869565217,0.28430742700718314,0.40615346715311873
GSE256398,disease_group_only,standardized_mean,RAM2019_MAC_SIG_E_TMO,macrophage_monocyte,RAM2019_MES_MESOTHELIAL,mesenchymal_hsc_myofibroblast,24,0.5304347826086956,0.007665625679948597,0.045993754079691584
GSE256398,disease_group_only,standardized_mean,RAM2019_MAC_SIG_E_TMO,macrophage_monocyte,RAM2019_MES_SAMES,mesenchymal_hsc_myofibroblast,24,0.5530434782608695,0.005062933315680412,0.04234793052491142
GSE256398,disease_group_only,standardized_mean,RAM2019_MAC_SIG_E_TMO,macrophage_monocyte,RAM2019_MES_VSMC,mesenchymal_hsc_myofibroblast,24,0.40695652173913033,0.04842494287210425,0.12909496549447727
GSE256398,disease_group_only,standardized_mean,RAM2019_MAC_SIG_E_TMO,macrophage_monocyte,RAM2019_SAMES_A,mesenchymal_hsc_myofibroblast,24,0.26347826086956516,0.21350236658523813,0.3509627943866928
GSE256398,disease_group_only,standardized_mean,RAM2019_MAC_SIG_E_TMO,macrophage_monocyte,RAM2019_SAMES_B,mesenchymal_hsc_myofibroblast,24,0.6286956521739131,0.0010003492233837058,0.01554994977835863
GSE256398,disease_group_only,standardized_mean,RAM2019_MAC_SIG_F_CDC1,macrophage_monocyte,RAM2019_MES_HSC,mesenchymal_hsc_myofibroblast,24,0.2573913043478261,0.22466048988773962,0.3594567838203834
GSE256398,disease_group_only,standardized_mean,RAM2019_MAC_SIG_F_CDC1,macrophage_monocyte,RAM2019_MES_MESOTHELIAL,mesenchymal_hsc_myofibroblast,24,0.45217391304347826,0.0265272136321037,0.08603420637439038
GSE256398,disease_group_only,standardized_mean,RAM2019_MAC_SIG_F_CDC1,macrophage_monocyte,RAM2019_MES_SAMES,mesenchymal_hsc_myofibroblast,24,0.5217391304347825,0.008926065916873628,0.04852466175674406
GSE256398,disease_group_only,standardized_mean,RAM2019_MAC_SIG_F_CDC1,macrophage_monocyte,RAM2019_MES_VSMC,mesenchymal_hsc_myofibroblast,24,0.1443478260869565,0.5009827163280625,0.6134482240751785
GSE256398,disease_group_only,standardized_mean,RAM2019_MAC_SIG_F_CDC1,macrophage_monocyte,RAM2019_SAMES_A,mesenchymal_hsc_myofibroblast,24,0.1869565217391304,0.3817089686350579,0.520512229956897
GSE256398,disease_group_only,standardized_mean,RAM2019_MAC_SIG_F_CDC1,macrophage_monocyte,RAM2019_SAMES_B,mesenchymal_hsc_myofibroblast,24,0.38260869565217387,0.06499969935694089,0.15599927845665815
