dataset_id,contrast,program_id,lineage,score_method,analysis_tier,cell_gate,coverage_tier,program_coverage,expected_direction,n_control,n_case,mean_control,mean_case,mean_difference,pooled_sd,cohens_d,hedges_g,robust_se_g_hc3,robust_ci95_low,robust_ci95_high,conventional_se_g,conventional_ci95_low,conventional_ci95_high,permutation_p_two_sided,permutation_mode,source_file,annotation_limitation,etiology_limitation,endpoint_limitation,uncertainty_status,permutation_status,assay,annotation_role,endpoint_family,expected_direction_observed,formal_primary_row,comparable_advanced_sensitivity_input
GSE202379,advanced_f3f4_vs_f0_non_end_stage,RAM2019_ENDO_1,endothelial,singscore,primary,30,primary,0.9625,positive_case_higher,5,15,0.7987728563931258,0.798159409544913,-0.0006134468482127,0.0423716741276509,-0.0144777580976536,-0.0138660218400063,0.5573527920676317,-1.1062774942925644,1.0785454506125516,0.5164029506155932,-1.026015805046569,0.9982837613665564,0.9771026831785344,exact_15504_allocations,results/primary/gse202379_primary_effects.csv,,,,,,snRNA-seq,author labels,advanced_f3f4_vs_f0,False,True,True
GSE202379,advanced_f3f4_vs_f0_non_end_stage,RAM2019_ENDO_1,endothelial,standardized_mean,primary,30,primary,0.9625,positive_case_higher,5,15,-0.0437810173438297,-0.0064365022561129,0.0373445150877167,0.4979834780594671,0.0749914740811083,0.0718228202466953,0.4866787931072298,-0.8820676142434751,1.0257132547368657,0.516536502891782,-0.9405887254211972,1.084234365914588,0.8888673890608875,exact_15504_allocations,results/primary/gse202379_primary_effects.csv,,,,,,snRNA-seq,author labels,advanced_f3f4_vs_f0,True,True,True
GSE202379,advanced_f3f4_vs_f0_non_end_stage,RAM2019_ENDO_2,endothelial,singscore,primary,30,primary,0.9555555555555556,positive_case_higher,5,15,0.2451501338844675,0.2987409247390979,0.0535907908546304,0.0624505508096578,0.858131596276373,0.8218725147435686,0.5563584513947725,-0.2685900499901854,1.9123350794773224,0.5342563479186881,-0.2252699271770601,1.8690149566641971,0.1142285861713106,exact_15504_allocations,results/primary/gse202379_primary_effects.csv,,,,,,snRNA-seq,author labels,advanced_f3f4_vs_f0,True,True,True
GSE202379,advanced_f3f4_vs_f0_non_end_stage,RAM2019_ENDO_2,endothelial,standardized_mean,primary,30,primary,0.9555555555555556,positive_case_higher,5,15,-0.3635092118715762,-0.1011453077231618,0.2623639041484144,0.3199618140682706,0.819985050129868,0.7853377944905778,0.4924202897023801,-0.1798059733260872,1.750481562307243,0.5327276626386372,-0.2588084242811511,1.8294840132623067,0.1297729618163054,exact_15504_allocations,results/primary/gse202379_primary_effects.csv,,,,,,snRNA-seq,author labels,advanced_f3f4_vs_f0,True,True,True
GSE202379,advanced_f3f4_vs_f0_non_end_stage,RAM2019_ENDO_3,endothelial,singscore,primary,30,primary,0.9487179487179488,positive_case_higher,5,15,0.5834955070381079,0.583052847851054,-0.0004426591870538,0.0614867994141091,-0.0071992556332718,-0.0068950617332744,0.3797339388442335,-0.7511735818679722,0.7373834584014233,0.5163990581656224,-1.0190372157378944,1.0052470922713452,0.9872291021671826,exact_15504_allocations,results/primary/gse202379_primary_effects.csv,,,,,,snRNA-seq,author labels,advanced_f3f4_vs_f0,False,True,True
GSE202379,advanced_f3f4_vs_f0_non_end_stage,RAM2019_ENDO_3,endothelial,standardized_mean,primary,30,primary,0.9487179487179488,positive_case_higher,5,15,-0.0689913140999599,-0.0372093045911869,0.031782009508773,0.375993140375974,0.0845281631388078,0.0809565506118159,0.3488297983292054,-0.6027498541134267,0.7646629553370586,0.5165740229597885,-0.9315285343893696,1.0934416356130017,0.8713880288957688,exact_15504_allocations,results/primary/gse202379_primary_effects.csv,,,,,,snRNA-seq,author labels,advanced_f3f4_vs_f0,True,True,True
GSE202379,advanced_f3f4_vs_f0_non_end_stage,RAM2019_ENDO_4,endothelial,singscore,primary,30,primary,0.9659090909090908,positive_case_higher,5,15,0.5743822887810328,0.6086950833201239,0.034312794539091,0.0738859087315015,0.4644024162141989,0.4447797789093736,0.3831968391989079,-0.3062860259204858,1.1958455837392332,0.5216914012167717,-0.5777353674754988,1.4672949252942462,0.3795794633642931,exact_15504_allocations,results/primary/gse202379_primary_effects.csv,,,,,,snRNA-seq,author labels,advanced_f3f4_vs_f0,True,True,True
GSE202379,advanced_f3f4_vs_f0_non_end_stage,RAM2019_ENDO_4,endothelial,standardized_mean,primary,30,primary,0.9659090909090908,positive_case_higher,5,15,-0.2320622879500406,-0.0127106033331567,0.2193516846168839,0.4113804105753192,0.5332088718325663,0.5106789195016128,0.3860881422119102,-0.2460538392337312,1.2674116782369569,0.5233649926417226,-0.5151164660761636,1.5364743050793892,0.3154024767801857,exact_15504_allocations,results/primary/gse202379_primary_effects.csv,,,,,,snRNA-seq,author labels,advanced_f3f4_vs_f0,True,True,True
GSE202379,advanced_f3f4_vs_f0_non_end_stage,RAM2019_ENDO_5,endothelial,singscore,primary,30,primary,0.96,positive_case_higher,5,15,0.4749740993516827,0.4791059648036,0.0041318654519173,0.0816712489244147,0.0505914321910433,0.0484537660421259,0.4946134152267142,-0.920988527802234,1.017896059886486,0.5164609205244776,-0.96380963818585,1.060717170270102,0.9220201238390092,exact_15504_allocations,results/primary/gse202379_primary_effects.csv,,,,,,snRNA-seq,author labels,advanced_f3f4_vs_f0,True,True,True
GSE202379,advanced_f3f4_vs_f0_non_end_stage,RAM2019_ENDO_5,endothelial,standardized_mean,primary,30,primary,0.96,positive_case_higher,5,15,-0.2135985052700262,-0.0588340225587992,0.154764482711227,0.3835679068856676,0.4034865272431631,0.3864378007399309,0.5466764105696249,-0.6850479639765339,1.4579235654563958,0.5203987299775452,-0.6335437100160577,1.4064193114959196,0.4370485036119711,exact_15504_allocations,results/primary/gse202379_primary_effects.csv,,,,,,snRNA-seq,author labels,advanced_f3f4_vs_f0,True,True,True
GSE202379,advanced_f3f4_vs_f0_non_end_stage,RAM2019_ENDO_6_SAENDO1,endothelial,singscore,primary,30,primary,1.0,positive_case_higher,5,15,0.4091694671147383,0.4654232677228356,0.0562538006080973,0.0689556311879346,0.8157970515095543,0.7813267535584464,0.7219482681469163,-0.6336918520095095,2.1963453591264024,0.5325638067099508,-0.2624983075930572,1.82515181470995,0.1294504643962848,exact_15504_allocations,results/primary/gse202379_primary_effects.csv,,,,,,snRNA-seq,author labels,advanced_f3f4_vs_f0,True,True,True
GSE202379,advanced_f3f4_vs_f0_non_end_stage,RAM2019_ENDO_6_SAENDO1,endothelial,standardized_mean,primary,30,primary,1.0,positive_case_higher,5,15,-0.2851181931995055,-0.1174729866826456,0.1676452065168598,0.4069534399388065,0.4119518108559757,0.3945453963127655,0.6385003975440521,-0.8569153828735767,1.6460061754991075,0.5205676941184179,-0.6257672841593336,1.4148580767848644,0.4336300309597523,exact_15504_allocations,results/primary/gse202379_primary_effects.csv,,,,,,snRNA-seq,author labels,advanced_f3f4_vs_f0,True,True,True
GSE202379,advanced_f3f4_vs_f0_non_end_stage,RAM2019_MES_HSC,mesenchymal_hsc_myofibroblast,singscore,primary,30,primary,0.8,positive_case_higher,3,7,0.2122116276837423,0.2072006801632757,-0.0050109475204666,0.0876418005666573,-0.0571753146109258,-0.0516422196485782,0.4505334304306617,-0.9346877432926752,0.8314033039955188,0.690186321668733,-1.4044074101192947,1.3011229708221383,0.9083333333333332,exact_120_allocations,results/primary/gse202379_primary_effects.csv,,,,,,snRNA-seq,author labels,advanced_f3f4_vs_f0,False,True,False
GSE202379,advanced_f3f4_vs_f0_non_end_stage,RAM2019_MES_HSC,mesenchymal_hsc_myofibroblast,standardized_mean,primary,30,primary,0.8,positive_case_higher,3,7,0.0818520163687613,0.0251346026311274,-0.0567174137376338,0.372222175528115,-0.1523751604996727,-0.1376291772255109,0.4378752649840987,-0.9958646965943444,0.7206063421433224,0.6909228163058171,-1.4918378971849124,1.2165795427338906,0.8333333333333334,exact_120_allocations,results/primary/gse202379_primary_effects.csv,,,,,,snRNA-seq,author labels,advanced_f3f4_vs_f0,False,True,False
GSE202379,advanced_f3f4_vs_f0_non_end_stage,RAM2019_MES_SAMES,mesenchymal_hsc_myofibroblast,singscore,primary,30,primary,0.8785714285714286,positive_case_higher,3,7,0.4997084026856199,0.5655965629667034,0.0658881602810834,0.0634618862588518,1.0382319871857446,0.9377579239097048,0.929291084259414,-0.8836526012387463,2.759168449058156,0.7288019939815211,-0.4906939842940766,2.366209832113486,0.1833333333333333,exact_120_allocations,results/primary/gse202379_primary_effects.csv,,,,,,snRNA-seq,author labels,advanced_f3f4_vs_f0,True,True,False
GSE202379,advanced_f3f4_vs_f0_non_end_stage,RAM2019_MES_SAMES,mesenchymal_hsc_myofibroblast,standardized_mean,primary,30,primary,0.8785714285714286,positive_case_higher,3,7,-0.2092949810627172,0.0926043164813818,0.3018992975440991,0.2745264432069938,1.099709354105703,0.993285868224506,0.7664549133220847,-0.5089657618867801,2.495537498335792,0.7333853197272108,-0.4441493584408272,2.4307210948898392,0.1583333333333333,exact_120_allocations,results/primary/gse202379_primary_effects.csv,,,,,,snRNA-seq,author labels,advanced_f3f4_vs_f0,True,True,False
GSE202379,advanced_f3f4_vs_f0_non_end_stage,RAM2019_MES_VSMC,mesenchymal_hsc_myofibroblast,singscore,primary,30,primary,1.0,positive_case_higher,3,7,0.381202613618173,0.3757878586916525,-0.0054147549265205,0.0918914079468692,-0.0589255845296364,-0.0532231086074135,0.9939483613538838,-2.0013618968610256,1.8949156796461983,0.6901938277731053,-1.4060030110427,1.299556793827873,0.9166666666666666,exact_120_allocations,results/primary/gse202379_primary_effects.csv,,,,,,snRNA-seq,author labels,advanced_f3f4_vs_f0,False,True,False
GSE202379,advanced_f3f4_vs_f0_non_end_stage,RAM2019_MES_VSMC,mesenchymal_hsc_myofibroblast,standardized_mean,primary,30,primary,1.0,positive_case_higher,3,7,0.0403233621961743,0.0666766380778386,0.0263532758816643,0.3657850110440133,0.0720458058312656,0.0650736310734012,1.0589560407226737,-2.010480208743039,2.140627470889841,0.6902572978837627,-1.2878306727787736,1.417977934925576,0.9,exact_120_allocations,results/primary/gse202379_primary_effects.csv,,,,,,snRNA-seq,author labels,advanced_f3f4_vs_f0,True,True,False
GSE202379,advanced_f3f4_vs_f0_non_end_stage,RAM2019_SAMES_A,mesenchymal_hsc_myofibroblast,singscore,primary,30,primary,0.8297872340425532,positive_case_higher,3,7,0.6563110368607198,0.6509384437502831,-0.0053725931104366,0.0572468771378204,-0.0938495404299925,-0.0847673268399933,0.8941989853038451,-1.8373973380355295,1.667862684355543,0.6903908819804191,-1.4379334555216148,1.268398801841628,0.9,exact_120_allocations,results/primary/gse202379_primary_effects.csv,,,,,,snRNA-seq,author labels,advanced_f3f4_vs_f0,False,True,False
GSE202379,advanced_f3f4_vs_f0_non_end_stage,RAM2019_SAMES_A,mesenchymal_hsc_myofibroblast,standardized_mean,primary,30,primary,0.8297872340425532,positive_case_higher,3,7,0.1392273388373754,-0.0062354028217893,-0.1454627416591648,0.3274752243103881,-0.4441946469858499,-0.4012080682452838,0.7364059612007936,-1.8445637521988396,1.0421476157082716,0.6973169801582675,-1.767949349355488,0.9655332128649204,0.5083333333333333,exact_120_allocations,results/primary/gse202379_primary_effects.csv,,,,,,snRNA-seq,author labels,advanced_f3f4_vs_f0,False,True,False
GSE202379,advanced_f3f4_vs_f0_non_end_stage,RAM2019_SAMES_B,mesenchymal_hsc_myofibroblast,singscore,primary,30,primary,0.9491525423728814,positive_case_higher,3,7,0.2962498531029988,0.3295027828124294,0.0332529297094306,0.062570629131044,0.5314463058983747,0.48001601823079,0.9885006891936408,-1.457445332588746,2.417477369050326,0.700422327813984,-0.8928117442846186,1.8528437807461984,0.4416666666666666,exact_120_allocations,results/primary/gse202379_primary_effects.csv,,,,,,snRNA-seq,author labels,advanced_f3f4_vs_f0,True,True,False
GSE202379,advanced_f3f4_vs_f0_non_end_stage,RAM2019_SAMES_B,mesenchymal_hsc_myofibroblast,standardized_mean,primary,30,primary,0.9491525423728814,positive_case_higher,3,7,-0.2739148313466659,0.0704454808474986,0.3443603121941645,0.2084735896534801,1.651817444917373,1.491964143796337,1.0059484415576017,-0.4796948016565623,3.463623089249236,0.7844187587563465,-0.0454966233661022,3.029424910958776,0.0333333333333333,exact_120_allocations,results/primary/gse202379_primary_effects.csv,,,,,,snRNA-seq,author labels,advanced_f3f4_vs_f0,True,True,False
GSE202379,clinical_cirrhosis_vs_healthy,RAM2019_ENDO_1,endothelial,singscore,primary,30,primary,0.9625,positive_case_higher,4,4,0.8139687445332089,0.8051514873836875,-0.0088172571495214,0.0385893885703707,-0.2284891644096012,-0.1986862299213923,0.7099970268936756,-1.5902804026329964,1.1929079427902118,0.709429126009097,-1.5891673168992224,1.1917948570564378,0.7428571428571429,exact_70_allocations,results/primary/gse202379_primary_effects.csv,,,,,,snRNA-seq,author labels,clinical_cirrhosis_vs_healthy,False,True,False
GSE202379,clinical_cirrhosis_vs_healthy,RAM2019_ENDO_1,endothelial,standardized_mean,primary,30,primary,0.9625,positive_case_higher,4,4,0.1519743754758865,-0.0995052897634411,-0.2514796652393277,0.4657326328747994,-0.5399657388983772,-0.4695354251290236,0.7099970268936755,-1.8611295978406277,0.9220587475825804,0.7199805272512059,-1.880697258541387,0.94162640828334,0.4,exact_70_allocations,results/primary/gse202379_primary_effects.csv,,,,,,snRNA-seq,author labels,clinical_cirrhosis_vs_healthy,False,True,False
GSE202379,clinical_cirrhosis_vs_healthy,RAM2019_ENDO_2,endothelial,singscore,primary,30,primary,0.9555555555555556,positive_case_higher,4,4,0.2808284446007382,0.3100418193386688,0.0292133747379306,0.0673578072526381,0.4337043607782593,0.3771342267637038,0.7099970268936755,-1.0144599459479,1.7687283994753078,0.715438689721014,-1.0251256050894837,1.7793940586168913,0.5428571428571428,exact_70_allocations,results/primary/gse202379_primary_effects.csv,,,,,,snRNA-seq,author labels,clinical_cirrhosis_vs_healthy,True,True,False
GSE202379,clinical_cirrhosis_vs_healthy,RAM2019_ENDO_2,endothelial,standardized_mean,primary,30,primary,0.9555555555555556,positive_case_higher,4,4,-0.1734745719724376,-0.0524626870582611,0.1210118849141764,0.346706082183449,0.3490330603722915,0.3035070090193839,0.7099970268936754,-1.0880871636922198,1.6951011817309876,0.7125141229316028,-1.0930206719265576,1.7000346899653254,0.7142857142857143,exact_70_allocations,results/primary/gse202379_primary_effects.csv,,,,,,snRNA-seq,author labels,clinical_cirrhosis_vs_healthy,True,True,False
GSE202379,clinical_cirrhosis_vs_healthy,RAM2019_ENDO_3,endothelial,singscore,primary,30,primary,0.9487179487179488,positive_case_higher,4,4,0.5864159322679502,0.6005865089945808,0.0141705767266305,0.0501260550651594,0.2826988221636448,0.2458250627509955,0.7099970268936755,-1.1457691099606084,1.6374192354625994,0.7106587297170451,-1.147066047494413,1.638716172996404,0.8285714285714286,exact_70_allocations,results/primary/gse202379_primary_effects.csv,,,,,,snRNA-seq,author labels,clinical_cirrhosis_vs_healthy,True,True,False
GSE202379,clinical_cirrhosis_vs_healthy,RAM2019_ENDO_3,endothelial,standardized_mean,primary,30,primary,0.9487179487179488,positive_case_higher,4,4,0.0153868302007663,-0.0913605773856231,-0.1067474075863894,0.3569897276893715,-0.2990209502030095,-0.2600182175678343,0.7099970268936756,-1.6516123902794384,1.13157595514377,0.7110795474410226,-1.6537341305522386,1.13369769541657,0.6857142857142857,exact_70_allocations,results/primary/gse202379_primary_effects.csv,,,,,,snRNA-seq,author labels,clinical_cirrhosis_vs_healthy,False,True,False
GSE202379,clinical_cirrhosis_vs_healthy,RAM2019_ENDO_4,endothelial,singscore,primary,30,primary,0.9659090909090908,positive_case_higher,4,4,0.5757986994361456,0.6404913723477329,0.0646926729115873,0.0777600800340464,0.8319522418606348,0.7234367320527259,0.7099970268936756,-0.6681574406588783,2.11503090476433,0.7373014255424488,-0.7216740620104739,2.1685475261159257,0.3142857142857143,exact_70_allocations,results/primary/gse202379_primary_effects.csv,,,,,,snRNA-seq,author labels,clinical_cirrhosis_vs_healthy,True,True,False
GSE202379,clinical_cirrhosis_vs_healthy,RAM2019_ENDO_4,endothelial,standardized_mean,primary,30,primary,0.9659090909090908,positive_case_higher,4,4,-0.2034397337904545,0.1614755457988479,0.3649152795893025,0.4853676483093124,0.751832720743578,0.6537675832552852,0.7099970268936756,-0.737826589456319,2.0453617559668893,0.7318590513727954,-0.7806761574353938,2.088211323945964,0.3428571428571428,exact_70_allocations,results/primary/gse202379_primary_effects.csv,,,,,,snRNA-seq,author labels,clinical_cirrhosis_vs_healthy,True,True,False
GSE202379,clinical_cirrhosis_vs_healthy,RAM2019_ENDO_5,endothelial,singscore,primary,30,primary,0.96,positive_case_higher,4,4,0.5161083007572602,0.5095924185865188,-0.0065158821707413,0.0708763465704534,-0.0919330987844356,-0.079941825029944,0.7099970268936754,-1.4715359977415476,1.3116523476816595,0.7074832563029977,-1.4666090073838194,1.3067253573239317,0.9714285714285714,exact_70_allocations,results/primary/gse202379_primary_effects.csv,,,,,,snRNA-seq,author labels,clinical_cirrhosis_vs_healthy,False,True,False
GSE202379,clinical_cirrhosis_vs_healthy,RAM2019_ENDO_5,endothelial,standardized_mean,primary,30,primary,0.96,positive_case_higher,4,4,-0.0707277380343102,0.1696326636028434,0.2403604016371537,0.3964002356014257,0.6063578677557406,0.5272677110919484,0.7099970268936755,-0.8643264616196555,1.9188618838035525,0.7233032581589448,-0.8904066748995834,1.94494209708348,0.4,exact_70_allocations,results/primary/gse202379_primary_effects.csv,,,,,,snRNA-seq,author labels,clinical_cirrhosis_vs_healthy,True,True,False
GSE202379,clinical_cirrhosis_vs_healthy,RAM2019_ENDO_6_SAENDO1,endothelial,singscore,primary,30,primary,1.0,positive_case_higher,4,4,0.4331232997279564,0.4969021710140289,0.0637788712860725,0.0837974699335955,0.761107362031496,0.66183248872304,0.7099970268936753,-0.7297616839885634,2.0534266614346435,0.7324628684063862,-0.7737947333534769,2.0974597107995567,0.4285714285714285,exact_70_allocations,results/primary/gse202379_primary_effects.csv,,,,,,snRNA-seq,author labels,clinical_cirrhosis_vs_healthy,True,True,False
GSE202379,clinical_cirrhosis_vs_healthy,RAM2019_ENDO_6_SAENDO1,endothelial,standardized_mean,primary,30,primary,1.0,positive_case_higher,4,4,-0.1014786219311615,0.0173520701809145,0.1188306921120761,0.476868359558985,0.2491897181477347,0.2166867114328128,0.7099970268936754,-1.1749074612787909,1.6082808841444165,0.7098681292390139,-1.1746548218756545,1.60802824474128,0.7142857142857143,exact_70_allocations,results/primary/gse202379_primary_effects.csv,,,,,,snRNA-seq,author labels,clinical_cirrhosis_vs_healthy,True,True,False
GSE202379,advanced_f3f4_vs_f0_non_end_stage,RAM2019_MES_MESOTHELIAL,mesenchymal_hsc_myofibroblast,singscore,sensitivity,20,evaluable_flagged,0.795045045045045,positive_case_higher,3,12,0.241832363012987,0.2863625609490487,0.0445301979360617,0.056357477339723,0.7901382396453545,0.7436595196662159,0.86440922138812,-0.9505825542544994,2.4379015935869317,0.661768109935669,-0.5534059758076955,2.0407250151401275,0.2461538461538461,exact_455_allocations,results/sensitivity/gse202379_sensitivity_effects.csv,,,,,,snRNA-seq,author labels,advanced_f3f4_vs_f0,True,False,False
GSE202379,advanced_f3f4_vs_f0_non_end_stage,RAM2019_MES_MESOTHELIAL,mesenchymal_hsc_myofibroblast,standardized_mean,sensitivity,20,evaluable_flagged,0.795045045045045,positive_case_higher,3,12,-0.3813292937347197,-0.0283533225952294,0.3529759711394903,0.2385020919528883,1.4799701262545493,1.3929130600042816,0.736850938720298,-0.0513147798875026,2.837140899896066,0.7009208263767089,0.0191082403059321,2.766717879702631,0.0461538461538461,exact_455_allocations,results/sensitivity/gse202379_sensitivity_effects.csv,,,,,,snRNA-seq,author labels,advanced_f3f4_vs_f0,True,False,False
GSE202379,advanced_f3f4_vs_f0_pooled_end_stage_sensitivity,RAM2019_ENDO_1,endothelial,singscore,sensitivity,20,primary,0.9625,positive_case_higher,5,20,0.7987728563931258,0.7954643960914005,-0.0033084603017252,0.0434760920106194,-0.0760983830128325,-0.0735896451113106,0.5363989121650035,-1.1249315129547175,0.9777522227320962,0.5001177130103344,-1.053820362611566,0.9066410723889448,0.8808770939205722,exact_53130_allocations,results/sensitivity/gse202379_sensitivity_effects.csv,,,,,,snRNA-seq,author labels,unmapped,False,False,False
GSE202379,advanced_f3f4_vs_f0_pooled_end_stage_sensitivity,RAM2019_ENDO_1,endothelial,standardized_mean,sensitivity,20,primary,0.9625,positive_case_higher,5,20,-0.0437810173438297,-0.1611145545723479,-0.1173335372285182,0.5734602544944103,-0.2046062238994488,-0.1978609637708955,0.4262350738916922,-1.0332817085986123,0.6375597810568212,0.5008503412889173,-1.1795276326971735,0.7838057051553823,0.6903444381705252,exact_53130_allocations,results/sensitivity/gse202379_sensitivity_effects.csv,,,,,,snRNA-seq,author labels,unmapped,False,False,False
GSE202379,advanced_f3f4_vs_f0_pooled_end_stage_sensitivity,RAM2019_ENDO_2,endothelial,singscore,sensitivity,20,primary,0.9555555555555556,positive_case_higher,5,20,0.2451501338844675,0.3446850399567278,0.0995349060722602,0.0937620744080175,1.06156894139438,1.0265721631066531,0.406957815016822,0.228934845673682,1.8242094805396245,0.5224076869995367,0.0026530965875612,2.050491229625745,0.0437794089968003,exact_53130_allocations,results/sensitivity/gse202379_sensitivity_effects.csv,,,,,,snRNA-seq,author labels,unmapped,True,False,False
GSE202379,advanced_f3f4_vs_f0_pooled_end_stage_sensitivity,RAM2019_ENDO_2,endothelial,standardized_mean,sensitivity,20,primary,0.9555555555555556,positive_case_higher,5,20,-0.3635092118715762,0.0498577078350211,0.4133669197065974,0.3804347734297926,1.086564500873321,1.0507436931522225,0.4222884591002998,0.2230583133156347,1.8784290729888096,0.5234513869853995,0.0247789746608393,2.076708411643605,0.0408996800301148,exact_53130_allocations,results/sensitivity/gse202379_sensitivity_effects.csv,,,,,,snRNA-seq,author labels,unmapped,True,False,False
GSE202379,advanced_f3f4_vs_f0_pooled_end_stage_sensitivity,RAM2019_ENDO_3,endothelial,singscore,sensitivity,20,primary,0.9487179487179488,positive_case_higher,5,20,0.5834955070381079,0.5987289419464308,0.0152334349083228,0.0610342079337076,0.24958847544755,0.2413602839492791,0.3523309076013465,-0.44920829494936,0.9319288628479184,0.501264808664869,-0.741118741033864,1.2238393089324224,0.6250517598343686,exact_53130_allocations,results/sensitivity/gse202379_sensitivity_effects.csv,,,,,,snRNA-seq,author labels,unmapped,True,False,False
GSE202379,advanced_f3f4_vs_f0_pooled_end_stage_sensitivity,RAM2019_ENDO_3,endothelial,standardized_mean,sensitivity,20,primary,0.9487179487179488,positive_case_higher,5,20,-0.0689913140999599,-0.0559983378259034,0.0129929762740564,0.3607203947120356,0.0360195222242113,0.0348320654475889,0.3205278801132099,-0.5934025795743023,0.6630667104694803,0.5000263747996601,-0.9452196291597448,1.0148837600549223,0.943459439111613,exact_53130_allocations,results/sensitivity/gse202379_sensitivity_effects.csv,,,,,,snRNA-seq,author labels,unmapped,True,False,False
GSE202379,advanced_f3f4_vs_f0_pooled_end_stage_sensitivity,RAM2019_ENDO_4,endothelial,singscore,sensitivity,20,primary,0.9659090909090908,positive_case_higher,5,20,0.5743822887810328,0.6168076931786445,0.0424254043976116,0.0732725146151302,0.5790084402105553,0.5599202498739436,0.3565243933173521,-0.1388675610280665,1.2587080607759538,0.5067696219194782,-0.4333482090882335,1.553188708836121,0.2594391116130246,exact_53130_allocations,results/sensitivity/gse202379_sensitivity_effects.csv,,,,,,snRNA-seq,author labels,unmapped,True,False,False
GSE202379,advanced_f3f4_vs_f0_pooled_end_stage_sensitivity,RAM2019_ENDO_4,endothelial,standardized_mean,sensitivity,20,primary,0.9659090909090908,positive_case_higher,5,20,-0.2320622879500406,-0.0188300188914569,0.2132322690585837,0.4292687522715962,0.4967337313284632,0.4803578940319205,0.3503433523254003,-0.2063150765258641,1.1670308645897052,0.5049912549040219,-0.5094249655799623,1.4701407536438034,0.3318464144551101,exact_53130_allocations,results/sensitivity/gse202379_sensitivity_effects.csv,,,,,,snRNA-seq,author labels,unmapped,True,False,False
GSE202379,advanced_f3f4_vs_f0_pooled_end_stage_sensitivity,RAM2019_ENDO_5,endothelial,singscore,sensitivity,20,primary,0.96,positive_case_higher,5,20,0.4749740993516827,0.5008882320270863,0.0259141326754036,0.0831302967296585,0.3117291011203399,0.3014523175669221,0.4731081865342966,-0.6258397280402993,1.2287443631741437,0.5019716235650064,-0.6824120646204903,1.2853166997543346,0.540617353660832,exact_53130_allocations,results/sensitivity/gse202379_sensitivity_effects.csv,,,,,,snRNA-seq,author labels,unmapped,True,False,False
GSE202379,advanced_f3f4_vs_f0_pooled_end_stage_sensitivity,RAM2019_ENDO_5,endothelial,standardized_mean,sensitivity,20,primary,0.96,positive_case_higher,5,20,-0.2135985052700262,0.0263650623418967,0.239963567611923,0.4025383498371714,0.5961259783297402,0.576473473549639,0.5160545126821243,-0.4349933713073247,1.5879403184066023,0.5071729330682931,-0.4175854752642156,1.5705324223634936,0.2449463579898362,exact_53130_allocations,results/sensitivity/gse202379_sensitivity_effects.csv,,,,,,snRNA-seq,author labels,unmapped,True,False,False
GSE202379,advanced_f3f4_vs_f0_pooled_end_stage_sensitivity,RAM2019_ENDO_6_SAENDO1,endothelial,singscore,sensitivity,20,primary,1.0,positive_case_higher,5,20,0.4091694671147383,0.5239982397183549,0.1148287726036165,0.1138676788105512,1.0084404442340862,0.9751951548637317,0.4791526438282794,0.0360559729603039,1.9143343367671597,0.5202634280503796,-0.0445211641150122,1.994911473842476,0.0531150009410879,exact_53130_allocations,results/sensitivity/gse202379_sensitivity_effects.csv,,,,,,snRNA-seq,author labels,unmapped,True,False,False
GSE202379,advanced_f3f4_vs_f0_pooled_end_stage_sensitivity,RAM2019_ENDO_6_SAENDO1,endothelial,standardized_mean,sensitivity,20,primary,1.0,positive_case_higher,5,20,-0.2851181931995055,0.2059775550868689,0.4910957482863744,0.6459431458968459,0.7602770482292572,0.7352129697162048,0.4424701466673373,-0.1320285177517763,1.602454457184186,0.5116158993781353,-0.2675541930649404,1.7379801324973498,0.1416149068322981,exact_53130_allocations,results/sensitivity/gse202379_sensitivity_effects.csv,,,,,,snRNA-seq,author labels,unmapped,True,False,False
GSE202379,advanced_f3f4_vs_f0_pooled_end_stage_sensitivity,RAM2019_MES_HSC,mesenchymal_hsc_myofibroblast,singscore,sensitivity,20,primary,0.8,positive_case_higher,3,17,0.2122116276837423,0.2044415500817804,-0.0077700776019619,0.1117405263313442,-0.0695367907872688,-0.0665986165286518,0.284795902996036,-0.6247985864008825,0.4916013533435788,0.6263226545689587,-1.2941910194838109,1.1609937864265072,0.9157894736842104,exact_1140_allocations,results/sensitivity/gse202379_sensitivity_effects.csv,,,,,,snRNA-seq,author labels,unmapped,False,False,False
GSE202379,advanced_f3f4_vs_f0_pooled_end_stage_sensitivity,RAM2019_MES_HSC,mesenchymal_hsc_myofibroblast,standardized_mean,sensitivity,20,primary,0.8,positive_case_higher,3,17,0.0818520163687613,-0.0981748991222779,-0.1800269154910393,0.5223801223377516,-0.344628188923775,-0.330066434462207,0.2666413488565446,-0.8526834782210345,0.1925506092966203,0.6286358889157035,-1.562192776736986,0.902059907812572,0.5947368421052631,exact_1140_allocations,results/sensitivity/gse202379_sensitivity_effects.csv,,,,,,snRNA-seq,author labels,unmapped,False,False,False
GSE202379,advanced_f3f4_vs_f0_pooled_end_stage_sensitivity,RAM2019_MES_MESOTHELIAL,mesenchymal_hsc_myofibroblast,singscore,sensitivity,20,evaluable_flagged,0.795045045045045,positive_case_higher,3,17,0.241832363012987,0.3086434263285915,0.0668110633156044,0.0624931541142058,1.0690941153891458,1.023921124598055,0.7896301458284536,-0.523753961225714,2.5715962104218244,0.6490604647450394,-0.2482373863022222,2.2960796354983324,0.1070175438596491,exact_1140_allocations,results/sensitivity/gse202379_sensitivity_effects.csv,,,,,,snRNA-seq,author labels,unmapped,True,False,False
GSE202379,advanced_f3f4_vs_f0_pooled_end_stage_sensitivity,RAM2019_MES_MESOTHELIAL,mesenchymal_hsc_myofibroblast,standardized_mean,sensitivity,20,evaluable_flagged,0.795045045045045,positive_case_higher,3,17,-0.3813292937347197,0.0142201701634517,0.3955494638981715,0.2399941734720362,1.6481627790195517,1.5785220982159087,0.7284843845241407,0.150692704548593,3.0063514918832244,0.6792434327449974,0.2472049700357137,2.9098392263961035,0.019298245614035,exact_1140_allocations,results/sensitivity/gse202379_sensitivity_effects.csv,,,,,,snRNA-seq,author labels,unmapped,True,False,False
GSE202379,advanced_f3f4_vs_f0_pooled_end_stage_sensitivity,RAM2019_MES_SAMES,mesenchymal_hsc_myofibroblast,singscore,sensitivity,20,primary,0.8785714285714286,positive_case_higher,3,17,0.4997084026856199,0.5643416770512688,0.0646332743656488,0.0917991159570753,0.7040729498514015,0.6743233885900747,0.6859360802846894,-0.6701113287679167,2.018758105948066,0.6362293238557744,-0.572686086167243,1.9213328633473925,0.2710526315789474,exact_1140_allocations,results/sensitivity/gse202379_sensitivity_effects.csv,,,,,,snRNA-seq,author labels,unmapped,True,False,False
GSE202379,advanced_f3f4_vs_f0_pooled_end_stage_sensitivity,RAM2019_MES_SAMES,mesenchymal_hsc_myofibroblast,standardized_mean,sensitivity,20,primary,0.8785714285714286,positive_case_higher,3,17,-0.2092949810627172,0.027469882371056,0.2367648634337732,0.3734632420091562,0.63397099580678,0.6071834889417048,0.5811764626447341,-0.531922377841974,1.7462893557253838,0.6343482842884006,-0.6361391482635604,1.85050612614697,0.3324561403508771,exact_1140_allocations,results/sensitivity/gse202379_sensitivity_effects.csv,,,,,,snRNA-seq,author labels,unmapped,True,False,False
GSE202379,advanced_f3f4_vs_f0_pooled_end_stage_sensitivity,RAM2019_MES_VSMC,mesenchymal_hsc_myofibroblast,singscore,sensitivity,20,primary,1.0,positive_case_higher,3,17,0.381202613618173,0.372899505131447,-0.0083031084867259,0.146609927232111,-0.0566340127403557,-0.0542410262865378,0.6775446480775773,-1.3822285365185891,1.2737464839455137,0.626289539620191,-1.2817685239421122,1.1732864713690363,0.9307017543859648,exact_1140_allocations,results/sensitivity/gse202379_sensitivity_effects.csv,,,,,,snRNA-seq,author labels,unmapped,False,False,False
GSE202379,advanced_f3f4_vs_f0_pooled_end_stage_sensitivity,RAM2019_MES_VSMC,mesenchymal_hsc_myofibroblast,standardized_mean,sensitivity,20,primary,1.0,positive_case_higher,3,17,0.0403233621961743,0.0031457450104312,-0.037177617185743,0.5635835069765959,-0.0659664747557755,-0.0631791589210244,0.7467187869617744,-1.5267479813661022,1.4003896635240534,0.6263128137703479,-1.2907522739109063,1.1643939560688574,0.9289473684210526,exact_1140_allocations,results/sensitivity/gse202379_sensitivity_effects.csv,,,,,,snRNA-seq,author labels,unmapped,False,False,False
GSE202379,advanced_f3f4_vs_f0_pooled_end_stage_sensitivity,RAM2019_SAMES_A,mesenchymal_hsc_myofibroblast,singscore,sensitivity,20,primary,0.8297872340425532,positive_case_higher,3,17,0.6563110368607198,0.6549148801978052,-0.0013961566629145,0.069354380336279,-0.0201307639999815,-0.0192801683380104,0.7674848684020049,-1.52355051040594,1.4849901737299191,0.6262325354343374,-1.2466959377893116,1.2081356011132909,0.9728070175438596,exact_1140_allocations,results/sensitivity/gse202379_sensitivity_effects.csv,,,,,,snRNA-seq,author labels,unmapped,False,False,False
GSE202379,advanced_f3f4_vs_f0_pooled_end_stage_sensitivity,RAM2019_SAMES_A,mesenchymal_hsc_myofibroblast,standardized_mean,sensitivity,20,primary,0.8297872340425532,positive_case_higher,3,17,0.1392273388373754,-0.0493179390329795,-0.188545277870355,0.4604175983314914,-0.4095092771293382,-0.3922060682365493,0.540270583146474,-1.4511364112036385,0.6667242747305397,0.6296267116930189,-1.6262744231548665,0.8418622866817675,0.4850877192982456,exact_1140_allocations,results/sensitivity/gse202379_sensitivity_effects.csv,,,,,,snRNA-seq,author labels,unmapped,False,False,False
GSE202379,advanced_f3f4_vs_f0_pooled_end_stage_sensitivity,RAM2019_SAMES_B,mesenchymal_hsc_myofibroblast,singscore,sensitivity,20,primary,0.9491525423728814,positive_case_higher,3,17,0.2962498531029988,0.3432166511038889,0.04696679800089,0.0981058453989892,0.4787359795930561,0.4585076987651805,0.6838007300058382,-0.8817417320462623,1.7987571295766234,0.6308696900278586,-0.7779968936894225,1.6950122912197836,0.4517543859649123,exact_1140_allocations,results/sensitivity/gse202379_sensitivity_effects.csv,,,,,,snRNA-seq,author labels,unmapped,True,False,False
GSE202379,advanced_f3f4_vs_f0_pooled_end_stage_sensitivity,RAM2019_SAMES_B,mesenchymal_hsc_myofibroblast,standardized_mean,sensitivity,20,primary,0.9491525423728814,positive_case_higher,3,17,-0.2739148313466659,0.0430659638904629,0.3169807952371288,0.3270580650634394,0.9691881323141937,0.9282365210896502,0.6962224190149309,-0.4363594201796144,2.2928324623589145,0.6450510336810601,-0.3360635049252276,2.192536547104528,0.1421052631578947,exact_1140_allocations,results/sensitivity/gse202379_sensitivity_effects.csv,,,,,,snRNA-seq,author labels,unmapped,True,False,False
GSE202379,all_f1f4_vs_f0_non_end_stage_sensitivity,RAM2019_ENDO_1,endothelial,singscore,sensitivity,20,primary,0.9625,positive_case_higher,5,35,0.7987728563931258,0.8063981597070574,0.0076253033139316,0.0351079602986998,0.2171958509994673,0.212880701641862,0.6343872617086008,-1.0305183313069954,1.4562797345907197,0.4787146546600773,-0.7254000214918895,1.1511614247756137,0.6563343665633437,monte_carlo_10000,results/sensitivity/gse202379_sensitivity_effects.csv,,,,,,snRNA-seq,author labels,unmapped,True,False,False
GSE202379,all_f1f4_vs_f0_non_end_stage_sensitivity,RAM2019_ENDO_1,endothelial,standardized_mean,sensitivity,20,primary,0.9625,positive_case_higher,5,35,-0.0437810173438297,0.0955613898378402,0.1393424071816699,0.3857332060780545,0.3612403728432795,0.354063411793413,0.5635938613470736,-0.7505805564468513,1.4587073800336772,0.4798134159150793,-0.5863708834001424,1.2944977069869683,0.4565543445655434,monte_carlo_10000,results/sensitivity/gse202379_sensitivity_effects.csv,,,,,,snRNA-seq,author labels,unmapped,True,False,False
GSE202379,all_f1f4_vs_f0_non_end_stage_sensitivity,RAM2019_ENDO_2,endothelial,singscore,sensitivity,20,primary,0.9555555555555556,positive_case_higher,5,35,0.2451501338844675,0.3069564151191208,0.0618062812346532,0.0599617955179926,1.0307610154220144,1.0102823197513784,0.5535474386423398,-0.0746706599876076,2.0952352994903647,0.4919362781936668,0.0460872144917913,1.9744774250109651,0.0367963203679632,monte_carlo_10000,results/sensitivity/gse202379_sensitivity_effects.csv,,,,,,snRNA-seq,author labels,unmapped,True,False,False
GSE202379,all_f1f4_vs_f0_non_end_stage_sensitivity,RAM2019_ENDO_2,endothelial,standardized_mean,sensitivity,20,primary,0.9555555555555556,positive_case_higher,5,35,-0.3635092118715762,-0.019908220376856,0.3436009914947202,0.2996376710570747,1.1467216064073311,1.1239390579356623,0.4842450027247396,0.1748188525951729,2.073059263276152,0.4951696622767142,0.1534065198733026,2.0944715959980225,0.0191980801919808,monte_carlo_10000,results/sensitivity/gse202379_sensitivity_effects.csv,,,,,,snRNA-seq,author labels,unmapped,True,False,False
GSE202379,all_f1f4_vs_f0_non_end_stage_sensitivity,RAM2019_ENDO_3,endothelial,singscore,sensitivity,20,primary,0.9487179487179488,positive_case_higher,5,35,0.5834955070381079,0.5969138929356738,0.0134183858975658,0.06654472079596,0.2016446344212546,0.1976384496314284,0.2985749481563933,-0.3875684487551025,0.7828453480179594,0.478628654103538,-0.7404737124115062,1.135750611674363,0.676032396760324,monte_carlo_10000,results/sensitivity/gse202379_sensitivity_effects.csv,,,,,,snRNA-seq,author labels,unmapped,True,False,False
GSE202379,all_f1f4_vs_f0_non_end_stage_sensitivity,RAM2019_ENDO_3,endothelial,standardized_mean,sensitivity,20,primary,0.9487179487179488,positive_case_higher,5,35,-0.0689913140999599,0.0259081073757161,0.0948994214756761,0.3928555085660334,0.2415631686623655,0.2367639004107953,0.2648573131534979,-0.2823564333700605,0.7558842341916512,0.4788622166954749,-0.7018060443123356,1.1753338451339264,0.6097390260973903,monte_carlo_10000,results/sensitivity/gse202379_sensitivity_effects.csv,,,,,,snRNA-seq,author labels,unmapped,True,False,False
GSE202379,all_f1f4_vs_f0_non_end_stage_sensitivity,RAM2019_ENDO_4,endothelial,singscore,sensitivity,20,primary,0.9659090909090908,positive_case_higher,5,35,0.5743822887810328,0.6175454377824529,0.04316314900142,0.0658707445802604,0.6552703977534026,0.642251780579494,0.3466320662186372,-0.0371470692090349,1.3216506303680229,0.4837343213981217,-0.3058674893608246,1.5903710505198123,0.1796820317968203,monte_carlo_10000,results/sensitivity/gse202379_sensitivity_effects.csv,,,,,,snRNA-seq,author labels,unmapped,True,False,False
GSE202379,all_f1f4_vs_f0_non_end_stage_sensitivity,RAM2019_ENDO_4,endothelial,standardized_mean,sensitivity,20,primary,0.9659090909090908,positive_case_higher,5,35,-0.2320622879500406,0.0384643647880573,0.270526652738098,0.3608556923510099,0.7496809901365018,0.7347866658291541,0.3554205642740877,0.0381623598519421,1.431410971806366,0.4854642381499233,-0.2167232409446956,1.6862965726030037,0.118988101189881,monte_carlo_10000,results/sensitivity/gse202379_sensitivity_effects.csv,,,,,,snRNA-seq,author labels,unmapped,True,False,False
GSE202379,all_f1f4_vs_f0_non_end_stage_sensitivity,RAM2019_ENDO_5,endothelial,singscore,sensitivity,20,primary,0.96,positive_case_higher,5,35,0.4749740993516827,0.4963396547699152,0.0213655554182324,0.074239380559072,0.2877927490414871,0.2820750123055635,0.4998920019530598,-0.6977133115224337,1.2618633361335607,0.4791850934000203,-0.6571277707584764,1.2212777953696037,0.5574442555744425,monte_carlo_10000,results/sensitivity/gse202379_sensitivity_effects.csv,,,,,,snRNA-seq,author labels,unmapped,True,False,False
GSE202379,all_f1f4_vs_f0_non_end_stage_sensitivity,RAM2019_ENDO_5,endothelial,standardized_mean,sensitivity,20,primary,0.96,positive_case_higher,5,35,-0.2135985052700262,-0.0097662588248511,0.2038322464451751,0.3593505052001425,0.5672240430875405,0.5559546912381191,0.5536812034478249,-0.5292604675196176,1.641169849995856,0.4823259733904884,-0.3894042166072382,1.5013135990834765,0.2442755724427557,monte_carlo_10000,results/sensitivity/gse202379_sensitivity_effects.csv,,,,,,snRNA-seq,author labels,unmapped,True,False,False
GSE202379,all_f1f4_vs_f0_non_end_stage_sensitivity,RAM2019_ENDO_6_SAENDO1,endothelial,singscore,sensitivity,20,primary,1.0,positive_case_higher,5,35,0.4091694671147383,0.4644439110257641,0.0552744439110257,0.0640701449527035,0.862717634739694,0.8455775492812895,0.77511040240622,-0.6736388394349017,2.3647939379974807,0.4878312634734139,-0.1105717271266018,1.8017268256891807,0.0808919108089191,monte_carlo_10000,results/sensitivity/gse202379_sensitivity_effects.csv,,,,,,snRNA-seq,author labels,unmapped,True,False,False
GSE202379,all_f1f4_vs_f0_non_end_stage_sensitivity,RAM2019_ENDO_6_SAENDO1,endothelial,standardized_mean,sensitivity,20,primary,1.0,positive_case_higher,5,35,-0.2851181931995055,-0.1273158553137002,0.1578023378858052,0.3774479275452724,0.4180771077803252,0.4097709400760803,0.6741029651437443,-0.9114708716056584,1.731012751757819,0.4803965028297404,-0.5318062054702108,1.3513480856223716,0.3924607539246075,monte_carlo_10000,results/sensitivity/gse202379_sensitivity_effects.csv,,,,,,snRNA-seq,author labels,unmapped,True,False,False
GSE202379,all_f1f4_vs_f0_non_end_stage_sensitivity,RAM2019_MES_HSC,mesenchymal_hsc_myofibroblast,singscore,sensitivity,20,primary,0.8,positive_case_higher,3,29,0.2122116276837423,0.1900013460776731,-0.0222102816060692,0.104761736829945,-0.2120075733578398,-0.2066628446177262,0.2369553247560836,-0.6710952811396501,0.2577695919041978,0.6070650026780063,-1.3965102498666184,0.983184560631166,0.7330645161290322,exact_4960_allocations,results/sensitivity/gse202379_sensitivity_effects.csv,,,,,,snRNA-seq,author labels,unmapped,False,False,False
GSE202379,all_f1f4_vs_f0_non_end_stage_sensitivity,RAM2019_MES_HSC,mesenchymal_hsc_myofibroblast,standardized_mean,sensitivity,20,primary,0.8,positive_case_higher,3,29,0.0818520163687613,-0.0479678912538389,-0.1298199076226003,0.4699648648304237,-0.2762332194119296,-0.2692693567376793,0.2118952273542914,-0.6845840023520904,0.1460452888767318,0.607473888378742,-1.459918177960014,0.9213794644846552,0.6558467741935484,exact_4960_allocations,results/sensitivity/gse202379_sensitivity_effects.csv,,,,,,snRNA-seq,author labels,unmapped,False,False,False
GSE202379,all_f1f4_vs_f0_non_end_stage_sensitivity,RAM2019_MES_MESOTHELIAL,mesenchymal_hsc_myofibroblast,singscore,sensitivity,20,evaluable_flagged,0.795045045045045,positive_case_higher,3,29,0.241832363012987,0.2972695574627636,0.0554371944497765,0.0534122622902929,1.037911372270251,1.0117455393558752,0.9151912165825202,-0.7820292451458644,2.805520323857615,0.62038421634833,-0.2042075246868515,2.227698603398602,0.0969758064516129,exact_4960_allocations,results/sensitivity/gse202379_sensitivity_effects.csv,,,,,,snRNA-seq,author labels,unmapped,True,False,False
GSE202379,all_f1f4_vs_f0_non_end_stage_sensitivity,RAM2019_MES_MESOTHELIAL,mesenchymal_hsc_myofibroblast,standardized_mean,sensitivity,20,evaluable_flagged,0.795045045045045,positive_case_higher,3,29,-0.3813292937347197,0.0193794868028525,0.4007087805375722,0.2268597889816595,1.7663279258801017,1.7217986504377458,0.7632890229265705,0.2257521655016676,3.217845135373824,0.64593028661369,0.4557752886749133,2.9878220122005783,0.0064516129032258,exact_4960_allocations,results/sensitivity/gse202379_sensitivity_effects.csv,,,,,,snRNA-seq,author labels,unmapped,True,False,False
GSE202379,all_f1f4_vs_f0_non_end_stage_sensitivity,RAM2019_MES_SAMES,mesenchymal_hsc_myofibroblast,singscore,sensitivity,20,primary,0.8785714285714286,positive_case_higher,3,29,0.4997084026856199,0.5376851094419198,0.0379767067562998,0.0757558861260883,0.5013037098277923,0.4886658011766714,0.8127471975156003,-1.1043187059539052,2.081650308307248,0.6097507657844176,-0.706445699760787,1.6837773021141298,0.4211693548387096,exact_4960_allocations,results/sensitivity/gse202379_sensitivity_effects.csv,,,,,,snRNA-seq,author labels,unmapped,True,False,False
GSE202379,all_f1f4_vs_f0_non_end_stage_sensitivity,RAM2019_MES_SAMES,mesenchymal_hsc_myofibroblast,standardized_mean,sensitivity,20,primary,0.8785714285714286,positive_case_higher,3,29,-0.2092949810627172,-0.0054276144199361,0.2038673666427811,0.338276790156219,0.6026643641398911,0.5874711448758603,0.6205517598522551,-0.6288103044345597,1.80375259418628,0.6112022014481396,-0.6104851699624934,1.785427459714214,0.3348790322580645,exact_4960_allocations,results/sensitivity/gse202379_sensitivity_effects.csv,,,,,,snRNA-seq,author labels,unmapped,True,False,False
GSE202379,all_f1f4_vs_f0_non_end_stage_sensitivity,RAM2019_MES_VSMC,mesenchymal_hsc_myofibroblast,singscore,sensitivity,20,primary,1.0,positive_case_higher,3,29,0.381202613618173,0.3382319187191043,-0.0429706948990687,0.1160133956091305,-0.3703942520900306,-0.3610565818692735,0.8343274264552809,-1.996338337721624,1.274225173983077,0.6082670380207542,-1.5532599763899515,0.8311468126514048,0.5538306451612903,exact_4960_allocations,results/sensitivity/gse202379_sensitivity_effects.csv,,,,,,snRNA-seq,author labels,unmapped,False,False,False
GSE202379,all_f1f4_vs_f0_non_end_stage_sensitivity,RAM2019_MES_VSMC,mesenchymal_hsc_myofibroblast,standardized_mean,sensitivity,20,primary,1.0,positive_case_higher,3,29,0.0403233621961743,-0.0682359323286506,-0.1085592945248249,0.4651159643383848,-0.233402641165516,-0.227518540968066,0.8912614941200638,-1.974391069443391,1.519353987507259,0.607189292337044,-1.4176095539486722,0.96257247201254,0.7040322580645161,exact_4960_allocations,results/sensitivity/gse202379_sensitivity_effects.csv,,,,,,snRNA-seq,author labels,unmapped,False,False,False
GSE202379,all_f1f4_vs_f0_non_end_stage_sensitivity,RAM2019_SAMES_A,mesenchymal_hsc_myofibroblast,singscore,sensitivity,20,primary,0.8297872340425532,positive_case_higher,3,29,0.6563110368607198,0.6479941206922324,-0.0083169161684873,0.0570343776012187,-0.1458228618998672,-0.1421466552973496,0.9210985330586268,-1.947499780092258,1.6632064694975588,0.606756007920449,-1.3313884308214297,1.0470951202267305,0.8098790322580646,exact_4960_allocations,results/sensitivity/gse202379_sensitivity_effects.csv,,,,,,snRNA-seq,author labels,unmapped,False,False,False
GSE202379,all_f1f4_vs_f0_non_end_stage_sensitivity,RAM2019_SAMES_A,mesenchymal_hsc_myofibroblast,standardized_mean,sensitivity,20,primary,0.8297872340425532,positive_case_higher,3,29,0.1392273388373754,-0.0380577934219249,-0.1772851322593004,0.3987128846867251,-0.4446435996132807,-0.4334340971020216,0.5948379700539885,-1.599316518407839,0.7324483242037958,0.6090543302773027,-1.627180584445535,0.7603123902414917,0.4377016129032258,exact_4960_allocations,results/sensitivity/gse202379_sensitivity_effects.csv,,,,,,snRNA-seq,author labels,unmapped,False,False,False
GSE202379,all_f1f4_vs_f0_non_end_stage_sensitivity,RAM2019_SAMES_B,mesenchymal_hsc_myofibroblast,singscore,sensitivity,20,primary,0.9491525423728814,positive_case_higher,3,29,0.2962498531029988,0.311639211860552,0.0153893587575531,0.0672117527550715,0.2289682700826742,0.2231959607528588,0.9672233626768066,-1.6725618300936822,2.1189537515994,0.6071625531126703,-0.9668426433479748,1.4132345648536926,0.708266129032258,exact_4960_allocations,results/sensitivity/gse202379_sensitivity_effects.csv,,,,,,snRNA-seq,author labels,unmapped,True,False,False
GSE202379,all_f1f4_vs_f0_non_end_stage_sensitivity,RAM2019_SAMES_B,mesenchymal_hsc_myofibroblast,standardized_mean,sensitivity,20,primary,0.9491525423728814,positive_case_higher,3,29,-0.2739148313466659,-0.0274363896627507,0.2464784416839151,0.2596004269442035,0.9494531445315814,0.9255173509719616,0.857144208337578,-0.7544852973696912,2.605519999313614,0.618136283303711,-0.2860297643033118,2.137064466247235,0.1258064516129032,exact_4960_allocations,results/sensitivity/gse202379_sensitivity_effects.csv,,,,,,snRNA-seq,author labels,unmapped,True,False,False
GSE202379,clinical_cirrhosis_vs_healthy,RAM2019_MES_HSC,mesenchymal_hsc_myofibroblast,singscore,sensitivity,20,primary,0.8,positive_case_higher,3,4,0.2370812402009407,0.1413124340063354,-0.0957688061946053,0.1028671854080559,-0.9309947172629188,-0.7839955513793,0.6661868617582023,-2.0897218004253766,0.5217306976667764,0.8029932974761288,-2.357862414432512,0.7898713116739124,0.3142857142857143,exact_35_allocations,results/sensitivity/gse202379_sensitivity_effects.csv,,,,,,snRNA-seq,author labels,clinical_cirrhosis_vs_healthy,False,False,False
GSE202379,clinical_cirrhosis_vs_healthy,RAM2019_MES_HSC,mesenchymal_hsc_myofibroblast,standardized_mean,sensitivity,20,primary,0.8,positive_case_higher,3,4,0.2080825543264944,-0.4346214031949499,-0.6427039575214444,0.5484400083874942,-1.171876500058962,-0.9868433684707048,0.6651860464398383,-2.290608019492788,0.3169212825513783,0.8250571596700401,-2.6039554014239834,0.6302686644825739,0.2285714285714285,exact_35_allocations,results/sensitivity/gse202379_sensitivity_effects.csv,,,,,,snRNA-seq,author labels,clinical_cirrhosis_vs_healthy,False,False,False
GSE202379,clinical_cirrhosis_vs_healthy,RAM2019_MES_MESOTHELIAL,mesenchymal_hsc_myofibroblast,singscore,sensitivity,20,evaluable_flagged,0.795045045045045,positive_case_higher,3,4,0.2767938093097464,0.2980585175035328,0.0212647081937864,0.0402188943100518,0.5287243361255659,0.4452415462110028,0.8052870549771491,-1.1331210815442094,2.0236041739662154,0.7766320472273661,-1.0769572663546347,1.9674403587766405,0.5428571428571428,exact_35_allocations,results/sensitivity/gse202379_sensitivity_effects.csv,,,,,,snRNA-seq,author labels,clinical_cirrhosis_vs_healthy,True,False,False
GSE202379,clinical_cirrhosis_vs_healthy,RAM2019_MES_MESOTHELIAL,mesenchymal_hsc_myofibroblast,standardized_mean,sensitivity,20,evaluable_flagged,0.795045045045045,positive_case_higher,3,4,-0.2028161659420176,0.0427448692281031,0.2455610351701208,0.2245881550977278,1.0933837319393211,0.920744195317323,0.785226868512544,-0.6183004669672632,2.459788857601909,0.8173801567535071,-0.6813209119195509,2.522809302554197,0.2857142857142857,exact_35_allocations,results/sensitivity/gse202379_sensitivity_effects.csv,,,,,,snRNA-seq,author labels,clinical_cirrhosis_vs_healthy,True,False,False
GSE202379,clinical_cirrhosis_vs_healthy,RAM2019_MES_SAMES,mesenchymal_hsc_myofibroblast,singscore,sensitivity,20,primary,0.8785714285714286,positive_case_higher,3,4,0.5328546611090829,0.5664414273262024,0.0335867662171195,0.0415664052725934,0.8080267224662981,0.6804435557610932,0.8707735674284716,-1.0262726363987111,2.387159747920897,0.7934945977075164,-0.874805855745639,2.235692967267825,0.3714285714285714,exact_35_allocations,results/sensitivity/gse202379_sensitivity_effects.csv,,,,,,snRNA-seq,author labels,clinical_cirrhosis_vs_healthy,True,False,False
GSE202379,clinical_cirrhosis_vs_healthy,RAM2019_MES_SAMES,mesenchymal_hsc_myofibroblast,standardized_mean,sensitivity,20,primary,0.8785714285714286,positive_case_higher,3,4,-0.1349149124275197,0.2524115135845534,0.3873264260120732,0.191319050638026,2.024505268661883,1.7048465420310592,0.890819254884224,-0.0411591975420198,3.4508522816041385,0.9348708501824514,-0.1275003243265455,3.537193408388664,0.0285714285714285,exact_35_allocations,results/sensitivity/gse202379_sensitivity_effects.csv,,,,,,snRNA-seq,author labels,clinical_cirrhosis_vs_healthy,True,False,False
GSE202379,clinical_cirrhosis_vs_healthy,RAM2019_MES_VSMC,mesenchymal_hsc_myofibroblast,singscore,sensitivity,20,primary,1.0,positive_case_higher,3,4,0.4382360502738283,0.318558726370476,-0.1196773239033523,0.1439847574483376,-0.8311805084388402,-0.6999414807906023,0.642163433253858,-1.958581809968164,0.5586988483869596,0.79518874551044,-2.2585114219910647,0.8586284604098603,0.4,exact_35_allocations,results/sensitivity/gse202379_sensitivity_effects.csv,,,,,,snRNA-seq,author labels,clinical_cirrhosis_vs_healthy,False,False,False
GSE202379,clinical_cirrhosis_vs_healthy,RAM2019_MES_VSMC,mesenchymal_hsc_myofibroblast,standardized_mean,sensitivity,20,primary,1.0,positive_case_higher,3,4,0.2484353787083832,-0.0587930799268063,-0.3072284586351895,0.634633402146953,-0.4841038268642044,-0.4076663805172247,0.6658636419554264,-1.7127591187498603,0.8974263577154109,0.7745660211458639,-1.9258157819631176,1.1104830209286685,0.8571428571428571,exact_35_allocations,results/sensitivity/gse202379_sensitivity_effects.csv,,,,,,snRNA-seq,author labels,clinical_cirrhosis_vs_healthy,False,False,False
GSE202379,clinical_cirrhosis_vs_healthy,RAM2019_SAMES_A,mesenchymal_hsc_myofibroblast,singscore,sensitivity,20,primary,0.8297872340425532,positive_case_higher,3,4,0.6811775257864053,0.6459568444240749,-0.0352206813623304,0.055747282342126,-0.6317918987723561,-0.5320352831767209,0.7824396549246126,-2.065617006828961,1.00154644047552,0.7820738376827515,-2.064900005034914,1.000829438681472,0.4571428571428571,exact_35_allocations,results/sensitivity/gse202379_sensitivity_effects.csv,,,,,,snRNA-seq,author labels,clinical_cirrhosis_vs_healthy,False,False,False
GSE202379,clinical_cirrhosis_vs_healthy,RAM2019_SAMES_A,mesenchymal_hsc_myofibroblast,standardized_mean,sensitivity,20,primary,0.8297872340425532,positive_case_higher,3,4,0.1448978935733816,0.0490416746151593,-0.0958562189582223,0.2789765635608947,-0.343599540171764,-0.289346981197275,0.8124461402251737,-1.8817414160386157,1.3030474536440653,0.7692239601612335,-1.7970259431132924,1.2183319807187427,0.6,exact_35_allocations,results/sensitivity/gse202379_sensitivity_effects.csv,,,,,,snRNA-seq,author labels,clinical_cirrhosis_vs_healthy,False,False,False
GSE202379,clinical_cirrhosis_vs_healthy,RAM2019_SAMES_B,mesenchymal_hsc_myofibroblast,singscore,sensitivity,20,primary,0.9491525423728814,positive_case_higher,3,4,0.3628909177208911,0.2930570849377538,-0.0698338327831373,0.0338644214546506,-2.0621593337023345,-1.7365552283809131,0.797715224312624,-3.300077068033656,-0.1730333887281701,0.9406889706247448,-3.5803056108054125,0.1071951540435864,0.0285714285714285,exact_35_allocations,results/sensitivity/gse202379_sensitivity_effects.csv,,,,,,snRNA-seq,author labels,clinical_cirrhosis_vs_healthy,False,False,False
GSE202379,clinical_cirrhosis_vs_healthy,RAM2019_SAMES_B,mesenchymal_hsc_myofibroblast,standardized_mean,sensitivity,20,primary,0.9491525423728814,positive_case_higher,3,4,-0.0169762011343497,-0.0066491899992731,0.0103270111350766,0.2063597863375481,0.0500437188774002,0.0421420790546528,0.7992447837308966,-1.5243776970579046,1.60866185516721,0.7638788705128833,-1.4550605071505984,1.539344665259904,0.9142857142857144,exact_35_allocations,results/sensitivity/gse202379_sensitivity_effects.csv,,,,,,snRNA-seq,author labels,clinical_cirrhosis_vs_healthy,True,False,False
GSE202379,end_stage_vs_healthy_separate_stratum,RAM2019_ENDO_1,endothelial,singscore,sensitivity,20,primary,0.9625,positive_case_higher,4,5,0.8139687445332089,0.7873793557308633,-0.0265893888023456,0.0451423103471271,-0.5890125826056164,-0.5235667400938813,0.6422299712082192,-1.782337483661991,0.7352040034742284,0.6852591861755946,-1.8666747449980463,0.819541264810284,0.4682539682539682,exact_126_allocations,results/sensitivity/gse202379_sensitivity_effects.csv,,,,,,snRNA-seq,author labels,unmapped,False,False,False
GSE202379,end_stage_vs_healthy_separate_stratum,RAM2019_ENDO_1,endothelial,standardized_mean,sensitivity,20,primary,0.9625,positive_case_higher,4,5,0.1519743754758865,-0.6251487115210527,-0.7771230869969392,0.5384362679574332,-1.4432963253849307,-1.2829300670088273,0.6277209763515526,-2.5132631806578702,-0.0525969533597843,0.7533690784372403,-2.759533460745818,0.1936733267281636,0.0634920634920634,exact_126_allocations,results/sensitivity/gse202379_sensitivity_effects.csv,,,,,,snRNA-seq,author labels,unmapped,False,False,False
GSE202379,end_stage_vs_healthy_separate_stratum,RAM2019_ENDO_2,endothelial,singscore,sensitivity,20,primary,0.9555555555555556,positive_case_higher,4,5,0.2808284446007382,0.4825173856096175,0.2016889410088793,0.0450134478101278,4.480637472153384,3.982788864136341,0.7163609135546685,2.578721473569191,5.386856254703491,1.2581905129501438,1.516735458754059,6.448842269518623,0.0079365079365079,exact_126_allocations,results/sensitivity/gse202379_sensitivity_effects.csv,,,,,,snRNA-seq,author labels,unmapped,True,False,False
GSE202379,end_stage_vs_healthy_separate_stratum,RAM2019_ENDO_2,endothelial,standardized_mean,sensitivity,20,primary,0.9555555555555556,positive_case_higher,4,5,-0.1734745719724376,0.5028667545095701,0.6763413264820077,0.1657336514951067,4.080893170340706,3.627460595858405,0.6705493541893744,2.3131838616472318,4.941737330069579,1.178936275222754,1.3167454964218073,5.938175695295003,0.0079365079365079,exact_126_allocations,results/sensitivity/gse202379_sensitivity_effects.csv,,,,,,snRNA-seq,author labels,unmapped,True,False,False
GSE202379,end_stage_vs_healthy_separate_stratum,RAM2019_ENDO_3,endothelial,singscore,sensitivity,20,primary,0.9487179487179488,positive_case_higher,4,5,0.5864159322679502,0.6457572242325605,0.0593412919646103,0.0323401694228058,1.8349097430133985,1.6310308826785764,0.7131995599948161,0.2331597450887368,3.028902020268416,0.800011684747312,0.063007980573845,3.199053784783308,0.0317460317460317,exact_126_allocations,results/sensitivity/gse202379_sensitivity_effects.csv,,,,,,snRNA-seq,author labels,unmapped,True,False,False
GSE202379,end_stage_vs_healthy_separate_stratum,RAM2019_ENDO_3,endothelial,standardized_mean,sensitivity,20,primary,0.9487179487179488,positive_case_higher,4,5,0.0153868302007663,-0.1123654375300531,-0.1277522677308194,0.2757589730684743,-0.4632751069140985,-0.4118000950347542,0.6316042977566415,-1.6497445186377715,0.826144328568263,0.6797887969420373,-1.7441861370411471,0.9205859469716388,0.5793650793650794,exact_126_allocations,results/sensitivity/gse202379_sensitivity_effects.csv,,,,,,snRNA-seq,author labels,unmapped,False,False,False
GSE202379,end_stage_vs_healthy_separate_stratum,RAM2019_ENDO_4,endothelial,singscore,sensitivity,20,primary,0.9659090909090908,positive_case_higher,4,5,0.5757986994361456,0.6411455227542063,0.0653468233180607,0.0598420615284943,1.091988171011542,0.9706561520102596,0.6216125598371407,-0.2477044652705362,2.189016769291056,0.7192343828899571,-0.4390432384540566,2.3803555424745757,0.1507936507936507,exact_126_allocations,results/sensitivity/gse202379_sensitivity_effects.csv,,,,,,snRNA-seq,author labels,unmapped,True,False,False
GSE202379,end_stage_vs_healthy_separate_stratum,RAM2019_ENDO_4,endothelial,standardized_mean,sensitivity,20,primary,0.9659090909090908,positive_case_higher,4,5,-0.2034397337904545,-0.0371882655663573,0.1662514682240971,0.431161571405674,0.3855897168249101,0.3427464149554757,0.6072215572540357,-0.8474078372624343,1.5329006671733858,0.6770458469897437,-0.984263445144422,1.6697562750553734,0.5793650793650794,exact_126_allocations,results/sensitivity/gse202379_sensitivity_effects.csv,,,,,,snRNA-seq,author labels,unmapped,True,False,False
GSE202379,end_stage_vs_healthy_separate_stratum,RAM2019_ENDO_5,endothelial,singscore,sensitivity,20,primary,0.96,positive_case_higher,4,5,0.5161083007572602,0.5662350336975445,0.0501267329402842,0.0487882571278761,1.027434384649156,0.9132750085770276,0.6682132278195111,-0.396422917949214,2.222972935103269,0.713846284038166,-0.4858637081377777,2.312413725291833,0.2222222222222222,exact_126_allocations,results/sensitivity/gse202379_sensitivity_effects.csv,,,,,,snRNA-seq,author labels,unmapped,True,False,False
GSE202379,end_stage_vs_healthy_separate_stratum,RAM2019_ENDO_5,endothelial,standardized_mean,sensitivity,20,primary,0.96,positive_case_higher,4,5,-0.0707277380343102,0.2819623170439851,0.3526900550782954,0.3565067836186475,0.9892940928034772,0.8793725269364241,0.6482288793554921,-0.3911560766003403,2.1499011304731885,0.7107991499075706,-0.5137938068824144,2.2725388607552626,0.1904761904761904,exact_126_allocations,results/sensitivity/gse202379_sensitivity_effects.csv,,,,,,snRNA-seq,author labels,unmapped,True,False,False
GSE202379,end_stage_vs_healthy_separate_stratum,RAM2019_ENDO_6_SAENDO1,endothelial,singscore,sensitivity,20,primary,1.0,positive_case_higher,4,5,0.4331232997279564,0.699723155704913,0.2665998559769565,0.0778440284121465,3.424795214418234,3.044262412816208,0.7560825820912125,1.5623405519174312,4.526184273714984,1.0544983112526465,0.9774457227610212,5.111079102871394,0.0079365079365079,exact_126_allocations,results/sensitivity/gse202379_sensitivity_effects.csv,,,,,,snRNA-seq,author labels,unmapped,True,False,False
GSE202379,end_stage_vs_healthy_separate_stratum,RAM2019_ENDO_6_SAENDO1,endothelial,standardized_mean,sensitivity,20,primary,1.0,positive_case_higher,4,5,-0.1014786219311615,1.1763291803954126,1.2778078023265742,0.4210952670240327,3.034486260928806,2.697321120825605,0.7356962710042081,1.2553564296573574,4.139285811993853,0.9847240813276398,0.7672619214234313,4.627380320227779,0.0079365079365079,exact_126_allocations,results/sensitivity/gse202379_sensitivity_effects.csv,,,,,,snRNA-seq,author labels,unmapped,True,False,False
GSE202379,end_stage_vs_healthy_separate_stratum,RAM2019_MAC_SIG_A_SAM,macrophage_monocyte,singscore,sensitivity,20,primary,0.9393939393939394,positive_case_higher,3,5,0.2706661358399386,0.3479189696446391,0.0772528338047005,0.0625173199814797,1.235702903252827,1.0745242636981105,0.6668665542763287,-0.2325341826834936,2.381582710079715,0.7934419950063545,-0.4806220465143442,2.629670573910565,0.1607142857142857,exact_56_allocations,results/sensitivity/gse202379_sensitivity_effects.csv,,,,,,snRNA-seq,author labels,unmapped,True,False,False
GSE202379,end_stage_vs_healthy_separate_stratum,RAM2019_MAC_SIG_A_SAM,macrophage_monocyte,standardized_mean,sensitivity,20,primary,0.9393939393939394,positive_case_higher,3,5,-0.2082225189855282,0.0274088750040604,0.2356313939895887,0.2027258893732135,1.162315255925685,1.010708918196248,0.7755909501270513,-0.5094493440527725,2.5308671804452683,0.7864229416224575,-0.530680047383769,2.5520978837762645,0.1607142857142857,exact_56_allocations,results/sensitivity/gse202379_sensitivity_effects.csv,,,,,,snRNA-seq,author labels,unmapped,True,False,False
GSE202379,end_stage_vs_healthy_separate_stratum,RAM2019_MAC_SIG_B_SAM,macrophage_monocyte,singscore,sensitivity,20,primary,0.845360824742268,positive_case_higher,3,5,0.5686101210372614,0.6100821358477342,0.0414720148104728,0.0237427314605491,1.7467246714803035,1.518891018678525,0.819087687641891,-0.0865208490995814,3.124302886456632,0.8518132584190762,-0.1506629678228643,3.188445005179914,0.0535714285714285,exact_56_allocations,results/sensitivity/gse202379_sensitivity_effects.csv,,,,,,snRNA-seq,author labels,unmapped,True,False,False
GSE202379,end_stage_vs_healthy_separate_stratum,RAM2019_MAC_SIG_B_SAM,macrophage_monocyte,standardized_mean,sensitivity,20,primary,0.845360824742268,positive_case_higher,3,5,0.102892293833915,0.1383531249185784,0.0354608310846634,0.1437372961092956,0.2467058449304594,0.2145268216786603,0.7395570641852064,-1.235005024124344,1.6640586674816649,0.7329177851357516,-1.221992037187413,1.6510456805447336,0.6071428571428571,exact_56_allocations,results/sensitivity/gse202379_sensitivity_effects.csv,,,,,,snRNA-seq,author labels,unmapped,True,False,False
GSE202379,end_stage_vs_healthy_separate_stratum,RAM2019_MAC_SIG_C_KC,macrophage_monocyte,singscore,sensitivity,20,primary,0.9427710843373494,positive_case_higher,3,5,0.7693657744988234,0.8130612323281714,0.043695457829348,0.0147374917300288,2.964918225556312,2.578189761353315,0.8671387585985199,0.8785977945002161,4.277781728206414,1.0427153033285683,0.5344677668293207,4.62191175587731,0.0178571428571428,exact_56_allocations,results/sensitivity/gse202379_sensitivity_effects.csv,,,,,,snRNA-seq,author labels,unmapped,True,False,False
GSE202379,end_stage_vs_healthy_separate_stratum,RAM2019_MAC_SIG_C_KC,macrophage_monocyte,standardized_mean,sensitivity,20,primary,0.9427710843373494,positive_case_higher,3,5,0.3807592890089296,0.5234654973454058,0.1427062083364762,0.1119266520333286,1.274997560848888,1.108693531172946,0.7953860571798516,-0.450263140899563,2.667650203245455,0.7973498472055588,-0.4541121693499492,2.671499231695841,0.1607142857142857,exact_56_allocations,results/sensitivity/gse202379_sensitivity_effects.csv,,,,,,snRNA-seq,author labels,unmapped,True,False,False
GSE202379,end_stage_vs_healthy_separate_stratum,RAM2019_MAC_SIG_D_TMO,macrophage_monocyte,singscore,sensitivity,20,evaluable_flagged,0.7909090909090909,positive_case_higher,3,5,0.2490025903725557,0.227014757558632,-0.0219878328139237,0.0285299389673953,-0.7706933000821333,-0.670168087027942,0.7036383873280196,-2.0492993261908605,0.7089631521349765,0.7554868885289964,-2.150922388544775,0.810586214488891,0.3571428571428571,exact_56_allocations,results/sensitivity/gse202379_sensitivity_effects.csv,,,,,,snRNA-seq,author labels,unmapped,False,False,False
GSE202379,end_stage_vs_healthy_separate_stratum,RAM2019_MAC_SIG_D_TMO,macrophage_monocyte,standardized_mean,sensitivity,20,evaluable_flagged,0.7909090909090909,positive_case_higher,3,5,-0.0136452802761717,-0.172770489641551,-0.1591252093653792,0.1772563655980554,-0.8977122419750486,-0.7806193408478683,0.6752588767190238,-2.104126739217155,0.5428880575214183,0.7642734324891932,-2.2785952685266877,0.7173565868309504,0.2321428571428571,exact_56_allocations,results/sensitivity/gse202379_sensitivity_effects.csv,,,,,,snRNA-seq,author labels,unmapped,False,False,False
GSE202379,end_stage_vs_healthy_separate_stratum,RAM2019_MAC_SIG_E_TMO,macrophage_monocyte,singscore,sensitivity,20,primary,0.9368029739776952,positive_case_higher,3,5,0.5488554926710063,0.57867699270215,0.0298215000311437,0.0248504593839981,1.2000381791874046,1.0435114601629605,0.898165620515775,-0.7168931560479583,2.8039160763738797,0.7899850297891428,-0.5048591982237594,2.5918821185496803,0.1428571428571428,exact_56_allocations,results/sensitivity/gse202379_sensitivity_effects.csv,,,,,,snRNA-seq,author labels,unmapped,True,False,False
GSE202379,end_stage_vs_healthy_separate_stratum,RAM2019_MAC_SIG_E_TMO,macrophage_monocyte,standardized_mean,sensitivity,20,primary,0.9368029739776952,positive_case_higher,3,5,0.0429756035674632,0.0833987002447454,0.0404230966772822,0.1791307540029185,0.2256625162010069,0.1962282749573973,0.6123534678785686,-1.003984522084597,1.3964410719993918,0.7324903603400272,-1.239452831309056,1.6319093812238508,0.6964285714285714,exact_56_allocations,results/sensitivity/gse202379_sensitivity_effects.csv,,,,,,snRNA-seq,author labels,unmapped,True,False,False
GSE202379,end_stage_vs_healthy_separate_stratum,RAM2019_MAC_SIG_F_CDC1,macrophage_monocyte,singscore,sensitivity,20,primary,0.9384615384615383,positive_case_higher,3,5,0.4345173188152071,0.4429709330335635,0.0084536142183563,0.0557968544524026,0.1515070034201957,0.1317452203653875,0.7779025680086061,-1.3929438129314804,1.6564342536622554,0.7312863553976379,-1.3015760362139828,1.5650664769447578,0.8214285714285714,exact_56_allocations,results/sensitivity/gse202379_sensitivity_effects.csv,,,,,,snRNA-seq,author labels,unmapped,True,False,False
GSE202379,end_stage_vs_healthy_separate_stratum,RAM2019_MAC_SIG_F_CDC1,macrophage_monocyte,standardized_mean,sensitivity,20,primary,0.9384615384615383,positive_case_higher,3,5,0.0640776159913495,0.0041717607214023,-0.0599058552699472,0.3270848957538255,-0.1831507845444331,-0.1592615517777679,0.7369643266671398,-1.6037116320453622,1.285188528489826,0.7317424547996528,-1.5934767631850877,1.2749536596295514,0.7857142857142857,exact_56_allocations,results/sensitivity/gse202379_sensitivity_effects.csv,,,,,,snRNA-seq,author labels,unmapped,False,False,False
GSE202379,end_stage_vs_healthy_separate_stratum,RAM2019_MES_HSC,mesenchymal_hsc_myofibroblast,singscore,sensitivity,20,primary,0.8,positive_case_higher,3,5,0.2370812402009407,0.2872860205420279,0.0502047803410872,0.1073147368420151,0.4678274561209325,0.4068064835834196,0.5911605719807919,-0.7518682374989325,1.5654812046657716,0.7396785064633096,-1.0429633890846672,1.8565763562515063,0.5714285714285714,exact_56_allocations,results/sensitivity/gse202379_sensitivity_effects.csv,,,,,,snRNA-seq,author labels,unmapped,True,False,False
GSE202379,end_stage_vs_healthy_separate_stratum,RAM2019_MES_HSC,mesenchymal_hsc_myofibroblast,standardized_mean,sensitivity,20,primary,0.8,positive_case_higher,3,5,0.2080825543264944,0.2291025594510051,0.0210200051245106,0.4889093311599142,0.0429936673015459,0.0373857976535181,0.6094378661864585,-1.1571124200719405,1.2318840153789767,0.7303764838461845,-1.3941521106850034,1.4689237059920397,0.9642857142857144,exact_56_allocations,results/sensitivity/gse202379_sensitivity_effects.csv,,,,,,snRNA-seq,author labels,unmapped,True,False,False
GSE202379,end_stage_vs_healthy_separate_stratum,RAM2019_MES_MESOTHELIAL,mesenchymal_hsc_myofibroblast,singscore,sensitivity,20,evaluable_flagged,0.795045045045045,positive_case_higher,3,5,0.2767938093097464,0.3621175032394937,0.0853236939297473,0.0464262374880483,1.837833486974094,1.5981160756296469,0.7473339484304932,0.1333415367058803,3.0628906145534134,0.8638081862304995,-0.094947969382132,3.291180120641425,0.0714285714285714,exact_56_allocations,results/sensitivity/gse202379_sensitivity_effects.csv,,,,,,snRNA-seq,author labels,unmapped,True,False,False
GSE202379,end_stage_vs_healthy_separate_stratum,RAM2019_MES_MESOTHELIAL,mesenchymal_hsc_myofibroblast,standardized_mean,sensitivity,20,evaluable_flagged,0.795045045045045,positive_case_higher,3,5,-0.2028161659420176,0.1163965527842867,0.3192127187263044,0.2371085539440169,1.346272470632472,1.170671713593454,0.7556805975015326,-0.3104622575095499,2.6518056846964577,0.804698300659313,-0.4065369556987996,2.7478803828857075,0.1607142857142857,exact_56_allocations,results/sensitivity/gse202379_sensitivity_effects.csv,,,,,,snRNA-seq,author labels,unmapped,True,False,False
GSE202379,end_stage_vs_healthy_separate_stratum,RAM2019_MES_SAMES,mesenchymal_hsc_myofibroblast,singscore,sensitivity,20,primary,0.8785714285714286,positive_case_higher,3,5,0.5328546611090829,0.6416341426856165,0.1087794815765336,0.0631018404873832,1.72387177198553,1.4990189321613303,0.7149020195179404,0.0978109739061674,2.9002268904164934,0.848874635374098,-0.1647753531719016,3.1628132174945627,0.0892857142857142,exact_56_allocations,results/sensitivity/gse202379_sensitivity_effects.csv,,,,,,snRNA-seq,author labels,unmapped,True,False,False
GSE202379,end_stage_vs_healthy_separate_stratum,RAM2019_MES_SAMES,mesenchymal_hsc_myofibroblast,standardized_mean,sensitivity,20,primary,0.8785714285714286,positive_case_higher,3,5,-0.1349149124275197,0.1570571522732599,0.2919720647007797,0.3183648788052898,0.9170988514701968,0.7974772621479973,0.7009125478957516,-0.5763113317276758,2.1712658560236706,0.7657224248840147,-0.7033386906246715,2.2982932149206663,0.2321428571428571,exact_56_allocations,results/sensitivity/gse202379_sensitivity_effects.csv,,,,,,snRNA-seq,author labels,unmapped,True,False,False
GSE202379,end_stage_vs_healthy_separate_stratum,RAM2019_MES_VSMC,mesenchymal_hsc_myofibroblast,singscore,sensitivity,20,primary,1.0,positive_case_higher,3,5,0.4382360502738283,0.5014252659458357,0.0631892156720073,0.0749000985121619,0.8436466296736178,0.7336057649335807,0.617630859944046,-0.4769507205567495,1.9441622504239109,0.7603824376776785,-0.7567438129146692,2.2239553427818306,0.2678571428571428,exact_56_allocations,results/sensitivity/gse202379_sensitivity_effects.csv,,,,,,snRNA-seq,author labels,unmapped,True,False,False
GSE202379,end_stage_vs_healthy_separate_stratum,RAM2019_MES_VSMC,mesenchymal_hsc_myofibroblast,standardized_mean,sensitivity,20,primary,1.0,positive_case_higher,3,5,0.2484353787083832,0.3715743901884686,0.1231390114800854,0.3877368649613463,0.3175839663643054,0.2761599707515699,0.6885382028708509,-1.0733749068752978,1.6256948483784377,0.7346350754765654,-1.163724777182498,1.7160447186856382,0.6964285714285714,exact_56_allocations,results/sensitivity/gse202379_sensitivity_effects.csv,,,,,,snRNA-seq,author labels,unmapped,True,False,False
GSE202379,end_stage_vs_healthy_separate_stratum,RAM2019_SAMES_A,mesenchymal_hsc_myofibroblast,singscore,sensitivity,20,primary,0.8297872340425532,positive_case_higher,3,5,0.6811775257864053,0.7073885710249346,0.0262110452385292,0.0595644232307726,0.4400453125681891,0.3826480978853818,0.7474872221689921,-1.082426857565843,1.8477230533366065,0.7386033874152454,-1.065014541448499,1.8303107372192629,0.5535714285714286,exact_56_allocations,results/sensitivity/gse202379_sensitivity_effects.csv,,,,,,snRNA-seq,author labels,unmapped,True,False,False
GSE202379,end_stage_vs_healthy_separate_stratum,RAM2019_SAMES_A,mesenchymal_hsc_myofibroblast,standardized_mean,sensitivity,20,primary,0.8297872340425532,positive_case_higher,3,5,0.1448978935733816,0.1371987985447394,-0.0076990950286422,0.3717422649764621,-0.0207108412306298,-0.0180094271570694,0.7065979130637571,-1.4029413367620334,1.3669224824478945,0.730315248110164,-1.449427313452991,1.413408459138852,0.9821428571428572,exact_56_allocations,results/sensitivity/gse202379_sensitivity_effects.csv,,,,,,snRNA-seq,author labels,unmapped,False,False,False
GSE202379,end_stage_vs_healthy_separate_stratum,RAM2019_SAMES_B,mesenchymal_hsc_myofibroblast,singscore,sensitivity,20,primary,0.9491525423728814,positive_case_higher,3,5,0.3628909177208911,0.4540454289468744,0.0911545112259832,0.0704100127830796,1.2946242675287332,1.125760232633681,0.6035423362826701,-0.0571827464803522,2.3087032117477144,0.7993401498204337,-0.4409464610143689,2.692466926281731,0.125,exact_56_allocations,results/sensitivity/gse202379_sensitivity_effects.csv,,,,,,snRNA-seq,author labels,unmapped,True,False,False
GSE202379,end_stage_vs_healthy_separate_stratum,RAM2019_SAMES_B,mesenchymal_hsc_myofibroblast,standardized_mean,sensitivity,20,primary,0.9491525423728814,positive_case_higher,3,5,-0.0169762011343497,0.323479958851955,0.3404561599863048,0.313839715050608,1.0848090399629784,0.9433122086634594,0.6602441695549435,-0.3507663636642296,2.2373907809911486,0.7794141989882281,-0.5843396213534676,2.4709640386803864,0.1964285714285714,exact_56_allocations,results/sensitivity/gse202379_sensitivity_effects.csv,,,,,,snRNA-seq,author labels,unmapped,True,False,False
GSE290642_human,all_fibrosis_vs_f0_reconstructed_label_sensitivity,RAM2019_ENDO_1,endothelial,singscore,sensitivity,20,primary,0.9625,positive_case_higher,3,21,0.892445399513027,0.8851034954733082,-0.0073419040397187,0.0348381069941832,-0.2107434838794377,-0.2034764671939399,1.6191932925319716,-3.377095320556604,2.9701423861687246,0.6179752024041993,-1.4147078639061708,1.0077549295182908,0.7218379446640316,exact_2024_allocations,results/sensitivity/gse290642_sensitivity_effects.csv,reconstructed broad lineage; no author processed labels,unresolved,,,,scRNA-seq,reconstructed broad labels; sensitivity only,all_fibrosis_vs_f0_sensitivity,False,False,False
GSE290642_human,all_fibrosis_vs_f0_reconstructed_label_sensitivity,RAM2019_ENDO_1,endothelial,standardized_mean,sensitivity,20,primary,0.9625,positive_case_higher,3,21,-0.665756010556989,0.0951080015081413,0.7608640120651303,0.5908415421293483,1.2877632289074223,1.2433576003244078,1.266353399648968,-1.2386950629875697,3.725410263636385,0.6450483224356358,-0.0209371116494383,2.507652312298254,0.0469367588932806,exact_2024_allocations,results/sensitivity/gse290642_sensitivity_effects.csv,reconstructed broad lineage; no author processed labels,unresolved,,,,scRNA-seq,reconstructed broad labels; sensitivity only,all_fibrosis_vs_f0_sensitivity,True,False,False
GSE290642_human,all_fibrosis_vs_f0_reconstructed_label_sensitivity,RAM2019_ENDO_2,endothelial,singscore,sensitivity,20,primary,0.9555555555555556,positive_case_higher,3,21,0.6493007810572696,0.6583162766590023,0.0090154956017326,0.0889267848317214,0.1013811037787199,0.0978852036484193,0.4521745370861374,-0.7883768890404099,0.9841472963372486,0.6173897817534658,-1.1121987685883736,1.307969175885212,0.866106719367589,exact_2024_allocations,results/sensitivity/gse290642_sensitivity_effects.csv,reconstructed broad lineage; no author processed labels,unresolved,,,,scRNA-seq,reconstructed broad labels; sensitivity only,all_fibrosis_vs_f0_sensitivity,True,False,False
GSE290642_human,all_fibrosis_vs_f0_reconstructed_label_sensitivity,RAM2019_ENDO_2,endothelial,standardized_mean,sensitivity,20,primary,0.9555555555555556,positive_case_higher,3,21,-0.2801601217121945,0.0400228745303134,0.320182996242508,0.4678093644507931,0.6844304979196002,0.6608294462672002,0.2849267456176496,0.102373024856607,1.2192858676777931,0.625201791405248,-0.5645660648870858,1.8862249574214864,0.2297430830039525,exact_2024_allocations,results/sensitivity/gse290642_sensitivity_effects.csv,reconstructed broad lineage; no author processed labels,unresolved,,,,scRNA-seq,reconstructed broad labels; sensitivity only,all_fibrosis_vs_f0_sensitivity,True,False,False
GSE290642_human,all_fibrosis_vs_f0_reconstructed_label_sensitivity,RAM2019_ENDO_3,endothelial,singscore,sensitivity,20,primary,0.9743589743589745,positive_case_higher,3,21,0.8627203296663293,0.9100584957113124,0.0473381660449829,0.0413221789670541,1.1455873632105744,1.1060843506860718,0.900464540537384,-0.6588261487672009,2.8709948501393443,0.6393414110120982,-0.1470248148976405,2.359193516269784,0.0800395256916996,exact_2024_allocations,results/sensitivity/gse290642_sensitivity_effects.csv,reconstructed broad lineage; no author processed labels,unresolved,,,,scRNA-seq,reconstructed broad labels; sensitivity only,all_fibrosis_vs_f0_sensitivity,True,False,False
GSE290642_human,all_fibrosis_vs_f0_reconstructed_label_sensitivity,RAM2019_ENDO_3,endothelial,standardized_mean,sensitivity,20,primary,0.9743589743589745,positive_case_higher,3,21,-0.7136547680308157,0.1019506811472595,0.8156054491780753,0.4179304749977601,1.951533802799249,1.884239533737206,0.7428678294615259,0.4282185879926152,3.3402604794817967,0.6794426757277374,0.5525318893108406,3.215947178163572,0.0098814229249011,exact_2024_allocations,results/sensitivity/gse290642_sensitivity_effects.csv,reconstructed broad lineage; no author processed labels,unresolved,,,,scRNA-seq,reconstructed broad labels; sensitivity only,all_fibrosis_vs_f0_sensitivity,True,False,False
GSE290642_human,all_fibrosis_vs_f0_reconstructed_label_sensitivity,RAM2019_ENDO_4,endothelial,singscore,sensitivity,20,primary,0.9659090909090908,positive_case_higher,3,21,0.7266168315755138,0.7765905807794469,0.049973749203933,0.0504304845149471,0.9909432694250891,0.9567728118587068,1.049202573579445,-1.0996642323570054,3.013209856074419,0.633843237276608,-0.2855599332034446,2.199105556920858,0.1146245059288537,exact_2024_allocations,results/sensitivity/gse290642_sensitivity_effects.csv,reconstructed broad lineage; no author processed labels,unresolved,,,,scRNA-seq,reconstructed broad labels; sensitivity only,all_fibrosis_vs_f0_sensitivity,True,False,False
GSE290642_human,all_fibrosis_vs_f0_reconstructed_label_sensitivity,RAM2019_ENDO_4,endothelial,standardized_mean,sensitivity,20,primary,0.9659090909090908,positive_case_higher,3,21,-0.5820465544817474,0.0831495077831072,0.6651960622648546,0.3495669456449797,1.9029146506901944,1.8372969041146705,1.0284304049414252,-0.1784266895705231,3.853020497799864,0.6765145411958353,0.5113284033708332,3.163265404858508,0.0093873517786561,exact_2024_allocations,results/sensitivity/gse290642_sensitivity_effects.csv,reconstructed broad lineage; no author processed labels,unresolved,,,,scRNA-seq,reconstructed broad labels; sensitivity only,all_fibrosis_vs_f0_sensitivity,True,False,False
GSE290642_human,all_fibrosis_vs_f0_reconstructed_label_sensitivity,RAM2019_ENDO_5,endothelial,singscore,sensitivity,20,primary,0.94,positive_case_higher,3,21,0.9408486166646708,0.9289246223602656,-0.0119239943044053,0.0867118351419317,-0.1375128814294834,-0.132771057931915,0.4911804754395115,-1.0954847897933575,0.8299426739295275,0.6175378699416137,-1.343145283017478,1.077603167153648,0.7974308300395256,exact_2024_allocations,results/sensitivity/gse290642_sensitivity_effects.csv,reconstructed broad lineage; no author processed labels,unresolved,,,,scRNA-seq,reconstructed broad labels; sensitivity only,all_fibrosis_vs_f0_sensitivity,False,False,False
GSE290642_human,all_fibrosis_vs_f0_reconstructed_label_sensitivity,RAM2019_ENDO_5,endothelial,standardized_mean,sensitivity,20,primary,0.94,positive_case_higher,3,21,-0.0546741752348251,0.007810596462118,0.0624847716969432,0.8322762783068638,0.0750769586080943,0.0724880979664359,0.8253611534983739,-1.5452197628903768,1.6901959588232487,0.6173101343411289,-1.1374397653421766,1.2824159612750483,0.8868577075098815,exact_2024_allocations,results/sensitivity/gse290642_sensitivity_effects.csv,reconstructed broad lineage; no author processed labels,unresolved,,,,scRNA-seq,reconstructed broad labels; sensitivity only,all_fibrosis_vs_f0_sensitivity,True,False,False
GSE290642_human,all_fibrosis_vs_f0_reconstructed_label_sensitivity,RAM2019_ENDO_6_SAENDO1,endothelial,singscore,sensitivity,20,primary,1.0,positive_case_higher,3,21,0.8793426365157586,0.8301540515191325,-0.0491885849966261,0.0980790726547723,-0.5015196786144647,-0.4842258965932762,0.3361497409521766,-1.1430793888595423,0.1746275956729898,0.6215153673379196,-1.7023960165755985,0.7339442233890461,0.2677865612648221,exact_2024_allocations,results/sensitivity/gse290642_sensitivity_effects.csv,reconstructed broad lineage; no author processed labels,unresolved,,,,scRNA-seq,reconstructed broad labels; sensitivity only,all_fibrosis_vs_f0_sensitivity,False,False,False
GSE290642_human,all_fibrosis_vs_f0_reconstructed_label_sensitivity,RAM2019_ENDO_6_SAENDO1,endothelial,standardized_mean,sensitivity,20,primary,1.0,positive_case_higher,3,21,-0.2968469329773834,0.0424067047110544,0.3392536376884379,0.507462126219054,0.6685299654106478,0.6454772079826945,0.6454611763065424,-0.6196266975781286,1.9105811135435176,0.6248371712972671,-0.5792036477599491,1.870158063725338,0.2722332015810276,exact_2024_allocations,results/sensitivity/gse290642_sensitivity_effects.csv,reconstructed broad lineage; no author processed labels,unresolved,,,,scRNA-seq,reconstructed broad labels; sensitivity only,all_fibrosis_vs_f0_sensitivity,True,False,False
GSE290642_human,all_fibrosis_vs_f0_reconstructed_label_sensitivity,RAM2019_ENDO_7_SAENDO2,endothelial,singscore,sensitivity,20,primary,1.0,positive_case_higher,3,21,0.9609198679702624,0.8542162884813348,-0.1067035794889276,0.0229095858486428,-4.657595305034675,-4.496988570378306,0.4506389789730343,-5.380240969165453,-3.613736171591159,0.9168227121673312,-6.293961086226275,-2.7000160545303373,0.000494071146245,exact_2024_allocations,results/sensitivity/gse290642_sensitivity_effects.csv,reconstructed broad lineage; no author processed labels,unresolved,,,,scRNA-seq,reconstructed broad labels; sensitivity only,all_fibrosis_vs_f0_sensitivity,False,False,False
GSE290642_human,all_fibrosis_vs_f0_reconstructed_label_sensitivity,RAM2019_ENDO_7_SAENDO2,endothelial,standardized_mean,sensitivity,20,primary,1.0,positive_case_higher,3,21,0.9328369034831028,-0.1332624147833003,-1.0660993182664031,0.6774891085923036,-1.5736036266052442,-1.5193414325843737,0.6070036839920284,-2.7090686532087496,-0.329614211959998,0.658343360790627,-2.8096944197340026,-0.2289884454347446,0.050395256916996,exact_2024_allocations,results/sensitivity/gse290642_sensitivity_effects.csv,reconstructed broad lineage; no author processed labels,unresolved,,,,scRNA-seq,reconstructed broad labels; sensitivity only,all_fibrosis_vs_f0_sensitivity,False,False,False
GSE290642_human,f4_vs_f0_reconstructed_label_sensitivity,RAM2019_ENDO_1,endothelial,singscore,sensitivity,20,primary,0.9625,positive_case_higher,3,3,0.892445399513027,0.8687994531952402,-0.0236459463177868,0.0611441055901594,-0.3867248705260708,-0.3093798964208567,0.8000000000000002,-1.877379896420857,1.2586201035791436,0.8237907238524473,-1.924009715171653,1.30524992232994,0.7,exact_20_allocations,results/sensitivity/gse290642_sensitivity_effects.csv,reconstructed broad lineage; no author processed labels,unresolved,,,,scRNA-seq,reconstructed broad labels; sensitivity only,advanced_f3f4_vs_f0_reconstructed_sensitivity,False,False,True
GSE290642_human,f4_vs_f0_reconstructed_label_sensitivity,RAM2019_ENDO_1,endothelial,standardized_mean,sensitivity,20,primary,0.9625,positive_case_higher,3,3,-0.665756010556989,-0.130257202305491,0.535498808251498,0.8216271232541246,0.6517540537496,0.5214032429996801,0.8000000000000002,-1.0465967570003205,2.0894032429996803,0.8370479881064106,-1.1192108136888843,2.162017299688245,0.6,exact_20_allocations,results/sensitivity/gse290642_sensitivity_effects.csv,reconstructed broad lineage; no author processed labels,unresolved,,,,scRNA-seq,reconstructed broad labels; sensitivity only,advanced_f3f4_vs_f0_reconstructed_sensitivity,True,False,True
GSE290642_human,f4_vs_f0_reconstructed_label_sensitivity,RAM2019_ENDO_2,endothelial,singscore,sensitivity,20,primary,0.9555555555555556,positive_case_higher,3,3,0.6493007810572696,0.746898259478623,0.0975974784213533,0.060661688585602,1.608881663154328,1.2871053305234623,0.7999999999999997,-0.2808946694765368,2.855105330523462,0.934744180591356,-0.5449932634355952,3.1192039244825205,0.2,exact_20_allocations,results/sensitivity/gse290642_sensitivity_effects.csv,reconstructed broad lineage; no author processed labels,unresolved,,,,scRNA-seq,reconstructed broad labels; sensitivity only,advanced_f3f4_vs_f0_reconstructed_sensitivity,True,False,True
GSE290642_human,f4_vs_f0_reconstructed_label_sensitivity,RAM2019_ENDO_2,endothelial,standardized_mean,sensitivity,20,primary,0.9555555555555556,positive_case_higher,3,3,-0.2801601217121945,0.5180138586336877,0.7981739803458823,0.2788232472018238,2.8626521940192844,2.290121755215428,0.7999999999999996,0.7221217552154284,3.8581217552154263,1.149890809329538,0.0363357689295327,4.5439077415013225,0.1,exact_20_allocations,results/sensitivity/gse290642_sensitivity_effects.csv,reconstructed broad lineage; no author processed labels,unresolved,,,,scRNA-seq,reconstructed broad labels; sensitivity only,advanced_f3f4_vs_f0_reconstructed_sensitivity,True,False,True
GSE290642_human,f4_vs_f0_reconstructed_label_sensitivity,RAM2019_ENDO_3,endothelial,singscore,sensitivity,20,primary,0.9743589743589745,positive_case_higher,3,3,0.8627203296663293,0.909828347324252,0.0471080176579228,0.0414760277569781,1.1357890378014102,0.908631230241128,0.8000000000000002,-0.6593687697588722,2.4766312302411286,0.8774212248047427,-0.8111143703761676,2.628376830858424,0.3,exact_20_allocations,results/sensitivity/gse290642_sensitivity_effects.csv,reconstructed broad lineage; no author processed labels,unresolved,,,,scRNA-seq,reconstructed broad labels; sensitivity only,advanced_f3f4_vs_f0_reconstructed_sensitivity,True,False,True
GSE290642_human,f4_vs_f0_reconstructed_label_sensitivity,RAM2019_ENDO_3,endothelial,standardized_mean,sensitivity,20,primary,0.9743589743589745,positive_case_higher,3,3,-0.7136547680308157,0.2132190440267127,0.9268738120575284,0.3879793121394012,2.3889774095081187,1.911181927606495,0.8,0.3431819276064949,3.4791819276064957,1.059831926164652,-0.1660886476762229,3.9884525028892126,0.1,exact_20_allocations,results/sensitivity/gse290642_sensitivity_effects.csv,reconstructed broad lineage; no author processed labels,unresolved,,,,scRNA-seq,reconstructed broad labels; sensitivity only,advanced_f3f4_vs_f0_reconstructed_sensitivity,True,False,True
GSE290642_human,f4_vs_f0_reconstructed_label_sensitivity,RAM2019_ENDO_4,endothelial,singscore,sensitivity,20,primary,0.9659090909090908,positive_case_higher,3,3,0.7266168315755138,0.8095938893117322,0.0829770577362183,0.0575835582688163,1.4409852435456996,1.1527881948365597,0.8000000000000003,-0.4152118051634408,2.72078819483656,0.9125687614837488,-0.635846577671588,2.941422967344708,0.2,exact_20_allocations,results/sensitivity/gse290642_sensitivity_effects.csv,reconstructed broad lineage; no author processed labels,unresolved,,,,scRNA-seq,reconstructed broad labels; sensitivity only,advanced_f3f4_vs_f0_reconstructed_sensitivity,True,False,True
GSE290642_human,f4_vs_f0_reconstructed_label_sensitivity,RAM2019_ENDO_4,endothelial,standardized_mean,sensitivity,20,primary,0.9659090909090908,positive_case_higher,3,3,-0.5820465544817474,0.2278530043768278,0.8098995588585751,0.3709369833252407,2.183388541089332,1.7467108328714656,0.8000000000000003,0.178710832871465,3.314710832871466,1.023738984495307,-0.2598175767393365,3.753239242482268,0.1,exact_20_allocations,results/sensitivity/gse290642_sensitivity_effects.csv,reconstructed broad lineage; no author processed labels,unresolved,,,,scRNA-seq,reconstructed broad labels; sensitivity only,advanced_f3f4_vs_f0_reconstructed_sensitivity,True,False,True
GSE290642_human,f4_vs_f0_reconstructed_label_sensitivity,RAM2019_ENDO_5,endothelial,singscore,sensitivity,20,primary,0.94,positive_case_higher,3,3,0.9408486166646708,0.9584770388516908,0.0176284221870197,0.0426192848153736,0.4136254811263477,0.3309003849010782,0.8000000000000002,-1.2370996150989222,1.8989003849010784,0.8248354682951181,-1.285777132957353,1.9475779027595097,0.9,exact_20_allocations,results/sensitivity/gse290642_sensitivity_effects.csv,reconstructed broad lineage; no author processed labels,unresolved,,,,scRNA-seq,reconstructed broad labels; sensitivity only,advanced_f3f4_vs_f0_reconstructed_sensitivity,True,False,True
GSE290642_human,f4_vs_f0_reconstructed_label_sensitivity,RAM2019_ENDO_5,endothelial,standardized_mean,sensitivity,20,primary,0.94,positive_case_higher,3,3,-0.0546741752348251,0.2436600716772166,0.2983342469120418,0.8054883793762811,0.3703768478237425,0.296301478258994,0.8000000000000002,-1.2716985217410062,1.8643014782589944,0.8231895209603769,-1.3171499828233446,1.9097529393413328,0.7,exact_20_allocations,results/sensitivity/gse290642_sensitivity_effects.csv,reconstructed broad lineage; no author processed labels,unresolved,,,,scRNA-seq,reconstructed broad labels; sensitivity only,advanced_f3f4_vs_f0_reconstructed_sensitivity,True,False,True
GSE290642_human,f4_vs_f0_reconstructed_label_sensitivity,RAM2019_ENDO_6_SAENDO1,endothelial,singscore,sensitivity,20,primary,1.0,positive_case_higher,3,3,0.8793426365157586,0.9266299758976956,0.047287339381937,0.0285503898059223,1.656276488810952,1.3250211910487617,0.8,-0.2429788089512383,2.8930211910487618,0.9413430890263664,-0.5200112634429164,3.17005364554044,0.2,exact_20_allocations,results/sensitivity/gse290642_sensitivity_effects.csv,reconstructed broad lineage; no author processed labels,unresolved,,,,scRNA-seq,reconstructed broad labels; sensitivity only,advanced_f3f4_vs_f0_reconstructed_sensitivity,True,False,True
GSE290642_human,f4_vs_f0_reconstructed_label_sensitivity,RAM2019_ENDO_6_SAENDO1,endothelial,standardized_mean,sensitivity,20,primary,1.0,positive_case_higher,3,3,-0.2968469329773834,0.8309611161185381,1.1278080490959217,0.3744854989023693,3.011620082490692,2.409296065992554,0.7999999999999999,0.8412960659925541,3.9772960659925536,1.179938603643243,0.0966164028517977,4.721975729133311,0.1,exact_20_allocations,results/sensitivity/gse290642_sensitivity_effects.csv,reconstructed broad lineage; no author processed labels,unresolved,,,,scRNA-seq,reconstructed broad labels; sensitivity only,advanced_f3f4_vs_f0_reconstructed_sensitivity,True,False,True
GSE290642_human,f4_vs_f0_reconstructed_label_sensitivity,RAM2019_ENDO_7_SAENDO2,endothelial,singscore,sensitivity,20,primary,1.0,positive_case_higher,3,3,0.9609198679702624,0.8806175269036961,-0.0803023410665663,0.0110888796065328,-7.241700146086671,-5.793360116869337,0.8,-7.361360116869337,-4.2253601168693375,2.205004387100671,-10.115168715586652,-1.4715515181520225,0.1,exact_20_allocations,results/sensitivity/gse290642_sensitivity_effects.csv,reconstructed broad lineage; no author processed labels,unresolved,,,,scRNA-seq,reconstructed broad labels; sensitivity only,advanced_f3f4_vs_f0_reconstructed_sensitivity,False,False,True
GSE290642_human,f4_vs_f0_reconstructed_label_sensitivity,RAM2019_ENDO_7_SAENDO2,endothelial,standardized_mean,sensitivity,20,primary,1.0,positive_case_higher,3,3,0.9328369034831028,0.3478093344805377,-0.5850275690025651,0.4488648959263436,-1.3033489014444228,-1.0426791211555384,0.7999999999999998,-2.6106791211555382,0.5253208788444612,0.8958594395207193,-2.7985636226161485,0.7132053803050715,0.3,exact_20_allocations,results/sensitivity/gse290642_sensitivity_effects.csv,reconstructed broad lineage; no author processed labels,unresolved,,,,scRNA-seq,reconstructed broad labels; sensitivity only,advanced_f3f4_vs_f0_reconstructed_sensitivity,False,False,True
GSE244832,mash_f2f4_group_vs_normal_sensitivity,RAM2019_ENDO_1,endothelial,singscore,sensitivity,30,primary,0.95,positive_case_higher,5,9,0.7901639837316342,0.7610693169166342,-0.029094666815,0.0577356110231479,-0.5039293132852639,-0.4717636124372683,0.4163682411179518,-1.2878453650284538,0.3443181401539172,0.5660251603906596,-1.5811729268029613,0.6376457019284245,0.4090909090909091,exact_2002_allocations,results/sensitivity/gse244832_sensitivity_effects.csv,,,MASH group spans F2-F4; donor-level stage unavailable,,,snRNA-seq,author cluster mapping; mixed-stage MASH sensitivity,mash_f2f4_group_vs_normal_sensitivity,False,False,False
GSE244832,mash_f2f4_group_vs_normal_sensitivity,RAM2019_ENDO_1,endothelial,standardized_mean,sensitivity,30,primary,0.95,positive_case_higher,5,9,0.1978276953594218,-0.1589818245938077,-0.3568095199532295,0.5934225189051442,-0.601273980319348,-0.5628947900861981,0.4107856781747929,-1.3680347193087925,0.2422451391363959,0.5694850455811246,-1.6790854794252024,0.553295899252806,0.3796203796203796,exact_2002_allocations,results/sensitivity/gse244832_sensitivity_effects.csv,,,MASH group spans F2-F4; donor-level stage unavailable,,,snRNA-seq,author cluster mapping; mixed-stage MASH sensitivity,mash_f2f4_group_vs_normal_sensitivity,False,False,False
GSE244832,mash_f2f4_group_vs_normal_sensitivity,RAM2019_ENDO_2,endothelial,singscore,sensitivity,30,primary,0.9555555555555556,positive_case_higher,5,9,0.294380565719918,0.4278354051696142,0.1334548394496961,0.0960274472780994,1.3897572332960746,1.3010493247878143,0.4602059401382897,0.3990456821167667,2.2030529674588624,0.6177713982600919,0.0902173841980344,2.5118812653775944,0.0304695304695304,exact_2002_allocations,results/sensitivity/gse244832_sensitivity_effects.csv,,,MASH group spans F2-F4; donor-level stage unavailable,,,snRNA-seq,author cluster mapping; mixed-stage MASH sensitivity,mash_f2f4_group_vs_normal_sensitivity,True,False,False
GSE244832,mash_f2f4_group_vs_normal_sensitivity,RAM2019_ENDO_2,endothelial,standardized_mean,sensitivity,30,primary,0.9555555555555556,positive_case_higher,5,9,-0.2615490039454131,0.1935202730957866,0.4550692770411997,0.3916017833184605,1.162071513528134,1.0878967360688914,0.5081937151464947,0.0918370543817618,2.083956417756021,0.6003535755083559,-0.0887962719274861,2.264589744065269,0.0594405594405594,exact_2002_allocations,results/sensitivity/gse244832_sensitivity_effects.csv,,,MASH group spans F2-F4; donor-level stage unavailable,,,snRNA-seq,author cluster mapping; mixed-stage MASH sensitivity,mash_f2f4_group_vs_normal_sensitivity,True,False,False
GSE244832,mash_f2f4_group_vs_normal_sensitivity,RAM2019_ENDO_3,endothelial,singscore,sensitivity,30,primary,0.9743589743589745,positive_case_higher,5,9,0.5867409577621987,0.6176284291220406,0.0308874713598419,0.0358373633574409,0.8618790130225554,0.8068654589998392,0.4822974974250413,-0.1384376359532418,1.75216855395292,0.5815818420334926,-0.3330349513858064,1.9467658693854848,0.1468531468531468,exact_2002_allocations,results/sensitivity/gse244832_sensitivity_effects.csv,,,MASH group spans F2-F4; donor-level stage unavailable,,,snRNA-seq,author cluster mapping; mixed-stage MASH sensitivity,mash_f2f4_group_vs_normal_sensitivity,True,False,False
GSE244832,mash_f2f4_group_vs_normal_sensitivity,RAM2019_ENDO_3,endothelial,standardized_mean,sensitivity,30,primary,0.9743589743589745,positive_case_higher,5,9,0.008124999981732,0.0676732512184956,0.0595482512367635,0.3015314194833145,0.1974860574689089,0.1848805644389786,0.4477518050574656,-0.692712973473654,1.062474102351611,0.5590485775618379,-0.9108546475822236,1.2806157764601809,0.7017982017982018,exact_2002_allocations,results/sensitivity/gse244832_sensitivity_effects.csv,,,MASH group spans F2-F4; donor-level stage unavailable,,,snRNA-seq,author cluster mapping; mixed-stage MASH sensitivity,mash_f2f4_group_vs_normal_sensitivity,True,False,False
GSE244832,mash_f2f4_group_vs_normal_sensitivity,RAM2019_ENDO_4,endothelial,singscore,sensitivity,30,primary,0.9772727272727272,positive_case_higher,5,9,0.5538624172529081,0.5823168099319954,0.0284543926790873,0.0518074139537334,0.5492339900327492,0.5141765013072546,0.4795587968467696,-0.4257587405124138,1.4541117431269228,0.5675621897335436,-0.5982453905704908,1.626598393185,0.3406593406593406,exact_2002_allocations,results/sensitivity/gse244832_sensitivity_effects.csv,,,MASH group spans F2-F4; donor-level stage unavailable,,,snRNA-seq,author cluster mapping; mixed-stage MASH sensitivity,mash_f2f4_group_vs_normal_sensitivity,True,False,False
GSE244832,mash_f2f4_group_vs_normal_sensitivity,RAM2019_ENDO_4,endothelial,standardized_mean,sensitivity,30,primary,0.9772727272727272,positive_case_higher,5,9,-0.0338008555257033,0.0338993886663644,0.0677002441920677,0.3764612206163084,0.1798332483787705,0.1683545303971469,0.4514073364934269,-0.7164038491299698,1.0531129099242635,0.5588309939273497,-0.9269542177004584,1.2636632784947524,0.7512487512487512,exact_2002_allocations,results/sensitivity/gse244832_sensitivity_effects.csv,,,MASH group spans F2-F4; donor-level stage unavailable,,,snRNA-seq,author cluster mapping; mixed-stage MASH sensitivity,mash_f2f4_group_vs_normal_sensitivity,True,False,False
GSE244832,mash_f2f4_group_vs_normal_sensitivity,RAM2019_ENDO_5,endothelial,singscore,sensitivity,30,primary,0.96,positive_case_higher,5,9,0.5237427261343548,0.5887980252460768,0.065055299111722,0.0624247271894695,1.04213990257848,0.97562033432879,0.5300378649361872,-0.0632538809461369,2.0144945496037168,0.5922591529974613,-0.1852076055462344,2.136448274203814,0.0869130869130869,exact_2002_allocations,results/sensitivity/gse244832_sensitivity_effects.csv,,,MASH group spans F2-F4; donor-level stage unavailable,,,snRNA-seq,author cluster mapping; mixed-stage MASH sensitivity,mash_f2f4_group_vs_normal_sensitivity,True,False,False
GSE244832,mash_f2f4_group_vs_normal_sensitivity,RAM2019_ENDO_5,endothelial,standardized_mean,sensitivity,30,primary,0.96,positive_case_higher,5,9,-0.1615717709437986,0.1927383957238087,0.3543101666676074,0.450350478482856,0.7867431780270558,0.7365255283657545,0.5381477044692509,-0.3182439723939773,1.7912950291254863,0.5776798609019648,-0.3957269990020965,1.8687780557336056,0.1808191808191808,exact_2002_allocations,results/sensitivity/gse244832_sensitivity_effects.csv,,,MASH group spans F2-F4; donor-level stage unavailable,,,snRNA-seq,author cluster mapping; mixed-stage MASH sensitivity,mash_f2f4_group_vs_normal_sensitivity,True,False,False
GSE244832,mash_f2f4_group_vs_normal_sensitivity,RAM2019_ENDO_6_SAENDO1,endothelial,singscore,sensitivity,30,primary,1.0,positive_case_higher,5,9,0.511467681820411,0.6667633868972695,0.1552957050768585,0.1057632512208221,1.4683333131714915,1.3746099102030986,0.4894864893136864,0.4152163911482733,2.334003429257924,0.6243736552169448,0.150837545977887,2.5983822744283103,0.0244755244755244,exact_2002_allocations,results/sensitivity/gse244832_sensitivity_effects.csv,,,MASH group spans F2-F4; donor-level stage unavailable,,,snRNA-seq,author cluster mapping; mixed-stage MASH sensitivity,mash_f2f4_group_vs_normal_sensitivity,True,False,False
GSE244832,mash_f2f4_group_vs_normal_sensitivity,RAM2019_ENDO_6_SAENDO1,endothelial,standardized_mean,sensitivity,30,primary,1.0,positive_case_higher,5,9,-0.3524294678964411,0.3076883574787349,0.660117825375176,0.5061453088637078,1.304206151504467,1.2209589503446074,0.5194535627616229,0.2028299673318265,2.2390879333573883,0.6109216884174978,0.0235524410463117,2.418365459642903,0.0399600399600399,exact_2002_allocations,results/sensitivity/gse244832_sensitivity_effects.csv,,,MASH group spans F2-F4; donor-level stage unavailable,,,snRNA-seq,author cluster mapping; mixed-stage MASH sensitivity,mash_f2f4_group_vs_normal_sensitivity,True,False,False
GSE244832,mash_f2f4_group_vs_normal_sensitivity,RAM2019_ENDO_7_SAENDO2,endothelial,singscore,sensitivity,30,primary,0.9821428571428572,positive_case_higher,5,9,0.3446742242837287,0.4136416662480394,0.0689674419643106,0.075423567038718,0.9144017536177628,0.8560356842379055,0.5556719503515757,-0.2330813384511827,1.9451527069269936,0.5845034844262881,-0.289591145237619,2.00166251371343,0.1273726273726273,exact_2002_allocations,results/sensitivity/gse244832_sensitivity_effects.csv,,,MASH group spans F2-F4; donor-level stage unavailable,,,snRNA-seq,author cluster mapping; mixed-stage MASH sensitivity,mash_f2f4_group_vs_normal_sensitivity,True,False,False
GSE244832,mash_f2f4_group_vs_normal_sensitivity,RAM2019_ENDO_7_SAENDO2,endothelial,standardized_mean,sensitivity,30,primary,0.9821428571428572,positive_case_higher,5,9,-0.1588926701943725,0.122006280496308,0.2808989506906806,0.6593662899013606,0.4260135147835695,0.3988211627761076,0.6311812390297145,-0.8382940657221327,1.635936391274348,0.5636830147396952,-0.7059975461136949,1.50363987166591,0.4555444555444555,exact_2002_allocations,results/sensitivity/gse244832_sensitivity_effects.csv,,,MASH group spans F2-F4; donor-level stage unavailable,,,snRNA-seq,author cluster mapping; mixed-stage MASH sensitivity,mash_f2f4_group_vs_normal_sensitivity,True,False,False
GSE244832,mash_f2f4_group_vs_normal_sensitivity,RAM2019_MAC_SIG_A_SAM,macrophage_monocyte,singscore,sensitivity,30,primary,0.8787878787878788,positive_case_higher,4,9,0.2109724971351181,0.3629376055714927,0.1519651084363746,0.0911820185258352,1.6666126818997469,1.5503373785113923,0.5239719924732461,0.5233522732638303,2.577322483758955,0.6858303007587366,0.2061099890242688,2.8945647679985163,0.0265734265734265,exact_715_allocations,results/sensitivity/gse244832_sensitivity_effects.csv,,,MASH group spans F2-F4; donor-level stage unavailable,,,snRNA-seq,author cluster mapping; mixed-stage MASH sensitivity,mash_f2f4_group_vs_normal_sensitivity,True,False,False
GSE244832,mash_f2f4_group_vs_normal_sensitivity,RAM2019_MAC_SIG_A_SAM,macrophage_monocyte,standardized_mean,sensitivity,30,primary,0.8787878787878788,positive_case_higher,4,9,-0.30452921025129,0.2042797961017529,0.5088090063530429,0.3424166439008526,1.4859353814015233,1.3822654710711844,0.4507426885947702,0.4988098014254348,2.2657211407169338,0.66929753802571,0.0704422965407927,2.694088645601576,0.0349650349650349,exact_715_allocations,results/sensitivity/gse244832_sensitivity_effects.csv,,,MASH group spans F2-F4; donor-level stage unavailable,,,snRNA-seq,author cluster mapping; mixed-stage MASH sensitivity,mash_f2f4_group_vs_normal_sensitivity,True,False,False
GSE244832,mash_f2f4_group_vs_normal_sensitivity,RAM2019_MAC_SIG_B_SAM,macrophage_monocyte,singscore,sensitivity,30,primary,0.9455081001472754,positive_case_higher,4,9,0.4752847262641995,0.53594777873521,0.0606630524710105,0.0462559149730985,1.31146584185592,1.2199682249822512,0.6219073621794354,0.0010297951105577,2.4389066548539446,0.6547993070195002,-0.0634384167759691,2.5033748667404714,0.0601398601398601,exact_715_allocations,results/sensitivity/gse244832_sensitivity_effects.csv,,,MASH group spans F2-F4; donor-level stage unavailable,,,snRNA-seq,author cluster mapping; mixed-stage MASH sensitivity,mash_f2f4_group_vs_normal_sensitivity,True,False,False
GSE244832,mash_f2f4_group_vs_normal_sensitivity,RAM2019_MAC_SIG_B_SAM,macrophage_monocyte,standardized_mean,sensitivity,30,primary,0.9455081001472754,positive_case_higher,4,9,-0.0438601390628177,0.1250032886207552,0.168863427683573,0.1842019599717345,0.916729809549718,0.8527719158602027,0.5336945450826224,-0.193269392501737,1.8988132242221425,0.6278268574623944,-0.3777687247660903,2.083312556486496,0.1468531468531468,exact_715_allocations,results/sensitivity/gse244832_sensitivity_effects.csv,,,MASH group spans F2-F4; donor-level stage unavailable,,,snRNA-seq,author cluster mapping; mixed-stage MASH sensitivity,mash_f2f4_group_vs_normal_sensitivity,True,False,False
GSE244832,mash_f2f4_group_vs_normal_sensitivity,RAM2019_MAC_SIG_C_KC,macrophage_monocyte,singscore,sensitivity,30,primary,0.9698795180722892,positive_case_higher,4,9,0.7588443687811363,0.7554902886344148,-0.0033540801467214,0.0378005050284756,-0.0887310935183214,-0.0825405521100664,0.6450879664939632,-1.3469129664382342,1.1818318622181014,0.601182826041035,-1.260858891150495,1.0957777869303622,0.8937062937062937,exact_715_allocations,results/sensitivity/gse244832_sensitivity_effects.csv,,,MASH group spans F2-F4; donor-level stage unavailable,,,snRNA-seq,author cluster mapping; mixed-stage MASH sensitivity,mash_f2f4_group_vs_normal_sensitivity,False,False,False
GSE244832,mash_f2f4_group_vs_normal_sensitivity,RAM2019_MAC_SIG_C_KC,macrophage_monocyte,standardized_mean,sensitivity,30,primary,0.9698795180722892,positive_case_higher,4,9,0.1235241636473119,0.0470232382719505,-0.0765009253753614,0.2259765800554758,-0.3385347515064656,-0.3149160479129913,0.5958939590662485,-1.4828682076828383,0.8530361118568557,0.6046643156510133,-1.500058106588977,0.8702260107629947,0.5776223776223777,exact_715_allocations,results/sensitivity/gse244832_sensitivity_effects.csv,,,MASH group spans F2-F4; donor-level stage unavailable,,,snRNA-seq,author cluster mapping; mixed-stage MASH sensitivity,mash_f2f4_group_vs_normal_sensitivity,False,False,False
GSE244832,mash_f2f4_group_vs_normal_sensitivity,RAM2019_MAC_SIG_D_TMO,macrophage_monocyte,singscore,sensitivity,30,primary,0.8,positive_case_higher,4,9,0.1971151033651034,0.2086195211195211,0.0115044177544176,0.033095744205096,0.3476101846546856,0.3233583113066843,0.8895482060550115,-1.4201561725611382,2.0668727951745067,0.6048668163674754,-0.8621806487735675,1.508897271386936,0.5916083916083916,exact_715_allocations,results/sensitivity/gse244832_sensitivity_effects.csv,,,MASH group spans F2-F4; donor-level stage unavailable,,,snRNA-seq,author cluster mapping; mixed-stage MASH sensitivity,mash_f2f4_group_vs_normal_sensitivity,True,False,False
GSE244832,mash_f2f4_group_vs_normal_sensitivity,RAM2019_MAC_SIG_D_TMO,macrophage_monocyte,standardized_mean,sensitivity,30,primary,0.8,positive_case_higher,4,9,0.0302687330101137,0.0043017319536068,-0.0259670010565068,0.1828489237464198,-0.1420134202841613,-0.1321055072410803,0.7253211218586627,-1.5537349060840593,1.2895238916018985,0.6015848881945041,-1.3112118881023085,1.0470008736201477,0.8111888111888111,exact_715_allocations,results/sensitivity/gse244832_sensitivity_effects.csv,,,MASH group spans F2-F4; donor-level stage unavailable,,,snRNA-seq,author cluster mapping; mixed-stage MASH sensitivity,mash_f2f4_group_vs_normal_sensitivity,False,False,False
GSE244832,mash_f2f4_group_vs_normal_sensitivity,RAM2019_MAC_SIG_E_TMO,macrophage_monocyte,singscore,sensitivity,30,primary,0.933085501858736,positive_case_higher,4,9,0.4833151345783884,0.543659098931497,0.0603439643531086,0.0356215715922424,1.694028692609683,1.5758406442880772,0.7030713662858437,0.1978207663678237,2.9538605222083305,0.6884672759317253,0.2264447834618956,2.925236505114259,0.0125874125874125,exact_715_allocations,results/sensitivity/gse244832_sensitivity_effects.csv,,,MASH group spans F2-F4; donor-level stage unavailable,,,snRNA-seq,author cluster mapping; mixed-stage MASH sensitivity,mash_f2f4_group_vs_normal_sensitivity,True,False,False
GSE244832,mash_f2f4_group_vs_normal_sensitivity,RAM2019_MAC_SIG_E_TMO,macrophage_monocyte,standardized_mean,sensitivity,30,primary,0.933085501858736,positive_case_higher,4,9,-0.1658408834674389,0.1120440965240216,0.2778849799914605,0.1724427383266829,1.6114623479535763,1.4990347422823966,0.6364246886889611,0.251642352452033,2.7464271321127605,0.6806263693704931,0.1650070583162302,2.833062426248563,0.0223776223776223,exact_715_allocations,results/sensitivity/gse244832_sensitivity_effects.csv,,,MASH group spans F2-F4; donor-level stage unavailable,,,snRNA-seq,author cluster mapping; mixed-stage MASH sensitivity,mash_f2f4_group_vs_normal_sensitivity,True,False,False
GSE244832,mash_f2f4_group_vs_normal_sensitivity,RAM2019_MAC_SIG_F_CDC1,macrophage_monocyte,singscore,sensitivity,30,primary,0.9384615384615383,positive_case_higher,4,9,0.3354324604451741,0.3796091800372693,0.0441767195920952,0.0420746510599767,1.0499604507503113,0.9767073960468012,0.5646700331614513,-0.1300458689496432,2.0834606610432456,0.6359817672464063,-0.2698168677561551,2.2232316598497577,0.1118881118881118,exact_715_allocations,results/sensitivity/gse244832_sensitivity_effects.csv,,,MASH group spans F2-F4; donor-level stage unavailable,,,snRNA-seq,author cluster mapping; mixed-stage MASH sensitivity,mash_f2f4_group_vs_normal_sensitivity,True,False,False
GSE244832,mash_f2f4_group_vs_normal_sensitivity,RAM2019_MAC_SIG_F_CDC1,macrophage_monocyte,standardized_mean,sensitivity,30,primary,0.9384615384615383,positive_case_higher,4,9,-0.0443850303851634,0.0742776366853824,0.1186626670705459,0.2237896329097528,0.5302420202744547,0.493248390952981,0.4774777054943812,-0.4426079118160061,1.4291046937219682,0.6100573154750651,-0.7024639473781467,1.688960729284109,0.4027972027972028,exact_715_allocations,results/sensitivity/gse244832_sensitivity_effects.csv,,,MASH group spans F2-F4; donor-level stage unavailable,,,snRNA-seq,author cluster mapping; mixed-stage MASH sensitivity,mash_f2f4_group_vs_normal_sensitivity,True,False,False
GSE244832,mash_f2f4_group_vs_normal_sensitivity,RAM2019_MES_HSC,mesenchymal_hsc_myofibroblast,singscore,sensitivity,30,primary,0.8,positive_case_higher,5,9,0.097529048389469,0.202470543053717,0.104941494664248,0.1010792188383663,1.0382103845901085,0.9719416366375484,0.6597903936870657,-0.3212475349891004,2.265130808264197,0.592007080887282,-0.1883922419015244,2.1322755151766213,0.0894105894105894,exact_2002_allocations,results/sensitivity/gse244832_sensitivity_effects.csv,,,MASH group spans F2-F4; donor-level stage unavailable,,,snRNA-seq,author cluster mapping; mixed-stage MASH sensitivity,mash_f2f4_group_vs_normal_sensitivity,True,False,False
GSE244832,mash_f2f4_group_vs_normal_sensitivity,RAM2019_MES_HSC,mesenchymal_hsc_myofibroblast,standardized_mean,sensitivity,30,primary,0.8,positive_case_higher,5,9,-0.0042083766694739,0.2275820576732869,0.2317904343427609,0.4080612064965203,0.5680285963295496,0.5317714518829826,0.6771887962639404,-0.7955185887943406,1.8590614925603055,0.5682373163162994,-0.5819736880969641,1.645516591862929,0.3361638361638361,exact_2002_allocations,results/sensitivity/gse244832_sensitivity_effects.csv,,,MASH group spans F2-F4; donor-level stage unavailable,,,snRNA-seq,author cluster mapping; mixed-stage MASH sensitivity,mash_f2f4_group_vs_normal_sensitivity,True,False,False
GSE244832,mash_f2f4_group_vs_normal_sensitivity,RAM2019_MES_MESOTHELIAL,mesenchymal_hsc_myofibroblast,singscore,sensitivity,30,primary,0.954954954954955,positive_case_higher,5,9,0.2655685040391001,0.3241903654920486,0.0586218614529484,0.033443090275227,1.752884107614079,1.6409978879791378,0.4373461286665104,0.7837994757927774,2.4981963001654983,0.6506260041624866,0.365770919820664,2.916224856137612,0.0124875124875124,exact_2002_allocations,results/sensitivity/gse244832_sensitivity_effects.csv,,,MASH group spans F2-F4; donor-level stage unavailable,,,snRNA-seq,author cluster mapping; mixed-stage MASH sensitivity,mash_f2f4_group_vs_normal_sensitivity,True,False,False
GSE244832,mash_f2f4_group_vs_normal_sensitivity,RAM2019_MES_MESOTHELIAL,mesenchymal_hsc_myofibroblast,standardized_mean,sensitivity,30,primary,0.954954954954955,positive_case_higher,5,9,-0.1244008490237065,0.1314892271277605,0.255890076151467,0.2243586209924855,1.1405404214890305,1.0677399690535605,0.5659301414131318,-0.0414831081161777,2.1769630462232987,0.5988438620994752,-0.1059940006614108,2.241473938768532,0.0679320679320679,exact_2002_allocations,results/sensitivity/gse244832_sensitivity_effects.csv,,,MASH group spans F2-F4; donor-level stage unavailable,,,snRNA-seq,author cluster mapping; mixed-stage MASH sensitivity,mash_f2f4_group_vs_normal_sensitivity,True,False,False
GSE244832,mash_f2f4_group_vs_normal_sensitivity,RAM2019_MES_SAMES,mesenchymal_hsc_myofibroblast,singscore,sensitivity,30,primary,0.9714285714285714,positive_case_higher,5,9,0.5421279190067987,0.6172467730810918,0.075118854074293,0.0551692587823753,1.3616070930119328,1.274696001968618,0.5409197549332024,0.2144932822995413,2.3348987216376944,0.6154780176179272,0.0683590874374806,2.481032916499755,0.0339660339660339,exact_2002_allocations,results/sensitivity/gse244832_sensitivity_effects.csv,,,MASH group spans F2-F4; donor-level stage unavailable,,,snRNA-seq,author cluster mapping; mixed-stage MASH sensitivity,mash_f2f4_group_vs_normal_sensitivity,True,False,False
GSE244832,mash_f2f4_group_vs_normal_sensitivity,RAM2019_MES_SAMES,mesenchymal_hsc_myofibroblast,standardized_mean,sensitivity,30,primary,0.9714285714285714,positive_case_higher,5,9,-0.1943707263798555,0.1534799530669701,0.3478506794468256,0.3361900902779557,1.0346845118463457,0.9686408196008344,0.5904480515105622,-0.1886373613598677,2.1259190005615363,0.5917816216048944,-0.1912511587447587,2.128532797946427,0.0884115884115884,exact_2002_allocations,results/sensitivity/gse244832_sensitivity_effects.csv,,,MASH group spans F2-F4; donor-level stage unavailable,,,snRNA-seq,author cluster mapping; mixed-stage MASH sensitivity,mash_f2f4_group_vs_normal_sensitivity,True,False,False
GSE244832,mash_f2f4_group_vs_normal_sensitivity,RAM2019_MES_VSMC,mesenchymal_hsc_myofibroblast,singscore,sensitivity,30,primary,1.0,positive_case_higher,5,9,0.4751704252771292,0.4633045816171873,-0.0118658436599418,0.0517638133371388,-0.2292304777211709,-0.2145987451006706,0.5544428965928498,-1.3013068224226565,0.8721093322213151,0.5594908134509988,-1.3112007394646283,0.8820032492632872,0.6883116883116883,exact_2002_allocations,results/sensitivity/gse244832_sensitivity_effects.csv,,,MASH group spans F2-F4; donor-level stage unavailable,,,snRNA-seq,author cluster mapping; mixed-stage MASH sensitivity,mash_f2f4_group_vs_normal_sensitivity,False,False,False
GSE244832,mash_f2f4_group_vs_normal_sensitivity,RAM2019_MES_VSMC,mesenchymal_hsc_myofibroblast,standardized_mean,sensitivity,30,primary,1.0,positive_case_higher,5,9,0.1998275459467915,0.0654529047234089,-0.1343746412233827,0.3402761218049598,-0.3948988266076566,-0.3696925185263168,0.5066075494027037,-1.362643315355616,0.6232582783029823,0.5628550444282923,-1.4728884056057696,0.7335033685531358,0.496003996003996,exact_2002_allocations,results/sensitivity/gse244832_sensitivity_effects.csv,,,MASH group spans F2-F4; donor-level stage unavailable,,,snRNA-seq,author cluster mapping; mixed-stage MASH sensitivity,mash_f2f4_group_vs_normal_sensitivity,False,False,False
GSE244832,mash_f2f4_group_vs_normal_sensitivity,RAM2019_SAMES_A,mesenchymal_hsc_myofibroblast,singscore,sensitivity,30,primary,0.8085106382978723,positive_case_higher,5,9,0.6677752200248801,0.715198736108366,0.0474235160834859,0.046105403158925,1.0285891204555218,0.9629344957455948,0.6064230538168154,-0.2256546897353631,2.151523681226553,0.5913934642634113,-0.1961966942106913,2.122065685701881,0.0849150849150849,exact_2002_allocations,results/sensitivity/gse244832_sensitivity_effects.csv,,,MASH group spans F2-F4; donor-level stage unavailable,,,snRNA-seq,author cluster mapping; mixed-stage MASH sensitivity,mash_f2f4_group_vs_normal_sensitivity,True,False,False
GSE244832,mash_f2f4_group_vs_normal_sensitivity,RAM2019_SAMES_A,mesenchymal_hsc_myofibroblast,standardized_mean,sensitivity,30,primary,0.8085106382978723,positive_case_higher,5,9,-0.1705631883096293,0.154826080390883,0.3253892687005123,0.3238294688978372,1.0048167321151589,0.9406794938950424,0.5547925778730507,-0.1467139587361369,2.0280729465262217,0.5898991642963687,-0.2155228681258402,2.096881855915925,0.0984015984015984,exact_2002_allocations,results/sensitivity/gse244832_sensitivity_effects.csv,,,MASH group spans F2-F4; donor-level stage unavailable,,,snRNA-seq,author cluster mapping; mixed-stage MASH sensitivity,mash_f2f4_group_vs_normal_sensitivity,True,False,False
GSE244832,mash_f2f4_group_vs_normal_sensitivity,RAM2019_SAMES_B,mesenchymal_hsc_myofibroblast,singscore,sensitivity,30,primary,1.0,positive_case_higher,5,9,0.4036709737410222,0.4722964839194021,0.0686255101783799,0.0519865665882642,1.320062367686191,1.2358030676211147,0.5221700743911626,0.2123497218144361,2.259256413427793,0.612164053740513,0.0359615222897093,2.43564461295252,0.0384615384615384,exact_2002_allocations,results/sensitivity/gse244832_sensitivity_effects.csv,,,MASH group spans F2-F4; donor-level stage unavailable,,,snRNA-seq,author cluster mapping; mixed-stage MASH sensitivity,mash_f2f4_group_vs_normal_sensitivity,True,False,False
GSE244832,mash_f2f4_group_vs_normal_sensitivity,RAM2019_SAMES_B,mesenchymal_hsc_myofibroblast,standardized_mean,sensitivity,30,primary,1.0,positive_case_higher,5,9,-0.0766743371411789,0.1067793754445927,0.1834537125857717,0.2854168392907065,0.6427571443986108,0.6017300926284866,0.6059261249496583,-0.5858851122728436,1.7893452975298167,0.5711372343492029,-0.517698886695951,1.7211590719529242,0.2647352647352647,exact_2002_allocations,results/sensitivity/gse244832_sensitivity_effects.csv,,,MASH group spans F2-F4; donor-level stage unavailable,,,snRNA-seq,author cluster mapping; mixed-stage MASH sensitivity,mash_f2f4_group_vs_normal_sensitivity,True,False,False
GSE210077_Watson6,mixed_f2f4_fibrosis_vs_healthy_sensitivity,RAM2019_ENDO_1,endothelial,singscore,sensitivity,30,primary,0.9,positive_case_higher,3,3,0.8056430308437866,-0.0361103457023391,-0.8417533765461258,0.0203990538620967,-41.26433423023503,-33.01146738418802,0.7999999999999998,-34.57946738418802,-31.443467384188025,11.699841410199983,-55.94315654817999,-10.079778220196054,0.1,exact_20_allocations,results/sensitivity/gse210077_watson6_sensitivity_effects.csv,,,"case donors are one each F2, F3, F4; not a cirrhosis cohort",,,snRNA-seq,author labels; mixed F2/F3/F4 sensitivity,mixed_f2f4_vs_healthy_sensitivity,False,False,False
GSE210077_Watson6,mixed_f2f4_fibrosis_vs_healthy_sensitivity,RAM2019_ENDO_1,endothelial,standardized_mean,sensitivity,30,primary,0.9,positive_case_higher,3,3,0.7323273971619533,-0.7323273971619529,-1.464654794323906,0.08924719173827,-16.411214356404756,-13.128971485123806,0.7999999999999999,-14.696971485123806,-11.560971485123806,4.713056672565684,-22.366562563352545,-3.891380406895065,0.1,exact_20_allocations,results/sensitivity/gse210077_watson6_sensitivity_effects.csv,,,"case donors are one each F2, F3, F4; not a cirrhosis cohort",,,snRNA-seq,author labels; mixed F2/F3/F4 sensitivity,mixed_f2f4_vs_healthy_sensitivity,False,False,False
GSE210077_Watson6,mixed_f2f4_fibrosis_vs_healthy_sensitivity,RAM2019_ENDO_2,endothelial,singscore,sensitivity,30,primary,0.8222222222222222,positive_case_higher,3,3,0.3533260450985204,0.0269250342366424,-0.326401010861878,0.0366270106954199,-8.91148375651341,-7.129187005210729,0.7999999999999997,-8.697187005210727,-5.561187005210729,2.649496194765121,-12.322199546950364,-1.936174463471092,0.1,exact_20_allocations,results/sensitivity/gse210077_watson6_sensitivity_effects.csv,,,"case donors are one each F2, F3, F4; not a cirrhosis cohort",,,snRNA-seq,author labels; mixed F2/F3/F4 sensitivity,mixed_f2f4_vs_healthy_sensitivity,False,False,False
GSE210077_Watson6,mixed_f2f4_fibrosis_vs_healthy_sensitivity,RAM2019_ENDO_2,endothelial,standardized_mean,sensitivity,30,primary,0.8222222222222222,positive_case_higher,3,3,0.2913901774967534,-0.2913901774967533,-0.5827803549935067,0.1208531404777112,-4.822219370467976,-3.857775496374381,0.8,-5.425775496374381,-2.289775496374381,1.5896448154289031,-6.973479334615031,-0.7420716581337308,0.1,exact_20_allocations,results/sensitivity/gse210077_watson6_sensitivity_effects.csv,,,"case donors are one each F2, F3, F4; not a cirrhosis cohort",,,snRNA-seq,author labels; mixed F2/F3/F4 sensitivity,mixed_f2f4_vs_healthy_sensitivity,False,False,False
GSE210077_Watson6,mixed_f2f4_fibrosis_vs_healthy_sensitivity,RAM2019_ENDO_3,endothelial,singscore,sensitivity,30,primary,0.8974358974358975,positive_case_higher,3,3,0.6228408961163178,0.0319173587441344,-0.5909235373721834,0.0306479794798481,-19.280994943263075,-15.42479595461046,0.7999999999999996,-16.992795954610457,-13.85679595461046,5.514273111375385,-26.23277125290621,-4.616820656314706,0.1,exact_20_allocations,results/sensitivity/gse210077_watson6_sensitivity_effects.csv,,,"case donors are one each F2, F3, F4; not a cirrhosis cohort",,,snRNA-seq,author labels; mixed F2/F3/F4 sensitivity,mixed_f2f4_vs_healthy_sensitivity,False,False,False
GSE210077_Watson6,mixed_f2f4_fibrosis_vs_healthy_sensitivity,RAM2019_ENDO_3,endothelial,standardized_mean,sensitivity,30,primary,0.8974358974358975,positive_case_higher,3,3,0.5725595308711962,-0.5725595308711963,-1.1451190617423923,0.1046899711388544,-10.93819254399808,-8.750554035198466,0.7999999999999997,-10.318554035198463,-7.182554035198466,3.199717355803897,-15.022000052574104,-2.479108017822828,0.1,exact_20_allocations,results/sensitivity/gse210077_watson6_sensitivity_effects.csv,,,"case donors are one each F2, F3, F4; not a cirrhosis cohort",,,snRNA-seq,author labels; mixed F2/F3/F4 sensitivity,mixed_f2f4_vs_healthy_sensitivity,False,False,False
GSE210077_Watson6,mixed_f2f4_fibrosis_vs_healthy_sensitivity,RAM2019_ENDO_4,endothelial,singscore,sensitivity,30,primary,0.8522727272727273,positive_case_higher,3,3,0.6030121298811507,0.0044629913957893,-0.5985491384853614,0.02474834473202,-24.1854210843824,-19.34833686750592,0.8000000000000004,-20.91633686750592,-17.78033686750592,6.889225944108508,-32.8512197179586,-5.845454017053244,0.1,exact_20_allocations,results/sensitivity/gse210077_watson6_sensitivity_effects.csv,,,"case donors are one each F2, F3, F4; not a cirrhosis cohort",,,snRNA-seq,author labels; mixed F2/F3/F4 sensitivity,mixed_f2f4_vs_healthy_sensitivity,False,False,False
GSE210077_Watson6,mixed_f2f4_fibrosis_vs_healthy_sensitivity,RAM2019_ENDO_4,endothelial,standardized_mean,sensitivity,30,primary,0.8522727272727273,positive_case_higher,3,3,0.5055654676274223,-0.5055654676274224,-1.0111309352548448,0.093123956481976,-10.85790352400402,-8.686322819203216,0.7999999999999999,-10.254322819203216,-7.118322819203216,3.1777652810730026,-14.9147427701063,-2.457902868300131,0.1,exact_20_allocations,results/sensitivity/gse210077_watson6_sensitivity_effects.csv,,,"case donors are one each F2, F3, F4; not a cirrhosis cohort",,,snRNA-seq,author labels; mixed F2/F3/F4 sensitivity,mixed_f2f4_vs_healthy_sensitivity,False,False,False
GSE210077_Watson6,mixed_f2f4_fibrosis_vs_healthy_sensitivity,RAM2019_ENDO_5,endothelial,singscore,sensitivity,30,primary,0.9,positive_case_higher,3,3,0.6353304584518459,0.0147469478050265,-0.6205835106468194,0.0459572385416187,-13.50349869444008,-10.802798955552063,0.8,-12.370798955552065,-9.234798955552064,3.90566573402362,-18.45790379423836,-3.147694116865769,0.1,exact_20_allocations,results/sensitivity/gse210077_watson6_sensitivity_effects.csv,,,"case donors are one each F2, F3, F4; not a cirrhosis cohort",,,snRNA-seq,author labels; mixed F2/F3/F4 sensitivity,mixed_f2f4_vs_healthy_sensitivity,False,False,False
GSE210077_Watson6,mixed_f2f4_fibrosis_vs_healthy_sensitivity,RAM2019_ENDO_5,endothelial,standardized_mean,sensitivity,30,primary,0.9,positive_case_higher,3,3,0.4685188089413379,-0.468518808941338,-0.937037617882676,0.2028629467293435,-4.619067370311131,-3.6952538962489054,0.8000000000000002,-5.263253896248906,-2.127253896248905,1.5406262805705042,-6.714881406167094,-0.675626386330717,0.1,exact_20_allocations,results/sensitivity/gse210077_watson6_sensitivity_effects.csv,,,"case donors are one each F2, F3, F4; not a cirrhosis cohort",,,snRNA-seq,author labels; mixed F2/F3/F4 sensitivity,mixed_f2f4_vs_healthy_sensitivity,False,False,False
GSE210077_Watson6,mixed_f2f4_fibrosis_vs_healthy_sensitivity,RAM2019_ENDO_6_SAENDO1,endothelial,singscore,sensitivity,30,primary,1.0,positive_case_higher,3,3,0.5829155321674172,0.2653430114846231,-0.317572520682794,0.0631236623668243,-5.030958419955358,-4.024766735964287,0.8,-5.592766735964286,-2.4567667359642864,1.6405822370525178,-7.240307920587221,-0.8092255513413518,0.1,exact_20_allocations,results/sensitivity/gse210077_watson6_sensitivity_effects.csv,,,"case donors are one each F2, F3, F4; not a cirrhosis cohort",,,snRNA-seq,author labels; mixed F2/F3/F4 sensitivity,mixed_f2f4_vs_healthy_sensitivity,False,False,False
GSE210077_Watson6,mixed_f2f4_fibrosis_vs_healthy_sensitivity,RAM2019_ENDO_6_SAENDO1,endothelial,standardized_mean,sensitivity,30,primary,1.0,positive_case_higher,3,3,0.2176731771833906,-0.2176731771833902,-0.4353463543667809,0.1733681880097871,-2.51110863742894,-2.008886909943152,0.7999999999999998,-3.5768869099431515,-0.4408869099431522,1.0821829761109183,-4.129965543120552,0.1121917232342482,0.1,exact_20_allocations,results/sensitivity/gse210077_watson6_sensitivity_effects.csv,,,"case donors are one each F2, F3, F4; not a cirrhosis cohort",,,snRNA-seq,author labels; mixed F2/F3/F4 sensitivity,mixed_f2f4_vs_healthy_sensitivity,False,False,False
GSE210077_Watson6,mixed_f2f4_fibrosis_vs_healthy_sensitivity,RAM2019_ENDO_7_SAENDO2,endothelial,singscore,sensitivity,30,primary,0.8928571428571429,positive_case_higher,3,3,0.4416749259288392,0.050562940821731,-0.3911119851071082,0.1464790216380694,-2.670088731705861,-2.136070985364689,0.8,-3.704070985364689,-0.568070985364689,1.112212467778201,-4.316007422209963,0.0438654514805847,0.1,exact_20_allocations,results/sensitivity/gse210077_watson6_sensitivity_effects.csv,,,"case donors are one each F2, F3, F4; not a cirrhosis cohort",,,snRNA-seq,author labels; mixed F2/F3/F4 sensitivity,mixed_f2f4_vs_healthy_sensitivity,False,False,False
GSE210077_Watson6,mixed_f2f4_fibrosis_vs_healthy_sensitivity,RAM2019_ENDO_7_SAENDO2,endothelial,standardized_mean,sensitivity,30,primary,0.8928571428571429,positive_case_higher,3,3,0.294764843015139,-0.2947648430151391,-0.5895296860302781,0.5073138877956213,-1.162061004463924,-0.9296488035711392,0.8000000000000003,-2.49764880357114,0.6383511964288612,0.8801690342850759,-2.654780110769888,0.7954825036276093,0.4,exact_20_allocations,results/sensitivity/gse210077_watson6_sensitivity_effects.csv,,,"case donors are one each F2, F3, F4; not a cirrhosis cohort",,,snRNA-seq,author labels; mixed F2/F3/F4 sensitivity,mixed_f2f4_vs_healthy_sensitivity,False,False,False
GSE210077_Watson6,mixed_f2f4_fibrosis_vs_healthy_sensitivity,RAM2019_MAC_SIG_A_SAM,macrophage_monocyte,singscore,sensitivity,30,evaluable_flagged,0.7727272727272727,positive_case_higher,3,3,0.2636085886337491,-0.0908932461873638,-0.3545018348211129,0.0357032786412277,-9.92911150775262,-7.943289206202095,0.8000000000000003,-9.511289206202097,-6.375289206202095,2.924661876753877,-13.675626484639691,-2.210951927764498,0.1,exact_20_allocations,results/sensitivity/gse210077_watson6_sensitivity_effects.csv,,,"case donors are one each F2, F3, F4; not a cirrhosis cohort",,,snRNA-seq,author labels; mixed F2/F3/F4 sensitivity,mixed_f2f4_vs_healthy_sensitivity,False,False,False
GSE210077_Watson6,mixed_f2f4_fibrosis_vs_healthy_sensitivity,RAM2019_MAC_SIG_A_SAM,macrophage_monocyte,standardized_mean,sensitivity,30,evaluable_flagged,0.7727272727272727,positive_case_higher,3,3,0.2494120771996562,-0.2494120771996561,-0.4988241543993124,0.0846792185006373,-5.890750567042111,-4.712600453633689,0.7999999999999996,-6.280600453633689,-3.14460045363369,1.8554627579434797,-8.349307459202908,-1.0758934480644693,0.1,exact_20_allocations,results/sensitivity/gse210077_watson6_sensitivity_effects.csv,,,"case donors are one each F2, F3, F4; not a cirrhosis cohort",,,snRNA-seq,author labels; mixed F2/F3/F4 sensitivity,mixed_f2f4_vs_healthy_sensitivity,False,False,False
GSE210077_Watson6,mixed_f2f4_fibrosis_vs_healthy_sensitivity,RAM2019_MAC_SIG_B_SAM,macrophage_monocyte,singscore,sensitivity,30,primary,0.8512518409425626,positive_case_higher,3,3,0.5517529050243564,0.0239033619335284,-0.527849543090828,0.0305882705079762,-17.256599811786856,-13.805279849429484,0.8000000000000002,-15.373279849429483,-12.237279849429486,4.948725657358634,-23.50478213785241,-4.105777561006564,0.1,exact_20_allocations,results/sensitivity/gse210077_watson6_sensitivity_effects.csv,,,"case donors are one each F2, F3, F4; not a cirrhosis cohort",,,snRNA-seq,author labels; mixed F2/F3/F4 sensitivity,mixed_f2f4_vs_healthy_sensitivity,False,False,False
GSE210077_Watson6,mixed_f2f4_fibrosis_vs_healthy_sensitivity,RAM2019_MAC_SIG_B_SAM,macrophage_monocyte,standardized_mean,sensitivity,30,primary,0.8512518409425626,positive_case_higher,3,3,0.450525370165746,-0.4505253701657462,-0.9010507403314922,0.1135669363682195,-7.934093928623767,-6.347275142899014,0.7999999999999998,-7.915275142899014,-4.779275142899015,2.388023112142056,-11.027800442697444,-1.6667498431005852,0.1,exact_20_allocations,results/sensitivity/gse210077_watson6_sensitivity_effects.csv,,,"case donors are one each F2, F3, F4; not a cirrhosis cohort",,,snRNA-seq,author labels; mixed F2/F3/F4 sensitivity,mixed_f2f4_vs_healthy_sensitivity,False,False,False
GSE210077_Watson6,mixed_f2f4_fibrosis_vs_healthy_sensitivity,RAM2019_MAC_SIG_C_KC,macrophage_monocyte,singscore,sensitivity,30,primary,0.8975903614457831,positive_case_higher,3,3,0.7824013382657314,0.016036246977449,-0.7663650912882825,0.0235553795719771,-32.53461014909706,-26.02768811927765,0.8000000000000002,-27.595688119277654,-24.45968811927765,9.238329679707531,-44.13481429150441,-7.920561947050892,0.1,exact_20_allocations,results/sensitivity/gse210077_watson6_sensitivity_effects.csv,,,"case donors are one each F2, F3, F4; not a cirrhosis cohort",,,snRNA-seq,author labels; mixed F2/F3/F4 sensitivity,mixed_f2f4_vs_healthy_sensitivity,False,False,False
GSE210077_Watson6,mixed_f2f4_fibrosis_vs_healthy_sensitivity,RAM2019_MAC_SIG_C_KC,macrophage_monocyte,standardized_mean,sensitivity,30,primary,0.8975903614457831,positive_case_higher,3,3,0.6590217022509558,-0.6590217022509557,-1.3180434045019114,0.0979260599754065,-13.459577612261011,-10.767662089808807,0.8000000000000002,-12.335662089808809,-9.19966208980881,3.8935183352213576,-18.39895802684267,-3.136366152774948,0.1,exact_20_allocations,results/sensitivity/gse210077_watson6_sensitivity_effects.csv,,,"case donors are one each F2, F3, F4; not a cirrhosis cohort",,,snRNA-seq,author labels; mixed F2/F3/F4 sensitivity,mixed_f2f4_vs_healthy_sensitivity,False,False,False
GSE210077_Watson6,mixed_f2f4_fibrosis_vs_healthy_sensitivity,RAM2019_MAC_SIG_D_TMO,macrophage_monocyte,singscore,sensitivity,30,evaluable_flagged,0.7333333333333333,positive_case_higher,3,3,0.1723724888214357,0.1214543170688198,-0.0509181717526159,0.0304139090735782,-1.6741738666158708,-1.3393390932926967,0.8000000000000002,-2.907339093292697,0.2286609067073035,0.9438725112637986,-3.189329215369742,0.5106510287843484,0.2,exact_20_allocations,results/sensitivity/gse210077_watson6_sensitivity_effects.csv,,,"case donors are one each F2, F3, F4; not a cirrhosis cohort",,,snRNA-seq,author labels; mixed F2/F3/F4 sensitivity,mixed_f2f4_vs_healthy_sensitivity,False,False,False
GSE210077_Watson6,mixed_f2f4_fibrosis_vs_healthy_sensitivity,RAM2019_MAC_SIG_D_TMO,macrophage_monocyte,standardized_mean,sensitivity,30,evaluable_flagged,0.7333333333333333,positive_case_higher,3,3,0.007874096388528,-0.007874096388528,-0.0157481927770561,0.1322422661642574,-0.119085926412478,-0.0952687411299824,0.8000000000000003,-1.663268741129983,1.472731258870018,0.8171910323151057,-1.6969631644675895,1.5064256822076247,0.9,exact_20_allocations,results/sensitivity/gse210077_watson6_sensitivity_effects.csv,,,"case donors are one each F2, F3, F4; not a cirrhosis cohort",,,snRNA-seq,author labels; mixed F2/F3/F4 sensitivity,mixed_f2f4_vs_healthy_sensitivity,False,False,False
GSE210077_Watson6,mixed_f2f4_fibrosis_vs_healthy_sensitivity,RAM2019_MAC_SIG_E_TMO,macrophage_monocyte,singscore,sensitivity,30,primary,0.8178438661710037,positive_case_higher,3,3,0.5802864125896277,-0.0098778808036014,-0.5901642933932291,0.0227528533320463,-25.93803444256412,-20.7504275540513,0.7999999999999999,-22.3184275540513,-19.182427554051294,7.381679830916408,-35.21852002264746,-6.28233508545514,0.1,exact_20_allocations,results/sensitivity/gse210077_watson6_sensitivity_effects.csv,,,"case donors are one each F2, F3, F4; not a cirrhosis cohort",,,snRNA-seq,author labels; mixed F2/F3/F4 sensitivity,mixed_f2f4_vs_healthy_sensitivity,False,False,False
GSE210077_Watson6,mixed_f2f4_fibrosis_vs_healthy_sensitivity,RAM2019_MAC_SIG_E_TMO,macrophage_monocyte,standardized_mean,sensitivity,30,primary,0.8178438661710037,positive_case_higher,3,3,0.5310780279685721,-0.5310780279685722,-1.062156055937144,0.112447615477486,-9.445785501336898,-7.556628401069519,0.7999999999999999,-9.124628401069518,-5.988628401069519,2.793652763971925,-13.032187818454492,-2.081068983684545,0.1,exact_20_allocations,results/sensitivity/gse210077_watson6_sensitivity_effects.csv,,,"case donors are one each F2, F3, F4; not a cirrhosis cohort",,,snRNA-seq,author labels; mixed F2/F3/F4 sensitivity,mixed_f2f4_vs_healthy_sensitivity,False,False,False
GSE210077_Watson6,mixed_f2f4_fibrosis_vs_healthy_sensitivity,RAM2019_MAC_SIG_F_CDC1,macrophage_monocyte,singscore,sensitivity,30,primary,0.8153846153846154,positive_case_higher,3,3,0.3679706383263549,0.1173476571893213,-0.2506229811370336,0.0168440509165656,-14.879020633365132,-11.903216506692107,0.8000000000000003,-13.471216506692109,-10.335216506692106,4.28689713747777,-20.305534896148536,-3.5008981172356783,0.1,exact_20_allocations,results/sensitivity/gse210077_watson6_sensitivity_effects.csv,,,"case donors are one each F2, F3, F4; not a cirrhosis cohort",,,snRNA-seq,author labels; mixed F2/F3/F4 sensitivity,mixed_f2f4_vs_healthy_sensitivity,False,False,False
GSE210077_Watson6,mixed_f2f4_fibrosis_vs_healthy_sensitivity,RAM2019_MAC_SIG_F_CDC1,macrophage_monocyte,standardized_mean,sensitivity,30,primary,0.8153846153846154,positive_case_higher,3,3,0.1904188175466334,-0.1904188175466334,-0.3808376350932668,0.077058586315368,-4.942182997423029,-3.953746397938424,0.8000000000000004,-5.521746397938425,-2.385746397938423,1.618851595751769,-7.126695525611892,-0.7807972702649564,0.1,exact_20_allocations,results/sensitivity/gse210077_watson6_sensitivity_effects.csv,,,"case donors are one each F2, F3, F4; not a cirrhosis cohort",,,snRNA-seq,author labels; mixed F2/F3/F4 sensitivity,mixed_f2f4_vs_healthy_sensitivity,False,False,False
GSE210077_Watson6,mixed_f2f4_fibrosis_vs_healthy_sensitivity,RAM2019_MES_HSC,mesenchymal_hsc_myofibroblast,singscore,sensitivity,30,evaluable_flagged,0.6,positive_case_higher,3,3,0.4374959107028358,0.2820982565417851,-0.1553976541610506,0.105679886201643,-1.4704562972801027,-1.1763650378240822,0.8000000000000005,-2.744365037824083,0.3916349621759187,0.9163219982318024,-2.972356154358415,0.6196260787102505,0.3,exact_20_allocations,results/sensitivity/gse210077_watson6_sensitivity_effects.csv,,,"case donors are one each F2, F3, F4; not a cirrhosis cohort",,,snRNA-seq,author labels; mixed F2/F3/F4 sensitivity,mixed_f2f4_vs_healthy_sensitivity,False,False,False
GSE210077_Watson6,mixed_f2f4_fibrosis_vs_healthy_sensitivity,RAM2019_MES_HSC,mesenchymal_hsc_myofibroblast,standardized_mean,sensitivity,30,evaluable_flagged,0.6,positive_case_higher,3,3,0.1885277108821203,-0.1885277108821207,-0.377055421764241,0.3062759174182954,-1.231097191521195,-0.984877753216956,0.8000000000000005,-2.552877753216957,0.5831222467830449,0.8876455882075777,-2.724663106103808,0.7549075996698961,0.4,exact_20_allocations,results/sensitivity/gse210077_watson6_sensitivity_effects.csv,,,"case donors are one each F2, F3, F4; not a cirrhosis cohort",,,snRNA-seq,author labels; mixed F2/F3/F4 sensitivity,mixed_f2f4_vs_healthy_sensitivity,False,False,False
GSE210077_Watson6,mixed_f2f4_fibrosis_vs_healthy_sensitivity,RAM2019_MES_MESOTHELIAL,mesenchymal_hsc_myofibroblast,singscore,sensitivity,30,primary,0.8445945945945946,positive_case_higher,3,3,0.3620132354178009,0.0147501516097189,-0.3472630838080819,0.0783256269111158,-4.433581925902196,-3.546865540721757,0.8000000000000004,-5.114865540721758,-1.9788655407217564,1.496395189166818,-6.47980011148872,-0.6139309699547941,0.1,exact_20_allocations,results/sensitivity/gse210077_watson6_sensitivity_effects.csv,,,"case donors are one each F2, F3, F4; not a cirrhosis cohort",,,snRNA-seq,author labels; mixed F2/F3/F4 sensitivity,mixed_f2f4_vs_healthy_sensitivity,False,False,False
GSE210077_Watson6,mixed_f2f4_fibrosis_vs_healthy_sensitivity,RAM2019_MES_MESOTHELIAL,mesenchymal_hsc_myofibroblast,standardized_mean,sensitivity,30,primary,0.8445945945945946,positive_case_higher,3,3,0.2801724618082735,-0.2801724618082736,-0.5603449236165472,0.1889156237180108,-2.9661121329644957,-2.372889706371596,0.8000000000000003,-3.9408897063715966,-0.8048897063715956,1.1706802985837772,-4.667423091595799,-0.078356321147393,0.1,exact_20_allocations,results/sensitivity/gse210077_watson6_sensitivity_effects.csv,,,"case donors are one each F2, F3, F4; not a cirrhosis cohort",,,snRNA-seq,author labels; mixed F2/F3/F4 sensitivity,mixed_f2f4_vs_healthy_sensitivity,False,False,False
GSE210077_Watson6,mixed_f2f4_fibrosis_vs_healthy_sensitivity,RAM2019_MES_SAMES,mesenchymal_hsc_myofibroblast,singscore,sensitivity,30,primary,0.9071428571428573,positive_case_higher,3,3,0.6347704160160381,0.015010402290585,-0.6197600137254531,0.0978800833328366,-6.331829649327003,-5.065463719461603,0.8000000000000004,-6.633463719461603,-3.497463719461602,1.9682560817420045,-8.923245639675931,-1.2076817992472737,0.1,exact_20_allocations,results/sensitivity/gse210077_watson6_sensitivity_effects.csv,,,"case donors are one each F2, F3, F4; not a cirrhosis cohort",,,snRNA-seq,author labels; mixed F2/F3/F4 sensitivity,mixed_f2f4_vs_healthy_sensitivity,False,False,False
GSE210077_Watson6,mixed_f2f4_fibrosis_vs_healthy_sensitivity,RAM2019_MES_SAMES,mesenchymal_hsc_myofibroblast,standardized_mean,sensitivity,30,primary,0.9071428571428573,positive_case_higher,3,3,0.5253094273981985,-0.5253094273981987,-1.0506188547963973,0.294559967311866,-3.566740125565169,-2.8533921004521354,0.8000000000000004,-4.421392100452136,-1.2853921004521347,1.297843394455586,-5.397165153585084,-0.3096190473191869,0.1,exact_20_allocations,results/sensitivity/gse210077_watson6_sensitivity_effects.csv,,,"case donors are one each F2, F3, F4; not a cirrhosis cohort",,,snRNA-seq,author labels; mixed F2/F3/F4 sensitivity,mixed_f2f4_vs_healthy_sensitivity,False,False,False
GSE210077_Watson6,mixed_f2f4_fibrosis_vs_healthy_sensitivity,RAM2019_MES_VSMC,mesenchymal_hsc_myofibroblast,singscore,sensitivity,30,primary,0.9090909090909092,positive_case_higher,3,3,0.4715423999580977,0.0215685889377749,-0.4499738110203227,0.0873798118208183,-5.149631266579539,-4.119705013263632,0.7999999999999999,-5.687705013263631,-2.551705013263632,1.6697792791879271,-7.392472400471969,-0.8469376260552943,0.1,exact_20_allocations,results/sensitivity/gse210077_watson6_sensitivity_effects.csv,,,"case donors are one each F2, F3, F4; not a cirrhosis cohort",,,snRNA-seq,author labels; mixed F2/F3/F4 sensitivity,mixed_f2f4_vs_healthy_sensitivity,False,False,False
GSE210077_Watson6,mixed_f2f4_fibrosis_vs_healthy_sensitivity,RAM2019_MES_VSMC,mesenchymal_hsc_myofibroblast,standardized_mean,sensitivity,30,primary,0.9090909090909092,positive_case_higher,3,3,0.4146312599130027,-0.4146312599130028,-0.8292625198260055,0.3247687043542829,-2.5533941808671985,-2.0427153446937587,0.7999999999999999,-3.610715344693759,-0.4747153446937588,1.0900699124815731,-4.179252373157642,0.0938216837701246,0.1,exact_20_allocations,results/sensitivity/gse210077_watson6_sensitivity_effects.csv,,,"case donors are one each F2, F3, F4; not a cirrhosis cohort",,,snRNA-seq,author labels; mixed F2/F3/F4 sensitivity,mixed_f2f4_vs_healthy_sensitivity,False,False,False
GSE210077_Watson6,mixed_f2f4_fibrosis_vs_healthy_sensitivity,RAM2019_SAMES_A,mesenchymal_hsc_myofibroblast,singscore,sensitivity,30,primary,0.8085106382978723,positive_case_higher,3,3,0.7334661640341912,-0.0529433103948644,-0.7864094744290556,0.0584457083288052,-13.455384439946457,-10.764307551957163,0.8,-12.332307551957165,-9.196307551957164,3.892358706595131,-18.39333061688362,-3.1352844870307086,0.1,exact_20_allocations,results/sensitivity/gse210077_watson6_sensitivity_effects.csv,,,"case donors are one each F2, F3, F4; not a cirrhosis cohort",,,snRNA-seq,author labels; mixed F2/F3/F4 sensitivity,mixed_f2f4_vs_healthy_sensitivity,False,False,False
GSE210077_Watson6,mixed_f2f4_fibrosis_vs_healthy_sensitivity,RAM2019_SAMES_A,mesenchymal_hsc_myofibroblast,standardized_mean,sensitivity,30,primary,0.8085106382978723,positive_case_higher,3,3,0.7031677429762714,-0.7031677429762713,-1.4063354859525423,0.1828344530568593,-7.691851631022676,-6.153481304818141,0.8000000000000003,-7.721481304818141,-4.58548130481814,2.323754115167946,-10.708039370547317,-1.5989232390889665,0.1,exact_20_allocations,results/sensitivity/gse210077_watson6_sensitivity_effects.csv,,,"case donors are one each F2, F3, F4; not a cirrhosis cohort",,,snRNA-seq,author labels; mixed F2/F3/F4 sensitivity,mixed_f2f4_vs_healthy_sensitivity,False,False,False
GSE210077_Watson6,mixed_f2f4_fibrosis_vs_healthy_sensitivity,RAM2019_SAMES_B,mesenchymal_hsc_myofibroblast,singscore,sensitivity,30,primary,0.864406779661017,positive_case_higher,3,3,0.5013587316276887,0.0481058605021817,-0.4532528711255069,0.0706103030066329,-6.419075571491735,-5.135260457193389,0.7999999999999998,-6.703260457193388,-3.567260457193389,1.990735834325696,-9.037102692471752,-1.2334182219150254,0.1,exact_20_allocations,results/sensitivity/gse210077_watson6_sensitivity_effects.csv,,,"case donors are one each F2, F3, F4; not a cirrhosis cohort",,,snRNA-seq,author labels; mixed F2/F3/F4 sensitivity,mixed_f2f4_vs_healthy_sensitivity,False,False,False
GSE210077_Watson6,mixed_f2f4_fibrosis_vs_healthy_sensitivity,RAM2019_SAMES_B,mesenchymal_hsc_myofibroblast,standardized_mean,sensitivity,30,primary,0.864406779661017,positive_case_higher,3,3,0.2435642961138359,-0.2435642961138359,-0.4871285922276719,0.1660047722117214,-2.934425232103515,-2.347540185682812,0.8000000000000003,-3.9155401856828127,-0.7795401856828117,1.1642743585990067,-4.629517928536865,-0.0655624428287589,0.1,exact_20_allocations,results/sensitivity/gse210077_watson6_sensitivity_effects.csv,,,"case donors are one each F2, F3, F4; not a cirrhosis cohort",,,snRNA-seq,author labels; mixed F2/F3/F4 sensitivity,mixed_f2f4_vs_healthy_sensitivity,False,False,False
GSE181483_human,cirrhosis_vs_healthy_directional,RAM2019_ENDO_1,endothelial,singscore,directional,30,primary,1.0,positive_case_higher,2,2,0.9461723868374032,0.8913977814175105,-0.0547746054198928,0.0576822461674473,-0.9495921025836302,-0.5426240586192173,,,,,,,,,results/sensitivity/gse181483_directional_effects.csv,,,two donors per group; no standalone inferential claim,not estimated: n=2 per group directional display only,not tested: frozen no standalone p-value boundary,scRNA-seq,reconstructed broad labels; 2+2 directional only,clinical_cirrhosis_vs_healthy_directional,False,False,False
GSE181483_human,cirrhosis_vs_healthy_directional,RAM2019_ENDO_1,endothelial,standardized_mean,directional,30,primary,1.0,positive_case_higher,2,2,0.2609630274764834,-0.2609630274764833,-0.5219260549529667,0.8561527626030437,-0.6096179066993893,-0.3483530895425081,,,,,,,,,results/sensitivity/gse181483_directional_effects.csv,,,two donors per group; no standalone inferential claim,not estimated: n=2 per group directional display only,not tested: frozen no standalone p-value boundary,scRNA-seq,reconstructed broad labels; 2+2 directional only,clinical_cirrhosis_vs_healthy_directional,False,False,False
GSE181483_human,cirrhosis_vs_healthy_directional,RAM2019_ENDO_2,endothelial,singscore,directional,30,primary,0.9777777777777776,positive_case_higher,2,2,0.7718446437843453,0.7525528968889273,-0.0192917468954179,0.0479262480128459,-0.4025298807085216,-0.2300170746905837,,,,,,,,,results/sensitivity/gse181483_directional_effects.csv,,,two donors per group; no standalone inferential claim,not estimated: n=2 per group directional display only,not tested: frozen no standalone p-value boundary,scRNA-seq,reconstructed broad labels; 2+2 directional only,clinical_cirrhosis_vs_healthy_directional,False,False,False
GSE181483_human,cirrhosis_vs_healthy_directional,RAM2019_ENDO_2,endothelial,standardized_mean,directional,30,primary,0.9777777777777776,positive_case_higher,2,2,-0.1902248442987676,0.1902248442987677,0.3804496885975353,0.1204490745974809,3.1585937033466585,1.8049106876266616,,,,,,,,,results/sensitivity/gse181483_directional_effects.csv,,,two donors per group; no standalone inferential claim,not estimated: n=2 per group directional display only,not tested: frozen no standalone p-value boundary,scRNA-seq,reconstructed broad labels; 2+2 directional only,clinical_cirrhosis_vs_healthy_directional,True,False,False
GSE181483_human,cirrhosis_vs_healthy_directional,RAM2019_ENDO_3,endothelial,singscore,directional,30,primary,1.0,positive_case_higher,2,2,0.925908639212824,0.8806675315107545,-0.0452411077020695,0.0058205830052412,-7.772607599845434,-4.4414900570545335,,,,,,,,,results/sensitivity/gse181483_directional_effects.csv,,,two donors per group; no standalone inferential claim,not estimated: n=2 per group directional display only,not tested: frozen no standalone p-value boundary,scRNA-seq,reconstructed broad labels; 2+2 directional only,clinical_cirrhosis_vs_healthy_directional,False,False,False
GSE181483_human,cirrhosis_vs_healthy_directional,RAM2019_ENDO_3,endothelial,standardized_mean,directional,30,primary,1.0,positive_case_higher,2,2,0.1226899540309775,-0.1226899540309778,-0.2453799080619553,0.1792387846529371,-1.3690112245354056,-0.782292128305946,,,,,,,,,results/sensitivity/gse181483_directional_effects.csv,,,two donors per group; no standalone inferential claim,not estimated: n=2 per group directional display only,not tested: frozen no standalone p-value boundary,scRNA-seq,reconstructed broad labels; 2+2 directional only,clinical_cirrhosis_vs_healthy_directional,False,False,False
GSE181483_human,cirrhosis_vs_healthy_directional,RAM2019_ENDO_4,endothelial,singscore,directional,30,primary,1.0,positive_case_higher,2,2,0.8392664206102488,0.8222554915893115,-0.0170109290209372,0.0287532957281978,-0.591616668285262,-0.3380666675915783,,,,,,,,,results/sensitivity/gse181483_directional_effects.csv,,,two donors per group; no standalone inferential claim,not estimated: n=2 per group directional display only,not tested: frozen no standalone p-value boundary,scRNA-seq,reconstructed broad labels; 2+2 directional only,clinical_cirrhosis_vs_healthy_directional,False,False,False
GSE181483_human,cirrhosis_vs_healthy_directional,RAM2019_ENDO_4,endothelial,standardized_mean,directional,30,primary,1.0,positive_case_higher,2,2,0.0751475412735789,-0.0751475412735789,-0.1502950825471578,0.1860030907141433,-0.8080246514727925,-0.4617283722701671,,,,,,,,,results/sensitivity/gse181483_directional_effects.csv,,,two donors per group; no standalone inferential claim,not estimated: n=2 per group directional display only,not tested: frozen no standalone p-value boundary,scRNA-seq,reconstructed broad labels; 2+2 directional only,clinical_cirrhosis_vs_healthy_directional,False,False,False
GSE181483_human,cirrhosis_vs_healthy_directional,RAM2019_ENDO_5,endothelial,singscore,directional,30,primary,1.0,positive_case_higher,2,2,0.9458806902707526,0.978414757512645,0.0325340672418923,0.0316419171464996,1.0281951972524952,0.5875401127157115,,,,,,,,,results/sensitivity/gse181483_directional_effects.csv,,,two donors per group; no standalone inferential claim,not estimated: n=2 per group directional display only,not tested: frozen no standalone p-value boundary,scRNA-seq,reconstructed broad labels; 2+2 directional only,clinical_cirrhosis_vs_healthy_directional,True,False,False
GSE181483_human,cirrhosis_vs_healthy_directional,RAM2019_ENDO_5,endothelial,standardized_mean,directional,30,primary,1.0,positive_case_higher,2,2,-0.4075349117719911,0.4075349117719911,0.8150698235439822,0.8951681777592395,0.9105214459077876,0.5202979690901643,,,,,,,,,results/sensitivity/gse181483_directional_effects.csv,,,two donors per group; no standalone inferential claim,not estimated: n=2 per group directional display only,not tested: frozen no standalone p-value boundary,scRNA-seq,reconstructed broad labels; 2+2 directional only,clinical_cirrhosis_vs_healthy_directional,True,False,False
GSE181483_human,cirrhosis_vs_healthy_directional,RAM2019_ENDO_6_SAENDO1,endothelial,singscore,directional,30,primary,1.0,positive_case_higher,2,2,0.8997773517990173,0.950798214851799,0.0510208630527817,0.009486985325669,5.377984818289341,3.073134181879623,,,,,,,,,results/sensitivity/gse181483_directional_effects.csv,,,two donors per group; no standalone inferential claim,not estimated: n=2 per group directional display only,not tested: frozen no standalone p-value boundary,scRNA-seq,reconstructed broad labels; 2+2 directional only,clinical_cirrhosis_vs_healthy_directional,True,False,False
GSE181483_human,cirrhosis_vs_healthy_directional,RAM2019_ENDO_6_SAENDO1,endothelial,standardized_mean,directional,30,primary,1.0,positive_case_higher,2,2,-0.5869380640733186,0.5869380640733197,1.1738761281466383,0.4339655370897077,2.7049985029202426,1.5457134302401383,,,,,,,,,results/sensitivity/gse181483_directional_effects.csv,,,two donors per group; no standalone inferential claim,not estimated: n=2 per group directional display only,not tested: frozen no standalone p-value boundary,scRNA-seq,reconstructed broad labels; 2+2 directional only,clinical_cirrhosis_vs_healthy_directional,True,False,False
GSE181483_human,cirrhosis_vs_healthy_directional,RAM2019_ENDO_7_SAENDO2,endothelial,singscore,directional,30,primary,1.0,positive_case_higher,2,2,0.979399773836448,0.9769253128879214,-0.0024744609485266,0.0058758791010775,-0.4211218280636333,-0.2406410446077904,,,,,,,,,results/sensitivity/gse181483_directional_effects.csv,,,two donors per group; no standalone inferential claim,not estimated: n=2 per group directional display only,not tested: frozen no standalone p-value boundary,scRNA-seq,reconstructed broad labels; 2+2 directional only,clinical_cirrhosis_vs_healthy_directional,False,False,False
GSE181483_human,cirrhosis_vs_healthy_directional,RAM2019_ENDO_7_SAENDO2,endothelial,standardized_mean,directional,30,primary,1.0,positive_case_higher,2,2,-0.2314298158124591,0.2314298158124598,0.462859631624919,0.7477106401106849,0.6190357697148742,0.3537347255513566,,,,,,,,,results/sensitivity/gse181483_directional_effects.csv,,,two donors per group; no standalone inferential claim,not estimated: n=2 per group directional display only,not tested: frozen no standalone p-value boundary,scRNA-seq,reconstructed broad labels; 2+2 directional only,clinical_cirrhosis_vs_healthy_directional,True,False,False
GSE181483_human,cirrhosis_vs_healthy_directional,RAM2019_MAC_SIG_A_SAM,macrophage_monocyte,singscore,directional,30,primary,1.0,positive_case_higher,2,2,0.5642974214370892,0.621772737195134,0.0574753157580448,0.0016193941983438,35.49186221416811,20.28106412238177,,,,,,,,,results/sensitivity/gse181483_directional_effects.csv,,,two donors per group; no standalone inferential claim,not estimated: n=2 per group directional display only,not tested: frozen no standalone p-value boundary,scRNA-seq,reconstructed broad labels; 2+2 directional only,clinical_cirrhosis_vs_healthy_directional,True,False,False
GSE181483_human,cirrhosis_vs_healthy_directional,RAM2019_MAC_SIG_A_SAM,macrophage_monocyte,standardized_mean,directional,30,primary,1.0,positive_case_higher,2,2,-0.2590599450984932,0.259059945098493,0.5181198901969863,0.1244468298467363,4.163383597919543,2.37907634166831,,,,,,,,,results/sensitivity/gse181483_directional_effects.csv,,,two donors per group; no standalone inferential claim,not estimated: n=2 per group directional display only,not tested: frozen no standalone p-value boundary,scRNA-seq,reconstructed broad labels; 2+2 directional only,clinical_cirrhosis_vs_healthy_directional,True,False,False
GSE181483_human,cirrhosis_vs_healthy_directional,RAM2019_MAC_SIG_B_SAM,macrophage_monocyte,singscore,directional,30,primary,1.0,positive_case_higher,2,2,0.946702834527971,0.954072097296703,0.0073692627687319,0.0003692088392528,19.95960547327303,11.405488841870302,,,,,,,,,results/sensitivity/gse181483_directional_effects.csv,,,two donors per group; no standalone inferential claim,not estimated: n=2 per group directional display only,not tested: frozen no standalone p-value boundary,scRNA-seq,reconstructed broad labels; 2+2 directional only,clinical_cirrhosis_vs_healthy_directional,True,False,False
GSE181483_human,cirrhosis_vs_healthy_directional,RAM2019_MAC_SIG_B_SAM,macrophage_monocyte,standardized_mean,directional,30,primary,1.0,positive_case_higher,2,2,-0.2344220743097165,0.234422074309717,0.4688441486194336,0.2499350250794373,1.8758641309693185,1.071922360553896,,,,,,,,,results/sensitivity/gse181483_directional_effects.csv,,,two donors per group; no standalone inferential claim,not estimated: n=2 per group directional display only,not tested: frozen no standalone p-value boundary,scRNA-seq,reconstructed broad labels; 2+2 directional only,clinical_cirrhosis_vs_healthy_directional,True,False,False
GSE181483_human,cirrhosis_vs_healthy_directional,RAM2019_MAC_SIG_C_KC,macrophage_monocyte,singscore,directional,30,primary,1.0,positive_case_higher,2,2,0.9542109116976788,0.927178032220095,-0.0270328794775839,0.0064615382102712,-4.183660081838205,-2.390662903907545,,,,,,,,,results/sensitivity/gse181483_directional_effects.csv,,,two donors per group; no standalone inferential claim,not estimated: n=2 per group directional display only,not tested: frozen no standalone p-value boundary,scRNA-seq,reconstructed broad labels; 2+2 directional only,clinical_cirrhosis_vs_healthy_directional,False,False,False
GSE181483_human,cirrhosis_vs_healthy_directional,RAM2019_MAC_SIG_C_KC,macrophage_monocyte,standardized_mean,directional,30,primary,1.0,positive_case_higher,2,2,0.4573373822331407,-0.4573373822331408,-0.9146747644662816,0.2186828255638677,-4.182654774593376,-2.3900884426247857,,,,,,,,,results/sensitivity/gse181483_directional_effects.csv,,,two donors per group; no standalone inferential claim,not estimated: n=2 per group directional display only,not tested: frozen no standalone p-value boundary,scRNA-seq,reconstructed broad labels; 2+2 directional only,clinical_cirrhosis_vs_healthy_directional,False,False,False
GSE181483_human,cirrhosis_vs_healthy_directional,RAM2019_MAC_SIG_D_TMO,macrophage_monocyte,singscore,directional,30,primary,1.0,positive_case_higher,2,2,0.2725117057160261,0.2739720790260844,0.0014603733100583,0.0406199223506585,0.0359521443062199,0.0205440824606971,,,,,,,,,results/sensitivity/gse181483_directional_effects.csv,,,two donors per group; no standalone inferential claim,not estimated: n=2 per group directional display only,not tested: frozen no standalone p-value boundary,scRNA-seq,reconstructed broad labels; 2+2 directional only,clinical_cirrhosis_vs_healthy_directional,True,False,False
GSE181483_human,cirrhosis_vs_healthy_directional,RAM2019_MAC_SIG_D_TMO,macrophage_monocyte,standardized_mean,directional,30,primary,1.0,positive_case_higher,2,2,0.012301702920511,-0.012301702920511,-0.0246034058410221,0.1934999057958974,-0.1271494460931348,-0.0726568263389341,,,,,,,,,results/sensitivity/gse181483_directional_effects.csv,,,two donors per group; no standalone inferential claim,not estimated: n=2 per group directional display only,not tested: frozen no standalone p-value boundary,scRNA-seq,reconstructed broad labels; 2+2 directional only,clinical_cirrhosis_vs_healthy_directional,False,False,False
GSE181483_human,cirrhosis_vs_healthy_directional,RAM2019_MAC_SIG_E_TMO,macrophage_monocyte,singscore,directional,30,primary,1.0,positive_case_higher,2,2,0.79100438768811,0.7717637334994103,-0.0192406541886996,0.0224090607593874,-0.8586104699028728,-0.490634554230213,,,,,,,,,results/sensitivity/gse181483_directional_effects.csv,,,two donors per group; no standalone inferential claim,not estimated: n=2 per group directional display only,not tested: frozen no standalone p-value boundary,scRNA-seq,reconstructed broad labels; 2+2 directional only,clinical_cirrhosis_vs_healthy_directional,False,False,False
GSE181483_human,cirrhosis_vs_healthy_directional,RAM2019_MAC_SIG_E_TMO,macrophage_monocyte,standardized_mean,directional,30,primary,1.0,positive_case_higher,2,2,0.134537490066548,-0.1345374900665477,-0.2690749801330958,0.3278893671164116,-0.8206273429951306,-0.4689299102829317,,,,,,,,,results/sensitivity/gse181483_directional_effects.csv,,,two donors per group; no standalone inferential claim,not estimated: n=2 per group directional display only,not tested: frozen no standalone p-value boundary,scRNA-seq,reconstructed broad labels; 2+2 directional only,clinical_cirrhosis_vs_healthy_directional,False,False,False
GSE181483_human,cirrhosis_vs_healthy_directional,RAM2019_MAC_SIG_F_CDC1,macrophage_monocyte,singscore,directional,30,primary,1.0,positive_case_higher,2,2,0.639280323017275,0.6966187570258552,0.0573384340085801,0.0291635276709225,1.9661007631031324,1.123486150344647,,,,,,,,,results/sensitivity/gse181483_directional_effects.csv,,,two donors per group; no standalone inferential claim,not estimated: n=2 per group directional display only,not tested: frozen no standalone p-value boundary,scRNA-seq,reconstructed broad labels; 2+2 directional only,clinical_cirrhosis_vs_healthy_directional,True,False,False
GSE181483_human,cirrhosis_vs_healthy_directional,RAM2019_MAC_SIG_F_CDC1,macrophage_monocyte,standardized_mean,directional,30,primary,1.0,positive_case_higher,2,2,-0.3315672135690293,0.3315672135690294,0.6631344271380588,0.2340614247090288,2.8331641062273625,1.618950917844207,,,,,,,,,results/sensitivity/gse181483_directional_effects.csv,,,two donors per group; no standalone inferential claim,not estimated: n=2 per group directional display only,not tested: frozen no standalone p-value boundary,scRNA-seq,reconstructed broad labels; 2+2 directional only,clinical_cirrhosis_vs_healthy_directional,True,False,False
GSE181483_human,cirrhosis_vs_healthy_directional,RAM2019_MES_HSC,mesenchymal_hsc_myofibroblast,singscore,directional,20,primary,1.0,positive_case_higher,2,2,0.9483197147526372,0.9640439756351212,0.0157242608824839,0.0162310308490058,0.9687777091155616,0.5535872623517495,,,,,,,,,results/sensitivity/gse181483_directional_effects.csv,,,two donors per group; no standalone inferential claim,not estimated: n=2 per group directional display only,not tested: frozen no standalone p-value boundary,scRNA-seq,reconstructed broad labels; 2+2 directional only,clinical_cirrhosis_vs_healthy_directional,True,False,False
GSE181483_human,cirrhosis_vs_healthy_directional,RAM2019_MES_HSC,mesenchymal_hsc_myofibroblast,standardized_mean,directional,20,primary,1.0,positive_case_higher,2,2,-0.1545529467152412,0.1545529467152405,0.3091058934304818,0.4052616347022946,0.7627316946928645,0.4358466826816368,,,,,,,,,results/sensitivity/gse181483_directional_effects.csv,,,two donors per group; no standalone inferential claim,not estimated: n=2 per group directional display only,not tested: frozen no standalone p-value boundary,scRNA-seq,reconstructed broad labels; 2+2 directional only,clinical_cirrhosis_vs_healthy_directional,True,False,False
GSE181483_human,cirrhosis_vs_healthy_directional,RAM2019_MES_MESOTHELIAL,mesenchymal_hsc_myofibroblast,singscore,directional,20,primary,1.0,positive_case_higher,2,2,0.6279528602844173,0.6680131630908365,0.0400603028064191,0.0710676325679359,0.5636926594976149,0.3221100911414942,,,,,,,,,results/sensitivity/gse181483_directional_effects.csv,,,two donors per group; no standalone inferential claim,not estimated: n=2 per group directional display only,not tested: frozen no standalone p-value boundary,scRNA-seq,reconstructed broad labels; 2+2 directional only,clinical_cirrhosis_vs_healthy_directional,True,False,False
GSE181483_human,cirrhosis_vs_healthy_directional,RAM2019_MES_MESOTHELIAL,mesenchymal_hsc_myofibroblast,standardized_mean,directional,20,primary,1.0,positive_case_higher,2,2,-0.0246687528169214,0.0246687528169213,0.0493375056338427,0.201575232831016,0.2447597601199511,0.1398627200685435,,,,,,,,,results/sensitivity/gse181483_directional_effects.csv,,,two donors per group; no standalone inferential claim,not estimated: n=2 per group directional display only,not tested: frozen no standalone p-value boundary,scRNA-seq,reconstructed broad labels; 2+2 directional only,clinical_cirrhosis_vs_healthy_directional,True,False,False
GSE181483_human,cirrhosis_vs_healthy_directional,RAM2019_MES_SAMES,mesenchymal_hsc_myofibroblast,singscore,directional,20,primary,1.0,positive_case_higher,2,2,0.7111225707466757,0.7726476730310263,0.0615251022843506,0.1128791865281691,0.5450526724782601,0.3114586699875771,,,,,,,,,results/sensitivity/gse181483_directional_effects.csv,,,two donors per group; no standalone inferential claim,not estimated: n=2 per group directional display only,not tested: frozen no standalone p-value boundary,scRNA-seq,reconstructed broad labels; 2+2 directional only,clinical_cirrhosis_vs_healthy_directional,True,False,False
GSE181483_human,cirrhosis_vs_healthy_directional,RAM2019_MES_SAMES,mesenchymal_hsc_myofibroblast,standardized_mean,directional,20,primary,1.0,positive_case_higher,2,2,-0.0229128663041624,0.022912866304162,0.0458257326083245,0.46678232821018,0.098173666479701,0.0560992379884005,,,,,,,,,results/sensitivity/gse181483_directional_effects.csv,,,two donors per group; no standalone inferential claim,not estimated: n=2 per group directional display only,not tested: frozen no standalone p-value boundary,scRNA-seq,reconstructed broad labels; 2+2 directional only,clinical_cirrhosis_vs_healthy_directional,True,False,False
GSE181483_human,cirrhosis_vs_healthy_directional,RAM2019_MES_VSMC,mesenchymal_hsc_myofibroblast,singscore,directional,20,primary,1.0,positive_case_higher,2,2,0.9492430097995233,0.92887305482436,-0.0203699549751633,0.061219373956247,-0.3327370676760203,-0.1901354672434401,,,,,,,,,results/sensitivity/gse181483_directional_effects.csv,,,two donors per group; no standalone inferential claim,not estimated: n=2 per group directional display only,not tested: frozen no standalone p-value boundary,scRNA-seq,reconstructed broad labels; 2+2 directional only,clinical_cirrhosis_vs_healthy_directional,False,False,False
GSE181483_human,cirrhosis_vs_healthy_directional,RAM2019_MES_VSMC,mesenchymal_hsc_myofibroblast,standardized_mean,directional,20,primary,1.0,positive_case_higher,2,2,-0.1332228629332595,0.1332228629332597,0.2664457258665192,0.9299784542746192,0.2865074181469572,0.1637185246554041,,,,,,,,,results/sensitivity/gse181483_directional_effects.csv,,,two donors per group; no standalone inferential claim,not estimated: n=2 per group directional display only,not tested: frozen no standalone p-value boundary,scRNA-seq,reconstructed broad labels; 2+2 directional only,clinical_cirrhosis_vs_healthy_directional,True,False,False
GSE181483_human,cirrhosis_vs_healthy_directional,RAM2019_SAMES_A,mesenchymal_hsc_myofibroblast,singscore,directional,20,primary,0.851063829787234,positive_case_higher,2,2,0.7663436942296253,0.8254747917906008,0.0591310975609754,0.076830889546965,0.7696266164513156,0.4397866379721803,,,,,,,,,results/sensitivity/gse181483_directional_effects.csv,,,two donors per group; no standalone inferential claim,not estimated: n=2 per group directional display only,not tested: frozen no standalone p-value boundary,scRNA-seq,reconstructed broad labels; 2+2 directional only,clinical_cirrhosis_vs_healthy_directional,True,False,False
GSE181483_human,cirrhosis_vs_healthy_directional,RAM2019_SAMES_A,mesenchymal_hsc_myofibroblast,standardized_mean,directional,20,primary,0.851063829787234,positive_case_higher,2,2,-0.1524846725087985,0.1524846725087979,0.3049693450175965,0.1489883761759877,2.046933813530267,1.1696764648744382,,,,,,,,,results/sensitivity/gse181483_directional_effects.csv,,,two donors per group; no standalone inferential claim,not estimated: n=2 per group directional display only,not tested: frozen no standalone p-value boundary,scRNA-seq,reconstructed broad labels; 2+2 directional only,clinical_cirrhosis_vs_healthy_directional,True,False,False
GSE181483_human,cirrhosis_vs_healthy_directional,RAM2019_SAMES_B,mesenchymal_hsc_myofibroblast,singscore,directional,20,primary,1.0,positive_case_higher,2,2,0.6143453660327906,0.5846612716832984,-0.0296840943494921,0.1051182652676543,-0.28238759718789,-0.1613643412502228,,,,,,,,,results/sensitivity/gse181483_directional_effects.csv,,,two donors per group; no standalone inferential claim,not estimated: n=2 per group directional display only,not tested: frozen no standalone p-value boundary,scRNA-seq,reconstructed broad labels; 2+2 directional only,clinical_cirrhosis_vs_healthy_directional,False,False,False
GSE181483_human,cirrhosis_vs_healthy_directional,RAM2019_SAMES_B,mesenchymal_hsc_myofibroblast,standardized_mean,directional,20,primary,1.0,positive_case_higher,2,2,-0.0105101573922116,0.0105101573922114,0.021020314784423,0.2409386802153595,0.0872434212955525,0.0498533835974586,,,,,,,,,results/sensitivity/gse181483_directional_effects.csv,,,two donors per group; no standalone inferential claim,not estimated: n=2 per group directional display only,not tested: frozen no standalone p-value boundary,scRNA-seq,reconstructed broad labels; 2+2 directional only,clinical_cirrhosis_vs_healthy_directional,True,False,False
