program_id,paper_id,program_name,cell_lineage,gene_symbol,direction,discovery_dataset,discovery_assay,disease_etiology,source_table,source_page,verified,data_lineage_class,notes
RAM2019_MAC_SIG_A_SAM,Ramachandran2019_Nature,scar-associated macrophage metagene A,macrophage_monocyte,FCGR1A,UP_IN_STATE,GSE136103,scRNA-seq,mixed nonviral cirrhosis,Supplementary Table 9,supplementary file,TRUE,REUSED,SCAR_ASSOCIATED_MACROPHAGE; exact author metagene list; external only outside GSE136103
RAM2019_MAC_SIG_A_SAM,Ramachandran2019_Nature,scar-associated macrophage metagene A,macrophage_monocyte,TNFAIP8L2,UP_IN_STATE,GSE136103,scRNA-seq,mixed nonviral cirrhosis,Supplementary Table 9,supplementary file,TRUE,REUSED,SCAR_ASSOCIATED_MACROPHAGE; exact author metagene list; external only outside GSE136103
RAM2019_MAC_SIG_A_SAM,Ramachandran2019_Nature,scar-associated macrophage metagene A,macrophage_monocyte,TMCO1,UP_IN_STATE,GSE136103,scRNA-seq,mixed nonviral cirrhosis,Supplementary Table 9,supplementary file,TRUE,REUSED,SCAR_ASSOCIATED_MACROPHAGE; exact author metagene list; external only outside GSE136103
RAM2019_MAC_SIG_A_SAM,Ramachandran2019_Nature,scar-associated macrophage metagene A,macrophage_monocyte,MGAT4A,UP_IN_STATE,GSE136103,scRNA-seq,mixed nonviral cirrhosis,Supplementary Table 9,supplementary file,TRUE,REUSED,SCAR_ASSOCIATED_MACROPHAGE; exact author metagene list; external only outside GSE136103
RAM2019_MAC_SIG_A_SAM,Ramachandran2019_Nature,scar-associated macrophage metagene A,macrophage_monocyte,FN1,UP_IN_STATE,GSE136103,scRNA-seq,mixed nonviral cirrhosis,Supplementary Table 9,supplementary file,TRUE,REUSED,SCAR_ASSOCIATED_MACROPHAGE; exact author metagene list; external only outside GSE136103
RAM2019_MAC_SIG_A_SAM,Ramachandran2019_Nature,scar-associated macrophage metagene A,macrophage_monocyte,CCR2,UP_IN_STATE,GSE136103,scRNA-seq,mixed nonviral cirrhosis,Supplementary Table 9,supplementary file,TRUE,REUSED,SCAR_ASSOCIATED_MACROPHAGE; exact author metagene list; external only outside GSE136103
RAM2019_MAC_SIG_A_SAM,Ramachandran2019_Nature,scar-associated macrophage metagene A,macrophage_monocyte,STAB1,UP_IN_STATE,GSE136103,scRNA-seq,mixed nonviral cirrhosis,Supplementary Table 9,supplementary file,TRUE,REUSED,SCAR_ASSOCIATED_MACROPHAGE; exact author metagene list; external only outside GSE136103
RAM2019_MAC_SIG_A_SAM,Ramachandran2019_Nature,scar-associated macrophage metagene A,macrophage_monocyte,CLDN1,UP_IN_STATE,GSE136103,scRNA-seq,mixed nonviral cirrhosis,Supplementary Table 9,supplementary file,TRUE,REUSED,SCAR_ASSOCIATED_MACROPHAGE; exact author metagene list; external only outside GSE136103
RAM2019_MAC_SIG_A_SAM,Ramachandran2019_Nature,scar-associated macrophage metagene A,macrophage_monocyte,LINC01094,UP_IN_STATE,GSE136103,scRNA-seq,mixed nonviral cirrhosis,Supplementary Table 9,supplementary file,TRUE,REUSED,SCAR_ASSOCIATED_MACROPHAGE; exact author metagene list; external only outside GSE136103
RAM2019_MAC_SIG_A_SAM,Ramachandran2019_Nature,scar-associated macrophage metagene A,macrophage_monocyte,ARHGAP24,UP_IN_STATE,GSE136103,scRNA-seq,mixed nonviral cirrhosis,Supplementary Table 9,supplementary file,TRUE,REUSED,SCAR_ASSOCIATED_MACROPHAGE; exact author metagene list; external only outside GSE136103
RAM2019_MAC_SIG_A_SAM,Ramachandran2019_Nature,scar-associated macrophage metagene A,macrophage_monocyte,SPARCL1,UP_IN_STATE,GSE136103,scRNA-seq,mixed nonviral cirrhosis,Supplementary Table 9,supplementary file,TRUE,REUSED,SCAR_ASSOCIATED_MACROPHAGE; exact author metagene list; external only outside GSE136103
RAM2019_MAC_SIG_A_SAM,Ramachandran2019_Nature,scar-associated macrophage metagene A,macrophage_monocyte,SPP1,UP_IN_STATE,GSE136103,scRNA-seq,mixed nonviral cirrhosis,Supplementary Table 9,supplementary file,TRUE,REUSED,SCAR_ASSOCIATED_MACROPHAGE; exact author metagene list; external only outside GSE136103
RAM2019_MAC_SIG_A_SAM,Ramachandran2019_Nature,scar-associated macrophage metagene A,macrophage_monocyte,SNCA,UP_IN_STATE,GSE136103,scRNA-seq,mixed nonviral cirrhosis,Supplementary Table 9,supplementary file,TRUE,REUSED,SCAR_ASSOCIATED_MACROPHAGE; exact author metagene list; external only outside GSE136103
RAM2019_MAC_SIG_A_SAM,Ramachandran2019_Nature,scar-associated macrophage metagene A,macrophage_monocyte,LTC4S,UP_IN_STATE,GSE136103,scRNA-seq,mixed nonviral cirrhosis,Supplementary Table 9,supplementary file,TRUE,REUSED,SCAR_ASSOCIATED_MACROPHAGE; exact author metagene list; external only outside GSE136103
RAM2019_MAC_SIG_A_SAM,Ramachandran2019_Nature,scar-associated macrophage metagene A,macrophage_monocyte,TREM2,UP_IN_STATE,GSE136103,scRNA-seq,mixed nonviral cirrhosis,Supplementary Table 9,supplementary file,TRUE,REUSED,SCAR_ASSOCIATED_MACROPHAGE; exact author metagene list; external only outside GSE136103
RAM2019_MAC_SIG_A_SAM,Ramachandran2019_Nature,scar-associated macrophage metagene A,macrophage_monocyte,DSE,UP_IN_STATE,GSE136103,scRNA-seq,mixed nonviral cirrhosis,Supplementary Table 9,supplementary file,TRUE,REUSED,SCAR_ASSOCIATED_MACROPHAGE; exact author metagene list; external only outside GSE136103
RAM2019_MAC_SIG_A_SAM,Ramachandran2019_Nature,scar-associated macrophage metagene A,macrophage_monocyte,CDK6,UP_IN_STATE,GSE136103,scRNA-seq,mixed nonviral cirrhosis,Supplementary Table 9,supplementary file,TRUE,REUSED,SCAR_ASSOCIATED_MACROPHAGE; exact author metagene list; external only outside GSE136103
RAM2019_MAC_SIG_A_SAM,Ramachandran2019_Nature,scar-associated macrophage metagene A,macrophage_monocyte,GAL3ST4,UP_IN_STATE,GSE136103,scRNA-seq,mixed nonviral cirrhosis,Supplementary Table 9,supplementary file,TRUE,REUSED,SCAR_ASSOCIATED_MACROPHAGE; exact author metagene list; external only outside GSE136103
RAM2019_MAC_SIG_A_SAM,Ramachandran2019_Nature,scar-associated macrophage metagene A,macrophage_monocyte,CLEC5A,UP_IN_STATE,GSE136103,scRNA-seq,mixed nonviral cirrhosis,Supplementary Table 9,supplementary file,TRUE,REUSED,SCAR_ASSOCIATED_MACROPHAGE; exact author metagene list; external only outside GSE136103
RAM2019_MAC_SIG_A_SAM,Ramachandran2019_Nature,scar-associated macrophage metagene A,macrophage_monocyte,TLR7,UP_IN_STATE,GSE136103,scRNA-seq,mixed nonviral cirrhosis,Supplementary Table 9,supplementary file,TRUE,REUSED,SCAR_ASSOCIATED_MACROPHAGE; exact author metagene list; external only outside GSE136103
RAM2019_MAC_SIG_A_SAM,Ramachandran2019_Nature,scar-associated macrophage metagene A,macrophage_monocyte,DEFB1,UP_IN_STATE,GSE136103,scRNA-seq,mixed nonviral cirrhosis,Supplementary Table 9,supplementary file,TRUE,REUSED,SCAR_ASSOCIATED_MACROPHAGE; exact author metagene list; external only outside GSE136103
RAM2019_MAC_SIG_A_SAM,Ramachandran2019_Nature,scar-associated macrophage metagene A,macrophage_monocyte,FABP4,UP_IN_STATE,GSE136103,scRNA-seq,mixed nonviral cirrhosis,Supplementary Table 9,supplementary file,TRUE,REUSED,SCAR_ASSOCIATED_MACROPHAGE; exact author metagene list; external only outside GSE136103
RAM2019_MAC_SIG_A_SAM,Ramachandran2019_Nature,scar-associated macrophage metagene A,macrophage_monocyte,NEK6,UP_IN_STATE,GSE136103,scRNA-seq,mixed nonviral cirrhosis,Supplementary Table 9,supplementary file,TRUE,REUSED,SCAR_ASSOCIATED_MACROPHAGE; exact author metagene list; external only outside GSE136103
RAM2019_MAC_SIG_A_SAM,Ramachandran2019_Nature,scar-associated macrophage metagene A,macrophage_monocyte,ASCL2,UP_IN_STATE,GSE136103,scRNA-seq,mixed nonviral cirrhosis,Supplementary Table 9,supplementary file,TRUE,REUSED,SCAR_ASSOCIATED_MACROPHAGE; exact author metagene list; external only outside GSE136103
RAM2019_MAC_SIG_A_SAM,Ramachandran2019_Nature,scar-associated macrophage metagene A,macrophage_monocyte,LMO2,UP_IN_STATE,GSE136103,scRNA-seq,mixed nonviral cirrhosis,Supplementary Table 9,supplementary file,TRUE,REUSED,SCAR_ASSOCIATED_MACROPHAGE; exact author metagene list; external only outside GSE136103
RAM2019_MAC_SIG_A_SAM,Ramachandran2019_Nature,scar-associated macrophage metagene A,macrophage_monocyte,B3GAT3,UP_IN_STATE,GSE136103,scRNA-seq,mixed nonviral cirrhosis,Supplementary Table 9,supplementary file,TRUE,REUSED,SCAR_ASSOCIATED_MACROPHAGE; exact author metagene list; external only outside GSE136103
RAM2019_MAC_SIG_A_SAM,Ramachandran2019_Nature,scar-associated macrophage metagene A,macrophage_monocyte,CST6,UP_IN_STATE,GSE136103,scRNA-seq,mixed nonviral cirrhosis,Supplementary Table 9,supplementary file,TRUE,REUSED,SCAR_ASSOCIATED_MACROPHAGE; exact author metagene list; external only outside GSE136103
RAM2019_MAC_SIG_A_SAM,Ramachandran2019_Nature,scar-associated macrophage metagene A,macrophage_monocyte,SORL1,UP_IN_STATE,GSE136103,scRNA-seq,mixed nonviral cirrhosis,Supplementary Table 9,supplementary file,TRUE,REUSED,SCAR_ASSOCIATED_MACROPHAGE; exact author metagene list; external only outside GSE136103
RAM2019_MAC_SIG_A_SAM,Ramachandran2019_Nature,scar-associated macrophage metagene A,macrophage_monocyte,PLXDC2,UP_IN_STATE,GSE136103,scRNA-seq,mixed nonviral cirrhosis,Supplementary Table 9,supplementary file,TRUE,REUSED,SCAR_ASSOCIATED_MACROPHAGE; exact author metagene list; external only outside GSE136103
RAM2019_MAC_SIG_A_SAM,Ramachandran2019_Nature,scar-associated macrophage metagene A,macrophage_monocyte,RP11-472N13.3,UP_IN_STATE,GSE136103,scRNA-seq,mixed nonviral cirrhosis,Supplementary Table 9,supplementary file,TRUE,REUSED,SCAR_ASSOCIATED_MACROPHAGE; exact author metagene list; external only outside GSE136103
RAM2019_MAC_SIG_A_SAM,Ramachandran2019_Nature,scar-associated macrophage metagene A,macrophage_monocyte,C10orf11,UP_IN_STATE,GSE136103,scRNA-seq,mixed nonviral cirrhosis,Supplementary Table 9,supplementary file,TRUE,REUSED,SCAR_ASSOCIATED_MACROPHAGE; exact author metagene list; external only outside GSE136103
RAM2019_MAC_SIG_A_SAM,Ramachandran2019_Nature,scar-associated macrophage metagene A,macrophage_monocyte,ANKRD22,UP_IN_STATE,GSE136103,scRNA-seq,mixed nonviral cirrhosis,Supplementary Table 9,supplementary file,TRUE,REUSED,SCAR_ASSOCIATED_MACROPHAGE; exact author metagene list; external only outside GSE136103
RAM2019_MAC_SIG_A_SAM,Ramachandran2019_Nature,scar-associated macrophage metagene A,macrophage_monocyte,FBXL15,UP_IN_STATE,GSE136103,scRNA-seq,mixed nonviral cirrhosis,Supplementary Table 9,supplementary file,TRUE,REUSED,SCAR_ASSOCIATED_MACROPHAGE; exact author metagene list; external only outside GSE136103
RAM2019_MAC_SIG_A_SAM,Ramachandran2019_Nature,scar-associated macrophage metagene A,macrophage_monocyte,HTRA1,UP_IN_STATE,GSE136103,scRNA-seq,mixed nonviral cirrhosis,Supplementary Table 9,supplementary file,TRUE,REUSED,SCAR_ASSOCIATED_MACROPHAGE; exact author metagene list; external only outside GSE136103
RAM2019_MAC_SIG_A_SAM,Ramachandran2019_Nature,scar-associated macrophage metagene A,macrophage_monocyte,VWF,UP_IN_STATE,GSE136103,scRNA-seq,mixed nonviral cirrhosis,Supplementary Table 9,supplementary file,TRUE,REUSED,SCAR_ASSOCIATED_MACROPHAGE; exact author metagene list; external only outside GSE136103
RAM2019_MAC_SIG_A_SAM,Ramachandran2019_Nature,scar-associated macrophage metagene A,macrophage_monocyte,OLR1,UP_IN_STATE,GSE136103,scRNA-seq,mixed nonviral cirrhosis,Supplementary Table 9,supplementary file,TRUE,REUSED,SCAR_ASSOCIATED_MACROPHAGE; exact author metagene list; external only outside GSE136103
RAM2019_MAC_SIG_A_SAM,Ramachandran2019_Nature,scar-associated macrophage metagene A,macrophage_monocyte,BCAT1,UP_IN_STATE,GSE136103,scRNA-seq,mixed nonviral cirrhosis,Supplementary Table 9,supplementary file,TRUE,REUSED,SCAR_ASSOCIATED_MACROPHAGE; exact author metagene list; external only outside GSE136103
RAM2019_MAC_SIG_A_SAM,Ramachandran2019_Nature,scar-associated macrophage metagene A,macrophage_monocyte,BHLHE41,UP_IN_STATE,GSE136103,scRNA-seq,mixed nonviral cirrhosis,Supplementary Table 9,supplementary file,TRUE,REUSED,SCAR_ASSOCIATED_MACROPHAGE; exact author metagene list; external only outside GSE136103
RAM2019_MAC_SIG_A_SAM,Ramachandran2019_Nature,scar-associated macrophage metagene A,macrophage_monocyte,STK38L,UP_IN_STATE,GSE136103,scRNA-seq,mixed nonviral cirrhosis,Supplementary Table 9,supplementary file,TRUE,REUSED,SCAR_ASSOCIATED_MACROPHAGE; exact author metagene list; external only outside GSE136103
RAM2019_MAC_SIG_A_SAM,Ramachandran2019_Nature,scar-associated macrophage metagene A,macrophage_monocyte,RP11-467L13.7,UP_IN_STATE,GSE136103,scRNA-seq,mixed nonviral cirrhosis,Supplementary Table 9,supplementary file,TRUE,REUSED,SCAR_ASSOCIATED_MACROPHAGE; exact author metagene list; external only outside GSE136103
RAM2019_MAC_SIG_A_SAM,Ramachandran2019_Nature,scar-associated macrophage metagene A,macrophage_monocyte,FMNL3,UP_IN_STATE,GSE136103,scRNA-seq,mixed nonviral cirrhosis,Supplementary Table 9,supplementary file,TRUE,REUSED,SCAR_ASSOCIATED_MACROPHAGE; exact author metagene list; external only outside GSE136103
RAM2019_MAC_SIG_A_SAM,Ramachandran2019_Nature,scar-associated macrophage metagene A,macrophage_monocyte,RP11-796E2.4,UP_IN_STATE,GSE136103,scRNA-seq,mixed nonviral cirrhosis,Supplementary Table 9,supplementary file,TRUE,REUSED,SCAR_ASSOCIATED_MACROPHAGE; exact author metagene list; external only outside GSE136103
RAM2019_MAC_SIG_A_SAM,Ramachandran2019_Nature,scar-associated macrophage metagene A,macrophage_monocyte,SDSL,UP_IN_STATE,GSE136103,scRNA-seq,mixed nonviral cirrhosis,Supplementary Table 9,supplementary file,TRUE,REUSED,SCAR_ASSOCIATED_MACROPHAGE; exact author metagene list; external only outside GSE136103
RAM2019_MAC_SIG_A_SAM,Ramachandran2019_Nature,scar-associated macrophage metagene A,macrophage_monocyte,RCBTB2,UP_IN_STATE,GSE136103,scRNA-seq,mixed nonviral cirrhosis,Supplementary Table 9,supplementary file,TRUE,REUSED,SCAR_ASSOCIATED_MACROPHAGE; exact author metagene list; external only outside GSE136103
RAM2019_MAC_SIG_A_SAM,Ramachandran2019_Nature,scar-associated macrophage metagene A,macrophage_monocyte,MMP14,UP_IN_STATE,GSE136103,scRNA-seq,mixed nonviral cirrhosis,Supplementary Table 9,supplementary file,TRUE,REUSED,SCAR_ASSOCIATED_MACROPHAGE; exact author metagene list; external only outside GSE136103
RAM2019_MAC_SIG_A_SAM,Ramachandran2019_Nature,scar-associated macrophage metagene A,macrophage_monocyte,PLEK2,UP_IN_STATE,GSE136103,scRNA-seq,mixed nonviral cirrhosis,Supplementary Table 9,supplementary file,TRUE,REUSED,SCAR_ASSOCIATED_MACROPHAGE; exact author metagene list; external only outside GSE136103
RAM2019_MAC_SIG_A_SAM,Ramachandran2019_Nature,scar-associated macrophage metagene A,macrophage_monocyte,VASH1,UP_IN_STATE,GSE136103,scRNA-seq,mixed nonviral cirrhosis,Supplementary Table 9,supplementary file,TRUE,REUSED,SCAR_ASSOCIATED_MACROPHAGE; exact author metagene list; external only outside GSE136103
RAM2019_MAC_SIG_A_SAM,Ramachandran2019_Nature,scar-associated macrophage metagene A,macrophage_monocyte,IFI27L2,UP_IN_STATE,GSE136103,scRNA-seq,mixed nonviral cirrhosis,Supplementary Table 9,supplementary file,TRUE,REUSED,SCAR_ASSOCIATED_MACROPHAGE; exact author metagene list; external only outside GSE136103
RAM2019_MAC_SIG_A_SAM,Ramachandran2019_Nature,scar-associated macrophage metagene A,macrophage_monocyte,NUDT14,UP_IN_STATE,GSE136103,scRNA-seq,mixed nonviral cirrhosis,Supplementary Table 9,supplementary file,TRUE,REUSED,SCAR_ASSOCIATED_MACROPHAGE; exact author metagene list; external only outside GSE136103
RAM2019_MAC_SIG_A_SAM,Ramachandran2019_Nature,scar-associated macrophage metagene A,macrophage_monocyte,TM6SF1,UP_IN_STATE,GSE136103,scRNA-seq,mixed nonviral cirrhosis,Supplementary Table 9,supplementary file,TRUE,REUSED,SCAR_ASSOCIATED_MACROPHAGE; exact author metagene list; external only outside GSE136103
RAM2019_MAC_SIG_A_SAM,Ramachandran2019_Nature,scar-associated macrophage metagene A,macrophage_monocyte,MEF2A,UP_IN_STATE,GSE136103,scRNA-seq,mixed nonviral cirrhosis,Supplementary Table 9,supplementary file,TRUE,REUSED,SCAR_ASSOCIATED_MACROPHAGE; exact author metagene list; external only outside GSE136103
RAM2019_MAC_SIG_A_SAM,Ramachandran2019_Nature,scar-associated macrophage metagene A,macrophage_monocyte,TNFSF12,UP_IN_STATE,GSE136103,scRNA-seq,mixed nonviral cirrhosis,Supplementary Table 9,supplementary file,TRUE,REUSED,SCAR_ASSOCIATED_MACROPHAGE; exact author metagene list; external only outside GSE136103
RAM2019_MAC_SIG_A_SAM,Ramachandran2019_Nature,scar-associated macrophage metagene A,macrophage_monocyte,TMEM107,UP_IN_STATE,GSE136103,scRNA-seq,mixed nonviral cirrhosis,Supplementary Table 9,supplementary file,TRUE,REUSED,SCAR_ASSOCIATED_MACROPHAGE; exact author metagene list; external only outside GSE136103
RAM2019_MAC_SIG_A_SAM,Ramachandran2019_Nature,scar-associated macrophage metagene A,macrophage_monocyte,PIGS,UP_IN_STATE,GSE136103,scRNA-seq,mixed nonviral cirrhosis,Supplementary Table 9,supplementary file,TRUE,REUSED,SCAR_ASSOCIATED_MACROPHAGE; exact author metagene list; external only outside GSE136103
RAM2019_MAC_SIG_A_SAM,Ramachandran2019_Nature,scar-associated macrophage metagene A,macrophage_monocyte,CISD3,UP_IN_STATE,GSE136103,scRNA-seq,mixed nonviral cirrhosis,Supplementary Table 9,supplementary file,TRUE,REUSED,SCAR_ASSOCIATED_MACROPHAGE; exact author metagene list; external only outside GSE136103
RAM2019_MAC_SIG_A_SAM,Ramachandran2019_Nature,scar-associated macrophage metagene A,macrophage_monocyte,SNHG25,UP_IN_STATE,GSE136103,scRNA-seq,mixed nonviral cirrhosis,Supplementary Table 9,supplementary file,TRUE,REUSED,SCAR_ASSOCIATED_MACROPHAGE; exact author metagene list; external only outside GSE136103
RAM2019_MAC_SIG_A_SAM,Ramachandran2019_Nature,scar-associated macrophage metagene A,macrophage_monocyte,MILR1,UP_IN_STATE,GSE136103,scRNA-seq,mixed nonviral cirrhosis,Supplementary Table 9,supplementary file,TRUE,REUSED,SCAR_ASSOCIATED_MACROPHAGE; exact author metagene list; external only outside GSE136103
RAM2019_MAC_SIG_A_SAM,Ramachandran2019_Nature,scar-associated macrophage metagene A,macrophage_monocyte,C3,UP_IN_STATE,GSE136103,scRNA-seq,mixed nonviral cirrhosis,Supplementary Table 9,supplementary file,TRUE,REUSED,SCAR_ASSOCIATED_MACROPHAGE; exact author metagene list; external only outside GSE136103
RAM2019_MAC_SIG_A_SAM,Ramachandran2019_Nature,scar-associated macrophage metagene A,macrophage_monocyte,HAMP,UP_IN_STATE,GSE136103,scRNA-seq,mixed nonviral cirrhosis,Supplementary Table 9,supplementary file,TRUE,REUSED,SCAR_ASSOCIATED_MACROPHAGE; exact author metagene list; external only outside GSE136103
RAM2019_MAC_SIG_A_SAM,Ramachandran2019_Nature,scar-associated macrophage metagene A,macrophage_monocyte,FCGBP,UP_IN_STATE,GSE136103,scRNA-seq,mixed nonviral cirrhosis,Supplementary Table 9,supplementary file,TRUE,REUSED,SCAR_ASSOCIATED_MACROPHAGE; exact author metagene list; external only outside GSE136103
RAM2019_MAC_SIG_A_SAM,Ramachandran2019_Nature,scar-associated macrophage metagene A,macrophage_monocyte,SERTAD1,UP_IN_STATE,GSE136103,scRNA-seq,mixed nonviral cirrhosis,Supplementary Table 9,supplementary file,TRUE,REUSED,SCAR_ASSOCIATED_MACROPHAGE; exact author metagene list; external only outside GSE136103
RAM2019_MAC_SIG_A_SAM,Ramachandran2019_Nature,scar-associated macrophage metagene A,macrophage_monocyte,APOC2,UP_IN_STATE,GSE136103,scRNA-seq,mixed nonviral cirrhosis,Supplementary Table 9,supplementary file,TRUE,REUSED,SCAR_ASSOCIATED_MACROPHAGE; exact author metagene list; external only outside GSE136103
RAM2019_MAC_SIG_A_SAM,Ramachandran2019_Nature,scar-associated macrophage metagene A,macrophage_monocyte,CLEC11A,UP_IN_STATE,GSE136103,scRNA-seq,mixed nonviral cirrhosis,Supplementary Table 9,supplementary file,TRUE,REUSED,SCAR_ASSOCIATED_MACROPHAGE; exact author metagene list; external only outside GSE136103
RAM2019_MAC_SIG_A_SAM,Ramachandran2019_Nature,scar-associated macrophage metagene A,macrophage_monocyte,DONSON,UP_IN_STATE,GSE136103,scRNA-seq,mixed nonviral cirrhosis,Supplementary Table 9,supplementary file,TRUE,REUSED,SCAR_ASSOCIATED_MACROPHAGE; exact author metagene list; external only outside GSE136103
RAM2019_MAC_SIG_A_SAM,Ramachandran2019_Nature,scar-associated macrophage metagene A,macrophage_monocyte,PDXK,UP_IN_STATE,GSE136103,scRNA-seq,mixed nonviral cirrhosis,Supplementary Table 9,supplementary file,TRUE,REUSED,SCAR_ASSOCIATED_MACROPHAGE; exact author metagene list; external only outside GSE136103
RAM2019_MAC_SIG_A_SAM,Ramachandran2019_Nature,scar-associated macrophage metagene A,macrophage_monocyte,OLFML3,UP_IN_STATE,GSE136103,scRNA-seq,mixed nonviral cirrhosis,Supplementary Table 9,supplementary file,TRUE,REUSED,SCAR_ASSOCIATED_MACROPHAGE; exact author metagene list; external only outside GSE136103
RAM2019_MAC_SIG_B_SAM,Ramachandran2019_Nature,scar-associated macrophage metagene B,macrophage_monocyte,RPL22,UP_IN_STATE,GSE136103,scRNA-seq,mixed nonviral cirrhosis,Supplementary Table 9,supplementary file,TRUE,REUSED,SCAR_ASSOCIATED_MACROPHAGE; exact author metagene list; external only outside GSE136103
RAM2019_MAC_SIG_B_SAM,Ramachandran2019_Nature,scar-associated macrophage metagene B,macrophage_monocyte,PARK7,UP_IN_STATE,GSE136103,scRNA-seq,mixed nonviral cirrhosis,Supplementary Table 9,supplementary file,TRUE,REUSED,SCAR_ASSOCIATED_MACROPHAGE; exact author metagene list; external only outside GSE136103
RAM2019_MAC_SIG_B_SAM,Ramachandran2019_Nature,scar-associated macrophage metagene B,macrophage_monocyte,ENO1,UP_IN_STATE,GSE136103,scRNA-seq,mixed nonviral cirrhosis,Supplementary Table 9,supplementary file,TRUE,REUSED,SCAR_ASSOCIATED_MACROPHAGE; exact author metagene list; external only outside GSE136103
RAM2019_MAC_SIG_B_SAM,Ramachandran2019_Nature,scar-associated macrophage metagene B,macrophage_monocyte,CAPZB,UP_IN_STATE,GSE136103,scRNA-seq,mixed nonviral cirrhosis,Supplementary Table 9,supplementary file,TRUE,REUSED,SCAR_ASSOCIATED_MACROPHAGE; exact author metagene list; external only outside GSE136103
RAM2019_MAC_SIG_B_SAM,Ramachandran2019_Nature,scar-associated macrophage metagene B,macrophage_monocyte,RPL11,UP_IN_STATE,GSE136103,scRNA-seq,mixed nonviral cirrhosis,Supplementary Table 9,supplementary file,TRUE,REUSED,SCAR_ASSOCIATED_MACROPHAGE; exact author metagene list; external only outside GSE136103
RAM2019_MAC_SIG_B_SAM,Ramachandran2019_Nature,scar-associated macrophage metagene B,macrophage_monocyte,SH3BGRL3,UP_IN_STATE,GSE136103,scRNA-seq,mixed nonviral cirrhosis,Supplementary Table 9,supplementary file,TRUE,REUSED,SCAR_ASSOCIATED_MACROPHAGE; exact author metagene list; external only outside GSE136103
RAM2019_MAC_SIG_B_SAM,Ramachandran2019_Nature,scar-associated macrophage metagene B,macrophage_monocyte,CD52,UP_IN_STATE,GSE136103,scRNA-seq,mixed nonviral cirrhosis,Supplementary Table 9,supplementary file,TRUE,REUSED,SCAR_ASSOCIATED_MACROPHAGE; exact author metagene list; external only outside GSE136103
RAM2019_MAC_SIG_B_SAM,Ramachandran2019_Nature,scar-associated macrophage metagene B,macrophage_monocyte,LAPTM5,UP_IN_STATE,GSE136103,scRNA-seq,mixed nonviral cirrhosis,Supplementary Table 9,supplementary file,TRUE,REUSED,SCAR_ASSOCIATED_MACROPHAGE; exact author metagene list; external only outside GSE136103
RAM2019_MAC_SIG_B_SAM,Ramachandran2019_Nature,scar-associated macrophage metagene B,macrophage_monocyte,CAP1,UP_IN_STATE,GSE136103,scRNA-seq,mixed nonviral cirrhosis,Supplementary Table 9,supplementary file,TRUE,REUSED,SCAR_ASSOCIATED_MACROPHAGE; exact author metagene list; external only outside GSE136103
RAM2019_MAC_SIG_B_SAM,Ramachandran2019_Nature,scar-associated macrophage metagene B,macrophage_monocyte,YBX1,UP_IN_STATE,GSE136103,scRNA-seq,mixed nonviral cirrhosis,Supplementary Table 9,supplementary file,TRUE,REUSED,SCAR_ASSOCIATED_MACROPHAGE; exact author metagene list; external only outside GSE136103
RAM2019_MAC_SIG_B_SAM,Ramachandran2019_Nature,scar-associated macrophage metagene B,macrophage_monocyte,RPS8,UP_IN_STATE,GSE136103,scRNA-seq,mixed nonviral cirrhosis,Supplementary Table 9,supplementary file,TRUE,REUSED,SCAR_ASSOCIATED_MACROPHAGE; exact author metagene list; external only outside GSE136103
RAM2019_MAC_SIG_B_SAM,Ramachandran2019_Nature,scar-associated macrophage metagene B,macrophage_monocyte,UQCRH,UP_IN_STATE,GSE136103,scRNA-seq,mixed nonviral cirrhosis,Supplementary Table 9,supplementary file,TRUE,REUSED,SCAR_ASSOCIATED_MACROPHAGE; exact author metagene list; external only outside GSE136103
RAM2019_MAC_SIG_B_SAM,Ramachandran2019_Nature,scar-associated macrophage metagene B,macrophage_monocyte,RPL5,UP_IN_STATE,GSE136103,scRNA-seq,mixed nonviral cirrhosis,Supplementary Table 9,supplementary file,TRUE,REUSED,SCAR_ASSOCIATED_MACROPHAGE; exact author metagene list; external only outside GSE136103
RAM2019_MAC_SIG_B_SAM,Ramachandran2019_Nature,scar-associated macrophage metagene B,macrophage_monocyte,LAMTOR5,UP_IN_STATE,GSE136103,scRNA-seq,mixed nonviral cirrhosis,Supplementary Table 9,supplementary file,TRUE,REUSED,SCAR_ASSOCIATED_MACROPHAGE; exact author metagene list; external only outside GSE136103
RAM2019_MAC_SIG_B_SAM,Ramachandran2019_Nature,scar-associated macrophage metagene B,macrophage_monocyte,CD53,UP_IN_STATE,GSE136103,scRNA-seq,mixed nonviral cirrhosis,Supplementary Table 9,supplementary file,TRUE,REUSED,SCAR_ASSOCIATED_MACROPHAGE; exact author metagene list; external only outside GSE136103
RAM2019_MAC_SIG_B_SAM,Ramachandran2019_Nature,scar-associated macrophage metagene B,macrophage_monocyte,RHOC,UP_IN_STATE,GSE136103,scRNA-seq,mixed nonviral cirrhosis,Supplementary Table 9,supplementary file,TRUE,REUSED,SCAR_ASSOCIATED_MACROPHAGE; exact author metagene list; external only outside GSE136103
RAM2019_MAC_SIG_B_SAM,Ramachandran2019_Nature,scar-associated macrophage metagene B,macrophage_monocyte,RBM8A,UP_IN_STATE,GSE136103,scRNA-seq,mixed nonviral cirrhosis,Supplementary Table 9,supplementary file,TRUE,REUSED,SCAR_ASSOCIATED_MACROPHAGE; exact author metagene list; external only outside GSE136103
RAM2019_MAC_SIG_B_SAM,Ramachandran2019_Nature,scar-associated macrophage metagene B,macrophage_monocyte,TXNIP,UP_IN_STATE,GSE136103,scRNA-seq,mixed nonviral cirrhosis,Supplementary Table 9,supplementary file,TRUE,REUSED,SCAR_ASSOCIATED_MACROPHAGE; exact author metagene list; external only outside GSE136103
RAM2019_MAC_SIG_B_SAM,Ramachandran2019_Nature,scar-associated macrophage metagene B,macrophage_monocyte,PLEKHO1,UP_IN_STATE,GSE136103,scRNA-seq,mixed nonviral cirrhosis,Supplementary Table 9,supplementary file,TRUE,REUSED,SCAR_ASSOCIATED_MACROPHAGE; exact author metagene list; external only outside GSE136103
RAM2019_MAC_SIG_B_SAM,Ramachandran2019_Nature,scar-associated macrophage metagene B,macrophage_monocyte,PSMD4,UP_IN_STATE,GSE136103,scRNA-seq,mixed nonviral cirrhosis,Supplementary Table 9,supplementary file,TRUE,REUSED,SCAR_ASSOCIATED_MACROPHAGE; exact author metagene list; external only outside GSE136103
RAM2019_MAC_SIG_B_SAM,Ramachandran2019_Nature,scar-associated macrophage metagene B,macrophage_monocyte,S100A10,UP_IN_STATE,GSE136103,scRNA-seq,mixed nonviral cirrhosis,Supplementary Table 9,supplementary file,TRUE,REUSED,SCAR_ASSOCIATED_MACROPHAGE; exact author metagene list; external only outside GSE136103
RAM2019_MAC_SIG_B_SAM,Ramachandran2019_Nature,scar-associated macrophage metagene B,macrophage_monocyte,S100A11,UP_IN_STATE,GSE136103,scRNA-seq,mixed nonviral cirrhosis,Supplementary Table 9,supplementary file,TRUE,REUSED,SCAR_ASSOCIATED_MACROPHAGE; exact author metagene list; external only outside GSE136103
RAM2019_MAC_SIG_B_SAM,Ramachandran2019_Nature,scar-associated macrophage metagene B,macrophage_monocyte,S100A6,UP_IN_STATE,GSE136103,scRNA-seq,mixed nonviral cirrhosis,Supplementary Table 9,supplementary file,TRUE,REUSED,SCAR_ASSOCIATED_MACROPHAGE; exact author metagene list; external only outside GSE136103
RAM2019_MAC_SIG_B_SAM,Ramachandran2019_Nature,scar-associated macrophage metagene B,macrophage_monocyte,S100A4,UP_IN_STATE,GSE136103,scRNA-seq,mixed nonviral cirrhosis,Supplementary Table 9,supplementary file,TRUE,REUSED,SCAR_ASSOCIATED_MACROPHAGE; exact author metagene list; external only outside GSE136103
RAM2019_MAC_SIG_B_SAM,Ramachandran2019_Nature,scar-associated macrophage metagene B,macrophage_monocyte,RPS27,UP_IN_STATE,GSE136103,scRNA-seq,mixed nonviral cirrhosis,Supplementary Table 9,supplementary file,TRUE,REUSED,SCAR_ASSOCIATED_MACROPHAGE; exact author metagene list; external only outside GSE136103
RAM2019_MAC_SIG_B_SAM,Ramachandran2019_Nature,scar-associated macrophage metagene B,macrophage_monocyte,SSR2,UP_IN_STATE,GSE136103,scRNA-seq,mixed nonviral cirrhosis,Supplementary Table 9,supplementary file,TRUE,REUSED,SCAR_ASSOCIATED_MACROPHAGE; exact author metagene list; external only outside GSE136103
RAM2019_MAC_SIG_B_SAM,Ramachandran2019_Nature,scar-associated macrophage metagene B,macrophage_monocyte,LAMTOR2,UP_IN_STATE,GSE136103,scRNA-seq,mixed nonviral cirrhosis,Supplementary Table 9,supplementary file,TRUE,REUSED,SCAR_ASSOCIATED_MACROPHAGE; exact author metagene list; external only outside GSE136103
RAM2019_MAC_SIG_B_SAM,Ramachandran2019_Nature,scar-associated macrophage metagene B,macrophage_monocyte,CCT3,UP_IN_STATE,GSE136103,scRNA-seq,mixed nonviral cirrhosis,Supplementary Table 9,supplementary file,TRUE,REUSED,SCAR_ASSOCIATED_MACROPHAGE; exact author metagene list; external only outside GSE136103
RAM2019_MAC_SIG_B_SAM,Ramachandran2019_Nature,scar-associated macrophage metagene B,macrophage_monocyte,CD1D,UP_IN_STATE,GSE136103,scRNA-seq,mixed nonviral cirrhosis,Supplementary Table 9,supplementary file,TRUE,REUSED,SCAR_ASSOCIATED_MACROPHAGE; exact author metagene list; external only outside GSE136103
RAM2019_MAC_SIG_B_SAM,Ramachandran2019_Nature,scar-associated macrophage metagene B,macrophage_monocyte,CD1C,UP_IN_STATE,GSE136103,scRNA-seq,mixed nonviral cirrhosis,Supplementary Table 9,supplementary file,TRUE,REUSED,SCAR_ASSOCIATED_MACROPHAGE; exact author metagene list; external only outside GSE136103
RAM2019_MAC_SIG_B_SAM,Ramachandran2019_Nature,scar-associated macrophage metagene B,macrophage_monocyte,MNDA,UP_IN_STATE,GSE136103,scRNA-seq,mixed nonviral cirrhosis,Supplementary Table 9,supplementary file,TRUE,REUSED,SCAR_ASSOCIATED_MACROPHAGE; exact author metagene list; external only outside GSE136103
RAM2019_MAC_SIG_B_SAM,Ramachandran2019_Nature,scar-associated macrophage metagene B,macrophage_monocyte,IFI16,UP_IN_STATE,GSE136103,scRNA-seq,mixed nonviral cirrhosis,Supplementary Table 9,supplementary file,TRUE,REUSED,SCAR_ASSOCIATED_MACROPHAGE; exact author metagene list; external only outside GSE136103
RAM2019_MAC_SIG_B_SAM,Ramachandran2019_Nature,scar-associated macrophage metagene B,macrophage_monocyte,FCER1A,UP_IN_STATE,GSE136103,scRNA-seq,mixed nonviral cirrhosis,Supplementary Table 9,supplementary file,TRUE,REUSED,SCAR_ASSOCIATED_MACROPHAGE; exact author metagene list; external only outside GSE136103
RAM2019_MAC_SIG_B_SAM,Ramachandran2019_Nature,scar-associated macrophage metagene B,macrophage_monocyte,PEA15,UP_IN_STATE,GSE136103,scRNA-seq,mixed nonviral cirrhosis,Supplementary Table 9,supplementary file,TRUE,REUSED,SCAR_ASSOCIATED_MACROPHAGE; exact author metagene list; external only outside GSE136103
RAM2019_MAC_SIG_B_SAM,Ramachandran2019_Nature,scar-associated macrophage metagene B,macrophage_monocyte,CD48,UP_IN_STATE,GSE136103,scRNA-seq,mixed nonviral cirrhosis,Supplementary Table 9,supplementary file,TRUE,REUSED,SCAR_ASSOCIATED_MACROPHAGE; exact author metagene list; external only outside GSE136103
RAM2019_MAC_SIG_B_SAM,Ramachandran2019_Nature,scar-associated macrophage metagene B,macrophage_monocyte,FCGR2A,UP_IN_STATE,GSE136103,scRNA-seq,mixed nonviral cirrhosis,Supplementary Table 9,supplementary file,TRUE,REUSED,SCAR_ASSOCIATED_MACROPHAGE; exact author metagene list; external only outside GSE136103
RAM2019_MAC_SIG_B_SAM,Ramachandran2019_Nature,scar-associated macrophage metagene B,macrophage_monocyte,FCGR2B,UP_IN_STATE,GSE136103,scRNA-seq,mixed nonviral cirrhosis,Supplementary Table 9,supplementary file,TRUE,REUSED,SCAR_ASSOCIATED_MACROPHAGE; exact author metagene list; external only outside GSE136103
RAM2019_MAC_SIG_B_SAM,Ramachandran2019_Nature,scar-associated macrophage metagene B,macrophage_monocyte,MGST3,UP_IN_STATE,GSE136103,scRNA-seq,mixed nonviral cirrhosis,Supplementary Table 9,supplementary file,TRUE,REUSED,SCAR_ASSOCIATED_MACROPHAGE; exact author metagene list; external only outside GSE136103
RAM2019_MAC_SIG_B_SAM,Ramachandran2019_Nature,scar-associated macrophage metagene B,macrophage_monocyte,NCF2,UP_IN_STATE,GSE136103,scRNA-seq,mixed nonviral cirrhosis,Supplementary Table 9,supplementary file,TRUE,REUSED,SCAR_ASSOCIATED_MACROPHAGE; exact author metagene list; external only outside GSE136103
RAM2019_MAC_SIG_B_SAM,Ramachandran2019_Nature,scar-associated macrophage metagene B,macrophage_monocyte,ARPC5,UP_IN_STATE,GSE136103,scRNA-seq,mixed nonviral cirrhosis,Supplementary Table 9,supplementary file,TRUE,REUSED,SCAR_ASSOCIATED_MACROPHAGE; exact author metagene list; external only outside GSE136103
RAM2019_MAC_SIG_B_SAM,Ramachandran2019_Nature,scar-associated macrophage metagene B,macrophage_monocyte,RGS2,UP_IN_STATE,GSE136103,scRNA-seq,mixed nonviral cirrhosis,Supplementary Table 9,supplementary file,TRUE,REUSED,SCAR_ASSOCIATED_MACROPHAGE; exact author metagene list; external only outside GSE136103
RAM2019_MAC_SIG_B_SAM,Ramachandran2019_Nature,scar-associated macrophage metagene B,macrophage_monocyte,PTPRC,UP_IN_STATE,GSE136103,scRNA-seq,mixed nonviral cirrhosis,Supplementary Table 9,supplementary file,TRUE,REUSED,SCAR_ASSOCIATED_MACROPHAGE; exact author metagene list; external only outside GSE136103
RAM2019_MAC_SIG_B_SAM,Ramachandran2019_Nature,scar-associated macrophage metagene B,macrophage_monocyte,BTG2,UP_IN_STATE,GSE136103,scRNA-seq,mixed nonviral cirrhosis,Supplementary Table 9,supplementary file,TRUE,REUSED,SCAR_ASSOCIATED_MACROPHAGE; exact author metagene list; external only outside GSE136103
RAM2019_MAC_SIG_B_SAM,Ramachandran2019_Nature,scar-associated macrophage metagene B,macrophage_monocyte,SNRPE,UP_IN_STATE,GSE136103,scRNA-seq,mixed nonviral cirrhosis,Supplementary Table 9,supplementary file,TRUE,REUSED,SCAR_ASSOCIATED_MACROPHAGE; exact author metagene list; external only outside GSE136103
RAM2019_MAC_SIG_B_SAM,Ramachandran2019_Nature,scar-associated macrophage metagene B,macrophage_monocyte,TRAF3IP3,UP_IN_STATE,GSE136103,scRNA-seq,mixed nonviral cirrhosis,Supplementary Table 9,supplementary file,TRUE,REUSED,SCAR_ASSOCIATED_MACROPHAGE; exact author metagene list; external only outside GSE136103
RAM2019_MAC_SIG_B_SAM,Ramachandran2019_Nature,scar-associated macrophage metagene B,macrophage_monocyte,ATF3,UP_IN_STATE,GSE136103,scRNA-seq,mixed nonviral cirrhosis,Supplementary Table 9,supplementary file,TRUE,REUSED,SCAR_ASSOCIATED_MACROPHAGE; exact author metagene list; external only outside GSE136103
RAM2019_MAC_SIG_B_SAM,Ramachandran2019_Nature,scar-associated macrophage metagene B,macrophage_monocyte,H3F3A,UP_IN_STATE,GSE136103,scRNA-seq,mixed nonviral cirrhosis,Supplementary Table 9,supplementary file,TRUE,REUSED,SCAR_ASSOCIATED_MACROPHAGE; exact author metagene list; external only outside GSE136103
RAM2019_MAC_SIG_B_SAM,Ramachandran2019_Nature,scar-associated macrophage metagene B,macrophage_monocyte,GUK1,UP_IN_STATE,GSE136103,scRNA-seq,mixed nonviral cirrhosis,Supplementary Table 9,supplementary file,TRUE,REUSED,SCAR_ASSOCIATED_MACROPHAGE; exact author metagene list; external only outside GSE136103
RAM2019_MAC_SIG_B_SAM,Ramachandran2019_Nature,scar-associated macrophage metagene B,macrophage_monocyte,TOMM20,UP_IN_STATE,GSE136103,scRNA-seq,mixed nonviral cirrhosis,Supplementary Table 9,supplementary file,TRUE,REUSED,SCAR_ASSOCIATED_MACROPHAGE; exact author metagene list; external only outside GSE136103
RAM2019_MAC_SIG_B_SAM,Ramachandran2019_Nature,scar-associated macrophage metagene B,macrophage_monocyte,RPS7,UP_IN_STATE,GSE136103,scRNA-seq,mixed nonviral cirrhosis,Supplementary Table 9,supplementary file,TRUE,REUSED,SCAR_ASSOCIATED_MACROPHAGE; exact author metagene list; external only outside GSE136103
RAM2019_MAC_SIG_B_SAM,Ramachandran2019_Nature,scar-associated macrophage metagene B,macrophage_monocyte,PDIA6,UP_IN_STATE,GSE136103,scRNA-seq,mixed nonviral cirrhosis,Supplementary Table 9,supplementary file,TRUE,REUSED,SCAR_ASSOCIATED_MACROPHAGE; exact author metagene list; external only outside GSE136103
RAM2019_MAC_SIG_B_SAM,Ramachandran2019_Nature,scar-associated macrophage metagene B,macrophage_monocyte,LAPTM4A,UP_IN_STATE,GSE136103,scRNA-seq,mixed nonviral cirrhosis,Supplementary Table 9,supplementary file,TRUE,REUSED,SCAR_ASSOCIATED_MACROPHAGE; exact author metagene list; external only outside GSE136103
RAM2019_MAC_SIG_B_SAM,Ramachandran2019_Nature,scar-associated macrophage metagene B,macrophage_monocyte,PTRHD1,UP_IN_STATE,GSE136103,scRNA-seq,mixed nonviral cirrhosis,Supplementary Table 9,supplementary file,TRUE,REUSED,SCAR_ASSOCIATED_MACROPHAGE; exact author metagene list; external only outside GSE136103
RAM2019_MAC_SIG_B_SAM,Ramachandran2019_Nature,scar-associated macrophage metagene B,macrophage_monocyte,HADHA,UP_IN_STATE,GSE136103,scRNA-seq,mixed nonviral cirrhosis,Supplementary Table 9,supplementary file,TRUE,REUSED,SCAR_ASSOCIATED_MACROPHAGE; exact author metagene list; external only outside GSE136103
RAM2019_MAC_SIG_B_SAM,Ramachandran2019_Nature,scar-associated macrophage metagene B,macrophage_monocyte,OST4,UP_IN_STATE,GSE136103,scRNA-seq,mixed nonviral cirrhosis,Supplementary Table 9,supplementary file,TRUE,REUSED,SCAR_ASSOCIATED_MACROPHAGE; exact author metagene list; external only outside GSE136103
RAM2019_MAC_SIG_B_SAM,Ramachandran2019_Nature,scar-associated macrophage metagene B,macrophage_monocyte,ATRAID,UP_IN_STATE,GSE136103,scRNA-seq,mixed nonviral cirrhosis,Supplementary Table 9,supplementary file,TRUE,REUSED,SCAR_ASSOCIATED_MACROPHAGE; exact author metagene list; external only outside GSE136103
RAM2019_MAC_SIG_B_SAM,Ramachandran2019_Nature,scar-associated macrophage metagene B,macrophage_monocyte,MRPL33,UP_IN_STATE,GSE136103,scRNA-seq,mixed nonviral cirrhosis,Supplementary Table 9,supplementary file,TRUE,REUSED,SCAR_ASSOCIATED_MACROPHAGE; exact author metagene list; external only outside GSE136103
RAM2019_MAC_SIG_B_SAM,Ramachandran2019_Nature,scar-associated macrophage metagene B,macrophage_monocyte,YPEL5,UP_IN_STATE,GSE136103,scRNA-seq,mixed nonviral cirrhosis,Supplementary Table 9,supplementary file,TRUE,REUSED,SCAR_ASSOCIATED_MACROPHAGE; exact author metagene list; external only outside GSE136103
RAM2019_MAC_SIG_B_SAM,Ramachandran2019_Nature,scar-associated macrophage metagene B,macrophage_monocyte,COX7A2L,UP_IN_STATE,GSE136103,scRNA-seq,mixed nonviral cirrhosis,Supplementary Table 9,supplementary file,TRUE,REUSED,SCAR_ASSOCIATED_MACROPHAGE; exact author metagene list; external only outside GSE136103
RAM2019_MAC_SIG_B_SAM,Ramachandran2019_Nature,scar-associated macrophage metagene B,macrophage_monocyte,ZFP36L2,UP_IN_STATE,GSE136103,scRNA-seq,mixed nonviral cirrhosis,Supplementary Table 9,supplementary file,TRUE,REUSED,SCAR_ASSOCIATED_MACROPHAGE; exact author metagene list; external only outside GSE136103
RAM2019_MAC_SIG_B_SAM,Ramachandran2019_Nature,scar-associated macrophage metagene B,macrophage_monocyte,CALM2,UP_IN_STATE,GSE136103,scRNA-seq,mixed nonviral cirrhosis,Supplementary Table 9,supplementary file,TRUE,REUSED,SCAR_ASSOCIATED_MACROPHAGE; exact author metagene list; external only outside GSE136103
RAM2019_MAC_SIG_B_SAM,Ramachandran2019_Nature,scar-associated macrophage metagene B,macrophage_monocyte,RTN4,UP_IN_STATE,GSE136103,scRNA-seq,mixed nonviral cirrhosis,Supplementary Table 9,supplementary file,TRUE,REUSED,SCAR_ASSOCIATED_MACROPHAGE; exact author metagene list; external only outside GSE136103
RAM2019_MAC_SIG_B_SAM,Ramachandran2019_Nature,scar-associated macrophage metagene B,macrophage_monocyte,REL,UP_IN_STATE,GSE136103,scRNA-seq,mixed nonviral cirrhosis,Supplementary Table 9,supplementary file,TRUE,REUSED,SCAR_ASSOCIATED_MACROPHAGE; exact author metagene list; external only outside GSE136103
RAM2019_MAC_SIG_B_SAM,Ramachandran2019_Nature,scar-associated macrophage metagene B,macrophage_monocyte,RAB1A,UP_IN_STATE,GSE136103,scRNA-seq,mixed nonviral cirrhosis,Supplementary Table 9,supplementary file,TRUE,REUSED,SCAR_ASSOCIATED_MACROPHAGE; exact author metagene list; external only outside GSE136103
RAM2019_MAC_SIG_B_SAM,Ramachandran2019_Nature,scar-associated macrophage metagene B,macrophage_monocyte,ACTR2,UP_IN_STATE,GSE136103,scRNA-seq,mixed nonviral cirrhosis,Supplementary Table 9,supplementary file,TRUE,REUSED,SCAR_ASSOCIATED_MACROPHAGE; exact author metagene list; external only outside GSE136103
RAM2019_MAC_SIG_B_SAM,Ramachandran2019_Nature,scar-associated macrophage metagene B,macrophage_monocyte,NAGK,UP_IN_STATE,GSE136103,scRNA-seq,mixed nonviral cirrhosis,Supplementary Table 9,supplementary file,TRUE,REUSED,SCAR_ASSOCIATED_MACROPHAGE; exact author metagene list; external only outside GSE136103
RAM2019_MAC_SIG_B_SAM,Ramachandran2019_Nature,scar-associated macrophage metagene B,macrophage_monocyte,CCT7,UP_IN_STATE,GSE136103,scRNA-seq,mixed nonviral cirrhosis,Supplementary Table 9,supplementary file,TRUE,REUSED,SCAR_ASSOCIATED_MACROPHAGE; exact author metagene list; external only outside GSE136103
RAM2019_MAC_SIG_B_SAM,Ramachandran2019_Nature,scar-associated macrophage metagene B,macrophage_monocyte,DGUOK,UP_IN_STATE,GSE136103,scRNA-seq,mixed nonviral cirrhosis,Supplementary Table 9,supplementary file,TRUE,REUSED,SCAR_ASSOCIATED_MACROPHAGE; exact author metagene list; external only outside GSE136103
RAM2019_MAC_SIG_B_SAM,Ramachandran2019_Nature,scar-associated macrophage metagene B,macrophage_monocyte,MOB1A,UP_IN_STATE,GSE136103,scRNA-seq,mixed nonviral cirrhosis,Supplementary Table 9,supplementary file,TRUE,REUSED,SCAR_ASSOCIATED_MACROPHAGE; exact author metagene list; external only outside GSE136103
RAM2019_MAC_SIG_B_SAM,Ramachandran2019_Nature,scar-associated macrophage metagene B,macrophage_monocyte,MTHFD2,UP_IN_STATE,GSE136103,scRNA-seq,mixed nonviral cirrhosis,Supplementary Table 9,supplementary file,TRUE,REUSED,SCAR_ASSOCIATED_MACROPHAGE; exact author metagene list; external only outside GSE136103
RAM2019_MAC_SIG_B_SAM,Ramachandran2019_Nature,scar-associated macrophage metagene B,macrophage_monocyte,POLE4,UP_IN_STATE,GSE136103,scRNA-seq,mixed nonviral cirrhosis,Supplementary Table 9,supplementary file,TRUE,REUSED,SCAR_ASSOCIATED_MACROPHAGE; exact author metagene list; external only outside GSE136103
RAM2019_MAC_SIG_B_SAM,Ramachandran2019_Nature,scar-associated macrophage metagene B,macrophage_monocyte,TMSB10,UP_IN_STATE,GSE136103,scRNA-seq,mixed nonviral cirrhosis,Supplementary Table 9,supplementary file,TRUE,REUSED,SCAR_ASSOCIATED_MACROPHAGE; exact author metagene list; external only outside GSE136103
RAM2019_MAC_SIG_B_SAM,Ramachandran2019_Nature,scar-associated macrophage metagene B,macrophage_monocyte,CAPG,UP_IN_STATE,GSE136103,scRNA-seq,mixed nonviral cirrhosis,Supplementary Table 9,supplementary file,TRUE,REUSED,SCAR_ASSOCIATED_MACROPHAGE; exact author metagene list; external only outside GSE136103
RAM2019_MAC_SIG_B_SAM,Ramachandran2019_Nature,scar-associated macrophage metagene B,macrophage_monocyte,VAMP8,UP_IN_STATE,GSE136103,scRNA-seq,mixed nonviral cirrhosis,Supplementary Table 9,supplementary file,TRUE,REUSED,SCAR_ASSOCIATED_MACROPHAGE; exact author metagene list; external only outside GSE136103
RAM2019_MAC_SIG_B_SAM,Ramachandran2019_Nature,scar-associated macrophage metagene B,macrophage_monocyte,KRCC1,UP_IN_STATE,GSE136103,scRNA-seq,mixed nonviral cirrhosis,Supplementary Table 9,supplementary file,TRUE,REUSED,SCAR_ASSOCIATED_MACROPHAGE; exact author metagene list; external only outside GSE136103
RAM2019_MAC_SIG_B_SAM,Ramachandran2019_Nature,scar-associated macrophage metagene B,macrophage_monocyte,IGKC,UP_IN_STATE,GSE136103,scRNA-seq,mixed nonviral cirrhosis,Supplementary Table 9,supplementary file,TRUE,REUSED,SCAR_ASSOCIATED_MACROPHAGE; exact author metagene list; external only outside GSE136103
RAM2019_MAC_SIG_B_SAM,Ramachandran2019_Nature,scar-associated macrophage metagene B,macrophage_monocyte,DUSP2,UP_IN_STATE,GSE136103,scRNA-seq,mixed nonviral cirrhosis,Supplementary Table 9,supplementary file,TRUE,REUSED,SCAR_ASSOCIATED_MACROPHAGE; exact author metagene list; external only outside GSE136103
RAM2019_MAC_SIG_B_SAM,Ramachandran2019_Nature,scar-associated macrophage metagene B,macrophage_monocyte,EIF5B,UP_IN_STATE,GSE136103,scRNA-seq,mixed nonviral cirrhosis,Supplementary Table 9,supplementary file,TRUE,REUSED,SCAR_ASSOCIATED_MACROPHAGE; exact author metagene list; external only outside GSE136103
RAM2019_MAC_SIG_B_SAM,Ramachandran2019_Nature,scar-associated macrophage metagene B,macrophage_monocyte,PDCL3,UP_IN_STATE,GSE136103,scRNA-seq,mixed nonviral cirrhosis,Supplementary Table 9,supplementary file,TRUE,REUSED,SCAR_ASSOCIATED_MACROPHAGE; exact author metagene list; external only outside GSE136103
RAM2019_MAC_SIG_B_SAM,Ramachandran2019_Nature,scar-associated macrophage metagene B,macrophage_monocyte,RPL31,UP_IN_STATE,GSE136103,scRNA-seq,mixed nonviral cirrhosis,Supplementary Table 9,supplementary file,TRUE,REUSED,SCAR_ASSOCIATED_MACROPHAGE; exact author metagene list; external only outside GSE136103
RAM2019_MAC_SIG_B_SAM,Ramachandran2019_Nature,scar-associated macrophage metagene B,macrophage_monocyte,LIMS1,UP_IN_STATE,GSE136103,scRNA-seq,mixed nonviral cirrhosis,Supplementary Table 9,supplementary file,TRUE,REUSED,SCAR_ASSOCIATED_MACROPHAGE; exact author metagene list; external only outside GSE136103
RAM2019_MAC_SIG_B_SAM,Ramachandran2019_Nature,scar-associated macrophage metagene B,macrophage_monocyte,CHCHD5,UP_IN_STATE,GSE136103,scRNA-seq,mixed nonviral cirrhosis,Supplementary Table 9,supplementary file,TRUE,REUSED,SCAR_ASSOCIATED_MACROPHAGE; exact author metagene list; external only outside GSE136103
RAM2019_MAC_SIG_B_SAM,Ramachandran2019_Nature,scar-associated macrophage metagene B,macrophage_monocyte,IL1B,UP_IN_STATE,GSE136103,scRNA-seq,mixed nonviral cirrhosis,Supplementary Table 9,supplementary file,TRUE,REUSED,SCAR_ASSOCIATED_MACROPHAGE; exact author metagene list; external only outside GSE136103
RAM2019_MAC_SIG_B_SAM,Ramachandran2019_Nature,scar-associated macrophage metagene B,macrophage_monocyte,MZT2B,UP_IN_STATE,GSE136103,scRNA-seq,mixed nonviral cirrhosis,Supplementary Table 9,supplementary file,TRUE,REUSED,SCAR_ASSOCIATED_MACROPHAGE; exact author metagene list; external only outside GSE136103
RAM2019_MAC_SIG_B_SAM,Ramachandran2019_Nature,scar-associated macrophage metagene B,macrophage_monocyte,PTPN18,UP_IN_STATE,GSE136103,scRNA-seq,mixed nonviral cirrhosis,Supplementary Table 9,supplementary file,TRUE,REUSED,SCAR_ASSOCIATED_MACROPHAGE; exact author metagene list; external only outside GSE136103
RAM2019_MAC_SIG_B_SAM,Ramachandran2019_Nature,scar-associated macrophage metagene B,macrophage_monocyte,UBXN4,UP_IN_STATE,GSE136103,scRNA-seq,mixed nonviral cirrhosis,Supplementary Table 9,supplementary file,TRUE,REUSED,SCAR_ASSOCIATED_MACROPHAGE; exact author metagene list; external only outside GSE136103
RAM2019_MAC_SIG_B_SAM,Ramachandran2019_Nature,scar-associated macrophage metagene B,macrophage_monocyte,CXCR4,UP_IN_STATE,GSE136103,scRNA-seq,mixed nonviral cirrhosis,Supplementary Table 9,supplementary file,TRUE,REUSED,SCAR_ASSOCIATED_MACROPHAGE; exact author metagene list; external only outside GSE136103
RAM2019_MAC_SIG_B_SAM,Ramachandran2019_Nature,scar-associated macrophage metagene B,macrophage_monocyte,PRPF40A,UP_IN_STATE,GSE136103,scRNA-seq,mixed nonviral cirrhosis,Supplementary Table 9,supplementary file,TRUE,REUSED,SCAR_ASSOCIATED_MACROPHAGE; exact author metagene list; external only outside GSE136103
RAM2019_MAC_SIG_B_SAM,Ramachandran2019_Nature,scar-associated macrophage metagene B,macrophage_monocyte,CYTIP,UP_IN_STATE,GSE136103,scRNA-seq,mixed nonviral cirrhosis,Supplementary Table 9,supplementary file,TRUE,REUSED,SCAR_ASSOCIATED_MACROPHAGE; exact author metagene list; external only outside GSE136103
RAM2019_MAC_SIG_B_SAM,Ramachandran2019_Nature,scar-associated macrophage metagene B,macrophage_monocyte,GCA,UP_IN_STATE,GSE136103,scRNA-seq,mixed nonviral cirrhosis,Supplementary Table 9,supplementary file,TRUE,REUSED,SCAR_ASSOCIATED_MACROPHAGE; exact author metagene list; external only outside GSE136103
RAM2019_MAC_SIG_B_SAM,Ramachandran2019_Nature,scar-associated macrophage metagene B,macrophage_monocyte,PPIG,UP_IN_STATE,GSE136103,scRNA-seq,mixed nonviral cirrhosis,Supplementary Table 9,supplementary file,TRUE,REUSED,SCAR_ASSOCIATED_MACROPHAGE; exact author metagene list; external only outside GSE136103
RAM2019_MAC_SIG_B_SAM,Ramachandran2019_Nature,scar-associated macrophage metagene B,macrophage_monocyte,SSB,UP_IN_STATE,GSE136103,scRNA-seq,mixed nonviral cirrhosis,Supplementary Table 9,supplementary file,TRUE,REUSED,SCAR_ASSOCIATED_MACROPHAGE; exact author metagene list; external only outside GSE136103
RAM2019_MAC_SIG_B_SAM,Ramachandran2019_Nature,scar-associated macrophage metagene B,macrophage_monocyte,OLA1,UP_IN_STATE,GSE136103,scRNA-seq,mixed nonviral cirrhosis,Supplementary Table 9,supplementary file,TRUE,REUSED,SCAR_ASSOCIATED_MACROPHAGE; exact author metagene list; external only outside GSE136103
RAM2019_MAC_SIG_B_SAM,Ramachandran2019_Nature,scar-associated macrophage metagene B,macrophage_monocyte,WIPF1,UP_IN_STATE,GSE136103,scRNA-seq,mixed nonviral cirrhosis,Supplementary Table 9,supplementary file,TRUE,REUSED,SCAR_ASSOCIATED_MACROPHAGE; exact author metagene list; external only outside GSE136103
RAM2019_MAC_SIG_B_SAM,Ramachandran2019_Nature,scar-associated macrophage metagene B,macrophage_monocyte,HNRNPA3,UP_IN_STATE,GSE136103,scRNA-seq,mixed nonviral cirrhosis,Supplementary Table 9,supplementary file,TRUE,REUSED,SCAR_ASSOCIATED_MACROPHAGE; exact author metagene list; external only outside GSE136103
RAM2019_MAC_SIG_B_SAM,Ramachandran2019_Nature,scar-associated macrophage metagene B,macrophage_monocyte,NFE2L2,UP_IN_STATE,GSE136103,scRNA-seq,mixed nonviral cirrhosis,Supplementary Table 9,supplementary file,TRUE,REUSED,SCAR_ASSOCIATED_MACROPHAGE; exact author metagene list; external only outside GSE136103
RAM2019_MAC_SIG_B_SAM,Ramachandran2019_Nature,scar-associated macrophage metagene B,macrophage_monocyte,ITGA4,UP_IN_STATE,GSE136103,scRNA-seq,mixed nonviral cirrhosis,Supplementary Table 9,supplementary file,TRUE,REUSED,SCAR_ASSOCIATED_MACROPHAGE; exact author metagene list; external only outside GSE136103
RAM2019_MAC_SIG_B_SAM,Ramachandran2019_Nature,scar-associated macrophage metagene B,macrophage_monocyte,ANKRD44,UP_IN_STATE,GSE136103,scRNA-seq,mixed nonviral cirrhosis,Supplementary Table 9,supplementary file,TRUE,REUSED,SCAR_ASSOCIATED_MACROPHAGE; exact author metagene list; external only outside GSE136103
RAM2019_MAC_SIG_B_SAM,Ramachandran2019_Nature,scar-associated macrophage metagene B,macrophage_monocyte,SF3B1,UP_IN_STATE,GSE136103,scRNA-seq,mixed nonviral cirrhosis,Supplementary Table 9,supplementary file,TRUE,REUSED,SCAR_ASSOCIATED_MACROPHAGE; exact author metagene list; external only outside GSE136103
RAM2019_MAC_SIG_B_SAM,Ramachandran2019_Nature,scar-associated macrophage metagene B,macrophage_monocyte,HSPE1,UP_IN_STATE,GSE136103,scRNA-seq,mixed nonviral cirrhosis,Supplementary Table 9,supplementary file,TRUE,REUSED,SCAR_ASSOCIATED_MACROPHAGE; exact author metagene list; external only outside GSE136103
RAM2019_MAC_SIG_B_SAM,Ramachandran2019_Nature,scar-associated macrophage metagene B,macrophage_monocyte,BZW1,UP_IN_STATE,GSE136103,scRNA-seq,mixed nonviral cirrhosis,Supplementary Table 9,supplementary file,TRUE,REUSED,SCAR_ASSOCIATED_MACROPHAGE; exact author metagene list; external only outside GSE136103
RAM2019_MAC_SIG_B_SAM,Ramachandran2019_Nature,scar-associated macrophage metagene B,macrophage_monocyte,EEF1B2,UP_IN_STATE,GSE136103,scRNA-seq,mixed nonviral cirrhosis,Supplementary Table 9,supplementary file,TRUE,REUSED,SCAR_ASSOCIATED_MACROPHAGE; exact author metagene list; external only outside GSE136103
RAM2019_MAC_SIG_B_SAM,Ramachandran2019_Nature,scar-associated macrophage metagene B,macrophage_monocyte,XRCC5,UP_IN_STATE,GSE136103,scRNA-seq,mixed nonviral cirrhosis,Supplementary Table 9,supplementary file,TRUE,REUSED,SCAR_ASSOCIATED_MACROPHAGE; exact author metagene list; external only outside GSE136103
RAM2019_MAC_SIG_B_SAM,Ramachandran2019_Nature,scar-associated macrophage metagene B,macrophage_monocyte,RPL37A,UP_IN_STATE,GSE136103,scRNA-seq,mixed nonviral cirrhosis,Supplementary Table 9,supplementary file,TRUE,REUSED,SCAR_ASSOCIATED_MACROPHAGE; exact author metagene list; external only outside GSE136103
RAM2019_MAC_SIG_B_SAM,Ramachandran2019_Nature,scar-associated macrophage metagene B,macrophage_monocyte,ARPC2,UP_IN_STATE,GSE136103,scRNA-seq,mixed nonviral cirrhosis,Supplementary Table 9,supplementary file,TRUE,REUSED,SCAR_ASSOCIATED_MACROPHAGE; exact author metagene list; external only outside GSE136103
RAM2019_MAC_SIG_B_SAM,Ramachandran2019_Nature,scar-associated macrophage metagene B,macrophage_monocyte,PID1,UP_IN_STATE,GSE136103,scRNA-seq,mixed nonviral cirrhosis,Supplementary Table 9,supplementary file,TRUE,REUSED,SCAR_ASSOCIATED_MACROPHAGE; exact author metagene list; external only outside GSE136103
RAM2019_MAC_SIG_B_SAM,Ramachandran2019_Nature,scar-associated macrophage metagene B,macrophage_monocyte,EIF4E2,UP_IN_STATE,GSE136103,scRNA-seq,mixed nonviral cirrhosis,Supplementary Table 9,supplementary file,TRUE,REUSED,SCAR_ASSOCIATED_MACROPHAGE; exact author metagene list; external only outside GSE136103
RAM2019_MAC_SIG_B_SAM,Ramachandran2019_Nature,scar-associated macrophage metagene B,macrophage_monocyte,LRRFIP1,UP_IN_STATE,GSE136103,scRNA-seq,mixed nonviral cirrhosis,Supplementary Table 9,supplementary file,TRUE,REUSED,SCAR_ASSOCIATED_MACROPHAGE; exact author metagene list; external only outside GSE136103
RAM2019_MAC_SIG_B_SAM,Ramachandran2019_Nature,scar-associated macrophage metagene B,macrophage_monocyte,NDUFA10,UP_IN_STATE,GSE136103,scRNA-seq,mixed nonviral cirrhosis,Supplementary Table 9,supplementary file,TRUE,REUSED,SCAR_ASSOCIATED_MACROPHAGE; exact author metagene list; external only outside GSE136103
RAM2019_MAC_SIG_B_SAM,Ramachandran2019_Nature,scar-associated macrophage metagene B,macrophage_monocyte,MYEOV2,UP_IN_STATE,GSE136103,scRNA-seq,mixed nonviral cirrhosis,Supplementary Table 9,supplementary file,TRUE,REUSED,SCAR_ASSOCIATED_MACROPHAGE; exact author metagene list; external only outside GSE136103
RAM2019_MAC_SIG_B_SAM,Ramachandran2019_Nature,scar-associated macrophage metagene B,macrophage_monocyte,SEPT2,UP_IN_STATE,GSE136103,scRNA-seq,mixed nonviral cirrhosis,Supplementary Table 9,supplementary file,TRUE,REUSED,SCAR_ASSOCIATED_MACROPHAGE; exact author metagene list; external only outside GSE136103
RAM2019_MAC_SIG_B_SAM,Ramachandran2019_Nature,scar-associated macrophage metagene B,macrophage_monocyte,MTMR14,UP_IN_STATE,GSE136103,scRNA-seq,mixed nonviral cirrhosis,Supplementary Table 9,supplementary file,TRUE,REUSED,SCAR_ASSOCIATED_MACROPHAGE; exact author metagene list; external only outside GSE136103
RAM2019_MAC_SIG_B_SAM,Ramachandran2019_Nature,scar-associated macrophage metagene B,macrophage_monocyte,CAMK1,UP_IN_STATE,GSE136103,scRNA-seq,mixed nonviral cirrhosis,Supplementary Table 9,supplementary file,TRUE,REUSED,SCAR_ASSOCIATED_MACROPHAGE; exact author metagene list; external only outside GSE136103
RAM2019_MAC_SIG_B_SAM,Ramachandran2019_Nature,scar-associated macrophage metagene B,macrophage_monocyte,TADA3,UP_IN_STATE,GSE136103,scRNA-seq,mixed nonviral cirrhosis,Supplementary Table 9,supplementary file,TRUE,REUSED,SCAR_ASSOCIATED_MACROPHAGE; exact author metagene list; external only outside GSE136103
RAM2019_MAC_SIG_B_SAM,Ramachandran2019_Nature,scar-associated macrophage metagene B,macrophage_monocyte,ARPC4,UP_IN_STATE,GSE136103,scRNA-seq,mixed nonviral cirrhosis,Supplementary Table 9,supplementary file,TRUE,REUSED,SCAR_ASSOCIATED_MACROPHAGE; exact author metagene list; external only outside GSE136103
RAM2019_MAC_SIG_B_SAM,Ramachandran2019_Nature,scar-associated macrophage metagene B,macrophage_monocyte,BRK1,UP_IN_STATE,GSE136103,scRNA-seq,mixed nonviral cirrhosis,Supplementary Table 9,supplementary file,TRUE,REUSED,SCAR_ASSOCIATED_MACROPHAGE; exact author metagene list; external only outside GSE136103
RAM2019_MAC_SIG_B_SAM,Ramachandran2019_Nature,scar-associated macrophage metagene B,macrophage_monocyte,SEC13,UP_IN_STATE,GSE136103,scRNA-seq,mixed nonviral cirrhosis,Supplementary Table 9,supplementary file,TRUE,REUSED,SCAR_ASSOCIATED_MACROPHAGE; exact author metagene list; external only outside GSE136103
RAM2019_MAC_SIG_B_SAM,Ramachandran2019_Nature,scar-associated macrophage metagene B,macrophage_monocyte,RPL32,UP_IN_STATE,GSE136103,scRNA-seq,mixed nonviral cirrhosis,Supplementary Table 9,supplementary file,TRUE,REUSED,SCAR_ASSOCIATED_MACROPHAGE; exact author metagene list; external only outside GSE136103
RAM2019_MAC_SIG_B_SAM,Ramachandran2019_Nature,scar-associated macrophage metagene B,macrophage_monocyte,LSM3,UP_IN_STATE,GSE136103,scRNA-seq,mixed nonviral cirrhosis,Supplementary Table 9,supplementary file,TRUE,REUSED,SCAR_ASSOCIATED_MACROPHAGE; exact author metagene list; external only outside GSE136103
RAM2019_MAC_SIG_B_SAM,Ramachandran2019_Nature,scar-associated macrophage metagene B,macrophage_monocyte,UBE2E1,UP_IN_STATE,GSE136103,scRNA-seq,mixed nonviral cirrhosis,Supplementary Table 9,supplementary file,TRUE,REUSED,SCAR_ASSOCIATED_MACROPHAGE; exact author metagene list; external only outside GSE136103
RAM2019_MAC_SIG_B_SAM,Ramachandran2019_Nature,scar-associated macrophage metagene B,macrophage_monocyte,RPL15,UP_IN_STATE,GSE136103,scRNA-seq,mixed nonviral cirrhosis,Supplementary Table 9,supplementary file,TRUE,REUSED,SCAR_ASSOCIATED_MACROPHAGE; exact author metagene list; external only outside GSE136103
RAM2019_MAC_SIG_B_SAM,Ramachandran2019_Nature,scar-associated macrophage metagene B,macrophage_monocyte,ACAA1,UP_IN_STATE,GSE136103,scRNA-seq,mixed nonviral cirrhosis,Supplementary Table 9,supplementary file,TRUE,REUSED,SCAR_ASSOCIATED_MACROPHAGE; exact author metagene list; external only outside GSE136103
RAM2019_MAC_SIG_B_SAM,Ramachandran2019_Nature,scar-associated macrophage metagene B,macrophage_monocyte,MYD88,UP_IN_STATE,GSE136103,scRNA-seq,mixed nonviral cirrhosis,Supplementary Table 9,supplementary file,TRUE,REUSED,SCAR_ASSOCIATED_MACROPHAGE; exact author metagene list; external only outside GSE136103
RAM2019_MAC_SIG_B_SAM,Ramachandran2019_Nature,scar-associated macrophage metagene B,macrophage_monocyte,CSRNP1,UP_IN_STATE,GSE136103,scRNA-seq,mixed nonviral cirrhosis,Supplementary Table 9,supplementary file,TRUE,REUSED,SCAR_ASSOCIATED_MACROPHAGE; exact author metagene list; external only outside GSE136103
RAM2019_MAC_SIG_B_SAM,Ramachandran2019_Nature,scar-associated macrophage metagene B,macrophage_monocyte,CX3CR1,UP_IN_STATE,GSE136103,scRNA-seq,mixed nonviral cirrhosis,Supplementary Table 9,supplementary file,TRUE,REUSED,SCAR_ASSOCIATED_MACROPHAGE; exact author metagene list; external only outside GSE136103
RAM2019_MAC_SIG_B_SAM,Ramachandran2019_Nature,scar-associated macrophage metagene B,macrophage_monocyte,RPSA,UP_IN_STATE,GSE136103,scRNA-seq,mixed nonviral cirrhosis,Supplementary Table 9,supplementary file,TRUE,REUSED,SCAR_ASSOCIATED_MACROPHAGE; exact author metagene list; external only outside GSE136103
RAM2019_MAC_SIG_B_SAM,Ramachandran2019_Nature,scar-associated macrophage metagene B,macrophage_monocyte,EIF1B,UP_IN_STATE,GSE136103,scRNA-seq,mixed nonviral cirrhosis,Supplementary Table 9,supplementary file,TRUE,REUSED,SCAR_ASSOCIATED_MACROPHAGE; exact author metagene list; external only outside GSE136103
RAM2019_MAC_SIG_B_SAM,Ramachandran2019_Nature,scar-associated macrophage metagene B,macrophage_monocyte,RPL14,UP_IN_STATE,GSE136103,scRNA-seq,mixed nonviral cirrhosis,Supplementary Table 9,supplementary file,TRUE,REUSED,SCAR_ASSOCIATED_MACROPHAGE; exact author metagene list; external only outside GSE136103
RAM2019_MAC_SIG_B_SAM,Ramachandran2019_Nature,scar-associated macrophage metagene B,macrophage_monocyte,CCDC12,UP_IN_STATE,GSE136103,scRNA-seq,mixed nonviral cirrhosis,Supplementary Table 9,supplementary file,TRUE,REUSED,SCAR_ASSOCIATED_MACROPHAGE; exact author metagene list; external only outside GSE136103
RAM2019_MAC_SIG_B_SAM,Ramachandran2019_Nature,scar-associated macrophage metagene B,macrophage_monocyte,TMA7,UP_IN_STATE,GSE136103,scRNA-seq,mixed nonviral cirrhosis,Supplementary Table 9,supplementary file,TRUE,REUSED,SCAR_ASSOCIATED_MACROPHAGE; exact author metagene list; external only outside GSE136103
RAM2019_MAC_SIG_B_SAM,Ramachandran2019_Nature,scar-associated macrophage metagene B,macrophage_monocyte,QARS,UP_IN_STATE,GSE136103,scRNA-seq,mixed nonviral cirrhosis,Supplementary Table 9,supplementary file,TRUE,REUSED,SCAR_ASSOCIATED_MACROPHAGE; exact author metagene list; external only outside GSE136103
RAM2019_MAC_SIG_B_SAM,Ramachandran2019_Nature,scar-associated macrophage metagene B,macrophage_monocyte,GNAI2,UP_IN_STATE,GSE136103,scRNA-seq,mixed nonviral cirrhosis,Supplementary Table 9,supplementary file,TRUE,REUSED,SCAR_ASSOCIATED_MACROPHAGE; exact author metagene list; external only outside GSE136103
RAM2019_MAC_SIG_B_SAM,Ramachandran2019_Nature,scar-associated macrophage metagene B,macrophage_monocyte,MAPKAPK3,UP_IN_STATE,GSE136103,scRNA-seq,mixed nonviral cirrhosis,Supplementary Table 9,supplementary file,TRUE,REUSED,SCAR_ASSOCIATED_MACROPHAGE; exact author metagene list; external only outside GSE136103
RAM2019_MAC_SIG_B_SAM,Ramachandran2019_Nature,scar-associated macrophage metagene B,macrophage_monocyte,MANF,UP_IN_STATE,GSE136103,scRNA-seq,mixed nonviral cirrhosis,Supplementary Table 9,supplementary file,TRUE,REUSED,SCAR_ASSOCIATED_MACROPHAGE; exact author metagene list; external only outside GSE136103
RAM2019_MAC_SIG_B_SAM,Ramachandran2019_Nature,scar-associated macrophage metagene B,macrophage_monocyte,RPL29,UP_IN_STATE,GSE136103,scRNA-seq,mixed nonviral cirrhosis,Supplementary Table 9,supplementary file,TRUE,REUSED,SCAR_ASSOCIATED_MACROPHAGE; exact author metagene list; external only outside GSE136103
RAM2019_MAC_SIG_B_SAM,Ramachandran2019_Nature,scar-associated macrophage metagene B,macrophage_monocyte,TKT,UP_IN_STATE,GSE136103,scRNA-seq,mixed nonviral cirrhosis,Supplementary Table 9,supplementary file,TRUE,REUSED,SCAR_ASSOCIATED_MACROPHAGE; exact author metagene list; external only outside GSE136103
RAM2019_MAC_SIG_B_SAM,Ramachandran2019_Nature,scar-associated macrophage metagene B,macrophage_monocyte,SELK,UP_IN_STATE,GSE136103,scRNA-seq,mixed nonviral cirrhosis,Supplementary Table 9,supplementary file,TRUE,REUSED,SCAR_ASSOCIATED_MACROPHAGE; exact author metagene list; external only outside GSE136103
RAM2019_MAC_SIG_B_SAM,Ramachandran2019_Nature,scar-associated macrophage metagene B,macrophage_monocyte,CACNA2D3,UP_IN_STATE,GSE136103,scRNA-seq,mixed nonviral cirrhosis,Supplementary Table 9,supplementary file,TRUE,REUSED,SCAR_ASSOCIATED_MACROPHAGE; exact author metagene list; external only outside GSE136103
RAM2019_MAC_SIG_B_SAM,Ramachandran2019_Nature,scar-associated macrophage metagene B,macrophage_monocyte,ARF4,UP_IN_STATE,GSE136103,scRNA-seq,mixed nonviral cirrhosis,Supplementary Table 9,supplementary file,TRUE,REUSED,SCAR_ASSOCIATED_MACROPHAGE; exact author metagene list; external only outside GSE136103
RAM2019_MAC_SIG_B_SAM,Ramachandran2019_Nature,scar-associated macrophage metagene B,macrophage_monocyte,ARL6IP5,UP_IN_STATE,GSE136103,scRNA-seq,mixed nonviral cirrhosis,Supplementary Table 9,supplementary file,TRUE,REUSED,SCAR_ASSOCIATED_MACROPHAGE; exact author metagene list; external only outside GSE136103
RAM2019_MAC_SIG_B_SAM,Ramachandran2019_Nature,scar-associated macrophage metagene B,macrophage_monocyte,RPL24,UP_IN_STATE,GSE136103,scRNA-seq,mixed nonviral cirrhosis,Supplementary Table 9,supplementary file,TRUE,REUSED,SCAR_ASSOCIATED_MACROPHAGE; exact author metagene list; external only outside GSE136103
RAM2019_MAC_SIG_B_SAM,Ramachandran2019_Nature,scar-associated macrophage metagene B,macrophage_monocyte,CD47,UP_IN_STATE,GSE136103,scRNA-seq,mixed nonviral cirrhosis,Supplementary Table 9,supplementary file,TRUE,REUSED,SCAR_ASSOCIATED_MACROPHAGE; exact author metagene list; external only outside GSE136103
RAM2019_MAC_SIG_B_SAM,Ramachandran2019_Nature,scar-associated macrophage metagene B,macrophage_monocyte,HCLS1,UP_IN_STATE,GSE136103,scRNA-seq,mixed nonviral cirrhosis,Supplementary Table 9,supplementary file,TRUE,REUSED,SCAR_ASSOCIATED_MACROPHAGE; exact author metagene list; external only outside GSE136103
RAM2019_MAC_SIG_B_SAM,Ramachandran2019_Nature,scar-associated macrophage metagene B,macrophage_monocyte,CD86,UP_IN_STATE,GSE136103,scRNA-seq,mixed nonviral cirrhosis,Supplementary Table 9,supplementary file,TRUE,REUSED,SCAR_ASSOCIATED_MACROPHAGE; exact author metagene list; external only outside GSE136103
RAM2019_MAC_SIG_B_SAM,Ramachandran2019_Nature,scar-associated macrophage metagene B,macrophage_monocyte,CSTA,UP_IN_STATE,GSE136103,scRNA-seq,mixed nonviral cirrhosis,Supplementary Table 9,supplementary file,TRUE,REUSED,SCAR_ASSOCIATED_MACROPHAGE; exact author metagene list; external only outside GSE136103
RAM2019_MAC_SIG_B_SAM,Ramachandran2019_Nature,scar-associated macrophage metagene B,macrophage_monocyte,RAB7A,UP_IN_STATE,GSE136103,scRNA-seq,mixed nonviral cirrhosis,Supplementary Table 9,supplementary file,TRUE,REUSED,SCAR_ASSOCIATED_MACROPHAGE; exact author metagene list; external only outside GSE136103
RAM2019_MAC_SIG_B_SAM,Ramachandran2019_Nature,scar-associated macrophage metagene B,macrophage_monocyte,H1FX,UP_IN_STATE,GSE136103,scRNA-seq,mixed nonviral cirrhosis,Supplementary Table 9,supplementary file,TRUE,REUSED,SCAR_ASSOCIATED_MACROPHAGE; exact author metagene list; external only outside GSE136103
RAM2019_MAC_SIG_B_SAM,Ramachandran2019_Nature,scar-associated macrophage metagene B,macrophage_monocyte,ATP1B3,UP_IN_STATE,GSE136103,scRNA-seq,mixed nonviral cirrhosis,Supplementary Table 9,supplementary file,TRUE,REUSED,SCAR_ASSOCIATED_MACROPHAGE; exact author metagene list; external only outside GSE136103
RAM2019_MAC_SIG_B_SAM,Ramachandran2019_Nature,scar-associated macrophage metagene B,macrophage_monocyte,PLSCR1,UP_IN_STATE,GSE136103,scRNA-seq,mixed nonviral cirrhosis,Supplementary Table 9,supplementary file,TRUE,REUSED,SCAR_ASSOCIATED_MACROPHAGE; exact author metagene list; external only outside GSE136103
RAM2019_MAC_SIG_B_SAM,Ramachandran2019_Nature,scar-associated macrophage metagene B,macrophage_monocyte,SERP1,UP_IN_STATE,GSE136103,scRNA-seq,mixed nonviral cirrhosis,Supplementary Table 9,supplementary file,TRUE,REUSED,SCAR_ASSOCIATED_MACROPHAGE; exact author metagene list; external only outside GSE136103
RAM2019_MAC_SIG_B_SAM,Ramachandran2019_Nature,scar-associated macrophage metagene B,macrophage_monocyte,EIF2A,UP_IN_STATE,GSE136103,scRNA-seq,mixed nonviral cirrhosis,Supplementary Table 9,supplementary file,TRUE,REUSED,SCAR_ASSOCIATED_MACROPHAGE; exact author metagene list; external only outside GSE136103
RAM2019_MAC_SIG_B_SAM,Ramachandran2019_Nature,scar-associated macrophage metagene B,macrophage_monocyte,SELT,UP_IN_STATE,GSE136103,scRNA-seq,mixed nonviral cirrhosis,Supplementary Table 9,supplementary file,TRUE,REUSED,SCAR_ASSOCIATED_MACROPHAGE; exact author metagene list; external only outside GSE136103
RAM2019_MAC_SIG_B_SAM,Ramachandran2019_Nature,scar-associated macrophage metagene B,macrophage_monocyte,SSR3,UP_IN_STATE,GSE136103,scRNA-seq,mixed nonviral cirrhosis,Supplementary Table 9,supplementary file,TRUE,REUSED,SCAR_ASSOCIATED_MACROPHAGE; exact author metagene list; external only outside GSE136103
RAM2019_MAC_SIG_B_SAM,Ramachandran2019_Nature,scar-associated macrophage metagene B,macrophage_monocyte,NDUFB5,UP_IN_STATE,GSE136103,scRNA-seq,mixed nonviral cirrhosis,Supplementary Table 9,supplementary file,TRUE,REUSED,SCAR_ASSOCIATED_MACROPHAGE; exact author metagene list; external only outside GSE136103
RAM2019_MAC_SIG_B_SAM,Ramachandran2019_Nature,scar-associated macrophage metagene B,macrophage_monocyte,TRA2B,UP_IN_STATE,GSE136103,scRNA-seq,mixed nonviral cirrhosis,Supplementary Table 9,supplementary file,TRUE,REUSED,SCAR_ASSOCIATED_MACROPHAGE; exact author metagene list; external only outside GSE136103
RAM2019_MAC_SIG_B_SAM,Ramachandran2019_Nature,scar-associated macrophage metagene B,macrophage_monocyte,EIF4A2,UP_IN_STATE,GSE136103,scRNA-seq,mixed nonviral cirrhosis,Supplementary Table 9,supplementary file,TRUE,REUSED,SCAR_ASSOCIATED_MACROPHAGE; exact author metagene list; external only outside GSE136103
RAM2019_MAC_SIG_B_SAM,Ramachandran2019_Nature,scar-associated macrophage metagene B,macrophage_monocyte,PAK2,UP_IN_STATE,GSE136103,scRNA-seq,mixed nonviral cirrhosis,Supplementary Table 9,supplementary file,TRUE,REUSED,SCAR_ASSOCIATED_MACROPHAGE; exact author metagene list; external only outside GSE136103
RAM2019_MAC_SIG_B_SAM,Ramachandran2019_Nature,scar-associated macrophage metagene B,macrophage_monocyte,RPL35A,UP_IN_STATE,GSE136103,scRNA-seq,mixed nonviral cirrhosis,Supplementary Table 9,supplementary file,TRUE,REUSED,SCAR_ASSOCIATED_MACROPHAGE; exact author metagene list; external only outside GSE136103
RAM2019_MAC_SIG_B_SAM,Ramachandran2019_Nature,scar-associated macrophage metagene B,macrophage_monocyte,ATP5I,UP_IN_STATE,GSE136103,scRNA-seq,mixed nonviral cirrhosis,Supplementary Table 9,supplementary file,TRUE,REUSED,SCAR_ASSOCIATED_MACROPHAGE; exact author metagene list; external only outside GSE136103
RAM2019_MAC_SIG_B_SAM,Ramachandran2019_Nature,scar-associated macrophage metagene B,macrophage_monocyte,LRPAP1,UP_IN_STATE,GSE136103,scRNA-seq,mixed nonviral cirrhosis,Supplementary Table 9,supplementary file,TRUE,REUSED,SCAR_ASSOCIATED_MACROPHAGE; exact author metagene list; external only outside GSE136103
RAM2019_MAC_SIG_B_SAM,Ramachandran2019_Nature,scar-associated macrophage metagene B,macrophage_monocyte,MRFAP1,UP_IN_STATE,GSE136103,scRNA-seq,mixed nonviral cirrhosis,Supplementary Table 9,supplementary file,TRUE,REUSED,SCAR_ASSOCIATED_MACROPHAGE; exact author metagene list; external only outside GSE136103
RAM2019_MAC_SIG_B_SAM,Ramachandran2019_Nature,scar-associated macrophage metagene B,macrophage_monocyte,LAP3,UP_IN_STATE,GSE136103,scRNA-seq,mixed nonviral cirrhosis,Supplementary Table 9,supplementary file,TRUE,REUSED,SCAR_ASSOCIATED_MACROPHAGE; exact author metagene list; external only outside GSE136103
RAM2019_MAC_SIG_B_SAM,Ramachandran2019_Nature,scar-associated macrophage metagene B,macrophage_monocyte,MED28,UP_IN_STATE,GSE136103,scRNA-seq,mixed nonviral cirrhosis,Supplementary Table 9,supplementary file,TRUE,REUSED,SCAR_ASSOCIATED_MACROPHAGE; exact author metagene list; external only outside GSE136103
RAM2019_MAC_SIG_B_SAM,Ramachandran2019_Nature,scar-associated macrophage metagene B,macrophage_monocyte,KLF3,UP_IN_STATE,GSE136103,scRNA-seq,mixed nonviral cirrhosis,Supplementary Table 9,supplementary file,TRUE,REUSED,SCAR_ASSOCIATED_MACROPHAGE; exact author metagene list; external only outside GSE136103
RAM2019_MAC_SIG_B_SAM,Ramachandran2019_Nature,scar-associated macrophage metagene B,macrophage_monocyte,RPL9,UP_IN_STATE,GSE136103,scRNA-seq,mixed nonviral cirrhosis,Supplementary Table 9,supplementary file,TRUE,REUSED,SCAR_ASSOCIATED_MACROPHAGE; exact author metagene list; external only outside GSE136103
RAM2019_MAC_SIG_B_SAM,Ramachandran2019_Nature,scar-associated macrophage metagene B,macrophage_monocyte,OCIAD1,UP_IN_STATE,GSE136103,scRNA-seq,mixed nonviral cirrhosis,Supplementary Table 9,supplementary file,TRUE,REUSED,SCAR_ASSOCIATED_MACROPHAGE; exact author metagene list; external only outside GSE136103
RAM2019_MAC_SIG_B_SAM,Ramachandran2019_Nature,scar-associated macrophage metagene B,macrophage_monocyte,TMEM165,UP_IN_STATE,GSE136103,scRNA-seq,mixed nonviral cirrhosis,Supplementary Table 9,supplementary file,TRUE,REUSED,SCAR_ASSOCIATED_MACROPHAGE; exact author metagene list; external only outside GSE136103
RAM2019_MAC_SIG_B_SAM,Ramachandran2019_Nature,scar-associated macrophage metagene B,macrophage_monocyte,JCHAIN,UP_IN_STATE,GSE136103,scRNA-seq,mixed nonviral cirrhosis,Supplementary Table 9,supplementary file,TRUE,REUSED,SCAR_ASSOCIATED_MACROPHAGE; exact author metagene list; external only outside GSE136103
RAM2019_MAC_SIG_B_SAM,Ramachandran2019_Nature,scar-associated macrophage metagene B,macrophage_monocyte,AREG,UP_IN_STATE,GSE136103,scRNA-seq,mixed nonviral cirrhosis,Supplementary Table 9,supplementary file,TRUE,REUSED,SCAR_ASSOCIATED_MACROPHAGE; exact author metagene list; external only outside GSE136103
RAM2019_MAC_SIG_B_SAM,Ramachandran2019_Nature,scar-associated macrophage metagene B,macrophage_monocyte,CCNI,UP_IN_STATE,GSE136103,scRNA-seq,mixed nonviral cirrhosis,Supplementary Table 9,supplementary file,TRUE,REUSED,SCAR_ASSOCIATED_MACROPHAGE; exact author metagene list; external only outside GSE136103
RAM2019_MAC_SIG_B_SAM,Ramachandran2019_Nature,scar-associated macrophage metagene B,macrophage_monocyte,GPAT3,UP_IN_STATE,GSE136103,scRNA-seq,mixed nonviral cirrhosis,Supplementary Table 9,supplementary file,TRUE,REUSED,SCAR_ASSOCIATED_MACROPHAGE; exact author metagene list; external only outside GSE136103
RAM2019_MAC_SIG_B_SAM,Ramachandran2019_Nature,scar-associated macrophage metagene B,macrophage_monocyte,HSD17B11,UP_IN_STATE,GSE136103,scRNA-seq,mixed nonviral cirrhosis,Supplementary Table 9,supplementary file,TRUE,REUSED,SCAR_ASSOCIATED_MACROPHAGE; exact author metagene list; external only outside GSE136103
RAM2019_MAC_SIG_B_SAM,Ramachandran2019_Nature,scar-associated macrophage metagene B,macrophage_monocyte,UBE2D3,UP_IN_STATE,GSE136103,scRNA-seq,mixed nonviral cirrhosis,Supplementary Table 9,supplementary file,TRUE,REUSED,SCAR_ASSOCIATED_MACROPHAGE; exact author metagene list; external only outside GSE136103
RAM2019_MAC_SIG_B_SAM,Ramachandran2019_Nature,scar-associated macrophage metagene B,macrophage_monocyte,CCDC109B,UP_IN_STATE,GSE136103,scRNA-seq,mixed nonviral cirrhosis,Supplementary Table 9,supplementary file,TRUE,REUSED,SCAR_ASSOCIATED_MACROPHAGE; exact author metagene list; external only outside GSE136103
RAM2019_MAC_SIG_B_SAM,Ramachandran2019_Nature,scar-associated macrophage metagene B,macrophage_monocyte,LARP7,UP_IN_STATE,GSE136103,scRNA-seq,mixed nonviral cirrhosis,Supplementary Table 9,supplementary file,TRUE,REUSED,SCAR_ASSOCIATED_MACROPHAGE; exact author metagene list; external only outside GSE136103
RAM2019_MAC_SIG_B_SAM,Ramachandran2019_Nature,scar-associated macrophage metagene B,macrophage_monocyte,SNHG8,UP_IN_STATE,GSE136103,scRNA-seq,mixed nonviral cirrhosis,Supplementary Table 9,supplementary file,TRUE,REUSED,SCAR_ASSOCIATED_MACROPHAGE; exact author metagene list; external only outside GSE136103
RAM2019_MAC_SIG_B_SAM,Ramachandran2019_Nature,scar-associated macrophage metagene B,macrophage_monocyte,ANXA5,UP_IN_STATE,GSE136103,scRNA-seq,mixed nonviral cirrhosis,Supplementary Table 9,supplementary file,TRUE,REUSED,SCAR_ASSOCIATED_MACROPHAGE; exact author metagene list; external only outside GSE136103
RAM2019_MAC_SIG_B_SAM,Ramachandran2019_Nature,scar-associated macrophage metagene B,macrophage_monocyte,MGST2,UP_IN_STATE,GSE136103,scRNA-seq,mixed nonviral cirrhosis,Supplementary Table 9,supplementary file,TRUE,REUSED,SCAR_ASSOCIATED_MACROPHAGE; exact author metagene list; external only outside GSE136103
RAM2019_MAC_SIG_B_SAM,Ramachandran2019_Nature,scar-associated macrophage metagene B,macrophage_monocyte,LSM6,UP_IN_STATE,GSE136103,scRNA-seq,mixed nonviral cirrhosis,Supplementary Table 9,supplementary file,TRUE,REUSED,SCAR_ASSOCIATED_MACROPHAGE; exact author metagene list; external only outside GSE136103
RAM2019_MAC_SIG_B_SAM,Ramachandran2019_Nature,scar-associated macrophage metagene B,macrophage_monocyte,PRMT9,UP_IN_STATE,GSE136103,scRNA-seq,mixed nonviral cirrhosis,Supplementary Table 9,supplementary file,TRUE,REUSED,SCAR_ASSOCIATED_MACROPHAGE; exact author metagene list; external only outside GSE136103
RAM2019_MAC_SIG_B_SAM,Ramachandran2019_Nature,scar-associated macrophage metagene B,macrophage_monocyte,RPS3A,UP_IN_STATE,GSE136103,scRNA-seq,mixed nonviral cirrhosis,Supplementary Table 9,supplementary file,TRUE,REUSED,SCAR_ASSOCIATED_MACROPHAGE; exact author metagene list; external only outside GSE136103
RAM2019_MAC_SIG_B_SAM,Ramachandran2019_Nature,scar-associated macrophage metagene B,macrophage_monocyte,HMGB2,UP_IN_STATE,GSE136103,scRNA-seq,mixed nonviral cirrhosis,Supplementary Table 9,supplementary file,TRUE,REUSED,SCAR_ASSOCIATED_MACROPHAGE; exact author metagene list; external only outside GSE136103
RAM2019_MAC_SIG_B_SAM,Ramachandran2019_Nature,scar-associated macrophage metagene B,macrophage_monocyte,SPCS3,UP_IN_STATE,GSE136103,scRNA-seq,mixed nonviral cirrhosis,Supplementary Table 9,supplementary file,TRUE,REUSED,SCAR_ASSOCIATED_MACROPHAGE; exact author metagene list; external only outside GSE136103
RAM2019_MAC_SIG_B_SAM,Ramachandran2019_Nature,scar-associated macrophage metagene B,macrophage_monocyte,NIPBL,UP_IN_STATE,GSE136103,scRNA-seq,mixed nonviral cirrhosis,Supplementary Table 9,supplementary file,TRUE,REUSED,SCAR_ASSOCIATED_MACROPHAGE; exact author metagene list; external only outside GSE136103
RAM2019_MAC_SIG_B_SAM,Ramachandran2019_Nature,scar-associated macrophage metagene B,macrophage_monocyte,FYB,UP_IN_STATE,GSE136103,scRNA-seq,mixed nonviral cirrhosis,Supplementary Table 9,supplementary file,TRUE,REUSED,SCAR_ASSOCIATED_MACROPHAGE; exact author metagene list; external only outside GSE136103
RAM2019_MAC_SIG_B_SAM,Ramachandran2019_Nature,scar-associated macrophage metagene B,macrophage_monocyte,RPL37,UP_IN_STATE,GSE136103,scRNA-seq,mixed nonviral cirrhosis,Supplementary Table 9,supplementary file,TRUE,REUSED,SCAR_ASSOCIATED_MACROPHAGE; exact author metagene list; external only outside GSE136103
RAM2019_MAC_SIG_B_SAM,Ramachandran2019_Nature,scar-associated macrophage metagene B,macrophage_monocyte,GAPT,UP_IN_STATE,GSE136103,scRNA-seq,mixed nonviral cirrhosis,Supplementary Table 9,supplementary file,TRUE,REUSED,SCAR_ASSOCIATED_MACROPHAGE; exact author metagene list; external only outside GSE136103
RAM2019_MAC_SIG_B_SAM,Ramachandran2019_Nature,scar-associated macrophage metagene B,macrophage_monocyte,BTF3,UP_IN_STATE,GSE136103,scRNA-seq,mixed nonviral cirrhosis,Supplementary Table 9,supplementary file,TRUE,REUSED,SCAR_ASSOCIATED_MACROPHAGE; exact author metagene list; external only outside GSE136103
RAM2019_MAC_SIG_B_SAM,Ramachandran2019_Nature,scar-associated macrophage metagene B,macrophage_monocyte,HEXB,UP_IN_STATE,GSE136103,scRNA-seq,mixed nonviral cirrhosis,Supplementary Table 9,supplementary file,TRUE,REUSED,SCAR_ASSOCIATED_MACROPHAGE; exact author metagene list; external only outside GSE136103
RAM2019_MAC_SIG_B_SAM,Ramachandran2019_Nature,scar-associated macrophage metagene B,macrophage_monocyte,RPS23,UP_IN_STATE,GSE136103,scRNA-seq,mixed nonviral cirrhosis,Supplementary Table 9,supplementary file,TRUE,REUSED,SCAR_ASSOCIATED_MACROPHAGE; exact author metagene list; external only outside GSE136103
RAM2019_MAC_SIG_B_SAM,Ramachandran2019_Nature,scar-associated macrophage metagene B,macrophage_monocyte,TMEM167A,UP_IN_STATE,GSE136103,scRNA-seq,mixed nonviral cirrhosis,Supplementary Table 9,supplementary file,TRUE,REUSED,SCAR_ASSOCIATED_MACROPHAGE; exact author metagene list; external only outside GSE136103
RAM2019_MAC_SIG_B_SAM,Ramachandran2019_Nature,scar-associated macrophage metagene B,macrophage_monocyte,COX7C,UP_IN_STATE,GSE136103,scRNA-seq,mixed nonviral cirrhosis,Supplementary Table 9,supplementary file,TRUE,REUSED,SCAR_ASSOCIATED_MACROPHAGE; exact author metagene list; external only outside GSE136103
RAM2019_MAC_SIG_B_SAM,Ramachandran2019_Nature,scar-associated macrophage metagene B,macrophage_monocyte,CCNH,UP_IN_STATE,GSE136103,scRNA-seq,mixed nonviral cirrhosis,Supplementary Table 9,supplementary file,TRUE,REUSED,SCAR_ASSOCIATED_MACROPHAGE; exact author metagene list; external only outside GSE136103
RAM2019_MAC_SIG_B_SAM,Ramachandran2019_Nature,scar-associated macrophage metagene B,macrophage_monocyte,MEF2C,UP_IN_STATE,GSE136103,scRNA-seq,mixed nonviral cirrhosis,Supplementary Table 9,supplementary file,TRUE,REUSED,SCAR_ASSOCIATED_MACROPHAGE; exact author metagene list; external only outside GSE136103
RAM2019_MAC_SIG_B_SAM,Ramachandran2019_Nature,scar-associated macrophage metagene B,macrophage_monocyte,GLRX,UP_IN_STATE,GSE136103,scRNA-seq,mixed nonviral cirrhosis,Supplementary Table 9,supplementary file,TRUE,REUSED,SCAR_ASSOCIATED_MACROPHAGE; exact author metagene list; external only outside GSE136103
RAM2019_MAC_SIG_B_SAM,Ramachandran2019_Nature,scar-associated macrophage metagene B,macrophage_monocyte,CAST,UP_IN_STATE,GSE136103,scRNA-seq,mixed nonviral cirrhosis,Supplementary Table 9,supplementary file,TRUE,REUSED,SCAR_ASSOCIATED_MACROPHAGE; exact author metagene list; external only outside GSE136103
RAM2019_MAC_SIG_B_SAM,Ramachandran2019_Nature,scar-associated macrophage metagene B,macrophage_monocyte,CHD1,UP_IN_STATE,GSE136103,scRNA-seq,mixed nonviral cirrhosis,Supplementary Table 9,supplementary file,TRUE,REUSED,SCAR_ASSOCIATED_MACROPHAGE; exact author metagene list; external only outside GSE136103
RAM2019_MAC_SIG_B_SAM,Ramachandran2019_Nature,scar-associated macrophage metagene B,macrophage_monocyte,REEP5,UP_IN_STATE,GSE136103,scRNA-seq,mixed nonviral cirrhosis,Supplementary Table 9,supplementary file,TRUE,REUSED,SCAR_ASSOCIATED_MACROPHAGE; exact author metagene list; external only outside GSE136103
RAM2019_MAC_SIG_B_SAM,Ramachandran2019_Nature,scar-associated macrophage metagene B,macrophage_monocyte,SNX2,UP_IN_STATE,GSE136103,scRNA-seq,mixed nonviral cirrhosis,Supplementary Table 9,supplementary file,TRUE,REUSED,SCAR_ASSOCIATED_MACROPHAGE; exact author metagene list; external only outside GSE136103
RAM2019_MAC_SIG_B_SAM,Ramachandran2019_Nature,scar-associated macrophage metagene B,macrophage_monocyte,IRF1,UP_IN_STATE,GSE136103,scRNA-seq,mixed nonviral cirrhosis,Supplementary Table 9,supplementary file,TRUE,REUSED,SCAR_ASSOCIATED_MACROPHAGE; exact author metagene list; external only outside GSE136103
RAM2019_MAC_SIG_B_SAM,Ramachandran2019_Nature,scar-associated macrophage metagene B,macrophage_monocyte,UBE2B,UP_IN_STATE,GSE136103,scRNA-seq,mixed nonviral cirrhosis,Supplementary Table 9,supplementary file,TRUE,REUSED,SCAR_ASSOCIATED_MACROPHAGE; exact author metagene list; external only outside GSE136103
RAM2019_MAC_SIG_B_SAM,Ramachandran2019_Nature,scar-associated macrophage metagene B,macrophage_monocyte,DDX46,UP_IN_STATE,GSE136103,scRNA-seq,mixed nonviral cirrhosis,Supplementary Table 9,supplementary file,TRUE,REUSED,SCAR_ASSOCIATED_MACROPHAGE; exact author metagene list; external only outside GSE136103
RAM2019_MAC_SIG_B_SAM,Ramachandran2019_Nature,scar-associated macrophage metagene B,macrophage_monocyte,FAM53C,UP_IN_STATE,GSE136103,scRNA-seq,mixed nonviral cirrhosis,Supplementary Table 9,supplementary file,TRUE,REUSED,SCAR_ASSOCIATED_MACROPHAGE; exact author metagene list; external only outside GSE136103
RAM2019_MAC_SIG_B_SAM,Ramachandran2019_Nature,scar-associated macrophage metagene B,macrophage_monocyte,HSPA9,UP_IN_STATE,GSE136103,scRNA-seq,mixed nonviral cirrhosis,Supplementary Table 9,supplementary file,TRUE,REUSED,SCAR_ASSOCIATED_MACROPHAGE; exact author metagene list; external only outside GSE136103
RAM2019_MAC_SIG_B_SAM,Ramachandran2019_Nature,scar-associated macrophage metagene B,macrophage_monocyte,TMEM173,UP_IN_STATE,GSE136103,scRNA-seq,mixed nonviral cirrhosis,Supplementary Table 9,supplementary file,TRUE,REUSED,SCAR_ASSOCIATED_MACROPHAGE; exact author metagene list; external only outside GSE136103
RAM2019_MAC_SIG_B_SAM,Ramachandran2019_Nature,scar-associated macrophage metagene B,macrophage_monocyte,HBEGF,UP_IN_STATE,GSE136103,scRNA-seq,mixed nonviral cirrhosis,Supplementary Table 9,supplementary file,TRUE,REUSED,SCAR_ASSOCIATED_MACROPHAGE; exact author metagene list; external only outside GSE136103
RAM2019_MAC_SIG_B_SAM,Ramachandran2019_Nature,scar-associated macrophage metagene B,macrophage_monocyte,SRA1,UP_IN_STATE,GSE136103,scRNA-seq,mixed nonviral cirrhosis,Supplementary Table 9,supplementary file,TRUE,REUSED,SCAR_ASSOCIATED_MACROPHAGE; exact author metagene list; external only outside GSE136103
RAM2019_MAC_SIG_B_SAM,Ramachandran2019_Nature,scar-associated macrophage metagene B,macrophage_monocyte,TCOF1,UP_IN_STATE,GSE136103,scRNA-seq,mixed nonviral cirrhosis,Supplementary Table 9,supplementary file,TRUE,REUSED,SCAR_ASSOCIATED_MACROPHAGE; exact author metagene list; external only outside GSE136103
RAM2019_MAC_SIG_B_SAM,Ramachandran2019_Nature,scar-associated macrophage metagene B,macrophage_monocyte,RPS14,UP_IN_STATE,GSE136103,scRNA-seq,mixed nonviral cirrhosis,Supplementary Table 9,supplementary file,TRUE,REUSED,SCAR_ASSOCIATED_MACROPHAGE; exact author metagene list; external only outside GSE136103
RAM2019_MAC_SIG_B_SAM,Ramachandran2019_Nature,scar-associated macrophage metagene B,macrophage_monocyte,ANXA6,UP_IN_STATE,GSE136103,scRNA-seq,mixed nonviral cirrhosis,Supplementary Table 9,supplementary file,TRUE,REUSED,SCAR_ASSOCIATED_MACROPHAGE; exact author metagene list; external only outside GSE136103
RAM2019_MAC_SIG_B_SAM,Ramachandran2019_Nature,scar-associated macrophage metagene B,macrophage_monocyte,DUSP1,UP_IN_STATE,GSE136103,scRNA-seq,mixed nonviral cirrhosis,Supplementary Table 9,supplementary file,TRUE,REUSED,SCAR_ASSOCIATED_MACROPHAGE; exact author metagene list; external only outside GSE136103
RAM2019_MAC_SIG_B_SAM,Ramachandran2019_Nature,scar-associated macrophage metagene B,macrophage_monocyte,ATP6V0E1,UP_IN_STATE,GSE136103,scRNA-seq,mixed nonviral cirrhosis,Supplementary Table 9,supplementary file,TRUE,REUSED,SCAR_ASSOCIATED_MACROPHAGE; exact author metagene list; external only outside GSE136103
RAM2019_MAC_SIG_B_SAM,Ramachandran2019_Nature,scar-associated macrophage metagene B,macrophage_monocyte,HIGD2A,UP_IN_STATE,GSE136103,scRNA-seq,mixed nonviral cirrhosis,Supplementary Table 9,supplementary file,TRUE,REUSED,SCAR_ASSOCIATED_MACROPHAGE; exact author metagene list; external only outside GSE136103
RAM2019_MAC_SIG_B_SAM,Ramachandran2019_Nature,scar-associated macrophage metagene B,macrophage_monocyte,PRELID1,UP_IN_STATE,GSE136103,scRNA-seq,mixed nonviral cirrhosis,Supplementary Table 9,supplementary file,TRUE,REUSED,SCAR_ASSOCIATED_MACROPHAGE; exact author metagene list; external only outside GSE136103
RAM2019_MAC_SIG_B_SAM,Ramachandran2019_Nature,scar-associated macrophage metagene B,macrophage_monocyte,RNF130,UP_IN_STATE,GSE136103,scRNA-seq,mixed nonviral cirrhosis,Supplementary Table 9,supplementary file,TRUE,REUSED,SCAR_ASSOCIATED_MACROPHAGE; exact author metagene list; external only outside GSE136103
RAM2019_MAC_SIG_B_SAM,Ramachandran2019_Nature,scar-associated macrophage metagene B,macrophage_monocyte,MGAT1,UP_IN_STATE,GSE136103,scRNA-seq,mixed nonviral cirrhosis,Supplementary Table 9,supplementary file,TRUE,REUSED,SCAR_ASSOCIATED_MACROPHAGE; exact author metagene list; external only outside GSE136103
RAM2019_MAC_SIG_B_SAM,Ramachandran2019_Nature,scar-associated macrophage metagene B,macrophage_monocyte,GNB2L1,UP_IN_STATE,GSE136103,scRNA-seq,mixed nonviral cirrhosis,Supplementary Table 9,supplementary file,TRUE,REUSED,SCAR_ASSOCIATED_MACROPHAGE; exact author metagene list; external only outside GSE136103
RAM2019_MAC_SIG_B_SAM,Ramachandran2019_Nature,scar-associated macrophage metagene B,macrophage_monocyte,SERPINB1,UP_IN_STATE,GSE136103,scRNA-seq,mixed nonviral cirrhosis,Supplementary Table 9,supplementary file,TRUE,REUSED,SCAR_ASSOCIATED_MACROPHAGE; exact author metagene list; external only outside GSE136103
RAM2019_MAC_SIG_B_SAM,Ramachandran2019_Nature,scar-associated macrophage metagene B,macrophage_monocyte,F13A1,UP_IN_STATE,GSE136103,scRNA-seq,mixed nonviral cirrhosis,Supplementary Table 9,supplementary file,TRUE,REUSED,SCAR_ASSOCIATED_MACROPHAGE; exact author metagene list; external only outside GSE136103
RAM2019_MAC_SIG_B_SAM,Ramachandran2019_Nature,scar-associated macrophage metagene B,macrophage_monocyte,EEF1E1,UP_IN_STATE,GSE136103,scRNA-seq,mixed nonviral cirrhosis,Supplementary Table 9,supplementary file,TRUE,REUSED,SCAR_ASSOCIATED_MACROPHAGE; exact author metagene list; external only outside GSE136103
RAM2019_MAC_SIG_B_SAM,Ramachandran2019_Nature,scar-associated macrophage metagene B,macrophage_monocyte,TMEM14C,UP_IN_STATE,GSE136103,scRNA-seq,mixed nonviral cirrhosis,Supplementary Table 9,supplementary file,TRUE,REUSED,SCAR_ASSOCIATED_MACROPHAGE; exact author metagene list; external only outside GSE136103
RAM2019_MAC_SIG_B_SAM,Ramachandran2019_Nature,scar-associated macrophage metagene B,macrophage_monocyte,PHACTR1,UP_IN_STATE,GSE136103,scRNA-seq,mixed nonviral cirrhosis,Supplementary Table 9,supplementary file,TRUE,REUSED,SCAR_ASSOCIATED_MACROPHAGE; exact author metagene list; external only outside GSE136103
RAM2019_MAC_SIG_B_SAM,Ramachandran2019_Nature,scar-associated macrophage metagene B,macrophage_monocyte,CD83,UP_IN_STATE,GSE136103,scRNA-seq,mixed nonviral cirrhosis,Supplementary Table 9,supplementary file,TRUE,REUSED,SCAR_ASSOCIATED_MACROPHAGE; exact author metagene list; external only outside GSE136103
RAM2019_MAC_SIG_B_SAM,Ramachandran2019_Nature,scar-associated macrophage metagene B,macrophage_monocyte,SOX4,UP_IN_STATE,GSE136103,scRNA-seq,mixed nonviral cirrhosis,Supplementary Table 9,supplementary file,TRUE,REUSED,SCAR_ASSOCIATED_MACROPHAGE; exact author metagene list; external only outside GSE136103
RAM2019_MAC_SIG_B_SAM,Ramachandran2019_Nature,scar-associated macrophage metagene B,macrophage_monocyte,HLA-F,UP_IN_STATE,GSE136103,scRNA-seq,mixed nonviral cirrhosis,Supplementary Table 9,supplementary file,TRUE,REUSED,SCAR_ASSOCIATED_MACROPHAGE; exact author metagene list; external only outside GSE136103
RAM2019_MAC_SIG_B_SAM,Ramachandran2019_Nature,scar-associated macrophage metagene B,macrophage_monocyte,HLA-A,UP_IN_STATE,GSE136103,scRNA-seq,mixed nonviral cirrhosis,Supplementary Table 9,supplementary file,TRUE,REUSED,SCAR_ASSOCIATED_MACROPHAGE; exact author metagene list; external only outside GSE136103
RAM2019_MAC_SIG_B_SAM,Ramachandran2019_Nature,scar-associated macrophage metagene B,macrophage_monocyte,PPP1R10,UP_IN_STATE,GSE136103,scRNA-seq,mixed nonviral cirrhosis,Supplementary Table 9,supplementary file,TRUE,REUSED,SCAR_ASSOCIATED_MACROPHAGE; exact author metagene list; external only outside GSE136103
RAM2019_MAC_SIG_B_SAM,Ramachandran2019_Nature,scar-associated macrophage metagene B,macrophage_monocyte,TUBB,UP_IN_STATE,GSE136103,scRNA-seq,mixed nonviral cirrhosis,Supplementary Table 9,supplementary file,TRUE,REUSED,SCAR_ASSOCIATED_MACROPHAGE; exact author metagene list; external only outside GSE136103
RAM2019_MAC_SIG_B_SAM,Ramachandran2019_Nature,scar-associated macrophage metagene B,macrophage_monocyte,IER3,UP_IN_STATE,GSE136103,scRNA-seq,mixed nonviral cirrhosis,Supplementary Table 9,supplementary file,TRUE,REUSED,SCAR_ASSOCIATED_MACROPHAGE; exact author metagene list; external only outside GSE136103
RAM2019_MAC_SIG_B_SAM,Ramachandran2019_Nature,scar-associated macrophage metagene B,macrophage_monocyte,HLA-C,UP_IN_STATE,GSE136103,scRNA-seq,mixed nonviral cirrhosis,Supplementary Table 9,supplementary file,TRUE,REUSED,SCAR_ASSOCIATED_MACROPHAGE; exact author metagene list; external only outside GSE136103
RAM2019_MAC_SIG_B_SAM,Ramachandran2019_Nature,scar-associated macrophage metagene B,macrophage_monocyte,HLA-B,UP_IN_STATE,GSE136103,scRNA-seq,mixed nonviral cirrhosis,Supplementary Table 9,supplementary file,TRUE,REUSED,SCAR_ASSOCIATED_MACROPHAGE; exact author metagene list; external only outside GSE136103
RAM2019_MAC_SIG_B_SAM,Ramachandran2019_Nature,scar-associated macrophage metagene B,macrophage_monocyte,LTB,UP_IN_STATE,GSE136103,scRNA-seq,mixed nonviral cirrhosis,Supplementary Table 9,supplementary file,TRUE,REUSED,SCAR_ASSOCIATED_MACROPHAGE; exact author metagene list; external only outside GSE136103
RAM2019_MAC_SIG_B_SAM,Ramachandran2019_Nature,scar-associated macrophage metagene B,macrophage_monocyte,LST1,UP_IN_STATE,GSE136103,scRNA-seq,mixed nonviral cirrhosis,Supplementary Table 9,supplementary file,TRUE,REUSED,SCAR_ASSOCIATED_MACROPHAGE; exact author metagene list; external only outside GSE136103
RAM2019_MAC_SIG_B_SAM,Ramachandran2019_Nature,scar-associated macrophage metagene B,macrophage_monocyte,AIF1,UP_IN_STATE,GSE136103,scRNA-seq,mixed nonviral cirrhosis,Supplementary Table 9,supplementary file,TRUE,REUSED,SCAR_ASSOCIATED_MACROPHAGE; exact author metagene list; external only outside GSE136103
RAM2019_MAC_SIG_B_SAM,Ramachandran2019_Nature,scar-associated macrophage metagene B,macrophage_monocyte,CLIC1,UP_IN_STATE,GSE136103,scRNA-seq,mixed nonviral cirrhosis,Supplementary Table 9,supplementary file,TRUE,REUSED,SCAR_ASSOCIATED_MACROPHAGE; exact author metagene list; external only outside GSE136103
RAM2019_MAC_SIG_B_SAM,Ramachandran2019_Nature,scar-associated macrophage metagene B,macrophage_monocyte,LSM2,UP_IN_STATE,GSE136103,scRNA-seq,mixed nonviral cirrhosis,Supplementary Table 9,supplementary file,TRUE,REUSED,SCAR_ASSOCIATED_MACROPHAGE; exact author metagene list; external only outside GSE136103
RAM2019_MAC_SIG_B_SAM,Ramachandran2019_Nature,scar-associated macrophage metagene B,macrophage_monocyte,C6orf48,UP_IN_STATE,GSE136103,scRNA-seq,mixed nonviral cirrhosis,Supplementary Table 9,supplementary file,TRUE,REUSED,SCAR_ASSOCIATED_MACROPHAGE; exact author metagene list; external only outside GSE136103
RAM2019_MAC_SIG_B_SAM,Ramachandran2019_Nature,scar-associated macrophage metagene B,macrophage_monocyte,GPSM3,UP_IN_STATE,GSE136103,scRNA-seq,mixed nonviral cirrhosis,Supplementary Table 9,supplementary file,TRUE,REUSED,SCAR_ASSOCIATED_MACROPHAGE; exact author metagene list; external only outside GSE136103
RAM2019_MAC_SIG_B_SAM,Ramachandran2019_Nature,scar-associated macrophage metagene B,macrophage_monocyte,HLA-DRA,UP_IN_STATE,GSE136103,scRNA-seq,mixed nonviral cirrhosis,Supplementary Table 9,supplementary file,TRUE,REUSED,SCAR_ASSOCIATED_MACROPHAGE; exact author metagene list; external only outside GSE136103
RAM2019_MAC_SIG_B_SAM,Ramachandran2019_Nature,scar-associated macrophage metagene B,macrophage_monocyte,HLA-DRB5,UP_IN_STATE,GSE136103,scRNA-seq,mixed nonviral cirrhosis,Supplementary Table 9,supplementary file,TRUE,REUSED,SCAR_ASSOCIATED_MACROPHAGE; exact author metagene list; external only outside GSE136103
RAM2019_MAC_SIG_B_SAM,Ramachandran2019_Nature,scar-associated macrophage metagene B,macrophage_monocyte,HLA-DRB1,UP_IN_STATE,GSE136103,scRNA-seq,mixed nonviral cirrhosis,Supplementary Table 9,supplementary file,TRUE,REUSED,SCAR_ASSOCIATED_MACROPHAGE; exact author metagene list; external only outside GSE136103
RAM2019_MAC_SIG_B_SAM,Ramachandran2019_Nature,scar-associated macrophage metagene B,macrophage_monocyte,HLA-DQA2,UP_IN_STATE,GSE136103,scRNA-seq,mixed nonviral cirrhosis,Supplementary Table 9,supplementary file,TRUE,REUSED,SCAR_ASSOCIATED_MACROPHAGE; exact author metagene list; external only outside GSE136103
RAM2019_MAC_SIG_B_SAM,Ramachandran2019_Nature,scar-associated macrophage metagene B,macrophage_monocyte,PSMB8-AS1,UP_IN_STATE,GSE136103,scRNA-seq,mixed nonviral cirrhosis,Supplementary Table 9,supplementary file,TRUE,REUSED,SCAR_ASSOCIATED_MACROPHAGE; exact author metagene list; external only outside GSE136103
RAM2019_MAC_SIG_B_SAM,Ramachandran2019_Nature,scar-associated macrophage metagene B,macrophage_monocyte,HLA-DMB,UP_IN_STATE,GSE136103,scRNA-seq,mixed nonviral cirrhosis,Supplementary Table 9,supplementary file,TRUE,REUSED,SCAR_ASSOCIATED_MACROPHAGE; exact author metagene list; external only outside GSE136103
RAM2019_MAC_SIG_B_SAM,Ramachandran2019_Nature,scar-associated macrophage metagene B,macrophage_monocyte,HLA-DPA1,UP_IN_STATE,GSE136103,scRNA-seq,mixed nonviral cirrhosis,Supplementary Table 9,supplementary file,TRUE,REUSED,SCAR_ASSOCIATED_MACROPHAGE; exact author metagene list; external only outside GSE136103
RAM2019_MAC_SIG_B_SAM,Ramachandran2019_Nature,scar-associated macrophage metagene B,macrophage_monocyte,RPS18,UP_IN_STATE,GSE136103,scRNA-seq,mixed nonviral cirrhosis,Supplementary Table 9,supplementary file,TRUE,REUSED,SCAR_ASSOCIATED_MACROPHAGE; exact author metagene list; external only outside GSE136103
RAM2019_MAC_SIG_B_SAM,Ramachandran2019_Nature,scar-associated macrophage metagene B,macrophage_monocyte,NUDT3,UP_IN_STATE,GSE136103,scRNA-seq,mixed nonviral cirrhosis,Supplementary Table 9,supplementary file,TRUE,REUSED,SCAR_ASSOCIATED_MACROPHAGE; exact author metagene list; external only outside GSE136103
RAM2019_MAC_SIG_B_SAM,Ramachandran2019_Nature,scar-associated macrophage metagene B,macrophage_monocyte,RPS10,UP_IN_STATE,GSE136103,scRNA-seq,mixed nonviral cirrhosis,Supplementary Table 9,supplementary file,TRUE,REUSED,SCAR_ASSOCIATED_MACROPHAGE; exact author metagene list; external only outside GSE136103
RAM2019_MAC_SIG_B_SAM,Ramachandran2019_Nature,scar-associated macrophage metagene B,macrophage_monocyte,DEF6,UP_IN_STATE,GSE136103,scRNA-seq,mixed nonviral cirrhosis,Supplementary Table 9,supplementary file,TRUE,REUSED,SCAR_ASSOCIATED_MACROPHAGE; exact author metagene list; external only outside GSE136103
RAM2019_MAC_SIG_B_SAM,Ramachandran2019_Nature,scar-associated macrophage metagene B,macrophage_monocyte,RPL10A,UP_IN_STATE,GSE136103,scRNA-seq,mixed nonviral cirrhosis,Supplementary Table 9,supplementary file,TRUE,REUSED,SCAR_ASSOCIATED_MACROPHAGE; exact author metagene list; external only outside GSE136103
RAM2019_MAC_SIG_B_SAM,Ramachandran2019_Nature,scar-associated macrophage metagene B,macrophage_monocyte,CDKN1A,UP_IN_STATE,GSE136103,scRNA-seq,mixed nonviral cirrhosis,Supplementary Table 9,supplementary file,TRUE,REUSED,SCAR_ASSOCIATED_MACROPHAGE; exact author metagene list; external only outside GSE136103
RAM2019_MAC_SIG_B_SAM,Ramachandran2019_Nature,scar-associated macrophage metagene B,macrophage_monocyte,CNPY3,UP_IN_STATE,GSE136103,scRNA-seq,mixed nonviral cirrhosis,Supplementary Table 9,supplementary file,TRUE,REUSED,SCAR_ASSOCIATED_MACROPHAGE; exact author metagene list; external only outside GSE136103
RAM2019_MAC_SIG_B_SAM,Ramachandran2019_Nature,scar-associated macrophage metagene B,macrophage_monocyte,KLHDC3,UP_IN_STATE,GSE136103,scRNA-seq,mixed nonviral cirrhosis,Supplementary Table 9,supplementary file,TRUE,REUSED,SCAR_ASSOCIATED_MACROPHAGE; exact author metagene list; external only outside GSE136103
RAM2019_MAC_SIG_B_SAM,Ramachandran2019_Nature,scar-associated macrophage metagene B,macrophage_monocyte,HSP90AB1,UP_IN_STATE,GSE136103,scRNA-seq,mixed nonviral cirrhosis,Supplementary Table 9,supplementary file,TRUE,REUSED,SCAR_ASSOCIATED_MACROPHAGE; exact author metagene list; external only outside GSE136103
RAM2019_MAC_SIG_B_SAM,Ramachandran2019_Nature,scar-associated macrophage metagene B,macrophage_monocyte,OGFRL1,UP_IN_STATE,GSE136103,scRNA-seq,mixed nonviral cirrhosis,Supplementary Table 9,supplementary file,TRUE,REUSED,SCAR_ASSOCIATED_MACROPHAGE; exact author metagene list; external only outside GSE136103
RAM2019_MAC_SIG_B_SAM,Ramachandran2019_Nature,scar-associated macrophage metagene B,macrophage_monocyte,EEF1A1,UP_IN_STATE,GSE136103,scRNA-seq,mixed nonviral cirrhosis,Supplementary Table 9,supplementary file,TRUE,REUSED,SCAR_ASSOCIATED_MACROPHAGE; exact author metagene list; external only outside GSE136103
RAM2019_MAC_SIG_B_SAM,Ramachandran2019_Nature,scar-associated macrophage metagene B,macrophage_monocyte,PNRC1,UP_IN_STATE,GSE136103,scRNA-seq,mixed nonviral cirrhosis,Supplementary Table 9,supplementary file,TRUE,REUSED,SCAR_ASSOCIATED_MACROPHAGE; exact author metagene list; external only outside GSE136103
RAM2019_MAC_SIG_B_SAM,Ramachandran2019_Nature,scar-associated macrophage metagene B,macrophage_monocyte,PNISR,UP_IN_STATE,GSE136103,scRNA-seq,mixed nonviral cirrhosis,Supplementary Table 9,supplementary file,TRUE,REUSED,SCAR_ASSOCIATED_MACROPHAGE; exact author metagene list; external only outside GSE136103
RAM2019_MAC_SIG_B_SAM,Ramachandran2019_Nature,scar-associated macrophage metagene B,macrophage_monocyte,SNX3,UP_IN_STATE,GSE136103,scRNA-seq,mixed nonviral cirrhosis,Supplementary Table 9,supplementary file,TRUE,REUSED,SCAR_ASSOCIATED_MACROPHAGE; exact author metagene list; external only outside GSE136103
RAM2019_MAC_SIG_B_SAM,Ramachandran2019_Nature,scar-associated macrophage metagene B,macrophage_monocyte,FAM26F,UP_IN_STATE,GSE136103,scRNA-seq,mixed nonviral cirrhosis,Supplementary Table 9,supplementary file,TRUE,REUSED,SCAR_ASSOCIATED_MACROPHAGE; exact author metagene list; external only outside GSE136103
RAM2019_MAC_SIG_B_SAM,Ramachandran2019_Nature,scar-associated macrophage metagene B,macrophage_monocyte,STX7,UP_IN_STATE,GSE136103,scRNA-seq,mixed nonviral cirrhosis,Supplementary Table 9,supplementary file,TRUE,REUSED,SCAR_ASSOCIATED_MACROPHAGE; exact author metagene list; external only outside GSE136103
RAM2019_MAC_SIG_B_SAM,Ramachandran2019_Nature,scar-associated macrophage metagene B,macrophage_monocyte,RPS12,UP_IN_STATE,GSE136103,scRNA-seq,mixed nonviral cirrhosis,Supplementary Table 9,supplementary file,TRUE,REUSED,SCAR_ASSOCIATED_MACROPHAGE; exact author metagene list; external only outside GSE136103
RAM2019_MAC_SIG_B_SAM,Ramachandran2019_Nature,scar-associated macrophage metagene B,macrophage_monocyte,BCLAF1,UP_IN_STATE,GSE136103,scRNA-seq,mixed nonviral cirrhosis,Supplementary Table 9,supplementary file,TRUE,REUSED,SCAR_ASSOCIATED_MACROPHAGE; exact author metagene list; external only outside GSE136103
RAM2019_MAC_SIG_B_SAM,Ramachandran2019_Nature,scar-associated macrophage metagene B,macrophage_monocyte,IFNGR1,UP_IN_STATE,GSE136103,scRNA-seq,mixed nonviral cirrhosis,Supplementary Table 9,supplementary file,TRUE,REUSED,SCAR_ASSOCIATED_MACROPHAGE; exact author metagene list; external only outside GSE136103
RAM2019_MAC_SIG_B_SAM,Ramachandran2019_Nature,scar-associated macrophage metagene B,macrophage_monocyte,ABRACL,UP_IN_STATE,GSE136103,scRNA-seq,mixed nonviral cirrhosis,Supplementary Table 9,supplementary file,TRUE,REUSED,SCAR_ASSOCIATED_MACROPHAGE; exact author metagene list; external only outside GSE136103
RAM2019_MAC_SIG_B_SAM,Ramachandran2019_Nature,scar-associated macrophage metagene B,macrophage_monocyte,SF3B5,UP_IN_STATE,GSE136103,scRNA-seq,mixed nonviral cirrhosis,Supplementary Table 9,supplementary file,TRUE,REUSED,SCAR_ASSOCIATED_MACROPHAGE; exact author metagene list; external only outside GSE136103
RAM2019_MAC_SIG_B_SAM,Ramachandran2019_Nature,scar-associated macrophage metagene B,macrophage_monocyte,STX11,UP_IN_STATE,GSE136103,scRNA-seq,mixed nonviral cirrhosis,Supplementary Table 9,supplementary file,TRUE,REUSED,SCAR_ASSOCIATED_MACROPHAGE; exact author metagene list; external only outside GSE136103
RAM2019_MAC_SIG_B_SAM,Ramachandran2019_Nature,scar-associated macrophage metagene B,macrophage_monocyte,DYNLT1,UP_IN_STATE,GSE136103,scRNA-seq,mixed nonviral cirrhosis,Supplementary Table 9,supplementary file,TRUE,REUSED,SCAR_ASSOCIATED_MACROPHAGE; exact author metagene list; external only outside GSE136103
RAM2019_MAC_SIG_B_SAM,Ramachandran2019_Nature,scar-associated macrophage metagene B,macrophage_monocyte,EZR,UP_IN_STATE,GSE136103,scRNA-seq,mixed nonviral cirrhosis,Supplementary Table 9,supplementary file,TRUE,REUSED,SCAR_ASSOCIATED_MACROPHAGE; exact author metagene list; external only outside GSE136103
RAM2019_MAC_SIG_B_SAM,Ramachandran2019_Nature,scar-associated macrophage metagene B,macrophage_monocyte,TAGAP,UP_IN_STATE,GSE136103,scRNA-seq,mixed nonviral cirrhosis,Supplementary Table 9,supplementary file,TRUE,REUSED,SCAR_ASSOCIATED_MACROPHAGE; exact author metagene list; external only outside GSE136103
RAM2019_MAC_SIG_B_SAM,Ramachandran2019_Nature,scar-associated macrophage metagene B,macrophage_monocyte,MRPL18,UP_IN_STATE,GSE136103,scRNA-seq,mixed nonviral cirrhosis,Supplementary Table 9,supplementary file,TRUE,REUSED,SCAR_ASSOCIATED_MACROPHAGE; exact author metagene list; external only outside GSE136103
RAM2019_MAC_SIG_B_SAM,Ramachandran2019_Nature,scar-associated macrophage metagene B,macrophage_monocyte,SFT2D1,UP_IN_STATE,GSE136103,scRNA-seq,mixed nonviral cirrhosis,Supplementary Table 9,supplementary file,TRUE,REUSED,SCAR_ASSOCIATED_MACROPHAGE; exact author metagene list; external only outside GSE136103
RAM2019_MAC_SIG_B_SAM,Ramachandran2019_Nature,scar-associated macrophage metagene B,macrophage_monocyte,RNASET2,UP_IN_STATE,GSE136103,scRNA-seq,mixed nonviral cirrhosis,Supplementary Table 9,supplementary file,TRUE,REUSED,SCAR_ASSOCIATED_MACROPHAGE; exact author metagene list; external only outside GSE136103
RAM2019_MAC_SIG_B_SAM,Ramachandran2019_Nature,scar-associated macrophage metagene B,macrophage_monocyte,ACTB,UP_IN_STATE,GSE136103,scRNA-seq,mixed nonviral cirrhosis,Supplementary Table 9,supplementary file,TRUE,REUSED,SCAR_ASSOCIATED_MACROPHAGE; exact author metagene list; external only outside GSE136103
RAM2019_MAC_SIG_B_SAM,Ramachandran2019_Nature,scar-associated macrophage metagene B,macrophage_monocyte,ARL4A,UP_IN_STATE,GSE136103,scRNA-seq,mixed nonviral cirrhosis,Supplementary Table 9,supplementary file,TRUE,REUSED,SCAR_ASSOCIATED_MACROPHAGE; exact author metagene list; external only outside GSE136103
RAM2019_MAC_SIG_B_SAM,Ramachandran2019_Nature,scar-associated macrophage metagene B,macrophage_monocyte,TOMM7,UP_IN_STATE,GSE136103,scRNA-seq,mixed nonviral cirrhosis,Supplementary Table 9,supplementary file,TRUE,REUSED,SCAR_ASSOCIATED_MACROPHAGE; exact author metagene list; external only outside GSE136103
RAM2019_MAC_SIG_B_SAM,Ramachandran2019_Nature,scar-associated macrophage metagene B,macrophage_monocyte,HNRNPA2B1,UP_IN_STATE,GSE136103,scRNA-seq,mixed nonviral cirrhosis,Supplementary Table 9,supplementary file,TRUE,REUSED,SCAR_ASSOCIATED_MACROPHAGE; exact author metagene list; external only outside GSE136103
RAM2019_MAC_SIG_B_SAM,Ramachandran2019_Nature,scar-associated macrophage metagene B,macrophage_monocyte,SKAP2,UP_IN_STATE,GSE136103,scRNA-seq,mixed nonviral cirrhosis,Supplementary Table 9,supplementary file,TRUE,REUSED,SCAR_ASSOCIATED_MACROPHAGE; exact author metagene list; external only outside GSE136103
RAM2019_MAC_SIG_B_SAM,Ramachandran2019_Nature,scar-associated macrophage metagene B,macrophage_monocyte,TAX1BP1,UP_IN_STATE,GSE136103,scRNA-seq,mixed nonviral cirrhosis,Supplementary Table 9,supplementary file,TRUE,REUSED,SCAR_ASSOCIATED_MACROPHAGE; exact author metagene list; external only outside GSE136103
RAM2019_MAC_SIG_B_SAM,Ramachandran2019_Nature,scar-associated macrophage metagene B,macrophage_monocyte,CPVL,UP_IN_STATE,GSE136103,scRNA-seq,mixed nonviral cirrhosis,Supplementary Table 9,supplementary file,TRUE,REUSED,SCAR_ASSOCIATED_MACROPHAGE; exact author metagene list; external only outside GSE136103
RAM2019_MAC_SIG_B_SAM,Ramachandran2019_Nature,scar-associated macrophage metagene B,macrophage_monocyte,AOAH,UP_IN_STATE,GSE136103,scRNA-seq,mixed nonviral cirrhosis,Supplementary Table 9,supplementary file,TRUE,REUSED,SCAR_ASSOCIATED_MACROPHAGE; exact author metagene list; external only outside GSE136103
RAM2019_MAC_SIG_B_SAM,Ramachandran2019_Nature,scar-associated macrophage metagene B,macrophage_monocyte,SEC61G,UP_IN_STATE,GSE136103,scRNA-seq,mixed nonviral cirrhosis,Supplementary Table 9,supplementary file,TRUE,REUSED,SCAR_ASSOCIATED_MACROPHAGE; exact author metagene list; external only outside GSE136103
RAM2019_MAC_SIG_B_SAM,Ramachandran2019_Nature,scar-associated macrophage metagene B,macrophage_monocyte,LAT2,UP_IN_STATE,GSE136103,scRNA-seq,mixed nonviral cirrhosis,Supplementary Table 9,supplementary file,TRUE,REUSED,SCAR_ASSOCIATED_MACROPHAGE; exact author metagene list; external only outside GSE136103
RAM2019_MAC_SIG_B_SAM,Ramachandran2019_Nature,scar-associated macrophage metagene B,macrophage_monocyte,NCF1,UP_IN_STATE,GSE136103,scRNA-seq,mixed nonviral cirrhosis,Supplementary Table 9,supplementary file,TRUE,REUSED,SCAR_ASSOCIATED_MACROPHAGE; exact author metagene list; external only outside GSE136103
RAM2019_MAC_SIG_B_SAM,Ramachandran2019_Nature,scar-associated macrophage metagene B,macrophage_monocyte,AKAP9,UP_IN_STATE,GSE136103,scRNA-seq,mixed nonviral cirrhosis,Supplementary Table 9,supplementary file,TRUE,REUSED,SCAR_ASSOCIATED_MACROPHAGE; exact author metagene list; external only outside GSE136103
RAM2019_MAC_SIG_B_SAM,Ramachandran2019_Nature,scar-associated macrophage metagene B,macrophage_monocyte,FAM133B,UP_IN_STATE,GSE136103,scRNA-seq,mixed nonviral cirrhosis,Supplementary Table 9,supplementary file,TRUE,REUSED,SCAR_ASSOCIATED_MACROPHAGE; exact author metagene list; external only outside GSE136103
RAM2019_MAC_SIG_B_SAM,Ramachandran2019_Nature,scar-associated macrophage metagene B,macrophage_monocyte,SAMD9L,UP_IN_STATE,GSE136103,scRNA-seq,mixed nonviral cirrhosis,Supplementary Table 9,supplementary file,TRUE,REUSED,SCAR_ASSOCIATED_MACROPHAGE; exact author metagene list; external only outside GSE136103
RAM2019_MAC_SIG_B_SAM,Ramachandran2019_Nature,scar-associated macrophage metagene B,macrophage_monocyte,BRI3,UP_IN_STATE,GSE136103,scRNA-seq,mixed nonviral cirrhosis,Supplementary Table 9,supplementary file,TRUE,REUSED,SCAR_ASSOCIATED_MACROPHAGE; exact author metagene list; external only outside GSE136103
RAM2019_MAC_SIG_B_SAM,Ramachandran2019_Nature,scar-associated macrophage metagene B,macrophage_monocyte,ARPC1A,UP_IN_STATE,GSE136103,scRNA-seq,mixed nonviral cirrhosis,Supplementary Table 9,supplementary file,TRUE,REUSED,SCAR_ASSOCIATED_MACROPHAGE; exact author metagene list; external only outside GSE136103
RAM2019_MAC_SIG_B_SAM,Ramachandran2019_Nature,scar-associated macrophage metagene B,macrophage_monocyte,ARPC1B,UP_IN_STATE,GSE136103,scRNA-seq,mixed nonviral cirrhosis,Supplementary Table 9,supplementary file,TRUE,REUSED,SCAR_ASSOCIATED_MACROPHAGE; exact author metagene list; external only outside GSE136103
RAM2019_MAC_SIG_B_SAM,Ramachandran2019_Nature,scar-associated macrophage metagene B,macrophage_monocyte,ATP5J2,UP_IN_STATE,GSE136103,scRNA-seq,mixed nonviral cirrhosis,Supplementary Table 9,supplementary file,TRUE,REUSED,SCAR_ASSOCIATED_MACROPHAGE; exact author metagene list; external only outside GSE136103
RAM2019_MAC_SIG_B_SAM,Ramachandran2019_Nature,scar-associated macrophage metagene B,macrophage_monocyte,LAMTOR4,UP_IN_STATE,GSE136103,scRNA-seq,mixed nonviral cirrhosis,Supplementary Table 9,supplementary file,TRUE,REUSED,SCAR_ASSOCIATED_MACROPHAGE; exact author metagene list; external only outside GSE136103
RAM2019_MAC_SIG_B_SAM,Ramachandran2019_Nature,scar-associated macrophage metagene B,macrophage_monocyte,PILRA,UP_IN_STATE,GSE136103,scRNA-seq,mixed nonviral cirrhosis,Supplementary Table 9,supplementary file,TRUE,REUSED,SCAR_ASSOCIATED_MACROPHAGE; exact author metagene list; external only outside GSE136103
RAM2019_MAC_SIG_B_SAM,Ramachandran2019_Nature,scar-associated macrophage metagene B,macrophage_monocyte,TSC22D4,UP_IN_STATE,GSE136103,scRNA-seq,mixed nonviral cirrhosis,Supplementary Table 9,supplementary file,TRUE,REUSED,SCAR_ASSOCIATED_MACROPHAGE; exact author metagene list; external only outside GSE136103
RAM2019_MAC_SIG_B_SAM,Ramachandran2019_Nature,scar-associated macrophage metagene B,macrophage_monocyte,POLR2J,UP_IN_STATE,GSE136103,scRNA-seq,mixed nonviral cirrhosis,Supplementary Table 9,supplementary file,TRUE,REUSED,SCAR_ASSOCIATED_MACROPHAGE; exact author metagene list; external only outside GSE136103
RAM2019_MAC_SIG_B_SAM,Ramachandran2019_Nature,scar-associated macrophage metagene B,macrophage_monocyte,POLR2J3,UP_IN_STATE,GSE136103,scRNA-seq,mixed nonviral cirrhosis,Supplementary Table 9,supplementary file,TRUE,REUSED,SCAR_ASSOCIATED_MACROPHAGE; exact author metagene list; external only outside GSE136103
RAM2019_MAC_SIG_B_SAM,Ramachandran2019_Nature,scar-associated macrophage metagene B,macrophage_monocyte,KMT2E,UP_IN_STATE,GSE136103,scRNA-seq,mixed nonviral cirrhosis,Supplementary Table 9,supplementary file,TRUE,REUSED,SCAR_ASSOCIATED_MACROPHAGE; exact author metagene list; external only outside GSE136103
RAM2019_MAC_SIG_B_SAM,Ramachandran2019_Nature,scar-associated macrophage metagene B,macrophage_monocyte,CAPZA2,UP_IN_STATE,GSE136103,scRNA-seq,mixed nonviral cirrhosis,Supplementary Table 9,supplementary file,TRUE,REUSED,SCAR_ASSOCIATED_MACROPHAGE; exact author metagene list; external only outside GSE136103
RAM2019_MAC_SIG_B_SAM,Ramachandran2019_Nature,scar-associated macrophage metagene B,macrophage_monocyte,ARF5,UP_IN_STATE,GSE136103,scRNA-seq,mixed nonviral cirrhosis,Supplementary Table 9,supplementary file,TRUE,REUSED,SCAR_ASSOCIATED_MACROPHAGE; exact author metagene list; external only outside GSE136103
RAM2019_MAC_SIG_B_SAM,Ramachandran2019_Nature,scar-associated macrophage metagene B,macrophage_monocyte,C7orf73,UP_IN_STATE,GSE136103,scRNA-seq,mixed nonviral cirrhosis,Supplementary Table 9,supplementary file,TRUE,REUSED,SCAR_ASSOCIATED_MACROPHAGE; exact author metagene list; external only outside GSE136103
RAM2019_MAC_SIG_B_SAM,Ramachandran2019_Nature,scar-associated macrophage metagene B,macrophage_monocyte,TBXAS1,UP_IN_STATE,GSE136103,scRNA-seq,mixed nonviral cirrhosis,Supplementary Table 9,supplementary file,TRUE,REUSED,SCAR_ASSOCIATED_MACROPHAGE; exact author metagene list; external only outside GSE136103
RAM2019_MAC_SIG_B_SAM,Ramachandran2019_Nature,scar-associated macrophage metagene B,macrophage_monocyte,ZYX,UP_IN_STATE,GSE136103,scRNA-seq,mixed nonviral cirrhosis,Supplementary Table 9,supplementary file,TRUE,REUSED,SCAR_ASSOCIATED_MACROPHAGE; exact author metagene list; external only outside GSE136103
RAM2019_MAC_SIG_B_SAM,Ramachandran2019_Nature,scar-associated macrophage metagene B,macrophage_monocyte,GIMAP7,UP_IN_STATE,GSE136103,scRNA-seq,mixed nonviral cirrhosis,Supplementary Table 9,supplementary file,TRUE,REUSED,SCAR_ASSOCIATED_MACROPHAGE; exact author metagene list; external only outside GSE136103
RAM2019_MAC_SIG_B_SAM,Ramachandran2019_Nature,scar-associated macrophage metagene B,macrophage_monocyte,TMEM176B,UP_IN_STATE,GSE136103,scRNA-seq,mixed nonviral cirrhosis,Supplementary Table 9,supplementary file,TRUE,REUSED,SCAR_ASSOCIATED_MACROPHAGE; exact author metagene list; external only outside GSE136103
RAM2019_MAC_SIG_B_SAM,Ramachandran2019_Nature,scar-associated macrophage metagene B,macrophage_monocyte,TMEM176A,UP_IN_STATE,GSE136103,scRNA-seq,mixed nonviral cirrhosis,Supplementary Table 9,supplementary file,TRUE,REUSED,SCAR_ASSOCIATED_MACROPHAGE; exact author metagene list; external only outside GSE136103
RAM2019_MAC_SIG_B_SAM,Ramachandran2019_Nature,scar-associated macrophage metagene B,macrophage_monocyte,INSIG1,UP_IN_STATE,GSE136103,scRNA-seq,mixed nonviral cirrhosis,Supplementary Table 9,supplementary file,TRUE,REUSED,SCAR_ASSOCIATED_MACROPHAGE; exact author metagene list; external only outside GSE136103
RAM2019_MAC_SIG_B_SAM,Ramachandran2019_Nature,scar-associated macrophage metagene B,macrophage_monocyte,DNAJB6,UP_IN_STATE,GSE136103,scRNA-seq,mixed nonviral cirrhosis,Supplementary Table 9,supplementary file,TRUE,REUSED,SCAR_ASSOCIATED_MACROPHAGE; exact author metagene list; external only outside GSE136103
RAM2019_MAC_SIG_B_SAM,Ramachandran2019_Nature,scar-associated macrophage metagene B,macrophage_monocyte,CSF2RA,UP_IN_STATE,GSE136103,scRNA-seq,mixed nonviral cirrhosis,Supplementary Table 9,supplementary file,TRUE,REUSED,SCAR_ASSOCIATED_MACROPHAGE; exact author metagene list; external only outside GSE136103
RAM2019_MAC_SIG_B_SAM,Ramachandran2019_Nature,scar-associated macrophage metagene B,macrophage_monocyte,SLC25A6,UP_IN_STATE,GSE136103,scRNA-seq,mixed nonviral cirrhosis,Supplementary Table 9,supplementary file,TRUE,REUSED,SCAR_ASSOCIATED_MACROPHAGE; exact author metagene list; external only outside GSE136103
RAM2019_MAC_SIG_B_SAM,Ramachandran2019_Nature,scar-associated macrophage metagene B,macrophage_monocyte,TMSB4X,UP_IN_STATE,GSE136103,scRNA-seq,mixed nonviral cirrhosis,Supplementary Table 9,supplementary file,TRUE,REUSED,SCAR_ASSOCIATED_MACROPHAGE; exact author metagene list; external only outside GSE136103
RAM2019_MAC_SIG_B_SAM,Ramachandran2019_Nature,scar-associated macrophage metagene B,macrophage_monocyte,AP1S2,UP_IN_STATE,GSE136103,scRNA-seq,mixed nonviral cirrhosis,Supplementary Table 9,supplementary file,TRUE,REUSED,SCAR_ASSOCIATED_MACROPHAGE; exact author metagene list; external only outside GSE136103
RAM2019_MAC_SIG_B_SAM,Ramachandran2019_Nature,scar-associated macrophage metagene B,macrophage_monocyte,SYAP1,UP_IN_STATE,GSE136103,scRNA-seq,mixed nonviral cirrhosis,Supplementary Table 9,supplementary file,TRUE,REUSED,SCAR_ASSOCIATED_MACROPHAGE; exact author metagene list; external only outside GSE136103
RAM2019_MAC_SIG_B_SAM,Ramachandran2019_Nature,scar-associated macrophage metagene B,macrophage_monocyte,SH3KBP1,UP_IN_STATE,GSE136103,scRNA-seq,mixed nonviral cirrhosis,Supplementary Table 9,supplementary file,TRUE,REUSED,SCAR_ASSOCIATED_MACROPHAGE; exact author metagene list; external only outside GSE136103
RAM2019_MAC_SIG_B_SAM,Ramachandran2019_Nature,scar-associated macrophage metagene B,macrophage_monocyte,EIF1AX,UP_IN_STATE,GSE136103,scRNA-seq,mixed nonviral cirrhosis,Supplementary Table 9,supplementary file,TRUE,REUSED,SCAR_ASSOCIATED_MACROPHAGE; exact author metagene list; external only outside GSE136103
RAM2019_MAC_SIG_B_SAM,Ramachandran2019_Nature,scar-associated macrophage metagene B,macrophage_monocyte,EIF2S3,UP_IN_STATE,GSE136103,scRNA-seq,mixed nonviral cirrhosis,Supplementary Table 9,supplementary file,TRUE,REUSED,SCAR_ASSOCIATED_MACROPHAGE; exact author metagene list; external only outside GSE136103
RAM2019_MAC_SIG_B_SAM,Ramachandran2019_Nature,scar-associated macrophage metagene B,macrophage_monocyte,CXorf21,UP_IN_STATE,GSE136103,scRNA-seq,mixed nonviral cirrhosis,Supplementary Table 9,supplementary file,TRUE,REUSED,SCAR_ASSOCIATED_MACROPHAGE; exact author metagene list; external only outside GSE136103
RAM2019_MAC_SIG_B_SAM,Ramachandran2019_Nature,scar-associated macrophage metagene B,macrophage_monocyte,ATP6AP2,UP_IN_STATE,GSE136103,scRNA-seq,mixed nonviral cirrhosis,Supplementary Table 9,supplementary file,TRUE,REUSED,SCAR_ASSOCIATED_MACROPHAGE; exact author metagene list; external only outside GSE136103
RAM2019_MAC_SIG_B_SAM,Ramachandran2019_Nature,scar-associated macrophage metagene B,macrophage_monocyte,TIMP1,UP_IN_STATE,GSE136103,scRNA-seq,mixed nonviral cirrhosis,Supplementary Table 9,supplementary file,TRUE,REUSED,SCAR_ASSOCIATED_MACROPHAGE; exact author metagene list; external only outside GSE136103
RAM2019_MAC_SIG_B_SAM,Ramachandran2019_Nature,scar-associated macrophage metagene B,macrophage_monocyte,RBM3,UP_IN_STATE,GSE136103,scRNA-seq,mixed nonviral cirrhosis,Supplementary Table 9,supplementary file,TRUE,REUSED,SCAR_ASSOCIATED_MACROPHAGE; exact author metagene list; external only outside GSE136103
RAM2019_MAC_SIG_B_SAM,Ramachandran2019_Nature,scar-associated macrophage metagene B,macrophage_monocyte,WAS,UP_IN_STATE,GSE136103,scRNA-seq,mixed nonviral cirrhosis,Supplementary Table 9,supplementary file,TRUE,REUSED,SCAR_ASSOCIATED_MACROPHAGE; exact author metagene list; external only outside GSE136103
RAM2019_MAC_SIG_B_SAM,Ramachandran2019_Nature,scar-associated macrophage metagene B,macrophage_monocyte,PQBP1,UP_IN_STATE,GSE136103,scRNA-seq,mixed nonviral cirrhosis,Supplementary Table 9,supplementary file,TRUE,REUSED,SCAR_ASSOCIATED_MACROPHAGE; exact author metagene list; external only outside GSE136103
RAM2019_MAC_SIG_B_SAM,Ramachandran2019_Nature,scar-associated macrophage metagene B,macrophage_monocyte,PLP2,UP_IN_STATE,GSE136103,scRNA-seq,mixed nonviral cirrhosis,Supplementary Table 9,supplementary file,TRUE,REUSED,SCAR_ASSOCIATED_MACROPHAGE; exact author metagene list; external only outside GSE136103
RAM2019_MAC_SIG_B_SAM,Ramachandran2019_Nature,scar-associated macrophage metagene B,macrophage_monocyte,MSN,UP_IN_STATE,GSE136103,scRNA-seq,mixed nonviral cirrhosis,Supplementary Table 9,supplementary file,TRUE,REUSED,SCAR_ASSOCIATED_MACROPHAGE; exact author metagene list; external only outside GSE136103
RAM2019_MAC_SIG_B_SAM,Ramachandran2019_Nature,scar-associated macrophage metagene B,macrophage_monocyte,IGBP1,UP_IN_STATE,GSE136103,scRNA-seq,mixed nonviral cirrhosis,Supplementary Table 9,supplementary file,TRUE,REUSED,SCAR_ASSOCIATED_MACROPHAGE; exact author metagene list; external only outside GSE136103
RAM2019_MAC_SIG_B_SAM,Ramachandran2019_Nature,scar-associated macrophage metagene B,macrophage_monocyte,IL2RG,UP_IN_STATE,GSE136103,scRNA-seq,mixed nonviral cirrhosis,Supplementary Table 9,supplementary file,TRUE,REUSED,SCAR_ASSOCIATED_MACROPHAGE; exact author metagene list; external only outside GSE136103
RAM2019_MAC_SIG_B_SAM,Ramachandran2019_Nature,scar-associated macrophage metagene B,macrophage_monocyte,RPS4X,UP_IN_STATE,GSE136103,scRNA-seq,mixed nonviral cirrhosis,Supplementary Table 9,supplementary file,TRUE,REUSED,SCAR_ASSOCIATED_MACROPHAGE; exact author metagene list; external only outside GSE136103
RAM2019_MAC_SIG_B_SAM,Ramachandran2019_Nature,scar-associated macrophage metagene B,macrophage_monocyte,ATRX,UP_IN_STATE,GSE136103,scRNA-seq,mixed nonviral cirrhosis,Supplementary Table 9,supplementary file,TRUE,REUSED,SCAR_ASSOCIATED_MACROPHAGE; exact author metagene list; external only outside GSE136103
RAM2019_MAC_SIG_B_SAM,Ramachandran2019_Nature,scar-associated macrophage metagene B,macrophage_monocyte,RPL36A,UP_IN_STATE,GSE136103,scRNA-seq,mixed nonviral cirrhosis,Supplementary Table 9,supplementary file,TRUE,REUSED,SCAR_ASSOCIATED_MACROPHAGE; exact author metagene list; external only outside GSE136103
RAM2019_MAC_SIG_B_SAM,Ramachandran2019_Nature,scar-associated macrophage metagene B,macrophage_monocyte,GLA,UP_IN_STATE,GSE136103,scRNA-seq,mixed nonviral cirrhosis,Supplementary Table 9,supplementary file,TRUE,REUSED,SCAR_ASSOCIATED_MACROPHAGE; exact author metagene list; external only outside GSE136103
RAM2019_MAC_SIG_B_SAM,Ramachandran2019_Nature,scar-associated macrophage metagene B,macrophage_monocyte,TSC22D3,UP_IN_STATE,GSE136103,scRNA-seq,mixed nonviral cirrhosis,Supplementary Table 9,supplementary file,TRUE,REUSED,SCAR_ASSOCIATED_MACROPHAGE; exact author metagene list; external only outside GSE136103
RAM2019_MAC_SIG_B_SAM,Ramachandran2019_Nature,scar-associated macrophage metagene B,macrophage_monocyte,IL13RA1,UP_IN_STATE,GSE136103,scRNA-seq,mixed nonviral cirrhosis,Supplementary Table 9,supplementary file,TRUE,REUSED,SCAR_ASSOCIATED_MACROPHAGE; exact author metagene list; external only outside GSE136103
RAM2019_MAC_SIG_B_SAM,Ramachandran2019_Nature,scar-associated macrophage metagene B,macrophage_monocyte,SLC25A5,UP_IN_STATE,GSE136103,scRNA-seq,mixed nonviral cirrhosis,Supplementary Table 9,supplementary file,TRUE,REUSED,SCAR_ASSOCIATED_MACROPHAGE; exact author metagene list; external only outside GSE136103
RAM2019_MAC_SIG_B_SAM,Ramachandran2019_Nature,scar-associated macrophage metagene B,macrophage_monocyte,SEPT6,UP_IN_STATE,GSE136103,scRNA-seq,mixed nonviral cirrhosis,Supplementary Table 9,supplementary file,TRUE,REUSED,SCAR_ASSOCIATED_MACROPHAGE; exact author metagene list; external only outside GSE136103
RAM2019_MAC_SIG_B_SAM,Ramachandran2019_Nature,scar-associated macrophage metagene B,macrophage_monocyte,RPL39,UP_IN_STATE,GSE136103,scRNA-seq,mixed nonviral cirrhosis,Supplementary Table 9,supplementary file,TRUE,REUSED,SCAR_ASSOCIATED_MACROPHAGE; exact author metagene list; external only outside GSE136103
RAM2019_MAC_SIG_B_SAM,Ramachandran2019_Nature,scar-associated macrophage metagene B,macrophage_monocyte,VMA21,UP_IN_STATE,GSE136103,scRNA-seq,mixed nonviral cirrhosis,Supplementary Table 9,supplementary file,TRUE,REUSED,SCAR_ASSOCIATED_MACROPHAGE; exact author metagene list; external only outside GSE136103
RAM2019_MAC_SIG_B_SAM,Ramachandran2019_Nature,scar-associated macrophage metagene B,macrophage_monocyte,BCAP31,UP_IN_STATE,GSE136103,scRNA-seq,mixed nonviral cirrhosis,Supplementary Table 9,supplementary file,TRUE,REUSED,SCAR_ASSOCIATED_MACROPHAGE; exact author metagene list; external only outside GSE136103
RAM2019_MAC_SIG_B_SAM,Ramachandran2019_Nature,scar-associated macrophage metagene B,macrophage_monocyte,NAA10,UP_IN_STATE,GSE136103,scRNA-seq,mixed nonviral cirrhosis,Supplementary Table 9,supplementary file,TRUE,REUSED,SCAR_ASSOCIATED_MACROPHAGE; exact author metagene list; external only outside GSE136103
RAM2019_MAC_SIG_B_SAM,Ramachandran2019_Nature,scar-associated macrophage metagene B,macrophage_monocyte,FLNA,UP_IN_STATE,GSE136103,scRNA-seq,mixed nonviral cirrhosis,Supplementary Table 9,supplementary file,TRUE,REUSED,SCAR_ASSOCIATED_MACROPHAGE; exact author metagene list; external only outside GSE136103
RAM2019_MAC_SIG_B_SAM,Ramachandran2019_Nature,scar-associated macrophage metagene B,macrophage_monocyte,RPL10,UP_IN_STATE,GSE136103,scRNA-seq,mixed nonviral cirrhosis,Supplementary Table 9,supplementary file,TRUE,REUSED,SCAR_ASSOCIATED_MACROPHAGE; exact author metagene list; external only outside GSE136103
RAM2019_MAC_SIG_B_SAM,Ramachandran2019_Nature,scar-associated macrophage metagene B,macrophage_monocyte,PCM1,UP_IN_STATE,GSE136103,scRNA-seq,mixed nonviral cirrhosis,Supplementary Table 9,supplementary file,TRUE,REUSED,SCAR_ASSOCIATED_MACROPHAGE; exact author metagene list; external only outside GSE136103
RAM2019_MAC_SIG_B_SAM,Ramachandran2019_Nature,scar-associated macrophage metagene B,macrophage_monocyte,DOK2,UP_IN_STATE,GSE136103,scRNA-seq,mixed nonviral cirrhosis,Supplementary Table 9,supplementary file,TRUE,REUSED,SCAR_ASSOCIATED_MACROPHAGE; exact author metagene list; external only outside GSE136103
RAM2019_MAC_SIG_B_SAM,Ramachandran2019_Nature,scar-associated macrophage metagene B,macrophage_monocyte,SARAF,UP_IN_STATE,GSE136103,scRNA-seq,mixed nonviral cirrhosis,Supplementary Table 9,supplementary file,TRUE,REUSED,SCAR_ASSOCIATED_MACROPHAGE; exact author metagene list; external only outside GSE136103
RAM2019_MAC_SIG_B_SAM,Ramachandran2019_Nature,scar-associated macrophage metagene B,macrophage_monocyte,CEBPD,UP_IN_STATE,GSE136103,scRNA-seq,mixed nonviral cirrhosis,Supplementary Table 9,supplementary file,TRUE,REUSED,SCAR_ASSOCIATED_MACROPHAGE; exact author metagene list; external only outside GSE136103
RAM2019_MAC_SIG_B_SAM,Ramachandran2019_Nature,scar-associated macrophage metagene B,macrophage_monocyte,RPS20,UP_IN_STATE,GSE136103,scRNA-seq,mixed nonviral cirrhosis,Supplementary Table 9,supplementary file,TRUE,REUSED,SCAR_ASSOCIATED_MACROPHAGE; exact author metagene list; external only outside GSE136103
RAM2019_MAC_SIG_B_SAM,Ramachandran2019_Nature,scar-associated macrophage metagene B,macrophage_monocyte,RPL7,UP_IN_STATE,GSE136103,scRNA-seq,mixed nonviral cirrhosis,Supplementary Table 9,supplementary file,TRUE,REUSED,SCAR_ASSOCIATED_MACROPHAGE; exact author metagene list; external only outside GSE136103
RAM2019_MAC_SIG_B_SAM,Ramachandran2019_Nature,scar-associated macrophage metagene B,macrophage_monocyte,FABP5,UP_IN_STATE,GSE136103,scRNA-seq,mixed nonviral cirrhosis,Supplementary Table 9,supplementary file,TRUE,REUSED,SCAR_ASSOCIATED_MACROPHAGE; exact author metagene list; external only outside GSE136103
RAM2019_MAC_SIG_B_SAM,Ramachandran2019_Nature,scar-associated macrophage metagene B,macrophage_monocyte,RPL30,UP_IN_STATE,GSE136103,scRNA-seq,mixed nonviral cirrhosis,Supplementary Table 9,supplementary file,TRUE,REUSED,SCAR_ASSOCIATED_MACROPHAGE; exact author metagene list; external only outside GSE136103
RAM2019_MAC_SIG_B_SAM,Ramachandran2019_Nature,scar-associated macrophage metagene B,macrophage_monocyte,PABPC1,UP_IN_STATE,GSE136103,scRNA-seq,mixed nonviral cirrhosis,Supplementary Table 9,supplementary file,TRUE,REUSED,SCAR_ASSOCIATED_MACROPHAGE; exact author metagene list; external only outside GSE136103
RAM2019_MAC_SIG_B_SAM,Ramachandran2019_Nature,scar-associated macrophage metagene B,macrophage_monocyte,YWHAZ,UP_IN_STATE,GSE136103,scRNA-seq,mixed nonviral cirrhosis,Supplementary Table 9,supplementary file,TRUE,REUSED,SCAR_ASSOCIATED_MACROPHAGE; exact author metagene list; external only outside GSE136103
RAM2019_MAC_SIG_B_SAM,Ramachandran2019_Nature,scar-associated macrophage metagene B,macrophage_monocyte,EIF3E,UP_IN_STATE,GSE136103,scRNA-seq,mixed nonviral cirrhosis,Supplementary Table 9,supplementary file,TRUE,REUSED,SCAR_ASSOCIATED_MACROPHAGE; exact author metagene list; external only outside GSE136103
RAM2019_MAC_SIG_B_SAM,Ramachandran2019_Nature,scar-associated macrophage metagene B,macrophage_monocyte,EIF3H,UP_IN_STATE,GSE136103,scRNA-seq,mixed nonviral cirrhosis,Supplementary Table 9,supplementary file,TRUE,REUSED,SCAR_ASSOCIATED_MACROPHAGE; exact author metagene list; external only outside GSE136103
RAM2019_MAC_SIG_B_SAM,Ramachandran2019_Nature,scar-associated macrophage metagene B,macrophage_monocyte,LY6E,UP_IN_STATE,GSE136103,scRNA-seq,mixed nonviral cirrhosis,Supplementary Table 9,supplementary file,TRUE,REUSED,SCAR_ASSOCIATED_MACROPHAGE; exact author metagene list; external only outside GSE136103
RAM2019_MAC_SIG_B_SAM,Ramachandran2019_Nature,scar-associated macrophage metagene B,macrophage_monocyte,EEF1D,UP_IN_STATE,GSE136103,scRNA-seq,mixed nonviral cirrhosis,Supplementary Table 9,supplementary file,TRUE,REUSED,SCAR_ASSOCIATED_MACROPHAGE; exact author metagene list; external only outside GSE136103
RAM2019_MAC_SIG_B_SAM,Ramachandran2019_Nature,scar-associated macrophage metagene B,macrophage_monocyte,RPL8,UP_IN_STATE,GSE136103,scRNA-seq,mixed nonviral cirrhosis,Supplementary Table 9,supplementary file,TRUE,REUSED,SCAR_ASSOCIATED_MACROPHAGE; exact author metagene list; external only outside GSE136103
RAM2019_MAC_SIG_B_SAM,Ramachandran2019_Nature,scar-associated macrophage metagene B,macrophage_monocyte,DOCK8,UP_IN_STATE,GSE136103,scRNA-seq,mixed nonviral cirrhosis,Supplementary Table 9,supplementary file,TRUE,REUSED,SCAR_ASSOCIATED_MACROPHAGE; exact author metagene list; external only outside GSE136103
RAM2019_MAC_SIG_B_SAM,Ramachandran2019_Nature,scar-associated macrophage metagene B,macrophage_monocyte,PLIN2,UP_IN_STATE,GSE136103,scRNA-seq,mixed nonviral cirrhosis,Supplementary Table 9,supplementary file,TRUE,REUSED,SCAR_ASSOCIATED_MACROPHAGE; exact author metagene list; external only outside GSE136103
RAM2019_MAC_SIG_B_SAM,Ramachandran2019_Nature,scar-associated macrophage metagene B,macrophage_monocyte,RPS6,UP_IN_STATE,GSE136103,scRNA-seq,mixed nonviral cirrhosis,Supplementary Table 9,supplementary file,TRUE,REUSED,SCAR_ASSOCIATED_MACROPHAGE; exact author metagene list; external only outside GSE136103
RAM2019_MAC_SIG_B_SAM,Ramachandran2019_Nature,scar-associated macrophage metagene B,macrophage_monocyte,HACD4,UP_IN_STATE,GSE136103,scRNA-seq,mixed nonviral cirrhosis,Supplementary Table 9,supplementary file,TRUE,REUSED,SCAR_ASSOCIATED_MACROPHAGE; exact author metagene list; external only outside GSE136103
RAM2019_MAC_SIG_B_SAM,Ramachandran2019_Nature,scar-associated macrophage metagene B,macrophage_monocyte,DNAJA1,UP_IN_STATE,GSE136103,scRNA-seq,mixed nonviral cirrhosis,Supplementary Table 9,supplementary file,TRUE,REUSED,SCAR_ASSOCIATED_MACROPHAGE; exact author metagene list; external only outside GSE136103
RAM2019_MAC_SIG_B_SAM,Ramachandran2019_Nature,scar-associated macrophage metagene B,macrophage_monocyte,TLN1,UP_IN_STATE,GSE136103,scRNA-seq,mixed nonviral cirrhosis,Supplementary Table 9,supplementary file,TRUE,REUSED,SCAR_ASSOCIATED_MACROPHAGE; exact author metagene list; external only outside GSE136103
RAM2019_MAC_SIG_B_SAM,Ramachandran2019_Nature,scar-associated macrophage metagene B,macrophage_monocyte,GLIPR2,UP_IN_STATE,GSE136103,scRNA-seq,mixed nonviral cirrhosis,Supplementary Table 9,supplementary file,TRUE,REUSED,SCAR_ASSOCIATED_MACROPHAGE; exact author metagene list; external only outside GSE136103
RAM2019_MAC_SIG_B_SAM,Ramachandran2019_Nature,scar-associated macrophage metagene B,macrophage_monocyte,CLTA,UP_IN_STATE,GSE136103,scRNA-seq,mixed nonviral cirrhosis,Supplementary Table 9,supplementary file,TRUE,REUSED,SCAR_ASSOCIATED_MACROPHAGE; exact author metagene list; external only outside GSE136103
RAM2019_MAC_SIG_B_SAM,Ramachandran2019_Nature,scar-associated macrophage metagene B,macrophage_monocyte,ZFAND5,UP_IN_STATE,GSE136103,scRNA-seq,mixed nonviral cirrhosis,Supplementary Table 9,supplementary file,TRUE,REUSED,SCAR_ASSOCIATED_MACROPHAGE; exact author metagene list; external only outside GSE136103
RAM2019_MAC_SIG_B_SAM,Ramachandran2019_Nature,scar-associated macrophage metagene B,macrophage_monocyte,ANXA1,UP_IN_STATE,GSE136103,scRNA-seq,mixed nonviral cirrhosis,Supplementary Table 9,supplementary file,TRUE,REUSED,SCAR_ASSOCIATED_MACROPHAGE; exact author metagene list; external only outside GSE136103
RAM2019_MAC_SIG_B_SAM,Ramachandran2019_Nature,scar-associated macrophage metagene B,macrophage_monocyte,HNRNPK,UP_IN_STATE,GSE136103,scRNA-seq,mixed nonviral cirrhosis,Supplementary Table 9,supplementary file,TRUE,REUSED,SCAR_ASSOCIATED_MACROPHAGE; exact author metagene list; external only outside GSE136103
RAM2019_MAC_SIG_B_SAM,Ramachandran2019_Nature,scar-associated macrophage metagene B,macrophage_monocyte,CKS2,UP_IN_STATE,GSE136103,scRNA-seq,mixed nonviral cirrhosis,Supplementary Table 9,supplementary file,TRUE,REUSED,SCAR_ASSOCIATED_MACROPHAGE; exact author metagene list; external only outside GSE136103
RAM2019_MAC_SIG_B_SAM,Ramachandran2019_Nature,scar-associated macrophage metagene B,macrophage_monocyte,SYK,UP_IN_STATE,GSE136103,scRNA-seq,mixed nonviral cirrhosis,Supplementary Table 9,supplementary file,TRUE,REUSED,SCAR_ASSOCIATED_MACROPHAGE; exact author metagene list; external only outside GSE136103
RAM2019_MAC_SIG_B_SAM,Ramachandran2019_Nature,scar-associated macrophage metagene B,macrophage_monocyte,FBP1,UP_IN_STATE,GSE136103,scRNA-seq,mixed nonviral cirrhosis,Supplementary Table 9,supplementary file,TRUE,REUSED,SCAR_ASSOCIATED_MACROPHAGE; exact author metagene list; external only outside GSE136103
RAM2019_MAC_SIG_B_SAM,Ramachandran2019_Nature,scar-associated macrophage metagene B,macrophage_monocyte,ERP44,UP_IN_STATE,GSE136103,scRNA-seq,mixed nonviral cirrhosis,Supplementary Table 9,supplementary file,TRUE,REUSED,SCAR_ASSOCIATED_MACROPHAGE; exact author metagene list; external only outside GSE136103
RAM2019_MAC_SIG_B_SAM,Ramachandran2019_Nature,scar-associated macrophage metagene B,macrophage_monocyte,KLF4,UP_IN_STATE,GSE136103,scRNA-seq,mixed nonviral cirrhosis,Supplementary Table 9,supplementary file,TRUE,REUSED,SCAR_ASSOCIATED_MACROPHAGE; exact author metagene list; external only outside GSE136103
RAM2019_MAC_SIG_B_SAM,Ramachandran2019_Nature,scar-associated macrophage metagene B,macrophage_monocyte,SLC31A2,UP_IN_STATE,GSE136103,scRNA-seq,mixed nonviral cirrhosis,Supplementary Table 9,supplementary file,TRUE,REUSED,SCAR_ASSOCIATED_MACROPHAGE; exact author metagene list; external only outside GSE136103
RAM2019_MAC_SIG_B_SAM,Ramachandran2019_Nature,scar-associated macrophage metagene B,macrophage_monocyte,ATP6V1G1,UP_IN_STATE,GSE136103,scRNA-seq,mixed nonviral cirrhosis,Supplementary Table 9,supplementary file,TRUE,REUSED,SCAR_ASSOCIATED_MACROPHAGE; exact author metagene list; external only outside GSE136103
RAM2019_MAC_SIG_B_SAM,Ramachandran2019_Nature,scar-associated macrophage metagene B,macrophage_monocyte,RPL35,UP_IN_STATE,GSE136103,scRNA-seq,mixed nonviral cirrhosis,Supplementary Table 9,supplementary file,TRUE,REUSED,SCAR_ASSOCIATED_MACROPHAGE; exact author metagene list; external only outside GSE136103
RAM2019_MAC_SIG_B_SAM,Ramachandran2019_Nature,scar-associated macrophage metagene B,macrophage_monocyte,HSPA5,UP_IN_STATE,GSE136103,scRNA-seq,mixed nonviral cirrhosis,Supplementary Table 9,supplementary file,TRUE,REUSED,SCAR_ASSOCIATED_MACROPHAGE; exact author metagene list; external only outside GSE136103
RAM2019_MAC_SIG_B_SAM,Ramachandran2019_Nature,scar-associated macrophage metagene B,macrophage_monocyte,C9orf16,UP_IN_STATE,GSE136103,scRNA-seq,mixed nonviral cirrhosis,Supplementary Table 9,supplementary file,TRUE,REUSED,SCAR_ASSOCIATED_MACROPHAGE; exact author metagene list; external only outside GSE136103
RAM2019_MAC_SIG_B_SAM,Ramachandran2019_Nature,scar-associated macrophage metagene B,macrophage_monocyte,NUP214,UP_IN_STATE,GSE136103,scRNA-seq,mixed nonviral cirrhosis,Supplementary Table 9,supplementary file,TRUE,REUSED,SCAR_ASSOCIATED_MACROPHAGE; exact author metagene list; external only outside GSE136103
RAM2019_MAC_SIG_B_SAM,Ramachandran2019_Nature,scar-associated macrophage metagene B,macrophage_monocyte,RPL7A,UP_IN_STATE,GSE136103,scRNA-seq,mixed nonviral cirrhosis,Supplementary Table 9,supplementary file,TRUE,REUSED,SCAR_ASSOCIATED_MACROPHAGE; exact author metagene list; external only outside GSE136103
RAM2019_MAC_SIG_B_SAM,Ramachandran2019_Nature,scar-associated macrophage metagene B,macrophage_monocyte,FCN1,UP_IN_STATE,GSE136103,scRNA-seq,mixed nonviral cirrhosis,Supplementary Table 9,supplementary file,TRUE,REUSED,SCAR_ASSOCIATED_MACROPHAGE; exact author metagene list; external only outside GSE136103
RAM2019_MAC_SIG_B_SAM,Ramachandran2019_Nature,scar-associated macrophage metagene B,macrophage_monocyte,PHPT1,UP_IN_STATE,GSE136103,scRNA-seq,mixed nonviral cirrhosis,Supplementary Table 9,supplementary file,TRUE,REUSED,SCAR_ASSOCIATED_MACROPHAGE; exact author metagene list; external only outside GSE136103
RAM2019_MAC_SIG_B_SAM,Ramachandran2019_Nature,scar-associated macrophage metagene B,macrophage_monocyte,EDF1,UP_IN_STATE,GSE136103,scRNA-seq,mixed nonviral cirrhosis,Supplementary Table 9,supplementary file,TRUE,REUSED,SCAR_ASSOCIATED_MACROPHAGE; exact author metagene list; external only outside GSE136103
RAM2019_MAC_SIG_B_SAM,Ramachandran2019_Nature,scar-associated macrophage metagene B,macrophage_monocyte,IFITM2,UP_IN_STATE,GSE136103,scRNA-seq,mixed nonviral cirrhosis,Supplementary Table 9,supplementary file,TRUE,REUSED,SCAR_ASSOCIATED_MACROPHAGE; exact author metagene list; external only outside GSE136103
RAM2019_MAC_SIG_B_SAM,Ramachandran2019_Nature,scar-associated macrophage metagene B,macrophage_monocyte,IFITM3,UP_IN_STATE,GSE136103,scRNA-seq,mixed nonviral cirrhosis,Supplementary Table 9,supplementary file,TRUE,REUSED,SCAR_ASSOCIATED_MACROPHAGE; exact author metagene list; external only outside GSE136103
RAM2019_MAC_SIG_B_SAM,Ramachandran2019_Nature,scar-associated macrophage metagene B,macrophage_monocyte,SIGIRR,UP_IN_STATE,GSE136103,scRNA-seq,mixed nonviral cirrhosis,Supplementary Table 9,supplementary file,TRUE,REUSED,SCAR_ASSOCIATED_MACROPHAGE; exact author metagene list; external only outside GSE136103
RAM2019_MAC_SIG_B_SAM,Ramachandran2019_Nature,scar-associated macrophage metagene B,macrophage_monocyte,RPLP2,UP_IN_STATE,GSE136103,scRNA-seq,mixed nonviral cirrhosis,Supplementary Table 9,supplementary file,TRUE,REUSED,SCAR_ASSOCIATED_MACROPHAGE; exact author metagene list; external only outside GSE136103
RAM2019_MAC_SIG_B_SAM,Ramachandran2019_Nature,scar-associated macrophage metagene B,macrophage_monocyte,LSP1,UP_IN_STATE,GSE136103,scRNA-seq,mixed nonviral cirrhosis,Supplementary Table 9,supplementary file,TRUE,REUSED,SCAR_ASSOCIATED_MACROPHAGE; exact author metagene list; external only outside GSE136103
RAM2019_MAC_SIG_B_SAM,Ramachandran2019_Nature,scar-associated macrophage metagene B,macrophage_monocyte,MRPL23,UP_IN_STATE,GSE136103,scRNA-seq,mixed nonviral cirrhosis,Supplementary Table 9,supplementary file,TRUE,REUSED,SCAR_ASSOCIATED_MACROPHAGE; exact author metagene list; external only outside GSE136103
RAM2019_MAC_SIG_B_SAM,Ramachandran2019_Nature,scar-associated macrophage metagene B,macrophage_monocyte,EIF3F,UP_IN_STATE,GSE136103,scRNA-seq,mixed nonviral cirrhosis,Supplementary Table 9,supplementary file,TRUE,REUSED,SCAR_ASSOCIATED_MACROPHAGE; exact author metagene list; external only outside GSE136103
RAM2019_MAC_SIG_B_SAM,Ramachandran2019_Nature,scar-associated macrophage metagene B,macrophage_monocyte,RPL27A,UP_IN_STATE,GSE136103,scRNA-seq,mixed nonviral cirrhosis,Supplementary Table 9,supplementary file,TRUE,REUSED,SCAR_ASSOCIATED_MACROPHAGE; exact author metagene list; external only outside GSE136103
RAM2019_MAC_SIG_B_SAM,Ramachandran2019_Nature,scar-associated macrophage metagene B,macrophage_monocyte,EIF4G2,UP_IN_STATE,GSE136103,scRNA-seq,mixed nonviral cirrhosis,Supplementary Table 9,supplementary file,TRUE,REUSED,SCAR_ASSOCIATED_MACROPHAGE; exact author metagene list; external only outside GSE136103
RAM2019_MAC_SIG_B_SAM,Ramachandran2019_Nature,scar-associated macrophage metagene B,macrophage_monocyte,C11orf58,UP_IN_STATE,GSE136103,scRNA-seq,mixed nonviral cirrhosis,Supplementary Table 9,supplementary file,TRUE,REUSED,SCAR_ASSOCIATED_MACROPHAGE; exact author metagene list; external only outside GSE136103
RAM2019_MAC_SIG_B_SAM,Ramachandran2019_Nature,scar-associated macrophage metagene B,macrophage_monocyte,RPS13,UP_IN_STATE,GSE136103,scRNA-seq,mixed nonviral cirrhosis,Supplementary Table 9,supplementary file,TRUE,REUSED,SCAR_ASSOCIATED_MACROPHAGE; exact author metagene list; external only outside GSE136103
RAM2019_MAC_SIG_B_SAM,Ramachandran2019_Nature,scar-associated macrophage metagene B,macrophage_monocyte,EIF3M,UP_IN_STATE,GSE136103,scRNA-seq,mixed nonviral cirrhosis,Supplementary Table 9,supplementary file,TRUE,REUSED,SCAR_ASSOCIATED_MACROPHAGE; exact author metagene list; external only outside GSE136103
RAM2019_MAC_SIG_B_SAM,Ramachandran2019_Nature,scar-associated macrophage metagene B,macrophage_monocyte,CAT,UP_IN_STATE,GSE136103,scRNA-seq,mixed nonviral cirrhosis,Supplementary Table 9,supplementary file,TRUE,REUSED,SCAR_ASSOCIATED_MACROPHAGE; exact author metagene list; external only outside GSE136103
RAM2019_MAC_SIG_B_SAM,Ramachandran2019_Nature,scar-associated macrophage metagene B,macrophage_monocyte,SPI1,UP_IN_STATE,GSE136103,scRNA-seq,mixed nonviral cirrhosis,Supplementary Table 9,supplementary file,TRUE,REUSED,SCAR_ASSOCIATED_MACROPHAGE; exact author metagene list; external only outside GSE136103
RAM2019_MAC_SIG_B_SAM,Ramachandran2019_Nature,scar-associated macrophage metagene B,macrophage_monocyte,LPXN,UP_IN_STATE,GSE136103,scRNA-seq,mixed nonviral cirrhosis,Supplementary Table 9,supplementary file,TRUE,REUSED,SCAR_ASSOCIATED_MACROPHAGE; exact author metagene list; external only outside GSE136103
RAM2019_MAC_SIG_B_SAM,Ramachandran2019_Nature,scar-associated macrophage metagene B,macrophage_monocyte,TMEM258,UP_IN_STATE,GSE136103,scRNA-seq,mixed nonviral cirrhosis,Supplementary Table 9,supplementary file,TRUE,REUSED,SCAR_ASSOCIATED_MACROPHAGE; exact author metagene list; external only outside GSE136103
RAM2019_MAC_SIG_B_SAM,Ramachandran2019_Nature,scar-associated macrophage metagene B,macrophage_monocyte,UBXN1,UP_IN_STATE,GSE136103,scRNA-seq,mixed nonviral cirrhosis,Supplementary Table 9,supplementary file,TRUE,REUSED,SCAR_ASSOCIATED_MACROPHAGE; exact author metagene list; external only outside GSE136103
RAM2019_MAC_SIG_B_SAM,Ramachandran2019_Nature,scar-associated macrophage metagene B,macrophage_monocyte,SLC3A2,UP_IN_STATE,GSE136103,scRNA-seq,mixed nonviral cirrhosis,Supplementary Table 9,supplementary file,TRUE,REUSED,SCAR_ASSOCIATED_MACROPHAGE; exact author metagene list; external only outside GSE136103
RAM2019_MAC_SIG_B_SAM,Ramachandran2019_Nature,scar-associated macrophage metagene B,macrophage_monocyte,RARRES3,UP_IN_STATE,GSE136103,scRNA-seq,mixed nonviral cirrhosis,Supplementary Table 9,supplementary file,TRUE,REUSED,SCAR_ASSOCIATED_MACROPHAGE; exact author metagene list; external only outside GSE136103
RAM2019_MAC_SIG_B_SAM,Ramachandran2019_Nature,scar-associated macrophage metagene B,macrophage_monocyte,COX8A,UP_IN_STATE,GSE136103,scRNA-seq,mixed nonviral cirrhosis,Supplementary Table 9,supplementary file,TRUE,REUSED,SCAR_ASSOCIATED_MACROPHAGE; exact author metagene list; external only outside GSE136103
RAM2019_MAC_SIG_B_SAM,Ramachandran2019_Nature,scar-associated macrophage metagene B,macrophage_monocyte,DNAJC4,UP_IN_STATE,GSE136103,scRNA-seq,mixed nonviral cirrhosis,Supplementary Table 9,supplementary file,TRUE,REUSED,SCAR_ASSOCIATED_MACROPHAGE; exact author metagene list; external only outside GSE136103
RAM2019_MAC_SIG_B_SAM,Ramachandran2019_Nature,scar-associated macrophage metagene B,macrophage_monocyte,FAU,UP_IN_STATE,GSE136103,scRNA-seq,mixed nonviral cirrhosis,Supplementary Table 9,supplementary file,TRUE,REUSED,SCAR_ASSOCIATED_MACROPHAGE; exact author metagene list; external only outside GSE136103
RAM2019_MAC_SIG_B_SAM,Ramachandran2019_Nature,scar-associated macrophage metagene B,macrophage_monocyte,CFL1,UP_IN_STATE,GSE136103,scRNA-seq,mixed nonviral cirrhosis,Supplementary Table 9,supplementary file,TRUE,REUSED,SCAR_ASSOCIATED_MACROPHAGE; exact author metagene list; external only outside GSE136103
RAM2019_MAC_SIG_B_SAM,Ramachandran2019_Nature,scar-associated macrophage metagene B,macrophage_monocyte,CCDC85B,UP_IN_STATE,GSE136103,scRNA-seq,mixed nonviral cirrhosis,Supplementary Table 9,supplementary file,TRUE,REUSED,SCAR_ASSOCIATED_MACROPHAGE; exact author metagene list; external only outside GSE136103
RAM2019_MAC_SIG_B_SAM,Ramachandran2019_Nature,scar-associated macrophage metagene B,macrophage_monocyte,DRAP1,UP_IN_STATE,GSE136103,scRNA-seq,mixed nonviral cirrhosis,Supplementary Table 9,supplementary file,TRUE,REUSED,SCAR_ASSOCIATED_MACROPHAGE; exact author metagene list; external only outside GSE136103
RAM2019_MAC_SIG_B_SAM,Ramachandran2019_Nature,scar-associated macrophage metagene B,macrophage_monocyte,CORO1B,UP_IN_STATE,GSE136103,scRNA-seq,mixed nonviral cirrhosis,Supplementary Table 9,supplementary file,TRUE,REUSED,SCAR_ASSOCIATED_MACROPHAGE; exact author metagene list; external only outside GSE136103
RAM2019_MAC_SIG_B_SAM,Ramachandran2019_Nature,scar-associated macrophage metagene B,macrophage_monocyte,GSTP1,UP_IN_STATE,GSE136103,scRNA-seq,mixed nonviral cirrhosis,Supplementary Table 9,supplementary file,TRUE,REUSED,SCAR_ASSOCIATED_MACROPHAGE; exact author metagene list; external only outside GSE136103
RAM2019_MAC_SIG_B_SAM,Ramachandran2019_Nature,scar-associated macrophage metagene B,macrophage_monocyte,SPCS2,UP_IN_STATE,GSE136103,scRNA-seq,mixed nonviral cirrhosis,Supplementary Table 9,supplementary file,TRUE,REUSED,SCAR_ASSOCIATED_MACROPHAGE; exact author metagene list; external only outside GSE136103
RAM2019_MAC_SIG_B_SAM,Ramachandran2019_Nature,scar-associated macrophage metagene B,macrophage_monocyte,RPS3,UP_IN_STATE,GSE136103,scRNA-seq,mixed nonviral cirrhosis,Supplementary Table 9,supplementary file,TRUE,REUSED,SCAR_ASSOCIATED_MACROPHAGE; exact author metagene list; external only outside GSE136103
RAM2019_MAC_SIG_B_SAM,Ramachandran2019_Nature,scar-associated macrophage metagene B,macrophage_monocyte,NDUFC2,UP_IN_STATE,GSE136103,scRNA-seq,mixed nonviral cirrhosis,Supplementary Table 9,supplementary file,TRUE,REUSED,SCAR_ASSOCIATED_MACROPHAGE; exact author metagene list; external only outside GSE136103
RAM2019_MAC_SIG_B_SAM,Ramachandran2019_Nature,scar-associated macrophage metagene B,macrophage_monocyte,CASP4,UP_IN_STATE,GSE136103,scRNA-seq,mixed nonviral cirrhosis,Supplementary Table 9,supplementary file,TRUE,REUSED,SCAR_ASSOCIATED_MACROPHAGE; exact author metagene list; external only outside GSE136103
RAM2019_MAC_SIG_B_SAM,Ramachandran2019_Nature,scar-associated macrophage metagene B,macrophage_monocyte,CASP1,UP_IN_STATE,GSE136103,scRNA-seq,mixed nonviral cirrhosis,Supplementary Table 9,supplementary file,TRUE,REUSED,SCAR_ASSOCIATED_MACROPHAGE; exact author metagene list; external only outside GSE136103
RAM2019_MAC_SIG_B_SAM,Ramachandran2019_Nature,scar-associated macrophage metagene B,macrophage_monocyte,CARD16,UP_IN_STATE,GSE136103,scRNA-seq,mixed nonviral cirrhosis,Supplementary Table 9,supplementary file,TRUE,REUSED,SCAR_ASSOCIATED_MACROPHAGE; exact author metagene list; external only outside GSE136103
RAM2019_MAC_SIG_B_SAM,Ramachandran2019_Nature,scar-associated macrophage metagene B,macrophage_monocyte,JAML,UP_IN_STATE,GSE136103,scRNA-seq,mixed nonviral cirrhosis,Supplementary Table 9,supplementary file,TRUE,REUSED,SCAR_ASSOCIATED_MACROPHAGE; exact author metagene list; external only outside GSE136103
RAM2019_MAC_SIG_B_SAM,Ramachandran2019_Nature,scar-associated macrophage metagene B,macrophage_monocyte,ATP5L,UP_IN_STATE,GSE136103,scRNA-seq,mixed nonviral cirrhosis,Supplementary Table 9,supplementary file,TRUE,REUSED,SCAR_ASSOCIATED_MACROPHAGE; exact author metagene list; external only outside GSE136103
RAM2019_MAC_SIG_B_SAM,Ramachandran2019_Nature,scar-associated macrophage metagene B,macrophage_monocyte,RPS25,UP_IN_STATE,GSE136103,scRNA-seq,mixed nonviral cirrhosis,Supplementary Table 9,supplementary file,TRUE,REUSED,SCAR_ASSOCIATED_MACROPHAGE; exact author metagene list; external only outside GSE136103
RAM2019_MAC_SIG_B_SAM,Ramachandran2019_Nature,scar-associated macrophage metagene B,macrophage_monocyte,KIF5B,UP_IN_STATE,GSE136103,scRNA-seq,mixed nonviral cirrhosis,Supplementary Table 9,supplementary file,TRUE,REUSED,SCAR_ASSOCIATED_MACROPHAGE; exact author metagene list; external only outside GSE136103
RAM2019_MAC_SIG_B_SAM,Ramachandran2019_Nature,scar-associated macrophage metagene B,macrophage_monocyte,HNRNPF,UP_IN_STATE,GSE136103,scRNA-seq,mixed nonviral cirrhosis,Supplementary Table 9,supplementary file,TRUE,REUSED,SCAR_ASSOCIATED_MACROPHAGE; exact author metagene list; external only outside GSE136103
RAM2019_MAC_SIG_B_SAM,Ramachandran2019_Nature,scar-associated macrophage metagene B,macrophage_monocyte,ALOX5,UP_IN_STATE,GSE136103,scRNA-seq,mixed nonviral cirrhosis,Supplementary Table 9,supplementary file,TRUE,REUSED,SCAR_ASSOCIATED_MACROPHAGE; exact author metagene list; external only outside GSE136103
RAM2019_MAC_SIG_B_SAM,Ramachandran2019_Nature,scar-associated macrophage metagene B,macrophage_monocyte,JMJD1C,UP_IN_STATE,GSE136103,scRNA-seq,mixed nonviral cirrhosis,Supplementary Table 9,supplementary file,TRUE,REUSED,SCAR_ASSOCIATED_MACROPHAGE; exact author metagene list; external only outside GSE136103
RAM2019_MAC_SIG_B_SAM,Ramachandran2019_Nature,scar-associated macrophage metagene B,macrophage_monocyte,DDX21,UP_IN_STATE,GSE136103,scRNA-seq,mixed nonviral cirrhosis,Supplementary Table 9,supplementary file,TRUE,REUSED,SCAR_ASSOCIATED_MACROPHAGE; exact author metagene list; external only outside GSE136103
RAM2019_MAC_SIG_B_SAM,Ramachandran2019_Nature,scar-associated macrophage metagene B,macrophage_monocyte,PPA1,UP_IN_STATE,GSE136103,scRNA-seq,mixed nonviral cirrhosis,Supplementary Table 9,supplementary file,TRUE,REUSED,SCAR_ASSOCIATED_MACROPHAGE; exact author metagene list; external only outside GSE136103
RAM2019_MAC_SIG_B_SAM,Ramachandran2019_Nature,scar-associated macrophage metagene B,macrophage_monocyte,C10orf54,UP_IN_STATE,GSE136103,scRNA-seq,mixed nonviral cirrhosis,Supplementary Table 9,supplementary file,TRUE,REUSED,SCAR_ASSOCIATED_MACROPHAGE; exact author metagene list; external only outside GSE136103
RAM2019_MAC_SIG_B_SAM,Ramachandran2019_Nature,scar-associated macrophage metagene B,macrophage_monocyte,DDIT4,UP_IN_STATE,GSE136103,scRNA-seq,mixed nonviral cirrhosis,Supplementary Table 9,supplementary file,TRUE,REUSED,SCAR_ASSOCIATED_MACROPHAGE; exact author metagene list; external only outside GSE136103
RAM2019_MAC_SIG_B_SAM,Ramachandran2019_Nature,scar-associated macrophage metagene B,macrophage_monocyte,RPS24,UP_IN_STATE,GSE136103,scRNA-seq,mixed nonviral cirrhosis,Supplementary Table 9,supplementary file,TRUE,REUSED,SCAR_ASSOCIATED_MACROPHAGE; exact author metagene list; external only outside GSE136103
RAM2019_MAC_SIG_B_SAM,Ramachandran2019_Nature,scar-associated macrophage metagene B,macrophage_monocyte,PGAM1,UP_IN_STATE,GSE136103,scRNA-seq,mixed nonviral cirrhosis,Supplementary Table 9,supplementary file,TRUE,REUSED,SCAR_ASSOCIATED_MACROPHAGE; exact author metagene list; external only outside GSE136103
RAM2019_MAC_SIG_B_SAM,Ramachandran2019_Nature,scar-associated macrophage metagene B,macrophage_monocyte,GSTO1,UP_IN_STATE,GSE136103,scRNA-seq,mixed nonviral cirrhosis,Supplementary Table 9,supplementary file,TRUE,REUSED,SCAR_ASSOCIATED_MACROPHAGE; exact author metagene list; external only outside GSE136103
RAM2019_MAC_SIG_B_SAM,Ramachandran2019_Nature,scar-associated macrophage metagene B,macrophage_monocyte,EIF3A,UP_IN_STATE,GSE136103,scRNA-seq,mixed nonviral cirrhosis,Supplementary Table 9,supplementary file,TRUE,REUSED,SCAR_ASSOCIATED_MACROPHAGE; exact author metagene list; external only outside GSE136103
RAM2019_MAC_SIG_B_SAM,Ramachandran2019_Nature,scar-associated macrophage metagene B,macrophage_monocyte,RGS10,UP_IN_STATE,GSE136103,scRNA-seq,mixed nonviral cirrhosis,Supplementary Table 9,supplementary file,TRUE,REUSED,SCAR_ASSOCIATED_MACROPHAGE; exact author metagene list; external only outside GSE136103
RAM2019_MAC_SIG_B_SAM,Ramachandran2019_Nature,scar-associated macrophage metagene B,macrophage_monocyte,PTPRE,UP_IN_STATE,GSE136103,scRNA-seq,mixed nonviral cirrhosis,Supplementary Table 9,supplementary file,TRUE,REUSED,SCAR_ASSOCIATED_MACROPHAGE; exact author metagene list; external only outside GSE136103
RAM2019_MAC_SIG_B_SAM,Ramachandran2019_Nature,scar-associated macrophage metagene B,macrophage_monocyte,TNFRSF1A,UP_IN_STATE,GSE136103,scRNA-seq,mixed nonviral cirrhosis,Supplementary Table 9,supplementary file,TRUE,REUSED,SCAR_ASSOCIATED_MACROPHAGE; exact author metagene list; external only outside GSE136103
RAM2019_MAC_SIG_B_SAM,Ramachandran2019_Nature,scar-associated macrophage metagene B,macrophage_monocyte,GAPDH,UP_IN_STATE,GSE136103,scRNA-seq,mixed nonviral cirrhosis,Supplementary Table 9,supplementary file,TRUE,REUSED,SCAR_ASSOCIATED_MACROPHAGE; exact author metagene list; external only outside GSE136103
RAM2019_MAC_SIG_B_SAM,Ramachandran2019_Nature,scar-associated macrophage metagene B,macrophage_monocyte,PTMS,UP_IN_STATE,GSE136103,scRNA-seq,mixed nonviral cirrhosis,Supplementary Table 9,supplementary file,TRUE,REUSED,SCAR_ASSOCIATED_MACROPHAGE; exact author metagene list; external only outside GSE136103
RAM2019_MAC_SIG_B_SAM,Ramachandran2019_Nature,scar-associated macrophage metagene B,macrophage_monocyte,TPI1,UP_IN_STATE,GSE136103,scRNA-seq,mixed nonviral cirrhosis,Supplementary Table 9,supplementary file,TRUE,REUSED,SCAR_ASSOCIATED_MACROPHAGE; exact author metagene list; external only outside GSE136103
RAM2019_MAC_SIG_B_SAM,Ramachandran2019_Nature,scar-associated macrophage metagene B,macrophage_monocyte,PTPN6,UP_IN_STATE,GSE136103,scRNA-seq,mixed nonviral cirrhosis,Supplementary Table 9,supplementary file,TRUE,REUSED,SCAR_ASSOCIATED_MACROPHAGE; exact author metagene list; external only outside GSE136103
RAM2019_MAC_SIG_B_SAM,Ramachandran2019_Nature,scar-associated macrophage metagene B,macrophage_monocyte,SLC2A3,UP_IN_STATE,GSE136103,scRNA-seq,mixed nonviral cirrhosis,Supplementary Table 9,supplementary file,TRUE,REUSED,SCAR_ASSOCIATED_MACROPHAGE; exact author metagene list; external only outside GSE136103
RAM2019_MAC_SIG_B_SAM,Ramachandran2019_Nature,scar-associated macrophage metagene B,macrophage_monocyte,CLEC4A,UP_IN_STATE,GSE136103,scRNA-seq,mixed nonviral cirrhosis,Supplementary Table 9,supplementary file,TRUE,REUSED,SCAR_ASSOCIATED_MACROPHAGE; exact author metagene list; external only outside GSE136103
RAM2019_MAC_SIG_B_SAM,Ramachandran2019_Nature,scar-associated macrophage metagene B,macrophage_monocyte,M6PR,UP_IN_STATE,GSE136103,scRNA-seq,mixed nonviral cirrhosis,Supplementary Table 9,supplementary file,TRUE,REUSED,SCAR_ASSOCIATED_MACROPHAGE; exact author metagene list; external only outside GSE136103
RAM2019_MAC_SIG_B_SAM,Ramachandran2019_Nature,scar-associated macrophage metagene B,macrophage_monocyte,CLEC2B,UP_IN_STATE,GSE136103,scRNA-seq,mixed nonviral cirrhosis,Supplementary Table 9,supplementary file,TRUE,REUSED,SCAR_ASSOCIATED_MACROPHAGE; exact author metagene list; external only outside GSE136103
RAM2019_MAC_SIG_B_SAM,Ramachandran2019_Nature,scar-associated macrophage metagene B,macrophage_monocyte,CLEC12A,UP_IN_STATE,GSE136103,scRNA-seq,mixed nonviral cirrhosis,Supplementary Table 9,supplementary file,TRUE,REUSED,SCAR_ASSOCIATED_MACROPHAGE; exact author metagene list; external only outside GSE136103
RAM2019_MAC_SIG_B_SAM,Ramachandran2019_Nature,scar-associated macrophage metagene B,macrophage_monocyte,YBX3,UP_IN_STATE,GSE136103,scRNA-seq,mixed nonviral cirrhosis,Supplementary Table 9,supplementary file,TRUE,REUSED,SCAR_ASSOCIATED_MACROPHAGE; exact author metagene list; external only outside GSE136103
RAM2019_MAC_SIG_B_SAM,Ramachandran2019_Nature,scar-associated macrophage metagene B,macrophage_monocyte,CDKN1B,UP_IN_STATE,GSE136103,scRNA-seq,mixed nonviral cirrhosis,Supplementary Table 9,supplementary file,TRUE,REUSED,SCAR_ASSOCIATED_MACROPHAGE; exact author metagene list; external only outside GSE136103
RAM2019_MAC_SIG_B_SAM,Ramachandran2019_Nature,scar-associated macrophage metagene B,macrophage_monocyte,PLBD1,UP_IN_STATE,GSE136103,scRNA-seq,mixed nonviral cirrhosis,Supplementary Table 9,supplementary file,TRUE,REUSED,SCAR_ASSOCIATED_MACROPHAGE; exact author metagene list; external only outside GSE136103
RAM2019_MAC_SIG_B_SAM,Ramachandran2019_Nature,scar-associated macrophage metagene B,macrophage_monocyte,SCAF11,UP_IN_STATE,GSE136103,scRNA-seq,mixed nonviral cirrhosis,Supplementary Table 9,supplementary file,TRUE,REUSED,SCAR_ASSOCIATED_MACROPHAGE; exact author metagene list; external only outside GSE136103
RAM2019_MAC_SIG_B_SAM,Ramachandran2019_Nature,scar-associated macrophage metagene B,macrophage_monocyte,TUBA1A,UP_IN_STATE,GSE136103,scRNA-seq,mixed nonviral cirrhosis,Supplementary Table 9,supplementary file,TRUE,REUSED,SCAR_ASSOCIATED_MACROPHAGE; exact author metagene list; external only outside GSE136103
RAM2019_MAC_SIG_B_SAM,Ramachandran2019_Nature,scar-associated macrophage metagene B,macrophage_monocyte,NR4A1,UP_IN_STATE,GSE136103,scRNA-seq,mixed nonviral cirrhosis,Supplementary Table 9,supplementary file,TRUE,REUSED,SCAR_ASSOCIATED_MACROPHAGE; exact author metagene list; external only outside GSE136103
RAM2019_MAC_SIG_B_SAM,Ramachandran2019_Nature,scar-associated macrophage metagene B,macrophage_monocyte,PFDN5,UP_IN_STATE,GSE136103,scRNA-seq,mixed nonviral cirrhosis,Supplementary Table 9,supplementary file,TRUE,REUSED,SCAR_ASSOCIATED_MACROPHAGE; exact author metagene list; external only outside GSE136103
RAM2019_MAC_SIG_B_SAM,Ramachandran2019_Nature,scar-associated macrophage metagene B,macrophage_monocyte,PCBP2,UP_IN_STATE,GSE136103,scRNA-seq,mixed nonviral cirrhosis,Supplementary Table 9,supplementary file,TRUE,REUSED,SCAR_ASSOCIATED_MACROPHAGE; exact author metagene list; external only outside GSE136103
RAM2019_MAC_SIG_B_SAM,Ramachandran2019_Nature,scar-associated macrophage metagene B,macrophage_monocyte,ATP5G2,UP_IN_STATE,GSE136103,scRNA-seq,mixed nonviral cirrhosis,Supplementary Table 9,supplementary file,TRUE,REUSED,SCAR_ASSOCIATED_MACROPHAGE; exact author metagene list; external only outside GSE136103
RAM2019_MAC_SIG_B_SAM,Ramachandran2019_Nature,scar-associated macrophage metagene B,macrophage_monocyte,HNRNPA1,UP_IN_STATE,GSE136103,scRNA-seq,mixed nonviral cirrhosis,Supplementary Table 9,supplementary file,TRUE,REUSED,SCAR_ASSOCIATED_MACROPHAGE; exact author metagene list; external only outside GSE136103
RAM2019_MAC_SIG_B_SAM,Ramachandran2019_Nature,scar-associated macrophage metagene B,macrophage_monocyte,ZNF385A,UP_IN_STATE,GSE136103,scRNA-seq,mixed nonviral cirrhosis,Supplementary Table 9,supplementary file,TRUE,REUSED,SCAR_ASSOCIATED_MACROPHAGE; exact author metagene list; external only outside GSE136103
RAM2019_MAC_SIG_B_SAM,Ramachandran2019_Nature,scar-associated macrophage metagene B,macrophage_monocyte,RPS26,UP_IN_STATE,GSE136103,scRNA-seq,mixed nonviral cirrhosis,Supplementary Table 9,supplementary file,TRUE,REUSED,SCAR_ASSOCIATED_MACROPHAGE; exact author metagene list; external only outside GSE136103
RAM2019_MAC_SIG_B_SAM,Ramachandran2019_Nature,scar-associated macrophage metagene B,macrophage_monocyte,RPL41,UP_IN_STATE,GSE136103,scRNA-seq,mixed nonviral cirrhosis,Supplementary Table 9,supplementary file,TRUE,REUSED,SCAR_ASSOCIATED_MACROPHAGE; exact author metagene list; external only outside GSE136103
RAM2019_MAC_SIG_B_SAM,Ramachandran2019_Nature,scar-associated macrophage metagene B,macrophage_monocyte,MYL6,UP_IN_STATE,GSE136103,scRNA-seq,mixed nonviral cirrhosis,Supplementary Table 9,supplementary file,TRUE,REUSED,SCAR_ASSOCIATED_MACROPHAGE; exact author metagene list; external only outside GSE136103
RAM2019_MAC_SIG_B_SAM,Ramachandran2019_Nature,scar-associated macrophage metagene B,macrophage_monocyte,PTGES3,UP_IN_STATE,GSE136103,scRNA-seq,mixed nonviral cirrhosis,Supplementary Table 9,supplementary file,TRUE,REUSED,SCAR_ASSOCIATED_MACROPHAGE; exact author metagene list; external only outside GSE136103
RAM2019_MAC_SIG_B_SAM,Ramachandran2019_Nature,scar-associated macrophage metagene B,macrophage_monocyte,NACA,UP_IN_STATE,GSE136103,scRNA-seq,mixed nonviral cirrhosis,Supplementary Table 9,supplementary file,TRUE,REUSED,SCAR_ASSOCIATED_MACROPHAGE; exact author metagene list; external only outside GSE136103
RAM2019_MAC_SIG_B_SAM,Ramachandran2019_Nature,scar-associated macrophage metagene B,macrophage_monocyte,TMBIM4,UP_IN_STATE,GSE136103,scRNA-seq,mixed nonviral cirrhosis,Supplementary Table 9,supplementary file,TRUE,REUSED,SCAR_ASSOCIATED_MACROPHAGE; exact author metagene list; external only outside GSE136103
RAM2019_MAC_SIG_B_SAM,Ramachandran2019_Nature,scar-associated macrophage metagene B,macrophage_monocyte,LYZ,UP_IN_STATE,GSE136103,scRNA-seq,mixed nonviral cirrhosis,Supplementary Table 9,supplementary file,TRUE,REUSED,SCAR_ASSOCIATED_MACROPHAGE; exact author metagene list; external only outside GSE136103
RAM2019_MAC_SIG_B_SAM,Ramachandran2019_Nature,scar-associated macrophage metagene B,macrophage_monocyte,NAP1L1,UP_IN_STATE,GSE136103,scRNA-seq,mixed nonviral cirrhosis,Supplementary Table 9,supplementary file,TRUE,REUSED,SCAR_ASSOCIATED_MACROPHAGE; exact author metagene list; external only outside GSE136103
RAM2019_MAC_SIG_B_SAM,Ramachandran2019_Nature,scar-associated macrophage metagene B,macrophage_monocyte,BTG1,UP_IN_STATE,GSE136103,scRNA-seq,mixed nonviral cirrhosis,Supplementary Table 9,supplementary file,TRUE,REUSED,SCAR_ASSOCIATED_MACROPHAGE; exact author metagene list; external only outside GSE136103
RAM2019_MAC_SIG_B_SAM,Ramachandran2019_Nature,scar-associated macrophage metagene B,macrophage_monocyte,SNRPF,UP_IN_STATE,GSE136103,scRNA-seq,mixed nonviral cirrhosis,Supplementary Table 9,supplementary file,TRUE,REUSED,SCAR_ASSOCIATED_MACROPHAGE; exact author metagene list; external only outside GSE136103
RAM2019_MAC_SIG_B_SAM,Ramachandran2019_Nature,scar-associated macrophage metagene B,macrophage_monocyte,LTA4H,UP_IN_STATE,GSE136103,scRNA-seq,mixed nonviral cirrhosis,Supplementary Table 9,supplementary file,TRUE,REUSED,SCAR_ASSOCIATED_MACROPHAGE; exact author metagene list; external only outside GSE136103
RAM2019_MAC_SIG_B_SAM,Ramachandran2019_Nature,scar-associated macrophage metagene B,macrophage_monocyte,ISCU,UP_IN_STATE,GSE136103,scRNA-seq,mixed nonviral cirrhosis,Supplementary Table 9,supplementary file,TRUE,REUSED,SCAR_ASSOCIATED_MACROPHAGE; exact author metagene list; external only outside GSE136103
RAM2019_MAC_SIG_B_SAM,Ramachandran2019_Nature,scar-associated macrophage metagene B,macrophage_monocyte,ALDH2,UP_IN_STATE,GSE136103,scRNA-seq,mixed nonviral cirrhosis,Supplementary Table 9,supplementary file,TRUE,REUSED,SCAR_ASSOCIATED_MACROPHAGE; exact author metagene list; external only outside GSE136103
RAM2019_MAC_SIG_B_SAM,Ramachandran2019_Nature,scar-associated macrophage metagene B,macrophage_monocyte,RPL6,UP_IN_STATE,GSE136103,scRNA-seq,mixed nonviral cirrhosis,Supplementary Table 9,supplementary file,TRUE,REUSED,SCAR_ASSOCIATED_MACROPHAGE; exact author metagene list; external only outside GSE136103
RAM2019_MAC_SIG_B_SAM,Ramachandran2019_Nature,scar-associated macrophage metagene B,macrophage_monocyte,SDS,UP_IN_STATE,GSE136103,scRNA-seq,mixed nonviral cirrhosis,Supplementary Table 9,supplementary file,TRUE,REUSED,SCAR_ASSOCIATED_MACROPHAGE; exact author metagene list; external only outside GSE136103
RAM2019_MAC_SIG_B_SAM,Ramachandran2019_Nature,scar-associated macrophage metagene B,macrophage_monocyte,PEBP1,UP_IN_STATE,GSE136103,scRNA-seq,mixed nonviral cirrhosis,Supplementary Table 9,supplementary file,TRUE,REUSED,SCAR_ASSOCIATED_MACROPHAGE; exact author metagene list; external only outside GSE136103
RAM2019_MAC_SIG_B_SAM,Ramachandran2019_Nature,scar-associated macrophage metagene B,macrophage_monocyte,TAOK3,UP_IN_STATE,GSE136103,scRNA-seq,mixed nonviral cirrhosis,Supplementary Table 9,supplementary file,TRUE,REUSED,SCAR_ASSOCIATED_MACROPHAGE; exact author metagene list; external only outside GSE136103
RAM2019_MAC_SIG_B_SAM,Ramachandran2019_Nature,scar-associated macrophage metagene B,macrophage_monocyte,RPLP0,UP_IN_STATE,GSE136103,scRNA-seq,mixed nonviral cirrhosis,Supplementary Table 9,supplementary file,TRUE,REUSED,SCAR_ASSOCIATED_MACROPHAGE; exact author metagene list; external only outside GSE136103
RAM2019_MAC_SIG_B_SAM,Ramachandran2019_Nature,scar-associated macrophage metagene B,macrophage_monocyte,ARL6IP4,UP_IN_STATE,GSE136103,scRNA-seq,mixed nonviral cirrhosis,Supplementary Table 9,supplementary file,TRUE,REUSED,SCAR_ASSOCIATED_MACROPHAGE; exact author metagene list; external only outside GSE136103
RAM2019_MAC_SIG_B_SAM,Ramachandran2019_Nature,scar-associated macrophage metagene B,macrophage_monocyte,RILPL2,UP_IN_STATE,GSE136103,scRNA-seq,mixed nonviral cirrhosis,Supplementary Table 9,supplementary file,TRUE,REUSED,SCAR_ASSOCIATED_MACROPHAGE; exact author metagene list; external only outside GSE136103
RAM2019_MAC_SIG_B_SAM,Ramachandran2019_Nature,scar-associated macrophage metagene B,macrophage_monocyte,UBC,UP_IN_STATE,GSE136103,scRNA-seq,mixed nonviral cirrhosis,Supplementary Table 9,supplementary file,TRUE,REUSED,SCAR_ASSOCIATED_MACROPHAGE; exact author metagene list; external only outside GSE136103
RAM2019_MAC_SIG_B_SAM,Ramachandran2019_Nature,scar-associated macrophage metagene B,macrophage_monocyte,RPL21,UP_IN_STATE,GSE136103,scRNA-seq,mixed nonviral cirrhosis,Supplementary Table 9,supplementary file,TRUE,REUSED,SCAR_ASSOCIATED_MACROPHAGE; exact author metagene list; external only outside GSE136103
RAM2019_MAC_SIG_B_SAM,Ramachandran2019_Nature,scar-associated macrophage metagene B,macrophage_monocyte,POLR1D,UP_IN_STATE,GSE136103,scRNA-seq,mixed nonviral cirrhosis,Supplementary Table 9,supplementary file,TRUE,REUSED,SCAR_ASSOCIATED_MACROPHAGE; exact author metagene list; external only outside GSE136103
RAM2019_MAC_SIG_B_SAM,Ramachandran2019_Nature,scar-associated macrophage metagene B,macrophage_monocyte,POMP,UP_IN_STATE,GSE136103,scRNA-seq,mixed nonviral cirrhosis,Supplementary Table 9,supplementary file,TRUE,REUSED,SCAR_ASSOCIATED_MACROPHAGE; exact author metagene list; external only outside GSE136103
RAM2019_MAC_SIG_B_SAM,Ramachandran2019_Nature,scar-associated macrophage metagene B,macrophage_monocyte,ALOX5AP,UP_IN_STATE,GSE136103,scRNA-seq,mixed nonviral cirrhosis,Supplementary Table 9,supplementary file,TRUE,REUSED,SCAR_ASSOCIATED_MACROPHAGE; exact author metagene list; external only outside GSE136103
RAM2019_MAC_SIG_B_SAM,Ramachandran2019_Nature,scar-associated macrophage metagene B,macrophage_monocyte,N4BP2L2,UP_IN_STATE,GSE136103,scRNA-seq,mixed nonviral cirrhosis,Supplementary Table 9,supplementary file,TRUE,REUSED,SCAR_ASSOCIATED_MACROPHAGE; exact author metagene list; external only outside GSE136103
RAM2019_MAC_SIG_B_SAM,Ramachandran2019_Nature,scar-associated macrophage metagene B,macrophage_monocyte,EPSTI1,UP_IN_STATE,GSE136103,scRNA-seq,mixed nonviral cirrhosis,Supplementary Table 9,supplementary file,TRUE,REUSED,SCAR_ASSOCIATED_MACROPHAGE; exact author metagene list; external only outside GSE136103
RAM2019_MAC_SIG_B_SAM,Ramachandran2019_Nature,scar-associated macrophage metagene B,macrophage_monocyte,TPT1,UP_IN_STATE,GSE136103,scRNA-seq,mixed nonviral cirrhosis,Supplementary Table 9,supplementary file,TRUE,REUSED,SCAR_ASSOCIATED_MACROPHAGE; exact author metagene list; external only outside GSE136103
RAM2019_MAC_SIG_B_SAM,Ramachandran2019_Nature,scar-associated macrophage metagene B,macrophage_monocyte,LCP1,UP_IN_STATE,GSE136103,scRNA-seq,mixed nonviral cirrhosis,Supplementary Table 9,supplementary file,TRUE,REUSED,SCAR_ASSOCIATED_MACROPHAGE; exact author metagene list; external only outside GSE136103
RAM2019_MAC_SIG_B_SAM,Ramachandran2019_Nature,scar-associated macrophage metagene B,macrophage_monocyte,LPAR6,UP_IN_STATE,GSE136103,scRNA-seq,mixed nonviral cirrhosis,Supplementary Table 9,supplementary file,TRUE,REUSED,SCAR_ASSOCIATED_MACROPHAGE; exact author metagene list; external only outside GSE136103
RAM2019_MAC_SIG_B_SAM,Ramachandran2019_Nature,scar-associated macrophage metagene B,macrophage_monocyte,COMMD6,UP_IN_STATE,GSE136103,scRNA-seq,mixed nonviral cirrhosis,Supplementary Table 9,supplementary file,TRUE,REUSED,SCAR_ASSOCIATED_MACROPHAGE; exact author metagene list; external only outside GSE136103
RAM2019_MAC_SIG_B_SAM,Ramachandran2019_Nature,scar-associated macrophage metagene B,macrophage_monocyte,TNFSF13B,UP_IN_STATE,GSE136103,scRNA-seq,mixed nonviral cirrhosis,Supplementary Table 9,supplementary file,TRUE,REUSED,SCAR_ASSOCIATED_MACROPHAGE; exact author metagene list; external only outside GSE136103
RAM2019_MAC_SIG_B_SAM,Ramachandran2019_Nature,scar-associated macrophage metagene B,macrophage_monocyte,RNASE6,UP_IN_STATE,GSE136103,scRNA-seq,mixed nonviral cirrhosis,Supplementary Table 9,supplementary file,TRUE,REUSED,SCAR_ASSOCIATED_MACROPHAGE; exact author metagene list; external only outside GSE136103
RAM2019_MAC_SIG_B_SAM,Ramachandran2019_Nature,scar-associated macrophage metagene B,macrophage_monocyte,DAD1,UP_IN_STATE,GSE136103,scRNA-seq,mixed nonviral cirrhosis,Supplementary Table 9,supplementary file,TRUE,REUSED,SCAR_ASSOCIATED_MACROPHAGE; exact author metagene list; external only outside GSE136103
RAM2019_MAC_SIG_B_SAM,Ramachandran2019_Nature,scar-associated macrophage metagene B,macrophage_monocyte,OXA1L,UP_IN_STATE,GSE136103,scRNA-seq,mixed nonviral cirrhosis,Supplementary Table 9,supplementary file,TRUE,REUSED,SCAR_ASSOCIATED_MACROPHAGE; exact author metagene list; external only outside GSE136103
RAM2019_MAC_SIG_B_SAM,Ramachandran2019_Nature,scar-associated macrophage metagene B,macrophage_monocyte,PSME1,UP_IN_STATE,GSE136103,scRNA-seq,mixed nonviral cirrhosis,Supplementary Table 9,supplementary file,TRUE,REUSED,SCAR_ASSOCIATED_MACROPHAGE; exact author metagene list; external only outside GSE136103
RAM2019_MAC_SIG_B_SAM,Ramachandran2019_Nature,scar-associated macrophage metagene B,macrophage_monocyte,BAZ1A,UP_IN_STATE,GSE136103,scRNA-seq,mixed nonviral cirrhosis,Supplementary Table 9,supplementary file,TRUE,REUSED,SCAR_ASSOCIATED_MACROPHAGE; exact author metagene list; external only outside GSE136103
RAM2019_MAC_SIG_B_SAM,Ramachandran2019_Nature,scar-associated macrophage metagene B,macrophage_monocyte,RPS29,UP_IN_STATE,GSE136103,scRNA-seq,mixed nonviral cirrhosis,Supplementary Table 9,supplementary file,TRUE,REUSED,SCAR_ASSOCIATED_MACROPHAGE; exact author metagene list; external only outside GSE136103
RAM2019_MAC_SIG_B_SAM,Ramachandran2019_Nature,scar-associated macrophage metagene B,macrophage_monocyte,RPL36AL,UP_IN_STATE,GSE136103,scRNA-seq,mixed nonviral cirrhosis,Supplementary Table 9,supplementary file,TRUE,REUSED,SCAR_ASSOCIATED_MACROPHAGE; exact author metagene list; external only outside GSE136103
RAM2019_MAC_SIG_B_SAM,Ramachandran2019_Nature,scar-associated macrophage metagene B,macrophage_monocyte,ARF6,UP_IN_STATE,GSE136103,scRNA-seq,mixed nonviral cirrhosis,Supplementary Table 9,supplementary file,TRUE,REUSED,SCAR_ASSOCIATED_MACROPHAGE; exact author metagene list; external only outside GSE136103
RAM2019_MAC_SIG_B_SAM,Ramachandran2019_Nature,scar-associated macrophage metagene B,macrophage_monocyte,LGALS3,UP_IN_STATE,GSE136103,scRNA-seq,mixed nonviral cirrhosis,Supplementary Table 9,supplementary file,TRUE,REUSED,SCAR_ASSOCIATED_MACROPHAGE; exact author metagene list; external only outside GSE136103
RAM2019_MAC_SIG_B_SAM,Ramachandran2019_Nature,scar-associated macrophage metagene B,macrophage_monocyte,SRSF5,UP_IN_STATE,GSE136103,scRNA-seq,mixed nonviral cirrhosis,Supplementary Table 9,supplementary file,TRUE,REUSED,SCAR_ASSOCIATED_MACROPHAGE; exact author metagene list; external only outside GSE136103
RAM2019_MAC_SIG_B_SAM,Ramachandran2019_Nature,scar-associated macrophage metagene B,macrophage_monocyte,NDUFB1,UP_IN_STATE,GSE136103,scRNA-seq,mixed nonviral cirrhosis,Supplementary Table 9,supplementary file,TRUE,REUSED,SCAR_ASSOCIATED_MACROPHAGE; exact author metagene list; external only outside GSE136103
RAM2019_MAC_SIG_B_SAM,Ramachandran2019_Nature,scar-associated macrophage metagene B,macrophage_monocyte,SERPINA1,UP_IN_STATE,GSE136103,scRNA-seq,mixed nonviral cirrhosis,Supplementary Table 9,supplementary file,TRUE,REUSED,SCAR_ASSOCIATED_MACROPHAGE; exact author metagene list; external only outside GSE136103
RAM2019_MAC_SIG_B_SAM,Ramachandran2019_Nature,scar-associated macrophage metagene B,macrophage_monocyte,HSP90AA1,UP_IN_STATE,GSE136103,scRNA-seq,mixed nonviral cirrhosis,Supplementary Table 9,supplementary file,TRUE,REUSED,SCAR_ASSOCIATED_MACROPHAGE; exact author metagene list; external only outside GSE136103
RAM2019_MAC_SIG_B_SAM,Ramachandran2019_Nature,scar-associated macrophage metagene B,macrophage_monocyte,C14orf2,UP_IN_STATE,GSE136103,scRNA-seq,mixed nonviral cirrhosis,Supplementary Table 9,supplementary file,TRUE,REUSED,SCAR_ASSOCIATED_MACROPHAGE; exact author metagene list; external only outside GSE136103
RAM2019_MAC_SIG_B_SAM,Ramachandran2019_Nature,scar-associated macrophage metagene B,macrophage_monocyte,PLD4,UP_IN_STATE,GSE136103,scRNA-seq,mixed nonviral cirrhosis,Supplementary Table 9,supplementary file,TRUE,REUSED,SCAR_ASSOCIATED_MACROPHAGE; exact author metagene list; external only outside GSE136103
RAM2019_MAC_SIG_B_SAM,Ramachandran2019_Nature,scar-associated macrophage metagene B,macrophage_monocyte,IGHA1,UP_IN_STATE,GSE136103,scRNA-seq,mixed nonviral cirrhosis,Supplementary Table 9,supplementary file,TRUE,REUSED,SCAR_ASSOCIATED_MACROPHAGE; exact author metagene list; external only outside GSE136103
RAM2019_MAC_SIG_B_SAM,Ramachandran2019_Nature,scar-associated macrophage metagene B,macrophage_monocyte,IGHG1,UP_IN_STATE,GSE136103,scRNA-seq,mixed nonviral cirrhosis,Supplementary Table 9,supplementary file,TRUE,REUSED,SCAR_ASSOCIATED_MACROPHAGE; exact author metagene list; external only outside GSE136103
RAM2019_MAC_SIG_B_SAM,Ramachandran2019_Nature,scar-associated macrophage metagene B,macrophage_monocyte,IGHG3,UP_IN_STATE,GSE136103,scRNA-seq,mixed nonviral cirrhosis,Supplementary Table 9,supplementary file,TRUE,REUSED,SCAR_ASSOCIATED_MACROPHAGE; exact author metagene list; external only outside GSE136103
RAM2019_MAC_SIG_B_SAM,Ramachandran2019_Nature,scar-associated macrophage metagene B,macrophage_monocyte,IGHM,UP_IN_STATE,GSE136103,scRNA-seq,mixed nonviral cirrhosis,Supplementary Table 9,supplementary file,TRUE,REUSED,SCAR_ASSOCIATED_MACROPHAGE; exact author metagene list; external only outside GSE136103
RAM2019_MAC_SIG_B_SAM,Ramachandran2019_Nature,scar-associated macrophage metagene B,macrophage_monocyte,NOP10,UP_IN_STATE,GSE136103,scRNA-seq,mixed nonviral cirrhosis,Supplementary Table 9,supplementary file,TRUE,REUSED,SCAR_ASSOCIATED_MACROPHAGE; exact author metagene list; external only outside GSE136103
RAM2019_MAC_SIG_B_SAM,Ramachandran2019_Nature,scar-associated macrophage metagene B,macrophage_monocyte,PDIA3,UP_IN_STATE,GSE136103,scRNA-seq,mixed nonviral cirrhosis,Supplementary Table 9,supplementary file,TRUE,REUSED,SCAR_ASSOCIATED_MACROPHAGE; exact author metagene list; external only outside GSE136103
RAM2019_MAC_SIG_B_SAM,Ramachandran2019_Nature,scar-associated macrophage metagene B,macrophage_monocyte,SERF2,UP_IN_STATE,GSE136103,scRNA-seq,mixed nonviral cirrhosis,Supplementary Table 9,supplementary file,TRUE,REUSED,SCAR_ASSOCIATED_MACROPHAGE; exact author metagene list; external only outside GSE136103
RAM2019_MAC_SIG_B_SAM,Ramachandran2019_Nature,scar-associated macrophage metagene B,macrophage_monocyte,EID1,UP_IN_STATE,GSE136103,scRNA-seq,mixed nonviral cirrhosis,Supplementary Table 9,supplementary file,TRUE,REUSED,SCAR_ASSOCIATED_MACROPHAGE; exact author metagene list; external only outside GSE136103
RAM2019_MAC_SIG_B_SAM,Ramachandran2019_Nature,scar-associated macrophage metagene B,macrophage_monocyte,LYSMD2,UP_IN_STATE,GSE136103,scRNA-seq,mixed nonviral cirrhosis,Supplementary Table 9,supplementary file,TRUE,REUSED,SCAR_ASSOCIATED_MACROPHAGE; exact author metagene list; external only outside GSE136103
RAM2019_MAC_SIG_B_SAM,Ramachandran2019_Nature,scar-associated macrophage metagene B,macrophage_monocyte,RSL24D1,UP_IN_STATE,GSE136103,scRNA-seq,mixed nonviral cirrhosis,Supplementary Table 9,supplementary file,TRUE,REUSED,SCAR_ASSOCIATED_MACROPHAGE; exact author metagene list; external only outside GSE136103
RAM2019_MAC_SIG_B_SAM,Ramachandran2019_Nature,scar-associated macrophage metagene B,macrophage_monocyte,ANXA2,UP_IN_STATE,GSE136103,scRNA-seq,mixed nonviral cirrhosis,Supplementary Table 9,supplementary file,TRUE,REUSED,SCAR_ASSOCIATED_MACROPHAGE; exact author metagene list; external only outside GSE136103
RAM2019_MAC_SIG_B_SAM,Ramachandran2019_Nature,scar-associated macrophage metagene B,macrophage_monocyte,LACTB,UP_IN_STATE,GSE136103,scRNA-seq,mixed nonviral cirrhosis,Supplementary Table 9,supplementary file,TRUE,REUSED,SCAR_ASSOCIATED_MACROPHAGE; exact author metagene list; external only outside GSE136103
RAM2019_MAC_SIG_B_SAM,Ramachandran2019_Nature,scar-associated macrophage metagene B,macrophage_monocyte,RPS27L,UP_IN_STATE,GSE136103,scRNA-seq,mixed nonviral cirrhosis,Supplementary Table 9,supplementary file,TRUE,REUSED,SCAR_ASSOCIATED_MACROPHAGE; exact author metagene list; external only outside GSE136103
RAM2019_MAC_SIG_B_SAM,Ramachandran2019_Nature,scar-associated macrophage metagene B,macrophage_monocyte,OAZ2,UP_IN_STATE,GSE136103,scRNA-seq,mixed nonviral cirrhosis,Supplementary Table 9,supplementary file,TRUE,REUSED,SCAR_ASSOCIATED_MACROPHAGE; exact author metagene list; external only outside GSE136103
RAM2019_MAC_SIG_B_SAM,Ramachandran2019_Nature,scar-associated macrophage metagene B,macrophage_monocyte,RPL4,UP_IN_STATE,GSE136103,scRNA-seq,mixed nonviral cirrhosis,Supplementary Table 9,supplementary file,TRUE,REUSED,SCAR_ASSOCIATED_MACROPHAGE; exact author metagene list; external only outside GSE136103
RAM2019_MAC_SIG_B_SAM,Ramachandran2019_Nature,scar-associated macrophage metagene B,macrophage_monocyte,RPLP1,UP_IN_STATE,GSE136103,scRNA-seq,mixed nonviral cirrhosis,Supplementary Table 9,supplementary file,TRUE,REUSED,SCAR_ASSOCIATED_MACROPHAGE; exact author metagene list; external only outside GSE136103
RAM2019_MAC_SIG_B_SAM,Ramachandran2019_Nature,scar-associated macrophage metagene B,macrophage_monocyte,HEXA,UP_IN_STATE,GSE136103,scRNA-seq,mixed nonviral cirrhosis,Supplementary Table 9,supplementary file,TRUE,REUSED,SCAR_ASSOCIATED_MACROPHAGE; exact author metagene list; external only outside GSE136103
RAM2019_MAC_SIG_B_SAM,Ramachandran2019_Nature,scar-associated macrophage metagene B,macrophage_monocyte,CSK,UP_IN_STATE,GSE136103,scRNA-seq,mixed nonviral cirrhosis,Supplementary Table 9,supplementary file,TRUE,REUSED,SCAR_ASSOCIATED_MACROPHAGE; exact author metagene list; external only outside GSE136103
RAM2019_MAC_SIG_B_SAM,Ramachandran2019_Nature,scar-associated macrophage metagene B,macrophage_monocyte,SCAMP2,UP_IN_STATE,GSE136103,scRNA-seq,mixed nonviral cirrhosis,Supplementary Table 9,supplementary file,TRUE,REUSED,SCAR_ASSOCIATED_MACROPHAGE; exact author metagene list; external only outside GSE136103
RAM2019_MAC_SIG_B_SAM,Ramachandran2019_Nature,scar-associated macrophage metagene B,macrophage_monocyte,MORF4L1,UP_IN_STATE,GSE136103,scRNA-seq,mixed nonviral cirrhosis,Supplementary Table 9,supplementary file,TRUE,REUSED,SCAR_ASSOCIATED_MACROPHAGE; exact author metagene list; external only outside GSE136103
RAM2019_MAC_SIG_B_SAM,Ramachandran2019_Nature,scar-associated macrophage metagene B,macrophage_monocyte,BCL2A1,UP_IN_STATE,GSE136103,scRNA-seq,mixed nonviral cirrhosis,Supplementary Table 9,supplementary file,TRUE,REUSED,SCAR_ASSOCIATED_MACROPHAGE; exact author metagene list; external only outside GSE136103
RAM2019_MAC_SIG_B_SAM,Ramachandran2019_Nature,scar-associated macrophage metagene B,macrophage_monocyte,RPS17,UP_IN_STATE,GSE136103,scRNA-seq,mixed nonviral cirrhosis,Supplementary Table 9,supplementary file,TRUE,REUSED,SCAR_ASSOCIATED_MACROPHAGE; exact author metagene list; external only outside GSE136103
RAM2019_MAC_SIG_B_SAM,Ramachandran2019_Nature,scar-associated macrophage metagene B,macrophage_monocyte,SEC11A,UP_IN_STATE,GSE136103,scRNA-seq,mixed nonviral cirrhosis,Supplementary Table 9,supplementary file,TRUE,REUSED,SCAR_ASSOCIATED_MACROPHAGE; exact author metagene list; external only outside GSE136103
RAM2019_MAC_SIG_B_SAM,Ramachandran2019_Nature,scar-associated macrophage metagene B,macrophage_monocyte,CIB1,UP_IN_STATE,GSE136103,scRNA-seq,mixed nonviral cirrhosis,Supplementary Table 9,supplementary file,TRUE,REUSED,SCAR_ASSOCIATED_MACROPHAGE; exact author metagene list; external only outside GSE136103
RAM2019_MAC_SIG_B_SAM,Ramachandran2019_Nature,scar-associated macrophage metagene B,macrophage_monocyte,NDUFB10,UP_IN_STATE,GSE136103,scRNA-seq,mixed nonviral cirrhosis,Supplementary Table 9,supplementary file,TRUE,REUSED,SCAR_ASSOCIATED_MACROPHAGE; exact author metagene list; external only outside GSE136103
RAM2019_MAC_SIG_B_SAM,Ramachandran2019_Nature,scar-associated macrophage metagene B,macrophage_monocyte,RPS2,UP_IN_STATE,GSE136103,scRNA-seq,mixed nonviral cirrhosis,Supplementary Table 9,supplementary file,TRUE,REUSED,SCAR_ASSOCIATED_MACROPHAGE; exact author metagene list; external only outside GSE136103
RAM2019_MAC_SIG_B_SAM,Ramachandran2019_Nature,scar-associated macrophage metagene B,macrophage_monocyte,RNPS1,UP_IN_STATE,GSE136103,scRNA-seq,mixed nonviral cirrhosis,Supplementary Table 9,supplementary file,TRUE,REUSED,SCAR_ASSOCIATED_MACROPHAGE; exact author metagene list; external only outside GSE136103
RAM2019_MAC_SIG_B_SAM,Ramachandran2019_Nature,scar-associated macrophage metagene B,macrophage_monocyte,TCEB2,UP_IN_STATE,GSE136103,scRNA-seq,mixed nonviral cirrhosis,Supplementary Table 9,supplementary file,TRUE,REUSED,SCAR_ASSOCIATED_MACROPHAGE; exact author metagene list; external only outside GSE136103
RAM2019_MAC_SIG_B_SAM,Ramachandran2019_Nature,scar-associated macrophage metagene B,macrophage_monocyte,RPS15A,UP_IN_STATE,GSE136103,scRNA-seq,mixed nonviral cirrhosis,Supplementary Table 9,supplementary file,TRUE,REUSED,SCAR_ASSOCIATED_MACROPHAGE; exact author metagene list; external only outside GSE136103
RAM2019_MAC_SIG_B_SAM,Ramachandran2019_Nature,scar-associated macrophage metagene B,macrophage_monocyte,SPN,UP_IN_STATE,GSE136103,scRNA-seq,mixed nonviral cirrhosis,Supplementary Table 9,supplementary file,TRUE,REUSED,SCAR_ASSOCIATED_MACROPHAGE; exact author metagene list; external only outside GSE136103
RAM2019_MAC_SIG_B_SAM,Ramachandran2019_Nature,scar-associated macrophage metagene B,macrophage_monocyte,TMEM219,UP_IN_STATE,GSE136103,scRNA-seq,mixed nonviral cirrhosis,Supplementary Table 9,supplementary file,TRUE,REUSED,SCAR_ASSOCIATED_MACROPHAGE; exact author metagene list; external only outside GSE136103
RAM2019_MAC_SIG_B_SAM,Ramachandran2019_Nature,scar-associated macrophage metagene B,macrophage_monocyte,ALDOA,UP_IN_STATE,GSE136103,scRNA-seq,mixed nonviral cirrhosis,Supplementary Table 9,supplementary file,TRUE,REUSED,SCAR_ASSOCIATED_MACROPHAGE; exact author metagene list; external only outside GSE136103
RAM2019_MAC_SIG_B_SAM,Ramachandran2019_Nature,scar-associated macrophage metagene B,macrophage_monocyte,CORO1A,UP_IN_STATE,GSE136103,scRNA-seq,mixed nonviral cirrhosis,Supplementary Table 9,supplementary file,TRUE,REUSED,SCAR_ASSOCIATED_MACROPHAGE; exact author metagene list; external only outside GSE136103
RAM2019_MAC_SIG_B_SAM,Ramachandran2019_Nature,scar-associated macrophage metagene B,macrophage_monocyte,FUS,UP_IN_STATE,GSE136103,scRNA-seq,mixed nonviral cirrhosis,Supplementary Table 9,supplementary file,TRUE,REUSED,SCAR_ASSOCIATED_MACROPHAGE; exact author metagene list; external only outside GSE136103
RAM2019_MAC_SIG_B_SAM,Ramachandran2019_Nature,scar-associated macrophage metagene B,macrophage_monocyte,PYCARD,UP_IN_STATE,GSE136103,scRNA-seq,mixed nonviral cirrhosis,Supplementary Table 9,supplementary file,TRUE,REUSED,SCAR_ASSOCIATED_MACROPHAGE; exact author metagene list; external only outside GSE136103
RAM2019_MAC_SIG_B_SAM,Ramachandran2019_Nature,scar-associated macrophage metagene B,macrophage_monocyte,VPS35,UP_IN_STATE,GSE136103,scRNA-seq,mixed nonviral cirrhosis,Supplementary Table 9,supplementary file,TRUE,REUSED,SCAR_ASSOCIATED_MACROPHAGE; exact author metagene list; external only outside GSE136103
RAM2019_MAC_SIG_B_SAM,Ramachandran2019_Nature,scar-associated macrophage metagene B,macrophage_monocyte,CKLF,UP_IN_STATE,GSE136103,scRNA-seq,mixed nonviral cirrhosis,Supplementary Table 9,supplementary file,TRUE,REUSED,SCAR_ASSOCIATED_MACROPHAGE; exact author metagene list; external only outside GSE136103
RAM2019_MAC_SIG_B_SAM,Ramachandran2019_Nature,scar-associated macrophage metagene B,macrophage_monocyte,CMTM3,UP_IN_STATE,GSE136103,scRNA-seq,mixed nonviral cirrhosis,Supplementary Table 9,supplementary file,TRUE,REUSED,SCAR_ASSOCIATED_MACROPHAGE; exact author metagene list; external only outside GSE136103
RAM2019_MAC_SIG_B_SAM,Ramachandran2019_Nature,scar-associated macrophage metagene B,macrophage_monocyte,HSBP1,UP_IN_STATE,GSE136103,scRNA-seq,mixed nonviral cirrhosis,Supplementary Table 9,supplementary file,TRUE,REUSED,SCAR_ASSOCIATED_MACROPHAGE; exact author metagene list; external only outside GSE136103
RAM2019_MAC_SIG_B_SAM,Ramachandran2019_Nature,scar-associated macrophage metagene B,macrophage_monocyte,COTL1,UP_IN_STATE,GSE136103,scRNA-seq,mixed nonviral cirrhosis,Supplementary Table 9,supplementary file,TRUE,REUSED,SCAR_ASSOCIATED_MACROPHAGE; exact author metagene list; external only outside GSE136103
RAM2019_MAC_SIG_B_SAM,Ramachandran2019_Nature,scar-associated macrophage metagene B,macrophage_monocyte,COX4I1,UP_IN_STATE,GSE136103,scRNA-seq,mixed nonviral cirrhosis,Supplementary Table 9,supplementary file,TRUE,REUSED,SCAR_ASSOCIATED_MACROPHAGE; exact author metagene list; external only outside GSE136103
RAM2019_MAC_SIG_B_SAM,Ramachandran2019_Nature,scar-associated macrophage metagene B,macrophage_monocyte,CYBA,UP_IN_STATE,GSE136103,scRNA-seq,mixed nonviral cirrhosis,Supplementary Table 9,supplementary file,TRUE,REUSED,SCAR_ASSOCIATED_MACROPHAGE; exact author metagene list; external only outside GSE136103
RAM2019_MAC_SIG_B_SAM,Ramachandran2019_Nature,scar-associated macrophage metagene B,macrophage_monocyte,APRT,UP_IN_STATE,GSE136103,scRNA-seq,mixed nonviral cirrhosis,Supplementary Table 9,supplementary file,TRUE,REUSED,SCAR_ASSOCIATED_MACROPHAGE; exact author metagene list; external only outside GSE136103
RAM2019_MAC_SIG_B_SAM,Ramachandran2019_Nature,scar-associated macrophage metagene B,macrophage_monocyte,RPL13,UP_IN_STATE,GSE136103,scRNA-seq,mixed nonviral cirrhosis,Supplementary Table 9,supplementary file,TRUE,REUSED,SCAR_ASSOCIATED_MACROPHAGE; exact author metagene list; external only outside GSE136103
RAM2019_MAC_SIG_B_SAM,Ramachandran2019_Nature,scar-associated macrophage metagene B,macrophage_monocyte,PFN1,UP_IN_STATE,GSE136103,scRNA-seq,mixed nonviral cirrhosis,Supplementary Table 9,supplementary file,TRUE,REUSED,SCAR_ASSOCIATED_MACROPHAGE; exact author metagene list; external only outside GSE136103
RAM2019_MAC_SIG_B_SAM,Ramachandran2019_Nature,scar-associated macrophage metagene B,macrophage_monocyte,TMEM256,UP_IN_STATE,GSE136103,scRNA-seq,mixed nonviral cirrhosis,Supplementary Table 9,supplementary file,TRUE,REUSED,SCAR_ASSOCIATED_MACROPHAGE; exact author metagene list; external only outside GSE136103
RAM2019_MAC_SIG_B_SAM,Ramachandran2019_Nature,scar-associated macrophage metagene B,macrophage_monocyte,TRAPPC1,UP_IN_STATE,GSE136103,scRNA-seq,mixed nonviral cirrhosis,Supplementary Table 9,supplementary file,TRUE,REUSED,SCAR_ASSOCIATED_MACROPHAGE; exact author metagene list; external only outside GSE136103
RAM2019_MAC_SIG_B_SAM,Ramachandran2019_Nature,scar-associated macrophage metagene B,macrophage_monocyte,VAMP2,UP_IN_STATE,GSE136103,scRNA-seq,mixed nonviral cirrhosis,Supplementary Table 9,supplementary file,TRUE,REUSED,SCAR_ASSOCIATED_MACROPHAGE; exact author metagene list; external only outside GSE136103
RAM2019_MAC_SIG_B_SAM,Ramachandran2019_Nature,scar-associated macrophage metagene B,macrophage_monocyte,RPL26,UP_IN_STATE,GSE136103,scRNA-seq,mixed nonviral cirrhosis,Supplementary Table 9,supplementary file,TRUE,REUSED,SCAR_ASSOCIATED_MACROPHAGE; exact author metagene list; external only outside GSE136103
RAM2019_MAC_SIG_B_SAM,Ramachandran2019_Nature,scar-associated macrophage metagene B,macrophage_monocyte,MTRNR2L1,UP_IN_STATE,GSE136103,scRNA-seq,mixed nonviral cirrhosis,Supplementary Table 9,supplementary file,TRUE,REUSED,SCAR_ASSOCIATED_MACROPHAGE; exact author metagene list; external only outside GSE136103
RAM2019_MAC_SIG_B_SAM,Ramachandran2019_Nature,scar-associated macrophage metagene B,macrophage_monocyte,LGALS9,UP_IN_STATE,GSE136103,scRNA-seq,mixed nonviral cirrhosis,Supplementary Table 9,supplementary file,TRUE,REUSED,SCAR_ASSOCIATED_MACROPHAGE; exact author metagene list; external only outside GSE136103
RAM2019_MAC_SIG_B_SAM,Ramachandran2019_Nature,scar-associated macrophage metagene B,macrophage_monocyte,RPL23A,UP_IN_STATE,GSE136103,scRNA-seq,mixed nonviral cirrhosis,Supplementary Table 9,supplementary file,TRUE,REUSED,SCAR_ASSOCIATED_MACROPHAGE; exact author metagene list; external only outside GSE136103
RAM2019_MAC_SIG_B_SAM,Ramachandran2019_Nature,scar-associated macrophage metagene B,macrophage_monocyte,EVI2B,UP_IN_STATE,GSE136103,scRNA-seq,mixed nonviral cirrhosis,Supplementary Table 9,supplementary file,TRUE,REUSED,SCAR_ASSOCIATED_MACROPHAGE; exact author metagene list; external only outside GSE136103
RAM2019_MAC_SIG_B_SAM,Ramachandran2019_Nature,scar-associated macrophage metagene B,macrophage_monocyte,EVI2A,UP_IN_STATE,GSE136103,scRNA-seq,mixed nonviral cirrhosis,Supplementary Table 9,supplementary file,TRUE,REUSED,SCAR_ASSOCIATED_MACROPHAGE; exact author metagene list; external only outside GSE136103
RAM2019_MAC_SIG_B_SAM,Ramachandran2019_Nature,scar-associated macrophage metagene B,macrophage_monocyte,RPL23,UP_IN_STATE,GSE136103,scRNA-seq,mixed nonviral cirrhosis,Supplementary Table 9,supplementary file,TRUE,REUSED,SCAR_ASSOCIATED_MACROPHAGE; exact author metagene list; external only outside GSE136103
RAM2019_MAC_SIG_B_SAM,Ramachandran2019_Nature,scar-associated macrophage metagene B,macrophage_monocyte,RPL19,UP_IN_STATE,GSE136103,scRNA-seq,mixed nonviral cirrhosis,Supplementary Table 9,supplementary file,TRUE,REUSED,SCAR_ASSOCIATED_MACROPHAGE; exact author metagene list; external only outside GSE136103
RAM2019_MAC_SIG_B_SAM,Ramachandran2019_Nature,scar-associated macrophage metagene B,macrophage_monocyte,EIF1,UP_IN_STATE,GSE136103,scRNA-seq,mixed nonviral cirrhosis,Supplementary Table 9,supplementary file,TRUE,REUSED,SCAR_ASSOCIATED_MACROPHAGE; exact author metagene list; external only outside GSE136103
RAM2019_MAC_SIG_B_SAM,Ramachandran2019_Nature,scar-associated macrophage metagene B,macrophage_monocyte,DNAJC7,UP_IN_STATE,GSE136103,scRNA-seq,mixed nonviral cirrhosis,Supplementary Table 9,supplementary file,TRUE,REUSED,SCAR_ASSOCIATED_MACROPHAGE; exact author metagene list; external only outside GSE136103
RAM2019_MAC_SIG_B_SAM,Ramachandran2019_Nature,scar-associated macrophage metagene B,macrophage_monocyte,RPL27,UP_IN_STATE,GSE136103,scRNA-seq,mixed nonviral cirrhosis,Supplementary Table 9,supplementary file,TRUE,REUSED,SCAR_ASSOCIATED_MACROPHAGE; exact author metagene list; external only outside GSE136103
RAM2019_MAC_SIG_B_SAM,Ramachandran2019_Nature,scar-associated macrophage metagene B,macrophage_monocyte,GRN,UP_IN_STATE,GSE136103,scRNA-seq,mixed nonviral cirrhosis,Supplementary Table 9,supplementary file,TRUE,REUSED,SCAR_ASSOCIATED_MACROPHAGE; exact author metagene list; external only outside GSE136103
RAM2019_MAC_SIG_B_SAM,Ramachandran2019_Nature,scar-associated macrophage metagene B,macrophage_monocyte,FMNL1,UP_IN_STATE,GSE136103,scRNA-seq,mixed nonviral cirrhosis,Supplementary Table 9,supplementary file,TRUE,REUSED,SCAR_ASSOCIATED_MACROPHAGE; exact author metagene list; external only outside GSE136103
RAM2019_MAC_SIG_B_SAM,Ramachandran2019_Nature,scar-associated macrophage metagene B,macrophage_monocyte,LUC7L3,UP_IN_STATE,GSE136103,scRNA-seq,mixed nonviral cirrhosis,Supplementary Table 9,supplementary file,TRUE,REUSED,SCAR_ASSOCIATED_MACROPHAGE; exact author metagene list; external only outside GSE136103
RAM2019_MAC_SIG_B_SAM,Ramachandran2019_Nature,scar-associated macrophage metagene B,macrophage_monocyte,SCPEP1,UP_IN_STATE,GSE136103,scRNA-seq,mixed nonviral cirrhosis,Supplementary Table 9,supplementary file,TRUE,REUSED,SCAR_ASSOCIATED_MACROPHAGE; exact author metagene list; external only outside GSE136103
RAM2019_MAC_SIG_B_SAM,Ramachandran2019_Nature,scar-associated macrophage metagene B,macrophage_monocyte,RP5-1171I10.5,UP_IN_STATE,GSE136103,scRNA-seq,mixed nonviral cirrhosis,Supplementary Table 9,supplementary file,TRUE,REUSED,SCAR_ASSOCIATED_MACROPHAGE; exact author metagene list; external only outside GSE136103
RAM2019_MAC_SIG_B_SAM,Ramachandran2019_Nature,scar-associated macrophage metagene B,macrophage_monocyte,SUPT4H1,UP_IN_STATE,GSE136103,scRNA-seq,mixed nonviral cirrhosis,Supplementary Table 9,supplementary file,TRUE,REUSED,SCAR_ASSOCIATED_MACROPHAGE; exact author metagene list; external only outside GSE136103
RAM2019_MAC_SIG_B_SAM,Ramachandran2019_Nature,scar-associated macrophage metagene B,macrophage_monocyte,LIMD2,UP_IN_STATE,GSE136103,scRNA-seq,mixed nonviral cirrhosis,Supplementary Table 9,supplementary file,TRUE,REUSED,SCAR_ASSOCIATED_MACROPHAGE; exact author metagene list; external only outside GSE136103
RAM2019_MAC_SIG_B_SAM,Ramachandran2019_Nature,scar-associated macrophage metagene B,macrophage_monocyte,PSMC5,UP_IN_STATE,GSE136103,scRNA-seq,mixed nonviral cirrhosis,Supplementary Table 9,supplementary file,TRUE,REUSED,SCAR_ASSOCIATED_MACROPHAGE; exact author metagene list; external only outside GSE136103
RAM2019_MAC_SIG_B_SAM,Ramachandran2019_Nature,scar-associated macrophage metagene B,macrophage_monocyte,DDX5,UP_IN_STATE,GSE136103,scRNA-seq,mixed nonviral cirrhosis,Supplementary Table 9,supplementary file,TRUE,REUSED,SCAR_ASSOCIATED_MACROPHAGE; exact author metagene list; external only outside GSE136103
RAM2019_MAC_SIG_B_SAM,Ramachandran2019_Nature,scar-associated macrophage metagene B,macrophage_monocyte,RPL38,UP_IN_STATE,GSE136103,scRNA-seq,mixed nonviral cirrhosis,Supplementary Table 9,supplementary file,TRUE,REUSED,SCAR_ASSOCIATED_MACROPHAGE; exact author metagene list; external only outside GSE136103
RAM2019_MAC_SIG_B_SAM,Ramachandran2019_Nature,scar-associated macrophage metagene B,macrophage_monocyte,CD300A,UP_IN_STATE,GSE136103,scRNA-seq,mixed nonviral cirrhosis,Supplementary Table 9,supplementary file,TRUE,REUSED,SCAR_ASSOCIATED_MACROPHAGE; exact author metagene list; external only outside GSE136103
RAM2019_MAC_SIG_B_SAM,Ramachandran2019_Nature,scar-associated macrophage metagene B,macrophage_monocyte,MIF4GD,UP_IN_STATE,GSE136103,scRNA-seq,mixed nonviral cirrhosis,Supplementary Table 9,supplementary file,TRUE,REUSED,SCAR_ASSOCIATED_MACROPHAGE; exact author metagene list; external only outside GSE136103
RAM2019_MAC_SIG_B_SAM,Ramachandran2019_Nature,scar-associated macrophage metagene B,macrophage_monocyte,GRB2,UP_IN_STATE,GSE136103,scRNA-seq,mixed nonviral cirrhosis,Supplementary Table 9,supplementary file,TRUE,REUSED,SCAR_ASSOCIATED_MACROPHAGE; exact author metagene list; external only outside GSE136103
RAM2019_MAC_SIG_B_SAM,Ramachandran2019_Nature,scar-associated macrophage metagene B,macrophage_monocyte,H3F3B,UP_IN_STATE,GSE136103,scRNA-seq,mixed nonviral cirrhosis,Supplementary Table 9,supplementary file,TRUE,REUSED,SCAR_ASSOCIATED_MACROPHAGE; exact author metagene list; external only outside GSE136103
RAM2019_MAC_SIG_B_SAM,Ramachandran2019_Nature,scar-associated macrophage metagene B,macrophage_monocyte,SEPT9,UP_IN_STATE,GSE136103,scRNA-seq,mixed nonviral cirrhosis,Supplementary Table 9,supplementary file,TRUE,REUSED,SCAR_ASSOCIATED_MACROPHAGE; exact author metagene list; external only outside GSE136103
RAM2019_MAC_SIG_B_SAM,Ramachandran2019_Nature,scar-associated macrophage metagene B,macrophage_monocyte,SOCS3,UP_IN_STATE,GSE136103,scRNA-seq,mixed nonviral cirrhosis,Supplementary Table 9,supplementary file,TRUE,REUSED,SCAR_ASSOCIATED_MACROPHAGE; exact author metagene list; external only outside GSE136103
RAM2019_MAC_SIG_B_SAM,Ramachandran2019_Nature,scar-associated macrophage metagene B,macrophage_monocyte,EIF4A3,UP_IN_STATE,GSE136103,scRNA-seq,mixed nonviral cirrhosis,Supplementary Table 9,supplementary file,TRUE,REUSED,SCAR_ASSOCIATED_MACROPHAGE; exact author metagene list; external only outside GSE136103
RAM2019_MAC_SIG_B_SAM,Ramachandran2019_Nature,scar-associated macrophage metagene B,macrophage_monocyte,ACTG1,UP_IN_STATE,GSE136103,scRNA-seq,mixed nonviral cirrhosis,Supplementary Table 9,supplementary file,TRUE,REUSED,SCAR_ASSOCIATED_MACROPHAGE; exact author metagene list; external only outside GSE136103
RAM2019_MAC_SIG_B_SAM,Ramachandran2019_Nature,scar-associated macrophage metagene B,macrophage_monocyte,SLC16A3,UP_IN_STATE,GSE136103,scRNA-seq,mixed nonviral cirrhosis,Supplementary Table 9,supplementary file,TRUE,REUSED,SCAR_ASSOCIATED_MACROPHAGE; exact author metagene list; external only outside GSE136103
RAM2019_MAC_SIG_B_SAM,Ramachandran2019_Nature,scar-associated macrophage metagene B,macrophage_monocyte,TGIF1,UP_IN_STATE,GSE136103,scRNA-seq,mixed nonviral cirrhosis,Supplementary Table 9,supplementary file,TRUE,REUSED,SCAR_ASSOCIATED_MACROPHAGE; exact author metagene list; external only outside GSE136103
RAM2019_MAC_SIG_B_SAM,Ramachandran2019_Nature,scar-associated macrophage metagene B,macrophage_monocyte,ANKRD12,UP_IN_STATE,GSE136103,scRNA-seq,mixed nonviral cirrhosis,Supplementary Table 9,supplementary file,TRUE,REUSED,SCAR_ASSOCIATED_MACROPHAGE; exact author metagene list; external only outside GSE136103
RAM2019_MAC_SIG_B_SAM,Ramachandran2019_Nature,scar-associated macrophage metagene B,macrophage_monocyte,CHMP1B,UP_IN_STATE,GSE136103,scRNA-seq,mixed nonviral cirrhosis,Supplementary Table 9,supplementary file,TRUE,REUSED,SCAR_ASSOCIATED_MACROPHAGE; exact author metagene list; external only outside GSE136103
RAM2019_MAC_SIG_B_SAM,Ramachandran2019_Nature,scar-associated macrophage metagene B,macrophage_monocyte,PTPN2,UP_IN_STATE,GSE136103,scRNA-seq,mixed nonviral cirrhosis,Supplementary Table 9,supplementary file,TRUE,REUSED,SCAR_ASSOCIATED_MACROPHAGE; exact author metagene list; external only outside GSE136103
RAM2019_MAC_SIG_B_SAM,Ramachandran2019_Nature,scar-associated macrophage metagene B,macrophage_monocyte,ROCK1,UP_IN_STATE,GSE136103,scRNA-seq,mixed nonviral cirrhosis,Supplementary Table 9,supplementary file,TRUE,REUSED,SCAR_ASSOCIATED_MACROPHAGE; exact author metagene list; external only outside GSE136103
RAM2019_MAC_SIG_B_SAM,Ramachandran2019_Nature,scar-associated macrophage metagene B,macrophage_monocyte,RPL17,UP_IN_STATE,GSE136103,scRNA-seq,mixed nonviral cirrhosis,Supplementary Table 9,supplementary file,TRUE,REUSED,SCAR_ASSOCIATED_MACROPHAGE; exact author metagene list; external only outside GSE136103
RAM2019_MAC_SIG_B_SAM,Ramachandran2019_Nature,scar-associated macrophage metagene B,macrophage_monocyte,RBCK1,UP_IN_STATE,GSE136103,scRNA-seq,mixed nonviral cirrhosis,Supplementary Table 9,supplementary file,TRUE,REUSED,SCAR_ASSOCIATED_MACROPHAGE; exact author metagene list; external only outside GSE136103
RAM2019_MAC_SIG_B_SAM,Ramachandran2019_Nature,scar-associated macrophage metagene B,macrophage_monocyte,C20orf27,UP_IN_STATE,GSE136103,scRNA-seq,mixed nonviral cirrhosis,Supplementary Table 9,supplementary file,TRUE,REUSED,SCAR_ASSOCIATED_MACROPHAGE; exact author metagene list; external only outside GSE136103
RAM2019_MAC_SIG_B_SAM,Ramachandran2019_Nature,scar-associated macrophage metagene B,macrophage_monocyte,CST3,UP_IN_STATE,GSE136103,scRNA-seq,mixed nonviral cirrhosis,Supplementary Table 9,supplementary file,TRUE,REUSED,SCAR_ASSOCIATED_MACROPHAGE; exact author metagene list; external only outside GSE136103
RAM2019_MAC_SIG_B_SAM,Ramachandran2019_Nature,scar-associated macrophage metagene B,macrophage_monocyte,HCK,UP_IN_STATE,GSE136103,scRNA-seq,mixed nonviral cirrhosis,Supplementary Table 9,supplementary file,TRUE,REUSED,SCAR_ASSOCIATED_MACROPHAGE; exact author metagene list; external only outside GSE136103
RAM2019_MAC_SIG_B_SAM,Ramachandran2019_Nature,scar-associated macrophage metagene B,macrophage_monocyte,CHMP4B,UP_IN_STATE,GSE136103,scRNA-seq,mixed nonviral cirrhosis,Supplementary Table 9,supplementary file,TRUE,REUSED,SCAR_ASSOCIATED_MACROPHAGE; exact author metagene list; external only outside GSE136103
RAM2019_MAC_SIG_B_SAM,Ramachandran2019_Nature,scar-associated macrophage metagene B,macrophage_monocyte,ERGIC3,UP_IN_STATE,GSE136103,scRNA-seq,mixed nonviral cirrhosis,Supplementary Table 9,supplementary file,TRUE,REUSED,SCAR_ASSOCIATED_MACROPHAGE; exact author metagene list; external only outside GSE136103
RAM2019_MAC_SIG_B_SAM,Ramachandran2019_Nature,scar-associated macrophage metagene B,macrophage_monocyte,ROMO1,UP_IN_STATE,GSE136103,scRNA-seq,mixed nonviral cirrhosis,Supplementary Table 9,supplementary file,TRUE,REUSED,SCAR_ASSOCIATED_MACROPHAGE; exact author metagene list; external only outside GSE136103
RAM2019_MAC_SIG_B_SAM,Ramachandran2019_Nature,scar-associated macrophage metagene B,macrophage_monocyte,RBM39,UP_IN_STATE,GSE136103,scRNA-seq,mixed nonviral cirrhosis,Supplementary Table 9,supplementary file,TRUE,REUSED,SCAR_ASSOCIATED_MACROPHAGE; exact author metagene list; external only outside GSE136103
RAM2019_MAC_SIG_B_SAM,Ramachandran2019_Nature,scar-associated macrophage metagene B,macrophage_monocyte,C20orf24,UP_IN_STATE,GSE136103,scRNA-seq,mixed nonviral cirrhosis,Supplementary Table 9,supplementary file,TRUE,REUSED,SCAR_ASSOCIATED_MACROPHAGE; exact author metagene list; external only outside GSE136103
RAM2019_MAC_SIG_B_SAM,Ramachandran2019_Nature,scar-associated macrophage metagene B,macrophage_monocyte,SAMHD1,UP_IN_STATE,GSE136103,scRNA-seq,mixed nonviral cirrhosis,Supplementary Table 9,supplementary file,TRUE,REUSED,SCAR_ASSOCIATED_MACROPHAGE; exact author metagene list; external only outside GSE136103
RAM2019_MAC_SIG_B_SAM,Ramachandran2019_Nature,scar-associated macrophage metagene B,macrophage_monocyte,STK4,UP_IN_STATE,GSE136103,scRNA-seq,mixed nonviral cirrhosis,Supplementary Table 9,supplementary file,TRUE,REUSED,SCAR_ASSOCIATED_MACROPHAGE; exact author metagene list; external only outside GSE136103
RAM2019_MAC_SIG_B_SAM,Ramachandran2019_Nature,scar-associated macrophage metagene B,macrophage_monocyte,ZFAS1,UP_IN_STATE,GSE136103,scRNA-seq,mixed nonviral cirrhosis,Supplementary Table 9,supplementary file,TRUE,REUSED,SCAR_ASSOCIATED_MACROPHAGE; exact author metagene list; external only outside GSE136103
RAM2019_MAC_SIG_B_SAM,Ramachandran2019_Nature,scar-associated macrophage metagene B,macrophage_monocyte,RTFDC1,UP_IN_STATE,GSE136103,scRNA-seq,mixed nonviral cirrhosis,Supplementary Table 9,supplementary file,TRUE,REUSED,SCAR_ASSOCIATED_MACROPHAGE; exact author metagene list; external only outside GSE136103
RAM2019_MAC_SIG_B_SAM,Ramachandran2019_Nature,scar-associated macrophage metagene B,macrophage_monocyte,GNAS,UP_IN_STATE,GSE136103,scRNA-seq,mixed nonviral cirrhosis,Supplementary Table 9,supplementary file,TRUE,REUSED,SCAR_ASSOCIATED_MACROPHAGE; exact author metagene list; external only outside GSE136103
RAM2019_MAC_SIG_B_SAM,Ramachandran2019_Nature,scar-associated macrophage metagene B,macrophage_monocyte,ATP5E,UP_IN_STATE,GSE136103,scRNA-seq,mixed nonviral cirrhosis,Supplementary Table 9,supplementary file,TRUE,REUSED,SCAR_ASSOCIATED_MACROPHAGE; exact author metagene list; external only outside GSE136103
RAM2019_MAC_SIG_B_SAM,Ramachandran2019_Nature,scar-associated macrophage metagene B,macrophage_monocyte,RPS21,UP_IN_STATE,GSE136103,scRNA-seq,mixed nonviral cirrhosis,Supplementary Table 9,supplementary file,TRUE,REUSED,SCAR_ASSOCIATED_MACROPHAGE; exact author metagene list; external only outside GSE136103
RAM2019_MAC_SIG_B_SAM,Ramachandran2019_Nature,scar-associated macrophage metagene B,macrophage_monocyte,PPDPF,UP_IN_STATE,GSE136103,scRNA-seq,mixed nonviral cirrhosis,Supplementary Table 9,supplementary file,TRUE,REUSED,SCAR_ASSOCIATED_MACROPHAGE; exact author metagene list; external only outside GSE136103
RAM2019_MAC_SIG_B_SAM,Ramachandran2019_Nature,scar-associated macrophage metagene B,macrophage_monocyte,RGS19,UP_IN_STATE,GSE136103,scRNA-seq,mixed nonviral cirrhosis,Supplementary Table 9,supplementary file,TRUE,REUSED,SCAR_ASSOCIATED_MACROPHAGE; exact author metagene list; external only outside GSE136103
RAM2019_MAC_SIG_B_SAM,Ramachandran2019_Nature,scar-associated macrophage metagene B,macrophage_monocyte,CNN2,UP_IN_STATE,GSE136103,scRNA-seq,mixed nonviral cirrhosis,Supplementary Table 9,supplementary file,TRUE,REUSED,SCAR_ASSOCIATED_MACROPHAGE; exact author metagene list; external only outside GSE136103
RAM2019_MAC_SIG_B_SAM,Ramachandran2019_Nature,scar-associated macrophage metagene B,macrophage_monocyte,ATP5D,UP_IN_STATE,GSE136103,scRNA-seq,mixed nonviral cirrhosis,Supplementary Table 9,supplementary file,TRUE,REUSED,SCAR_ASSOCIATED_MACROPHAGE; exact author metagene list; external only outside GSE136103
RAM2019_MAC_SIG_B_SAM,Ramachandran2019_Nature,scar-associated macrophage metagene B,macrophage_monocyte,RPS15,UP_IN_STATE,GSE136103,scRNA-seq,mixed nonviral cirrhosis,Supplementary Table 9,supplementary file,TRUE,REUSED,SCAR_ASSOCIATED_MACROPHAGE; exact author metagene list; external only outside GSE136103
RAM2019_MAC_SIG_B_SAM,Ramachandran2019_Nature,scar-associated macrophage metagene B,macrophage_monocyte,UQCR11,UP_IN_STATE,GSE136103,scRNA-seq,mixed nonviral cirrhosis,Supplementary Table 9,supplementary file,TRUE,REUSED,SCAR_ASSOCIATED_MACROPHAGE; exact author metagene list; external only outside GSE136103
RAM2019_MAC_SIG_B_SAM,Ramachandran2019_Nature,scar-associated macrophage metagene B,macrophage_monocyte,OAZ1,UP_IN_STATE,GSE136103,scRNA-seq,mixed nonviral cirrhosis,Supplementary Table 9,supplementary file,TRUE,REUSED,SCAR_ASSOCIATED_MACROPHAGE; exact author metagene list; external only outside GSE136103
RAM2019_MAC_SIG_B_SAM,Ramachandran2019_Nature,scar-associated macrophage metagene B,macrophage_monocyte,LSM7,UP_IN_STATE,GSE136103,scRNA-seq,mixed nonviral cirrhosis,Supplementary Table 9,supplementary file,TRUE,REUSED,SCAR_ASSOCIATED_MACROPHAGE; exact author metagene list; external only outside GSE136103
RAM2019_MAC_SIG_B_SAM,Ramachandran2019_Nature,scar-associated macrophage metagene B,macrophage_monocyte,GADD45B,UP_IN_STATE,GSE136103,scRNA-seq,mixed nonviral cirrhosis,Supplementary Table 9,supplementary file,TRUE,REUSED,SCAR_ASSOCIATED_MACROPHAGE; exact author metagene list; external only outside GSE136103
RAM2019_MAC_SIG_B_SAM,Ramachandran2019_Nature,scar-associated macrophage metagene B,macrophage_monocyte,EEF2,UP_IN_STATE,GSE136103,scRNA-seq,mixed nonviral cirrhosis,Supplementary Table 9,supplementary file,TRUE,REUSED,SCAR_ASSOCIATED_MACROPHAGE; exact author metagene list; external only outside GSE136103
RAM2019_MAC_SIG_B_SAM,Ramachandran2019_Nature,scar-associated macrophage metagene B,macrophage_monocyte,RPL36,UP_IN_STATE,GSE136103,scRNA-seq,mixed nonviral cirrhosis,Supplementary Table 9,supplementary file,TRUE,REUSED,SCAR_ASSOCIATED_MACROPHAGE; exact author metagene list; external only outside GSE136103
RAM2019_MAC_SIG_B_SAM,Ramachandran2019_Nature,scar-associated macrophage metagene B,macrophage_monocyte,PET100,UP_IN_STATE,GSE136103,scRNA-seq,mixed nonviral cirrhosis,Supplementary Table 9,supplementary file,TRUE,REUSED,SCAR_ASSOCIATED_MACROPHAGE; exact author metagene list; external only outside GSE136103
RAM2019_MAC_SIG_B_SAM,Ramachandran2019_Nature,scar-associated macrophage metagene B,macrophage_monocyte,RPS28,UP_IN_STATE,GSE136103,scRNA-seq,mixed nonviral cirrhosis,Supplementary Table 9,supplementary file,TRUE,REUSED,SCAR_ASSOCIATED_MACROPHAGE; exact author metagene list; external only outside GSE136103
RAM2019_MAC_SIG_B_SAM,Ramachandran2019_Nature,scar-associated macrophage metagene B,macrophage_monocyte,MYO1F,UP_IN_STATE,GSE136103,scRNA-seq,mixed nonviral cirrhosis,Supplementary Table 9,supplementary file,TRUE,REUSED,SCAR_ASSOCIATED_MACROPHAGE; exact author metagene list; external only outside GSE136103
RAM2019_MAC_SIG_B_SAM,Ramachandran2019_Nature,scar-associated macrophage metagene B,macrophage_monocyte,EIF3G,UP_IN_STATE,GSE136103,scRNA-seq,mixed nonviral cirrhosis,Supplementary Table 9,supplementary file,TRUE,REUSED,SCAR_ASSOCIATED_MACROPHAGE; exact author metagene list; external only outside GSE136103
RAM2019_MAC_SIG_B_SAM,Ramachandran2019_Nature,scar-associated macrophage metagene B,macrophage_monocyte,ICAM3,UP_IN_STATE,GSE136103,scRNA-seq,mixed nonviral cirrhosis,Supplementary Table 9,supplementary file,TRUE,REUSED,SCAR_ASSOCIATED_MACROPHAGE; exact author metagene list; external only outside GSE136103
RAM2019_MAC_SIG_B_SAM,Ramachandran2019_Nature,scar-associated macrophage metagene B,macrophage_monocyte,ACP5,UP_IN_STATE,GSE136103,scRNA-seq,mixed nonviral cirrhosis,Supplementary Table 9,supplementary file,TRUE,REUSED,SCAR_ASSOCIATED_MACROPHAGE; exact author metagene list; external only outside GSE136103
RAM2019_MAC_SIG_B_SAM,Ramachandran2019_Nature,scar-associated macrophage metagene B,macrophage_monocyte,C19orf43,UP_IN_STATE,GSE136103,scRNA-seq,mixed nonviral cirrhosis,Supplementary Table 9,supplementary file,TRUE,REUSED,SCAR_ASSOCIATED_MACROPHAGE; exact author metagene list; external only outside GSE136103
RAM2019_MAC_SIG_B_SAM,Ramachandran2019_Nature,scar-associated macrophage metagene B,macrophage_monocyte,JUNB,UP_IN_STATE,GSE136103,scRNA-seq,mixed nonviral cirrhosis,Supplementary Table 9,supplementary file,TRUE,REUSED,SCAR_ASSOCIATED_MACROPHAGE; exact author metagene list; external only outside GSE136103
RAM2019_MAC_SIG_B_SAM,Ramachandran2019_Nature,scar-associated macrophage metagene B,macrophage_monocyte,CALR,UP_IN_STATE,GSE136103,scRNA-seq,mixed nonviral cirrhosis,Supplementary Table 9,supplementary file,TRUE,REUSED,SCAR_ASSOCIATED_MACROPHAGE; exact author metagene list; external only outside GSE136103
RAM2019_MAC_SIG_B_SAM,Ramachandran2019_Nature,scar-associated macrophage metagene B,macrophage_monocyte,RAD23A,UP_IN_STATE,GSE136103,scRNA-seq,mixed nonviral cirrhosis,Supplementary Table 9,supplementary file,TRUE,REUSED,SCAR_ASSOCIATED_MACROPHAGE; exact author metagene list; external only outside GSE136103
RAM2019_MAC_SIG_B_SAM,Ramachandran2019_Nature,scar-associated macrophage metagene B,macrophage_monocyte,C19orf53,UP_IN_STATE,GSE136103,scRNA-seq,mixed nonviral cirrhosis,Supplementary Table 9,supplementary file,TRUE,REUSED,SCAR_ASSOCIATED_MACROPHAGE; exact author metagene list; external only outside GSE136103
RAM2019_MAC_SIG_B_SAM,Ramachandran2019_Nature,scar-associated macrophage metagene B,macrophage_monocyte,CTD-3252C9.4,UP_IN_STATE,GSE136103,scRNA-seq,mixed nonviral cirrhosis,Supplementary Table 9,supplementary file,TRUE,REUSED,SCAR_ASSOCIATED_MACROPHAGE; exact author metagene list; external only outside GSE136103
RAM2019_MAC_SIG_B_SAM,Ramachandran2019_Nature,scar-associated macrophage metagene B,macrophage_monocyte,BST2,UP_IN_STATE,GSE136103,scRNA-seq,mixed nonviral cirrhosis,Supplementary Table 9,supplementary file,TRUE,REUSED,SCAR_ASSOCIATED_MACROPHAGE; exact author metagene list; external only outside GSE136103
RAM2019_MAC_SIG_B_SAM,Ramachandran2019_Nature,scar-associated macrophage metagene B,macrophage_monocyte,PGLS,UP_IN_STATE,GSE136103,scRNA-seq,mixed nonviral cirrhosis,Supplementary Table 9,supplementary file,TRUE,REUSED,SCAR_ASSOCIATED_MACROPHAGE; exact author metagene list; external only outside GSE136103
RAM2019_MAC_SIG_B_SAM,Ramachandran2019_Nature,scar-associated macrophage metagene B,macrophage_monocyte,RPL18A,UP_IN_STATE,GSE136103,scRNA-seq,mixed nonviral cirrhosis,Supplementary Table 9,supplementary file,TRUE,REUSED,SCAR_ASSOCIATED_MACROPHAGE; exact author metagene list; external only outside GSE136103
RAM2019_MAC_SIG_B_SAM,Ramachandran2019_Nature,scar-associated macrophage metagene B,macrophage_monocyte,IFI30,UP_IN_STATE,GSE136103,scRNA-seq,mixed nonviral cirrhosis,Supplementary Table 9,supplementary file,TRUE,REUSED,SCAR_ASSOCIATED_MACROPHAGE; exact author metagene list; external only outside GSE136103
RAM2019_MAC_SIG_B_SAM,Ramachandran2019_Nature,scar-associated macrophage metagene B,macrophage_monocyte,UBA52,UP_IN_STATE,GSE136103,scRNA-seq,mixed nonviral cirrhosis,Supplementary Table 9,supplementary file,TRUE,REUSED,SCAR_ASSOCIATED_MACROPHAGE; exact author metagene list; external only outside GSE136103
RAM2019_MAC_SIG_B_SAM,Ramachandran2019_Nature,scar-associated macrophage metagene B,macrophage_monocyte,FXYD5,UP_IN_STATE,GSE136103,scRNA-seq,mixed nonviral cirrhosis,Supplementary Table 9,supplementary file,TRUE,REUSED,SCAR_ASSOCIATED_MACROPHAGE; exact author metagene list; external only outside GSE136103
RAM2019_MAC_SIG_B_SAM,Ramachandran2019_Nature,scar-associated macrophage metagene B,macrophage_monocyte,COX6B1,UP_IN_STATE,GSE136103,scRNA-seq,mixed nonviral cirrhosis,Supplementary Table 9,supplementary file,TRUE,REUSED,SCAR_ASSOCIATED_MACROPHAGE; exact author metagene list; external only outside GSE136103
RAM2019_MAC_SIG_B_SAM,Ramachandran2019_Nature,scar-associated macrophage metagene B,macrophage_monocyte,NFKBID,UP_IN_STATE,GSE136103,scRNA-seq,mixed nonviral cirrhosis,Supplementary Table 9,supplementary file,TRUE,REUSED,SCAR_ASSOCIATED_MACROPHAGE; exact author metagene list; external only outside GSE136103
RAM2019_MAC_SIG_B_SAM,Ramachandran2019_Nature,scar-associated macrophage metagene B,macrophage_monocyte,HCST,UP_IN_STATE,GSE136103,scRNA-seq,mixed nonviral cirrhosis,Supplementary Table 9,supplementary file,TRUE,REUSED,SCAR_ASSOCIATED_MACROPHAGE; exact author metagene list; external only outside GSE136103
RAM2019_MAC_SIG_B_SAM,Ramachandran2019_Nature,scar-associated macrophage metagene B,macrophage_monocyte,KCNK6,UP_IN_STATE,GSE136103,scRNA-seq,mixed nonviral cirrhosis,Supplementary Table 9,supplementary file,TRUE,REUSED,SCAR_ASSOCIATED_MACROPHAGE; exact author metagene list; external only outside GSE136103
RAM2019_MAC_SIG_B_SAM,Ramachandran2019_Nature,scar-associated macrophage metagene B,macrophage_monocyte,EIF3K,UP_IN_STATE,GSE136103,scRNA-seq,mixed nonviral cirrhosis,Supplementary Table 9,supplementary file,TRUE,REUSED,SCAR_ASSOCIATED_MACROPHAGE; exact author metagene list; external only outside GSE136103
RAM2019_MAC_SIG_B_SAM,Ramachandran2019_Nature,scar-associated macrophage metagene B,macrophage_monocyte,GMFG,UP_IN_STATE,GSE136103,scRNA-seq,mixed nonviral cirrhosis,Supplementary Table 9,supplementary file,TRUE,REUSED,SCAR_ASSOCIATED_MACROPHAGE; exact author metagene list; external only outside GSE136103
RAM2019_MAC_SIG_B_SAM,Ramachandran2019_Nature,scar-associated macrophage metagene B,macrophage_monocyte,ZFP36,UP_IN_STATE,GSE136103,scRNA-seq,mixed nonviral cirrhosis,Supplementary Table 9,supplementary file,TRUE,REUSED,SCAR_ASSOCIATED_MACROPHAGE; exact author metagene list; external only outside GSE136103
RAM2019_MAC_SIG_B_SAM,Ramachandran2019_Nature,scar-associated macrophage metagene B,macrophage_monocyte,RPS16,UP_IN_STATE,GSE136103,scRNA-seq,mixed nonviral cirrhosis,Supplementary Table 9,supplementary file,TRUE,REUSED,SCAR_ASSOCIATED_MACROPHAGE; exact author metagene list; external only outside GSE136103
RAM2019_MAC_SIG_B_SAM,Ramachandran2019_Nature,scar-associated macrophage metagene B,macrophage_monocyte,FBL,UP_IN_STATE,GSE136103,scRNA-seq,mixed nonviral cirrhosis,Supplementary Table 9,supplementary file,TRUE,REUSED,SCAR_ASSOCIATED_MACROPHAGE; exact author metagene list; external only outside GSE136103
RAM2019_MAC_SIG_B_SAM,Ramachandran2019_Nature,scar-associated macrophage metagene B,macrophage_monocyte,SHKBP1,UP_IN_STATE,GSE136103,scRNA-seq,mixed nonviral cirrhosis,Supplementary Table 9,supplementary file,TRUE,REUSED,SCAR_ASSOCIATED_MACROPHAGE; exact author metagene list; external only outside GSE136103
RAM2019_MAC_SIG_B_SAM,Ramachandran2019_Nature,scar-associated macrophage metagene B,macrophage_monocyte,RPS19,UP_IN_STATE,GSE136103,scRNA-seq,mixed nonviral cirrhosis,Supplementary Table 9,supplementary file,TRUE,REUSED,SCAR_ASSOCIATED_MACROPHAGE; exact author metagene list; external only outside GSE136103
RAM2019_MAC_SIG_B_SAM,Ramachandran2019_Nature,scar-associated macrophage metagene B,macrophage_monocyte,POU2F2,UP_IN_STATE,GSE136103,scRNA-seq,mixed nonviral cirrhosis,Supplementary Table 9,supplementary file,TRUE,REUSED,SCAR_ASSOCIATED_MACROPHAGE; exact author metagene list; external only outside GSE136103
RAM2019_MAC_SIG_B_SAM,Ramachandran2019_Nature,scar-associated macrophage metagene B,macrophage_monocyte,ETHE1,UP_IN_STATE,GSE136103,scRNA-seq,mixed nonviral cirrhosis,Supplementary Table 9,supplementary file,TRUE,REUSED,SCAR_ASSOCIATED_MACROPHAGE; exact author metagene list; external only outside GSE136103
RAM2019_MAC_SIG_B_SAM,Ramachandran2019_Nature,scar-associated macrophage metagene B,macrophage_monocyte,PLAUR,UP_IN_STATE,GSE136103,scRNA-seq,mixed nonviral cirrhosis,Supplementary Table 9,supplementary file,TRUE,REUSED,SCAR_ASSOCIATED_MACROPHAGE; exact author metagene list; external only outside GSE136103
RAM2019_MAC_SIG_B_SAM,Ramachandran2019_Nature,scar-associated macrophage metagene B,macrophage_monocyte,FOSB,UP_IN_STATE,GSE136103,scRNA-seq,mixed nonviral cirrhosis,Supplementary Table 9,supplementary file,TRUE,REUSED,SCAR_ASSOCIATED_MACROPHAGE; exact author metagene list; external only outside GSE136103
RAM2019_MAC_SIG_B_SAM,Ramachandran2019_Nature,scar-associated macrophage metagene B,macrophage_monocyte,VASP,UP_IN_STATE,GSE136103,scRNA-seq,mixed nonviral cirrhosis,Supplementary Table 9,supplementary file,TRUE,REUSED,SCAR_ASSOCIATED_MACROPHAGE; exact author metagene list; external only outside GSE136103
RAM2019_MAC_SIG_B_SAM,Ramachandran2019_Nature,scar-associated macrophage metagene B,macrophage_monocyte,SNRPD2,UP_IN_STATE,GSE136103,scRNA-seq,mixed nonviral cirrhosis,Supplementary Table 9,supplementary file,TRUE,REUSED,SCAR_ASSOCIATED_MACROPHAGE; exact author metagene list; external only outside GSE136103
RAM2019_MAC_SIG_B_SAM,Ramachandran2019_Nature,scar-associated macrophage metagene B,macrophage_monocyte,GLTSCR2,UP_IN_STATE,GSE136103,scRNA-seq,mixed nonviral cirrhosis,Supplementary Table 9,supplementary file,TRUE,REUSED,SCAR_ASSOCIATED_MACROPHAGE; exact author metagene list; external only outside GSE136103
RAM2019_MAC_SIG_B_SAM,Ramachandran2019_Nature,scar-associated macrophage metagene B,macrophage_monocyte,EMP3,UP_IN_STATE,GSE136103,scRNA-seq,mixed nonviral cirrhosis,Supplementary Table 9,supplementary file,TRUE,REUSED,SCAR_ASSOCIATED_MACROPHAGE; exact author metagene list; external only outside GSE136103
RAM2019_MAC_SIG_B_SAM,Ramachandran2019_Nature,scar-associated macrophage metagene B,macrophage_monocyte,RPL18,UP_IN_STATE,GSE136103,scRNA-seq,mixed nonviral cirrhosis,Supplementary Table 9,supplementary file,TRUE,REUSED,SCAR_ASSOCIATED_MACROPHAGE; exact author metagene list; external only outside GSE136103
RAM2019_MAC_SIG_B_SAM,Ramachandran2019_Nature,scar-associated macrophage metagene B,macrophage_monocyte,PPP1R15A,UP_IN_STATE,GSE136103,scRNA-seq,mixed nonviral cirrhosis,Supplementary Table 9,supplementary file,TRUE,REUSED,SCAR_ASSOCIATED_MACROPHAGE; exact author metagene list; external only outside GSE136103
RAM2019_MAC_SIG_B_SAM,Ramachandran2019_Nature,scar-associated macrophage metagene B,macrophage_monocyte,CD37,UP_IN_STATE,GSE136103,scRNA-seq,mixed nonviral cirrhosis,Supplementary Table 9,supplementary file,TRUE,REUSED,SCAR_ASSOCIATED_MACROPHAGE; exact author metagene list; external only outside GSE136103
RAM2019_MAC_SIG_B_SAM,Ramachandran2019_Nature,scar-associated macrophage metagene B,macrophage_monocyte,RPL13A,UP_IN_STATE,GSE136103,scRNA-seq,mixed nonviral cirrhosis,Supplementary Table 9,supplementary file,TRUE,REUSED,SCAR_ASSOCIATED_MACROPHAGE; exact author metagene list; external only outside GSE136103
RAM2019_MAC_SIG_B_SAM,Ramachandran2019_Nature,scar-associated macrophage metagene B,macrophage_monocyte,RPS11,UP_IN_STATE,GSE136103,scRNA-seq,mixed nonviral cirrhosis,Supplementary Table 9,supplementary file,TRUE,REUSED,SCAR_ASSOCIATED_MACROPHAGE; exact author metagene list; external only outside GSE136103
RAM2019_MAC_SIG_B_SAM,Ramachandran2019_Nature,scar-associated macrophage metagene B,macrophage_monocyte,ZNF331,UP_IN_STATE,GSE136103,scRNA-seq,mixed nonviral cirrhosis,Supplementary Table 9,supplementary file,TRUE,REUSED,SCAR_ASSOCIATED_MACROPHAGE; exact author metagene list; external only outside GSE136103
RAM2019_MAC_SIG_B_SAM,Ramachandran2019_Nature,scar-associated macrophage metagene B,macrophage_monocyte,RPS9,UP_IN_STATE,GSE136103,scRNA-seq,mixed nonviral cirrhosis,Supplementary Table 9,supplementary file,TRUE,REUSED,SCAR_ASSOCIATED_MACROPHAGE; exact author metagene list; external only outside GSE136103
RAM2019_MAC_SIG_B_SAM,Ramachandran2019_Nature,scar-associated macrophage metagene B,macrophage_monocyte,LAIR1,UP_IN_STATE,GSE136103,scRNA-seq,mixed nonviral cirrhosis,Supplementary Table 9,supplementary file,TRUE,REUSED,SCAR_ASSOCIATED_MACROPHAGE; exact author metagene list; external only outside GSE136103
RAM2019_MAC_SIG_B_SAM,Ramachandran2019_Nature,scar-associated macrophage metagene B,macrophage_monocyte,LILRB4,UP_IN_STATE,GSE136103,scRNA-seq,mixed nonviral cirrhosis,Supplementary Table 9,supplementary file,TRUE,REUSED,SCAR_ASSOCIATED_MACROPHAGE; exact author metagene list; external only outside GSE136103
RAM2019_MAC_SIG_B_SAM,Ramachandran2019_Nature,scar-associated macrophage metagene B,macrophage_monocyte,RPL28,UP_IN_STATE,GSE136103,scRNA-seq,mixed nonviral cirrhosis,Supplementary Table 9,supplementary file,TRUE,REUSED,SCAR_ASSOCIATED_MACROPHAGE; exact author metagene list; external only outside GSE136103
RAM2019_MAC_SIG_B_SAM,Ramachandran2019_Nature,scar-associated macrophage metagene B,macrophage_monocyte,RPS5,UP_IN_STATE,GSE136103,scRNA-seq,mixed nonviral cirrhosis,Supplementary Table 9,supplementary file,TRUE,REUSED,SCAR_ASSOCIATED_MACROPHAGE; exact author metagene list; external only outside GSE136103
RAM2019_MAC_SIG_B_SAM,Ramachandran2019_Nature,scar-associated macrophage metagene B,macrophage_monocyte,RPS4Y1,UP_IN_STATE,GSE136103,scRNA-seq,mixed nonviral cirrhosis,Supplementary Table 9,supplementary file,TRUE,REUSED,SCAR_ASSOCIATED_MACROPHAGE; exact author metagene list; external only outside GSE136103
RAM2019_MAC_SIG_B_SAM,Ramachandran2019_Nature,scar-associated macrophage metagene B,macrophage_monocyte,BID,UP_IN_STATE,GSE136103,scRNA-seq,mixed nonviral cirrhosis,Supplementary Table 9,supplementary file,TRUE,REUSED,SCAR_ASSOCIATED_MACROPHAGE; exact author metagene list; external only outside GSE136103
RAM2019_MAC_SIG_B_SAM,Ramachandran2019_Nature,scar-associated macrophage metagene B,macrophage_monocyte,IGLC2,UP_IN_STATE,GSE136103,scRNA-seq,mixed nonviral cirrhosis,Supplementary Table 9,supplementary file,TRUE,REUSED,SCAR_ASSOCIATED_MACROPHAGE; exact author metagene list; external only outside GSE136103
RAM2019_MAC_SIG_B_SAM,Ramachandran2019_Nature,scar-associated macrophage metagene B,macrophage_monocyte,IGLC3,UP_IN_STATE,GSE136103,scRNA-seq,mixed nonviral cirrhosis,Supplementary Table 9,supplementary file,TRUE,REUSED,SCAR_ASSOCIATED_MACROPHAGE; exact author metagene list; external only outside GSE136103
RAM2019_MAC_SIG_B_SAM,Ramachandran2019_Nature,scar-associated macrophage metagene B,macrophage_monocyte,CHCHD10,UP_IN_STATE,GSE136103,scRNA-seq,mixed nonviral cirrhosis,Supplementary Table 9,supplementary file,TRUE,REUSED,SCAR_ASSOCIATED_MACROPHAGE; exact author metagene list; external only outside GSE136103
RAM2019_MAC_SIG_B_SAM,Ramachandran2019_Nature,scar-associated macrophage metagene B,macrophage_monocyte,EIF3D,UP_IN_STATE,GSE136103,scRNA-seq,mixed nonviral cirrhosis,Supplementary Table 9,supplementary file,TRUE,REUSED,SCAR_ASSOCIATED_MACROPHAGE; exact author metagene list; external only outside GSE136103
RAM2019_MAC_SIG_B_SAM,Ramachandran2019_Nature,scar-associated macrophage metagene B,macrophage_monocyte,RAC2,UP_IN_STATE,GSE136103,scRNA-seq,mixed nonviral cirrhosis,Supplementary Table 9,supplementary file,TRUE,REUSED,SCAR_ASSOCIATED_MACROPHAGE; exact author metagene list; external only outside GSE136103
RAM2019_MAC_SIG_B_SAM,Ramachandran2019_Nature,scar-associated macrophage metagene B,macrophage_monocyte,LGALS2,UP_IN_STATE,GSE136103,scRNA-seq,mixed nonviral cirrhosis,Supplementary Table 9,supplementary file,TRUE,REUSED,SCAR_ASSOCIATED_MACROPHAGE; exact author metagene list; external only outside GSE136103
RAM2019_MAC_SIG_B_SAM,Ramachandran2019_Nature,scar-associated macrophage metagene B,macrophage_monocyte,LGALS1,UP_IN_STATE,GSE136103,scRNA-seq,mixed nonviral cirrhosis,Supplementary Table 9,supplementary file,TRUE,REUSED,SCAR_ASSOCIATED_MACROPHAGE; exact author metagene list; external only outside GSE136103
RAM2019_MAC_SIG_B_SAM,Ramachandran2019_Nature,scar-associated macrophage metagene B,macrophage_monocyte,EIF3L,UP_IN_STATE,GSE136103,scRNA-seq,mixed nonviral cirrhosis,Supplementary Table 9,supplementary file,TRUE,REUSED,SCAR_ASSOCIATED_MACROPHAGE; exact author metagene list; external only outside GSE136103
RAM2019_MAC_SIG_B_SAM,Ramachandran2019_Nature,scar-associated macrophage metagene B,macrophage_monocyte,RPL3,UP_IN_STATE,GSE136103,scRNA-seq,mixed nonviral cirrhosis,Supplementary Table 9,supplementary file,TRUE,REUSED,SCAR_ASSOCIATED_MACROPHAGE; exact author metagene list; external only outside GSE136103
RAM2019_MAC_SIG_B_SAM,Ramachandran2019_Nature,scar-associated macrophage metagene B,macrophage_monocyte,ATF4,UP_IN_STATE,GSE136103,scRNA-seq,mixed nonviral cirrhosis,Supplementary Table 9,supplementary file,TRUE,REUSED,SCAR_ASSOCIATED_MACROPHAGE; exact author metagene list; external only outside GSE136103
RAM2019_MAC_SIG_B_SAM,Ramachandran2019_Nature,scar-associated macrophage metagene B,macrophage_monocyte,ST13,UP_IN_STATE,GSE136103,scRNA-seq,mixed nonviral cirrhosis,Supplementary Table 9,supplementary file,TRUE,REUSED,SCAR_ASSOCIATED_MACROPHAGE; exact author metagene list; external only outside GSE136103
RAM2019_MAC_SIG_B_SAM,Ramachandran2019_Nature,scar-associated macrophage metagene B,macrophage_monocyte,SNU13,UP_IN_STATE,GSE136103,scRNA-seq,mixed nonviral cirrhosis,Supplementary Table 9,supplementary file,TRUE,REUSED,SCAR_ASSOCIATED_MACROPHAGE; exact author metagene list; external only outside GSE136103
RAM2019_MAC_SIG_B_SAM,Ramachandran2019_Nature,scar-associated macrophage metagene B,macrophage_monocyte,SMDT1,UP_IN_STATE,GSE136103,scRNA-seq,mixed nonviral cirrhosis,Supplementary Table 9,supplementary file,TRUE,REUSED,SCAR_ASSOCIATED_MACROPHAGE; exact author metagene list; external only outside GSE136103
RAM2019_MAC_SIG_B_SAM,Ramachandran2019_Nature,scar-associated macrophage metagene B,macrophage_monocyte,TSPO,UP_IN_STATE,GSE136103,scRNA-seq,mixed nonviral cirrhosis,Supplementary Table 9,supplementary file,TRUE,REUSED,SCAR_ASSOCIATED_MACROPHAGE; exact author metagene list; external only outside GSE136103
RAM2019_MAC_SIG_B_SAM,Ramachandran2019_Nature,scar-associated macrophage metagene B,macrophage_monocyte,SOD1,UP_IN_STATE,GSE136103,scRNA-seq,mixed nonviral cirrhosis,Supplementary Table 9,supplementary file,TRUE,REUSED,SCAR_ASSOCIATED_MACROPHAGE; exact author metagene list; external only outside GSE136103
RAM2019_MAC_SIG_B_SAM,Ramachandran2019_Nature,scar-associated macrophage metagene B,macrophage_monocyte,IFNGR2,UP_IN_STATE,GSE136103,scRNA-seq,mixed nonviral cirrhosis,Supplementary Table 9,supplementary file,TRUE,REUSED,SCAR_ASSOCIATED_MACROPHAGE; exact author metagene list; external only outside GSE136103
RAM2019_MAC_SIG_B_SAM,Ramachandran2019_Nature,scar-associated macrophage metagene B,macrophage_monocyte,SON,UP_IN_STATE,GSE136103,scRNA-seq,mixed nonviral cirrhosis,Supplementary Table 9,supplementary file,TRUE,REUSED,SCAR_ASSOCIATED_MACROPHAGE; exact author metagene list; external only outside GSE136103
RAM2019_MAC_SIG_B_SAM,Ramachandran2019_Nature,scar-associated macrophage metagene B,macrophage_monocyte,HMGN1,UP_IN_STATE,GSE136103,scRNA-seq,mixed nonviral cirrhosis,Supplementary Table 9,supplementary file,TRUE,REUSED,SCAR_ASSOCIATED_MACROPHAGE; exact author metagene list; external only outside GSE136103
RAM2019_MAC_SIG_B_SAM,Ramachandran2019_Nature,scar-associated macrophage metagene B,macrophage_monocyte,ITGB2,UP_IN_STATE,GSE136103,scRNA-seq,mixed nonviral cirrhosis,Supplementary Table 9,supplementary file,TRUE,REUSED,SCAR_ASSOCIATED_MACROPHAGE; exact author metagene list; external only outside GSE136103
RAM2019_MAC_SIG_B_SAM,Ramachandran2019_Nature,scar-associated macrophage metagene B,macrophage_monocyte,XIST,UP_IN_STATE,GSE136103,scRNA-seq,mixed nonviral cirrhosis,Supplementary Table 9,supplementary file,TRUE,REUSED,SCAR_ASSOCIATED_MACROPHAGE; exact author metagene list; external only outside GSE136103
RAM2019_MAC_SIG_C_KC,Ramachandran2019_Nature,Kupffer-cell metagene C,macrophage_monocyte,C1QA,UP_IN_STATE,GSE136103,scRNA-seq,mixed nonviral cirrhosis,Supplementary Table 9,supplementary file,TRUE,REUSED,HOMEOSTATIC_MACROPHAGE; exact author metagene list; external only outside GSE136103
RAM2019_MAC_SIG_C_KC,Ramachandran2019_Nature,Kupffer-cell metagene C,macrophage_monocyte,C1QC,UP_IN_STATE,GSE136103,scRNA-seq,mixed nonviral cirrhosis,Supplementary Table 9,supplementary file,TRUE,REUSED,HOMEOSTATIC_MACROPHAGE; exact author metagene list; external only outside GSE136103
RAM2019_MAC_SIG_C_KC,Ramachandran2019_Nature,Kupffer-cell metagene C,macrophage_monocyte,C1QB,UP_IN_STATE,GSE136103,scRNA-seq,mixed nonviral cirrhosis,Supplementary Table 9,supplementary file,TRUE,REUSED,HOMEOSTATIC_MACROPHAGE; exact author metagene list; external only outside GSE136103
RAM2019_MAC_SIG_C_KC,Ramachandran2019_Nature,Kupffer-cell metagene C,macrophage_monocyte,FUCA1,UP_IN_STATE,GSE136103,scRNA-seq,mixed nonviral cirrhosis,Supplementary Table 9,supplementary file,TRUE,REUSED,HOMEOSTATIC_MACROPHAGE; exact author metagene list; external only outside GSE136103
RAM2019_MAC_SIG_C_KC,Ramachandran2019_Nature,Kupffer-cell metagene C,macrophage_monocyte,IFI6,UP_IN_STATE,GSE136103,scRNA-seq,mixed nonviral cirrhosis,Supplementary Table 9,supplementary file,TRUE,REUSED,HOMEOSTATIC_MACROPHAGE; exact author metagene list; external only outside GSE136103
RAM2019_MAC_SIG_C_KC,Ramachandran2019_Nature,Kupffer-cell metagene C,macrophage_monocyte,SDC3,UP_IN_STATE,GSE136103,scRNA-seq,mixed nonviral cirrhosis,Supplementary Table 9,supplementary file,TRUE,REUSED,HOMEOSTATIC_MACROPHAGE; exact author metagene list; external only outside GSE136103
RAM2019_MAC_SIG_C_KC,Ramachandran2019_Nature,Kupffer-cell metagene C,macrophage_monocyte,PRDX1,UP_IN_STATE,GSE136103,scRNA-seq,mixed nonviral cirrhosis,Supplementary Table 9,supplementary file,TRUE,REUSED,HOMEOSTATIC_MACROPHAGE; exact author metagene list; external only outside GSE136103
RAM2019_MAC_SIG_C_KC,Ramachandran2019_Nature,Kupffer-cell metagene C,macrophage_monocyte,TMEM59,UP_IN_STATE,GSE136103,scRNA-seq,mixed nonviral cirrhosis,Supplementary Table 9,supplementary file,TRUE,REUSED,HOMEOSTATIC_MACROPHAGE; exact author metagene list; external only outside GSE136103
RAM2019_MAC_SIG_C_KC,Ramachandran2019_Nature,Kupffer-cell metagene C,macrophage_monocyte,JUN,UP_IN_STATE,GSE136103,scRNA-seq,mixed nonviral cirrhosis,Supplementary Table 9,supplementary file,TRUE,REUSED,HOMEOSTATIC_MACROPHAGE; exact author metagene list; external only outside GSE136103
RAM2019_MAC_SIG_C_KC,Ramachandran2019_Nature,Kupffer-cell metagene C,macrophage_monocyte,JAK1,UP_IN_STATE,GSE136103,scRNA-seq,mixed nonviral cirrhosis,Supplementary Table 9,supplementary file,TRUE,REUSED,HOMEOSTATIC_MACROPHAGE; exact author metagene list; external only outside GSE136103
RAM2019_MAC_SIG_C_KC,Ramachandran2019_Nature,Kupffer-cell metagene C,macrophage_monocyte,IFI44L,UP_IN_STATE,GSE136103,scRNA-seq,mixed nonviral cirrhosis,Supplementary Table 9,supplementary file,TRUE,REUSED,HOMEOSTATIC_MACROPHAGE; exact author metagene list; external only outside GSE136103
RAM2019_MAC_SIG_C_KC,Ramachandran2019_Nature,Kupffer-cell metagene C,macrophage_monocyte,VCAM1,UP_IN_STATE,GSE136103,scRNA-seq,mixed nonviral cirrhosis,Supplementary Table 9,supplementary file,TRUE,REUSED,HOMEOSTATIC_MACROPHAGE; exact author metagene list; external only outside GSE136103
RAM2019_MAC_SIG_C_KC,Ramachandran2019_Nature,Kupffer-cell metagene C,macrophage_monocyte,PDE4DIP,UP_IN_STATE,GSE136103,scRNA-seq,mixed nonviral cirrhosis,Supplementary Table 9,supplementary file,TRUE,REUSED,HOMEOSTATIC_MACROPHAGE; exact author metagene list; external only outside GSE136103
RAM2019_MAC_SIG_C_KC,Ramachandran2019_Nature,Kupffer-cell metagene C,macrophage_monocyte,C1orf54,UP_IN_STATE,GSE136103,scRNA-seq,mixed nonviral cirrhosis,Supplementary Table 9,supplementary file,TRUE,REUSED,HOMEOSTATIC_MACROPHAGE; exact author metagene list; external only outside GSE136103
RAM2019_MAC_SIG_C_KC,Ramachandran2019_Nature,Kupffer-cell metagene C,macrophage_monocyte,CTSS,UP_IN_STATE,GSE136103,scRNA-seq,mixed nonviral cirrhosis,Supplementary Table 9,supplementary file,TRUE,REUSED,HOMEOSTATIC_MACROPHAGE; exact author metagene list; external only outside GSE136103
RAM2019_MAC_SIG_C_KC,Ramachandran2019_Nature,Kupffer-cell metagene C,macrophage_monocyte,ADAR,UP_IN_STATE,GSE136103,scRNA-seq,mixed nonviral cirrhosis,Supplementary Table 9,supplementary file,TRUE,REUSED,HOMEOSTATIC_MACROPHAGE; exact author metagene list; external only outside GSE136103
RAM2019_MAC_SIG_C_KC,Ramachandran2019_Nature,Kupffer-cell metagene C,macrophage_monocyte,LMNA,UP_IN_STATE,GSE136103,scRNA-seq,mixed nonviral cirrhosis,Supplementary Table 9,supplementary file,TRUE,REUSED,HOMEOSTATIC_MACROPHAGE; exact author metagene list; external only outside GSE136103
RAM2019_MAC_SIG_C_KC,Ramachandran2019_Nature,Kupffer-cell metagene C,macrophage_monocyte,CD5L,UP_IN_STATE,GSE136103,scRNA-seq,mixed nonviral cirrhosis,Supplementary Table 9,supplementary file,TRUE,REUSED,HOMEOSTATIC_MACROPHAGE; exact author metagene list; external only outside GSE136103
RAM2019_MAC_SIG_C_KC,Ramachandran2019_Nature,Kupffer-cell metagene C,macrophage_monocyte,CD84,UP_IN_STATE,GSE136103,scRNA-seq,mixed nonviral cirrhosis,Supplementary Table 9,supplementary file,TRUE,REUSED,HOMEOSTATIC_MACROPHAGE; exact author metagene list; external only outside GSE136103
RAM2019_MAC_SIG_C_KC,Ramachandran2019_Nature,Kupffer-cell metagene C,macrophage_monocyte,FCER1G,UP_IN_STATE,GSE136103,scRNA-seq,mixed nonviral cirrhosis,Supplementary Table 9,supplementary file,TRUE,REUSED,HOMEOSTATIC_MACROPHAGE; exact author metagene list; external only outside GSE136103
RAM2019_MAC_SIG_C_KC,Ramachandran2019_Nature,Kupffer-cell metagene C,macrophage_monocyte,FCGR3A,UP_IN_STATE,GSE136103,scRNA-seq,mixed nonviral cirrhosis,Supplementary Table 9,supplementary file,TRUE,REUSED,HOMEOSTATIC_MACROPHAGE; exact author metagene list; external only outside GSE136103
RAM2019_MAC_SIG_C_KC,Ramachandran2019_Nature,Kupffer-cell metagene C,macrophage_monocyte,CREG1,UP_IN_STATE,GSE136103,scRNA-seq,mixed nonviral cirrhosis,Supplementary Table 9,supplementary file,TRUE,REUSED,HOMEOSTATIC_MACROPHAGE; exact author metagene list; external only outside GSE136103
RAM2019_MAC_SIG_C_KC,Ramachandran2019_Nature,Kupffer-cell metagene C,macrophage_monocyte,SFT2D2,UP_IN_STATE,GSE136103,scRNA-seq,mixed nonviral cirrhosis,Supplementary Table 9,supplementary file,TRUE,REUSED,HOMEOSTATIC_MACROPHAGE; exact author metagene list; external only outside GSE136103
RAM2019_MAC_SIG_C_KC,Ramachandran2019_Nature,Kupffer-cell metagene C,macrophage_monocyte,ATP1B1,UP_IN_STATE,GSE136103,scRNA-seq,mixed nonviral cirrhosis,Supplementary Table 9,supplementary file,TRUE,REUSED,HOMEOSTATIC_MACROPHAGE; exact author metagene list; external only outside GSE136103
RAM2019_MAC_SIG_C_KC,Ramachandran2019_Nature,Kupffer-cell metagene C,macrophage_monocyte,GLUL,UP_IN_STATE,GSE136103,scRNA-seq,mixed nonviral cirrhosis,Supplementary Table 9,supplementary file,TRUE,REUSED,HOMEOSTATIC_MACROPHAGE; exact author metagene list; external only outside GSE136103
RAM2019_MAC_SIG_C_KC,Ramachandran2019_Nature,Kupffer-cell metagene C,macrophage_monocyte,NPL,UP_IN_STATE,GSE136103,scRNA-seq,mixed nonviral cirrhosis,Supplementary Table 9,supplementary file,TRUE,REUSED,HOMEOSTATIC_MACROPHAGE; exact author metagene list; external only outside GSE136103
RAM2019_MAC_SIG_C_KC,Ramachandran2019_Nature,Kupffer-cell metagene C,macrophage_monocyte,RGL1,UP_IN_STATE,GSE136103,scRNA-seq,mixed nonviral cirrhosis,Supplementary Table 9,supplementary file,TRUE,REUSED,HOMEOSTATIC_MACROPHAGE; exact author metagene list; external only outside GSE136103
RAM2019_MAC_SIG_C_KC,Ramachandran2019_Nature,Kupffer-cell metagene C,macrophage_monocyte,RGS1,UP_IN_STATE,GSE136103,scRNA-seq,mixed nonviral cirrhosis,Supplementary Table 9,supplementary file,TRUE,REUSED,HOMEOSTATIC_MACROPHAGE; exact author metagene list; external only outside GSE136103
RAM2019_MAC_SIG_C_KC,Ramachandran2019_Nature,Kupffer-cell metagene C,macrophage_monocyte,CR1,UP_IN_STATE,GSE136103,scRNA-seq,mixed nonviral cirrhosis,Supplementary Table 9,supplementary file,TRUE,REUSED,HOMEOSTATIC_MACROPHAGE; exact author metagene list; external only outside GSE136103
RAM2019_MAC_SIG_C_KC,Ramachandran2019_Nature,Kupffer-cell metagene C,macrophage_monocyte,NENF,UP_IN_STATE,GSE136103,scRNA-seq,mixed nonviral cirrhosis,Supplementary Table 9,supplementary file,TRUE,REUSED,HOMEOSTATIC_MACROPHAGE; exact author metagene list; external only outside GSE136103
RAM2019_MAC_SIG_C_KC,Ramachandran2019_Nature,Kupffer-cell metagene C,macrophage_monocyte,IRF2BP2,UP_IN_STATE,GSE136103,scRNA-seq,mixed nonviral cirrhosis,Supplementary Table 9,supplementary file,TRUE,REUSED,HOMEOSTATIC_MACROPHAGE; exact author metagene list; external only outside GSE136103
RAM2019_MAC_SIG_C_KC,Ramachandran2019_Nature,Kupffer-cell metagene C,macrophage_monocyte,GPR137B,UP_IN_STATE,GSE136103,scRNA-seq,mixed nonviral cirrhosis,Supplementary Table 9,supplementary file,TRUE,REUSED,HOMEOSTATIC_MACROPHAGE; exact author metagene list; external only outside GSE136103
RAM2019_MAC_SIG_C_KC,Ramachandran2019_Nature,Kupffer-cell metagene C,macrophage_monocyte,LGALS8,UP_IN_STATE,GSE136103,scRNA-seq,mixed nonviral cirrhosis,Supplementary Table 9,supplementary file,TRUE,REUSED,HOMEOSTATIC_MACROPHAGE; exact author metagene list; external only outside GSE136103
RAM2019_MAC_SIG_C_KC,Ramachandran2019_Nature,Kupffer-cell metagene C,macrophage_monocyte,HNRNPU,UP_IN_STATE,GSE136103,scRNA-seq,mixed nonviral cirrhosis,Supplementary Table 9,supplementary file,TRUE,REUSED,HOMEOSTATIC_MACROPHAGE; exact author metagene list; external only outside GSE136103
RAM2019_MAC_SIG_C_KC,Ramachandran2019_Nature,Kupffer-cell metagene C,macrophage_monocyte,ID2,UP_IN_STATE,GSE136103,scRNA-seq,mixed nonviral cirrhosis,Supplementary Table 9,supplementary file,TRUE,REUSED,HOMEOSTATIC_MACROPHAGE; exact author metagene list; external only outside GSE136103
RAM2019_MAC_SIG_C_KC,Ramachandran2019_Nature,Kupffer-cell metagene C,macrophage_monocyte,FAM49A,UP_IN_STATE,GSE136103,scRNA-seq,mixed nonviral cirrhosis,Supplementary Table 9,supplementary file,TRUE,REUSED,HOMEOSTATIC_MACROPHAGE; exact author metagene list; external only outside GSE136103
RAM2019_MAC_SIG_C_KC,Ramachandran2019_Nature,Kupffer-cell metagene C,macrophage_monocyte,RHOB,UP_IN_STATE,GSE136103,scRNA-seq,mixed nonviral cirrhosis,Supplementary Table 9,supplementary file,TRUE,REUSED,HOMEOSTATIC_MACROPHAGE; exact author metagene list; external only outside GSE136103
RAM2019_MAC_SIG_C_KC,Ramachandran2019_Nature,Kupffer-cell metagene C,macrophage_monocyte,RAB10,UP_IN_STATE,GSE136103,scRNA-seq,mixed nonviral cirrhosis,Supplementary Table 9,supplementary file,TRUE,REUSED,HOMEOSTATIC_MACROPHAGE; exact author metagene list; external only outside GSE136103
RAM2019_MAC_SIG_C_KC,Ramachandran2019_Nature,Kupffer-cell metagene C,macrophage_monocyte,FEZ2,UP_IN_STATE,GSE136103,scRNA-seq,mixed nonviral cirrhosis,Supplementary Table 9,supplementary file,TRUE,REUSED,HOMEOSTATIC_MACROPHAGE; exact author metagene list; external only outside GSE136103
RAM2019_MAC_SIG_C_KC,Ramachandran2019_Nature,Kupffer-cell metagene C,macrophage_monocyte,EPAS1,UP_IN_STATE,GSE136103,scRNA-seq,mixed nonviral cirrhosis,Supplementary Table 9,supplementary file,TRUE,REUSED,HOMEOSTATIC_MACROPHAGE; exact author metagene list; external only outside GSE136103
RAM2019_MAC_SIG_C_KC,Ramachandran2019_Nature,Kupffer-cell metagene C,macrophage_monocyte,PLEK,UP_IN_STATE,GSE136103,scRNA-seq,mixed nonviral cirrhosis,Supplementary Table 9,supplementary file,TRUE,REUSED,HOMEOSTATIC_MACROPHAGE; exact author metagene list; external only outside GSE136103
RAM2019_MAC_SIG_C_KC,Ramachandran2019_Nature,Kupffer-cell metagene C,macrophage_monocyte,AAK1,UP_IN_STATE,GSE136103,scRNA-seq,mixed nonviral cirrhosis,Supplementary Table 9,supplementary file,TRUE,REUSED,HOMEOSTATIC_MACROPHAGE; exact author metagene list; external only outside GSE136103
RAM2019_MAC_SIG_C_KC,Ramachandran2019_Nature,Kupffer-cell metagene C,macrophage_monocyte,TGOLN2,UP_IN_STATE,GSE136103,scRNA-seq,mixed nonviral cirrhosis,Supplementary Table 9,supplementary file,TRUE,REUSED,HOMEOSTATIC_MACROPHAGE; exact author metagene list; external only outside GSE136103
RAM2019_MAC_SIG_C_KC,Ramachandran2019_Nature,Kupffer-cell metagene C,macrophage_monocyte,MAT2A,UP_IN_STATE,GSE136103,scRNA-seq,mixed nonviral cirrhosis,Supplementary Table 9,supplementary file,TRUE,REUSED,HOMEOSTATIC_MACROPHAGE; exact author metagene list; external only outside GSE136103
RAM2019_MAC_SIG_C_KC,Ramachandran2019_Nature,Kupffer-cell metagene C,macrophage_monocyte,VAMP5,UP_IN_STATE,GSE136103,scRNA-seq,mixed nonviral cirrhosis,Supplementary Table 9,supplementary file,TRUE,REUSED,HOMEOSTATIC_MACROPHAGE; exact author metagene list; external only outside GSE136103
RAM2019_MAC_SIG_C_KC,Ramachandran2019_Nature,Kupffer-cell metagene C,macrophage_monocyte,ANKRD36C,UP_IN_STATE,GSE136103,scRNA-seq,mixed nonviral cirrhosis,Supplementary Table 9,supplementary file,TRUE,REUSED,HOMEOSTATIC_MACROPHAGE; exact author metagene list; external only outside GSE136103
RAM2019_MAC_SIG_C_KC,Ramachandran2019_Nature,Kupffer-cell metagene C,macrophage_monocyte,RNF149,UP_IN_STATE,GSE136103,scRNA-seq,mixed nonviral cirrhosis,Supplementary Table 9,supplementary file,TRUE,REUSED,HOMEOSTATIC_MACROPHAGE; exact author metagene list; external only outside GSE136103
RAM2019_MAC_SIG_C_KC,Ramachandran2019_Nature,Kupffer-cell metagene C,macrophage_monocyte,MERTK,UP_IN_STATE,GSE136103,scRNA-seq,mixed nonviral cirrhosis,Supplementary Table 9,supplementary file,TRUE,REUSED,HOMEOSTATIC_MACROPHAGE; exact author metagene list; external only outside GSE136103
RAM2019_MAC_SIG_C_KC,Ramachandran2019_Nature,Kupffer-cell metagene C,macrophage_monocyte,MARCO,UP_IN_STATE,GSE136103,scRNA-seq,mixed nonviral cirrhosis,Supplementary Table 9,supplementary file,TRUE,REUSED,HOMEOSTATIC_MACROPHAGE; exact author metagene list; external only outside GSE136103
RAM2019_MAC_SIG_C_KC,Ramachandran2019_Nature,Kupffer-cell metagene C,macrophage_monocyte,TMEM37,UP_IN_STATE,GSE136103,scRNA-seq,mixed nonviral cirrhosis,Supplementary Table 9,supplementary file,TRUE,REUSED,HOMEOSTATIC_MACROPHAGE; exact author metagene list; external only outside GSE136103
RAM2019_MAC_SIG_C_KC,Ramachandran2019_Nature,Kupffer-cell metagene C,macrophage_monocyte,HNMT,UP_IN_STATE,GSE136103,scRNA-seq,mixed nonviral cirrhosis,Supplementary Table 9,supplementary file,TRUE,REUSED,HOMEOSTATIC_MACROPHAGE; exact author metagene list; external only outside GSE136103
RAM2019_MAC_SIG_C_KC,Ramachandran2019_Nature,Kupffer-cell metagene C,macrophage_monocyte,ZEB2,UP_IN_STATE,GSE136103,scRNA-seq,mixed nonviral cirrhosis,Supplementary Table 9,supplementary file,TRUE,REUSED,HOMEOSTATIC_MACROPHAGE; exact author metagene list; external only outside GSE136103
RAM2019_MAC_SIG_C_KC,Ramachandran2019_Nature,Kupffer-cell metagene C,macrophage_monocyte,RND3,UP_IN_STATE,GSE136103,scRNA-seq,mixed nonviral cirrhosis,Supplementary Table 9,supplementary file,TRUE,REUSED,HOMEOSTATIC_MACROPHAGE; exact author metagene list; external only outside GSE136103
RAM2019_MAC_SIG_C_KC,Ramachandran2019_Nature,Kupffer-cell metagene C,macrophage_monocyte,NR4A2,UP_IN_STATE,GSE136103,scRNA-seq,mixed nonviral cirrhosis,Supplementary Table 9,supplementary file,TRUE,REUSED,HOMEOSTATIC_MACROPHAGE; exact author metagene list; external only outside GSE136103
RAM2019_MAC_SIG_C_KC,Ramachandran2019_Nature,Kupffer-cell metagene C,macrophage_monocyte,CD302,UP_IN_STATE,GSE136103,scRNA-seq,mixed nonviral cirrhosis,Supplementary Table 9,supplementary file,TRUE,REUSED,HOMEOSTATIC_MACROPHAGE; exact author metagene list; external only outside GSE136103
RAM2019_MAC_SIG_C_KC,Ramachandran2019_Nature,Kupffer-cell metagene C,macrophage_monocyte,SLC40A1,UP_IN_STATE,GSE136103,scRNA-seq,mixed nonviral cirrhosis,Supplementary Table 9,supplementary file,TRUE,REUSED,HOMEOSTATIC_MACROPHAGE; exact author metagene list; external only outside GSE136103
RAM2019_MAC_SIG_C_KC,Ramachandran2019_Nature,Kupffer-cell metagene C,macrophage_monocyte,STAT1,UP_IN_STATE,GSE136103,scRNA-seq,mixed nonviral cirrhosis,Supplementary Table 9,supplementary file,TRUE,REUSED,HOMEOSTATIC_MACROPHAGE; exact author metagene list; external only outside GSE136103
RAM2019_MAC_SIG_C_KC,Ramachandran2019_Nature,Kupffer-cell metagene C,macrophage_monocyte,NABP1,UP_IN_STATE,GSE136103,scRNA-seq,mixed nonviral cirrhosis,Supplementary Table 9,supplementary file,TRUE,REUSED,HOMEOSTATIC_MACROPHAGE; exact author metagene list; external only outside GSE136103
RAM2019_MAC_SIG_C_KC,Ramachandran2019_Nature,Kupffer-cell metagene C,macrophage_monocyte,SPATS2L,UP_IN_STATE,GSE136103,scRNA-seq,mixed nonviral cirrhosis,Supplementary Table 9,supplementary file,TRUE,REUSED,HOMEOSTATIC_MACROPHAGE; exact author metagene list; external only outside GSE136103
RAM2019_MAC_SIG_C_KC,Ramachandran2019_Nature,Kupffer-cell metagene C,macrophage_monocyte,CLK1,UP_IN_STATE,GSE136103,scRNA-seq,mixed nonviral cirrhosis,Supplementary Table 9,supplementary file,TRUE,REUSED,HOMEOSTATIC_MACROPHAGE; exact author metagene list; external only outside GSE136103
RAM2019_MAC_SIG_C_KC,Ramachandran2019_Nature,Kupffer-cell metagene C,macrophage_monocyte,CFLAR,UP_IN_STATE,GSE136103,scRNA-seq,mixed nonviral cirrhosis,Supplementary Table 9,supplementary file,TRUE,REUSED,HOMEOSTATIC_MACROPHAGE; exact author metagene list; external only outside GSE136103
RAM2019_MAC_SIG_C_KC,Ramachandran2019_Nature,Kupffer-cell metagene C,macrophage_monocyte,NRP2,UP_IN_STATE,GSE136103,scRNA-seq,mixed nonviral cirrhosis,Supplementary Table 9,supplementary file,TRUE,REUSED,HOMEOSTATIC_MACROPHAGE; exact author metagene list; external only outside GSE136103
RAM2019_MAC_SIG_C_KC,Ramachandran2019_Nature,Kupffer-cell metagene C,macrophage_monocyte,ARL4C,UP_IN_STATE,GSE136103,scRNA-seq,mixed nonviral cirrhosis,Supplementary Table 9,supplementary file,TRUE,REUSED,HOMEOSTATIC_MACROPHAGE; exact author metagene list; external only outside GSE136103
RAM2019_MAC_SIG_C_KC,Ramachandran2019_Nature,Kupffer-cell metagene C,macrophage_monocyte,CMTM6,UP_IN_STATE,GSE136103,scRNA-seq,mixed nonviral cirrhosis,Supplementary Table 9,supplementary file,TRUE,REUSED,HOMEOSTATIC_MACROPHAGE; exact author metagene list; external only outside GSE136103
RAM2019_MAC_SIG_C_KC,Ramachandran2019_Nature,Kupffer-cell metagene C,macrophage_monocyte,CCR1,UP_IN_STATE,GSE136103,scRNA-seq,mixed nonviral cirrhosis,Supplementary Table 9,supplementary file,TRUE,REUSED,HOMEOSTATIC_MACROPHAGE; exact author metagene list; external only outside GSE136103
RAM2019_MAC_SIG_C_KC,Ramachandran2019_Nature,Kupffer-cell metagene C,macrophage_monocyte,GPX1,UP_IN_STATE,GSE136103,scRNA-seq,mixed nonviral cirrhosis,Supplementary Table 9,supplementary file,TRUE,REUSED,HOMEOSTATIC_MACROPHAGE; exact author metagene list; external only outside GSE136103
RAM2019_MAC_SIG_C_KC,Ramachandran2019_Nature,Kupffer-cell metagene C,macrophage_monocyte,FRMD4B,UP_IN_STATE,GSE136103,scRNA-seq,mixed nonviral cirrhosis,Supplementary Table 9,supplementary file,TRUE,REUSED,HOMEOSTATIC_MACROPHAGE; exact author metagene list; external only outside GSE136103
RAM2019_MAC_SIG_C_KC,Ramachandran2019_Nature,Kupffer-cell metagene C,macrophage_monocyte,FILIP1L,UP_IN_STATE,GSE136103,scRNA-seq,mixed nonviral cirrhosis,Supplementary Table 9,supplementary file,TRUE,REUSED,HOMEOSTATIC_MACROPHAGE; exact author metagene list; external only outside GSE136103
RAM2019_MAC_SIG_C_KC,Ramachandran2019_Nature,Kupffer-cell metagene C,macrophage_monocyte,NFKBIZ,UP_IN_STATE,GSE136103,scRNA-seq,mixed nonviral cirrhosis,Supplementary Table 9,supplementary file,TRUE,REUSED,HOMEOSTATIC_MACROPHAGE; exact author metagene list; external only outside GSE136103
RAM2019_MAC_SIG_C_KC,Ramachandran2019_Nature,Kupffer-cell metagene C,macrophage_monocyte,PARP14,UP_IN_STATE,GSE136103,scRNA-seq,mixed nonviral cirrhosis,Supplementary Table 9,supplementary file,TRUE,REUSED,HOMEOSTATIC_MACROPHAGE; exact author metagene list; external only outside GSE136103
RAM2019_MAC_SIG_C_KC,Ramachandran2019_Nature,Kupffer-cell metagene C,macrophage_monocyte,RNF13,UP_IN_STATE,GSE136103,scRNA-seq,mixed nonviral cirrhosis,Supplementary Table 9,supplementary file,TRUE,REUSED,HOMEOSTATIC_MACROPHAGE; exact author metagene list; external only outside GSE136103
RAM2019_MAC_SIG_C_KC,Ramachandran2019_Nature,Kupffer-cell metagene C,macrophage_monocyte,SIAH2,UP_IN_STATE,GSE136103,scRNA-seq,mixed nonviral cirrhosis,Supplementary Table 9,supplementary file,TRUE,REUSED,HOMEOSTATIC_MACROPHAGE; exact author metagene list; external only outside GSE136103
RAM2019_MAC_SIG_C_KC,Ramachandran2019_Nature,Kupffer-cell metagene C,macrophage_monocyte,P2RY13,UP_IN_STATE,GSE136103,scRNA-seq,mixed nonviral cirrhosis,Supplementary Table 9,supplementary file,TRUE,REUSED,HOMEOSTATIC_MACROPHAGE; exact author metagene list; external only outside GSE136103
RAM2019_MAC_SIG_C_KC,Ramachandran2019_Nature,Kupffer-cell metagene C,macrophage_monocyte,SUCNR1,UP_IN_STATE,GSE136103,scRNA-seq,mixed nonviral cirrhosis,Supplementary Table 9,supplementary file,TRUE,REUSED,HOMEOSTATIC_MACROPHAGE; exact author metagene list; external only outside GSE136103
RAM2019_MAC_SIG_C_KC,Ramachandran2019_Nature,Kupffer-cell metagene C,macrophage_monocyte,RAP2B,UP_IN_STATE,GSE136103,scRNA-seq,mixed nonviral cirrhosis,Supplementary Table 9,supplementary file,TRUE,REUSED,HOMEOSTATIC_MACROPHAGE; exact author metagene list; external only outside GSE136103
RAM2019_MAC_SIG_C_KC,Ramachandran2019_Nature,Kupffer-cell metagene C,macrophage_monocyte,TIPARP,UP_IN_STATE,GSE136103,scRNA-seq,mixed nonviral cirrhosis,Supplementary Table 9,supplementary file,TRUE,REUSED,HOMEOSTATIC_MACROPHAGE; exact author metagene list; external only outside GSE136103
RAM2019_MAC_SIG_C_KC,Ramachandran2019_Nature,Kupffer-cell metagene C,macrophage_monocyte,CCNL1,UP_IN_STATE,GSE136103,scRNA-seq,mixed nonviral cirrhosis,Supplementary Table 9,supplementary file,TRUE,REUSED,HOMEOSTATIC_MACROPHAGE; exact author metagene list; external only outside GSE136103
RAM2019_MAC_SIG_C_KC,Ramachandran2019_Nature,Kupffer-cell metagene C,macrophage_monocyte,MFSD1,UP_IN_STATE,GSE136103,scRNA-seq,mixed nonviral cirrhosis,Supplementary Table 9,supplementary file,TRUE,REUSED,HOMEOSTATIC_MACROPHAGE; exact author metagene list; external only outside GSE136103
RAM2019_MAC_SIG_C_KC,Ramachandran2019_Nature,Kupffer-cell metagene C,macrophage_monocyte,SEC62,UP_IN_STATE,GSE136103,scRNA-seq,mixed nonviral cirrhosis,Supplementary Table 9,supplementary file,TRUE,REUSED,HOMEOSTATIC_MACROPHAGE; exact author metagene list; external only outside GSE136103
RAM2019_MAC_SIG_C_KC,Ramachandran2019_Nature,Kupffer-cell metagene C,macrophage_monocyte,SKIL,UP_IN_STATE,GSE136103,scRNA-seq,mixed nonviral cirrhosis,Supplementary Table 9,supplementary file,TRUE,REUSED,HOMEOSTATIC_MACROPHAGE; exact author metagene list; external only outside GSE136103
RAM2019_MAC_SIG_C_KC,Ramachandran2019_Nature,Kupffer-cell metagene C,macrophage_monocyte,TNFSF10,UP_IN_STATE,GSE136103,scRNA-seq,mixed nonviral cirrhosis,Supplementary Table 9,supplementary file,TRUE,REUSED,HOMEOSTATIC_MACROPHAGE; exact author metagene list; external only outside GSE136103
RAM2019_MAC_SIG_C_KC,Ramachandran2019_Nature,Kupffer-cell metagene C,macrophage_monocyte,NCEH1,UP_IN_STATE,GSE136103,scRNA-seq,mixed nonviral cirrhosis,Supplementary Table 9,supplementary file,TRUE,REUSED,HOMEOSTATIC_MACROPHAGE; exact author metagene list; external only outside GSE136103
RAM2019_MAC_SIG_C_KC,Ramachandran2019_Nature,Kupffer-cell metagene C,macrophage_monocyte,ETV5,UP_IN_STATE,GSE136103,scRNA-seq,mixed nonviral cirrhosis,Supplementary Table 9,supplementary file,TRUE,REUSED,HOMEOSTATIC_MACROPHAGE; exact author metagene list; external only outside GSE136103
RAM2019_MAC_SIG_C_KC,Ramachandran2019_Nature,Kupffer-cell metagene C,macrophage_monocyte,BCL6,UP_IN_STATE,GSE136103,scRNA-seq,mixed nonviral cirrhosis,Supplementary Table 9,supplementary file,TRUE,REUSED,HOMEOSTATIC_MACROPHAGE; exact author metagene list; external only outside GSE136103
RAM2019_MAC_SIG_C_KC,Ramachandran2019_Nature,Kupffer-cell metagene C,macrophage_monocyte,IL1RAP,UP_IN_STATE,GSE136103,scRNA-seq,mixed nonviral cirrhosis,Supplementary Table 9,supplementary file,TRUE,REUSED,HOMEOSTATIC_MACROPHAGE; exact author metagene list; external only outside GSE136103
RAM2019_MAC_SIG_C_KC,Ramachandran2019_Nature,Kupffer-cell metagene C,macrophage_monocyte,HES1,UP_IN_STATE,GSE136103,scRNA-seq,mixed nonviral cirrhosis,Supplementary Table 9,supplementary file,TRUE,REUSED,HOMEOSTATIC_MACROPHAGE; exact author metagene list; external only outside GSE136103
RAM2019_MAC_SIG_C_KC,Ramachandran2019_Nature,Kupffer-cell metagene C,macrophage_monocyte,ARAP2,UP_IN_STATE,GSE136103,scRNA-seq,mixed nonviral cirrhosis,Supplementary Table 9,supplementary file,TRUE,REUSED,HOMEOSTATIC_MACROPHAGE; exact author metagene list; external only outside GSE136103
RAM2019_MAC_SIG_C_KC,Ramachandran2019_Nature,Kupffer-cell metagene C,macrophage_monocyte,RBM47,UP_IN_STATE,GSE136103,scRNA-seq,mixed nonviral cirrhosis,Supplementary Table 9,supplementary file,TRUE,REUSED,HOMEOSTATIC_MACROPHAGE; exact author metagene list; external only outside GSE136103
RAM2019_MAC_SIG_C_KC,Ramachandran2019_Nature,Kupffer-cell metagene C,macrophage_monocyte,ALB,UP_IN_STATE,GSE136103,scRNA-seq,mixed nonviral cirrhosis,Supplementary Table 9,supplementary file,TRUE,REUSED,HOMEOSTATIC_MACROPHAGE; exact author metagene list; external only outside GSE136103
RAM2019_MAC_SIG_C_KC,Ramachandran2019_Nature,Kupffer-cell metagene C,macrophage_monocyte,CXCL3,UP_IN_STATE,GSE136103,scRNA-seq,mixed nonviral cirrhosis,Supplementary Table 9,supplementary file,TRUE,REUSED,HOMEOSTATIC_MACROPHAGE; exact author metagene list; external only outside GSE136103
RAM2019_MAC_SIG_C_KC,Ramachandran2019_Nature,Kupffer-cell metagene C,macrophage_monocyte,CXCL2,UP_IN_STATE,GSE136103,scRNA-seq,mixed nonviral cirrhosis,Supplementary Table 9,supplementary file,TRUE,REUSED,HOMEOSTATIC_MACROPHAGE; exact author metagene list; external only outside GSE136103
RAM2019_MAC_SIG_C_KC,Ramachandran2019_Nature,Kupffer-cell metagene C,macrophage_monocyte,SCARB2,UP_IN_STATE,GSE136103,scRNA-seq,mixed nonviral cirrhosis,Supplementary Table 9,supplementary file,TRUE,REUSED,HOMEOSTATIC_MACROPHAGE; exact author metagene list; external only outside GSE136103
RAM2019_MAC_SIG_C_KC,Ramachandran2019_Nature,Kupffer-cell metagene C,macrophage_monocyte,PLAC8,UP_IN_STATE,GSE136103,scRNA-seq,mixed nonviral cirrhosis,Supplementary Table 9,supplementary file,TRUE,REUSED,HOMEOSTATIC_MACROPHAGE; exact author metagene list; external only outside GSE136103
RAM2019_MAC_SIG_C_KC,Ramachandran2019_Nature,Kupffer-cell metagene C,macrophage_monocyte,CISD2,UP_IN_STATE,GSE136103,scRNA-seq,mixed nonviral cirrhosis,Supplementary Table 9,supplementary file,TRUE,REUSED,HOMEOSTATIC_MACROPHAGE; exact author metagene list; external only outside GSE136103
RAM2019_MAC_SIG_C_KC,Ramachandran2019_Nature,Kupffer-cell metagene C,macrophage_monocyte,NDST3,UP_IN_STATE,GSE136103,scRNA-seq,mixed nonviral cirrhosis,Supplementary Table 9,supplementary file,TRUE,REUSED,HOMEOSTATIC_MACROPHAGE; exact author metagene list; external only outside GSE136103
RAM2019_MAC_SIG_C_KC,Ramachandran2019_Nature,Kupffer-cell metagene C,macrophage_monocyte,FAM198B,UP_IN_STATE,GSE136103,scRNA-seq,mixed nonviral cirrhosis,Supplementary Table 9,supplementary file,TRUE,REUSED,HOMEOSTATIC_MACROPHAGE; exact author metagene list; external only outside GSE136103
RAM2019_MAC_SIG_C_KC,Ramachandran2019_Nature,Kupffer-cell metagene C,macrophage_monocyte,FNIP2,UP_IN_STATE,GSE136103,scRNA-seq,mixed nonviral cirrhosis,Supplementary Table 9,supplementary file,TRUE,REUSED,HOMEOSTATIC_MACROPHAGE; exact author metagene list; external only outside GSE136103
RAM2019_MAC_SIG_C_KC,Ramachandran2019_Nature,Kupffer-cell metagene C,macrophage_monocyte,MIR3945HG,UP_IN_STATE,GSE136103,scRNA-seq,mixed nonviral cirrhosis,Supplementary Table 9,supplementary file,TRUE,REUSED,HOMEOSTATIC_MACROPHAGE; exact author metagene list; external only outside GSE136103
RAM2019_MAC_SIG_C_KC,Ramachandran2019_Nature,Kupffer-cell metagene C,macrophage_monocyte,ANKH,UP_IN_STATE,GSE136103,scRNA-seq,mixed nonviral cirrhosis,Supplementary Table 9,supplementary file,TRUE,REUSED,HOMEOSTATIC_MACROPHAGE; exact author metagene list; external only outside GSE136103
RAM2019_MAC_SIG_C_KC,Ramachandran2019_Nature,Kupffer-cell metagene C,macrophage_monocyte,BASP1,UP_IN_STATE,GSE136103,scRNA-seq,mixed nonviral cirrhosis,Supplementary Table 9,supplementary file,TRUE,REUSED,HOMEOSTATIC_MACROPHAGE; exact author metagene list; external only outside GSE136103
RAM2019_MAC_SIG_C_KC,Ramachandran2019_Nature,Kupffer-cell metagene C,macrophage_monocyte,DAB2,UP_IN_STATE,GSE136103,scRNA-seq,mixed nonviral cirrhosis,Supplementary Table 9,supplementary file,TRUE,REUSED,HOMEOSTATIC_MACROPHAGE; exact author metagene list; external only outside GSE136103
RAM2019_MAC_SIG_C_KC,Ramachandran2019_Nature,Kupffer-cell metagene C,macrophage_monocyte,SEPP1,UP_IN_STATE,GSE136103,scRNA-seq,mixed nonviral cirrhosis,Supplementary Table 9,supplementary file,TRUE,REUSED,HOMEOSTATIC_MACROPHAGE; exact author metagene list; external only outside GSE136103
RAM2019_MAC_SIG_C_KC,Ramachandran2019_Nature,Kupffer-cell metagene C,macrophage_monocyte,ZFYVE16,UP_IN_STATE,GSE136103,scRNA-seq,mixed nonviral cirrhosis,Supplementary Table 9,supplementary file,TRUE,REUSED,HOMEOSTATIC_MACROPHAGE; exact author metagene list; external only outside GSE136103
RAM2019_MAC_SIG_C_KC,Ramachandran2019_Nature,Kupffer-cell metagene C,macrophage_monocyte,ARRDC3,UP_IN_STATE,GSE136103,scRNA-seq,mixed nonviral cirrhosis,Supplementary Table 9,supplementary file,TRUE,REUSED,HOMEOSTATIC_MACROPHAGE; exact author metagene list; external only outside GSE136103
RAM2019_MAC_SIG_C_KC,Ramachandran2019_Nature,Kupffer-cell metagene C,macrophage_monocyte,AFF4,UP_IN_STATE,GSE136103,scRNA-seq,mixed nonviral cirrhosis,Supplementary Table 9,supplementary file,TRUE,REUSED,HOMEOSTATIC_MACROPHAGE; exact author metagene list; external only outside GSE136103
RAM2019_MAC_SIG_C_KC,Ramachandran2019_Nature,Kupffer-cell metagene C,macrophage_monocyte,TGFBI,UP_IN_STATE,GSE136103,scRNA-seq,mixed nonviral cirrhosis,Supplementary Table 9,supplementary file,TRUE,REUSED,HOMEOSTATIC_MACROPHAGE; exact author metagene list; external only outside GSE136103
RAM2019_MAC_SIG_C_KC,Ramachandran2019_Nature,Kupffer-cell metagene C,macrophage_monocyte,ETF1,UP_IN_STATE,GSE136103,scRNA-seq,mixed nonviral cirrhosis,Supplementary Table 9,supplementary file,TRUE,REUSED,HOMEOSTATIC_MACROPHAGE; exact author metagene list; external only outside GSE136103
RAM2019_MAC_SIG_C_KC,Ramachandran2019_Nature,Kupffer-cell metagene C,macrophage_monocyte,CD14,UP_IN_STATE,GSE136103,scRNA-seq,mixed nonviral cirrhosis,Supplementary Table 9,supplementary file,TRUE,REUSED,HOMEOSTATIC_MACROPHAGE; exact author metagene list; external only outside GSE136103
RAM2019_MAC_SIG_C_KC,Ramachandran2019_Nature,Kupffer-cell metagene C,macrophage_monocyte,NDFIP1,UP_IN_STATE,GSE136103,scRNA-seq,mixed nonviral cirrhosis,Supplementary Table 9,supplementary file,TRUE,REUSED,HOMEOSTATIC_MACROPHAGE; exact author metagene list; external only outside GSE136103
RAM2019_MAC_SIG_C_KC,Ramachandran2019_Nature,Kupffer-cell metagene C,macrophage_monocyte,CSF1R,UP_IN_STATE,GSE136103,scRNA-seq,mixed nonviral cirrhosis,Supplementary Table 9,supplementary file,TRUE,REUSED,HOMEOSTATIC_MACROPHAGE; exact author metagene list; external only outside GSE136103
RAM2019_MAC_SIG_C_KC,Ramachandran2019_Nature,Kupffer-cell metagene C,macrophage_monocyte,ATOX1,UP_IN_STATE,GSE136103,scRNA-seq,mixed nonviral cirrhosis,Supplementary Table 9,supplementary file,TRUE,REUSED,HOMEOSTATIC_MACROPHAGE; exact author metagene list; external only outside GSE136103
RAM2019_MAC_SIG_C_KC,Ramachandran2019_Nature,Kupffer-cell metagene C,macrophage_monocyte,TIMD4,UP_IN_STATE,GSE136103,scRNA-seq,mixed nonviral cirrhosis,Supplementary Table 9,supplementary file,TRUE,REUSED,HOMEOSTATIC_MACROPHAGE; exact author metagene list; external only outside GSE136103
RAM2019_MAC_SIG_C_KC,Ramachandran2019_Nature,Kupffer-cell metagene C,macrophage_monocyte,HAVCR2,UP_IN_STATE,GSE136103,scRNA-seq,mixed nonviral cirrhosis,Supplementary Table 9,supplementary file,TRUE,REUSED,HOMEOSTATIC_MACROPHAGE; exact author metagene list; external only outside GSE136103
RAM2019_MAC_SIG_C_KC,Ramachandran2019_Nature,Kupffer-cell metagene C,macrophage_monocyte,LCP2,UP_IN_STATE,GSE136103,scRNA-seq,mixed nonviral cirrhosis,Supplementary Table 9,supplementary file,TRUE,REUSED,HOMEOSTATIC_MACROPHAGE; exact author metagene list; external only outside GSE136103
RAM2019_MAC_SIG_C_KC,Ramachandran2019_Nature,Kupffer-cell metagene C,macrophage_monocyte,CPEB4,UP_IN_STATE,GSE136103,scRNA-seq,mixed nonviral cirrhosis,Supplementary Table 9,supplementary file,TRUE,REUSED,HOMEOSTATIC_MACROPHAGE; exact author metagene list; external only outside GSE136103
RAM2019_MAC_SIG_C_KC,Ramachandran2019_Nature,Kupffer-cell metagene C,macrophage_monocyte,CANX,UP_IN_STATE,GSE136103,scRNA-seq,mixed nonviral cirrhosis,Supplementary Table 9,supplementary file,TRUE,REUSED,HOMEOSTATIC_MACROPHAGE; exact author metagene list; external only outside GSE136103
RAM2019_MAC_SIG_C_KC,Ramachandran2019_Nature,Kupffer-cell metagene C,macrophage_monocyte,SQSTM1,UP_IN_STATE,GSE136103,scRNA-seq,mixed nonviral cirrhosis,Supplementary Table 9,supplementary file,TRUE,REUSED,HOMEOSTATIC_MACROPHAGE; exact author metagene list; external only outside GSE136103
RAM2019_MAC_SIG_C_KC,Ramachandran2019_Nature,Kupffer-cell metagene C,macrophage_monocyte,SERPINB6,UP_IN_STATE,GSE136103,scRNA-seq,mixed nonviral cirrhosis,Supplementary Table 9,supplementary file,TRUE,REUSED,HOMEOSTATIC_MACROPHAGE; exact author metagene list; external only outside GSE136103
RAM2019_MAC_SIG_C_KC,Ramachandran2019_Nature,Kupffer-cell metagene C,macrophage_monocyte,ATXN1,UP_IN_STATE,GSE136103,scRNA-seq,mixed nonviral cirrhosis,Supplementary Table 9,supplementary file,TRUE,REUSED,HOMEOSTATIC_MACROPHAGE; exact author metagene list; external only outside GSE136103
RAM2019_MAC_SIG_C_KC,Ramachandran2019_Nature,Kupffer-cell metagene C,macrophage_monocyte,C6orf62,UP_IN_STATE,GSE136103,scRNA-seq,mixed nonviral cirrhosis,Supplementary Table 9,supplementary file,TRUE,REUSED,HOMEOSTATIC_MACROPHAGE; exact author metagene list; external only outside GSE136103
RAM2019_MAC_SIG_C_KC,Ramachandran2019_Nature,Kupffer-cell metagene C,macrophage_monocyte,HLA-E,UP_IN_STATE,GSE136103,scRNA-seq,mixed nonviral cirrhosis,Supplementary Table 9,supplementary file,TRUE,REUSED,HOMEOSTATIC_MACROPHAGE; exact author metagene list; external only outside GSE136103
RAM2019_MAC_SIG_C_KC,Ramachandran2019_Nature,Kupffer-cell metagene C,macrophage_monocyte,DDAH2,UP_IN_STATE,GSE136103,scRNA-seq,mixed nonviral cirrhosis,Supplementary Table 9,supplementary file,TRUE,REUSED,HOMEOSTATIC_MACROPHAGE; exact author metagene list; external only outside GSE136103
RAM2019_MAC_SIG_C_KC,Ramachandran2019_Nature,Kupffer-cell metagene C,macrophage_monocyte,HSPA1A,UP_IN_STATE,GSE136103,scRNA-seq,mixed nonviral cirrhosis,Supplementary Table 9,supplementary file,TRUE,REUSED,HOMEOSTATIC_MACROPHAGE; exact author metagene list; external only outside GSE136103
RAM2019_MAC_SIG_C_KC,Ramachandran2019_Nature,Kupffer-cell metagene C,macrophage_monocyte,HSPA1B,UP_IN_STATE,GSE136103,scRNA-seq,mixed nonviral cirrhosis,Supplementary Table 9,supplementary file,TRUE,REUSED,HOMEOSTATIC_MACROPHAGE; exact author metagene list; external only outside GSE136103
RAM2019_MAC_SIG_C_KC,Ramachandran2019_Nature,Kupffer-cell metagene C,macrophage_monocyte,C2,UP_IN_STATE,GSE136103,scRNA-seq,mixed nonviral cirrhosis,Supplementary Table 9,supplementary file,TRUE,REUSED,HOMEOSTATIC_MACROPHAGE; exact author metagene list; external only outside GSE136103
RAM2019_MAC_SIG_C_KC,Ramachandran2019_Nature,Kupffer-cell metagene C,macrophage_monocyte,PIM1,UP_IN_STATE,GSE136103,scRNA-seq,mixed nonviral cirrhosis,Supplementary Table 9,supplementary file,TRUE,REUSED,HOMEOSTATIC_MACROPHAGE; exact author metagene list; external only outside GSE136103
RAM2019_MAC_SIG_C_KC,Ramachandran2019_Nature,Kupffer-cell metagene C,macrophage_monocyte,VEGFA,UP_IN_STATE,GSE136103,scRNA-seq,mixed nonviral cirrhosis,Supplementary Table 9,supplementary file,TRUE,REUSED,HOMEOSTATIC_MACROPHAGE; exact author metagene list; external only outside GSE136103
RAM2019_MAC_SIG_C_KC,Ramachandran2019_Nature,Kupffer-cell metagene C,macrophage_monocyte,PLA2G7,UP_IN_STATE,GSE136103,scRNA-seq,mixed nonviral cirrhosis,Supplementary Table 9,supplementary file,TRUE,REUSED,HOMEOSTATIC_MACROPHAGE; exact author metagene list; external only outside GSE136103
RAM2019_MAC_SIG_C_KC,Ramachandran2019_Nature,Kupffer-cell metagene C,macrophage_monocyte,DST,UP_IN_STATE,GSE136103,scRNA-seq,mixed nonviral cirrhosis,Supplementary Table 9,supplementary file,TRUE,REUSED,HOMEOSTATIC_MACROPHAGE; exact author metagene list; external only outside GSE136103
RAM2019_MAC_SIG_C_KC,Ramachandran2019_Nature,Kupffer-cell metagene C,macrophage_monocyte,PTP4A1,UP_IN_STATE,GSE136103,scRNA-seq,mixed nonviral cirrhosis,Supplementary Table 9,supplementary file,TRUE,REUSED,HOMEOSTATIC_MACROPHAGE; exact author metagene list; external only outside GSE136103
RAM2019_MAC_SIG_C_KC,Ramachandran2019_Nature,Kupffer-cell metagene C,macrophage_monocyte,TMEM30A,UP_IN_STATE,GSE136103,scRNA-seq,mixed nonviral cirrhosis,Supplementary Table 9,supplementary file,TRUE,REUSED,HOMEOSTATIC_MACROPHAGE; exact author metagene list; external only outside GSE136103
RAM2019_MAC_SIG_C_KC,Ramachandran2019_Nature,Kupffer-cell metagene C,macrophage_monocyte,ME1,UP_IN_STATE,GSE136103,scRNA-seq,mixed nonviral cirrhosis,Supplementary Table 9,supplementary file,TRUE,REUSED,HOMEOSTATIC_MACROPHAGE; exact author metagene list; external only outside GSE136103
RAM2019_MAC_SIG_C_KC,Ramachandran2019_Nature,Kupffer-cell metagene C,macrophage_monocyte,CD164,UP_IN_STATE,GSE136103,scRNA-seq,mixed nonviral cirrhosis,Supplementary Table 9,supplementary file,TRUE,REUSED,HOMEOSTATIC_MACROPHAGE; exact author metagene list; external only outside GSE136103
RAM2019_MAC_SIG_C_KC,Ramachandran2019_Nature,Kupffer-cell metagene C,macrophage_monocyte,MARCKS,UP_IN_STATE,GSE136103,scRNA-seq,mixed nonviral cirrhosis,Supplementary Table 9,supplementary file,TRUE,REUSED,HOMEOSTATIC_MACROPHAGE; exact author metagene list; external only outside GSE136103
RAM2019_MAC_SIG_C_KC,Ramachandran2019_Nature,Kupffer-cell metagene C,macrophage_monocyte,SERINC1,UP_IN_STATE,GSE136103,scRNA-seq,mixed nonviral cirrhosis,Supplementary Table 9,supplementary file,TRUE,REUSED,HOMEOSTATIC_MACROPHAGE; exact author metagene list; external only outside GSE136103
RAM2019_MAC_SIG_C_KC,Ramachandran2019_Nature,Kupffer-cell metagene C,macrophage_monocyte,SMPDL3A,UP_IN_STATE,GSE136103,scRNA-seq,mixed nonviral cirrhosis,Supplementary Table 9,supplementary file,TRUE,REUSED,HOMEOSTATIC_MACROPHAGE; exact author metagene list; external only outside GSE136103
RAM2019_MAC_SIG_C_KC,Ramachandran2019_Nature,Kupffer-cell metagene C,macrophage_monocyte,EPB41L2,UP_IN_STATE,GSE136103,scRNA-seq,mixed nonviral cirrhosis,Supplementary Table 9,supplementary file,TRUE,REUSED,HOMEOSTATIC_MACROPHAGE; exact author metagene list; external only outside GSE136103
RAM2019_MAC_SIG_C_KC,Ramachandran2019_Nature,Kupffer-cell metagene C,macrophage_monocyte,SGK1,UP_IN_STATE,GSE136103,scRNA-seq,mixed nonviral cirrhosis,Supplementary Table 9,supplementary file,TRUE,REUSED,HOMEOSTATIC_MACROPHAGE; exact author metagene list; external only outside GSE136103
RAM2019_MAC_SIG_C_KC,Ramachandran2019_Nature,Kupffer-cell metagene C,macrophage_monocyte,TNFAIP3,UP_IN_STATE,GSE136103,scRNA-seq,mixed nonviral cirrhosis,Supplementary Table 9,supplementary file,TRUE,REUSED,HOMEOSTATIC_MACROPHAGE; exact author metagene list; external only outside GSE136103
RAM2019_MAC_SIG_C_KC,Ramachandran2019_Nature,Kupffer-cell metagene C,macrophage_monocyte,HECA,UP_IN_STATE,GSE136103,scRNA-seq,mixed nonviral cirrhosis,Supplementary Table 9,supplementary file,TRUE,REUSED,HOMEOSTATIC_MACROPHAGE; exact author metagene list; external only outside GSE136103
RAM2019_MAC_SIG_C_KC,Ramachandran2019_Nature,Kupffer-cell metagene C,macrophage_monocyte,CITED2,UP_IN_STATE,GSE136103,scRNA-seq,mixed nonviral cirrhosis,Supplementary Table 9,supplementary file,TRUE,REUSED,HOMEOSTATIC_MACROPHAGE; exact author metagene list; external only outside GSE136103
RAM2019_MAC_SIG_C_KC,Ramachandran2019_Nature,Kupffer-cell metagene C,macrophage_monocyte,RAB32,UP_IN_STATE,GSE136103,scRNA-seq,mixed nonviral cirrhosis,Supplementary Table 9,supplementary file,TRUE,REUSED,HOMEOSTATIC_MACROPHAGE; exact author metagene list; external only outside GSE136103
RAM2019_MAC_SIG_C_KC,Ramachandran2019_Nature,Kupffer-cell metagene C,macrophage_monocyte,SASH1,UP_IN_STATE,GSE136103,scRNA-seq,mixed nonviral cirrhosis,Supplementary Table 9,supplementary file,TRUE,REUSED,HOMEOSTATIC_MACROPHAGE; exact author metagene list; external only outside GSE136103
RAM2019_MAC_SIG_C_KC,Ramachandran2019_Nature,Kupffer-cell metagene C,macrophage_monocyte,SNX9,UP_IN_STATE,GSE136103,scRNA-seq,mixed nonviral cirrhosis,Supplementary Table 9,supplementary file,TRUE,REUSED,HOMEOSTATIC_MACROPHAGE; exact author metagene list; external only outside GSE136103
RAM2019_MAC_SIG_C_KC,Ramachandran2019_Nature,Kupffer-cell metagene C,macrophage_monocyte,QKI,UP_IN_STATE,GSE136103,scRNA-seq,mixed nonviral cirrhosis,Supplementary Table 9,supplementary file,TRUE,REUSED,HOMEOSTATIC_MACROPHAGE; exact author metagene list; external only outside GSE136103
RAM2019_MAC_SIG_C_KC,Ramachandran2019_Nature,Kupffer-cell metagene C,macrophage_monocyte,TTYH3,UP_IN_STATE,GSE136103,scRNA-seq,mixed nonviral cirrhosis,Supplementary Table 9,supplementary file,TRUE,REUSED,HOMEOSTATIC_MACROPHAGE; exact author metagene list; external only outside GSE136103
RAM2019_MAC_SIG_C_KC,Ramachandran2019_Nature,Kupffer-cell metagene C,macrophage_monocyte,GPNMB,UP_IN_STATE,GSE136103,scRNA-seq,mixed nonviral cirrhosis,Supplementary Table 9,supplementary file,TRUE,REUSED,HOMEOSTATIC_MACROPHAGE; exact author metagene list; external only outside GSE136103
RAM2019_MAC_SIG_C_KC,Ramachandran2019_Nature,Kupffer-cell metagene C,macrophage_monocyte,SNX10,UP_IN_STATE,GSE136103,scRNA-seq,mixed nonviral cirrhosis,Supplementary Table 9,supplementary file,TRUE,REUSED,HOMEOSTATIC_MACROPHAGE; exact author metagene list; external only outside GSE136103
RAM2019_MAC_SIG_C_KC,Ramachandran2019_Nature,Kupffer-cell metagene C,macrophage_monocyte,BLVRA,UP_IN_STATE,GSE136103,scRNA-seq,mixed nonviral cirrhosis,Supplementary Table 9,supplementary file,TRUE,REUSED,HOMEOSTATIC_MACROPHAGE; exact author metagene list; external only outside GSE136103
RAM2019_MAC_SIG_C_KC,Ramachandran2019_Nature,Kupffer-cell metagene C,macrophage_monocyte,PURB,UP_IN_STATE,GSE136103,scRNA-seq,mixed nonviral cirrhosis,Supplementary Table 9,supplementary file,TRUE,REUSED,HOMEOSTATIC_MACROPHAGE; exact author metagene list; external only outside GSE136103
RAM2019_MAC_SIG_C_KC,Ramachandran2019_Nature,Kupffer-cell metagene C,macrophage_monocyte,HSPB1,UP_IN_STATE,GSE136103,scRNA-seq,mixed nonviral cirrhosis,Supplementary Table 9,supplementary file,TRUE,REUSED,HOMEOSTATIC_MACROPHAGE; exact author metagene list; external only outside GSE136103
RAM2019_MAC_SIG_C_KC,Ramachandran2019_Nature,Kupffer-cell metagene C,macrophage_monocyte,FGL2,UP_IN_STATE,GSE136103,scRNA-seq,mixed nonviral cirrhosis,Supplementary Table 9,supplementary file,TRUE,REUSED,HOMEOSTATIC_MACROPHAGE; exact author metagene list; external only outside GSE136103
RAM2019_MAC_SIG_C_KC,Ramachandran2019_Nature,Kupffer-cell metagene C,macrophage_monocyte,CD36,UP_IN_STATE,GSE136103,scRNA-seq,mixed nonviral cirrhosis,Supplementary Table 9,supplementary file,TRUE,REUSED,HOMEOSTATIC_MACROPHAGE; exact author metagene list; external only outside GSE136103
RAM2019_MAC_SIG_C_KC,Ramachandran2019_Nature,Kupffer-cell metagene C,macrophage_monocyte,PDK4,UP_IN_STATE,GSE136103,scRNA-seq,mixed nonviral cirrhosis,Supplementary Table 9,supplementary file,TRUE,REUSED,HOMEOSTATIC_MACROPHAGE; exact author metagene list; external only outside GSE136103
RAM2019_MAC_SIG_C_KC,Ramachandran2019_Nature,Kupffer-cell metagene C,macrophage_monocyte,IFRD1,UP_IN_STATE,GSE136103,scRNA-seq,mixed nonviral cirrhosis,Supplementary Table 9,supplementary file,TRUE,REUSED,HOMEOSTATIC_MACROPHAGE; exact author metagene list; external only outside GSE136103
RAM2019_MAC_SIG_C_KC,Ramachandran2019_Nature,Kupffer-cell metagene C,macrophage_monocyte,LINC00998,UP_IN_STATE,GSE136103,scRNA-seq,mixed nonviral cirrhosis,Supplementary Table 9,supplementary file,TRUE,REUSED,HOMEOSTATIC_MACROPHAGE; exact author metagene list; external only outside GSE136103
RAM2019_MAC_SIG_C_KC,Ramachandran2019_Nature,Kupffer-cell metagene C,macrophage_monocyte,TFEC,UP_IN_STATE,GSE136103,scRNA-seq,mixed nonviral cirrhosis,Supplementary Table 9,supplementary file,TRUE,REUSED,HOMEOSTATIC_MACROPHAGE; exact author metagene list; external only outside GSE136103
RAM2019_MAC_SIG_C_KC,Ramachandran2019_Nature,Kupffer-cell metagene C,macrophage_monocyte,AKR1B1,UP_IN_STATE,GSE136103,scRNA-seq,mixed nonviral cirrhosis,Supplementary Table 9,supplementary file,TRUE,REUSED,HOMEOSTATIC_MACROPHAGE; exact author metagene list; external only outside GSE136103
RAM2019_MAC_SIG_C_KC,Ramachandran2019_Nature,Kupffer-cell metagene C,macrophage_monocyte,GIMAP4,UP_IN_STATE,GSE136103,scRNA-seq,mixed nonviral cirrhosis,Supplementary Table 9,supplementary file,TRUE,REUSED,HOMEOSTATIC_MACROPHAGE; exact author metagene list; external only outside GSE136103
RAM2019_MAC_SIG_C_KC,Ramachandran2019_Nature,Kupffer-cell metagene C,macrophage_monocyte,SMS,UP_IN_STATE,GSE136103,scRNA-seq,mixed nonviral cirrhosis,Supplementary Table 9,supplementary file,TRUE,REUSED,HOMEOSTATIC_MACROPHAGE; exact author metagene list; external only outside GSE136103
RAM2019_MAC_SIG_C_KC,Ramachandran2019_Nature,Kupffer-cell metagene C,macrophage_monocyte,SAT1,UP_IN_STATE,GSE136103,scRNA-seq,mixed nonviral cirrhosis,Supplementary Table 9,supplementary file,TRUE,REUSED,HOMEOSTATIC_MACROPHAGE; exact author metagene list; external only outside GSE136103
RAM2019_MAC_SIG_C_KC,Ramachandran2019_Nature,Kupffer-cell metagene C,macrophage_monocyte,CYBB,UP_IN_STATE,GSE136103,scRNA-seq,mixed nonviral cirrhosis,Supplementary Table 9,supplementary file,TRUE,REUSED,HOMEOSTATIC_MACROPHAGE; exact author metagene list; external only outside GSE136103
RAM2019_MAC_SIG_C_KC,Ramachandran2019_Nature,Kupffer-cell metagene C,macrophage_monocyte,DDX3X,UP_IN_STATE,GSE136103,scRNA-seq,mixed nonviral cirrhosis,Supplementary Table 9,supplementary file,TRUE,REUSED,HOMEOSTATIC_MACROPHAGE; exact author metagene list; external only outside GSE136103
RAM2019_MAC_SIG_C_KC,Ramachandran2019_Nature,Kupffer-cell metagene C,macrophage_monocyte,GPR34,UP_IN_STATE,GSE136103,scRNA-seq,mixed nonviral cirrhosis,Supplementary Table 9,supplementary file,TRUE,REUSED,HOMEOSTATIC_MACROPHAGE; exact author metagene list; external only outside GSE136103
RAM2019_MAC_SIG_C_KC,Ramachandran2019_Nature,Kupffer-cell metagene C,macrophage_monocyte,CFP,UP_IN_STATE,GSE136103,scRNA-seq,mixed nonviral cirrhosis,Supplementary Table 9,supplementary file,TRUE,REUSED,HOMEOSTATIC_MACROPHAGE; exact author metagene list; external only outside GSE136103
RAM2019_MAC_SIG_C_KC,Ramachandran2019_Nature,Kupffer-cell metagene C,macrophage_monocyte,VSIG4,UP_IN_STATE,GSE136103,scRNA-seq,mixed nonviral cirrhosis,Supplementary Table 9,supplementary file,TRUE,REUSED,HOMEOSTATIC_MACROPHAGE; exact author metagene list; external only outside GSE136103
RAM2019_MAC_SIG_C_KC,Ramachandran2019_Nature,Kupffer-cell metagene C,macrophage_monocyte,LAMP2,UP_IN_STATE,GSE136103,scRNA-seq,mixed nonviral cirrhosis,Supplementary Table 9,supplementary file,TRUE,REUSED,HOMEOSTATIC_MACROPHAGE; exact author metagene list; external only outside GSE136103
RAM2019_MAC_SIG_C_KC,Ramachandran2019_Nature,Kupffer-cell metagene C,macrophage_monocyte,MPP1,UP_IN_STATE,GSE136103,scRNA-seq,mixed nonviral cirrhosis,Supplementary Table 9,supplementary file,TRUE,REUSED,HOMEOSTATIC_MACROPHAGE; exact author metagene list; external only outside GSE136103
RAM2019_MAC_SIG_C_KC,Ramachandran2019_Nature,Kupffer-cell metagene C,macrophage_monocyte,CTSB,UP_IN_STATE,GSE136103,scRNA-seq,mixed nonviral cirrhosis,Supplementary Table 9,supplementary file,TRUE,REUSED,HOMEOSTATIC_MACROPHAGE; exact author metagene list; external only outside GSE136103
RAM2019_MAC_SIG_C_KC,Ramachandran2019_Nature,Kupffer-cell metagene C,macrophage_monocyte,MSR1,UP_IN_STATE,GSE136103,scRNA-seq,mixed nonviral cirrhosis,Supplementary Table 9,supplementary file,TRUE,REUSED,HOMEOSTATIC_MACROPHAGE; exact author metagene list; external only outside GSE136103
RAM2019_MAC_SIG_C_KC,Ramachandran2019_Nature,Kupffer-cell metagene C,macrophage_monocyte,ASAH1,UP_IN_STATE,GSE136103,scRNA-seq,mixed nonviral cirrhosis,Supplementary Table 9,supplementary file,TRUE,REUSED,HOMEOSTATIC_MACROPHAGE; exact author metagene list; external only outside GSE136103
RAM2019_MAC_SIG_C_KC,Ramachandran2019_Nature,Kupffer-cell metagene C,macrophage_monocyte,EGR3,UP_IN_STATE,GSE136103,scRNA-seq,mixed nonviral cirrhosis,Supplementary Table 9,supplementary file,TRUE,REUSED,HOMEOSTATIC_MACROPHAGE; exact author metagene list; external only outside GSE136103
RAM2019_MAC_SIG_C_KC,Ramachandran2019_Nature,Kupffer-cell metagene C,macrophage_monocyte,BNIP3L,UP_IN_STATE,GSE136103,scRNA-seq,mixed nonviral cirrhosis,Supplementary Table 9,supplementary file,TRUE,REUSED,HOMEOSTATIC_MACROPHAGE; exact author metagene list; external only outside GSE136103
RAM2019_MAC_SIG_C_KC,Ramachandran2019_Nature,Kupffer-cell metagene C,macrophage_monocyte,SDCBP,UP_IN_STATE,GSE136103,scRNA-seq,mixed nonviral cirrhosis,Supplementary Table 9,supplementary file,TRUE,REUSED,HOMEOSTATIC_MACROPHAGE; exact author metagene list; external only outside GSE136103
RAM2019_MAC_SIG_C_KC,Ramachandran2019_Nature,Kupffer-cell metagene C,macrophage_monocyte,LY96,UP_IN_STATE,GSE136103,scRNA-seq,mixed nonviral cirrhosis,Supplementary Table 9,supplementary file,TRUE,REUSED,HOMEOSTATIC_MACROPHAGE; exact author metagene list; external only outside GSE136103
RAM2019_MAC_SIG_C_KC,Ramachandran2019_Nature,Kupffer-cell metagene C,macrophage_monocyte,WWP1,UP_IN_STATE,GSE136103,scRNA-seq,mixed nonviral cirrhosis,Supplementary Table 9,supplementary file,TRUE,REUSED,HOMEOSTATIC_MACROPHAGE; exact author metagene list; external only outside GSE136103
RAM2019_MAC_SIG_C_KC,Ramachandran2019_Nature,Kupffer-cell metagene C,macrophage_monocyte,NBN,UP_IN_STATE,GSE136103,scRNA-seq,mixed nonviral cirrhosis,Supplementary Table 9,supplementary file,TRUE,REUSED,HOMEOSTATIC_MACROPHAGE; exact author metagene list; external only outside GSE136103
RAM2019_MAC_SIG_C_KC,Ramachandran2019_Nature,Kupffer-cell metagene C,macrophage_monocyte,AZIN1,UP_IN_STATE,GSE136103,scRNA-seq,mixed nonviral cirrhosis,Supplementary Table 9,supplementary file,TRUE,REUSED,HOMEOSTATIC_MACROPHAGE; exact author metagene list; external only outside GSE136103
RAM2019_MAC_SIG_C_KC,Ramachandran2019_Nature,Kupffer-cell metagene C,macrophage_monocyte,MTSS1,UP_IN_STATE,GSE136103,scRNA-seq,mixed nonviral cirrhosis,Supplementary Table 9,supplementary file,TRUE,REUSED,HOMEOSTATIC_MACROPHAGE; exact author metagene list; external only outside GSE136103
RAM2019_MAC_SIG_C_KC,Ramachandran2019_Nature,Kupffer-cell metagene C,macrophage_monocyte,TMEM2,UP_IN_STATE,GSE136103,scRNA-seq,mixed nonviral cirrhosis,Supplementary Table 9,supplementary file,TRUE,REUSED,HOMEOSTATIC_MACROPHAGE; exact author metagene list; external only outside GSE136103
RAM2019_MAC_SIG_C_KC,Ramachandran2019_Nature,Kupffer-cell metagene C,macrophage_monocyte,ALDH1A1,UP_IN_STATE,GSE136103,scRNA-seq,mixed nonviral cirrhosis,Supplementary Table 9,supplementary file,TRUE,REUSED,HOMEOSTATIC_MACROPHAGE; exact author metagene list; external only outside GSE136103
RAM2019_MAC_SIG_C_KC,Ramachandran2019_Nature,Kupffer-cell metagene C,macrophage_monocyte,TLE4,UP_IN_STATE,GSE136103,scRNA-seq,mixed nonviral cirrhosis,Supplementary Table 9,supplementary file,TRUE,REUSED,HOMEOSTATIC_MACROPHAGE; exact author metagene list; external only outside GSE136103
RAM2019_MAC_SIG_C_KC,Ramachandran2019_Nature,Kupffer-cell metagene C,macrophage_monocyte,CTSL,UP_IN_STATE,GSE136103,scRNA-seq,mixed nonviral cirrhosis,Supplementary Table 9,supplementary file,TRUE,REUSED,HOMEOSTATIC_MACROPHAGE; exact author metagene list; external only outside GSE136103
RAM2019_MAC_SIG_C_KC,Ramachandran2019_Nature,Kupffer-cell metagene C,macrophage_monocyte,NINJ1,UP_IN_STATE,GSE136103,scRNA-seq,mixed nonviral cirrhosis,Supplementary Table 9,supplementary file,TRUE,REUSED,HOMEOSTATIC_MACROPHAGE; exact author metagene list; external only outside GSE136103
RAM2019_MAC_SIG_C_KC,Ramachandran2019_Nature,Kupffer-cell metagene C,macrophage_monocyte,ABCA1,UP_IN_STATE,GSE136103,scRNA-seq,mixed nonviral cirrhosis,Supplementary Table 9,supplementary file,TRUE,REUSED,HOMEOSTATIC_MACROPHAGE; exact author metagene list; external only outside GSE136103
RAM2019_MAC_SIG_C_KC,Ramachandran2019_Nature,Kupffer-cell metagene C,macrophage_monocyte,UGCG,UP_IN_STATE,GSE136103,scRNA-seq,mixed nonviral cirrhosis,Supplementary Table 9,supplementary file,TRUE,REUSED,HOMEOSTATIC_MACROPHAGE; exact author metagene list; external only outside GSE136103
RAM2019_MAC_SIG_C_KC,Ramachandran2019_Nature,Kupffer-cell metagene C,macrophage_monocyte,STOM,UP_IN_STATE,GSE136103,scRNA-seq,mixed nonviral cirrhosis,Supplementary Table 9,supplementary file,TRUE,REUSED,HOMEOSTATIC_MACROPHAGE; exact author metagene list; external only outside GSE136103
RAM2019_MAC_SIG_C_KC,Ramachandran2019_Nature,Kupffer-cell metagene C,macrophage_monocyte,DPP7,UP_IN_STATE,GSE136103,scRNA-seq,mixed nonviral cirrhosis,Supplementary Table 9,supplementary file,TRUE,REUSED,HOMEOSTATIC_MACROPHAGE; exact author metagene list; external only outside GSE136103
RAM2019_MAC_SIG_C_KC,Ramachandran2019_Nature,Kupffer-cell metagene C,macrophage_monocyte,TSPAN4,UP_IN_STATE,GSE136103,scRNA-seq,mixed nonviral cirrhosis,Supplementary Table 9,supplementary file,TRUE,REUSED,HOMEOSTATIC_MACROPHAGE; exact author metagene list; external only outside GSE136103
RAM2019_MAC_SIG_C_KC,Ramachandran2019_Nature,Kupffer-cell metagene C,macrophage_monocyte,CTSD,UP_IN_STATE,GSE136103,scRNA-seq,mixed nonviral cirrhosis,Supplementary Table 9,supplementary file,TRUE,REUSED,HOMEOSTATIC_MACROPHAGE; exact author metagene list; external only outside GSE136103
RAM2019_MAC_SIG_C_KC,Ramachandran2019_Nature,Kupffer-cell metagene C,macrophage_monocyte,CD81,UP_IN_STATE,GSE136103,scRNA-seq,mixed nonviral cirrhosis,Supplementary Table 9,supplementary file,TRUE,REUSED,HOMEOSTATIC_MACROPHAGE; exact author metagene list; external only outside GSE136103
RAM2019_MAC_SIG_C_KC,Ramachandran2019_Nature,Kupffer-cell metagene C,macrophage_monocyte,TPP1,UP_IN_STATE,GSE136103,scRNA-seq,mixed nonviral cirrhosis,Supplementary Table 9,supplementary file,TRUE,REUSED,HOMEOSTATIC_MACROPHAGE; exact author metagene list; external only outside GSE136103
RAM2019_MAC_SIG_C_KC,Ramachandran2019_Nature,Kupffer-cell metagene C,macrophage_monocyte,ADM,UP_IN_STATE,GSE136103,scRNA-seq,mixed nonviral cirrhosis,Supplementary Table 9,supplementary file,TRUE,REUSED,HOMEOSTATIC_MACROPHAGE; exact author metagene list; external only outside GSE136103
RAM2019_MAC_SIG_C_KC,Ramachandran2019_Nature,Kupffer-cell metagene C,macrophage_monocyte,LYVE1,UP_IN_STATE,GSE136103,scRNA-seq,mixed nonviral cirrhosis,Supplementary Table 9,supplementary file,TRUE,REUSED,HOMEOSTATIC_MACROPHAGE; exact author metagene list; external only outside GSE136103
RAM2019_MAC_SIG_C_KC,Ramachandran2019_Nature,Kupffer-cell metagene C,macrophage_monocyte,CD59,UP_IN_STATE,GSE136103,scRNA-seq,mixed nonviral cirrhosis,Supplementary Table 9,supplementary file,TRUE,REUSED,HOMEOSTATIC_MACROPHAGE; exact author metagene list; external only outside GSE136103
RAM2019_MAC_SIG_C_KC,Ramachandran2019_Nature,Kupffer-cell metagene C,macrophage_monocyte,NR1H3,UP_IN_STATE,GSE136103,scRNA-seq,mixed nonviral cirrhosis,Supplementary Table 9,supplementary file,TRUE,REUSED,HOMEOSTATIC_MACROPHAGE; exact author metagene list; external only outside GSE136103
RAM2019_MAC_SIG_C_KC,Ramachandran2019_Nature,Kupffer-cell metagene C,macrophage_monocyte,PTPRJ,UP_IN_STATE,GSE136103,scRNA-seq,mixed nonviral cirrhosis,Supplementary Table 9,supplementary file,TRUE,REUSED,HOMEOSTATIC_MACROPHAGE; exact author metagene list; external only outside GSE136103
RAM2019_MAC_SIG_C_KC,Ramachandran2019_Nature,Kupffer-cell metagene C,macrophage_monocyte,SERPING1,UP_IN_STATE,GSE136103,scRNA-seq,mixed nonviral cirrhosis,Supplementary Table 9,supplementary file,TRUE,REUSED,HOMEOSTATIC_MACROPHAGE; exact author metagene list; external only outside GSE136103
RAM2019_MAC_SIG_C_KC,Ramachandran2019_Nature,Kupffer-cell metagene C,macrophage_monocyte,MPEG1,UP_IN_STATE,GSE136103,scRNA-seq,mixed nonviral cirrhosis,Supplementary Table 9,supplementary file,TRUE,REUSED,HOMEOSTATIC_MACROPHAGE; exact author metagene list; external only outside GSE136103
RAM2019_MAC_SIG_C_KC,Ramachandran2019_Nature,Kupffer-cell metagene C,macrophage_monocyte,MS4A6A,UP_IN_STATE,GSE136103,scRNA-seq,mixed nonviral cirrhosis,Supplementary Table 9,supplementary file,TRUE,REUSED,HOMEOSTATIC_MACROPHAGE; exact author metagene list; external only outside GSE136103
RAM2019_MAC_SIG_C_KC,Ramachandran2019_Nature,Kupffer-cell metagene C,macrophage_monocyte,MS4A4A,UP_IN_STATE,GSE136103,scRNA-seq,mixed nonviral cirrhosis,Supplementary Table 9,supplementary file,TRUE,REUSED,HOMEOSTATIC_MACROPHAGE; exact author metagene list; external only outside GSE136103
RAM2019_MAC_SIG_C_KC,Ramachandran2019_Nature,Kupffer-cell metagene C,macrophage_monocyte,MS4A7,UP_IN_STATE,GSE136103,scRNA-seq,mixed nonviral cirrhosis,Supplementary Table 9,supplementary file,TRUE,REUSED,HOMEOSTATIC_MACROPHAGE; exact author metagene list; external only outside GSE136103
RAM2019_MAC_SIG_C_KC,Ramachandran2019_Nature,Kupffer-cell metagene C,macrophage_monocyte,FOLR2,UP_IN_STATE,GSE136103,scRNA-seq,mixed nonviral cirrhosis,Supplementary Table 9,supplementary file,TRUE,REUSED,HOMEOSTATIC_MACROPHAGE; exact author metagene list; external only outside GSE136103
RAM2019_MAC_SIG_C_KC,Ramachandran2019_Nature,Kupffer-cell metagene C,macrophage_monocyte,SLCO2B1,UP_IN_STATE,GSE136103,scRNA-seq,mixed nonviral cirrhosis,Supplementary Table 9,supplementary file,TRUE,REUSED,HOMEOSTATIC_MACROPHAGE; exact author metagene list; external only outside GSE136103
RAM2019_MAC_SIG_C_KC,Ramachandran2019_Nature,Kupffer-cell metagene C,macrophage_monocyte,PRCP,UP_IN_STATE,GSE136103,scRNA-seq,mixed nonviral cirrhosis,Supplementary Table 9,supplementary file,TRUE,REUSED,HOMEOSTATIC_MACROPHAGE; exact author metagene list; external only outside GSE136103
RAM2019_MAC_SIG_C_KC,Ramachandran2019_Nature,Kupffer-cell metagene C,macrophage_monocyte,CTSC,UP_IN_STATE,GSE136103,scRNA-seq,mixed nonviral cirrhosis,Supplementary Table 9,supplementary file,TRUE,REUSED,HOMEOSTATIC_MACROPHAGE; exact author metagene list; external only outside GSE136103
RAM2019_MAC_SIG_C_KC,Ramachandran2019_Nature,Kupffer-cell metagene C,macrophage_monocyte,TMEM123,UP_IN_STATE,GSE136103,scRNA-seq,mixed nonviral cirrhosis,Supplementary Table 9,supplementary file,TRUE,REUSED,HOMEOSTATIC_MACROPHAGE; exact author metagene list; external only outside GSE136103
RAM2019_MAC_SIG_C_KC,Ramachandran2019_Nature,Kupffer-cell metagene C,macrophage_monocyte,IL18,UP_IN_STATE,GSE136103,scRNA-seq,mixed nonviral cirrhosis,Supplementary Table 9,supplementary file,TRUE,REUSED,HOMEOSTATIC_MACROPHAGE; exact author metagene list; external only outside GSE136103
RAM2019_MAC_SIG_C_KC,Ramachandran2019_Nature,Kupffer-cell metagene C,macrophage_monocyte,IL10RA,UP_IN_STATE,GSE136103,scRNA-seq,mixed nonviral cirrhosis,Supplementary Table 9,supplementary file,TRUE,REUSED,HOMEOSTATIC_MACROPHAGE; exact author metagene list; external only outside GSE136103
RAM2019_MAC_SIG_C_KC,Ramachandran2019_Nature,Kupffer-cell metagene C,macrophage_monocyte,APLP2,UP_IN_STATE,GSE136103,scRNA-seq,mixed nonviral cirrhosis,Supplementary Table 9,supplementary file,TRUE,REUSED,HOMEOSTATIC_MACROPHAGE; exact author metagene list; external only outside GSE136103
RAM2019_MAC_SIG_C_KC,Ramachandran2019_Nature,Kupffer-cell metagene C,macrophage_monocyte,KLF6,UP_IN_STATE,GSE136103,scRNA-seq,mixed nonviral cirrhosis,Supplementary Table 9,supplementary file,TRUE,REUSED,HOMEOSTATIC_MACROPHAGE; exact author metagene list; external only outside GSE136103
RAM2019_MAC_SIG_C_KC,Ramachandran2019_Nature,Kupffer-cell metagene C,macrophage_monocyte,PFKFB3,UP_IN_STATE,GSE136103,scRNA-seq,mixed nonviral cirrhosis,Supplementary Table 9,supplementary file,TRUE,REUSED,HOMEOSTATIC_MACROPHAGE; exact author metagene list; external only outside GSE136103
RAM2019_MAC_SIG_C_KC,Ramachandran2019_Nature,Kupffer-cell metagene C,macrophage_monocyte,MRC1,UP_IN_STATE,GSE136103,scRNA-seq,mixed nonviral cirrhosis,Supplementary Table 9,supplementary file,TRUE,REUSED,HOMEOSTATIC_MACROPHAGE; exact author metagene list; external only outside GSE136103
RAM2019_MAC_SIG_C_KC,Ramachandran2019_Nature,Kupffer-cell metagene C,macrophage_monocyte,OTUD1,UP_IN_STATE,GSE136103,scRNA-seq,mixed nonviral cirrhosis,Supplementary Table 9,supplementary file,TRUE,REUSED,HOMEOSTATIC_MACROPHAGE; exact author metagene list; external only outside GSE136103
RAM2019_MAC_SIG_C_KC,Ramachandran2019_Nature,Kupffer-cell metagene C,macrophage_monocyte,NRP1,UP_IN_STATE,GSE136103,scRNA-seq,mixed nonviral cirrhosis,Supplementary Table 9,supplementary file,TRUE,REUSED,HOMEOSTATIC_MACROPHAGE; exact author metagene list; external only outside GSE136103
RAM2019_MAC_SIG_C_KC,Ramachandran2019_Nature,Kupffer-cell metagene C,macrophage_monocyte,CXCL12,UP_IN_STATE,GSE136103,scRNA-seq,mixed nonviral cirrhosis,Supplementary Table 9,supplementary file,TRUE,REUSED,HOMEOSTATIC_MACROPHAGE; exact author metagene list; external only outside GSE136103
RAM2019_MAC_SIG_C_KC,Ramachandran2019_Nature,Kupffer-cell metagene C,macrophage_monocyte,NCOA4,UP_IN_STATE,GSE136103,scRNA-seq,mixed nonviral cirrhosis,Supplementary Table 9,supplementary file,TRUE,REUSED,HOMEOSTATIC_MACROPHAGE; exact author metagene list; external only outside GSE136103
RAM2019_MAC_SIG_C_KC,Ramachandran2019_Nature,Kupffer-cell metagene C,macrophage_monocyte,ARID5B,UP_IN_STATE,GSE136103,scRNA-seq,mixed nonviral cirrhosis,Supplementary Table 9,supplementary file,TRUE,REUSED,HOMEOSTATIC_MACROPHAGE; exact author metagene list; external only outside GSE136103
RAM2019_MAC_SIG_C_KC,Ramachandran2019_Nature,Kupffer-cell metagene C,macrophage_monocyte,SRGN,UP_IN_STATE,GSE136103,scRNA-seq,mixed nonviral cirrhosis,Supplementary Table 9,supplementary file,TRUE,REUSED,HOMEOSTATIC_MACROPHAGE; exact author metagene list; external only outside GSE136103
RAM2019_MAC_SIG_C_KC,Ramachandran2019_Nature,Kupffer-cell metagene C,macrophage_monocyte,PSAP,UP_IN_STATE,GSE136103,scRNA-seq,mixed nonviral cirrhosis,Supplementary Table 9,supplementary file,TRUE,REUSED,HOMEOSTATIC_MACROPHAGE; exact author metagene list; external only outside GSE136103
RAM2019_MAC_SIG_C_KC,Ramachandran2019_Nature,Kupffer-cell metagene C,macrophage_monocyte,KCNMA1,UP_IN_STATE,GSE136103,scRNA-seq,mixed nonviral cirrhosis,Supplementary Table 9,supplementary file,TRUE,REUSED,HOMEOSTATIC_MACROPHAGE; exact author metagene list; external only outside GSE136103
RAM2019_MAC_SIG_C_KC,Ramachandran2019_Nature,Kupffer-cell metagene C,macrophage_monocyte,LIPA,UP_IN_STATE,GSE136103,scRNA-seq,mixed nonviral cirrhosis,Supplementary Table 9,supplementary file,TRUE,REUSED,HOMEOSTATIC_MACROPHAGE; exact author metagene list; external only outside GSE136103
RAM2019_MAC_SIG_C_KC,Ramachandran2019_Nature,Kupffer-cell metagene C,macrophage_monocyte,PIK3AP1,UP_IN_STATE,GSE136103,scRNA-seq,mixed nonviral cirrhosis,Supplementary Table 9,supplementary file,TRUE,REUSED,HOMEOSTATIC_MACROPHAGE; exact author metagene list; external only outside GSE136103
RAM2019_MAC_SIG_C_KC,Ramachandran2019_Nature,Kupffer-cell metagene C,macrophage_monocyte,SCD,UP_IN_STATE,GSE136103,scRNA-seq,mixed nonviral cirrhosis,Supplementary Table 9,supplementary file,TRUE,REUSED,HOMEOSTATIC_MACROPHAGE; exact author metagene list; external only outside GSE136103
RAM2019_MAC_SIG_C_KC,Ramachandran2019_Nature,Kupffer-cell metagene C,macrophage_monocyte,SHOC2,UP_IN_STATE,GSE136103,scRNA-seq,mixed nonviral cirrhosis,Supplementary Table 9,supplementary file,TRUE,REUSED,HOMEOSTATIC_MACROPHAGE; exact author metagene list; external only outside GSE136103
RAM2019_MAC_SIG_C_KC,Ramachandran2019_Nature,Kupffer-cell metagene C,macrophage_monocyte,TCF7L2,UP_IN_STATE,GSE136103,scRNA-seq,mixed nonviral cirrhosis,Supplementary Table 9,supplementary file,TRUE,REUSED,HOMEOSTATIC_MACROPHAGE; exact author metagene list; external only outside GSE136103
RAM2019_MAC_SIG_C_KC,Ramachandran2019_Nature,Kupffer-cell metagene C,macrophage_monocyte,CD4,UP_IN_STATE,GSE136103,scRNA-seq,mixed nonviral cirrhosis,Supplementary Table 9,supplementary file,TRUE,REUSED,HOMEOSTATIC_MACROPHAGE; exact author metagene list; external only outside GSE136103
RAM2019_MAC_SIG_C_KC,Ramachandran2019_Nature,Kupffer-cell metagene C,macrophage_monocyte,CD163,UP_IN_STATE,GSE136103,scRNA-seq,mixed nonviral cirrhosis,Supplementary Table 9,supplementary file,TRUE,REUSED,HOMEOSTATIC_MACROPHAGE; exact author metagene list; external only outside GSE136103
RAM2019_MAC_SIG_C_KC,Ramachandran2019_Nature,Kupffer-cell metagene C,macrophage_monocyte,C3AR1,UP_IN_STATE,GSE136103,scRNA-seq,mixed nonviral cirrhosis,Supplementary Table 9,supplementary file,TRUE,REUSED,HOMEOSTATIC_MACROPHAGE; exact author metagene list; external only outside GSE136103
RAM2019_MAC_SIG_C_KC,Ramachandran2019_Nature,Kupffer-cell metagene C,macrophage_monocyte,A2M,UP_IN_STATE,GSE136103,scRNA-seq,mixed nonviral cirrhosis,Supplementary Table 9,supplementary file,TRUE,REUSED,HOMEOSTATIC_MACROPHAGE; exact author metagene list; external only outside GSE136103
RAM2019_MAC_SIG_C_KC,Ramachandran2019_Nature,Kupffer-cell metagene C,macrophage_monocyte,ETNK1,UP_IN_STATE,GSE136103,scRNA-seq,mixed nonviral cirrhosis,Supplementary Table 9,supplementary file,TRUE,REUSED,HOMEOSTATIC_MACROPHAGE; exact author metagene list; external only outside GSE136103
RAM2019_MAC_SIG_C_KC,Ramachandran2019_Nature,Kupffer-cell metagene C,macrophage_monocyte,TMBIM6,UP_IN_STATE,GSE136103,scRNA-seq,mixed nonviral cirrhosis,Supplementary Table 9,supplementary file,TRUE,REUSED,HOMEOSTATIC_MACROPHAGE; exact author metagene list; external only outside GSE136103
RAM2019_MAC_SIG_C_KC,Ramachandran2019_Nature,Kupffer-cell metagene C,macrophage_monocyte,METTL7A,UP_IN_STATE,GSE136103,scRNA-seq,mixed nonviral cirrhosis,Supplementary Table 9,supplementary file,TRUE,REUSED,HOMEOSTATIC_MACROPHAGE; exact author metagene list; external only outside GSE136103
RAM2019_MAC_SIG_C_KC,Ramachandran2019_Nature,Kupffer-cell metagene C,macrophage_monocyte,CD63,UP_IN_STATE,GSE136103,scRNA-seq,mixed nonviral cirrhosis,Supplementary Table 9,supplementary file,TRUE,REUSED,HOMEOSTATIC_MACROPHAGE; exact author metagene list; external only outside GSE136103
RAM2019_MAC_SIG_C_KC,Ramachandran2019_Nature,Kupffer-cell metagene C,macrophage_monocyte,MMP19,UP_IN_STATE,GSE136103,scRNA-seq,mixed nonviral cirrhosis,Supplementary Table 9,supplementary file,TRUE,REUSED,HOMEOSTATIC_MACROPHAGE; exact author metagene list; external only outside GSE136103
RAM2019_MAC_SIG_C_KC,Ramachandran2019_Nature,Kupffer-cell metagene C,macrophage_monocyte,GNS,UP_IN_STATE,GSE136103,scRNA-seq,mixed nonviral cirrhosis,Supplementary Table 9,supplementary file,TRUE,REUSED,HOMEOSTATIC_MACROPHAGE; exact author metagene list; external only outside GSE136103
RAM2019_MAC_SIG_C_KC,Ramachandran2019_Nature,Kupffer-cell metagene C,macrophage_monocyte,ATP2B1,UP_IN_STATE,GSE136103,scRNA-seq,mixed nonviral cirrhosis,Supplementary Table 9,supplementary file,TRUE,REUSED,HOMEOSTATIC_MACROPHAGE; exact author metagene list; external only outside GSE136103
RAM2019_MAC_SIG_C_KC,Ramachandran2019_Nature,Kupffer-cell metagene C,macrophage_monocyte,HSP90B1,UP_IN_STATE,GSE136103,scRNA-seq,mixed nonviral cirrhosis,Supplementary Table 9,supplementary file,TRUE,REUSED,HOMEOSTATIC_MACROPHAGE; exact author metagene list; external only outside GSE136103
RAM2019_MAC_SIG_C_KC,Ramachandran2019_Nature,Kupffer-cell metagene C,macrophage_monocyte,HCAR3,UP_IN_STATE,GSE136103,scRNA-seq,mixed nonviral cirrhosis,Supplementary Table 9,supplementary file,TRUE,REUSED,HOMEOSTATIC_MACROPHAGE; exact author metagene list; external only outside GSE136103
RAM2019_MAC_SIG_C_KC,Ramachandran2019_Nature,Kupffer-cell metagene C,macrophage_monocyte,ITM2B,UP_IN_STATE,GSE136103,scRNA-seq,mixed nonviral cirrhosis,Supplementary Table 9,supplementary file,TRUE,REUSED,HOMEOSTATIC_MACROPHAGE; exact author metagene list; external only outside GSE136103
RAM2019_MAC_SIG_C_KC,Ramachandran2019_Nature,Kupffer-cell metagene C,macrophage_monocyte,KCTD12,UP_IN_STATE,GSE136103,scRNA-seq,mixed nonviral cirrhosis,Supplementary Table 9,supplementary file,TRUE,REUSED,HOMEOSTATIC_MACROPHAGE; exact author metagene list; external only outside GSE136103
RAM2019_MAC_SIG_C_KC,Ramachandran2019_Nature,Kupffer-cell metagene C,macrophage_monocyte,RAB20,UP_IN_STATE,GSE136103,scRNA-seq,mixed nonviral cirrhosis,Supplementary Table 9,supplementary file,TRUE,REUSED,HOMEOSTATIC_MACROPHAGE; exact author metagene list; external only outside GSE136103
RAM2019_MAC_SIG_C_KC,Ramachandran2019_Nature,Kupffer-cell metagene C,macrophage_monocyte,LAMP1,UP_IN_STATE,GSE136103,scRNA-seq,mixed nonviral cirrhosis,Supplementary Table 9,supplementary file,TRUE,REUSED,HOMEOSTATIC_MACROPHAGE; exact author metagene list; external only outside GSE136103
RAM2019_MAC_SIG_C_KC,Ramachandran2019_Nature,Kupffer-cell metagene C,macrophage_monocyte,RNASE1,UP_IN_STATE,GSE136103,scRNA-seq,mixed nonviral cirrhosis,Supplementary Table 9,supplementary file,TRUE,REUSED,HOMEOSTATIC_MACROPHAGE; exact author metagene list; external only outside GSE136103
RAM2019_MAC_SIG_C_KC,Ramachandran2019_Nature,Kupffer-cell metagene C,macrophage_monocyte,SLC7A7,UP_IN_STATE,GSE136103,scRNA-seq,mixed nonviral cirrhosis,Supplementary Table 9,supplementary file,TRUE,REUSED,HOMEOSTATIC_MACROPHAGE; exact author metagene list; external only outside GSE136103
RAM2019_MAC_SIG_C_KC,Ramachandran2019_Nature,Kupffer-cell metagene C,macrophage_monocyte,SLC7A8,UP_IN_STATE,GSE136103,scRNA-seq,mixed nonviral cirrhosis,Supplementary Table 9,supplementary file,TRUE,REUSED,HOMEOSTATIC_MACROPHAGE; exact author metagene list; external only outside GSE136103
RAM2019_MAC_SIG_C_KC,Ramachandran2019_Nature,Kupffer-cell metagene C,macrophage_monocyte,SNX6,UP_IN_STATE,GSE136103,scRNA-seq,mixed nonviral cirrhosis,Supplementary Table 9,supplementary file,TRUE,REUSED,HOMEOSTATIC_MACROPHAGE; exact author metagene list; external only outside GSE136103
RAM2019_MAC_SIG_C_KC,Ramachandran2019_Nature,Kupffer-cell metagene C,macrophage_monocyte,NFKBIA,UP_IN_STATE,GSE136103,scRNA-seq,mixed nonviral cirrhosis,Supplementary Table 9,supplementary file,TRUE,REUSED,HOMEOSTATIC_MACROPHAGE; exact author metagene list; external only outside GSE136103
RAM2019_MAC_SIG_C_KC,Ramachandran2019_Nature,Kupffer-cell metagene C,macrophage_monocyte,PYGL,UP_IN_STATE,GSE136103,scRNA-seq,mixed nonviral cirrhosis,Supplementary Table 9,supplementary file,TRUE,REUSED,HOMEOSTATIC_MACROPHAGE; exact author metagene list; external only outside GSE136103
RAM2019_MAC_SIG_C_KC,Ramachandran2019_Nature,Kupffer-cell metagene C,macrophage_monocyte,PTGER2,UP_IN_STATE,GSE136103,scRNA-seq,mixed nonviral cirrhosis,Supplementary Table 9,supplementary file,TRUE,REUSED,HOMEOSTATIC_MACROPHAGE; exact author metagene list; external only outside GSE136103
RAM2019_MAC_SIG_C_KC,Ramachandran2019_Nature,Kupffer-cell metagene C,macrophage_monocyte,GCH1,UP_IN_STATE,GSE136103,scRNA-seq,mixed nonviral cirrhosis,Supplementary Table 9,supplementary file,TRUE,REUSED,HOMEOSTATIC_MACROPHAGE; exact author metagene list; external only outside GSE136103
RAM2019_MAC_SIG_C_KC,Ramachandran2019_Nature,Kupffer-cell metagene C,macrophage_monocyte,HIF1A,UP_IN_STATE,GSE136103,scRNA-seq,mixed nonviral cirrhosis,Supplementary Table 9,supplementary file,TRUE,REUSED,HOMEOSTATIC_MACROPHAGE; exact author metagene list; external only outside GSE136103
RAM2019_MAC_SIG_C_KC,Ramachandran2019_Nature,Kupffer-cell metagene C,macrophage_monocyte,ZFP36L1,UP_IN_STATE,GSE136103,scRNA-seq,mixed nonviral cirrhosis,Supplementary Table 9,supplementary file,TRUE,REUSED,HOMEOSTATIC_MACROPHAGE; exact author metagene list; external only outside GSE136103
RAM2019_MAC_SIG_C_KC,Ramachandran2019_Nature,Kupffer-cell metagene C,macrophage_monocyte,NPC2,UP_IN_STATE,GSE136103,scRNA-seq,mixed nonviral cirrhosis,Supplementary Table 9,supplementary file,TRUE,REUSED,HOMEOSTATIC_MACROPHAGE; exact author metagene list; external only outside GSE136103
RAM2019_MAC_SIG_C_KC,Ramachandran2019_Nature,Kupffer-cell metagene C,macrophage_monocyte,FOS,UP_IN_STATE,GSE136103,scRNA-seq,mixed nonviral cirrhosis,Supplementary Table 9,supplementary file,TRUE,REUSED,HOMEOSTATIC_MACROPHAGE; exact author metagene list; external only outside GSE136103
RAM2019_MAC_SIG_C_KC,Ramachandran2019_Nature,Kupffer-cell metagene C,macrophage_monocyte,GPR65,UP_IN_STATE,GSE136103,scRNA-seq,mixed nonviral cirrhosis,Supplementary Table 9,supplementary file,TRUE,REUSED,HOMEOSTATIC_MACROPHAGE; exact author metagene list; external only outside GSE136103
RAM2019_MAC_SIG_C_KC,Ramachandran2019_Nature,Kupffer-cell metagene C,macrophage_monocyte,LGMN,UP_IN_STATE,GSE136103,scRNA-seq,mixed nonviral cirrhosis,Supplementary Table 9,supplementary file,TRUE,REUSED,HOMEOSTATIC_MACROPHAGE; exact author metagene list; external only outside GSE136103
RAM2019_MAC_SIG_C_KC,Ramachandran2019_Nature,Kupffer-cell metagene C,macrophage_monocyte,IFI27,UP_IN_STATE,GSE136103,scRNA-seq,mixed nonviral cirrhosis,Supplementary Table 9,supplementary file,TRUE,REUSED,HOMEOSTATIC_MACROPHAGE; exact author metagene list; external only outside GSE136103
RAM2019_MAC_SIG_C_KC,Ramachandran2019_Nature,Kupffer-cell metagene C,macrophage_monocyte,B2M,UP_IN_STATE,GSE136103,scRNA-seq,mixed nonviral cirrhosis,Supplementary Table 9,supplementary file,TRUE,REUSED,HOMEOSTATIC_MACROPHAGE; exact author metagene list; external only outside GSE136103
RAM2019_MAC_SIG_C_KC,Ramachandran2019_Nature,Kupffer-cell metagene C,macrophage_monocyte,GATM,UP_IN_STATE,GSE136103,scRNA-seq,mixed nonviral cirrhosis,Supplementary Table 9,supplementary file,TRUE,REUSED,HOMEOSTATIC_MACROPHAGE; exact author metagene list; external only outside GSE136103
RAM2019_MAC_SIG_C_KC,Ramachandran2019_Nature,Kupffer-cell metagene C,macrophage_monocyte,MESDC1,UP_IN_STATE,GSE136103,scRNA-seq,mixed nonviral cirrhosis,Supplementary Table 9,supplementary file,TRUE,REUSED,HOMEOSTATIC_MACROPHAGE; exact author metagene list; external only outside GSE136103
RAM2019_MAC_SIG_C_KC,Ramachandran2019_Nature,Kupffer-cell metagene C,macrophage_monocyte,IQGAP1,UP_IN_STATE,GSE136103,scRNA-seq,mixed nonviral cirrhosis,Supplementary Table 9,supplementary file,TRUE,REUSED,HOMEOSTATIC_MACROPHAGE; exact author metagene list; external only outside GSE136103
RAM2019_MAC_SIG_C_KC,Ramachandran2019_Nature,Kupffer-cell metagene C,macrophage_monocyte,ARL6IP1,UP_IN_STATE,GSE136103,scRNA-seq,mixed nonviral cirrhosis,Supplementary Table 9,supplementary file,TRUE,REUSED,HOMEOSTATIC_MACROPHAGE; exact author metagene list; external only outside GSE136103
RAM2019_MAC_SIG_C_KC,Ramachandran2019_Nature,Kupffer-cell metagene C,macrophage_monocyte,IGSF6,UP_IN_STATE,GSE136103,scRNA-seq,mixed nonviral cirrhosis,Supplementary Table 9,supplementary file,TRUE,REUSED,HOMEOSTATIC_MACROPHAGE; exact author metagene list; external only outside GSE136103
RAM2019_MAC_SIG_C_KC,Ramachandran2019_Nature,Kupffer-cell metagene C,macrophage_monocyte,MT2A,UP_IN_STATE,GSE136103,scRNA-seq,mixed nonviral cirrhosis,Supplementary Table 9,supplementary file,TRUE,REUSED,HOMEOSTATIC_MACROPHAGE; exact author metagene list; external only outside GSE136103
RAM2019_MAC_SIG_C_KC,Ramachandran2019_Nature,Kupffer-cell metagene C,macrophage_monocyte,MT1X,UP_IN_STATE,GSE136103,scRNA-seq,mixed nonviral cirrhosis,Supplementary Table 9,supplementary file,TRUE,REUSED,HOMEOSTATIC_MACROPHAGE; exact author metagene list; external only outside GSE136103
RAM2019_MAC_SIG_C_KC,Ramachandran2019_Nature,Kupffer-cell metagene C,macrophage_monocyte,CETP,UP_IN_STATE,GSE136103,scRNA-seq,mixed nonviral cirrhosis,Supplementary Table 9,supplementary file,TRUE,REUSED,HOMEOSTATIC_MACROPHAGE; exact author metagene list; external only outside GSE136103
RAM2019_MAC_SIG_C_KC,Ramachandran2019_Nature,Kupffer-cell metagene C,macrophage_monocyte,MAF,UP_IN_STATE,GSE136103,scRNA-seq,mixed nonviral cirrhosis,Supplementary Table 9,supplementary file,TRUE,REUSED,HOMEOSTATIC_MACROPHAGE; exact author metagene list; external only outside GSE136103
RAM2019_MAC_SIG_C_KC,Ramachandran2019_Nature,Kupffer-cell metagene C,macrophage_monocyte,MIR22HG,UP_IN_STATE,GSE136103,scRNA-seq,mixed nonviral cirrhosis,Supplementary Table 9,supplementary file,TRUE,REUSED,HOMEOSTATIC_MACROPHAGE; exact author metagene list; external only outside GSE136103
RAM2019_MAC_SIG_C_KC,Ramachandran2019_Nature,Kupffer-cell metagene C,macrophage_monocyte,CXCL16,UP_IN_STATE,GSE136103,scRNA-seq,mixed nonviral cirrhosis,Supplementary Table 9,supplementary file,TRUE,REUSED,HOMEOSTATIC_MACROPHAGE; exact author metagene list; external only outside GSE136103
RAM2019_MAC_SIG_C_KC,Ramachandran2019_Nature,Kupffer-cell metagene C,macrophage_monocyte,VMO1,UP_IN_STATE,GSE136103,scRNA-seq,mixed nonviral cirrhosis,Supplementary Table 9,supplementary file,TRUE,REUSED,HOMEOSTATIC_MACROPHAGE; exact author metagene list; external only outside GSE136103
RAM2019_MAC_SIG_C_KC,Ramachandran2019_Nature,Kupffer-cell metagene C,macrophage_monocyte,CD68,UP_IN_STATE,GSE136103,scRNA-seq,mixed nonviral cirrhosis,Supplementary Table 9,supplementary file,TRUE,REUSED,HOMEOSTATIC_MACROPHAGE; exact author metagene list; external only outside GSE136103
RAM2019_MAC_SIG_C_KC,Ramachandran2019_Nature,Kupffer-cell metagene C,macrophage_monocyte,WSB1,UP_IN_STATE,GSE136103,scRNA-seq,mixed nonviral cirrhosis,Supplementary Table 9,supplementary file,TRUE,REUSED,HOMEOSTATIC_MACROPHAGE; exact author metagene list; external only outside GSE136103
RAM2019_MAC_SIG_C_KC,Ramachandran2019_Nature,Kupffer-cell metagene C,macrophage_monocyte,ADAP2,UP_IN_STATE,GSE136103,scRNA-seq,mixed nonviral cirrhosis,Supplementary Table 9,supplementary file,TRUE,REUSED,HOMEOSTATIC_MACROPHAGE; exact author metagene list; external only outside GSE136103
RAM2019_MAC_SIG_C_KC,Ramachandran2019_Nature,Kupffer-cell metagene C,macrophage_monocyte,CCL2,UP_IN_STATE,GSE136103,scRNA-seq,mixed nonviral cirrhosis,Supplementary Table 9,supplementary file,TRUE,REUSED,HOMEOSTATIC_MACROPHAGE; exact author metagene list; external only outside GSE136103
RAM2019_MAC_SIG_C_KC,Ramachandran2019_Nature,Kupffer-cell metagene C,macrophage_monocyte,CCL8,UP_IN_STATE,GSE136103,scRNA-seq,mixed nonviral cirrhosis,Supplementary Table 9,supplementary file,TRUE,REUSED,HOMEOSTATIC_MACROPHAGE; exact author metagene list; external only outside GSE136103
RAM2019_MAC_SIG_C_KC,Ramachandran2019_Nature,Kupffer-cell metagene C,macrophage_monocyte,CCL3,UP_IN_STATE,GSE136103,scRNA-seq,mixed nonviral cirrhosis,Supplementary Table 9,supplementary file,TRUE,REUSED,HOMEOSTATIC_MACROPHAGE; exact author metagene list; external only outside GSE136103
RAM2019_MAC_SIG_C_KC,Ramachandran2019_Nature,Kupffer-cell metagene C,macrophage_monocyte,CCL4,UP_IN_STATE,GSE136103,scRNA-seq,mixed nonviral cirrhosis,Supplementary Table 9,supplementary file,TRUE,REUSED,HOMEOSTATIC_MACROPHAGE; exact author metagene list; external only outside GSE136103
RAM2019_MAC_SIG_C_KC,Ramachandran2019_Nature,Kupffer-cell metagene C,macrophage_monocyte,CCL3L3,UP_IN_STATE,GSE136103,scRNA-seq,mixed nonviral cirrhosis,Supplementary Table 9,supplementary file,TRUE,REUSED,HOMEOSTATIC_MACROPHAGE; exact author metagene list; external only outside GSE136103
RAM2019_MAC_SIG_C_KC,Ramachandran2019_Nature,Kupffer-cell metagene C,macrophage_monocyte,CCL4L2,UP_IN_STATE,GSE136103,scRNA-seq,mixed nonviral cirrhosis,Supplementary Table 9,supplementary file,TRUE,REUSED,HOMEOSTATIC_MACROPHAGE; exact author metagene list; external only outside GSE136103
RAM2019_MAC_SIG_C_KC,Ramachandran2019_Nature,Kupffer-cell metagene C,macrophage_monocyte,STAT3,UP_IN_STATE,GSE136103,scRNA-seq,mixed nonviral cirrhosis,Supplementary Table 9,supplementary file,TRUE,REUSED,HOMEOSTATIC_MACROPHAGE; exact author metagene list; external only outside GSE136103
RAM2019_MAC_SIG_C_KC,Ramachandran2019_Nature,Kupffer-cell metagene C,macrophage_monocyte,CLTC,UP_IN_STATE,GSE136103,scRNA-seq,mixed nonviral cirrhosis,Supplementary Table 9,supplementary file,TRUE,REUSED,HOMEOSTATIC_MACROPHAGE; exact author metagene list; external only outside GSE136103
RAM2019_MAC_SIG_C_KC,Ramachandran2019_Nature,Kupffer-cell metagene C,macrophage_monocyte,VMP1,UP_IN_STATE,GSE136103,scRNA-seq,mixed nonviral cirrhosis,Supplementary Table 9,supplementary file,TRUE,REUSED,HOMEOSTATIC_MACROPHAGE; exact author metagene list; external only outside GSE136103
RAM2019_MAC_SIG_C_KC,Ramachandran2019_Nature,Kupffer-cell metagene C,macrophage_monocyte,GNA13,UP_IN_STATE,GSE136103,scRNA-seq,mixed nonviral cirrhosis,Supplementary Table 9,supplementary file,TRUE,REUSED,HOMEOSTATIC_MACROPHAGE; exact author metagene list; external only outside GSE136103
RAM2019_MAC_SIG_C_KC,Ramachandran2019_Nature,Kupffer-cell metagene C,macrophage_monocyte,PRKAR1A,UP_IN_STATE,GSE136103,scRNA-seq,mixed nonviral cirrhosis,Supplementary Table 9,supplementary file,TRUE,REUSED,HOMEOSTATIC_MACROPHAGE; exact author metagene list; external only outside GSE136103
RAM2019_MAC_SIG_C_KC,Ramachandran2019_Nature,Kupffer-cell metagene C,macrophage_monocyte,TIMP2,UP_IN_STATE,GSE136103,scRNA-seq,mixed nonviral cirrhosis,Supplementary Table 9,supplementary file,TRUE,REUSED,HOMEOSTATIC_MACROPHAGE; exact author metagene list; external only outside GSE136103
RAM2019_MAC_SIG_C_KC,Ramachandran2019_Nature,Kupffer-cell metagene C,macrophage_monocyte,LGALS3BP,UP_IN_STATE,GSE136103,scRNA-seq,mixed nonviral cirrhosis,Supplementary Table 9,supplementary file,TRUE,REUSED,HOMEOSTATIC_MACROPHAGE; exact author metagene list; external only outside GSE136103
RAM2019_MAC_SIG_C_KC,Ramachandran2019_Nature,Kupffer-cell metagene C,macrophage_monocyte,METRNL,UP_IN_STATE,GSE136103,scRNA-seq,mixed nonviral cirrhosis,Supplementary Table 9,supplementary file,TRUE,REUSED,HOMEOSTATIC_MACROPHAGE; exact author metagene list; external only outside GSE136103
RAM2019_MAC_SIG_C_KC,Ramachandran2019_Nature,Kupffer-cell metagene C,macrophage_monocyte,TCF4,UP_IN_STATE,GSE136103,scRNA-seq,mixed nonviral cirrhosis,Supplementary Table 9,supplementary file,TRUE,REUSED,HOMEOSTATIC_MACROPHAGE; exact author metagene list; external only outside GSE136103
RAM2019_MAC_SIG_C_KC,Ramachandran2019_Nature,Kupffer-cell metagene C,macrophage_monocyte,SIRPA,UP_IN_STATE,GSE136103,scRNA-seq,mixed nonviral cirrhosis,Supplementary Table 9,supplementary file,TRUE,REUSED,HOMEOSTATIC_MACROPHAGE; exact author metagene list; external only outside GSE136103
RAM2019_MAC_SIG_C_KC,Ramachandran2019_Nature,Kupffer-cell metagene C,macrophage_monocyte,SIGLEC1,UP_IN_STATE,GSE136103,scRNA-seq,mixed nonviral cirrhosis,Supplementary Table 9,supplementary file,TRUE,REUSED,HOMEOSTATIC_MACROPHAGE; exact author metagene list; external only outside GSE136103
RAM2019_MAC_SIG_C_KC,Ramachandran2019_Nature,Kupffer-cell metagene C,macrophage_monocyte,PRNP,UP_IN_STATE,GSE136103,scRNA-seq,mixed nonviral cirrhosis,Supplementary Table 9,supplementary file,TRUE,REUSED,HOMEOSTATIC_MACROPHAGE; exact author metagene list; external only outside GSE136103
RAM2019_MAC_SIG_C_KC,Ramachandran2019_Nature,Kupffer-cell metagene C,macrophage_monocyte,SNX5,UP_IN_STATE,GSE136103,scRNA-seq,mixed nonviral cirrhosis,Supplementary Table 9,supplementary file,TRUE,REUSED,HOMEOSTATIC_MACROPHAGE; exact author metagene list; external only outside GSE136103
RAM2019_MAC_SIG_C_KC,Ramachandran2019_Nature,Kupffer-cell metagene C,macrophage_monocyte,RPN2,UP_IN_STATE,GSE136103,scRNA-seq,mixed nonviral cirrhosis,Supplementary Table 9,supplementary file,TRUE,REUSED,HOMEOSTATIC_MACROPHAGE; exact author metagene list; external only outside GSE136103
RAM2019_MAC_SIG_C_KC,Ramachandran2019_Nature,Kupffer-cell metagene C,macrophage_monocyte,MAFB,UP_IN_STATE,GSE136103,scRNA-seq,mixed nonviral cirrhosis,Supplementary Table 9,supplementary file,TRUE,REUSED,HOMEOSTATIC_MACROPHAGE; exact author metagene list; external only outside GSE136103
RAM2019_MAC_SIG_C_KC,Ramachandran2019_Nature,Kupffer-cell metagene C,macrophage_monocyte,CTSA,UP_IN_STATE,GSE136103,scRNA-seq,mixed nonviral cirrhosis,Supplementary Table 9,supplementary file,TRUE,REUSED,HOMEOSTATIC_MACROPHAGE; exact author metagene list; external only outside GSE136103
RAM2019_MAC_SIG_C_KC,Ramachandran2019_Nature,Kupffer-cell metagene C,macrophage_monocyte,PLTP,UP_IN_STATE,GSE136103,scRNA-seq,mixed nonviral cirrhosis,Supplementary Table 9,supplementary file,TRUE,REUSED,HOMEOSTATIC_MACROPHAGE; exact author metagene list; external only outside GSE136103
RAM2019_MAC_SIG_C_KC,Ramachandran2019_Nature,Kupffer-cell metagene C,macrophage_monocyte,B4GALT5,UP_IN_STATE,GSE136103,scRNA-seq,mixed nonviral cirrhosis,Supplementary Table 9,supplementary file,TRUE,REUSED,HOMEOSTATIC_MACROPHAGE; exact author metagene list; external only outside GSE136103
RAM2019_MAC_SIG_C_KC,Ramachandran2019_Nature,Kupffer-cell metagene C,macrophage_monocyte,CEBPB,UP_IN_STATE,GSE136103,scRNA-seq,mixed nonviral cirrhosis,Supplementary Table 9,supplementary file,TRUE,REUSED,HOMEOSTATIC_MACROPHAGE; exact author metagene list; external only outside GSE136103
RAM2019_MAC_SIG_C_KC,Ramachandran2019_Nature,Kupffer-cell metagene C,macrophage_monocyte,PTPN1,UP_IN_STATE,GSE136103,scRNA-seq,mixed nonviral cirrhosis,Supplementary Table 9,supplementary file,TRUE,REUSED,HOMEOSTATIC_MACROPHAGE; exact author metagene list; external only outside GSE136103
RAM2019_MAC_SIG_C_KC,Ramachandran2019_Nature,Kupffer-cell metagene C,macrophage_monocyte,CTSZ,UP_IN_STATE,GSE136103,scRNA-seq,mixed nonviral cirrhosis,Supplementary Table 9,supplementary file,TRUE,REUSED,HOMEOSTATIC_MACROPHAGE; exact author metagene list; external only outside GSE136103
RAM2019_MAC_SIG_C_KC,Ramachandran2019_Nature,Kupffer-cell metagene C,macrophage_monocyte,CFD,UP_IN_STATE,GSE136103,scRNA-seq,mixed nonviral cirrhosis,Supplementary Table 9,supplementary file,TRUE,REUSED,HOMEOSTATIC_MACROPHAGE; exact author metagene list; external only outside GSE136103
RAM2019_MAC_SIG_C_KC,Ramachandran2019_Nature,Kupffer-cell metagene C,macrophage_monocyte,MCOLN1,UP_IN_STATE,GSE136103,scRNA-seq,mixed nonviral cirrhosis,Supplementary Table 9,supplementary file,TRUE,REUSED,HOMEOSTATIC_MACROPHAGE; exact author metagene list; external only outside GSE136103
RAM2019_MAC_SIG_C_KC,Ramachandran2019_Nature,Kupffer-cell metagene C,macrophage_monocyte,ICAM1,UP_IN_STATE,GSE136103,scRNA-seq,mixed nonviral cirrhosis,Supplementary Table 9,supplementary file,TRUE,REUSED,HOMEOSTATIC_MACROPHAGE; exact author metagene list; external only outside GSE136103
RAM2019_MAC_SIG_C_KC,Ramachandran2019_Nature,Kupffer-cell metagene C,macrophage_monocyte,KLF2,UP_IN_STATE,GSE136103,scRNA-seq,mixed nonviral cirrhosis,Supplementary Table 9,supplementary file,TRUE,REUSED,HOMEOSTATIC_MACROPHAGE; exact author metagene list; external only outside GSE136103
RAM2019_MAC_SIG_C_KC,Ramachandran2019_Nature,Kupffer-cell metagene C,macrophage_monocyte,TYROBP,UP_IN_STATE,GSE136103,scRNA-seq,mixed nonviral cirrhosis,Supplementary Table 9,supplementary file,TRUE,REUSED,HOMEOSTATIC_MACROPHAGE; exact author metagene list; external only outside GSE136103
RAM2019_MAC_SIG_C_KC,Ramachandran2019_Nature,Kupffer-cell metagene C,macrophage_monocyte,PLD3,UP_IN_STATE,GSE136103,scRNA-seq,mixed nonviral cirrhosis,Supplementary Table 9,supplementary file,TRUE,REUSED,HOMEOSTATIC_MACROPHAGE; exact author metagene list; external only outside GSE136103
RAM2019_MAC_SIG_C_KC,Ramachandran2019_Nature,Kupffer-cell metagene C,macrophage_monocyte,BLVRB,UP_IN_STATE,GSE136103,scRNA-seq,mixed nonviral cirrhosis,Supplementary Table 9,supplementary file,TRUE,REUSED,HOMEOSTATIC_MACROPHAGE; exact author metagene list; external only outside GSE136103
RAM2019_MAC_SIG_C_KC,Ramachandran2019_Nature,Kupffer-cell metagene C,macrophage_monocyte,AXL,UP_IN_STATE,GSE136103,scRNA-seq,mixed nonviral cirrhosis,Supplementary Table 9,supplementary file,TRUE,REUSED,HOMEOSTATIC_MACROPHAGE; exact author metagene list; external only outside GSE136103
RAM2019_MAC_SIG_C_KC,Ramachandran2019_Nature,Kupffer-cell metagene C,macrophage_monocyte,APOE,UP_IN_STATE,GSE136103,scRNA-seq,mixed nonviral cirrhosis,Supplementary Table 9,supplementary file,TRUE,REUSED,HOMEOSTATIC_MACROPHAGE; exact author metagene list; external only outside GSE136103
RAM2019_MAC_SIG_C_KC,Ramachandran2019_Nature,Kupffer-cell metagene C,macrophage_monocyte,APOC1,UP_IN_STATE,GSE136103,scRNA-seq,mixed nonviral cirrhosis,Supplementary Table 9,supplementary file,TRUE,REUSED,HOMEOSTATIC_MACROPHAGE; exact author metagene list; external only outside GSE136103
RAM2019_MAC_SIG_C_KC,Ramachandran2019_Nature,Kupffer-cell metagene C,macrophage_monocyte,CALM3,UP_IN_STATE,GSE136103,scRNA-seq,mixed nonviral cirrhosis,Supplementary Table 9,supplementary file,TRUE,REUSED,HOMEOSTATIC_MACROPHAGE; exact author metagene list; external only outside GSE136103
RAM2019_MAC_SIG_C_KC,Ramachandran2019_Nature,Kupffer-cell metagene C,macrophage_monocyte,FTL,UP_IN_STATE,GSE136103,scRNA-seq,mixed nonviral cirrhosis,Supplementary Table 9,supplementary file,TRUE,REUSED,HOMEOSTATIC_MACROPHAGE; exact author metagene list; external only outside GSE136103
RAM2019_MAC_SIG_C_KC,Ramachandran2019_Nature,Kupffer-cell metagene C,macrophage_monocyte,FCGRT,UP_IN_STATE,GSE136103,scRNA-seq,mixed nonviral cirrhosis,Supplementary Table 9,supplementary file,TRUE,REUSED,HOMEOSTATIC_MACROPHAGE; exact author metagene list; external only outside GSE136103
RAM2019_MAC_SIG_C_KC,Ramachandran2019_Nature,Kupffer-cell metagene C,macrophage_monocyte,FPR3,UP_IN_STATE,GSE136103,scRNA-seq,mixed nonviral cirrhosis,Supplementary Table 9,supplementary file,TRUE,REUSED,HOMEOSTATIC_MACROPHAGE; exact author metagene list; external only outside GSE136103
RAM2019_MAC_SIG_C_KC,Ramachandran2019_Nature,Kupffer-cell metagene C,macrophage_monocyte,LILRB5,UP_IN_STATE,GSE136103,scRNA-seq,mixed nonviral cirrhosis,Supplementary Table 9,supplementary file,TRUE,REUSED,HOMEOSTATIC_MACROPHAGE; exact author metagene list; external only outside GSE136103
RAM2019_MAC_SIG_C_KC,Ramachandran2019_Nature,Kupffer-cell metagene C,macrophage_monocyte,CECR1,UP_IN_STATE,GSE136103,scRNA-seq,mixed nonviral cirrhosis,Supplementary Table 9,supplementary file,TRUE,REUSED,HOMEOSTATIC_MACROPHAGE; exact author metagene list; external only outside GSE136103
RAM2019_MAC_SIG_C_KC,Ramachandran2019_Nature,Kupffer-cell metagene C,macrophage_monocyte,COMT,UP_IN_STATE,GSE136103,scRNA-seq,mixed nonviral cirrhosis,Supplementary Table 9,supplementary file,TRUE,REUSED,HOMEOSTATIC_MACROPHAGE; exact author metagene list; external only outside GSE136103
RAM2019_MAC_SIG_C_KC,Ramachandran2019_Nature,Kupffer-cell metagene C,macrophage_monocyte,HMOX1,UP_IN_STATE,GSE136103,scRNA-seq,mixed nonviral cirrhosis,Supplementary Table 9,supplementary file,TRUE,REUSED,HOMEOSTATIC_MACROPHAGE; exact author metagene list; external only outside GSE136103
RAM2019_MAC_SIG_C_KC,Ramachandran2019_Nature,Kupffer-cell metagene C,macrophage_monocyte,SAMSN1,UP_IN_STATE,GSE136103,scRNA-seq,mixed nonviral cirrhosis,Supplementary Table 9,supplementary file,TRUE,REUSED,HOMEOSTATIC_MACROPHAGE; exact author metagene list; external only outside GSE136103
RAM2019_MAC_SIG_C_KC,Ramachandran2019_Nature,Kupffer-cell metagene C,macrophage_monocyte,ETS2,UP_IN_STATE,GSE136103,scRNA-seq,mixed nonviral cirrhosis,Supplementary Table 9,supplementary file,TRUE,REUSED,HOMEOSTATIC_MACROPHAGE; exact author metagene list; external only outside GSE136103
RAM2019_MAC_SIG_C_KC,Ramachandran2019_Nature,Kupffer-cell metagene C,macrophage_monocyte,MT-ND1,UP_IN_STATE,GSE136103,scRNA-seq,mixed nonviral cirrhosis,Supplementary Table 9,supplementary file,TRUE,REUSED,HOMEOSTATIC_MACROPHAGE; exact author metagene list; external only outside GSE136103
RAM2019_MAC_SIG_C_KC,Ramachandran2019_Nature,Kupffer-cell metagene C,macrophage_monocyte,MT-ND2,UP_IN_STATE,GSE136103,scRNA-seq,mixed nonviral cirrhosis,Supplementary Table 9,supplementary file,TRUE,REUSED,HOMEOSTATIC_MACROPHAGE; exact author metagene list; external only outside GSE136103
RAM2019_MAC_SIG_C_KC,Ramachandran2019_Nature,Kupffer-cell metagene C,macrophage_monocyte,MT-CO1,UP_IN_STATE,GSE136103,scRNA-seq,mixed nonviral cirrhosis,Supplementary Table 9,supplementary file,TRUE,REUSED,HOMEOSTATIC_MACROPHAGE; exact author metagene list; external only outside GSE136103
RAM2019_MAC_SIG_C_KC,Ramachandran2019_Nature,Kupffer-cell metagene C,macrophage_monocyte,MT-CO2,UP_IN_STATE,GSE136103,scRNA-seq,mixed nonviral cirrhosis,Supplementary Table 9,supplementary file,TRUE,REUSED,HOMEOSTATIC_MACROPHAGE; exact author metagene list; external only outside GSE136103
RAM2019_MAC_SIG_C_KC,Ramachandran2019_Nature,Kupffer-cell metagene C,macrophage_monocyte,MT-ATP6,UP_IN_STATE,GSE136103,scRNA-seq,mixed nonviral cirrhosis,Supplementary Table 9,supplementary file,TRUE,REUSED,HOMEOSTATIC_MACROPHAGE; exact author metagene list; external only outside GSE136103
RAM2019_MAC_SIG_C_KC,Ramachandran2019_Nature,Kupffer-cell metagene C,macrophage_monocyte,MT-CO3,UP_IN_STATE,GSE136103,scRNA-seq,mixed nonviral cirrhosis,Supplementary Table 9,supplementary file,TRUE,REUSED,HOMEOSTATIC_MACROPHAGE; exact author metagene list; external only outside GSE136103
RAM2019_MAC_SIG_C_KC,Ramachandran2019_Nature,Kupffer-cell metagene C,macrophage_monocyte,MT-ND3,UP_IN_STATE,GSE136103,scRNA-seq,mixed nonviral cirrhosis,Supplementary Table 9,supplementary file,TRUE,REUSED,HOMEOSTATIC_MACROPHAGE; exact author metagene list; external only outside GSE136103
RAM2019_MAC_SIG_C_KC,Ramachandran2019_Nature,Kupffer-cell metagene C,macrophage_monocyte,MT-ND4L,UP_IN_STATE,GSE136103,scRNA-seq,mixed nonviral cirrhosis,Supplementary Table 9,supplementary file,TRUE,REUSED,HOMEOSTATIC_MACROPHAGE; exact author metagene list; external only outside GSE136103
RAM2019_MAC_SIG_C_KC,Ramachandran2019_Nature,Kupffer-cell metagene C,macrophage_monocyte,MT-ND4,UP_IN_STATE,GSE136103,scRNA-seq,mixed nonviral cirrhosis,Supplementary Table 9,supplementary file,TRUE,REUSED,HOMEOSTATIC_MACROPHAGE; exact author metagene list; external only outside GSE136103
RAM2019_MAC_SIG_C_KC,Ramachandran2019_Nature,Kupffer-cell metagene C,macrophage_monocyte,MT-ND5,UP_IN_STATE,GSE136103,scRNA-seq,mixed nonviral cirrhosis,Supplementary Table 9,supplementary file,TRUE,REUSED,HOMEOSTATIC_MACROPHAGE; exact author metagene list; external only outside GSE136103
RAM2019_MAC_SIG_C_KC,Ramachandran2019_Nature,Kupffer-cell metagene C,macrophage_monocyte,MT-CYB,UP_IN_STATE,GSE136103,scRNA-seq,mixed nonviral cirrhosis,Supplementary Table 9,supplementary file,TRUE,REUSED,HOMEOSTATIC_MACROPHAGE; exact author metagene list; external only outside GSE136103
RAM2019_MAC_SIG_D_TMO,Ramachandran2019_Nature,tissue-monocyte metagene D,macrophage_monocyte,FO538757.2,UP_IN_STATE,GSE136103,scRNA-seq,mixed nonviral cirrhosis,Supplementary Table 9,supplementary file,TRUE,REUSED,TISSUE_MONOCYTE; exact author metagene list; external only outside GSE136103
RAM2019_MAC_SIG_D_TMO,Ramachandran2019_Nature,tissue-monocyte metagene D,macrophage_monocyte,AP006222.2,UP_IN_STATE,GSE136103,scRNA-seq,mixed nonviral cirrhosis,Supplementary Table 9,supplementary file,TRUE,REUSED,TISSUE_MONOCYTE; exact author metagene list; external only outside GSE136103
RAM2019_MAC_SIG_D_TMO,Ramachandran2019_Nature,tissue-monocyte metagene D,macrophage_monocyte,RP4-669L17.10,UP_IN_STATE,GSE136103,scRNA-seq,mixed nonviral cirrhosis,Supplementary Table 9,supplementary file,TRUE,REUSED,TISSUE_MONOCYTE; exact author metagene list; external only outside GSE136103
RAM2019_MAC_SIG_D_TMO,Ramachandran2019_Nature,tissue-monocyte metagene D,macrophage_monocyte,RP11-206L10.9,UP_IN_STATE,GSE136103,scRNA-seq,mixed nonviral cirrhosis,Supplementary Table 9,supplementary file,TRUE,REUSED,TISSUE_MONOCYTE; exact author metagene list; external only outside GSE136103
RAM2019_MAC_SIG_D_TMO,Ramachandran2019_Nature,tissue-monocyte metagene D,macrophage_monocyte,LINC00115,UP_IN_STATE,GSE136103,scRNA-seq,mixed nonviral cirrhosis,Supplementary Table 9,supplementary file,TRUE,REUSED,TISSUE_MONOCYTE; exact author metagene list; external only outside GSE136103
RAM2019_MAC_SIG_D_TMO,Ramachandran2019_Nature,tissue-monocyte metagene D,macrophage_monocyte,FAM41C,UP_IN_STATE,GSE136103,scRNA-seq,mixed nonviral cirrhosis,Supplementary Table 9,supplementary file,TRUE,REUSED,TISSUE_MONOCYTE; exact author metagene list; external only outside GSE136103
RAM2019_MAC_SIG_D_TMO,Ramachandran2019_Nature,tissue-monocyte metagene D,macrophage_monocyte,RP11-54O7.1,UP_IN_STATE,GSE136103,scRNA-seq,mixed nonviral cirrhosis,Supplementary Table 9,supplementary file,TRUE,REUSED,TISSUE_MONOCYTE; exact author metagene list; external only outside GSE136103
RAM2019_MAC_SIG_D_TMO,Ramachandran2019_Nature,tissue-monocyte metagene D,macrophage_monocyte,SAMD11,UP_IN_STATE,GSE136103,scRNA-seq,mixed nonviral cirrhosis,Supplementary Table 9,supplementary file,TRUE,REUSED,TISSUE_MONOCYTE; exact author metagene list; external only outside GSE136103
RAM2019_MAC_SIG_D_TMO,Ramachandran2019_Nature,tissue-monocyte metagene D,macrophage_monocyte,NOC2L,UP_IN_STATE,GSE136103,scRNA-seq,mixed nonviral cirrhosis,Supplementary Table 9,supplementary file,TRUE,REUSED,TISSUE_MONOCYTE; exact author metagene list; external only outside GSE136103
RAM2019_MAC_SIG_D_TMO,Ramachandran2019_Nature,tissue-monocyte metagene D,macrophage_monocyte,KLHL17,UP_IN_STATE,GSE136103,scRNA-seq,mixed nonviral cirrhosis,Supplementary Table 9,supplementary file,TRUE,REUSED,TISSUE_MONOCYTE; exact author metagene list; external only outside GSE136103
RAM2019_MAC_SIG_D_TMO,Ramachandran2019_Nature,tissue-monocyte metagene D,macrophage_monocyte,PLEKHN1,UP_IN_STATE,GSE136103,scRNA-seq,mixed nonviral cirrhosis,Supplementary Table 9,supplementary file,TRUE,REUSED,TISSUE_MONOCYTE; exact author metagene list; external only outside GSE136103
RAM2019_MAC_SIG_D_TMO,Ramachandran2019_Nature,tissue-monocyte metagene D,macrophage_monocyte,RP11-54O7.17,UP_IN_STATE,GSE136103,scRNA-seq,mixed nonviral cirrhosis,Supplementary Table 9,supplementary file,TRUE,REUSED,TISSUE_MONOCYTE; exact author metagene list; external only outside GSE136103
RAM2019_MAC_SIG_D_TMO,Ramachandran2019_Nature,tissue-monocyte metagene D,macrophage_monocyte,HES4,UP_IN_STATE,GSE136103,scRNA-seq,mixed nonviral cirrhosis,Supplementary Table 9,supplementary file,TRUE,REUSED,TISSUE_MONOCYTE; exact author metagene list; external only outside GSE136103
RAM2019_MAC_SIG_D_TMO,Ramachandran2019_Nature,tissue-monocyte metagene D,macrophage_monocyte,AGRN,UP_IN_STATE,GSE136103,scRNA-seq,mixed nonviral cirrhosis,Supplementary Table 9,supplementary file,TRUE,REUSED,TISSUE_MONOCYTE; exact author metagene list; external only outside GSE136103
RAM2019_MAC_SIG_D_TMO,Ramachandran2019_Nature,tissue-monocyte metagene D,macrophage_monocyte,C1orf159,UP_IN_STATE,GSE136103,scRNA-seq,mixed nonviral cirrhosis,Supplementary Table 9,supplementary file,TRUE,REUSED,TISSUE_MONOCYTE; exact author metagene list; external only outside GSE136103
RAM2019_MAC_SIG_D_TMO,Ramachandran2019_Nature,tissue-monocyte metagene D,macrophage_monocyte,TTLL10,UP_IN_STATE,GSE136103,scRNA-seq,mixed nonviral cirrhosis,Supplementary Table 9,supplementary file,TRUE,REUSED,TISSUE_MONOCYTE; exact author metagene list; external only outside GSE136103
RAM2019_MAC_SIG_D_TMO,Ramachandran2019_Nature,tissue-monocyte metagene D,macrophage_monocyte,TNFRSF18,UP_IN_STATE,GSE136103,scRNA-seq,mixed nonviral cirrhosis,Supplementary Table 9,supplementary file,TRUE,REUSED,TISSUE_MONOCYTE; exact author metagene list; external only outside GSE136103
RAM2019_MAC_SIG_D_TMO,Ramachandran2019_Nature,tissue-monocyte metagene D,macrophage_monocyte,TNFRSF4,UP_IN_STATE,GSE136103,scRNA-seq,mixed nonviral cirrhosis,Supplementary Table 9,supplementary file,TRUE,REUSED,TISSUE_MONOCYTE; exact author metagene list; external only outside GSE136103
RAM2019_MAC_SIG_D_TMO,Ramachandran2019_Nature,tissue-monocyte metagene D,macrophage_monocyte,SDF4,UP_IN_STATE,GSE136103,scRNA-seq,mixed nonviral cirrhosis,Supplementary Table 9,supplementary file,TRUE,REUSED,TISSUE_MONOCYTE; exact author metagene list; external only outside GSE136103
RAM2019_MAC_SIG_D_TMO,Ramachandran2019_Nature,tissue-monocyte metagene D,macrophage_monocyte,B3GALT6,UP_IN_STATE,GSE136103,scRNA-seq,mixed nonviral cirrhosis,Supplementary Table 9,supplementary file,TRUE,REUSED,TISSUE_MONOCYTE; exact author metagene list; external only outside GSE136103
RAM2019_MAC_SIG_D_TMO,Ramachandran2019_Nature,tissue-monocyte metagene D,macrophage_monocyte,UBE2J2,UP_IN_STATE,GSE136103,scRNA-seq,mixed nonviral cirrhosis,Supplementary Table 9,supplementary file,TRUE,REUSED,TISSUE_MONOCYTE; exact author metagene list; external only outside GSE136103
RAM2019_MAC_SIG_D_TMO,Ramachandran2019_Nature,tissue-monocyte metagene D,macrophage_monocyte,SCNN1D,UP_IN_STATE,GSE136103,scRNA-seq,mixed nonviral cirrhosis,Supplementary Table 9,supplementary file,TRUE,REUSED,TISSUE_MONOCYTE; exact author metagene list; external only outside GSE136103
RAM2019_MAC_SIG_D_TMO,Ramachandran2019_Nature,tissue-monocyte metagene D,macrophage_monocyte,ACAP3,UP_IN_STATE,GSE136103,scRNA-seq,mixed nonviral cirrhosis,Supplementary Table 9,supplementary file,TRUE,REUSED,TISSUE_MONOCYTE; exact author metagene list; external only outside GSE136103
RAM2019_MAC_SIG_D_TMO,Ramachandran2019_Nature,tissue-monocyte metagene D,macrophage_monocyte,PUSL1,UP_IN_STATE,GSE136103,scRNA-seq,mixed nonviral cirrhosis,Supplementary Table 9,supplementary file,TRUE,REUSED,TISSUE_MONOCYTE; exact author metagene list; external only outside GSE136103
RAM2019_MAC_SIG_D_TMO,Ramachandran2019_Nature,tissue-monocyte metagene D,macrophage_monocyte,CPSF3L,UP_IN_STATE,GSE136103,scRNA-seq,mixed nonviral cirrhosis,Supplementary Table 9,supplementary file,TRUE,REUSED,TISSUE_MONOCYTE; exact author metagene list; external only outside GSE136103
RAM2019_MAC_SIG_D_TMO,Ramachandran2019_Nature,tissue-monocyte metagene D,macrophage_monocyte,CPTP,UP_IN_STATE,GSE136103,scRNA-seq,mixed nonviral cirrhosis,Supplementary Table 9,supplementary file,TRUE,REUSED,TISSUE_MONOCYTE; exact author metagene list; external only outside GSE136103
RAM2019_MAC_SIG_D_TMO,Ramachandran2019_Nature,tissue-monocyte metagene D,macrophage_monocyte,DVL1,UP_IN_STATE,GSE136103,scRNA-seq,mixed nonviral cirrhosis,Supplementary Table 9,supplementary file,TRUE,REUSED,TISSUE_MONOCYTE; exact author metagene list; external only outside GSE136103
RAM2019_MAC_SIG_D_TMO,Ramachandran2019_Nature,tissue-monocyte metagene D,macrophage_monocyte,CCNL2,UP_IN_STATE,GSE136103,scRNA-seq,mixed nonviral cirrhosis,Supplementary Table 9,supplementary file,TRUE,REUSED,TISSUE_MONOCYTE; exact author metagene list; external only outside GSE136103
RAM2019_MAC_SIG_D_TMO,Ramachandran2019_Nature,tissue-monocyte metagene D,macrophage_monocyte,RP4-758J18.13,UP_IN_STATE,GSE136103,scRNA-seq,mixed nonviral cirrhosis,Supplementary Table 9,supplementary file,TRUE,REUSED,TISSUE_MONOCYTE; exact author metagene list; external only outside GSE136103
RAM2019_MAC_SIG_D_TMO,Ramachandran2019_Nature,tissue-monocyte metagene D,macrophage_monocyte,ANKRD65,UP_IN_STATE,GSE136103,scRNA-seq,mixed nonviral cirrhosis,Supplementary Table 9,supplementary file,TRUE,REUSED,TISSUE_MONOCYTE; exact author metagene list; external only outside GSE136103
RAM2019_MAC_SIG_D_TMO,Ramachandran2019_Nature,tissue-monocyte metagene D,macrophage_monocyte,ATAD3C,UP_IN_STATE,GSE136103,scRNA-seq,mixed nonviral cirrhosis,Supplementary Table 9,supplementary file,TRUE,REUSED,TISSUE_MONOCYTE; exact author metagene list; external only outside GSE136103
RAM2019_MAC_SIG_D_TMO,Ramachandran2019_Nature,tissue-monocyte metagene D,macrophage_monocyte,ATAD3B,UP_IN_STATE,GSE136103,scRNA-seq,mixed nonviral cirrhosis,Supplementary Table 9,supplementary file,TRUE,REUSED,TISSUE_MONOCYTE; exact author metagene list; external only outside GSE136103
RAM2019_MAC_SIG_D_TMO,Ramachandran2019_Nature,tissue-monocyte metagene D,macrophage_monocyte,ATAD3A,UP_IN_STATE,GSE136103,scRNA-seq,mixed nonviral cirrhosis,Supplementary Table 9,supplementary file,TRUE,REUSED,TISSUE_MONOCYTE; exact author metagene list; external only outside GSE136103
RAM2019_MAC_SIG_D_TMO,Ramachandran2019_Nature,tissue-monocyte metagene D,macrophage_monocyte,RP5-832C2.5,UP_IN_STATE,GSE136103,scRNA-seq,mixed nonviral cirrhosis,Supplementary Table 9,supplementary file,TRUE,REUSED,TISSUE_MONOCYTE; exact author metagene list; external only outside GSE136103
RAM2019_MAC_SIG_D_TMO,Ramachandran2019_Nature,tissue-monocyte metagene D,macrophage_monocyte,C1orf233,UP_IN_STATE,GSE136103,scRNA-seq,mixed nonviral cirrhosis,Supplementary Table 9,supplementary file,TRUE,REUSED,TISSUE_MONOCYTE; exact author metagene list; external only outside GSE136103
RAM2019_MAC_SIG_D_TMO,Ramachandran2019_Nature,tissue-monocyte metagene D,macrophage_monocyte,RP11-345P4.9,UP_IN_STATE,GSE136103,scRNA-seq,mixed nonviral cirrhosis,Supplementary Table 9,supplementary file,TRUE,REUSED,TISSUE_MONOCYTE; exact author metagene list; external only outside GSE136103
RAM2019_MAC_SIG_D_TMO,Ramachandran2019_Nature,tissue-monocyte metagene D,macrophage_monocyte,MIB2,UP_IN_STATE,GSE136103,scRNA-seq,mixed nonviral cirrhosis,Supplementary Table 9,supplementary file,TRUE,REUSED,TISSUE_MONOCYTE; exact author metagene list; external only outside GSE136103
RAM2019_MAC_SIG_D_TMO,Ramachandran2019_Nature,tissue-monocyte metagene D,macrophage_monocyte,MMP23B,UP_IN_STATE,GSE136103,scRNA-seq,mixed nonviral cirrhosis,Supplementary Table 9,supplementary file,TRUE,REUSED,TISSUE_MONOCYTE; exact author metagene list; external only outside GSE136103
RAM2019_MAC_SIG_D_TMO,Ramachandran2019_Nature,tissue-monocyte metagene D,macrophage_monocyte,CDK11B,UP_IN_STATE,GSE136103,scRNA-seq,mixed nonviral cirrhosis,Supplementary Table 9,supplementary file,TRUE,REUSED,TISSUE_MONOCYTE; exact author metagene list; external only outside GSE136103
RAM2019_MAC_SIG_D_TMO,Ramachandran2019_Nature,tissue-monocyte metagene D,macrophage_monocyte,SLC35E2B,UP_IN_STATE,GSE136103,scRNA-seq,mixed nonviral cirrhosis,Supplementary Table 9,supplementary file,TRUE,REUSED,TISSUE_MONOCYTE; exact author metagene list; external only outside GSE136103
RAM2019_MAC_SIG_D_TMO,Ramachandran2019_Nature,tissue-monocyte metagene D,macrophage_monocyte,RP11-345P4.7,UP_IN_STATE,GSE136103,scRNA-seq,mixed nonviral cirrhosis,Supplementary Table 9,supplementary file,TRUE,REUSED,TISSUE_MONOCYTE; exact author metagene list; external only outside GSE136103
RAM2019_MAC_SIG_D_TMO,Ramachandran2019_Nature,tissue-monocyte metagene D,macrophage_monocyte,CDK11A,UP_IN_STATE,GSE136103,scRNA-seq,mixed nonviral cirrhosis,Supplementary Table 9,supplementary file,TRUE,REUSED,TISSUE_MONOCYTE; exact author metagene list; external only outside GSE136103
RAM2019_MAC_SIG_D_TMO,Ramachandran2019_Nature,tissue-monocyte metagene D,macrophage_monocyte,SLC35E2,UP_IN_STATE,GSE136103,scRNA-seq,mixed nonviral cirrhosis,Supplementary Table 9,supplementary file,TRUE,REUSED,TISSUE_MONOCYTE; exact author metagene list; external only outside GSE136103
RAM2019_MAC_SIG_D_TMO,Ramachandran2019_Nature,tissue-monocyte metagene D,macrophage_monocyte,NADK,UP_IN_STATE,GSE136103,scRNA-seq,mixed nonviral cirrhosis,Supplementary Table 9,supplementary file,TRUE,REUSED,TISSUE_MONOCYTE; exact author metagene list; external only outside GSE136103
RAM2019_MAC_SIG_D_TMO,Ramachandran2019_Nature,tissue-monocyte metagene D,macrophage_monocyte,CFAP74,UP_IN_STATE,GSE136103,scRNA-seq,mixed nonviral cirrhosis,Supplementary Table 9,supplementary file,TRUE,REUSED,TISSUE_MONOCYTE; exact author metagene list; external only outside GSE136103
RAM2019_MAC_SIG_D_TMO,Ramachandran2019_Nature,tissue-monocyte metagene D,macrophage_monocyte,RP11-547D24.1,UP_IN_STATE,GSE136103,scRNA-seq,mixed nonviral cirrhosis,Supplementary Table 9,supplementary file,TRUE,REUSED,TISSUE_MONOCYTE; exact author metagene list; external only outside GSE136103
RAM2019_MAC_SIG_D_TMO,Ramachandran2019_Nature,tissue-monocyte metagene D,macrophage_monocyte,PRKCZ,UP_IN_STATE,GSE136103,scRNA-seq,mixed nonviral cirrhosis,Supplementary Table 9,supplementary file,TRUE,REUSED,TISSUE_MONOCYTE; exact author metagene list; external only outside GSE136103
RAM2019_MAC_SIG_D_TMO,Ramachandran2019_Nature,tissue-monocyte metagene D,macrophage_monocyte,RP5-892K4.1,UP_IN_STATE,GSE136103,scRNA-seq,mixed nonviral cirrhosis,Supplementary Table 9,supplementary file,TRUE,REUSED,TISSUE_MONOCYTE; exact author metagene list; external only outside GSE136103
RAM2019_MAC_SIG_D_TMO,Ramachandran2019_Nature,tissue-monocyte metagene D,macrophage_monocyte,SKI,UP_IN_STATE,GSE136103,scRNA-seq,mixed nonviral cirrhosis,Supplementary Table 9,supplementary file,TRUE,REUSED,TISSUE_MONOCYTE; exact author metagene list; external only outside GSE136103
RAM2019_MAC_SIG_D_TMO,Ramachandran2019_Nature,tissue-monocyte metagene D,macrophage_monocyte,MORN1,UP_IN_STATE,GSE136103,scRNA-seq,mixed nonviral cirrhosis,Supplementary Table 9,supplementary file,TRUE,REUSED,TISSUE_MONOCYTE; exact author metagene list; external only outside GSE136103
RAM2019_MAC_SIG_D_TMO,Ramachandran2019_Nature,tissue-monocyte metagene D,macrophage_monocyte,PEX10,UP_IN_STATE,GSE136103,scRNA-seq,mixed nonviral cirrhosis,Supplementary Table 9,supplementary file,TRUE,REUSED,TISSUE_MONOCYTE; exact author metagene list; external only outside GSE136103
RAM2019_MAC_SIG_D_TMO,Ramachandran2019_Nature,tissue-monocyte metagene D,macrophage_monocyte,PLCH2,UP_IN_STATE,GSE136103,scRNA-seq,mixed nonviral cirrhosis,Supplementary Table 9,supplementary file,TRUE,REUSED,TISSUE_MONOCYTE; exact author metagene list; external only outside GSE136103
RAM2019_MAC_SIG_D_TMO,Ramachandran2019_Nature,tissue-monocyte metagene D,macrophage_monocyte,PANK4,UP_IN_STATE,GSE136103,scRNA-seq,mixed nonviral cirrhosis,Supplementary Table 9,supplementary file,TRUE,REUSED,TISSUE_MONOCYTE; exact author metagene list; external only outside GSE136103
RAM2019_MAC_SIG_D_TMO,Ramachandran2019_Nature,tissue-monocyte metagene D,macrophage_monocyte,RP3-395M20.12,UP_IN_STATE,GSE136103,scRNA-seq,mixed nonviral cirrhosis,Supplementary Table 9,supplementary file,TRUE,REUSED,TISSUE_MONOCYTE; exact author metagene list; external only outside GSE136103
RAM2019_MAC_SIG_D_TMO,Ramachandran2019_Nature,tissue-monocyte metagene D,macrophage_monocyte,RP3-395M20.8,UP_IN_STATE,GSE136103,scRNA-seq,mixed nonviral cirrhosis,Supplementary Table 9,supplementary file,TRUE,REUSED,TISSUE_MONOCYTE; exact author metagene list; external only outside GSE136103
RAM2019_MAC_SIG_D_TMO,Ramachandran2019_Nature,tissue-monocyte metagene D,macrophage_monocyte,RP3-395M20.9,UP_IN_STATE,GSE136103,scRNA-seq,mixed nonviral cirrhosis,Supplementary Table 9,supplementary file,TRUE,REUSED,TISSUE_MONOCYTE; exact author metagene list; external only outside GSE136103
RAM2019_MAC_SIG_D_TMO,Ramachandran2019_Nature,tissue-monocyte metagene D,macrophage_monocyte,FAM213B,UP_IN_STATE,GSE136103,scRNA-seq,mixed nonviral cirrhosis,Supplementary Table 9,supplementary file,TRUE,REUSED,TISSUE_MONOCYTE; exact author metagene list; external only outside GSE136103
RAM2019_MAC_SIG_D_TMO,Ramachandran2019_Nature,tissue-monocyte metagene D,macrophage_monocyte,MMEL1,UP_IN_STATE,GSE136103,scRNA-seq,mixed nonviral cirrhosis,Supplementary Table 9,supplementary file,TRUE,REUSED,TISSUE_MONOCYTE; exact author metagene list; external only outside GSE136103
RAM2019_MAC_SIG_D_TMO,Ramachandran2019_Nature,tissue-monocyte metagene D,macrophage_monocyte,MEGF6,UP_IN_STATE,GSE136103,scRNA-seq,mixed nonviral cirrhosis,Supplementary Table 9,supplementary file,TRUE,REUSED,TISSUE_MONOCYTE; exact author metagene list; external only outside GSE136103
RAM2019_MAC_SIG_D_TMO,Ramachandran2019_Nature,tissue-monocyte metagene D,macrophage_monocyte,TPRG1L,UP_IN_STATE,GSE136103,scRNA-seq,mixed nonviral cirrhosis,Supplementary Table 9,supplementary file,TRUE,REUSED,TISSUE_MONOCYTE; exact author metagene list; external only outside GSE136103
RAM2019_MAC_SIG_D_TMO,Ramachandran2019_Nature,tissue-monocyte metagene D,macrophage_monocyte,WRAP73,UP_IN_STATE,GSE136103,scRNA-seq,mixed nonviral cirrhosis,Supplementary Table 9,supplementary file,TRUE,REUSED,TISSUE_MONOCYTE; exact author metagene list; external only outside GSE136103
RAM2019_MAC_SIG_D_TMO,Ramachandran2019_Nature,tissue-monocyte metagene D,macrophage_monocyte,TP73-AS1,UP_IN_STATE,GSE136103,scRNA-seq,mixed nonviral cirrhosis,Supplementary Table 9,supplementary file,TRUE,REUSED,TISSUE_MONOCYTE; exact author metagene list; external only outside GSE136103
RAM2019_MAC_SIG_D_TMO,Ramachandran2019_Nature,tissue-monocyte metagene D,macrophage_monocyte,SMIM1,UP_IN_STATE,GSE136103,scRNA-seq,mixed nonviral cirrhosis,Supplementary Table 9,supplementary file,TRUE,REUSED,TISSUE_MONOCYTE; exact author metagene list; external only outside GSE136103
RAM2019_MAC_SIG_D_TMO,Ramachandran2019_Nature,tissue-monocyte metagene D,macrophage_monocyte,LRRC47,UP_IN_STATE,GSE136103,scRNA-seq,mixed nonviral cirrhosis,Supplementary Table 9,supplementary file,TRUE,REUSED,TISSUE_MONOCYTE; exact author metagene list; external only outside GSE136103
RAM2019_MAC_SIG_D_TMO,Ramachandran2019_Nature,tissue-monocyte metagene D,macrophage_monocyte,CEP104,UP_IN_STATE,GSE136103,scRNA-seq,mixed nonviral cirrhosis,Supplementary Table 9,supplementary file,TRUE,REUSED,TISSUE_MONOCYTE; exact author metagene list; external only outside GSE136103
RAM2019_MAC_SIG_D_TMO,Ramachandran2019_Nature,tissue-monocyte metagene D,macrophage_monocyte,DFFB,UP_IN_STATE,GSE136103,scRNA-seq,mixed nonviral cirrhosis,Supplementary Table 9,supplementary file,TRUE,REUSED,TISSUE_MONOCYTE; exact author metagene list; external only outside GSE136103
RAM2019_MAC_SIG_D_TMO,Ramachandran2019_Nature,tissue-monocyte metagene D,macrophage_monocyte,C1orf174,UP_IN_STATE,GSE136103,scRNA-seq,mixed nonviral cirrhosis,Supplementary Table 9,supplementary file,TRUE,REUSED,TISSUE_MONOCYTE; exact author metagene list; external only outside GSE136103
RAM2019_MAC_SIG_D_TMO,Ramachandran2019_Nature,tissue-monocyte metagene D,macrophage_monocyte,LINC01134,UP_IN_STATE,GSE136103,scRNA-seq,mixed nonviral cirrhosis,Supplementary Table 9,supplementary file,TRUE,REUSED,TISSUE_MONOCYTE; exact author metagene list; external only outside GSE136103
RAM2019_MAC_SIG_D_TMO,Ramachandran2019_Nature,tissue-monocyte metagene D,macrophage_monocyte,NPHP4,UP_IN_STATE,GSE136103,scRNA-seq,mixed nonviral cirrhosis,Supplementary Table 9,supplementary file,TRUE,REUSED,TISSUE_MONOCYTE; exact author metagene list; external only outside GSE136103
RAM2019_MAC_SIG_D_TMO,Ramachandran2019_Nature,tissue-monocyte metagene D,macrophage_monocyte,KCNAB2,UP_IN_STATE,GSE136103,scRNA-seq,mixed nonviral cirrhosis,Supplementary Table 9,supplementary file,TRUE,REUSED,TISSUE_MONOCYTE; exact author metagene list; external only outside GSE136103
RAM2019_MAC_SIG_D_TMO,Ramachandran2019_Nature,tissue-monocyte metagene D,macrophage_monocyte,RNF207,UP_IN_STATE,GSE136103,scRNA-seq,mixed nonviral cirrhosis,Supplementary Table 9,supplementary file,TRUE,REUSED,TISSUE_MONOCYTE; exact author metagene list; external only outside GSE136103
RAM2019_MAC_SIG_D_TMO,Ramachandran2019_Nature,tissue-monocyte metagene D,macrophage_monocyte,ICMT,UP_IN_STATE,GSE136103,scRNA-seq,mixed nonviral cirrhosis,Supplementary Table 9,supplementary file,TRUE,REUSED,TISSUE_MONOCYTE; exact author metagene list; external only outside GSE136103
RAM2019_MAC_SIG_D_TMO,Ramachandran2019_Nature,tissue-monocyte metagene D,macrophage_monocyte,LINC00337,UP_IN_STATE,GSE136103,scRNA-seq,mixed nonviral cirrhosis,Supplementary Table 9,supplementary file,TRUE,REUSED,TISSUE_MONOCYTE; exact author metagene list; external only outside GSE136103
RAM2019_MAC_SIG_D_TMO,Ramachandran2019_Nature,tissue-monocyte metagene D,macrophage_monocyte,ACOT7,UP_IN_STATE,GSE136103,scRNA-seq,mixed nonviral cirrhosis,Supplementary Table 9,supplementary file,TRUE,REUSED,TISSUE_MONOCYTE; exact author metagene list; external only outside GSE136103
RAM2019_MAC_SIG_D_TMO,Ramachandran2019_Nature,tissue-monocyte metagene D,macrophage_monocyte,RP1-202O8.3,UP_IN_STATE,GSE136103,scRNA-seq,mixed nonviral cirrhosis,Supplementary Table 9,supplementary file,TRUE,REUSED,TISSUE_MONOCYTE; exact author metagene list; external only outside GSE136103
RAM2019_MAC_SIG_D_TMO,Ramachandran2019_Nature,tissue-monocyte metagene D,macrophage_monocyte,HES2,UP_IN_STATE,GSE136103,scRNA-seq,mixed nonviral cirrhosis,Supplementary Table 9,supplementary file,TRUE,REUSED,TISSUE_MONOCYTE; exact author metagene list; external only outside GSE136103
RAM2019_MAC_SIG_D_TMO,Ramachandran2019_Nature,tissue-monocyte metagene D,macrophage_monocyte,ESPN,UP_IN_STATE,GSE136103,scRNA-seq,mixed nonviral cirrhosis,Supplementary Table 9,supplementary file,TRUE,REUSED,TISSUE_MONOCYTE; exact author metagene list; external only outside GSE136103
RAM2019_MAC_SIG_D_TMO,Ramachandran2019_Nature,tissue-monocyte metagene D,macrophage_monocyte,TNFRSF25,UP_IN_STATE,GSE136103,scRNA-seq,mixed nonviral cirrhosis,Supplementary Table 9,supplementary file,TRUE,REUSED,TISSUE_MONOCYTE; exact author metagene list; external only outside GSE136103
RAM2019_MAC_SIG_D_TMO,Ramachandran2019_Nature,tissue-monocyte metagene D,macrophage_monocyte,NOL9,UP_IN_STATE,GSE136103,scRNA-seq,mixed nonviral cirrhosis,Supplementary Table 9,supplementary file,TRUE,REUSED,TISSUE_MONOCYTE; exact author metagene list; external only outside GSE136103
RAM2019_MAC_SIG_D_TMO,Ramachandran2019_Nature,tissue-monocyte metagene D,macrophage_monocyte,ZBTB48,UP_IN_STATE,GSE136103,scRNA-seq,mixed nonviral cirrhosis,Supplementary Table 9,supplementary file,TRUE,REUSED,TISSUE_MONOCYTE; exact author metagene list; external only outside GSE136103
RAM2019_MAC_SIG_D_TMO,Ramachandran2019_Nature,tissue-monocyte metagene D,macrophage_monocyte,KLHL21,UP_IN_STATE,GSE136103,scRNA-seq,mixed nonviral cirrhosis,Supplementary Table 9,supplementary file,TRUE,REUSED,TISSUE_MONOCYTE; exact author metagene list; external only outside GSE136103
RAM2019_MAC_SIG_D_TMO,Ramachandran2019_Nature,tissue-monocyte metagene D,macrophage_monocyte,PHF13,UP_IN_STATE,GSE136103,scRNA-seq,mixed nonviral cirrhosis,Supplementary Table 9,supplementary file,TRUE,REUSED,TISSUE_MONOCYTE; exact author metagene list; external only outside GSE136103
RAM2019_MAC_SIG_D_TMO,Ramachandran2019_Nature,tissue-monocyte metagene D,macrophage_monocyte,THAP3,UP_IN_STATE,GSE136103,scRNA-seq,mixed nonviral cirrhosis,Supplementary Table 9,supplementary file,TRUE,REUSED,TISSUE_MONOCYTE; exact author metagene list; external only outside GSE136103
RAM2019_MAC_SIG_D_TMO,Ramachandran2019_Nature,tissue-monocyte metagene D,macrophage_monocyte,DNAJC11,UP_IN_STATE,GSE136103,scRNA-seq,mixed nonviral cirrhosis,Supplementary Table 9,supplementary file,TRUE,REUSED,TISSUE_MONOCYTE; exact author metagene list; external only outside GSE136103
RAM2019_MAC_SIG_D_TMO,Ramachandran2019_Nature,tissue-monocyte metagene D,macrophage_monocyte,RP11-242F24.1,UP_IN_STATE,GSE136103,scRNA-seq,mixed nonviral cirrhosis,Supplementary Table 9,supplementary file,TRUE,REUSED,TISSUE_MONOCYTE; exact author metagene list; external only outside GSE136103
RAM2019_MAC_SIG_D_TMO,Ramachandran2019_Nature,tissue-monocyte metagene D,macrophage_monocyte,PER3,UP_IN_STATE,GSE136103,scRNA-seq,mixed nonviral cirrhosis,Supplementary Table 9,supplementary file,TRUE,REUSED,TISSUE_MONOCYTE; exact author metagene list; external only outside GSE136103
RAM2019_MAC_SIG_D_TMO,Ramachandran2019_Nature,tissue-monocyte metagene D,macrophage_monocyte,UTS2,UP_IN_STATE,GSE136103,scRNA-seq,mixed nonviral cirrhosis,Supplementary Table 9,supplementary file,TRUE,REUSED,TISSUE_MONOCYTE; exact author metagene list; external only outside GSE136103
RAM2019_MAC_SIG_D_TMO,Ramachandran2019_Nature,tissue-monocyte metagene D,macrophage_monocyte,TNFRSF9,UP_IN_STATE,GSE136103,scRNA-seq,mixed nonviral cirrhosis,Supplementary Table 9,supplementary file,TRUE,REUSED,TISSUE_MONOCYTE; exact author metagene list; external only outside GSE136103
RAM2019_MAC_SIG_D_TMO,Ramachandran2019_Nature,tissue-monocyte metagene D,macrophage_monocyte,ERRFI1,UP_IN_STATE,GSE136103,scRNA-seq,mixed nonviral cirrhosis,Supplementary Table 9,supplementary file,TRUE,REUSED,TISSUE_MONOCYTE; exact author metagene list; external only outside GSE136103
RAM2019_MAC_SIG_D_TMO,Ramachandran2019_Nature,tissue-monocyte metagene D,macrophage_monocyte,RERE,UP_IN_STATE,GSE136103,scRNA-seq,mixed nonviral cirrhosis,Supplementary Table 9,supplementary file,TRUE,REUSED,TISSUE_MONOCYTE; exact author metagene list; external only outside GSE136103
RAM2019_MAC_SIG_D_TMO,Ramachandran2019_Nature,tissue-monocyte metagene D,macrophage_monocyte,RP5-1115A15.1,UP_IN_STATE,GSE136103,scRNA-seq,mixed nonviral cirrhosis,Supplementary Table 9,supplementary file,TRUE,REUSED,TISSUE_MONOCYTE; exact author metagene list; external only outside GSE136103
RAM2019_MAC_SIG_D_TMO,Ramachandran2019_Nature,tissue-monocyte metagene D,macrophage_monocyte,ENO1-AS1,UP_IN_STATE,GSE136103,scRNA-seq,mixed nonviral cirrhosis,Supplementary Table 9,supplementary file,TRUE,REUSED,TISSUE_MONOCYTE; exact author metagene list; external only outside GSE136103
RAM2019_MAC_SIG_D_TMO,Ramachandran2019_Nature,tissue-monocyte metagene D,macrophage_monocyte,GPR157,UP_IN_STATE,GSE136103,scRNA-seq,mixed nonviral cirrhosis,Supplementary Table 9,supplementary file,TRUE,REUSED,TISSUE_MONOCYTE; exact author metagene list; external only outside GSE136103
RAM2019_MAC_SIG_D_TMO,Ramachandran2019_Nature,tissue-monocyte metagene D,macrophage_monocyte,MIR34AHG,UP_IN_STATE,GSE136103,scRNA-seq,mixed nonviral cirrhosis,Supplementary Table 9,supplementary file,TRUE,REUSED,TISSUE_MONOCYTE; exact author metagene list; external only outside GSE136103
RAM2019_MAC_SIG_D_TMO,Ramachandran2019_Nature,tissue-monocyte metagene D,macrophage_monocyte,H6PD,UP_IN_STATE,GSE136103,scRNA-seq,mixed nonviral cirrhosis,Supplementary Table 9,supplementary file,TRUE,REUSED,TISSUE_MONOCYTE; exact author metagene list; external only outside GSE136103
RAM2019_MAC_SIG_D_TMO,Ramachandran2019_Nature,tissue-monocyte metagene D,macrophage_monocyte,SPSB1,UP_IN_STATE,GSE136103,scRNA-seq,mixed nonviral cirrhosis,Supplementary Table 9,supplementary file,TRUE,REUSED,TISSUE_MONOCYTE; exact author metagene list; external only outside GSE136103
RAM2019_MAC_SIG_D_TMO,Ramachandran2019_Nature,tissue-monocyte metagene D,macrophage_monocyte,SLC25A33,UP_IN_STATE,GSE136103,scRNA-seq,mixed nonviral cirrhosis,Supplementary Table 9,supplementary file,TRUE,REUSED,TISSUE_MONOCYTE; exact author metagene list; external only outside GSE136103
RAM2019_MAC_SIG_D_TMO,Ramachandran2019_Nature,tissue-monocyte metagene D,macrophage_monocyte,TMEM201,UP_IN_STATE,GSE136103,scRNA-seq,mixed nonviral cirrhosis,Supplementary Table 9,supplementary file,TRUE,REUSED,TISSUE_MONOCYTE; exact author metagene list; external only outside GSE136103
RAM2019_MAC_SIG_D_TMO,Ramachandran2019_Nature,tissue-monocyte metagene D,macrophage_monocyte,PIK3CD,UP_IN_STATE,GSE136103,scRNA-seq,mixed nonviral cirrhosis,Supplementary Table 9,supplementary file,TRUE,REUSED,TISSUE_MONOCYTE; exact author metagene list; external only outside GSE136103
RAM2019_MAC_SIG_D_TMO,Ramachandran2019_Nature,tissue-monocyte metagene D,macrophage_monocyte,PIK3CD-AS2,UP_IN_STATE,GSE136103,scRNA-seq,mixed nonviral cirrhosis,Supplementary Table 9,supplementary file,TRUE,REUSED,TISSUE_MONOCYTE; exact author metagene list; external only outside GSE136103
RAM2019_MAC_SIG_D_TMO,Ramachandran2019_Nature,tissue-monocyte metagene D,macrophage_monocyte,CLSTN1,UP_IN_STATE,GSE136103,scRNA-seq,mixed nonviral cirrhosis,Supplementary Table 9,supplementary file,TRUE,REUSED,TISSUE_MONOCYTE; exact author metagene list; external only outside GSE136103
RAM2019_MAC_SIG_D_TMO,Ramachandran2019_Nature,tissue-monocyte metagene D,macrophage_monocyte,LZIC,UP_IN_STATE,GSE136103,scRNA-seq,mixed nonviral cirrhosis,Supplementary Table 9,supplementary file,TRUE,REUSED,TISSUE_MONOCYTE; exact author metagene list; external only outside GSE136103
RAM2019_MAC_SIG_D_TMO,Ramachandran2019_Nature,tissue-monocyte metagene D,macrophage_monocyte,NMNAT1,UP_IN_STATE,GSE136103,scRNA-seq,mixed nonviral cirrhosis,Supplementary Table 9,supplementary file,TRUE,REUSED,TISSUE_MONOCYTE; exact author metagene list; external only outside GSE136103
RAM2019_MAC_SIG_D_TMO,Ramachandran2019_Nature,tissue-monocyte metagene D,macrophage_monocyte,UBE4B,UP_IN_STATE,GSE136103,scRNA-seq,mixed nonviral cirrhosis,Supplementary Table 9,supplementary file,TRUE,REUSED,TISSUE_MONOCYTE; exact author metagene list; external only outside GSE136103
RAM2019_MAC_SIG_D_TMO,Ramachandran2019_Nature,tissue-monocyte metagene D,macrophage_monocyte,KIF1B,UP_IN_STATE,GSE136103,scRNA-seq,mixed nonviral cirrhosis,Supplementary Table 9,supplementary file,TRUE,REUSED,TISSUE_MONOCYTE; exact author metagene list; external only outside GSE136103
RAM2019_MAC_SIG_D_TMO,Ramachandran2019_Nature,tissue-monocyte metagene D,macrophage_monocyte,PGD,UP_IN_STATE,GSE136103,scRNA-seq,mixed nonviral cirrhosis,Supplementary Table 9,supplementary file,TRUE,REUSED,TISSUE_MONOCYTE; exact author metagene list; external only outside GSE136103
RAM2019_MAC_SIG_D_TMO,Ramachandran2019_Nature,tissue-monocyte metagene D,macrophage_monocyte,APITD1,UP_IN_STATE,GSE136103,scRNA-seq,mixed nonviral cirrhosis,Supplementary Table 9,supplementary file,TRUE,REUSED,TISSUE_MONOCYTE; exact author metagene list; external only outside GSE136103
RAM2019_MAC_SIG_D_TMO,Ramachandran2019_Nature,tissue-monocyte metagene D,macrophage_monocyte,DFFA,UP_IN_STATE,GSE136103,scRNA-seq,mixed nonviral cirrhosis,Supplementary Table 9,supplementary file,TRUE,REUSED,TISSUE_MONOCYTE; exact author metagene list; external only outside GSE136103
RAM2019_MAC_SIG_D_TMO,Ramachandran2019_Nature,tissue-monocyte metagene D,macrophage_monocyte,PEX14,UP_IN_STATE,GSE136103,scRNA-seq,mixed nonviral cirrhosis,Supplementary Table 9,supplementary file,TRUE,REUSED,TISSUE_MONOCYTE; exact author metagene list; external only outside GSE136103
RAM2019_MAC_SIG_D_TMO,Ramachandran2019_Nature,tissue-monocyte metagene D,macrophage_monocyte,CASZ1,UP_IN_STATE,GSE136103,scRNA-seq,mixed nonviral cirrhosis,Supplementary Table 9,supplementary file,TRUE,REUSED,TISSUE_MONOCYTE; exact author metagene list; external only outside GSE136103
RAM2019_MAC_SIG_D_TMO,Ramachandran2019_Nature,tissue-monocyte metagene D,macrophage_monocyte,TARDBP,UP_IN_STATE,GSE136103,scRNA-seq,mixed nonviral cirrhosis,Supplementary Table 9,supplementary file,TRUE,REUSED,TISSUE_MONOCYTE; exact author metagene list; external only outside GSE136103
RAM2019_MAC_SIG_D_TMO,Ramachandran2019_Nature,tissue-monocyte metagene D,macrophage_monocyte,MASP2,UP_IN_STATE,GSE136103,scRNA-seq,mixed nonviral cirrhosis,Supplementary Table 9,supplementary file,TRUE,REUSED,TISSUE_MONOCYTE; exact author metagene list; external only outside GSE136103
RAM2019_MAC_SIG_D_TMO,Ramachandran2019_Nature,tissue-monocyte metagene D,macrophage_monocyte,RP4-635E18.8,UP_IN_STATE,GSE136103,scRNA-seq,mixed nonviral cirrhosis,Supplementary Table 9,supplementary file,TRUE,REUSED,TISSUE_MONOCYTE; exact author metagene list; external only outside GSE136103
RAM2019_MAC_SIG_D_TMO,Ramachandran2019_Nature,tissue-monocyte metagene D,macrophage_monocyte,EXOSC10,UP_IN_STATE,GSE136103,scRNA-seq,mixed nonviral cirrhosis,Supplementary Table 9,supplementary file,TRUE,REUSED,TISSUE_MONOCYTE; exact author metagene list; external only outside GSE136103
RAM2019_MAC_SIG_D_TMO,Ramachandran2019_Nature,tissue-monocyte metagene D,macrophage_monocyte,RP4-635E18.7,UP_IN_STATE,GSE136103,scRNA-seq,mixed nonviral cirrhosis,Supplementary Table 9,supplementary file,TRUE,REUSED,TISSUE_MONOCYTE; exact author metagene list; external only outside GSE136103
RAM2019_MAC_SIG_D_TMO,Ramachandran2019_Nature,tissue-monocyte metagene D,macrophage_monocyte,MTOR,UP_IN_STATE,GSE136103,scRNA-seq,mixed nonviral cirrhosis,Supplementary Table 9,supplementary file,TRUE,REUSED,TISSUE_MONOCYTE; exact author metagene list; external only outside GSE136103
RAM2019_MAC_SIG_D_TMO,Ramachandran2019_Nature,tissue-monocyte metagene D,macrophage_monocyte,UBIAD1,UP_IN_STATE,GSE136103,scRNA-seq,mixed nonviral cirrhosis,Supplementary Table 9,supplementary file,TRUE,REUSED,TISSUE_MONOCYTE; exact author metagene list; external only outside GSE136103
RAM2019_MAC_SIG_D_TMO,Ramachandran2019_Nature,tissue-monocyte metagene D,macrophage_monocyte,FBXO2,UP_IN_STATE,GSE136103,scRNA-seq,mixed nonviral cirrhosis,Supplementary Table 9,supplementary file,TRUE,REUSED,TISSUE_MONOCYTE; exact author metagene list; external only outside GSE136103
RAM2019_MAC_SIG_D_TMO,Ramachandran2019_Nature,tissue-monocyte metagene D,macrophage_monocyte,FBXO44,UP_IN_STATE,GSE136103,scRNA-seq,mixed nonviral cirrhosis,Supplementary Table 9,supplementary file,TRUE,REUSED,TISSUE_MONOCYTE; exact author metagene list; external only outside GSE136103
RAM2019_MAC_SIG_D_TMO,Ramachandran2019_Nature,tissue-monocyte metagene D,macrophage_monocyte,FBXO6,UP_IN_STATE,GSE136103,scRNA-seq,mixed nonviral cirrhosis,Supplementary Table 9,supplementary file,TRUE,REUSED,TISSUE_MONOCYTE; exact author metagene list; external only outside GSE136103
RAM2019_MAC_SIG_D_TMO,Ramachandran2019_Nature,tissue-monocyte metagene D,macrophage_monocyte,DRAXIN,UP_IN_STATE,GSE136103,scRNA-seq,mixed nonviral cirrhosis,Supplementary Table 9,supplementary file,TRUE,REUSED,TISSUE_MONOCYTE; exact author metagene list; external only outside GSE136103
RAM2019_MAC_SIG_D_TMO,Ramachandran2019_Nature,tissue-monocyte metagene D,macrophage_monocyte,AGTRAP,UP_IN_STATE,GSE136103,scRNA-seq,mixed nonviral cirrhosis,Supplementary Table 9,supplementary file,TRUE,REUSED,TISSUE_MONOCYTE; exact author metagene list; external only outside GSE136103
RAM2019_MAC_SIG_D_TMO,Ramachandran2019_Nature,tissue-monocyte metagene D,macrophage_monocyte,C1orf167,UP_IN_STATE,GSE136103,scRNA-seq,mixed nonviral cirrhosis,Supplementary Table 9,supplementary file,TRUE,REUSED,TISSUE_MONOCYTE; exact author metagene list; external only outside GSE136103
RAM2019_MAC_SIG_D_TMO,Ramachandran2019_Nature,tissue-monocyte metagene D,macrophage_monocyte,MTHFR,UP_IN_STATE,GSE136103,scRNA-seq,mixed nonviral cirrhosis,Supplementary Table 9,supplementary file,TRUE,REUSED,TISSUE_MONOCYTE; exact author metagene list; external only outside GSE136103
RAM2019_MAC_SIG_D_TMO,Ramachandran2019_Nature,tissue-monocyte metagene D,macrophage_monocyte,CLCN6,UP_IN_STATE,GSE136103,scRNA-seq,mixed nonviral cirrhosis,Supplementary Table 9,supplementary file,TRUE,REUSED,TISSUE_MONOCYTE; exact author metagene list; external only outside GSE136103
RAM2019_MAC_SIG_D_TMO,Ramachandran2019_Nature,tissue-monocyte metagene D,macrophage_monocyte,NPPA-AS1,UP_IN_STATE,GSE136103,scRNA-seq,mixed nonviral cirrhosis,Supplementary Table 9,supplementary file,TRUE,REUSED,TISSUE_MONOCYTE; exact author metagene list; external only outside GSE136103
RAM2019_MAC_SIG_D_TMO,Ramachandran2019_Nature,tissue-monocyte metagene D,macrophage_monocyte,KIAA2013,UP_IN_STATE,GSE136103,scRNA-seq,mixed nonviral cirrhosis,Supplementary Table 9,supplementary file,TRUE,REUSED,TISSUE_MONOCYTE; exact author metagene list; external only outside GSE136103
RAM2019_MAC_SIG_D_TMO,Ramachandran2019_Nature,tissue-monocyte metagene D,macrophage_monocyte,PLOD1,UP_IN_STATE,GSE136103,scRNA-seq,mixed nonviral cirrhosis,Supplementary Table 9,supplementary file,TRUE,REUSED,TISSUE_MONOCYTE; exact author metagene list; external only outside GSE136103
RAM2019_MAC_SIG_D_TMO,Ramachandran2019_Nature,tissue-monocyte metagene D,macrophage_monocyte,MFN2,UP_IN_STATE,GSE136103,scRNA-seq,mixed nonviral cirrhosis,Supplementary Table 9,supplementary file,TRUE,REUSED,TISSUE_MONOCYTE; exact author metagene list; external only outside GSE136103
RAM2019_MAC_SIG_D_TMO,Ramachandran2019_Nature,tissue-monocyte metagene D,macrophage_monocyte,MIIP,UP_IN_STATE,GSE136103,scRNA-seq,mixed nonviral cirrhosis,Supplementary Table 9,supplementary file,TRUE,REUSED,TISSUE_MONOCYTE; exact author metagene list; external only outside GSE136103
RAM2019_MAC_SIG_D_TMO,Ramachandran2019_Nature,tissue-monocyte metagene D,macrophage_monocyte,TNFRSF8,UP_IN_STATE,GSE136103,scRNA-seq,mixed nonviral cirrhosis,Supplementary Table 9,supplementary file,TRUE,REUSED,TISSUE_MONOCYTE; exact author metagene list; external only outside GSE136103
RAM2019_MAC_SIG_D_TMO,Ramachandran2019_Nature,tissue-monocyte metagene D,macrophage_monocyte,VPS13D,UP_IN_STATE,GSE136103,scRNA-seq,mixed nonviral cirrhosis,Supplementary Table 9,supplementary file,TRUE,REUSED,TISSUE_MONOCYTE; exact author metagene list; external only outside GSE136103
RAM2019_MAC_SIG_D_TMO,Ramachandran2019_Nature,tissue-monocyte metagene D,macrophage_monocyte,HNRNPCL1,UP_IN_STATE,GSE136103,scRNA-seq,mixed nonviral cirrhosis,Supplementary Table 9,supplementary file,TRUE,REUSED,TISSUE_MONOCYTE; exact author metagene list; external only outside GSE136103
RAM2019_MAC_SIG_D_TMO,Ramachandran2019_Nature,tissue-monocyte metagene D,macrophage_monocyte,HNRNPCL3,UP_IN_STATE,GSE136103,scRNA-seq,mixed nonviral cirrhosis,Supplementary Table 9,supplementary file,TRUE,REUSED,TISSUE_MONOCYTE; exact author metagene list; external only outside GSE136103
RAM2019_MAC_SIG_D_TMO,Ramachandran2019_Nature,tissue-monocyte metagene D,macrophage_monocyte,HNRNPCL2,UP_IN_STATE,GSE136103,scRNA-seq,mixed nonviral cirrhosis,Supplementary Table 9,supplementary file,TRUE,REUSED,TISSUE_MONOCYTE; exact author metagene list; external only outside GSE136103
RAM2019_MAC_SIG_D_TMO,Ramachandran2019_Nature,tissue-monocyte metagene D,macrophage_monocyte,PRDM2,UP_IN_STATE,GSE136103,scRNA-seq,mixed nonviral cirrhosis,Supplementary Table 9,supplementary file,TRUE,REUSED,TISSUE_MONOCYTE; exact author metagene list; external only outside GSE136103
RAM2019_MAC_SIG_D_TMO,Ramachandran2019_Nature,tissue-monocyte metagene D,macrophage_monocyte,CTRC,UP_IN_STATE,GSE136103,scRNA-seq,mixed nonviral cirrhosis,Supplementary Table 9,supplementary file,TRUE,REUSED,TISSUE_MONOCYTE; exact author metagene list; external only outside GSE136103
RAM2019_MAC_SIG_D_TMO,Ramachandran2019_Nature,tissue-monocyte metagene D,macrophage_monocyte,CASP9,UP_IN_STATE,GSE136103,scRNA-seq,mixed nonviral cirrhosis,Supplementary Table 9,supplementary file,TRUE,REUSED,TISSUE_MONOCYTE; exact author metagene list; external only outside GSE136103
RAM2019_MAC_SIG_D_TMO,Ramachandran2019_Nature,tissue-monocyte metagene D,macrophage_monocyte,DNAJC16,UP_IN_STATE,GSE136103,scRNA-seq,mixed nonviral cirrhosis,Supplementary Table 9,supplementary file,TRUE,REUSED,TISSUE_MONOCYTE; exact author metagene list; external only outside GSE136103
RAM2019_MAC_SIG_D_TMO,Ramachandran2019_Nature,tissue-monocyte metagene D,macrophage_monocyte,AGMAT,UP_IN_STATE,GSE136103,scRNA-seq,mixed nonviral cirrhosis,Supplementary Table 9,supplementary file,TRUE,REUSED,TISSUE_MONOCYTE; exact author metagene list; external only outside GSE136103
RAM2019_MAC_SIG_D_TMO,Ramachandran2019_Nature,tissue-monocyte metagene D,macrophage_monocyte,DDI2,UP_IN_STATE,GSE136103,scRNA-seq,mixed nonviral cirrhosis,Supplementary Table 9,supplementary file,TRUE,REUSED,TISSUE_MONOCYTE; exact author metagene list; external only outside GSE136103
RAM2019_MAC_SIG_D_TMO,Ramachandran2019_Nature,tissue-monocyte metagene D,macrophage_monocyte,PLEKHM2,UP_IN_STATE,GSE136103,scRNA-seq,mixed nonviral cirrhosis,Supplementary Table 9,supplementary file,TRUE,REUSED,TISSUE_MONOCYTE; exact author metagene list; external only outside GSE136103
RAM2019_MAC_SIG_D_TMO,Ramachandran2019_Nature,tissue-monocyte metagene D,macrophage_monocyte,SLC25A34,UP_IN_STATE,GSE136103,scRNA-seq,mixed nonviral cirrhosis,Supplementary Table 9,supplementary file,TRUE,REUSED,TISSUE_MONOCYTE; exact author metagene list; external only outside GSE136103
RAM2019_MAC_SIG_D_TMO,Ramachandran2019_Nature,tissue-monocyte metagene D,macrophage_monocyte,FBLIM1,UP_IN_STATE,GSE136103,scRNA-seq,mixed nonviral cirrhosis,Supplementary Table 9,supplementary file,TRUE,REUSED,TISSUE_MONOCYTE; exact author metagene list; external only outside GSE136103
RAM2019_MAC_SIG_D_TMO,Ramachandran2019_Nature,tissue-monocyte metagene D,macrophage_monocyte,UQCRHL,UP_IN_STATE,GSE136103,scRNA-seq,mixed nonviral cirrhosis,Supplementary Table 9,supplementary file,TRUE,REUSED,TISSUE_MONOCYTE; exact author metagene list; external only outside GSE136103
RAM2019_MAC_SIG_D_TMO,Ramachandran2019_Nature,tissue-monocyte metagene D,macrophage_monocyte,FLJ37453,UP_IN_STATE,GSE136103,scRNA-seq,mixed nonviral cirrhosis,Supplementary Table 9,supplementary file,TRUE,REUSED,TISSUE_MONOCYTE; exact author metagene list; external only outside GSE136103
RAM2019_MAC_SIG_D_TMO,Ramachandran2019_Nature,tissue-monocyte metagene D,macrophage_monocyte,SPEN,UP_IN_STATE,GSE136103,scRNA-seq,mixed nonviral cirrhosis,Supplementary Table 9,supplementary file,TRUE,REUSED,TISSUE_MONOCYTE; exact author metagene list; external only outside GSE136103
RAM2019_MAC_SIG_D_TMO,Ramachandran2019_Nature,tissue-monocyte metagene D,macrophage_monocyte,ZBTB17,UP_IN_STATE,GSE136103,scRNA-seq,mixed nonviral cirrhosis,Supplementary Table 9,supplementary file,TRUE,REUSED,TISSUE_MONOCYTE; exact author metagene list; external only outside GSE136103
RAM2019_MAC_SIG_D_TMO,Ramachandran2019_Nature,tissue-monocyte metagene D,macrophage_monocyte,EPHA2,UP_IN_STATE,GSE136103,scRNA-seq,mixed nonviral cirrhosis,Supplementary Table 9,supplementary file,TRUE,REUSED,TISSUE_MONOCYTE; exact author metagene list; external only outside GSE136103
RAM2019_MAC_SIG_D_TMO,Ramachandran2019_Nature,tissue-monocyte metagene D,macrophage_monocyte,ARHGEF19,UP_IN_STATE,GSE136103,scRNA-seq,mixed nonviral cirrhosis,Supplementary Table 9,supplementary file,TRUE,REUSED,TISSUE_MONOCYTE; exact author metagene list; external only outside GSE136103
RAM2019_MAC_SIG_D_TMO,Ramachandran2019_Nature,tissue-monocyte metagene D,macrophage_monocyte,RSG1,UP_IN_STATE,GSE136103,scRNA-seq,mixed nonviral cirrhosis,Supplementary Table 9,supplementary file,TRUE,REUSED,TISSUE_MONOCYTE; exact author metagene list; external only outside GSE136103
RAM2019_MAC_SIG_D_TMO,Ramachandran2019_Nature,tissue-monocyte metagene D,macrophage_monocyte,FBXO42,UP_IN_STATE,GSE136103,scRNA-seq,mixed nonviral cirrhosis,Supplementary Table 9,supplementary file,TRUE,REUSED,TISSUE_MONOCYTE; exact author metagene list; external only outside GSE136103
RAM2019_MAC_SIG_D_TMO,Ramachandran2019_Nature,tissue-monocyte metagene D,macrophage_monocyte,SPATA21,UP_IN_STATE,GSE136103,scRNA-seq,mixed nonviral cirrhosis,Supplementary Table 9,supplementary file,TRUE,REUSED,TISSUE_MONOCYTE; exact author metagene list; external only outside GSE136103
RAM2019_MAC_SIG_D_TMO,Ramachandran2019_Nature,tissue-monocyte metagene D,macrophage_monocyte,RP4-798A10.2,UP_IN_STATE,GSE136103,scRNA-seq,mixed nonviral cirrhosis,Supplementary Table 9,supplementary file,TRUE,REUSED,TISSUE_MONOCYTE; exact author metagene list; external only outside GSE136103
RAM2019_MAC_SIG_D_TMO,Ramachandran2019_Nature,tissue-monocyte metagene D,macrophage_monocyte,RP4-798A10.7,UP_IN_STATE,GSE136103,scRNA-seq,mixed nonviral cirrhosis,Supplementary Table 9,supplementary file,TRUE,REUSED,TISSUE_MONOCYTE; exact author metagene list; external only outside GSE136103
RAM2019_MAC_SIG_D_TMO,Ramachandran2019_Nature,tissue-monocyte metagene D,macrophage_monocyte,NBPF1,UP_IN_STATE,GSE136103,scRNA-seq,mixed nonviral cirrhosis,Supplementary Table 9,supplementary file,TRUE,REUSED,TISSUE_MONOCYTE; exact author metagene list; external only outside GSE136103
RAM2019_MAC_SIG_D_TMO,Ramachandran2019_Nature,tissue-monocyte metagene D,macrophage_monocyte,CROCC,UP_IN_STATE,GSE136103,scRNA-seq,mixed nonviral cirrhosis,Supplementary Table 9,supplementary file,TRUE,REUSED,TISSUE_MONOCYTE; exact author metagene list; external only outside GSE136103
RAM2019_MAC_SIG_D_TMO,Ramachandran2019_Nature,tissue-monocyte metagene D,macrophage_monocyte,RP11-108M9.4,UP_IN_STATE,GSE136103,scRNA-seq,mixed nonviral cirrhosis,Supplementary Table 9,supplementary file,TRUE,REUSED,TISSUE_MONOCYTE; exact author metagene list; external only outside GSE136103
RAM2019_MAC_SIG_D_TMO,Ramachandran2019_Nature,tissue-monocyte metagene D,macrophage_monocyte,RP11-108M9.6,UP_IN_STATE,GSE136103,scRNA-seq,mixed nonviral cirrhosis,Supplementary Table 9,supplementary file,TRUE,REUSED,TISSUE_MONOCYTE; exact author metagene list; external only outside GSE136103
RAM2019_MAC_SIG_D_TMO,Ramachandran2019_Nature,tissue-monocyte metagene D,macrophage_monocyte,ATP13A2,UP_IN_STATE,GSE136103,scRNA-seq,mixed nonviral cirrhosis,Supplementary Table 9,supplementary file,TRUE,REUSED,TISSUE_MONOCYTE; exact author metagene list; external only outside GSE136103
RAM2019_MAC_SIG_D_TMO,Ramachandran2019_Nature,tissue-monocyte metagene D,macrophage_monocyte,PADI2,UP_IN_STATE,GSE136103,scRNA-seq,mixed nonviral cirrhosis,Supplementary Table 9,supplementary file,TRUE,REUSED,TISSUE_MONOCYTE; exact author metagene list; external only outside GSE136103
RAM2019_MAC_SIG_D_TMO,Ramachandran2019_Nature,tissue-monocyte metagene D,macrophage_monocyte,PADI4,UP_IN_STATE,GSE136103,scRNA-seq,mixed nonviral cirrhosis,Supplementary Table 9,supplementary file,TRUE,REUSED,TISSUE_MONOCYTE; exact author metagene list; external only outside GSE136103
RAM2019_MAC_SIG_D_TMO,Ramachandran2019_Nature,tissue-monocyte metagene D,macrophage_monocyte,ARHGEF10L,UP_IN_STATE,GSE136103,scRNA-seq,mixed nonviral cirrhosis,Supplementary Table 9,supplementary file,TRUE,REUSED,TISSUE_MONOCYTE; exact author metagene list; external only outside GSE136103
RAM2019_MAC_SIG_D_TMO,Ramachandran2019_Nature,tissue-monocyte metagene D,macrophage_monocyte,IGSF21,UP_IN_STATE,GSE136103,scRNA-seq,mixed nonviral cirrhosis,Supplementary Table 9,supplementary file,TRUE,REUSED,TISSUE_MONOCYTE; exact author metagene list; external only outside GSE136103
RAM2019_MAC_SIG_D_TMO,Ramachandran2019_Nature,tissue-monocyte metagene D,macrophage_monocyte,ALDH4A1,UP_IN_STATE,GSE136103,scRNA-seq,mixed nonviral cirrhosis,Supplementary Table 9,supplementary file,TRUE,REUSED,TISSUE_MONOCYTE; exact author metagene list; external only outside GSE136103
RAM2019_MAC_SIG_D_TMO,Ramachandran2019_Nature,tissue-monocyte metagene D,macrophage_monocyte,IFFO2,UP_IN_STATE,GSE136103,scRNA-seq,mixed nonviral cirrhosis,Supplementary Table 9,supplementary file,TRUE,REUSED,TISSUE_MONOCYTE; exact author metagene list; external only outside GSE136103
RAM2019_MAC_SIG_D_TMO,Ramachandran2019_Nature,tissue-monocyte metagene D,macrophage_monocyte,UBR4,UP_IN_STATE,GSE136103,scRNA-seq,mixed nonviral cirrhosis,Supplementary Table 9,supplementary file,TRUE,REUSED,TISSUE_MONOCYTE; exact author metagene list; external only outside GSE136103
RAM2019_MAC_SIG_D_TMO,Ramachandran2019_Nature,tissue-monocyte metagene D,macrophage_monocyte,RP1-43E13.2,UP_IN_STATE,GSE136103,scRNA-seq,mixed nonviral cirrhosis,Supplementary Table 9,supplementary file,TRUE,REUSED,TISSUE_MONOCYTE; exact author metagene list; external only outside GSE136103
RAM2019_MAC_SIG_D_TMO,Ramachandran2019_Nature,tissue-monocyte metagene D,macrophage_monocyte,EMC1,UP_IN_STATE,GSE136103,scRNA-seq,mixed nonviral cirrhosis,Supplementary Table 9,supplementary file,TRUE,REUSED,TISSUE_MONOCYTE; exact author metagene list; external only outside GSE136103
RAM2019_MAC_SIG_D_TMO,Ramachandran2019_Nature,tissue-monocyte metagene D,macrophage_monocyte,MRTO4,UP_IN_STATE,GSE136103,scRNA-seq,mixed nonviral cirrhosis,Supplementary Table 9,supplementary file,TRUE,REUSED,TISSUE_MONOCYTE; exact author metagene list; external only outside GSE136103
RAM2019_MAC_SIG_D_TMO,Ramachandran2019_Nature,tissue-monocyte metagene D,macrophage_monocyte,AKR7A3,UP_IN_STATE,GSE136103,scRNA-seq,mixed nonviral cirrhosis,Supplementary Table 9,supplementary file,TRUE,REUSED,TISSUE_MONOCYTE; exact author metagene list; external only outside GSE136103
RAM2019_MAC_SIG_D_TMO,Ramachandran2019_Nature,tissue-monocyte metagene D,macrophage_monocyte,PQLC2,UP_IN_STATE,GSE136103,scRNA-seq,mixed nonviral cirrhosis,Supplementary Table 9,supplementary file,TRUE,REUSED,TISSUE_MONOCYTE; exact author metagene list; external only outside GSE136103
RAM2019_MAC_SIG_D_TMO,Ramachandran2019_Nature,tissue-monocyte metagene D,macrophage_monocyte,NBL1,UP_IN_STATE,GSE136103,scRNA-seq,mixed nonviral cirrhosis,Supplementary Table 9,supplementary file,TRUE,REUSED,TISSUE_MONOCYTE; exact author metagene list; external only outside GSE136103
RAM2019_MAC_SIG_D_TMO,Ramachandran2019_Nature,tissue-monocyte metagene D,macrophage_monocyte,TMCO4,UP_IN_STATE,GSE136103,scRNA-seq,mixed nonviral cirrhosis,Supplementary Table 9,supplementary file,TRUE,REUSED,TISSUE_MONOCYTE; exact author metagene list; external only outside GSE136103
RAM2019_MAC_SIG_D_TMO,Ramachandran2019_Nature,tissue-monocyte metagene D,macrophage_monocyte,OTUD3,UP_IN_STATE,GSE136103,scRNA-seq,mixed nonviral cirrhosis,Supplementary Table 9,supplementary file,TRUE,REUSED,TISSUE_MONOCYTE; exact author metagene list; external only outside GSE136103
RAM2019_MAC_SIG_D_TMO,Ramachandran2019_Nature,tissue-monocyte metagene D,macrophage_monocyte,PLA2G2D,UP_IN_STATE,GSE136103,scRNA-seq,mixed nonviral cirrhosis,Supplementary Table 9,supplementary file,TRUE,REUSED,TISSUE_MONOCYTE; exact author metagene list; external only outside GSE136103
RAM2019_MAC_SIG_D_TMO,Ramachandran2019_Nature,tissue-monocyte metagene D,macrophage_monocyte,UBXN10-AS1,UP_IN_STATE,GSE136103,scRNA-seq,mixed nonviral cirrhosis,Supplementary Table 9,supplementary file,TRUE,REUSED,TISSUE_MONOCYTE; exact author metagene list; external only outside GSE136103
RAM2019_MAC_SIG_D_TMO,Ramachandran2019_Nature,tissue-monocyte metagene D,macrophage_monocyte,UBXN10,UP_IN_STATE,GSE136103,scRNA-seq,mixed nonviral cirrhosis,Supplementary Table 9,supplementary file,TRUE,REUSED,TISSUE_MONOCYTE; exact author metagene list; external only outside GSE136103
RAM2019_MAC_SIG_D_TMO,Ramachandran2019_Nature,tissue-monocyte metagene D,macrophage_monocyte,CAMK2N1,UP_IN_STATE,GSE136103,scRNA-seq,mixed nonviral cirrhosis,Supplementary Table 9,supplementary file,TRUE,REUSED,TISSUE_MONOCYTE; exact author metagene list; external only outside GSE136103
RAM2019_MAC_SIG_D_TMO,Ramachandran2019_Nature,tissue-monocyte metagene D,macrophage_monocyte,MUL1,UP_IN_STATE,GSE136103,scRNA-seq,mixed nonviral cirrhosis,Supplementary Table 9,supplementary file,TRUE,REUSED,TISSUE_MONOCYTE; exact author metagene list; external only outside GSE136103
RAM2019_MAC_SIG_D_TMO,Ramachandran2019_Nature,tissue-monocyte metagene D,macrophage_monocyte,CDA,UP_IN_STATE,GSE136103,scRNA-seq,mixed nonviral cirrhosis,Supplementary Table 9,supplementary file,TRUE,REUSED,TISSUE_MONOCYTE; exact author metagene list; external only outside GSE136103
RAM2019_MAC_SIG_D_TMO,Ramachandran2019_Nature,tissue-monocyte metagene D,macrophage_monocyte,PINK1,UP_IN_STATE,GSE136103,scRNA-seq,mixed nonviral cirrhosis,Supplementary Table 9,supplementary file,TRUE,REUSED,TISSUE_MONOCYTE; exact author metagene list; external only outside GSE136103
RAM2019_MAC_SIG_D_TMO,Ramachandran2019_Nature,tissue-monocyte metagene D,macrophage_monocyte,PINK1-AS,UP_IN_STATE,GSE136103,scRNA-seq,mixed nonviral cirrhosis,Supplementary Table 9,supplementary file,TRUE,REUSED,TISSUE_MONOCYTE; exact author metagene list; external only outside GSE136103
RAM2019_MAC_SIG_D_TMO,Ramachandran2019_Nature,tissue-monocyte metagene D,macrophage_monocyte,KIF17,UP_IN_STATE,GSE136103,scRNA-seq,mixed nonviral cirrhosis,Supplementary Table 9,supplementary file,TRUE,REUSED,TISSUE_MONOCYTE; exact author metagene list; external only outside GSE136103
RAM2019_MAC_SIG_D_TMO,Ramachandran2019_Nature,tissue-monocyte metagene D,macrophage_monocyte,ECE1,UP_IN_STATE,GSE136103,scRNA-seq,mixed nonviral cirrhosis,Supplementary Table 9,supplementary file,TRUE,REUSED,TISSUE_MONOCYTE; exact author metagene list; external only outside GSE136103
RAM2019_MAC_SIG_D_TMO,Ramachandran2019_Nature,tissue-monocyte metagene D,macrophage_monocyte,NBPF3,UP_IN_STATE,GSE136103,scRNA-seq,mixed nonviral cirrhosis,Supplementary Table 9,supplementary file,TRUE,REUSED,TISSUE_MONOCYTE; exact author metagene list; external only outside GSE136103
RAM2019_MAC_SIG_D_TMO,Ramachandran2019_Nature,tissue-monocyte metagene D,macrophage_monocyte,USP48,UP_IN_STATE,GSE136103,scRNA-seq,mixed nonviral cirrhosis,Supplementary Table 9,supplementary file,TRUE,REUSED,TISSUE_MONOCYTE; exact author metagene list; external only outside GSE136103
RAM2019_MAC_SIG_D_TMO,Ramachandran2019_Nature,tissue-monocyte metagene D,macrophage_monocyte,LDLRAD2,UP_IN_STATE,GSE136103,scRNA-seq,mixed nonviral cirrhosis,Supplementary Table 9,supplementary file,TRUE,REUSED,TISSUE_MONOCYTE; exact author metagene list; external only outside GSE136103
RAM2019_MAC_SIG_D_TMO,Ramachandran2019_Nature,tissue-monocyte metagene D,macrophage_monocyte,HSPG2,UP_IN_STATE,GSE136103,scRNA-seq,mixed nonviral cirrhosis,Supplementary Table 9,supplementary file,TRUE,REUSED,TISSUE_MONOCYTE; exact author metagene list; external only outside GSE136103
RAM2019_MAC_SIG_D_TMO,Ramachandran2019_Nature,tissue-monocyte metagene D,macrophage_monocyte,RP1-224A6.3,UP_IN_STATE,GSE136103,scRNA-seq,mixed nonviral cirrhosis,Supplementary Table 9,supplementary file,TRUE,REUSED,TISSUE_MONOCYTE; exact author metagene list; external only outside GSE136103
RAM2019_MAC_SIG_D_TMO,Ramachandran2019_Nature,tissue-monocyte metagene D,macrophage_monocyte,LINC00339,UP_IN_STATE,GSE136103,scRNA-seq,mixed nonviral cirrhosis,Supplementary Table 9,supplementary file,TRUE,REUSED,TISSUE_MONOCYTE; exact author metagene list; external only outside GSE136103
RAM2019_MAC_SIG_D_TMO,Ramachandran2019_Nature,tissue-monocyte metagene D,macrophage_monocyte,ZBTB40,UP_IN_STATE,GSE136103,scRNA-seq,mixed nonviral cirrhosis,Supplementary Table 9,supplementary file,TRUE,REUSED,TISSUE_MONOCYTE; exact author metagene list; external only outside GSE136103
RAM2019_MAC_SIG_D_TMO,Ramachandran2019_Nature,tissue-monocyte metagene D,macrophage_monocyte,EPHB2,UP_IN_STATE,GSE136103,scRNA-seq,mixed nonviral cirrhosis,Supplementary Table 9,supplementary file,TRUE,REUSED,TISSUE_MONOCYTE; exact author metagene list; external only outside GSE136103
RAM2019_MAC_SIG_D_TMO,Ramachandran2019_Nature,tissue-monocyte metagene D,macrophage_monocyte,KDM1A,UP_IN_STATE,GSE136103,scRNA-seq,mixed nonviral cirrhosis,Supplementary Table 9,supplementary file,TRUE,REUSED,TISSUE_MONOCYTE; exact author metagene list; external only outside GSE136103
RAM2019_MAC_SIG_D_TMO,Ramachandran2019_Nature,tissue-monocyte metagene D,macrophage_monocyte,LINC01355,UP_IN_STATE,GSE136103,scRNA-seq,mixed nonviral cirrhosis,Supplementary Table 9,supplementary file,TRUE,REUSED,TISSUE_MONOCYTE; exact author metagene list; external only outside GSE136103
RAM2019_MAC_SIG_D_TMO,Ramachandran2019_Nature,tissue-monocyte metagene D,macrophage_monocyte,ZNF436,UP_IN_STATE,GSE136103,scRNA-seq,mixed nonviral cirrhosis,Supplementary Table 9,supplementary file,TRUE,REUSED,TISSUE_MONOCYTE; exact author metagene list; external only outside GSE136103
RAM2019_MAC_SIG_D_TMO,Ramachandran2019_Nature,tissue-monocyte metagene D,macrophage_monocyte,ZNF436-AS1,UP_IN_STATE,GSE136103,scRNA-seq,mixed nonviral cirrhosis,Supplementary Table 9,supplementary file,TRUE,REUSED,TISSUE_MONOCYTE; exact author metagene list; external only outside GSE136103
RAM2019_MAC_SIG_D_TMO,Ramachandran2019_Nature,tissue-monocyte metagene D,macrophage_monocyte,TCEA3,UP_IN_STATE,GSE136103,scRNA-seq,mixed nonviral cirrhosis,Supplementary Table 9,supplementary file,TRUE,REUSED,TISSUE_MONOCYTE; exact author metagene list; external only outside GSE136103
RAM2019_MAC_SIG_D_TMO,Ramachandran2019_Nature,tissue-monocyte metagene D,macrophage_monocyte,E2F2,UP_IN_STATE,GSE136103,scRNA-seq,mixed nonviral cirrhosis,Supplementary Table 9,supplementary file,TRUE,REUSED,TISSUE_MONOCYTE; exact author metagene list; external only outside GSE136103
RAM2019_MAC_SIG_D_TMO,Ramachandran2019_Nature,tissue-monocyte metagene D,macrophage_monocyte,MDS2,UP_IN_STATE,GSE136103,scRNA-seq,mixed nonviral cirrhosis,Supplementary Table 9,supplementary file,TRUE,REUSED,TISSUE_MONOCYTE; exact author metagene list; external only outside GSE136103
RAM2019_MAC_SIG_D_TMO,Ramachandran2019_Nature,tissue-monocyte metagene D,macrophage_monocyte,TCEB3-AS1,UP_IN_STATE,GSE136103,scRNA-seq,mixed nonviral cirrhosis,Supplementary Table 9,supplementary file,TRUE,REUSED,TISSUE_MONOCYTE; exact author metagene list; external only outside GSE136103
RAM2019_MAC_SIG_D_TMO,Ramachandran2019_Nature,tissue-monocyte metagene D,macrophage_monocyte,GALE,UP_IN_STATE,GSE136103,scRNA-seq,mixed nonviral cirrhosis,Supplementary Table 9,supplementary file,TRUE,REUSED,TISSUE_MONOCYTE; exact author metagene list; external only outside GSE136103
RAM2019_MAC_SIG_D_TMO,Ramachandran2019_Nature,tissue-monocyte metagene D,macrophage_monocyte,CNR2,UP_IN_STATE,GSE136103,scRNA-seq,mixed nonviral cirrhosis,Supplementary Table 9,supplementary file,TRUE,REUSED,TISSUE_MONOCYTE; exact author metagene list; external only outside GSE136103
RAM2019_MAC_SIG_D_TMO,Ramachandran2019_Nature,tissue-monocyte metagene D,macrophage_monocyte,MYOM3,UP_IN_STATE,GSE136103,scRNA-seq,mixed nonviral cirrhosis,Supplementary Table 9,supplementary file,TRUE,REUSED,TISSUE_MONOCYTE; exact author metagene list; external only outside GSE136103
RAM2019_MAC_SIG_D_TMO,Ramachandran2019_Nature,tissue-monocyte metagene D,macrophage_monocyte,IFNLR1,UP_IN_STATE,GSE136103,scRNA-seq,mixed nonviral cirrhosis,Supplementary Table 9,supplementary file,TRUE,REUSED,TISSUE_MONOCYTE; exact author metagene list; external only outside GSE136103
RAM2019_MAC_SIG_D_TMO,Ramachandran2019_Nature,tissue-monocyte metagene D,macrophage_monocyte,STPG1,UP_IN_STATE,GSE136103,scRNA-seq,mixed nonviral cirrhosis,Supplementary Table 9,supplementary file,TRUE,REUSED,TISSUE_MONOCYTE; exact author metagene list; external only outside GSE136103
RAM2019_MAC_SIG_D_TMO,Ramachandran2019_Nature,tissue-monocyte metagene D,macrophage_monocyte,NIPAL3,UP_IN_STATE,GSE136103,scRNA-seq,mixed nonviral cirrhosis,Supplementary Table 9,supplementary file,TRUE,REUSED,TISSUE_MONOCYTE; exact author metagene list; external only outside GSE136103
RAM2019_MAC_SIG_D_TMO,Ramachandran2019_Nature,tissue-monocyte metagene D,macrophage_monocyte,RCAN3,UP_IN_STATE,GSE136103,scRNA-seq,mixed nonviral cirrhosis,Supplementary Table 9,supplementary file,TRUE,REUSED,TISSUE_MONOCYTE; exact author metagene list; external only outside GSE136103
RAM2019_MAC_SIG_D_TMO,Ramachandran2019_Nature,tissue-monocyte metagene D,macrophage_monocyte,RP4-594I10.3,UP_IN_STATE,GSE136103,scRNA-seq,mixed nonviral cirrhosis,Supplementary Table 9,supplementary file,TRUE,REUSED,TISSUE_MONOCYTE; exact author metagene list; external only outside GSE136103
RAM2019_MAC_SIG_D_TMO,Ramachandran2019_Nature,tissue-monocyte metagene D,macrophage_monocyte,NCMAP,UP_IN_STATE,GSE136103,scRNA-seq,mixed nonviral cirrhosis,Supplementary Table 9,supplementary file,TRUE,REUSED,TISSUE_MONOCYTE; exact author metagene list; external only outside GSE136103
RAM2019_MAC_SIG_D_TMO,Ramachandran2019_Nature,tissue-monocyte metagene D,macrophage_monocyte,CLIC4,UP_IN_STATE,GSE136103,scRNA-seq,mixed nonviral cirrhosis,Supplementary Table 9,supplementary file,TRUE,REUSED,TISSUE_MONOCYTE; exact author metagene list; external only outside GSE136103
RAM2019_MAC_SIG_D_TMO,Ramachandran2019_Nature,tissue-monocyte metagene D,macrophage_monocyte,RP4-799D16.1,UP_IN_STATE,GSE136103,scRNA-seq,mixed nonviral cirrhosis,Supplementary Table 9,supplementary file,TRUE,REUSED,TISSUE_MONOCYTE; exact author metagene list; external only outside GSE136103
RAM2019_MAC_SIG_D_TMO,Ramachandran2019_Nature,tissue-monocyte metagene D,macrophage_monocyte,RP4-706G24.1,UP_IN_STATE,GSE136103,scRNA-seq,mixed nonviral cirrhosis,Supplementary Table 9,supplementary file,TRUE,REUSED,TISSUE_MONOCYTE; exact author metagene list; external only outside GSE136103
RAM2019_MAC_SIG_D_TMO,Ramachandran2019_Nature,tissue-monocyte metagene D,macrophage_monocyte,RHD,UP_IN_STATE,GSE136103,scRNA-seq,mixed nonviral cirrhosis,Supplementary Table 9,supplementary file,TRUE,REUSED,TISSUE_MONOCYTE; exact author metagene list; external only outside GSE136103
RAM2019_MAC_SIG_D_TMO,Ramachandran2019_Nature,tissue-monocyte metagene D,macrophage_monocyte,LDLRAP1,UP_IN_STATE,GSE136103,scRNA-seq,mixed nonviral cirrhosis,Supplementary Table 9,supplementary file,TRUE,REUSED,TISSUE_MONOCYTE; exact author metagene list; external only outside GSE136103
RAM2019_MAC_SIG_D_TMO,Ramachandran2019_Nature,tissue-monocyte metagene D,macrophage_monocyte,RP11-70P17.1,UP_IN_STATE,GSE136103,scRNA-seq,mixed nonviral cirrhosis,Supplementary Table 9,supplementary file,TRUE,REUSED,TISSUE_MONOCYTE; exact author metagene list; external only outside GSE136103
RAM2019_MAC_SIG_D_TMO,Ramachandran2019_Nature,tissue-monocyte metagene D,macrophage_monocyte,RP1-187B23.1,UP_IN_STATE,GSE136103,scRNA-seq,mixed nonviral cirrhosis,Supplementary Table 9,supplementary file,TRUE,REUSED,TISSUE_MONOCYTE; exact author metagene list; external only outside GSE136103
RAM2019_MAC_SIG_D_TMO,Ramachandran2019_Nature,tissue-monocyte metagene D,macrophage_monocyte,RP1-125I3.2,UP_IN_STATE,GSE136103,scRNA-seq,mixed nonviral cirrhosis,Supplementary Table 9,supplementary file,TRUE,REUSED,TISSUE_MONOCYTE; exact author metagene list; external only outside GSE136103
RAM2019_MAC_SIG_D_TMO,Ramachandran2019_Nature,tissue-monocyte metagene D,macrophage_monocyte,PAQR7,UP_IN_STATE,GSE136103,scRNA-seq,mixed nonviral cirrhosis,Supplementary Table 9,supplementary file,TRUE,REUSED,TISSUE_MONOCYTE; exact author metagene list; external only outside GSE136103
RAM2019_MAC_SIG_D_TMO,Ramachandran2019_Nature,tissue-monocyte metagene D,macrophage_monocyte,PAFAH2,UP_IN_STATE,GSE136103,scRNA-seq,mixed nonviral cirrhosis,Supplementary Table 9,supplementary file,TRUE,REUSED,TISSUE_MONOCYTE; exact author metagene list; external only outside GSE136103
RAM2019_MAC_SIG_D_TMO,Ramachandran2019_Nature,tissue-monocyte metagene D,macrophage_monocyte,SLC30A2,UP_IN_STATE,GSE136103,scRNA-seq,mixed nonviral cirrhosis,Supplementary Table 9,supplementary file,TRUE,REUSED,TISSUE_MONOCYTE; exact author metagene list; external only outside GSE136103
RAM2019_MAC_SIG_D_TMO,Ramachandran2019_Nature,tissue-monocyte metagene D,macrophage_monocyte,PDIK1L,UP_IN_STATE,GSE136103,scRNA-seq,mixed nonviral cirrhosis,Supplementary Table 9,supplementary file,TRUE,REUSED,TISSUE_MONOCYTE; exact author metagene list; external only outside GSE136103
RAM2019_MAC_SIG_D_TMO,Ramachandran2019_Nature,tissue-monocyte metagene D,macrophage_monocyte,FAM110D,UP_IN_STATE,GSE136103,scRNA-seq,mixed nonviral cirrhosis,Supplementary Table 9,supplementary file,TRUE,REUSED,TISSUE_MONOCYTE; exact author metagene list; external only outside GSE136103
RAM2019_MAC_SIG_D_TMO,Ramachandran2019_Nature,tissue-monocyte metagene D,macrophage_monocyte,CNKSR1,UP_IN_STATE,GSE136103,scRNA-seq,mixed nonviral cirrhosis,Supplementary Table 9,supplementary file,TRUE,REUSED,TISSUE_MONOCYTE; exact author metagene list; external only outside GSE136103
RAM2019_MAC_SIG_D_TMO,Ramachandran2019_Nature,tissue-monocyte metagene D,macrophage_monocyte,CEP85,UP_IN_STATE,GSE136103,scRNA-seq,mixed nonviral cirrhosis,Supplementary Table 9,supplementary file,TRUE,REUSED,TISSUE_MONOCYTE; exact author metagene list; external only outside GSE136103
RAM2019_MAC_SIG_D_TMO,Ramachandran2019_Nature,tissue-monocyte metagene D,macrophage_monocyte,ZNF683,UP_IN_STATE,GSE136103,scRNA-seq,mixed nonviral cirrhosis,Supplementary Table 9,supplementary file,TRUE,REUSED,TISSUE_MONOCYTE; exact author metagene list; external only outside GSE136103
RAM2019_MAC_SIG_D_TMO,Ramachandran2019_Nature,tissue-monocyte metagene D,macrophage_monocyte,PIGV,UP_IN_STATE,GSE136103,scRNA-seq,mixed nonviral cirrhosis,Supplementary Table 9,supplementary file,TRUE,REUSED,TISSUE_MONOCYTE; exact author metagene list; external only outside GSE136103
RAM2019_MAC_SIG_D_TMO,Ramachandran2019_Nature,tissue-monocyte metagene D,macrophage_monocyte,GPATCH3,UP_IN_STATE,GSE136103,scRNA-seq,mixed nonviral cirrhosis,Supplementary Table 9,supplementary file,TRUE,REUSED,TISSUE_MONOCYTE; exact author metagene list; external only outside GSE136103
RAM2019_MAC_SIG_D_TMO,Ramachandran2019_Nature,tissue-monocyte metagene D,macrophage_monocyte,KDF1,UP_IN_STATE,GSE136103,scRNA-seq,mixed nonviral cirrhosis,Supplementary Table 9,supplementary file,TRUE,REUSED,TISSUE_MONOCYTE; exact author metagene list; external only outside GSE136103
RAM2019_MAC_SIG_D_TMO,Ramachandran2019_Nature,tissue-monocyte metagene D,macrophage_monocyte,SLC9A1,UP_IN_STATE,GSE136103,scRNA-seq,mixed nonviral cirrhosis,Supplementary Table 9,supplementary file,TRUE,REUSED,TISSUE_MONOCYTE; exact author metagene list; external only outside GSE136103
RAM2019_MAC_SIG_D_TMO,Ramachandran2019_Nature,tissue-monocyte metagene D,macrophage_monocyte,MAP3K6,UP_IN_STATE,GSE136103,scRNA-seq,mixed nonviral cirrhosis,Supplementary Table 9,supplementary file,TRUE,REUSED,TISSUE_MONOCYTE; exact author metagene list; external only outside GSE136103
RAM2019_MAC_SIG_D_TMO,Ramachandran2019_Nature,tissue-monocyte metagene D,macrophage_monocyte,AHDC1,UP_IN_STATE,GSE136103,scRNA-seq,mixed nonviral cirrhosis,Supplementary Table 9,supplementary file,TRUE,REUSED,TISSUE_MONOCYTE; exact author metagene list; external only outside GSE136103
RAM2019_MAC_SIG_D_TMO,Ramachandran2019_Nature,tissue-monocyte metagene D,macrophage_monocyte,FAM76A,UP_IN_STATE,GSE136103,scRNA-seq,mixed nonviral cirrhosis,Supplementary Table 9,supplementary file,TRUE,REUSED,TISSUE_MONOCYTE; exact author metagene list; external only outside GSE136103
RAM2019_MAC_SIG_D_TMO,Ramachandran2019_Nature,tissue-monocyte metagene D,macrophage_monocyte,PPP1R8,UP_IN_STATE,GSE136103,scRNA-seq,mixed nonviral cirrhosis,Supplementary Table 9,supplementary file,TRUE,REUSED,TISSUE_MONOCYTE; exact author metagene list; external only outside GSE136103
RAM2019_MAC_SIG_D_TMO,Ramachandran2019_Nature,tissue-monocyte metagene D,macrophage_monocyte,SMPDL3B,UP_IN_STATE,GSE136103,scRNA-seq,mixed nonviral cirrhosis,Supplementary Table 9,supplementary file,TRUE,REUSED,TISSUE_MONOCYTE; exact author metagene list; external only outside GSE136103
RAM2019_MAC_SIG_D_TMO,Ramachandran2019_Nature,tissue-monocyte metagene D,macrophage_monocyte,RP5-1092A3.4,UP_IN_STATE,GSE136103,scRNA-seq,mixed nonviral cirrhosis,Supplementary Table 9,supplementary file,TRUE,REUSED,TISSUE_MONOCYTE; exact author metagene list; external only outside GSE136103
RAM2019_MAC_SIG_D_TMO,Ramachandran2019_Nature,tissue-monocyte metagene D,macrophage_monocyte,RP5-1092A3.5,UP_IN_STATE,GSE136103,scRNA-seq,mixed nonviral cirrhosis,Supplementary Table 9,supplementary file,TRUE,REUSED,TISSUE_MONOCYTE; exact author metagene list; external only outside GSE136103
RAM2019_MAC_SIG_D_TMO,Ramachandran2019_Nature,tissue-monocyte metagene D,macrophage_monocyte,RCC1,UP_IN_STATE,GSE136103,scRNA-seq,mixed nonviral cirrhosis,Supplementary Table 9,supplementary file,TRUE,REUSED,TISSUE_MONOCYTE; exact author metagene list; external only outside GSE136103
RAM2019_MAC_SIG_D_TMO,Ramachandran2019_Nature,tissue-monocyte metagene D,macrophage_monocyte,GMEB1,UP_IN_STATE,GSE136103,scRNA-seq,mixed nonviral cirrhosis,Supplementary Table 9,supplementary file,TRUE,REUSED,TISSUE_MONOCYTE; exact author metagene list; external only outside GSE136103
RAM2019_MAC_SIG_D_TMO,Ramachandran2019_Nature,tissue-monocyte metagene D,macrophage_monocyte,CCDC28B,UP_IN_STATE,GSE136103,scRNA-seq,mixed nonviral cirrhosis,Supplementary Table 9,supplementary file,TRUE,REUSED,TISSUE_MONOCYTE; exact author metagene list; external only outside GSE136103
RAM2019_MAC_SIG_D_TMO,Ramachandran2019_Nature,tissue-monocyte metagene D,macrophage_monocyte,GJA4,UP_IN_STATE,GSE136103,scRNA-seq,mixed nonviral cirrhosis,Supplementary Table 9,supplementary file,TRUE,REUSED,TISSUE_MONOCYTE; exact author metagene list; external only outside GSE136103
RAM2019_MAC_SIG_D_TMO,Ramachandran2019_Nature,tissue-monocyte metagene D,macrophage_monocyte,RP11-244H3.4,UP_IN_STATE,GSE136103,scRNA-seq,mixed nonviral cirrhosis,Supplementary Table 9,supplementary file,TRUE,REUSED,TISSUE_MONOCYTE; exact author metagene list; external only outside GSE136103
RAM2019_MAC_SIG_D_TMO,Ramachandran2019_Nature,tissue-monocyte metagene D,macrophage_monocyte,NCDN,UP_IN_STATE,GSE136103,scRNA-seq,mixed nonviral cirrhosis,Supplementary Table 9,supplementary file,TRUE,REUSED,TISSUE_MONOCYTE; exact author metagene list; external only outside GSE136103
RAM2019_MAC_SIG_D_TMO,Ramachandran2019_Nature,tissue-monocyte metagene D,macrophage_monocyte,CSF3R,UP_IN_STATE,GSE136103,scRNA-seq,mixed nonviral cirrhosis,Supplementary Table 9,supplementary file,TRUE,REUSED,TISSUE_MONOCYTE; exact author metagene list; external only outside GSE136103
RAM2019_MAC_SIG_D_TMO,Ramachandran2019_Nature,tissue-monocyte metagene D,macrophage_monocyte,PPIE,UP_IN_STATE,GSE136103,scRNA-seq,mixed nonviral cirrhosis,Supplementary Table 9,supplementary file,TRUE,REUSED,TISSUE_MONOCYTE; exact author metagene list; external only outside GSE136103
RAM2019_MAC_SIG_D_TMO,Ramachandran2019_Nature,tissue-monocyte metagene D,macrophage_monocyte,TRIT1,UP_IN_STATE,GSE136103,scRNA-seq,mixed nonviral cirrhosis,Supplementary Table 9,supplementary file,TRUE,REUSED,TISSUE_MONOCYTE; exact author metagene list; external only outside GSE136103
RAM2019_MAC_SIG_D_TMO,Ramachandran2019_Nature,tissue-monocyte metagene D,macrophage_monocyte,CTPS1,UP_IN_STATE,GSE136103,scRNA-seq,mixed nonviral cirrhosis,Supplementary Table 9,supplementary file,TRUE,REUSED,TISSUE_MONOCYTE; exact author metagene list; external only outside GSE136103
RAM2019_MAC_SIG_D_TMO,Ramachandran2019_Nature,tissue-monocyte metagene D,macrophage_monocyte,CDC20,UP_IN_STATE,GSE136103,scRNA-seq,mixed nonviral cirrhosis,Supplementary Table 9,supplementary file,TRUE,REUSED,TISSUE_MONOCYTE; exact author metagene list; external only outside GSE136103
RAM2019_MAC_SIG_D_TMO,Ramachandran2019_Nature,tissue-monocyte metagene D,macrophage_monocyte,DPH2,UP_IN_STATE,GSE136103,scRNA-seq,mixed nonviral cirrhosis,Supplementary Table 9,supplementary file,TRUE,REUSED,TISSUE_MONOCYTE; exact author metagene list; external only outside GSE136103
RAM2019_MAC_SIG_D_TMO,Ramachandran2019_Nature,tissue-monocyte metagene D,macrophage_monocyte,DMAP1,UP_IN_STATE,GSE136103,scRNA-seq,mixed nonviral cirrhosis,Supplementary Table 9,supplementary file,TRUE,REUSED,TISSUE_MONOCYTE; exact author metagene list; external only outside GSE136103
RAM2019_MAC_SIG_D_TMO,Ramachandran2019_Nature,tissue-monocyte metagene D,macrophage_monocyte,KIF2C,UP_IN_STATE,GSE136103,scRNA-seq,mixed nonviral cirrhosis,Supplementary Table 9,supplementary file,TRUE,REUSED,TISSUE_MONOCYTE; exact author metagene list; external only outside GSE136103
RAM2019_MAC_SIG_D_TMO,Ramachandran2019_Nature,tissue-monocyte metagene D,macrophage_monocyte,MUTYH,UP_IN_STATE,GSE136103,scRNA-seq,mixed nonviral cirrhosis,Supplementary Table 9,supplementary file,TRUE,REUSED,TISSUE_MONOCYTE; exact author metagene list; external only outside GSE136103
RAM2019_MAC_SIG_D_TMO,Ramachandran2019_Nature,tissue-monocyte metagene D,macrophage_monocyte,CCDC163P,UP_IN_STATE,GSE136103,scRNA-seq,mixed nonviral cirrhosis,Supplementary Table 9,supplementary file,TRUE,REUSED,TISSUE_MONOCYTE; exact author metagene list; external only outside GSE136103
RAM2019_MAC_SIG_D_TMO,Ramachandran2019_Nature,tissue-monocyte metagene D,macrophage_monocyte,TMEM69,UP_IN_STATE,GSE136103,scRNA-seq,mixed nonviral cirrhosis,Supplementary Table 9,supplementary file,TRUE,REUSED,TISSUE_MONOCYTE; exact author metagene list; external only outside GSE136103
RAM2019_MAC_SIG_D_TMO,Ramachandran2019_Nature,tissue-monocyte metagene D,macrophage_monocyte,BEND5,UP_IN_STATE,GSE136103,scRNA-seq,mixed nonviral cirrhosis,Supplementary Table 9,supplementary file,TRUE,REUSED,TISSUE_MONOCYTE; exact author metagene list; external only outside GSE136103
RAM2019_MAC_SIG_D_TMO,Ramachandran2019_Nature,tissue-monocyte metagene D,macrophage_monocyte,KTI12,UP_IN_STATE,GSE136103,scRNA-seq,mixed nonviral cirrhosis,Supplementary Table 9,supplementary file,TRUE,REUSED,TISSUE_MONOCYTE; exact author metagene list; external only outside GSE136103
RAM2019_MAC_SIG_D_TMO,Ramachandran2019_Nature,tissue-monocyte metagene D,macrophage_monocyte,GPX7,UP_IN_STATE,GSE136103,scRNA-seq,mixed nonviral cirrhosis,Supplementary Table 9,supplementary file,TRUE,REUSED,TISSUE_MONOCYTE; exact author metagene list; external only outside GSE136103
RAM2019_MAC_SIG_D_TMO,Ramachandran2019_Nature,tissue-monocyte metagene D,macrophage_monocyte,FAM159A,UP_IN_STATE,GSE136103,scRNA-seq,mixed nonviral cirrhosis,Supplementary Table 9,supplementary file,TRUE,REUSED,TISSUE_MONOCYTE; exact author metagene list; external only outside GSE136103
RAM2019_MAC_SIG_D_TMO,Ramachandran2019_Nature,tissue-monocyte metagene D,macrophage_monocyte,MYSM1,UP_IN_STATE,GSE136103,scRNA-seq,mixed nonviral cirrhosis,Supplementary Table 9,supplementary file,TRUE,REUSED,TISSUE_MONOCYTE; exact author metagene list; external only outside GSE136103
RAM2019_MAC_SIG_D_TMO,Ramachandran2019_Nature,tissue-monocyte metagene D,macrophage_monocyte,FGGY,UP_IN_STATE,GSE136103,scRNA-seq,mixed nonviral cirrhosis,Supplementary Table 9,supplementary file,TRUE,REUSED,TISSUE_MONOCYTE; exact author metagene list; external only outside GSE136103
RAM2019_MAC_SIG_D_TMO,Ramachandran2019_Nature,tissue-monocyte metagene D,macrophage_monocyte,ALG6,UP_IN_STATE,GSE136103,scRNA-seq,mixed nonviral cirrhosis,Supplementary Table 9,supplementary file,TRUE,REUSED,TISSUE_MONOCYTE; exact author metagene list; external only outside GSE136103
RAM2019_MAC_SIG_D_TMO,Ramachandran2019_Nature,tissue-monocyte metagene D,macrophage_monocyte,EFCAB7,UP_IN_STATE,GSE136103,scRNA-seq,mixed nonviral cirrhosis,Supplementary Table 9,supplementary file,TRUE,REUSED,TISSUE_MONOCYTE; exact author metagene list; external only outside GSE136103
RAM2019_MAC_SIG_D_TMO,Ramachandran2019_Nature,tissue-monocyte metagene D,macrophage_monocyte,PGM1,UP_IN_STATE,GSE136103,scRNA-seq,mixed nonviral cirrhosis,Supplementary Table 9,supplementary file,TRUE,REUSED,TISSUE_MONOCYTE; exact author metagene list; external only outside GSE136103
RAM2019_MAC_SIG_D_TMO,Ramachandran2019_Nature,tissue-monocyte metagene D,macrophage_monocyte,AK4,UP_IN_STATE,GSE136103,scRNA-seq,mixed nonviral cirrhosis,Supplementary Table 9,supplementary file,TRUE,REUSED,TISSUE_MONOCYTE; exact author metagene list; external only outside GSE136103
RAM2019_MAC_SIG_D_TMO,Ramachandran2019_Nature,tissue-monocyte metagene D,macrophage_monocyte,TCTEX1D1,UP_IN_STATE,GSE136103,scRNA-seq,mixed nonviral cirrhosis,Supplementary Table 9,supplementary file,TRUE,REUSED,TISSUE_MONOCYTE; exact author metagene list; external only outside GSE136103
RAM2019_MAC_SIG_D_TMO,Ramachandran2019_Nature,tissue-monocyte metagene D,macrophage_monocyte,IL23R,UP_IN_STATE,GSE136103,scRNA-seq,mixed nonviral cirrhosis,Supplementary Table 9,supplementary file,TRUE,REUSED,TISSUE_MONOCYTE; exact author metagene list; external only outside GSE136103
RAM2019_MAC_SIG_D_TMO,Ramachandran2019_Nature,tissue-monocyte metagene D,macrophage_monocyte,IL12RB2,UP_IN_STATE,GSE136103,scRNA-seq,mixed nonviral cirrhosis,Supplementary Table 9,supplementary file,TRUE,REUSED,TISSUE_MONOCYTE; exact author metagene list; external only outside GSE136103
RAM2019_MAC_SIG_D_TMO,Ramachandran2019_Nature,tissue-monocyte metagene D,macrophage_monocyte,DIRAS3,UP_IN_STATE,GSE136103,scRNA-seq,mixed nonviral cirrhosis,Supplementary Table 9,supplementary file,TRUE,REUSED,TISSUE_MONOCYTE; exact author metagene list; external only outside GSE136103
RAM2019_MAC_SIG_D_TMO,Ramachandran2019_Nature,tissue-monocyte metagene D,macrophage_monocyte,DEPDC1,UP_IN_STATE,GSE136103,scRNA-seq,mixed nonviral cirrhosis,Supplementary Table 9,supplementary file,TRUE,REUSED,TISSUE_MONOCYTE; exact author metagene list; external only outside GSE136103
RAM2019_MAC_SIG_D_TMO,Ramachandran2019_Nature,tissue-monocyte metagene D,macrophage_monocyte,LRRC7,UP_IN_STATE,GSE136103,scRNA-seq,mixed nonviral cirrhosis,Supplementary Table 9,supplementary file,TRUE,REUSED,TISSUE_MONOCYTE; exact author metagene list; external only outside GSE136103
RAM2019_MAC_SIG_D_TMO,Ramachandran2019_Nature,tissue-monocyte metagene D,macrophage_monocyte,CTH,UP_IN_STATE,GSE136103,scRNA-seq,mixed nonviral cirrhosis,Supplementary Table 9,supplementary file,TRUE,REUSED,TISSUE_MONOCYTE; exact author metagene list; external only outside GSE136103
RAM2019_MAC_SIG_D_TMO,Ramachandran2019_Nature,tissue-monocyte metagene D,macrophage_monocyte,PTGER3,UP_IN_STATE,GSE136103,scRNA-seq,mixed nonviral cirrhosis,Supplementary Table 9,supplementary file,TRUE,REUSED,TISSUE_MONOCYTE; exact author metagene list; external only outside GSE136103
RAM2019_MAC_SIG_D_TMO,Ramachandran2019_Nature,tissue-monocyte metagene D,macrophage_monocyte,LRRIQ3,UP_IN_STATE,GSE136103,scRNA-seq,mixed nonviral cirrhosis,Supplementary Table 9,supplementary file,TRUE,REUSED,TISSUE_MONOCYTE; exact author metagene list; external only outside GSE136103
RAM2019_MAC_SIG_D_TMO,Ramachandran2019_Nature,tissue-monocyte metagene D,macrophage_monocyte,FPGT-TNNI3K,UP_IN_STATE,GSE136103,scRNA-seq,mixed nonviral cirrhosis,Supplementary Table 9,supplementary file,TRUE,REUSED,TISSUE_MONOCYTE; exact author metagene list; external only outside GSE136103
RAM2019_MAC_SIG_D_TMO,Ramachandran2019_Nature,tissue-monocyte metagene D,macrophage_monocyte,SLC44A5,UP_IN_STATE,GSE136103,scRNA-seq,mixed nonviral cirrhosis,Supplementary Table 9,supplementary file,TRUE,REUSED,TISSUE_MONOCYTE; exact author metagene list; external only outside GSE136103
RAM2019_MAC_SIG_D_TMO,Ramachandran2019_Nature,tissue-monocyte metagene D,macrophage_monocyte,ST6GALNAC3,UP_IN_STATE,GSE136103,scRNA-seq,mixed nonviral cirrhosis,Supplementary Table 9,supplementary file,TRUE,REUSED,TISSUE_MONOCYTE; exact author metagene list; external only outside GSE136103
RAM2019_MAC_SIG_D_TMO,Ramachandran2019_Nature,tissue-monocyte metagene D,macrophage_monocyte,AK5,UP_IN_STATE,GSE136103,scRNA-seq,mixed nonviral cirrhosis,Supplementary Table 9,supplementary file,TRUE,REUSED,TISSUE_MONOCYTE; exact author metagene list; external only outside GSE136103
RAM2019_MAC_SIG_D_TMO,Ramachandran2019_Nature,tissue-monocyte metagene D,macrophage_monocyte,PTGFR,UP_IN_STATE,GSE136103,scRNA-seq,mixed nonviral cirrhosis,Supplementary Table 9,supplementary file,TRUE,REUSED,TISSUE_MONOCYTE; exact author metagene list; external only outside GSE136103
RAM2019_MAC_SIG_D_TMO,Ramachandran2019_Nature,tissue-monocyte metagene D,macrophage_monocyte,RP11-475O6.1,UP_IN_STATE,GSE136103,scRNA-seq,mixed nonviral cirrhosis,Supplementary Table 9,supplementary file,TRUE,REUSED,TISSUE_MONOCYTE; exact author metagene list; external only outside GSE136103
RAM2019_MAC_SIG_D_TMO,Ramachandran2019_Nature,tissue-monocyte metagene D,macrophage_monocyte,TTLL7,UP_IN_STATE,GSE136103,scRNA-seq,mixed nonviral cirrhosis,Supplementary Table 9,supplementary file,TRUE,REUSED,TISSUE_MONOCYTE; exact author metagene list; external only outside GSE136103
RAM2019_MAC_SIG_D_TMO,Ramachandran2019_Nature,tissue-monocyte metagene D,macrophage_monocyte,RP11-486G15.2,UP_IN_STATE,GSE136103,scRNA-seq,mixed nonviral cirrhosis,Supplementary Table 9,supplementary file,TRUE,REUSED,TISSUE_MONOCYTE; exact author metagene list; external only outside GSE136103
RAM2019_MAC_SIG_D_TMO,Ramachandran2019_Nature,tissue-monocyte metagene D,macrophage_monocyte,SSX2IP,UP_IN_STATE,GSE136103,scRNA-seq,mixed nonviral cirrhosis,Supplementary Table 9,supplementary file,TRUE,REUSED,TISSUE_MONOCYTE; exact author metagene list; external only outside GSE136103
RAM2019_MAC_SIG_D_TMO,Ramachandran2019_Nature,tissue-monocyte metagene D,macrophage_monocyte,CYR61,UP_IN_STATE,GSE136103,scRNA-seq,mixed nonviral cirrhosis,Supplementary Table 9,supplementary file,TRUE,REUSED,TISSUE_MONOCYTE; exact author metagene list; external only outside GSE136103
RAM2019_MAC_SIG_D_TMO,Ramachandran2019_Nature,tissue-monocyte metagene D,macrophage_monocyte,ZNHIT6,UP_IN_STATE,GSE136103,scRNA-seq,mixed nonviral cirrhosis,Supplementary Table 9,supplementary file,TRUE,REUSED,TISSUE_MONOCYTE; exact author metagene list; external only outside GSE136103
RAM2019_MAC_SIG_D_TMO,Ramachandran2019_Nature,tissue-monocyte metagene D,macrophage_monocyte,CCBL2,UP_IN_STATE,GSE136103,scRNA-seq,mixed nonviral cirrhosis,Supplementary Table 9,supplementary file,TRUE,REUSED,TISSUE_MONOCYTE; exact author metagene list; external only outside GSE136103
RAM2019_MAC_SIG_D_TMO,Ramachandran2019_Nature,tissue-monocyte metagene D,macrophage_monocyte,GBP7,UP_IN_STATE,GSE136103,scRNA-seq,mixed nonviral cirrhosis,Supplementary Table 9,supplementary file,TRUE,REUSED,TISSUE_MONOCYTE; exact author metagene list; external only outside GSE136103
RAM2019_MAC_SIG_D_TMO,Ramachandran2019_Nature,tissue-monocyte metagene D,macrophage_monocyte,FLJ27354,UP_IN_STATE,GSE136103,scRNA-seq,mixed nonviral cirrhosis,Supplementary Table 9,supplementary file,TRUE,REUSED,TISSUE_MONOCYTE; exact author metagene list; external only outside GSE136103
RAM2019_MAC_SIG_D_TMO,Ramachandran2019_Nature,tissue-monocyte metagene D,macrophage_monocyte,CDC7,UP_IN_STATE,GSE136103,scRNA-seq,mixed nonviral cirrhosis,Supplementary Table 9,supplementary file,TRUE,REUSED,TISSUE_MONOCYTE; exact author metagene list; external only outside GSE136103
RAM2019_MAC_SIG_D_TMO,Ramachandran2019_Nature,tissue-monocyte metagene D,macrophage_monocyte,BRDT,UP_IN_STATE,GSE136103,scRNA-seq,mixed nonviral cirrhosis,Supplementary Table 9,supplementary file,TRUE,REUSED,TISSUE_MONOCYTE; exact author metagene list; external only outside GSE136103
RAM2019_MAC_SIG_D_TMO,Ramachandran2019_Nature,tissue-monocyte metagene D,macrophage_monocyte,SETSIP,UP_IN_STATE,GSE136103,scRNA-seq,mixed nonviral cirrhosis,Supplementary Table 9,supplementary file,TRUE,REUSED,TISSUE_MONOCYTE; exact author metagene list; external only outside GSE136103
RAM2019_MAC_SIG_D_TMO,Ramachandran2019_Nature,tissue-monocyte metagene D,macrophage_monocyte,BTBD8,UP_IN_STATE,GSE136103,scRNA-seq,mixed nonviral cirrhosis,Supplementary Table 9,supplementary file,TRUE,REUSED,TISSUE_MONOCYTE; exact author metagene list; external only outside GSE136103
RAM2019_MAC_SIG_D_TMO,Ramachandran2019_Nature,tissue-monocyte metagene D,macrophage_monocyte,KIAA1107,UP_IN_STATE,GSE136103,scRNA-seq,mixed nonviral cirrhosis,Supplementary Table 9,supplementary file,TRUE,REUSED,TISSUE_MONOCYTE; exact author metagene list; external only outside GSE136103
RAM2019_MAC_SIG_D_TMO,Ramachandran2019_Nature,tissue-monocyte metagene D,macrophage_monocyte,GLMN,UP_IN_STATE,GSE136103,scRNA-seq,mixed nonviral cirrhosis,Supplementary Table 9,supplementary file,TRUE,REUSED,TISSUE_MONOCYTE; exact author metagene list; external only outside GSE136103
RAM2019_MAC_SIG_D_TMO,Ramachandran2019_Nature,tissue-monocyte metagene D,macrophage_monocyte,RPAP2,UP_IN_STATE,GSE136103,scRNA-seq,mixed nonviral cirrhosis,Supplementary Table 9,supplementary file,TRUE,REUSED,TISSUE_MONOCYTE; exact author metagene list; external only outside GSE136103
RAM2019_MAC_SIG_D_TMO,Ramachandran2019_Nature,tissue-monocyte metagene D,macrophage_monocyte,GFI1,UP_IN_STATE,GSE136103,scRNA-seq,mixed nonviral cirrhosis,Supplementary Table 9,supplementary file,TRUE,REUSED,TISSUE_MONOCYTE; exact author metagene list; external only outside GSE136103
RAM2019_MAC_SIG_D_TMO,Ramachandran2019_Nature,tissue-monocyte metagene D,macrophage_monocyte,FAM69A,UP_IN_STATE,GSE136103,scRNA-seq,mixed nonviral cirrhosis,Supplementary Table 9,supplementary file,TRUE,REUSED,TISSUE_MONOCYTE; exact author metagene list; external only outside GSE136103
RAM2019_MAC_SIG_D_TMO,Ramachandran2019_Nature,tissue-monocyte metagene D,macrophage_monocyte,FNBP1L,UP_IN_STATE,GSE136103,scRNA-seq,mixed nonviral cirrhosis,Supplementary Table 9,supplementary file,TRUE,REUSED,TISSUE_MONOCYTE; exact author metagene list; external only outside GSE136103
RAM2019_MAC_SIG_D_TMO,Ramachandran2019_Nature,tissue-monocyte metagene D,macrophage_monocyte,RP4-561L24.3,UP_IN_STATE,GSE136103,scRNA-seq,mixed nonviral cirrhosis,Supplementary Table 9,supplementary file,TRUE,REUSED,TISSUE_MONOCYTE; exact author metagene list; external only outside GSE136103
RAM2019_MAC_SIG_D_TMO,Ramachandran2019_Nature,tissue-monocyte metagene D,macrophage_monocyte,ARHGAP29,UP_IN_STATE,GSE136103,scRNA-seq,mixed nonviral cirrhosis,Supplementary Table 9,supplementary file,TRUE,REUSED,TISSUE_MONOCYTE; exact author metagene list; external only outside GSE136103
RAM2019_MAC_SIG_D_TMO,Ramachandran2019_Nature,tissue-monocyte metagene D,macrophage_monocyte,ALG14,UP_IN_STATE,GSE136103,scRNA-seq,mixed nonviral cirrhosis,Supplementary Table 9,supplementary file,TRUE,REUSED,TISSUE_MONOCYTE; exact author metagene list; external only outside GSE136103
RAM2019_MAC_SIG_D_TMO,Ramachandran2019_Nature,tissue-monocyte metagene D,macrophage_monocyte,TMEM56,UP_IN_STATE,GSE136103,scRNA-seq,mixed nonviral cirrhosis,Supplementary Table 9,supplementary file,TRUE,REUSED,TISSUE_MONOCYTE; exact author metagene list; external only outside GSE136103
RAM2019_MAC_SIG_D_TMO,Ramachandran2019_Nature,tissue-monocyte metagene D,macrophage_monocyte,RWDD3,UP_IN_STATE,GSE136103,scRNA-seq,mixed nonviral cirrhosis,Supplementary Table 9,supplementary file,TRUE,REUSED,TISSUE_MONOCYTE; exact author metagene list; external only outside GSE136103
RAM2019_MAC_SIG_D_TMO,Ramachandran2019_Nature,tissue-monocyte metagene D,macrophage_monocyte,PTBP2,UP_IN_STATE,GSE136103,scRNA-seq,mixed nonviral cirrhosis,Supplementary Table 9,supplementary file,TRUE,REUSED,TISSUE_MONOCYTE; exact author metagene list; external only outside GSE136103
RAM2019_MAC_SIG_D_TMO,Ramachandran2019_Nature,tissue-monocyte metagene D,macrophage_monocyte,FRRS1,UP_IN_STATE,GSE136103,scRNA-seq,mixed nonviral cirrhosis,Supplementary Table 9,supplementary file,TRUE,REUSED,TISSUE_MONOCYTE; exact author metagene list; external only outside GSE136103
RAM2019_MAC_SIG_D_TMO,Ramachandran2019_Nature,tissue-monocyte metagene D,macrophage_monocyte,SASS6,UP_IN_STATE,GSE136103,scRNA-seq,mixed nonviral cirrhosis,Supplementary Table 9,supplementary file,TRUE,REUSED,TISSUE_MONOCYTE; exact author metagene list; external only outside GSE136103
RAM2019_MAC_SIG_D_TMO,Ramachandran2019_Nature,tissue-monocyte metagene D,macrophage_monocyte,RTCA-AS1,UP_IN_STATE,GSE136103,scRNA-seq,mixed nonviral cirrhosis,Supplementary Table 9,supplementary file,TRUE,REUSED,TISSUE_MONOCYTE; exact author metagene list; external only outside GSE136103
RAM2019_MAC_SIG_D_TMO,Ramachandran2019_Nature,tissue-monocyte metagene D,macrophage_monocyte,RP4-549L20.3,UP_IN_STATE,GSE136103,scRNA-seq,mixed nonviral cirrhosis,Supplementary Table 9,supplementary file,TRUE,REUSED,TISSUE_MONOCYTE; exact author metagene list; external only outside GSE136103
RAM2019_MAC_SIG_D_TMO,Ramachandran2019_Nature,tissue-monocyte metagene D,macrophage_monocyte,S1PR1,UP_IN_STATE,GSE136103,scRNA-seq,mixed nonviral cirrhosis,Supplementary Table 9,supplementary file,TRUE,REUSED,TISSUE_MONOCYTE; exact author metagene list; external only outside GSE136103
RAM2019_MAC_SIG_D_TMO,Ramachandran2019_Nature,tissue-monocyte metagene D,macrophage_monocyte,AMY2A,UP_IN_STATE,GSE136103,scRNA-seq,mixed nonviral cirrhosis,Supplementary Table 9,supplementary file,TRUE,REUSED,TISSUE_MONOCYTE; exact author metagene list; external only outside GSE136103
RAM2019_MAC_SIG_D_TMO,Ramachandran2019_Nature,tissue-monocyte metagene D,macrophage_monocyte,CYB561D1,UP_IN_STATE,GSE136103,scRNA-seq,mixed nonviral cirrhosis,Supplementary Table 9,supplementary file,TRUE,REUSED,TISSUE_MONOCYTE; exact author metagene list; external only outside GSE136103
RAM2019_MAC_SIG_D_TMO,Ramachandran2019_Nature,tissue-monocyte metagene D,macrophage_monocyte,RP4-773N10.4,UP_IN_STATE,GSE136103,scRNA-seq,mixed nonviral cirrhosis,Supplementary Table 9,supplementary file,TRUE,REUSED,TISSUE_MONOCYTE; exact author metagene list; external only outside GSE136103
RAM2019_MAC_SIG_D_TMO,Ramachandran2019_Nature,tissue-monocyte metagene D,macrophage_monocyte,KCNC4,UP_IN_STATE,GSE136103,scRNA-seq,mixed nonviral cirrhosis,Supplementary Table 9,supplementary file,TRUE,REUSED,TISSUE_MONOCYTE; exact author metagene list; external only outside GSE136103
RAM2019_MAC_SIG_D_TMO,Ramachandran2019_Nature,tissue-monocyte metagene D,macrophage_monocyte,RBM15,UP_IN_STATE,GSE136103,scRNA-seq,mixed nonviral cirrhosis,Supplementary Table 9,supplementary file,TRUE,REUSED,TISSUE_MONOCYTE; exact author metagene list; external only outside GSE136103
RAM2019_MAC_SIG_D_TMO,Ramachandran2019_Nature,tissue-monocyte metagene D,macrophage_monocyte,SLC16A4,UP_IN_STATE,GSE136103,scRNA-seq,mixed nonviral cirrhosis,Supplementary Table 9,supplementary file,TRUE,REUSED,TISSUE_MONOCYTE; exact author metagene list; external only outside GSE136103
RAM2019_MAC_SIG_D_TMO,Ramachandran2019_Nature,tissue-monocyte metagene D,macrophage_monocyte,KCNA3,UP_IN_STATE,GSE136103,scRNA-seq,mixed nonviral cirrhosis,Supplementary Table 9,supplementary file,TRUE,REUSED,TISSUE_MONOCYTE; exact author metagene list; external only outside GSE136103
RAM2019_MAC_SIG_D_TMO,Ramachandran2019_Nature,tissue-monocyte metagene D,macrophage_monocyte,RP11-96K19.5,UP_IN_STATE,GSE136103,scRNA-seq,mixed nonviral cirrhosis,Supplementary Table 9,supplementary file,TRUE,REUSED,TISSUE_MONOCYTE; exact author metagene list; external only outside GSE136103
RAM2019_MAC_SIG_D_TMO,Ramachandran2019_Nature,tissue-monocyte metagene D,macrophage_monocyte,RP5-1180E21.4,UP_IN_STATE,GSE136103,scRNA-seq,mixed nonviral cirrhosis,Supplementary Table 9,supplementary file,TRUE,REUSED,TISSUE_MONOCYTE; exact author metagene list; external only outside GSE136103
RAM2019_MAC_SIG_D_TMO,Ramachandran2019_Nature,tissue-monocyte metagene D,macrophage_monocyte,CHI3L2,UP_IN_STATE,GSE136103,scRNA-seq,mixed nonviral cirrhosis,Supplementary Table 9,supplementary file,TRUE,REUSED,TISSUE_MONOCYTE; exact author metagene list; external only outside GSE136103
RAM2019_MAC_SIG_D_TMO,Ramachandran2019_Nature,tissue-monocyte metagene D,macrophage_monocyte,PIFO,UP_IN_STATE,GSE136103,scRNA-seq,mixed nonviral cirrhosis,Supplementary Table 9,supplementary file,TRUE,REUSED,TISSUE_MONOCYTE; exact author metagene list; external only outside GSE136103
RAM2019_MAC_SIG_D_TMO,Ramachandran2019_Nature,tissue-monocyte metagene D,macrophage_monocyte,KCND3,UP_IN_STATE,GSE136103,scRNA-seq,mixed nonviral cirrhosis,Supplementary Table 9,supplementary file,TRUE,REUSED,TISSUE_MONOCYTE; exact author metagene list; external only outside GSE136103
RAM2019_MAC_SIG_D_TMO,Ramachandran2019_Nature,tissue-monocyte metagene D,macrophage_monocyte,RP11-426L16.3,UP_IN_STATE,GSE136103,scRNA-seq,mixed nonviral cirrhosis,Supplementary Table 9,supplementary file,TRUE,REUSED,TISSUE_MONOCYTE; exact author metagene list; external only outside GSE136103
RAM2019_MAC_SIG_D_TMO,Ramachandran2019_Nature,tissue-monocyte metagene D,macrophage_monocyte,RP11-31F15.2,UP_IN_STATE,GSE136103,scRNA-seq,mixed nonviral cirrhosis,Supplementary Table 9,supplementary file,TRUE,REUSED,TISSUE_MONOCYTE; exact author metagene list; external only outside GSE136103
RAM2019_MAC_SIG_D_TMO,Ramachandran2019_Nature,tissue-monocyte metagene D,macrophage_monocyte,AP4B1-AS1,UP_IN_STATE,GSE136103,scRNA-seq,mixed nonviral cirrhosis,Supplementary Table 9,supplementary file,TRUE,REUSED,TISSUE_MONOCYTE; exact author metagene list; external only outside GSE136103
RAM2019_MAC_SIG_D_TMO,Ramachandran2019_Nature,tissue-monocyte metagene D,macrophage_monocyte,BCL2L15,UP_IN_STATE,GSE136103,scRNA-seq,mixed nonviral cirrhosis,Supplementary Table 9,supplementary file,TRUE,REUSED,TISSUE_MONOCYTE; exact author metagene list; external only outside GSE136103
RAM2019_MAC_SIG_D_TMO,Ramachandran2019_Nature,tissue-monocyte metagene D,macrophage_monocyte,SLC22A15,UP_IN_STATE,GSE136103,scRNA-seq,mixed nonviral cirrhosis,Supplementary Table 9,supplementary file,TRUE,REUSED,TISSUE_MONOCYTE; exact author metagene list; external only outside GSE136103
RAM2019_MAC_SIG_D_TMO,Ramachandran2019_Nature,tissue-monocyte metagene D,macrophage_monocyte,S100A9,UP_IN_STATE,GSE136103,scRNA-seq,mixed nonviral cirrhosis,Supplementary Table 9,supplementary file,TRUE,REUSED,TISSUE_MONOCYTE; exact author metagene list; external only outside GSE136103
RAM2019_MAC_SIG_D_TMO,Ramachandran2019_Nature,tissue-monocyte metagene D,macrophage_monocyte,S100A12,UP_IN_STATE,GSE136103,scRNA-seq,mixed nonviral cirrhosis,Supplementary Table 9,supplementary file,TRUE,REUSED,TISSUE_MONOCYTE; exact author metagene list; external only outside GSE136103
RAM2019_MAC_SIG_D_TMO,Ramachandran2019_Nature,tissue-monocyte metagene D,macrophage_monocyte,S100A8,UP_IN_STATE,GSE136103,scRNA-seq,mixed nonviral cirrhosis,Supplementary Table 9,supplementary file,TRUE,REUSED,TISSUE_MONOCYTE; exact author metagene list; external only outside GSE136103
RAM2019_MAC_SIG_D_TMO,Ramachandran2019_Nature,tissue-monocyte metagene D,macrophage_monocyte,VCAN,UP_IN_STATE,GSE136103,scRNA-seq,mixed nonviral cirrhosis,Supplementary Table 9,supplementary file,TRUE,REUSED,TISSUE_MONOCYTE; exact author metagene list; external only outside GSE136103
RAM2019_MAC_SIG_D_TMO,Ramachandran2019_Nature,tissue-monocyte metagene D,macrophage_monocyte,RP11-1143G9.4,UP_IN_STATE,GSE136103,scRNA-seq,mixed nonviral cirrhosis,Supplementary Table 9,supplementary file,TRUE,REUSED,TISSUE_MONOCYTE; exact author metagene list; external only outside GSE136103
RAM2019_MAC_SIG_E_TMO,Ramachandran2019_Nature,tissue-monocyte metagene E,macrophage_monocyte,ARHGAP30,UP_IN_STATE,GSE136103,scRNA-seq,mixed nonviral cirrhosis,Supplementary Table 9,supplementary file,TRUE,REUSED,TISSUE_MONOCYTE; exact author metagene list; external only outside GSE136103
RAM2019_MAC_SIG_E_TMO,Ramachandran2019_Nature,tissue-monocyte metagene E,macrophage_monocyte,CNIH4,UP_IN_STATE,GSE136103,scRNA-seq,mixed nonviral cirrhosis,Supplementary Table 9,supplementary file,TRUE,REUSED,TISSUE_MONOCYTE; exact author metagene list; external only outside GSE136103
RAM2019_MAC_SIG_E_TMO,Ramachandran2019_Nature,tissue-monocyte metagene E,macrophage_monocyte,LYST,UP_IN_STATE,GSE136103,scRNA-seq,mixed nonviral cirrhosis,Supplementary Table 9,supplementary file,TRUE,REUSED,TISSUE_MONOCYTE; exact author metagene list; external only outside GSE136103
RAM2019_MAC_SIG_E_TMO,Ramachandran2019_Nature,tissue-monocyte metagene E,macrophage_monocyte,ADSS,UP_IN_STATE,GSE136103,scRNA-seq,mixed nonviral cirrhosis,Supplementary Table 9,supplementary file,TRUE,REUSED,TISSUE_MONOCYTE; exact author metagene list; external only outside GSE136103
RAM2019_MAC_SIG_E_TMO,Ramachandran2019_Nature,tissue-monocyte metagene E,macrophage_monocyte,NRBP1,UP_IN_STATE,GSE136103,scRNA-seq,mixed nonviral cirrhosis,Supplementary Table 9,supplementary file,TRUE,REUSED,TISSUE_MONOCYTE; exact author metagene list; external only outside GSE136103
RAM2019_MAC_SIG_E_TMO,Ramachandran2019_Nature,tissue-monocyte metagene E,macrophage_monocyte,SNRNP200,UP_IN_STATE,GSE136103,scRNA-seq,mixed nonviral cirrhosis,Supplementary Table 9,supplementary file,TRUE,REUSED,TISSUE_MONOCYTE; exact author metagene list; external only outside GSE136103
RAM2019_MAC_SIG_E_TMO,Ramachandran2019_Nature,tissue-monocyte metagene E,macrophage_monocyte,TBC1D8,UP_IN_STATE,GSE136103,scRNA-seq,mixed nonviral cirrhosis,Supplementary Table 9,supplementary file,TRUE,REUSED,TISSUE_MONOCYTE; exact author metagene list; external only outside GSE136103
RAM2019_MAC_SIG_E_TMO,Ramachandran2019_Nature,tissue-monocyte metagene E,macrophage_monocyte,MAP4K4,UP_IN_STATE,GSE136103,scRNA-seq,mixed nonviral cirrhosis,Supplementary Table 9,supplementary file,TRUE,REUSED,TISSUE_MONOCYTE; exact author metagene list; external only outside GSE136103
RAM2019_MAC_SIG_E_TMO,Ramachandran2019_Nature,tissue-monocyte metagene E,macrophage_monocyte,KYNU,UP_IN_STATE,GSE136103,scRNA-seq,mixed nonviral cirrhosis,Supplementary Table 9,supplementary file,TRUE,REUSED,TISSUE_MONOCYTE; exact author metagene list; external only outside GSE136103
RAM2019_MAC_SIG_E_TMO,Ramachandran2019_Nature,tissue-monocyte metagene E,macrophage_monocyte,TANK,UP_IN_STATE,GSE136103,scRNA-seq,mixed nonviral cirrhosis,Supplementary Table 9,supplementary file,TRUE,REUSED,TISSUE_MONOCYTE; exact author metagene list; external only outside GSE136103
RAM2019_MAC_SIG_E_TMO,Ramachandran2019_Nature,tissue-monocyte metagene E,macrophage_monocyte,SLC11A1,UP_IN_STATE,GSE136103,scRNA-seq,mixed nonviral cirrhosis,Supplementary Table 9,supplementary file,TRUE,REUSED,TISSUE_MONOCYTE; exact author metagene list; external only outside GSE136103
RAM2019_MAC_SIG_E_TMO,Ramachandran2019_Nature,tissue-monocyte metagene E,macrophage_monocyte,TUBA4A,UP_IN_STATE,GSE136103,scRNA-seq,mixed nonviral cirrhosis,Supplementary Table 9,supplementary file,TRUE,REUSED,TISSUE_MONOCYTE; exact author metagene list; external only outside GSE136103
RAM2019_MAC_SIG_E_TMO,Ramachandran2019_Nature,tissue-monocyte metagene E,macrophage_monocyte,GPR35,UP_IN_STATE,GSE136103,scRNA-seq,mixed nonviral cirrhosis,Supplementary Table 9,supplementary file,TRUE,REUSED,TISSUE_MONOCYTE; exact author metagene list; external only outside GSE136103
RAM2019_MAC_SIG_E_TMO,Ramachandran2019_Nature,tissue-monocyte metagene E,macrophage_monocyte,NBEAL2,UP_IN_STATE,GSE136103,scRNA-seq,mixed nonviral cirrhosis,Supplementary Table 9,supplementary file,TRUE,REUSED,TISSUE_MONOCYTE; exact author metagene list; external only outside GSE136103
RAM2019_MAC_SIG_E_TMO,Ramachandran2019_Nature,tissue-monocyte metagene E,macrophage_monocyte,EIF4E3,UP_IN_STATE,GSE136103,scRNA-seq,mixed nonviral cirrhosis,Supplementary Table 9,supplementary file,TRUE,REUSED,TISSUE_MONOCYTE; exact author metagene list; external only outside GSE136103
RAM2019_MAC_SIG_E_TMO,Ramachandran2019_Nature,tissue-monocyte metagene E,macrophage_monocyte,LINC00877,UP_IN_STATE,GSE136103,scRNA-seq,mixed nonviral cirrhosis,Supplementary Table 9,supplementary file,TRUE,REUSED,TISSUE_MONOCYTE; exact author metagene list; external only outside GSE136103
RAM2019_MAC_SIG_E_TMO,Ramachandran2019_Nature,tissue-monocyte metagene E,macrophage_monocyte,RYBP,UP_IN_STATE,GSE136103,scRNA-seq,mixed nonviral cirrhosis,Supplementary Table 9,supplementary file,TRUE,REUSED,TISSUE_MONOCYTE; exact author metagene list; external only outside GSE136103
RAM2019_MAC_SIG_E_TMO,Ramachandran2019_Nature,tissue-monocyte metagene E,macrophage_monocyte,MTRNR2L12,UP_IN_STATE,GSE136103,scRNA-seq,mixed nonviral cirrhosis,Supplementary Table 9,supplementary file,TRUE,REUSED,TISSUE_MONOCYTE; exact author metagene list; external only outside GSE136103
RAM2019_MAC_SIG_E_TMO,Ramachandran2019_Nature,tissue-monocyte metagene E,macrophage_monocyte,ABTB1,UP_IN_STATE,GSE136103,scRNA-seq,mixed nonviral cirrhosis,Supplementary Table 9,supplementary file,TRUE,REUSED,TISSUE_MONOCYTE; exact author metagene list; external only outside GSE136103
RAM2019_MAC_SIG_E_TMO,Ramachandran2019_Nature,tissue-monocyte metagene E,macrophage_monocyte,GK5,UP_IN_STATE,GSE136103,scRNA-seq,mixed nonviral cirrhosis,Supplementary Table 9,supplementary file,TRUE,REUSED,TISSUE_MONOCYTE; exact author metagene list; external only outside GSE136103
RAM2019_MAC_SIG_E_TMO,Ramachandran2019_Nature,tissue-monocyte metagene E,macrophage_monocyte,CHST2,UP_IN_STATE,GSE136103,scRNA-seq,mixed nonviral cirrhosis,Supplementary Table 9,supplementary file,TRUE,REUSED,TISSUE_MONOCYTE; exact author metagene list; external only outside GSE136103
RAM2019_MAC_SIG_E_TMO,Ramachandran2019_Nature,tissue-monocyte metagene E,macrophage_monocyte,PTX3,UP_IN_STATE,GSE136103,scRNA-seq,mixed nonviral cirrhosis,Supplementary Table 9,supplementary file,TRUE,REUSED,TISSUE_MONOCYTE; exact author metagene list; external only outside GSE136103
RAM2019_MAC_SIG_E_TMO,Ramachandran2019_Nature,tissue-monocyte metagene E,macrophage_monocyte,FAM131A,UP_IN_STATE,GSE136103,scRNA-seq,mixed nonviral cirrhosis,Supplementary Table 9,supplementary file,TRUE,REUSED,TISSUE_MONOCYTE; exact author metagene list; external only outside GSE136103
RAM2019_MAC_SIG_E_TMO,Ramachandran2019_Nature,tissue-monocyte metagene E,macrophage_monocyte,FBXL5,UP_IN_STATE,GSE136103,scRNA-seq,mixed nonviral cirrhosis,Supplementary Table 9,supplementary file,TRUE,REUSED,TISSUE_MONOCYTE; exact author metagene list; external only outside GSE136103
RAM2019_MAC_SIG_E_TMO,Ramachandran2019_Nature,tissue-monocyte metagene E,macrophage_monocyte,BST1,UP_IN_STATE,GSE136103,scRNA-seq,mixed nonviral cirrhosis,Supplementary Table 9,supplementary file,TRUE,REUSED,TISSUE_MONOCYTE; exact author metagene list; external only outside GSE136103
RAM2019_MAC_SIG_E_TMO,Ramachandran2019_Nature,tissue-monocyte metagene E,macrophage_monocyte,CHIC2,UP_IN_STATE,GSE136103,scRNA-seq,mixed nonviral cirrhosis,Supplementary Table 9,supplementary file,TRUE,REUSED,TISSUE_MONOCYTE; exact author metagene list; external only outside GSE136103
RAM2019_MAC_SIG_E_TMO,Ramachandran2019_Nature,tissue-monocyte metagene E,macrophage_monocyte,POLR2B,UP_IN_STATE,GSE136103,scRNA-seq,mixed nonviral cirrhosis,Supplementary Table 9,supplementary file,TRUE,REUSED,TISSUE_MONOCYTE; exact author metagene list; external only outside GSE136103
RAM2019_MAC_SIG_E_TMO,Ramachandran2019_Nature,tissue-monocyte metagene E,macrophage_monocyte,TET2,UP_IN_STATE,GSE136103,scRNA-seq,mixed nonviral cirrhosis,Supplementary Table 9,supplementary file,TRUE,REUSED,TISSUE_MONOCYTE; exact author metagene list; external only outside GSE136103
RAM2019_MAC_SIG_E_TMO,Ramachandran2019_Nature,tissue-monocyte metagene E,macrophage_monocyte,SGMS2,UP_IN_STATE,GSE136103,scRNA-seq,mixed nonviral cirrhosis,Supplementary Table 9,supplementary file,TRUE,REUSED,TISSUE_MONOCYTE; exact author metagene list; external only outside GSE136103
RAM2019_MAC_SIG_E_TMO,Ramachandran2019_Nature,tissue-monocyte metagene E,macrophage_monocyte,ELF2,UP_IN_STATE,GSE136103,scRNA-seq,mixed nonviral cirrhosis,Supplementary Table 9,supplementary file,TRUE,REUSED,TISSUE_MONOCYTE; exact author metagene list; external only outside GSE136103
RAM2019_MAC_SIG_E_TMO,Ramachandran2019_Nature,tissue-monocyte metagene E,macrophage_monocyte,RP11-83A24.2,UP_IN_STATE,GSE136103,scRNA-seq,mixed nonviral cirrhosis,Supplementary Table 9,supplementary file,TRUE,REUSED,TISSUE_MONOCYTE; exact author metagene list; external only outside GSE136103
RAM2019_MAC_SIG_E_TMO,Ramachandran2019_Nature,tissue-monocyte metagene E,macrophage_monocyte,RP11-362F19.1,UP_IN_STATE,GSE136103,scRNA-seq,mixed nonviral cirrhosis,Supplementary Table 9,supplementary file,TRUE,REUSED,TISSUE_MONOCYTE; exact author metagene list; external only outside GSE136103
RAM2019_MAC_SIG_E_TMO,Ramachandran2019_Nature,tissue-monocyte metagene E,macrophage_monocyte,TMEM154,UP_IN_STATE,GSE136103,scRNA-seq,mixed nonviral cirrhosis,Supplementary Table 9,supplementary file,TRUE,REUSED,TISSUE_MONOCYTE; exact author metagene list; external only outside GSE136103
RAM2019_MAC_SIG_E_TMO,Ramachandran2019_Nature,tissue-monocyte metagene E,macrophage_monocyte,KIAA0922,UP_IN_STATE,GSE136103,scRNA-seq,mixed nonviral cirrhosis,Supplementary Table 9,supplementary file,TRUE,REUSED,TISSUE_MONOCYTE; exact author metagene list; external only outside GSE136103
RAM2019_MAC_SIG_E_TMO,Ramachandran2019_Nature,tissue-monocyte metagene E,macrophage_monocyte,SRD5A1,UP_IN_STATE,GSE136103,scRNA-seq,mixed nonviral cirrhosis,Supplementary Table 9,supplementary file,TRUE,REUSED,TISSUE_MONOCYTE; exact author metagene list; external only outside GSE136103
RAM2019_MAC_SIG_E_TMO,Ramachandran2019_Nature,tissue-monocyte metagene E,macrophage_monocyte,MAP3K1,UP_IN_STATE,GSE136103,scRNA-seq,mixed nonviral cirrhosis,Supplementary Table 9,supplementary file,TRUE,REUSED,TISSUE_MONOCYTE; exact author metagene list; external only outside GSE136103
RAM2019_MAC_SIG_E_TMO,Ramachandran2019_Nature,tissue-monocyte metagene E,macrophage_monocyte,S100Z,UP_IN_STATE,GSE136103,scRNA-seq,mixed nonviral cirrhosis,Supplementary Table 9,supplementary file,TRUE,REUSED,TISSUE_MONOCYTE; exact author metagene list; external only outside GSE136103
RAM2019_MAC_SIG_E_TMO,Ramachandran2019_Nature,tissue-monocyte metagene E,macrophage_monocyte,FNIP1,UP_IN_STATE,GSE136103,scRNA-seq,mixed nonviral cirrhosis,Supplementary Table 9,supplementary file,TRUE,REUSED,TISSUE_MONOCYTE; exact author metagene list; external only outside GSE136103
RAM2019_MAC_SIG_E_TMO,Ramachandran2019_Nature,tissue-monocyte metagene E,macrophage_monocyte,DIAPH1,UP_IN_STATE,GSE136103,scRNA-seq,mixed nonviral cirrhosis,Supplementary Table 9,supplementary file,TRUE,REUSED,TISSUE_MONOCYTE; exact author metagene list; external only outside GSE136103
RAM2019_MAC_SIG_E_TMO,Ramachandran2019_Nature,tissue-monocyte metagene E,macrophage_monocyte,ARHGAP26,UP_IN_STATE,GSE136103,scRNA-seq,mixed nonviral cirrhosis,Supplementary Table 9,supplementary file,TRUE,REUSED,TISSUE_MONOCYTE; exact author metagene list; external only outside GSE136103
RAM2019_MAC_SIG_E_TMO,Ramachandran2019_Nature,tissue-monocyte metagene E,macrophage_monocyte,TNIP1,UP_IN_STATE,GSE136103,scRNA-seq,mixed nonviral cirrhosis,Supplementary Table 9,supplementary file,TRUE,REUSED,TISSUE_MONOCYTE; exact author metagene list; external only outside GSE136103
RAM2019_MAC_SIG_E_TMO,Ramachandran2019_Nature,tissue-monocyte metagene E,macrophage_monocyte,CCDC69,UP_IN_STATE,GSE136103,scRNA-seq,mixed nonviral cirrhosis,Supplementary Table 9,supplementary file,TRUE,REUSED,TISSUE_MONOCYTE; exact author metagene list; external only outside GSE136103
RAM2019_MAC_SIG_E_TMO,Ramachandran2019_Nature,tissue-monocyte metagene E,macrophage_monocyte,CYFIP2,UP_IN_STATE,GSE136103,scRNA-seq,mixed nonviral cirrhosis,Supplementary Table 9,supplementary file,TRUE,REUSED,TISSUE_MONOCYTE; exact author metagene list; external only outside GSE136103
RAM2019_MAC_SIG_E_TMO,Ramachandran2019_Nature,tissue-monocyte metagene E,macrophage_monocyte,HRH2,UP_IN_STATE,GSE136103,scRNA-seq,mixed nonviral cirrhosis,Supplementary Table 9,supplementary file,TRUE,REUSED,TISSUE_MONOCYTE; exact author metagene list; external only outside GSE136103
RAM2019_MAC_SIG_E_TMO,Ramachandran2019_Nature,tissue-monocyte metagene E,macrophage_monocyte,RNF44,UP_IN_STATE,GSE136103,scRNA-seq,mixed nonviral cirrhosis,Supplementary Table 9,supplementary file,TRUE,REUSED,TISSUE_MONOCYTE; exact author metagene list; external only outside GSE136103
RAM2019_MAC_SIG_E_TMO,Ramachandran2019_Nature,tissue-monocyte metagene E,macrophage_monocyte,RAB24,UP_IN_STATE,GSE136103,scRNA-seq,mixed nonviral cirrhosis,Supplementary Table 9,supplementary file,TRUE,REUSED,TISSUE_MONOCYTE; exact author metagene list; external only outside GSE136103
RAM2019_MAC_SIG_E_TMO,Ramachandran2019_Nature,tissue-monocyte metagene E,macrophage_monocyte,MXD3,UP_IN_STATE,GSE136103,scRNA-seq,mixed nonviral cirrhosis,Supplementary Table 9,supplementary file,TRUE,REUSED,TISSUE_MONOCYTE; exact author metagene list; external only outside GSE136103
RAM2019_MAC_SIG_E_TMO,Ramachandran2019_Nature,tissue-monocyte metagene E,macrophage_monocyte,GRK6,UP_IN_STATE,GSE136103,scRNA-seq,mixed nonviral cirrhosis,Supplementary Table 9,supplementary file,TRUE,REUSED,TISSUE_MONOCYTE; exact author metagene list; external only outside GSE136103
RAM2019_MAC_SIG_E_TMO,Ramachandran2019_Nature,tissue-monocyte metagene E,macrophage_monocyte,DOK3,UP_IN_STATE,GSE136103,scRNA-seq,mixed nonviral cirrhosis,Supplementary Table 9,supplementary file,TRUE,REUSED,TISSUE_MONOCYTE; exact author metagene list; external only outside GSE136103
RAM2019_MAC_SIG_E_TMO,Ramachandran2019_Nature,tissue-monocyte metagene E,macrophage_monocyte,TMEM170B,UP_IN_STATE,GSE136103,scRNA-seq,mixed nonviral cirrhosis,Supplementary Table 9,supplementary file,TRUE,REUSED,TISSUE_MONOCYTE; exact author metagene list; external only outside GSE136103
RAM2019_MAC_SIG_E_TMO,Ramachandran2019_Nature,tissue-monocyte metagene E,macrophage_monocyte,JARID2,UP_IN_STATE,GSE136103,scRNA-seq,mixed nonviral cirrhosis,Supplementary Table 9,supplementary file,TRUE,REUSED,TISSUE_MONOCYTE; exact author metagene list; external only outside GSE136103
RAM2019_MAC_SIG_E_TMO,Ramachandran2019_Nature,tissue-monocyte metagene E,macrophage_monocyte,FAM65B,UP_IN_STATE,GSE136103,scRNA-seq,mixed nonviral cirrhosis,Supplementary Table 9,supplementary file,TRUE,REUSED,TISSUE_MONOCYTE; exact author metagene list; external only outside GSE136103
RAM2019_MAC_SIG_E_TMO,Ramachandran2019_Nature,tissue-monocyte metagene E,macrophage_monocyte,HLA-G,UP_IN_STATE,GSE136103,scRNA-seq,mixed nonviral cirrhosis,Supplementary Table 9,supplementary file,TRUE,REUSED,TISSUE_MONOCYTE; exact author metagene list; external only outside GSE136103
RAM2019_MAC_SIG_E_TMO,Ramachandran2019_Nature,tissue-monocyte metagene E,macrophage_monocyte,PBX2,UP_IN_STATE,GSE136103,scRNA-seq,mixed nonviral cirrhosis,Supplementary Table 9,supplementary file,TRUE,REUSED,TISSUE_MONOCYTE; exact author metagene list; external only outside GSE136103
RAM2019_MAC_SIG_E_TMO,Ramachandran2019_Nature,tissue-monocyte metagene E,macrophage_monocyte,FKBP5,UP_IN_STATE,GSE136103,scRNA-seq,mixed nonviral cirrhosis,Supplementary Table 9,supplementary file,TRUE,REUSED,TISSUE_MONOCYTE; exact author metagene list; external only outside GSE136103
RAM2019_MAC_SIG_E_TMO,Ramachandran2019_Nature,tissue-monocyte metagene E,macrophage_monocyte,STK38,UP_IN_STATE,GSE136103,scRNA-seq,mixed nonviral cirrhosis,Supplementary Table 9,supplementary file,TRUE,REUSED,TISSUE_MONOCYTE; exact author metagene list; external only outside GSE136103
RAM2019_MAC_SIG_E_TMO,Ramachandran2019_Nature,tissue-monocyte metagene E,macrophage_monocyte,TREM1,UP_IN_STATE,GSE136103,scRNA-seq,mixed nonviral cirrhosis,Supplementary Table 9,supplementary file,TRUE,REUSED,TISSUE_MONOCYTE; exact author metagene list; external only outside GSE136103
RAM2019_MAC_SIG_E_TMO,Ramachandran2019_Nature,tissue-monocyte metagene E,macrophage_monocyte,CCND3,UP_IN_STATE,GSE136103,scRNA-seq,mixed nonviral cirrhosis,Supplementary Table 9,supplementary file,TRUE,REUSED,TISSUE_MONOCYTE; exact author metagene list; external only outside GSE136103
RAM2019_MAC_SIG_E_TMO,Ramachandran2019_Nature,tissue-monocyte metagene E,macrophage_monocyte,AIM1,UP_IN_STATE,GSE136103,scRNA-seq,mixed nonviral cirrhosis,Supplementary Table 9,supplementary file,TRUE,REUSED,TISSUE_MONOCYTE; exact author metagene list; external only outside GSE136103
RAM2019_MAC_SIG_E_TMO,Ramachandran2019_Nature,tissue-monocyte metagene E,macrophage_monocyte,FYN,UP_IN_STATE,GSE136103,scRNA-seq,mixed nonviral cirrhosis,Supplementary Table 9,supplementary file,TRUE,REUSED,TISSUE_MONOCYTE; exact author metagene list; external only outside GSE136103
RAM2019_MAC_SIG_E_TMO,Ramachandran2019_Nature,tissue-monocyte metagene E,macrophage_monocyte,VNN2,UP_IN_STATE,GSE136103,scRNA-seq,mixed nonviral cirrhosis,Supplementary Table 9,supplementary file,TRUE,REUSED,TISSUE_MONOCYTE; exact author metagene list; external only outside GSE136103
RAM2019_MAC_SIG_E_TMO,Ramachandran2019_Nature,tissue-monocyte metagene E,macrophage_monocyte,LFNG,UP_IN_STATE,GSE136103,scRNA-seq,mixed nonviral cirrhosis,Supplementary Table 9,supplementary file,TRUE,REUSED,TISSUE_MONOCYTE; exact author metagene list; external only outside GSE136103
RAM2019_MAC_SIG_E_TMO,Ramachandran2019_Nature,tissue-monocyte metagene E,macrophage_monocyte,FAM126A,UP_IN_STATE,GSE136103,scRNA-seq,mixed nonviral cirrhosis,Supplementary Table 9,supplementary file,TRUE,REUSED,TISSUE_MONOCYTE; exact author metagene list; external only outside GSE136103
RAM2019_MAC_SIG_E_TMO,Ramachandran2019_Nature,tissue-monocyte metagene E,macrophage_monocyte,HOTAIRM1,UP_IN_STATE,GSE136103,scRNA-seq,mixed nonviral cirrhosis,Supplementary Table 9,supplementary file,TRUE,REUSED,TISSUE_MONOCYTE; exact author metagene list; external only outside GSE136103
RAM2019_MAC_SIG_E_TMO,Ramachandran2019_Nature,tissue-monocyte metagene E,macrophage_monocyte,CREB5,UP_IN_STATE,GSE136103,scRNA-seq,mixed nonviral cirrhosis,Supplementary Table 9,supplementary file,TRUE,REUSED,TISSUE_MONOCYTE; exact author metagene list; external only outside GSE136103
RAM2019_MAC_SIG_E_TMO,Ramachandran2019_Nature,tissue-monocyte metagene E,macrophage_monocyte,PPP1R17,UP_IN_STATE,GSE136103,scRNA-seq,mixed nonviral cirrhosis,Supplementary Table 9,supplementary file,TRUE,REUSED,TISSUE_MONOCYTE; exact author metagene list; external only outside GSE136103
RAM2019_MAC_SIG_E_TMO,Ramachandran2019_Nature,tissue-monocyte metagene E,macrophage_monocyte,OGDH,UP_IN_STATE,GSE136103,scRNA-seq,mixed nonviral cirrhosis,Supplementary Table 9,supplementary file,TRUE,REUSED,TISSUE_MONOCYTE; exact author metagene list; external only outside GSE136103
RAM2019_MAC_SIG_E_TMO,Ramachandran2019_Nature,tissue-monocyte metagene E,macrophage_monocyte,MYO1G,UP_IN_STATE,GSE136103,scRNA-seq,mixed nonviral cirrhosis,Supplementary Table 9,supplementary file,TRUE,REUSED,TISSUE_MONOCYTE; exact author metagene list; external only outside GSE136103
RAM2019_MAC_SIG_E_TMO,Ramachandran2019_Nature,tissue-monocyte metagene E,macrophage_monocyte,UPP1,UP_IN_STATE,GSE136103,scRNA-seq,mixed nonviral cirrhosis,Supplementary Table 9,supplementary file,TRUE,REUSED,TISSUE_MONOCYTE; exact author metagene list; external only outside GSE136103
RAM2019_MAC_SIG_E_TMO,Ramachandran2019_Nature,tissue-monocyte metagene E,macrophage_monocyte,IKZF1,UP_IN_STATE,GSE136103,scRNA-seq,mixed nonviral cirrhosis,Supplementary Table 9,supplementary file,TRUE,REUSED,TISSUE_MONOCYTE; exact author metagene list; external only outside GSE136103
RAM2019_MAC_SIG_E_TMO,Ramachandran2019_Nature,tissue-monocyte metagene E,macrophage_monocyte,YWHAG,UP_IN_STATE,GSE136103,scRNA-seq,mixed nonviral cirrhosis,Supplementary Table 9,supplementary file,TRUE,REUSED,TISSUE_MONOCYTE; exact author metagene list; external only outside GSE136103
RAM2019_MAC_SIG_E_TMO,Ramachandran2019_Nature,tissue-monocyte metagene E,macrophage_monocyte,STEAP4,UP_IN_STATE,GSE136103,scRNA-seq,mixed nonviral cirrhosis,Supplementary Table 9,supplementary file,TRUE,REUSED,TISSUE_MONOCYTE; exact author metagene list; external only outside GSE136103
RAM2019_MAC_SIG_E_TMO,Ramachandran2019_Nature,tissue-monocyte metagene E,macrophage_monocyte,CUX1,UP_IN_STATE,GSE136103,scRNA-seq,mixed nonviral cirrhosis,Supplementary Table 9,supplementary file,TRUE,REUSED,TISSUE_MONOCYTE; exact author metagene list; external only outside GSE136103
RAM2019_MAC_SIG_E_TMO,Ramachandran2019_Nature,tissue-monocyte metagene E,macrophage_monocyte,PIK3CG,UP_IN_STATE,GSE136103,scRNA-seq,mixed nonviral cirrhosis,Supplementary Table 9,supplementary file,TRUE,REUSED,TISSUE_MONOCYTE; exact author metagene list; external only outside GSE136103
RAM2019_MAC_SIG_E_TMO,Ramachandran2019_Nature,tissue-monocyte metagene E,macrophage_monocyte,PNPLA8,UP_IN_STATE,GSE136103,scRNA-seq,mixed nonviral cirrhosis,Supplementary Table 9,supplementary file,TRUE,REUSED,TISSUE_MONOCYTE; exact author metagene list; external only outside GSE136103
RAM2019_MAC_SIG_E_TMO,Ramachandran2019_Nature,tissue-monocyte metagene E,macrophage_monocyte,TES,UP_IN_STATE,GSE136103,scRNA-seq,mixed nonviral cirrhosis,Supplementary Table 9,supplementary file,TRUE,REUSED,TISSUE_MONOCYTE; exact author metagene list; external only outside GSE136103
RAM2019_MAC_SIG_E_TMO,Ramachandran2019_Nature,tissue-monocyte metagene E,macrophage_monocyte,IL3RA,UP_IN_STATE,GSE136103,scRNA-seq,mixed nonviral cirrhosis,Supplementary Table 9,supplementary file,TRUE,REUSED,TISSUE_MONOCYTE; exact author metagene list; external only outside GSE136103
RAM2019_MAC_SIG_E_TMO,Ramachandran2019_Nature,tissue-monocyte metagene E,macrophage_monocyte,GK,UP_IN_STATE,GSE136103,scRNA-seq,mixed nonviral cirrhosis,Supplementary Table 9,supplementary file,TRUE,REUSED,TISSUE_MONOCYTE; exact author metagene list; external only outside GSE136103
RAM2019_MAC_SIG_E_TMO,Ramachandran2019_Nature,tissue-monocyte metagene E,macrophage_monocyte,RP6-159A1.4,UP_IN_STATE,GSE136103,scRNA-seq,mixed nonviral cirrhosis,Supplementary Table 9,supplementary file,TRUE,REUSED,TISSUE_MONOCYTE; exact author metagene list; external only outside GSE136103
RAM2019_MAC_SIG_E_TMO,Ramachandran2019_Nature,tissue-monocyte metagene E,macrophage_monocyte,NHSL2,UP_IN_STATE,GSE136103,scRNA-seq,mixed nonviral cirrhosis,Supplementary Table 9,supplementary file,TRUE,REUSED,TISSUE_MONOCYTE; exact author metagene list; external only outside GSE136103
RAM2019_MAC_SIG_E_TMO,Ramachandran2019_Nature,tissue-monocyte metagene E,macrophage_monocyte,SASH3,UP_IN_STATE,GSE136103,scRNA-seq,mixed nonviral cirrhosis,Supplementary Table 9,supplementary file,TRUE,REUSED,TISSUE_MONOCYTE; exact author metagene list; external only outside GSE136103
RAM2019_MAC_SIG_E_TMO,Ramachandran2019_Nature,tissue-monocyte metagene E,macrophage_monocyte,G6PD,UP_IN_STATE,GSE136103,scRNA-seq,mixed nonviral cirrhosis,Supplementary Table 9,supplementary file,TRUE,REUSED,TISSUE_MONOCYTE; exact author metagene list; external only outside GSE136103
RAM2019_MAC_SIG_E_TMO,Ramachandran2019_Nature,tissue-monocyte metagene E,macrophage_monocyte,ERICH1,UP_IN_STATE,GSE136103,scRNA-seq,mixed nonviral cirrhosis,Supplementary Table 9,supplementary file,TRUE,REUSED,TISSUE_MONOCYTE; exact author metagene list; external only outside GSE136103
RAM2019_MAC_SIG_E_TMO,Ramachandran2019_Nature,tissue-monocyte metagene E,macrophage_monocyte,SLC25A37,UP_IN_STATE,GSE136103,scRNA-seq,mixed nonviral cirrhosis,Supplementary Table 9,supplementary file,TRUE,REUSED,TISSUE_MONOCYTE; exact author metagene list; external only outside GSE136103
RAM2019_MAC_SIG_E_TMO,Ramachandran2019_Nature,tissue-monocyte metagene E,macrophage_monocyte,PTK2B,UP_IN_STATE,GSE136103,scRNA-seq,mixed nonviral cirrhosis,Supplementary Table 9,supplementary file,TRUE,REUSED,TISSUE_MONOCYTE; exact author metagene list; external only outside GSE136103
RAM2019_MAC_SIG_E_TMO,Ramachandran2019_Nature,tissue-monocyte metagene E,macrophage_monocyte,NRG1,UP_IN_STATE,GSE136103,scRNA-seq,mixed nonviral cirrhosis,Supplementary Table 9,supplementary file,TRUE,REUSED,TISSUE_MONOCYTE; exact author metagene list; external only outside GSE136103
RAM2019_MAC_SIG_E_TMO,Ramachandran2019_Nature,tissue-monocyte metagene E,macrophage_monocyte,ZNF703,UP_IN_STATE,GSE136103,scRNA-seq,mixed nonviral cirrhosis,Supplementary Table 9,supplementary file,TRUE,REUSED,TISSUE_MONOCYTE; exact author metagene list; external only outside GSE136103
RAM2019_MAC_SIG_E_TMO,Ramachandran2019_Nature,tissue-monocyte metagene E,macrophage_monocyte,KLF10,UP_IN_STATE,GSE136103,scRNA-seq,mixed nonviral cirrhosis,Supplementary Table 9,supplementary file,TRUE,REUSED,TISSUE_MONOCYTE; exact author metagene list; external only outside GSE136103
RAM2019_MAC_SIG_E_TMO,Ramachandran2019_Nature,tissue-monocyte metagene E,macrophage_monocyte,PHF20L1,UP_IN_STATE,GSE136103,scRNA-seq,mixed nonviral cirrhosis,Supplementary Table 9,supplementary file,TRUE,REUSED,TISSUE_MONOCYTE; exact author metagene list; external only outside GSE136103
RAM2019_MAC_SIG_E_TMO,Ramachandran2019_Nature,tissue-monocyte metagene E,macrophage_monocyte,SLA,UP_IN_STATE,GSE136103,scRNA-seq,mixed nonviral cirrhosis,Supplementary Table 9,supplementary file,TRUE,REUSED,TISSUE_MONOCYTE; exact author metagene list; external only outside GSE136103
RAM2019_MAC_SIG_E_TMO,Ramachandran2019_Nature,tissue-monocyte metagene E,macrophage_monocyte,NDRG1,UP_IN_STATE,GSE136103,scRNA-seq,mixed nonviral cirrhosis,Supplementary Table 9,supplementary file,TRUE,REUSED,TISSUE_MONOCYTE; exact author metagene list; external only outside GSE136103
RAM2019_MAC_SIG_E_TMO,Ramachandran2019_Nature,tissue-monocyte metagene E,macrophage_monocyte,CHRAC1,UP_IN_STATE,GSE136103,scRNA-seq,mixed nonviral cirrhosis,Supplementary Table 9,supplementary file,TRUE,REUSED,TISSUE_MONOCYTE; exact author metagene list; external only outside GSE136103
RAM2019_MAC_SIG_E_TMO,Ramachandran2019_Nature,tissue-monocyte metagene E,macrophage_monocyte,PTP4A3,UP_IN_STATE,GSE136103,scRNA-seq,mixed nonviral cirrhosis,Supplementary Table 9,supplementary file,TRUE,REUSED,TISSUE_MONOCYTE; exact author metagene list; external only outside GSE136103
RAM2019_MAC_SIG_E_TMO,Ramachandran2019_Nature,tissue-monocyte metagene E,macrophage_monocyte,LYPD2,UP_IN_STATE,GSE136103,scRNA-seq,mixed nonviral cirrhosis,Supplementary Table 9,supplementary file,TRUE,REUSED,TISSUE_MONOCYTE; exact author metagene list; external only outside GSE136103
RAM2019_MAC_SIG_E_TMO,Ramachandran2019_Nature,tissue-monocyte metagene E,macrophage_monocyte,PLEC,UP_IN_STATE,GSE136103,scRNA-seq,mixed nonviral cirrhosis,Supplementary Table 9,supplementary file,TRUE,REUSED,TISSUE_MONOCYTE; exact author metagene list; external only outside GSE136103
RAM2019_MAC_SIG_E_TMO,Ramachandran2019_Nature,tissue-monocyte metagene E,macrophage_monocyte,C9orf72,UP_IN_STATE,GSE136103,scRNA-seq,mixed nonviral cirrhosis,Supplementary Table 9,supplementary file,TRUE,REUSED,TISSUE_MONOCYTE; exact author metagene list; external only outside GSE136103
RAM2019_MAC_SIG_E_TMO,Ramachandran2019_Nature,tissue-monocyte metagene E,macrophage_monocyte,UBE2R2,UP_IN_STATE,GSE136103,scRNA-seq,mixed nonviral cirrhosis,Supplementary Table 9,supplementary file,TRUE,REUSED,TISSUE_MONOCYTE; exact author metagene list; external only outside GSE136103
RAM2019_MAC_SIG_E_TMO,Ramachandran2019_Nature,tissue-monocyte metagene E,macrophage_monocyte,FAM214B,UP_IN_STATE,GSE136103,scRNA-seq,mixed nonviral cirrhosis,Supplementary Table 9,supplementary file,TRUE,REUSED,TISSUE_MONOCYTE; exact author metagene list; external only outside GSE136103
RAM2019_MAC_SIG_E_TMO,Ramachandran2019_Nature,tissue-monocyte metagene E,macrophage_monocyte,ZCCHC6,UP_IN_STATE,GSE136103,scRNA-seq,mixed nonviral cirrhosis,Supplementary Table 9,supplementary file,TRUE,REUSED,TISSUE_MONOCYTE; exact author metagene list; external only outside GSE136103
RAM2019_MAC_SIG_E_TMO,Ramachandran2019_Nature,tissue-monocyte metagene E,macrophage_monocyte,NFIL3,UP_IN_STATE,GSE136103,scRNA-seq,mixed nonviral cirrhosis,Supplementary Table 9,supplementary file,TRUE,REUSED,TISSUE_MONOCYTE; exact author metagene list; external only outside GSE136103
RAM2019_MAC_SIG_E_TMO,Ramachandran2019_Nature,tissue-monocyte metagene E,macrophage_monocyte,MEGF9,UP_IN_STATE,GSE136103,scRNA-seq,mixed nonviral cirrhosis,Supplementary Table 9,supplementary file,TRUE,REUSED,TISSUE_MONOCYTE; exact author metagene list; external only outside GSE136103
RAM2019_MAC_SIG_E_TMO,Ramachandran2019_Nature,tissue-monocyte metagene E,macrophage_monocyte,SH2D3C,UP_IN_STATE,GSE136103,scRNA-seq,mixed nonviral cirrhosis,Supplementary Table 9,supplementary file,TRUE,REUSED,TISSUE_MONOCYTE; exact author metagene list; external only outside GSE136103
RAM2019_MAC_SIG_E_TMO,Ramachandran2019_Nature,tissue-monocyte metagene E,macrophage_monocyte,SLC2A6,UP_IN_STATE,GSE136103,scRNA-seq,mixed nonviral cirrhosis,Supplementary Table 9,supplementary file,TRUE,REUSED,TISSUE_MONOCYTE; exact author metagene list; external only outside GSE136103
RAM2019_MAC_SIG_E_TMO,Ramachandran2019_Nature,tissue-monocyte metagene E,macrophage_monocyte,IFITM1,UP_IN_STATE,GSE136103,scRNA-seq,mixed nonviral cirrhosis,Supplementary Table 9,supplementary file,TRUE,REUSED,TISSUE_MONOCYTE; exact author metagene list; external only outside GSE136103
RAM2019_MAC_SIG_E_TMO,Ramachandran2019_Nature,tissue-monocyte metagene E,macrophage_monocyte,PNPLA2,UP_IN_STATE,GSE136103,scRNA-seq,mixed nonviral cirrhosis,Supplementary Table 9,supplementary file,TRUE,REUSED,TISSUE_MONOCYTE; exact author metagene list; external only outside GSE136103
RAM2019_MAC_SIG_E_TMO,Ramachandran2019_Nature,tissue-monocyte metagene E,macrophage_monocyte,C11orf21,UP_IN_STATE,GSE136103,scRNA-seq,mixed nonviral cirrhosis,Supplementary Table 9,supplementary file,TRUE,REUSED,TISSUE_MONOCYTE; exact author metagene list; external only outside GSE136103
RAM2019_MAC_SIG_E_TMO,Ramachandran2019_Nature,tissue-monocyte metagene E,macrophage_monocyte,CDKN1C,UP_IN_STATE,GSE136103,scRNA-seq,mixed nonviral cirrhosis,Supplementary Table 9,supplementary file,TRUE,REUSED,TISSUE_MONOCYTE; exact author metagene list; external only outside GSE136103
RAM2019_MAC_SIG_E_TMO,Ramachandran2019_Nature,tissue-monocyte metagene E,macrophage_monocyte,DENND5A,UP_IN_STATE,GSE136103,scRNA-seq,mixed nonviral cirrhosis,Supplementary Table 9,supplementary file,TRUE,REUSED,TISSUE_MONOCYTE; exact author metagene list; external only outside GSE136103
RAM2019_MAC_SIG_E_TMO,Ramachandran2019_Nature,tissue-monocyte metagene E,macrophage_monocyte,AHNAK,UP_IN_STATE,GSE136103,scRNA-seq,mixed nonviral cirrhosis,Supplementary Table 9,supplementary file,TRUE,REUSED,TISSUE_MONOCYTE; exact author metagene list; external only outside GSE136103
RAM2019_MAC_SIG_E_TMO,Ramachandran2019_Nature,tissue-monocyte metagene E,macrophage_monocyte,RASGRP2,UP_IN_STATE,GSE136103,scRNA-seq,mixed nonviral cirrhosis,Supplementary Table 9,supplementary file,TRUE,REUSED,TISSUE_MONOCYTE; exact author metagene list; external only outside GSE136103
RAM2019_MAC_SIG_E_TMO,Ramachandran2019_Nature,tissue-monocyte metagene E,macrophage_monocyte,CDC42EP2,UP_IN_STATE,GSE136103,scRNA-seq,mixed nonviral cirrhosis,Supplementary Table 9,supplementary file,TRUE,REUSED,TISSUE_MONOCYTE; exact author metagene list; external only outside GSE136103
RAM2019_MAC_SIG_E_TMO,Ramachandran2019_Nature,tissue-monocyte metagene E,macrophage_monocyte,MALAT1,UP_IN_STATE,GSE136103,scRNA-seq,mixed nonviral cirrhosis,Supplementary Table 9,supplementary file,TRUE,REUSED,TISSUE_MONOCYTE; exact author metagene list; external only outside GSE136103
RAM2019_MAC_SIG_E_TMO,Ramachandran2019_Nature,tissue-monocyte metagene E,macrophage_monocyte,ADRBK1,UP_IN_STATE,GSE136103,scRNA-seq,mixed nonviral cirrhosis,Supplementary Table 9,supplementary file,TRUE,REUSED,TISSUE_MONOCYTE; exact author metagene list; external only outside GSE136103
RAM2019_MAC_SIG_E_TMO,Ramachandran2019_Nature,tissue-monocyte metagene E,macrophage_monocyte,RAD9A,UP_IN_STATE,GSE136103,scRNA-seq,mixed nonviral cirrhosis,Supplementary Table 9,supplementary file,TRUE,REUSED,TISSUE_MONOCYTE; exact author metagene list; external only outside GSE136103
RAM2019_MAC_SIG_E_TMO,Ramachandran2019_Nature,tissue-monocyte metagene E,macrophage_monocyte,TBC1D10C,UP_IN_STATE,GSE136103,scRNA-seq,mixed nonviral cirrhosis,Supplementary Table 9,supplementary file,TRUE,REUSED,TISSUE_MONOCYTE; exact author metagene list; external only outside GSE136103
RAM2019_MAC_SIG_E_TMO,Ramachandran2019_Nature,tissue-monocyte metagene E,macrophage_monocyte,ALDH3B1,UP_IN_STATE,GSE136103,scRNA-seq,mixed nonviral cirrhosis,Supplementary Table 9,supplementary file,TRUE,REUSED,TISSUE_MONOCYTE; exact author metagene list; external only outside GSE136103
RAM2019_MAC_SIG_E_TMO,Ramachandran2019_Nature,tissue-monocyte metagene E,macrophage_monocyte,TCIRG1,UP_IN_STATE,GSE136103,scRNA-seq,mixed nonviral cirrhosis,Supplementary Table 9,supplementary file,TRUE,REUSED,TISSUE_MONOCYTE; exact author metagene list; external only outside GSE136103
RAM2019_MAC_SIG_E_TMO,Ramachandran2019_Nature,tissue-monocyte metagene E,macrophage_monocyte,ATG16L2,UP_IN_STATE,GSE136103,scRNA-seq,mixed nonviral cirrhosis,Supplementary Table 9,supplementary file,TRUE,REUSED,TISSUE_MONOCYTE; exact author metagene list; external only outside GSE136103
RAM2019_MAC_SIG_E_TMO,Ramachandran2019_Nature,tissue-monocyte metagene E,macrophage_monocyte,RELT,UP_IN_STATE,GSE136103,scRNA-seq,mixed nonviral cirrhosis,Supplementary Table 9,supplementary file,TRUE,REUSED,TISSUE_MONOCYTE; exact author metagene list; external only outside GSE136103
RAM2019_MAC_SIG_E_TMO,Ramachandran2019_Nature,tissue-monocyte metagene E,macrophage_monocyte,SLC36A4,UP_IN_STATE,GSE136103,scRNA-seq,mixed nonviral cirrhosis,Supplementary Table 9,supplementary file,TRUE,REUSED,TISSUE_MONOCYTE; exact author metagene list; external only outside GSE136103
RAM2019_MAC_SIG_E_TMO,Ramachandran2019_Nature,tissue-monocyte metagene E,macrophage_monocyte,NRGN,UP_IN_STATE,GSE136103,scRNA-seq,mixed nonviral cirrhosis,Supplementary Table 9,supplementary file,TRUE,REUSED,TISSUE_MONOCYTE; exact author metagene list; external only outside GSE136103
RAM2019_MAC_SIG_E_TMO,Ramachandran2019_Nature,tissue-monocyte metagene E,macrophage_monocyte,SVIL,UP_IN_STATE,GSE136103,scRNA-seq,mixed nonviral cirrhosis,Supplementary Table 9,supplementary file,TRUE,REUSED,TISSUE_MONOCYTE; exact author metagene list; external only outside GSE136103
RAM2019_MAC_SIG_E_TMO,Ramachandran2019_Nature,tissue-monocyte metagene E,macrophage_monocyte,CCNY,UP_IN_STATE,GSE136103,scRNA-seq,mixed nonviral cirrhosis,Supplementary Table 9,supplementary file,TRUE,REUSED,TISSUE_MONOCYTE; exact author metagene list; external only outside GSE136103
RAM2019_MAC_SIG_E_TMO,Ramachandran2019_Nature,tissue-monocyte metagene E,macrophage_monocyte,CSGALNACT2,UP_IN_STATE,GSE136103,scRNA-seq,mixed nonviral cirrhosis,Supplementary Table 9,supplementary file,TRUE,REUSED,TISSUE_MONOCYTE; exact author metagene list; external only outside GSE136103
RAM2019_MAC_SIG_E_TMO,Ramachandran2019_Nature,tissue-monocyte metagene E,macrophage_monocyte,UBE2D1,UP_IN_STATE,GSE136103,scRNA-seq,mixed nonviral cirrhosis,Supplementary Table 9,supplementary file,TRUE,REUSED,TISSUE_MONOCYTE; exact author metagene list; external only outside GSE136103
RAM2019_MAC_SIG_E_TMO,Ramachandran2019_Nature,tissue-monocyte metagene E,macrophage_monocyte,HK1,UP_IN_STATE,GSE136103,scRNA-seq,mixed nonviral cirrhosis,Supplementary Table 9,supplementary file,TRUE,REUSED,TISSUE_MONOCYTE; exact author metagene list; external only outside GSE136103
RAM2019_MAC_SIG_E_TMO,Ramachandran2019_Nature,tissue-monocyte metagene E,macrophage_monocyte,CDH23,UP_IN_STATE,GSE136103,scRNA-seq,mixed nonviral cirrhosis,Supplementary Table 9,supplementary file,TRUE,REUSED,TISSUE_MONOCYTE; exact author metagene list; external only outside GSE136103
RAM2019_MAC_SIG_E_TMO,Ramachandran2019_Nature,tissue-monocyte metagene E,macrophage_monocyte,VCL,UP_IN_STATE,GSE136103,scRNA-seq,mixed nonviral cirrhosis,Supplementary Table 9,supplementary file,TRUE,REUSED,TISSUE_MONOCYTE; exact author metagene list; external only outside GSE136103
RAM2019_MAC_SIG_E_TMO,Ramachandran2019_Nature,tissue-monocyte metagene E,macrophage_monocyte,PPIF,UP_IN_STATE,GSE136103,scRNA-seq,mixed nonviral cirrhosis,Supplementary Table 9,supplementary file,TRUE,REUSED,TISSUE_MONOCYTE; exact author metagene list; external only outside GSE136103
RAM2019_MAC_SIG_E_TMO,Ramachandran2019_Nature,tissue-monocyte metagene E,macrophage_monocyte,NEURL1,UP_IN_STATE,GSE136103,scRNA-seq,mixed nonviral cirrhosis,Supplementary Table 9,supplementary file,TRUE,REUSED,TISSUE_MONOCYTE; exact author metagene list; external only outside GSE136103
RAM2019_MAC_SIG_E_TMO,Ramachandran2019_Nature,tissue-monocyte metagene E,macrophage_monocyte,FAM45A,UP_IN_STATE,GSE136103,scRNA-seq,mixed nonviral cirrhosis,Supplementary Table 9,supplementary file,TRUE,REUSED,TISSUE_MONOCYTE; exact author metagene list; external only outside GSE136103
RAM2019_MAC_SIG_E_TMO,Ramachandran2019_Nature,tissue-monocyte metagene E,macrophage_monocyte,OAT,UP_IN_STATE,GSE136103,scRNA-seq,mixed nonviral cirrhosis,Supplementary Table 9,supplementary file,TRUE,REUSED,TISSUE_MONOCYTE; exact author metagene list; external only outside GSE136103
RAM2019_MAC_SIG_E_TMO,Ramachandran2019_Nature,tissue-monocyte metagene E,macrophage_monocyte,CTBP2,UP_IN_STATE,GSE136103,scRNA-seq,mixed nonviral cirrhosis,Supplementary Table 9,supplementary file,TRUE,REUSED,TISSUE_MONOCYTE; exact author metagene list; external only outside GSE136103
RAM2019_MAC_SIG_E_TMO,Ramachandran2019_Nature,tissue-monocyte metagene E,macrophage_monocyte,CLEC4D,UP_IN_STATE,GSE136103,scRNA-seq,mixed nonviral cirrhosis,Supplementary Table 9,supplementary file,TRUE,REUSED,TISSUE_MONOCYTE; exact author metagene list; external only outside GSE136103
RAM2019_MAC_SIG_E_TMO,Ramachandran2019_Nature,tissue-monocyte metagene E,macrophage_monocyte,CLEC4E,UP_IN_STATE,GSE136103,scRNA-seq,mixed nonviral cirrhosis,Supplementary Table 9,supplementary file,TRUE,REUSED,TISSUE_MONOCYTE; exact author metagene list; external only outside GSE136103
RAM2019_MAC_SIG_E_TMO,Ramachandran2019_Nature,tissue-monocyte metagene E,macrophage_monocyte,CLEC7A,UP_IN_STATE,GSE136103,scRNA-seq,mixed nonviral cirrhosis,Supplementary Table 9,supplementary file,TRUE,REUSED,TISSUE_MONOCYTE; exact author metagene list; external only outside GSE136103
RAM2019_MAC_SIG_E_TMO,Ramachandran2019_Nature,tissue-monocyte metagene E,macrophage_monocyte,GABARAPL1,UP_IN_STATE,GSE136103,scRNA-seq,mixed nonviral cirrhosis,Supplementary Table 9,supplementary file,TRUE,REUSED,TISSUE_MONOCYTE; exact author metagene list; external only outside GSE136103
RAM2019_MAC_SIG_E_TMO,Ramachandran2019_Nature,tissue-monocyte metagene E,macrophage_monocyte,MGST1,UP_IN_STATE,GSE136103,scRNA-seq,mixed nonviral cirrhosis,Supplementary Table 9,supplementary file,TRUE,REUSED,TISSUE_MONOCYTE; exact author metagene list; external only outside GSE136103
RAM2019_MAC_SIG_E_TMO,Ramachandran2019_Nature,tissue-monocyte metagene E,macrophage_monocyte,KRAS,UP_IN_STATE,GSE136103,scRNA-seq,mixed nonviral cirrhosis,Supplementary Table 9,supplementary file,TRUE,REUSED,TISSUE_MONOCYTE; exact author metagene list; external only outside GSE136103
RAM2019_MAC_SIG_E_TMO,Ramachandran2019_Nature,tissue-monocyte metagene E,macrophage_monocyte,FGD4,UP_IN_STATE,GSE136103,scRNA-seq,mixed nonviral cirrhosis,Supplementary Table 9,supplementary file,TRUE,REUSED,TISSUE_MONOCYTE; exact author metagene list; external only outside GSE136103
RAM2019_MAC_SIG_E_TMO,Ramachandran2019_Nature,tissue-monocyte metagene E,macrophage_monocyte,LRRK2,UP_IN_STATE,GSE136103,scRNA-seq,mixed nonviral cirrhosis,Supplementary Table 9,supplementary file,TRUE,REUSED,TISSUE_MONOCYTE; exact author metagene list; external only outside GSE136103
RAM2019_MAC_SIG_E_TMO,Ramachandran2019_Nature,tissue-monocyte metagene E,macrophage_monocyte,RNF41,UP_IN_STATE,GSE136103,scRNA-seq,mixed nonviral cirrhosis,Supplementary Table 9,supplementary file,TRUE,REUSED,TISSUE_MONOCYTE; exact author metagene list; external only outside GSE136103
RAM2019_MAC_SIG_E_TMO,Ramachandran2019_Nature,tissue-monocyte metagene E,macrophage_monocyte,BAZ2A,UP_IN_STATE,GSE136103,scRNA-seq,mixed nonviral cirrhosis,Supplementary Table 9,supplementary file,TRUE,REUSED,TISSUE_MONOCYTE; exact author metagene list; external only outside GSE136103
RAM2019_MAC_SIG_E_TMO,Ramachandran2019_Nature,tissue-monocyte metagene E,macrophage_monocyte,STAT6,UP_IN_STATE,GSE136103,scRNA-seq,mixed nonviral cirrhosis,Supplementary Table 9,supplementary file,TRUE,REUSED,TISSUE_MONOCYTE; exact author metagene list; external only outside GSE136103
RAM2019_MAC_SIG_E_TMO,Ramachandran2019_Nature,tissue-monocyte metagene E,macrophage_monocyte,USP15,UP_IN_STATE,GSE136103,scRNA-seq,mixed nonviral cirrhosis,Supplementary Table 9,supplementary file,TRUE,REUSED,TISSUE_MONOCYTE; exact author metagene list; external only outside GSE136103
RAM2019_MAC_SIG_E_TMO,Ramachandran2019_Nature,tissue-monocyte metagene E,macrophage_monocyte,IRAK3,UP_IN_STATE,GSE136103,scRNA-seq,mixed nonviral cirrhosis,Supplementary Table 9,supplementary file,TRUE,REUSED,TISSUE_MONOCYTE; exact author metagene list; external only outside GSE136103
RAM2019_MAC_SIG_E_TMO,Ramachandran2019_Nature,tissue-monocyte metagene E,macrophage_monocyte,RAP1B,UP_IN_STATE,GSE136103,scRNA-seq,mixed nonviral cirrhosis,Supplementary Table 9,supplementary file,TRUE,REUSED,TISSUE_MONOCYTE; exact author metagene list; external only outside GSE136103
RAM2019_MAC_SIG_E_TMO,Ramachandran2019_Nature,tissue-monocyte metagene E,macrophage_monocyte,LINC00936,UP_IN_STATE,GSE136103,scRNA-seq,mixed nonviral cirrhosis,Supplementary Table 9,supplementary file,TRUE,REUSED,TISSUE_MONOCYTE; exact author metagene list; external only outside GSE136103
RAM2019_MAC_SIG_E_TMO,Ramachandran2019_Nature,tissue-monocyte metagene E,macrophage_monocyte,PLXNC1,UP_IN_STATE,GSE136103,scRNA-seq,mixed nonviral cirrhosis,Supplementary Table 9,supplementary file,TRUE,REUSED,TISSUE_MONOCYTE; exact author metagene list; external only outside GSE136103
RAM2019_MAC_SIG_E_TMO,Ramachandran2019_Nature,tissue-monocyte metagene E,macrophage_monocyte,TMPO,UP_IN_STATE,GSE136103,scRNA-seq,mixed nonviral cirrhosis,Supplementary Table 9,supplementary file,TRUE,REUSED,TISSUE_MONOCYTE; exact author metagene list; external only outside GSE136103
RAM2019_MAC_SIG_E_TMO,Ramachandran2019_Nature,tissue-monocyte metagene E,macrophage_monocyte,TDG,UP_IN_STATE,GSE136103,scRNA-seq,mixed nonviral cirrhosis,Supplementary Table 9,supplementary file,TRUE,REUSED,TISSUE_MONOCYTE; exact author metagene list; external only outside GSE136103
RAM2019_MAC_SIG_E_TMO,Ramachandran2019_Nature,tissue-monocyte metagene E,macrophage_monocyte,CKAP4,UP_IN_STATE,GSE136103,scRNA-seq,mixed nonviral cirrhosis,Supplementary Table 9,supplementary file,TRUE,REUSED,TISSUE_MONOCYTE; exact author metagene list; external only outside GSE136103
RAM2019_MAC_SIG_E_TMO,Ramachandran2019_Nature,tissue-monocyte metagene E,macrophage_monocyte,SELPLG,UP_IN_STATE,GSE136103,scRNA-seq,mixed nonviral cirrhosis,Supplementary Table 9,supplementary file,TRUE,REUSED,TISSUE_MONOCYTE; exact author metagene list; external only outside GSE136103
RAM2019_MAC_SIG_E_TMO,Ramachandran2019_Nature,tissue-monocyte metagene E,macrophage_monocyte,TESC,UP_IN_STATE,GSE136103,scRNA-seq,mixed nonviral cirrhosis,Supplementary Table 9,supplementary file,TRUE,REUSED,TISSUE_MONOCYTE; exact author metagene list; external only outside GSE136103
RAM2019_MAC_SIG_E_TMO,Ramachandran2019_Nature,tissue-monocyte metagene E,macrophage_monocyte,ZDHHC20,UP_IN_STATE,GSE136103,scRNA-seq,mixed nonviral cirrhosis,Supplementary Table 9,supplementary file,TRUE,REUSED,TISSUE_MONOCYTE; exact author metagene list; external only outside GSE136103
RAM2019_MAC_SIG_E_TMO,Ramachandran2019_Nature,tissue-monocyte metagene E,macrophage_monocyte,UBAC2,UP_IN_STATE,GSE136103,scRNA-seq,mixed nonviral cirrhosis,Supplementary Table 9,supplementary file,TRUE,REUSED,TISSUE_MONOCYTE; exact author metagene list; external only outside GSE136103
RAM2019_MAC_SIG_E_TMO,Ramachandran2019_Nature,tissue-monocyte metagene E,macrophage_monocyte,IRS2,UP_IN_STATE,GSE136103,scRNA-seq,mixed nonviral cirrhosis,Supplementary Table 9,supplementary file,TRUE,REUSED,TISSUE_MONOCYTE; exact author metagene list; external only outside GSE136103
RAM2019_MAC_SIG_E_TMO,Ramachandran2019_Nature,tissue-monocyte metagene E,macrophage_monocyte,RNASE2,UP_IN_STATE,GSE136103,scRNA-seq,mixed nonviral cirrhosis,Supplementary Table 9,supplementary file,TRUE,REUSED,TISSUE_MONOCYTE; exact author metagene list; external only outside GSE136103
RAM2019_MAC_SIG_E_TMO,Ramachandran2019_Nature,tissue-monocyte metagene E,macrophage_monocyte,SIPA1L1,UP_IN_STATE,GSE136103,scRNA-seq,mixed nonviral cirrhosis,Supplementary Table 9,supplementary file,TRUE,REUSED,TISSUE_MONOCYTE; exact author metagene list; external only outside GSE136103
RAM2019_MAC_SIG_E_TMO,Ramachandran2019_Nature,tissue-monocyte metagene E,macrophage_monocyte,PSEN1,UP_IN_STATE,GSE136103,scRNA-seq,mixed nonviral cirrhosis,Supplementary Table 9,supplementary file,TRUE,REUSED,TISSUE_MONOCYTE; exact author metagene list; external only outside GSE136103
RAM2019_MAC_SIG_E_TMO,Ramachandran2019_Nature,tissue-monocyte metagene E,macrophage_monocyte,NUMB,UP_IN_STATE,GSE136103,scRNA-seq,mixed nonviral cirrhosis,Supplementary Table 9,supplementary file,TRUE,REUSED,TISSUE_MONOCYTE; exact author metagene list; external only outside GSE136103
RAM2019_MAC_SIG_E_TMO,Ramachandran2019_Nature,tissue-monocyte metagene E,macrophage_monocyte,CCDC88C,UP_IN_STATE,GSE136103,scRNA-seq,mixed nonviral cirrhosis,Supplementary Table 9,supplementary file,TRUE,REUSED,TISSUE_MONOCYTE; exact author metagene list; external only outside GSE136103
RAM2019_MAC_SIG_E_TMO,Ramachandran2019_Nature,tissue-monocyte metagene E,macrophage_monocyte,SLC24A4,UP_IN_STATE,GSE136103,scRNA-seq,mixed nonviral cirrhosis,Supplementary Table 9,supplementary file,TRUE,REUSED,TISSUE_MONOCYTE; exact author metagene list; external only outside GSE136103
RAM2019_MAC_SIG_E_TMO,Ramachandran2019_Nature,tissue-monocyte metagene E,macrophage_monocyte,RIN3,UP_IN_STATE,GSE136103,scRNA-seq,mixed nonviral cirrhosis,Supplementary Table 9,supplementary file,TRUE,REUSED,TISSUE_MONOCYTE; exact author metagene list; external only outside GSE136103
RAM2019_MAC_SIG_E_TMO,Ramachandran2019_Nature,tissue-monocyte metagene E,macrophage_monocyte,WARS,UP_IN_STATE,GSE136103,scRNA-seq,mixed nonviral cirrhosis,Supplementary Table 9,supplementary file,TRUE,REUSED,TISSUE_MONOCYTE; exact author metagene list; external only outside GSE136103
RAM2019_MAC_SIG_E_TMO,Ramachandran2019_Nature,tissue-monocyte metagene E,macrophage_monocyte,KLF13,UP_IN_STATE,GSE136103,scRNA-seq,mixed nonviral cirrhosis,Supplementary Table 9,supplementary file,TRUE,REUSED,TISSUE_MONOCYTE; exact author metagene list; external only outside GSE136103
RAM2019_MAC_SIG_E_TMO,Ramachandran2019_Nature,tissue-monocyte metagene E,macrophage_monocyte,RP11-1008C21.1,UP_IN_STATE,GSE136103,scRNA-seq,mixed nonviral cirrhosis,Supplementary Table 9,supplementary file,TRUE,REUSED,TISSUE_MONOCYTE; exact author metagene list; external only outside GSE136103
RAM2019_MAC_SIG_E_TMO,Ramachandran2019_Nature,tissue-monocyte metagene E,macrophage_monocyte,CHP1,UP_IN_STATE,GSE136103,scRNA-seq,mixed nonviral cirrhosis,Supplementary Table 9,supplementary file,TRUE,REUSED,TISSUE_MONOCYTE; exact author metagene list; external only outside GSE136103
RAM2019_MAC_SIG_E_TMO,Ramachandran2019_Nature,tissue-monocyte metagene E,macrophage_monocyte,RAB27A,UP_IN_STATE,GSE136103,scRNA-seq,mixed nonviral cirrhosis,Supplementary Table 9,supplementary file,TRUE,REUSED,TISSUE_MONOCYTE; exact author metagene list; external only outside GSE136103
RAM2019_MAC_SIG_E_TMO,Ramachandran2019_Nature,tissue-monocyte metagene E,macrophage_monocyte,AQP9,UP_IN_STATE,GSE136103,scRNA-seq,mixed nonviral cirrhosis,Supplementary Table 9,supplementary file,TRUE,REUSED,TISSUE_MONOCYTE; exact author metagene list; external only outside GSE136103
RAM2019_MAC_SIG_E_TMO,Ramachandran2019_Nature,tissue-monocyte metagene E,macrophage_monocyte,USP3,UP_IN_STATE,GSE136103,scRNA-seq,mixed nonviral cirrhosis,Supplementary Table 9,supplementary file,TRUE,REUSED,TISSUE_MONOCYTE; exact author metagene list; external only outside GSE136103
RAM2019_MAC_SIG_E_TMO,Ramachandran2019_Nature,tissue-monocyte metagene E,macrophage_monocyte,TIPIN,UP_IN_STATE,GSE136103,scRNA-seq,mixed nonviral cirrhosis,Supplementary Table 9,supplementary file,TRUE,REUSED,TISSUE_MONOCYTE; exact author metagene list; external only outside GSE136103
RAM2019_MAC_SIG_E_TMO,Ramachandran2019_Nature,tissue-monocyte metagene E,macrophage_monocyte,MAP2K1,UP_IN_STATE,GSE136103,scRNA-seq,mixed nonviral cirrhosis,Supplementary Table 9,supplementary file,TRUE,REUSED,TISSUE_MONOCYTE; exact author metagene list; external only outside GSE136103
RAM2019_MAC_SIG_E_TMO,Ramachandran2019_Nature,tissue-monocyte metagene E,macrophage_monocyte,PPCDC,UP_IN_STATE,GSE136103,scRNA-seq,mixed nonviral cirrhosis,Supplementary Table 9,supplementary file,TRUE,REUSED,TISSUE_MONOCYTE; exact author metagene list; external only outside GSE136103
RAM2019_MAC_SIG_E_TMO,Ramachandran2019_Nature,tissue-monocyte metagene E,macrophage_monocyte,C15orf39,UP_IN_STATE,GSE136103,scRNA-seq,mixed nonviral cirrhosis,Supplementary Table 9,supplementary file,TRUE,REUSED,TISSUE_MONOCYTE; exact author metagene list; external only outside GSE136103
RAM2019_MAC_SIG_E_TMO,Ramachandran2019_Nature,tissue-monocyte metagene E,macrophage_monocyte,PSTPIP1,UP_IN_STATE,GSE136103,scRNA-seq,mixed nonviral cirrhosis,Supplementary Table 9,supplementary file,TRUE,REUSED,TISSUE_MONOCYTE; exact author metagene list; external only outside GSE136103
RAM2019_MAC_SIG_E_TMO,Ramachandran2019_Nature,tissue-monocyte metagene E,macrophage_monocyte,MTHFS,UP_IN_STATE,GSE136103,scRNA-seq,mixed nonviral cirrhosis,Supplementary Table 9,supplementary file,TRUE,REUSED,TISSUE_MONOCYTE; exact author metagene list; external only outside GSE136103
RAM2019_MAC_SIG_E_TMO,Ramachandran2019_Nature,tissue-monocyte metagene E,macrophage_monocyte,ISG20,UP_IN_STATE,GSE136103,scRNA-seq,mixed nonviral cirrhosis,Supplementary Table 9,supplementary file,TRUE,REUSED,TISSUE_MONOCYTE; exact author metagene list; external only outside GSE136103
RAM2019_MAC_SIG_E_TMO,Ramachandran2019_Nature,tissue-monocyte metagene E,macrophage_monocyte,MSRB1,UP_IN_STATE,GSE136103,scRNA-seq,mixed nonviral cirrhosis,Supplementary Table 9,supplementary file,TRUE,REUSED,TISSUE_MONOCYTE; exact author metagene list; external only outside GSE136103
RAM2019_MAC_SIG_E_TMO,Ramachandran2019_Nature,tissue-monocyte metagene E,macrophage_monocyte,CPPED1,UP_IN_STATE,GSE136103,scRNA-seq,mixed nonviral cirrhosis,Supplementary Table 9,supplementary file,TRUE,REUSED,TISSUE_MONOCYTE; exact author metagene list; external only outside GSE136103
RAM2019_MAC_SIG_E_TMO,Ramachandran2019_Nature,tissue-monocyte metagene E,macrophage_monocyte,SMG1,UP_IN_STATE,GSE136103,scRNA-seq,mixed nonviral cirrhosis,Supplementary Table 9,supplementary file,TRUE,REUSED,TISSUE_MONOCYTE; exact author metagene list; external only outside GSE136103
RAM2019_MAC_SIG_E_TMO,Ramachandran2019_Nature,tissue-monocyte metagene E,macrophage_monocyte,METTL9,UP_IN_STATE,GSE136103,scRNA-seq,mixed nonviral cirrhosis,Supplementary Table 9,supplementary file,TRUE,REUSED,TISSUE_MONOCYTE; exact author metagene list; external only outside GSE136103
RAM2019_MAC_SIG_E_TMO,Ramachandran2019_Nature,tissue-monocyte metagene E,macrophage_monocyte,ITGAL,UP_IN_STATE,GSE136103,scRNA-seq,mixed nonviral cirrhosis,Supplementary Table 9,supplementary file,TRUE,REUSED,TISSUE_MONOCYTE; exact author metagene list; external only outside GSE136103
RAM2019_MAC_SIG_E_TMO,Ramachandran2019_Nature,tissue-monocyte metagene E,macrophage_monocyte,ITGAX,UP_IN_STATE,GSE136103,scRNA-seq,mixed nonviral cirrhosis,Supplementary Table 9,supplementary file,TRUE,REUSED,TISSUE_MONOCYTE; exact author metagene list; external only outside GSE136103
RAM2019_MAC_SIG_E_TMO,Ramachandran2019_Nature,tissue-monocyte metagene E,macrophage_monocyte,CES1,UP_IN_STATE,GSE136103,scRNA-seq,mixed nonviral cirrhosis,Supplementary Table 9,supplementary file,TRUE,REUSED,TISSUE_MONOCYTE; exact author metagene list; external only outside GSE136103
RAM2019_MAC_SIG_E_TMO,Ramachandran2019_Nature,tissue-monocyte metagene E,macrophage_monocyte,TPPP3,UP_IN_STATE,GSE136103,scRNA-seq,mixed nonviral cirrhosis,Supplementary Table 9,supplementary file,TRUE,REUSED,TISSUE_MONOCYTE; exact author metagene list; external only outside GSE136103
RAM2019_MAC_SIG_E_TMO,Ramachandran2019_Nature,tissue-monocyte metagene E,macrophage_monocyte,CTC-479C5.12,UP_IN_STATE,GSE136103,scRNA-seq,mixed nonviral cirrhosis,Supplementary Table 9,supplementary file,TRUE,REUSED,TISSUE_MONOCYTE; exact author metagene list; external only outside GSE136103
RAM2019_MAC_SIG_E_TMO,Ramachandran2019_Nature,tissue-monocyte metagene E,macrophage_monocyte,KIAA0513,UP_IN_STATE,GSE136103,scRNA-seq,mixed nonviral cirrhosis,Supplementary Table 9,supplementary file,TRUE,REUSED,TISSUE_MONOCYTE; exact author metagene list; external only outside GSE136103
RAM2019_MAC_SIG_E_TMO,Ramachandran2019_Nature,tissue-monocyte metagene E,macrophage_monocyte,VPS53,UP_IN_STATE,GSE136103,scRNA-seq,mixed nonviral cirrhosis,Supplementary Table 9,supplementary file,TRUE,REUSED,TISSUE_MONOCYTE; exact author metagene list; external only outside GSE136103
RAM2019_MAC_SIG_E_TMO,Ramachandran2019_Nature,tissue-monocyte metagene E,macrophage_monocyte,CRK,UP_IN_STATE,GSE136103,scRNA-seq,mixed nonviral cirrhosis,Supplementary Table 9,supplementary file,TRUE,REUSED,TISSUE_MONOCYTE; exact author metagene list; external only outside GSE136103
RAM2019_MAC_SIG_E_TMO,Ramachandran2019_Nature,tissue-monocyte metagene E,macrophage_monocyte,SLC43A2,UP_IN_STATE,GSE136103,scRNA-seq,mixed nonviral cirrhosis,Supplementary Table 9,supplementary file,TRUE,REUSED,TISSUE_MONOCYTE; exact author metagene list; external only outside GSE136103
RAM2019_MAC_SIG_E_TMO,Ramachandran2019_Nature,tissue-monocyte metagene E,macrophage_monocyte,RAP1GAP2,UP_IN_STATE,GSE136103,scRNA-seq,mixed nonviral cirrhosis,Supplementary Table 9,supplementary file,TRUE,REUSED,TISSUE_MONOCYTE; exact author metagene list; external only outside GSE136103
RAM2019_MAC_SIG_E_TMO,Ramachandran2019_Nature,tissue-monocyte metagene E,macrophage_monocyte,P2RX1,UP_IN_STATE,GSE136103,scRNA-seq,mixed nonviral cirrhosis,Supplementary Table 9,supplementary file,TRUE,REUSED,TISSUE_MONOCYTE; exact author metagene list; external only outside GSE136103
RAM2019_MAC_SIG_E_TMO,Ramachandran2019_Nature,tissue-monocyte metagene E,macrophage_monocyte,ASGR1,UP_IN_STATE,GSE136103,scRNA-seq,mixed nonviral cirrhosis,Supplementary Table 9,supplementary file,TRUE,REUSED,TISSUE_MONOCYTE; exact author metagene list; external only outside GSE136103
RAM2019_MAC_SIG_E_TMO,Ramachandran2019_Nature,tissue-monocyte metagene E,macrophage_monocyte,KDM6B,UP_IN_STATE,GSE136103,scRNA-seq,mixed nonviral cirrhosis,Supplementary Table 9,supplementary file,TRUE,REUSED,TISSUE_MONOCYTE; exact author metagene list; external only outside GSE136103
RAM2019_MAC_SIG_E_TMO,Ramachandran2019_Nature,tissue-monocyte metagene E,macrophage_monocyte,TTC19,UP_IN_STATE,GSE136103,scRNA-seq,mixed nonviral cirrhosis,Supplementary Table 9,supplementary file,TRUE,REUSED,TISSUE_MONOCYTE; exact author metagene list; external only outside GSE136103
RAM2019_MAC_SIG_E_TMO,Ramachandran2019_Nature,tissue-monocyte metagene E,macrophage_monocyte,MAP2K3,UP_IN_STATE,GSE136103,scRNA-seq,mixed nonviral cirrhosis,Supplementary Table 9,supplementary file,TRUE,REUSED,TISSUE_MONOCYTE; exact author metagene list; external only outside GSE136103
RAM2019_MAC_SIG_E_TMO,Ramachandran2019_Nature,tissue-monocyte metagene E,macrophage_monocyte,UNC119,UP_IN_STATE,GSE136103,scRNA-seq,mixed nonviral cirrhosis,Supplementary Table 9,supplementary file,TRUE,REUSED,TISSUE_MONOCYTE; exact author metagene list; external only outside GSE136103
RAM2019_MAC_SIG_E_TMO,Ramachandran2019_Nature,tissue-monocyte metagene E,macrophage_monocyte,SSH2,UP_IN_STATE,GSE136103,scRNA-seq,mixed nonviral cirrhosis,Supplementary Table 9,supplementary file,TRUE,REUSED,TISSUE_MONOCYTE; exact author metagene list; external only outside GSE136103
RAM2019_MAC_SIG_E_TMO,Ramachandran2019_Nature,tissue-monocyte metagene E,macrophage_monocyte,RARA,UP_IN_STATE,GSE136103,scRNA-seq,mixed nonviral cirrhosis,Supplementary Table 9,supplementary file,TRUE,REUSED,TISSUE_MONOCYTE; exact author metagene list; external only outside GSE136103
RAM2019_MAC_SIG_E_TMO,Ramachandran2019_Nature,tissue-monocyte metagene E,macrophage_monocyte,ARHGAP27,UP_IN_STATE,GSE136103,scRNA-seq,mixed nonviral cirrhosis,Supplementary Table 9,supplementary file,TRUE,REUSED,TISSUE_MONOCYTE; exact author metagene list; external only outside GSE136103
RAM2019_MAC_SIG_E_TMO,Ramachandran2019_Nature,tissue-monocyte metagene E,macrophage_monocyte,NACA2,UP_IN_STATE,GSE136103,scRNA-seq,mixed nonviral cirrhosis,Supplementary Table 9,supplementary file,TRUE,REUSED,TISSUE_MONOCYTE; exact author metagene list; external only outside GSE136103
RAM2019_MAC_SIG_E_TMO,Ramachandran2019_Nature,tissue-monocyte metagene E,macrophage_monocyte,CD79B,UP_IN_STATE,GSE136103,scRNA-seq,mixed nonviral cirrhosis,Supplementary Table 9,supplementary file,TRUE,REUSED,TISSUE_MONOCYTE; exact author metagene list; external only outside GSE136103
RAM2019_MAC_SIG_E_TMO,Ramachandran2019_Nature,tissue-monocyte metagene E,macrophage_monocyte,PECAM1,UP_IN_STATE,GSE136103,scRNA-seq,mixed nonviral cirrhosis,Supplementary Table 9,supplementary file,TRUE,REUSED,TISSUE_MONOCYTE; exact author metagene list; external only outside GSE136103
RAM2019_MAC_SIG_E_TMO,Ramachandran2019_Nature,tissue-monocyte metagene E,macrophage_monocyte,CD300C,UP_IN_STATE,GSE136103,scRNA-seq,mixed nonviral cirrhosis,Supplementary Table 9,supplementary file,TRUE,REUSED,TISSUE_MONOCYTE; exact author metagene list; external only outside GSE136103
RAM2019_MAC_SIG_E_TMO,Ramachandran2019_Nature,tissue-monocyte metagene E,macrophage_monocyte,CTD-2006K23.1,UP_IN_STATE,GSE136103,scRNA-seq,mixed nonviral cirrhosis,Supplementary Table 9,supplementary file,TRUE,REUSED,TISSUE_MONOCYTE; exact author metagene list; external only outside GSE136103
RAM2019_MAC_SIG_E_TMO,Ramachandran2019_Nature,tissue-monocyte metagene E,macrophage_monocyte,CD300E,UP_IN_STATE,GSE136103,scRNA-seq,mixed nonviral cirrhosis,Supplementary Table 9,supplementary file,TRUE,REUSED,TISSUE_MONOCYTE; exact author metagene list; external only outside GSE136103
RAM2019_MAC_SIG_E_TMO,Ramachandran2019_Nature,tissue-monocyte metagene E,macrophage_monocyte,CD300LF,UP_IN_STATE,GSE136103,scRNA-seq,mixed nonviral cirrhosis,Supplementary Table 9,supplementary file,TRUE,REUSED,TISSUE_MONOCYTE; exact author metagene list; external only outside GSE136103
RAM2019_MAC_SIG_E_TMO,Ramachandran2019_Nature,tissue-monocyte metagene E,macrophage_monocyte,SLC9A3R1,UP_IN_STATE,GSE136103,scRNA-seq,mixed nonviral cirrhosis,Supplementary Table 9,supplementary file,TRUE,REUSED,TISSUE_MONOCYTE; exact author metagene list; external only outside GSE136103
RAM2019_MAC_SIG_E_TMO,Ramachandran2019_Nature,tissue-monocyte metagene E,macrophage_monocyte,RHBDF2,UP_IN_STATE,GSE136103,scRNA-seq,mixed nonviral cirrhosis,Supplementary Table 9,supplementary file,TRUE,REUSED,TISSUE_MONOCYTE; exact author metagene list; external only outside GSE136103
RAM2019_MAC_SIG_E_TMO,Ramachandran2019_Nature,tissue-monocyte metagene E,macrophage_monocyte,SIRT7,UP_IN_STATE,GSE136103,scRNA-seq,mixed nonviral cirrhosis,Supplementary Table 9,supplementary file,TRUE,REUSED,TISSUE_MONOCYTE; exact author metagene list; external only outside GSE136103
RAM2019_MAC_SIG_E_TMO,Ramachandran2019_Nature,tissue-monocyte metagene E,macrophage_monocyte,SMCHD1,UP_IN_STATE,GSE136103,scRNA-seq,mixed nonviral cirrhosis,Supplementary Table 9,supplementary file,TRUE,REUSED,TISSUE_MONOCYTE; exact author metagene list; external only outside GSE136103
RAM2019_MAC_SIG_E_TMO,Ramachandran2019_Nature,tissue-monocyte metagene E,macrophage_monocyte,EMILIN2,UP_IN_STATE,GSE136103,scRNA-seq,mixed nonviral cirrhosis,Supplementary Table 9,supplementary file,TRUE,REUSED,TISSUE_MONOCYTE; exact author metagene list; external only outside GSE136103
RAM2019_MAC_SIG_E_TMO,Ramachandran2019_Nature,tissue-monocyte metagene E,macrophage_monocyte,FAM110A,UP_IN_STATE,GSE136103,scRNA-seq,mixed nonviral cirrhosis,Supplementary Table 9,supplementary file,TRUE,REUSED,TISSUE_MONOCYTE; exact author metagene list; external only outside GSE136103
RAM2019_MAC_SIG_E_TMO,Ramachandran2019_Nature,tissue-monocyte metagene E,macrophage_monocyte,RASSF2,UP_IN_STATE,GSE136103,scRNA-seq,mixed nonviral cirrhosis,Supplementary Table 9,supplementary file,TRUE,REUSED,TISSUE_MONOCYTE; exact author metagene list; external only outside GSE136103
RAM2019_MAC_SIG_E_TMO,Ramachandran2019_Nature,tissue-monocyte metagene E,macrophage_monocyte,GPCPD1,UP_IN_STATE,GSE136103,scRNA-seq,mixed nonviral cirrhosis,Supplementary Table 9,supplementary file,TRUE,REUSED,TISSUE_MONOCYTE; exact author metagene list; external only outside GSE136103
RAM2019_MAC_SIG_E_TMO,Ramachandran2019_Nature,tissue-monocyte metagene E,macrophage_monocyte,THBD,UP_IN_STATE,GSE136103,scRNA-seq,mixed nonviral cirrhosis,Supplementary Table 9,supplementary file,TRUE,REUSED,TISSUE_MONOCYTE; exact author metagene list; external only outside GSE136103
RAM2019_MAC_SIG_E_TMO,Ramachandran2019_Nature,tissue-monocyte metagene E,macrophage_monocyte,CD93,UP_IN_STATE,GSE136103,scRNA-seq,mixed nonviral cirrhosis,Supplementary Table 9,supplementary file,TRUE,REUSED,TISSUE_MONOCYTE; exact author metagene list; external only outside GSE136103
RAM2019_MAC_SIG_E_TMO,Ramachandran2019_Nature,tissue-monocyte metagene E,macrophage_monocyte,PHF20,UP_IN_STATE,GSE136103,scRNA-seq,mixed nonviral cirrhosis,Supplementary Table 9,supplementary file,TRUE,REUSED,TISSUE_MONOCYTE; exact author metagene list; external only outside GSE136103
RAM2019_MAC_SIG_E_TMO,Ramachandran2019_Nature,tissue-monocyte metagene E,macrophage_monocyte,ADA,UP_IN_STATE,GSE136103,scRNA-seq,mixed nonviral cirrhosis,Supplementary Table 9,supplementary file,TRUE,REUSED,TISSUE_MONOCYTE; exact author metagene list; external only outside GSE136103
RAM2019_MAC_SIG_E_TMO,Ramachandran2019_Nature,tissue-monocyte metagene E,macrophage_monocyte,SULF2,UP_IN_STATE,GSE136103,scRNA-seq,mixed nonviral cirrhosis,Supplementary Table 9,supplementary file,TRUE,REUSED,TISSUE_MONOCYTE; exact author metagene list; external only outside GSE136103
RAM2019_MAC_SIG_E_TMO,Ramachandran2019_Nature,tissue-monocyte metagene E,macrophage_monocyte,TMEM189,UP_IN_STATE,GSE136103,scRNA-seq,mixed nonviral cirrhosis,Supplementary Table 9,supplementary file,TRUE,REUSED,TISSUE_MONOCYTE; exact author metagene list; external only outside GSE136103
RAM2019_MAC_SIG_E_TMO,Ramachandran2019_Nature,tissue-monocyte metagene E,macrophage_monocyte,LINC01272,UP_IN_STATE,GSE136103,scRNA-seq,mixed nonviral cirrhosis,Supplementary Table 9,supplementary file,TRUE,REUSED,TISSUE_MONOCYTE; exact author metagene list; external only outside GSE136103
RAM2019_MAC_SIG_E_TMO,Ramachandran2019_Nature,tissue-monocyte metagene E,macrophage_monocyte,ARID3A,UP_IN_STATE,GSE136103,scRNA-seq,mixed nonviral cirrhosis,Supplementary Table 9,supplementary file,TRUE,REUSED,TISSUE_MONOCYTE; exact author metagene list; external only outside GSE136103
RAM2019_MAC_SIG_E_TMO,Ramachandran2019_Nature,tissue-monocyte metagene E,macrophage_monocyte,MIDN,UP_IN_STATE,GSE136103,scRNA-seq,mixed nonviral cirrhosis,Supplementary Table 9,supplementary file,TRUE,REUSED,TISSUE_MONOCYTE; exact author metagene list; external only outside GSE136103
RAM2019_MAC_SIG_E_TMO,Ramachandran2019_Nature,tissue-monocyte metagene E,macrophage_monocyte,MOB3A,UP_IN_STATE,GSE136103,scRNA-seq,mixed nonviral cirrhosis,Supplementary Table 9,supplementary file,TRUE,REUSED,TISSUE_MONOCYTE; exact author metagene list; external only outside GSE136103
RAM2019_MAC_SIG_E_TMO,Ramachandran2019_Nature,tissue-monocyte metagene E,macrophage_monocyte,S1PR4,UP_IN_STATE,GSE136103,scRNA-seq,mixed nonviral cirrhosis,Supplementary Table 9,supplementary file,TRUE,REUSED,TISSUE_MONOCYTE; exact author metagene list; external only outside GSE136103
RAM2019_MAC_SIG_E_TMO,Ramachandran2019_Nature,tissue-monocyte metagene E,macrophage_monocyte,ZBTB7A,UP_IN_STATE,GSE136103,scRNA-seq,mixed nonviral cirrhosis,Supplementary Table 9,supplementary file,TRUE,REUSED,TISSUE_MONOCYTE; exact author metagene list; external only outside GSE136103
RAM2019_MAC_SIG_E_TMO,Ramachandran2019_Nature,tissue-monocyte metagene E,macrophage_monocyte,STXBP2,UP_IN_STATE,GSE136103,scRNA-seq,mixed nonviral cirrhosis,Supplementary Table 9,supplementary file,TRUE,REUSED,TISSUE_MONOCYTE; exact author metagene list; external only outside GSE136103
RAM2019_MAC_SIG_E_TMO,Ramachandran2019_Nature,tissue-monocyte metagene E,macrophage_monocyte,RETN,UP_IN_STATE,GSE136103,scRNA-seq,mixed nonviral cirrhosis,Supplementary Table 9,supplementary file,TRUE,REUSED,TISSUE_MONOCYTE; exact author metagene list; external only outside GSE136103
RAM2019_MAC_SIG_E_TMO,Ramachandran2019_Nature,tissue-monocyte metagene E,macrophage_monocyte,MCEMP1,UP_IN_STATE,GSE136103,scRNA-seq,mixed nonviral cirrhosis,Supplementary Table 9,supplementary file,TRUE,REUSED,TISSUE_MONOCYTE; exact author metagene list; external only outside GSE136103
RAM2019_MAC_SIG_E_TMO,Ramachandran2019_Nature,tissue-monocyte metagene E,macrophage_monocyte,PRAM1,UP_IN_STATE,GSE136103,scRNA-seq,mixed nonviral cirrhosis,Supplementary Table 9,supplementary file,TRUE,REUSED,TISSUE_MONOCYTE; exact author metagene list; external only outside GSE136103
RAM2019_MAC_SIG_E_TMO,Ramachandran2019_Nature,tissue-monocyte metagene E,macrophage_monocyte,ICAM4,UP_IN_STATE,GSE136103,scRNA-seq,mixed nonviral cirrhosis,Supplementary Table 9,supplementary file,TRUE,REUSED,TISSUE_MONOCYTE; exact author metagene list; external only outside GSE136103
RAM2019_MAC_SIG_E_TMO,Ramachandran2019_Nature,tissue-monocyte metagene E,macrophage_monocyte,CDKN2D,UP_IN_STATE,GSE136103,scRNA-seq,mixed nonviral cirrhosis,Supplementary Table 9,supplementary file,TRUE,REUSED,TISSUE_MONOCYTE; exact author metagene list; external only outside GSE136103
RAM2019_MAC_SIG_E_TMO,Ramachandran2019_Nature,tissue-monocyte metagene E,macrophage_monocyte,C19orf38,UP_IN_STATE,GSE136103,scRNA-seq,mixed nonviral cirrhosis,Supplementary Table 9,supplementary file,TRUE,REUSED,TISSUE_MONOCYTE; exact author metagene list; external only outside GSE136103
RAM2019_MAC_SIG_E_TMO,Ramachandran2019_Nature,tissue-monocyte metagene E,macrophage_monocyte,TMEM205,UP_IN_STATE,GSE136103,scRNA-seq,mixed nonviral cirrhosis,Supplementary Table 9,supplementary file,TRUE,REUSED,TISSUE_MONOCYTE; exact author metagene list; external only outside GSE136103
RAM2019_MAC_SIG_E_TMO,Ramachandran2019_Nature,tissue-monocyte metagene E,macrophage_monocyte,ADGRE5,UP_IN_STATE,GSE136103,scRNA-seq,mixed nonviral cirrhosis,Supplementary Table 9,supplementary file,TRUE,REUSED,TISSUE_MONOCYTE; exact author metagene list; external only outside GSE136103
RAM2019_MAC_SIG_E_TMO,Ramachandran2019_Nature,tissue-monocyte metagene E,macrophage_monocyte,PKN1,UP_IN_STATE,GSE136103,scRNA-seq,mixed nonviral cirrhosis,Supplementary Table 9,supplementary file,TRUE,REUSED,TISSUE_MONOCYTE; exact author metagene list; external only outside GSE136103
RAM2019_MAC_SIG_E_TMO,Ramachandran2019_Nature,tissue-monocyte metagene E,macrophage_monocyte,ADGRE2,UP_IN_STATE,GSE136103,scRNA-seq,mixed nonviral cirrhosis,Supplementary Table 9,supplementary file,TRUE,REUSED,TISSUE_MONOCYTE; exact author metagene list; external only outside GSE136103
RAM2019_MAC_SIG_E_TMO,Ramachandran2019_Nature,tissue-monocyte metagene E,macrophage_monocyte,RASAL3,UP_IN_STATE,GSE136103,scRNA-seq,mixed nonviral cirrhosis,Supplementary Table 9,supplementary file,TRUE,REUSED,TISSUE_MONOCYTE; exact author metagene list; external only outside GSE136103
RAM2019_MAC_SIG_E_TMO,Ramachandran2019_Nature,tissue-monocyte metagene E,macrophage_monocyte,HSH2D,UP_IN_STATE,GSE136103,scRNA-seq,mixed nonviral cirrhosis,Supplementary Table 9,supplementary file,TRUE,REUSED,TISSUE_MONOCYTE; exact author metagene list; external only outside GSE136103
RAM2019_MAC_SIG_E_TMO,Ramachandran2019_Nature,tissue-monocyte metagene E,macrophage_monocyte,AP1M1,UP_IN_STATE,GSE136103,scRNA-seq,mixed nonviral cirrhosis,Supplementary Table 9,supplementary file,TRUE,REUSED,TISSUE_MONOCYTE; exact author metagene list; external only outside GSE136103
RAM2019_MAC_SIG_E_TMO,Ramachandran2019_Nature,tissue-monocyte metagene E,macrophage_monocyte,LRRC25,UP_IN_STATE,GSE136103,scRNA-seq,mixed nonviral cirrhosis,Supplementary Table 9,supplementary file,TRUE,REUSED,TISSUE_MONOCYTE; exact author metagene list; external only outside GSE136103
RAM2019_MAC_SIG_E_TMO,Ramachandran2019_Nature,tissue-monocyte metagene E,macrophage_monocyte,FFAR2,UP_IN_STATE,GSE136103,scRNA-seq,mixed nonviral cirrhosis,Supplementary Table 9,supplementary file,TRUE,REUSED,TISSUE_MONOCYTE; exact author metagene list; external only outside GSE136103
RAM2019_MAC_SIG_E_TMO,Ramachandran2019_Nature,tissue-monocyte metagene E,macrophage_monocyte,ARHGEF1,UP_IN_STATE,GSE136103,scRNA-seq,mixed nonviral cirrhosis,Supplementary Table 9,supplementary file,TRUE,REUSED,TISSUE_MONOCYTE; exact author metagene list; external only outside GSE136103
RAM2019_MAC_SIG_E_TMO,Ramachandran2019_Nature,tissue-monocyte metagene E,macrophage_monocyte,DEDD2,UP_IN_STATE,GSE136103,scRNA-seq,mixed nonviral cirrhosis,Supplementary Table 9,supplementary file,TRUE,REUSED,TISSUE_MONOCYTE; exact author metagene list; external only outside GSE136103
RAM2019_MAC_SIG_E_TMO,Ramachandran2019_Nature,tissue-monocyte metagene E,macrophage_monocyte,PPM1N,UP_IN_STATE,GSE136103,scRNA-seq,mixed nonviral cirrhosis,Supplementary Table 9,supplementary file,TRUE,REUSED,TISSUE_MONOCYTE; exact author metagene list; external only outside GSE136103
RAM2019_MAC_SIG_E_TMO,Ramachandran2019_Nature,tissue-monocyte metagene E,macrophage_monocyte,PTGIR,UP_IN_STATE,GSE136103,scRNA-seq,mixed nonviral cirrhosis,Supplementary Table 9,supplementary file,TRUE,REUSED,TISSUE_MONOCYTE; exact author metagene list; external only outside GSE136103
RAM2019_MAC_SIG_E_TMO,Ramachandran2019_Nature,tissue-monocyte metagene E,macrophage_monocyte,RRAS,UP_IN_STATE,GSE136103,scRNA-seq,mixed nonviral cirrhosis,Supplementary Table 9,supplementary file,TRUE,REUSED,TISSUE_MONOCYTE; exact author metagene list; external only outside GSE136103
RAM2019_MAC_SIG_E_TMO,Ramachandran2019_Nature,tissue-monocyte metagene E,macrophage_monocyte,AP2A1,UP_IN_STATE,GSE136103,scRNA-seq,mixed nonviral cirrhosis,Supplementary Table 9,supplementary file,TRUE,REUSED,TISSUE_MONOCYTE; exact author metagene list; external only outside GSE136103
RAM2019_MAC_SIG_E_TMO,Ramachandran2019_Nature,tissue-monocyte metagene E,macrophage_monocyte,SIGLEC10,UP_IN_STATE,GSE136103,scRNA-seq,mixed nonviral cirrhosis,Supplementary Table 9,supplementary file,TRUE,REUSED,TISSUE_MONOCYTE; exact author metagene list; external only outside GSE136103
RAM2019_MAC_SIG_E_TMO,Ramachandran2019_Nature,tissue-monocyte metagene E,macrophage_monocyte,FPR1,UP_IN_STATE,GSE136103,scRNA-seq,mixed nonviral cirrhosis,Supplementary Table 9,supplementary file,TRUE,REUSED,TISSUE_MONOCYTE; exact author metagene list; external only outside GSE136103
RAM2019_MAC_SIG_E_TMO,Ramachandran2019_Nature,tissue-monocyte metagene E,macrophage_monocyte,FPR2,UP_IN_STATE,GSE136103,scRNA-seq,mixed nonviral cirrhosis,Supplementary Table 9,supplementary file,TRUE,REUSED,TISSUE_MONOCYTE; exact author metagene list; external only outside GSE136103
RAM2019_MAC_SIG_E_TMO,Ramachandran2019_Nature,tissue-monocyte metagene E,macrophage_monocyte,OSCAR,UP_IN_STATE,GSE136103,scRNA-seq,mixed nonviral cirrhosis,Supplementary Table 9,supplementary file,TRUE,REUSED,TISSUE_MONOCYTE; exact author metagene list; external only outside GSE136103
RAM2019_MAC_SIG_E_TMO,Ramachandran2019_Nature,tissue-monocyte metagene E,macrophage_monocyte,LILRB3,UP_IN_STATE,GSE136103,scRNA-seq,mixed nonviral cirrhosis,Supplementary Table 9,supplementary file,TRUE,REUSED,TISSUE_MONOCYTE; exact author metagene list; external only outside GSE136103
RAM2019_MAC_SIG_E_TMO,Ramachandran2019_Nature,tissue-monocyte metagene E,macrophage_monocyte,LILRB2,UP_IN_STATE,GSE136103,scRNA-seq,mixed nonviral cirrhosis,Supplementary Table 9,supplementary file,TRUE,REUSED,TISSUE_MONOCYTE; exact author metagene list; external only outside GSE136103
RAM2019_MAC_SIG_E_TMO,Ramachandran2019_Nature,tissue-monocyte metagene E,macrophage_monocyte,LILRA5,UP_IN_STATE,GSE136103,scRNA-seq,mixed nonviral cirrhosis,Supplementary Table 9,supplementary file,TRUE,REUSED,TISSUE_MONOCYTE; exact author metagene list; external only outside GSE136103
RAM2019_MAC_SIG_E_TMO,Ramachandran2019_Nature,tissue-monocyte metagene E,macrophage_monocyte,LILRA2,UP_IN_STATE,GSE136103,scRNA-seq,mixed nonviral cirrhosis,Supplementary Table 9,supplementary file,TRUE,REUSED,TISSUE_MONOCYTE; exact author metagene list; external only outside GSE136103
RAM2019_MAC_SIG_E_TMO,Ramachandran2019_Nature,tissue-monocyte metagene E,macrophage_monocyte,LILRA1,UP_IN_STATE,GSE136103,scRNA-seq,mixed nonviral cirrhosis,Supplementary Table 9,supplementary file,TRUE,REUSED,TISSUE_MONOCYTE; exact author metagene list; external only outside GSE136103
RAM2019_MAC_SIG_E_TMO,Ramachandran2019_Nature,tissue-monocyte metagene E,macrophage_monocyte,CTB-61M7.2,UP_IN_STATE,GSE136103,scRNA-seq,mixed nonviral cirrhosis,Supplementary Table 9,supplementary file,TRUE,REUSED,TISSUE_MONOCYTE; exact author metagene list; external only outside GSE136103
RAM2019_MAC_SIG_E_TMO,Ramachandran2019_Nature,tissue-monocyte metagene E,macrophage_monocyte,IL17RA,UP_IN_STATE,GSE136103,scRNA-seq,mixed nonviral cirrhosis,Supplementary Table 9,supplementary file,TRUE,REUSED,TISSUE_MONOCYTE; exact author metagene list; external only outside GSE136103
RAM2019_MAC_SIG_E_TMO,Ramachandran2019_Nature,tissue-monocyte metagene E,macrophage_monocyte,MAPK1,UP_IN_STATE,GSE136103,scRNA-seq,mixed nonviral cirrhosis,Supplementary Table 9,supplementary file,TRUE,REUSED,TISSUE_MONOCYTE; exact author metagene list; external only outside GSE136103
RAM2019_MAC_SIG_E_TMO,Ramachandran2019_Nature,tissue-monocyte metagene E,macrophage_monocyte,PPM1F,UP_IN_STATE,GSE136103,scRNA-seq,mixed nonviral cirrhosis,Supplementary Table 9,supplementary file,TRUE,REUSED,TISSUE_MONOCYTE; exact author metagene list; external only outside GSE136103
RAM2019_MAC_SIG_E_TMO,Ramachandran2019_Nature,tissue-monocyte metagene E,macrophage_monocyte,MYH9,UP_IN_STATE,GSE136103,scRNA-seq,mixed nonviral cirrhosis,Supplementary Table 9,supplementary file,TRUE,REUSED,TISSUE_MONOCYTE; exact author metagene list; external only outside GSE136103
RAM2019_MAC_SIG_E_TMO,Ramachandran2019_Nature,tissue-monocyte metagene E,macrophage_monocyte,SUN2,UP_IN_STATE,GSE136103,scRNA-seq,mixed nonviral cirrhosis,Supplementary Table 9,supplementary file,TRUE,REUSED,TISSUE_MONOCYTE; exact author metagene list; external only outside GSE136103
RAM2019_MAC_SIG_E_TMO,Ramachandran2019_Nature,tissue-monocyte metagene E,macrophage_monocyte,APOBEC3A,UP_IN_STATE,GSE136103,scRNA-seq,mixed nonviral cirrhosis,Supplementary Table 9,supplementary file,TRUE,REUSED,TISSUE_MONOCYTE; exact author metagene list; external only outside GSE136103
RAM2019_MAC_SIG_E_TMO,Ramachandran2019_Nature,tissue-monocyte metagene E,macrophage_monocyte,PLXNB2,UP_IN_STATE,GSE136103,scRNA-seq,mixed nonviral cirrhosis,Supplementary Table 9,supplementary file,TRUE,REUSED,TISSUE_MONOCYTE; exact author metagene list; external only outside GSE136103
RAM2019_MAC_SIG_E_TMO,Ramachandran2019_Nature,tissue-monocyte metagene E,macrophage_monocyte,ODF3B,UP_IN_STATE,GSE136103,scRNA-seq,mixed nonviral cirrhosis,Supplementary Table 9,supplementary file,TRUE,REUSED,TISSUE_MONOCYTE; exact author metagene list; external only outside GSE136103
RAM2019_MAC_SIG_E_TMO,Ramachandran2019_Nature,tissue-monocyte metagene E,macrophage_monocyte,BACH1,UP_IN_STATE,GSE136103,scRNA-seq,mixed nonviral cirrhosis,Supplementary Table 9,supplementary file,TRUE,REUSED,TISSUE_MONOCYTE; exact author metagene list; external only outside GSE136103
RAM2019_MAC_SIG_F_CDC1,Ramachandran2019_Nature,cDC1 metagene F,macrophage_monocyte,APH1A,UP_IN_STATE,GSE136103,scRNA-seq,mixed nonviral cirrhosis,Supplementary Table 9,supplementary file,TRUE,REUSED,DENDRITIC_CELL; exact author metagene list; external only outside GSE136103
RAM2019_MAC_SIG_F_CDC1,Ramachandran2019_Nature,cDC1 metagene F,macrophage_monocyte,PSMB4,UP_IN_STATE,GSE136103,scRNA-seq,mixed nonviral cirrhosis,Supplementary Table 9,supplementary file,TRUE,REUSED,DENDRITIC_CELL; exact author metagene list; external only outside GSE136103
RAM2019_MAC_SIG_F_CDC1,Ramachandran2019_Nature,cDC1 metagene F,macrophage_monocyte,RNPEP,UP_IN_STATE,GSE136103,scRNA-seq,mixed nonviral cirrhosis,Supplementary Table 9,supplementary file,TRUE,REUSED,DENDRITIC_CELL; exact author metagene list; external only outside GSE136103
RAM2019_MAC_SIG_F_CDC1,Ramachandran2019_Nature,cDC1 metagene F,macrophage_monocyte,BATF3,UP_IN_STATE,GSE136103,scRNA-seq,mixed nonviral cirrhosis,Supplementary Table 9,supplementary file,TRUE,REUSED,DENDRITIC_CELL; exact author metagene list; external only outside GSE136103
RAM2019_MAC_SIG_F_CDC1,Ramachandran2019_Nature,cDC1 metagene F,macrophage_monocyte,CNPPD1,UP_IN_STATE,GSE136103,scRNA-seq,mixed nonviral cirrhosis,Supplementary Table 9,supplementary file,TRUE,REUSED,DENDRITIC_CELL; exact author metagene list; external only outside GSE136103
RAM2019_MAC_SIG_F_CDC1,Ramachandran2019_Nature,cDC1 metagene F,macrophage_monocyte,PLCD1,UP_IN_STATE,GSE136103,scRNA-seq,mixed nonviral cirrhosis,Supplementary Table 9,supplementary file,TRUE,REUSED,DENDRITIC_CELL; exact author metagene list; external only outside GSE136103
RAM2019_MAC_SIG_F_CDC1,Ramachandran2019_Nature,cDC1 metagene F,macrophage_monocyte,XCR1,UP_IN_STATE,GSE136103,scRNA-seq,mixed nonviral cirrhosis,Supplementary Table 9,supplementary file,TRUE,REUSED,DENDRITIC_CELL; exact author metagene list; external only outside GSE136103
RAM2019_MAC_SIG_F_CDC1,Ramachandran2019_Nature,cDC1 metagene F,macrophage_monocyte,DNASE1L3,UP_IN_STATE,GSE136103,scRNA-seq,mixed nonviral cirrhosis,Supplementary Table 9,supplementary file,TRUE,REUSED,DENDRITIC_CELL; exact author metagene list; external only outside GSE136103
RAM2019_MAC_SIG_F_CDC1,Ramachandran2019_Nature,cDC1 metagene F,macrophage_monocyte,GCSAM,UP_IN_STATE,GSE136103,scRNA-seq,mixed nonviral cirrhosis,Supplementary Table 9,supplementary file,TRUE,REUSED,DENDRITIC_CELL; exact author metagene list; external only outside GSE136103
RAM2019_MAC_SIG_F_CDC1,Ramachandran2019_Nature,cDC1 metagene F,macrophage_monocyte,BTLA,UP_IN_STATE,GSE136103,scRNA-seq,mixed nonviral cirrhosis,Supplementary Table 9,supplementary file,TRUE,REUSED,DENDRITIC_CELL; exact author metagene list; external only outside GSE136103
RAM2019_MAC_SIG_F_CDC1,Ramachandran2019_Nature,cDC1 metagene F,macrophage_monocyte,C3orf58,UP_IN_STATE,GSE136103,scRNA-seq,mixed nonviral cirrhosis,Supplementary Table 9,supplementary file,TRUE,REUSED,DENDRITIC_CELL; exact author metagene list; external only outside GSE136103
RAM2019_MAC_SIG_F_CDC1,Ramachandran2019_Nature,cDC1 metagene F,macrophage_monocyte,P2RY14,UP_IN_STATE,GSE136103,scRNA-seq,mixed nonviral cirrhosis,Supplementary Table 9,supplementary file,TRUE,REUSED,DENDRITIC_CELL; exact author metagene list; external only outside GSE136103
RAM2019_MAC_SIG_F_CDC1,Ramachandran2019_Nature,cDC1 metagene F,macrophage_monocyte,GPR160,UP_IN_STATE,GSE136103,scRNA-seq,mixed nonviral cirrhosis,Supplementary Table 9,supplementary file,TRUE,REUSED,DENDRITIC_CELL; exact author metagene list; external only outside GSE136103
RAM2019_MAC_SIG_F_CDC1,Ramachandran2019_Nature,cDC1 metagene F,macrophage_monocyte,STX18,UP_IN_STATE,GSE136103,scRNA-seq,mixed nonviral cirrhosis,Supplementary Table 9,supplementary file,TRUE,REUSED,DENDRITIC_CELL; exact author metagene list; external only outside GSE136103
RAM2019_MAC_SIG_F_CDC1,Ramachandran2019_Nature,cDC1 metagene F,macrophage_monocyte,CLNK,UP_IN_STATE,GSE136103,scRNA-seq,mixed nonviral cirrhosis,Supplementary Table 9,supplementary file,TRUE,REUSED,DENDRITIC_CELL; exact author metagene list; external only outside GSE136103
RAM2019_MAC_SIG_F_CDC1,Ramachandran2019_Nature,cDC1 metagene F,macrophage_monocyte,TLR10,UP_IN_STATE,GSE136103,scRNA-seq,mixed nonviral cirrhosis,Supplementary Table 9,supplementary file,TRUE,REUSED,DENDRITIC_CELL; exact author metagene list; external only outside GSE136103
RAM2019_MAC_SIG_F_CDC1,Ramachandran2019_Nature,cDC1 metagene F,macrophage_monocyte,OCIAD2,UP_IN_STATE,GSE136103,scRNA-seq,mixed nonviral cirrhosis,Supplementary Table 9,supplementary file,TRUE,REUSED,DENDRITIC_CELL; exact author metagene list; external only outside GSE136103
RAM2019_MAC_SIG_F_CDC1,Ramachandran2019_Nature,cDC1 metagene F,macrophage_monocyte,PAICS,UP_IN_STATE,GSE136103,scRNA-seq,mixed nonviral cirrhosis,Supplementary Table 9,supplementary file,TRUE,REUSED,DENDRITIC_CELL; exact author metagene list; external only outside GSE136103
RAM2019_MAC_SIG_F_CDC1,Ramachandran2019_Nature,cDC1 metagene F,macrophage_monocyte,PARM1,UP_IN_STATE,GSE136103,scRNA-seq,mixed nonviral cirrhosis,Supplementary Table 9,supplementary file,TRUE,REUSED,DENDRITIC_CELL; exact author metagene list; external only outside GSE136103
RAM2019_MAC_SIG_F_CDC1,Ramachandran2019_Nature,cDC1 metagene F,macrophage_monocyte,CCSER1,UP_IN_STATE,GSE136103,scRNA-seq,mixed nonviral cirrhosis,Supplementary Table 9,supplementary file,TRUE,REUSED,DENDRITIC_CELL; exact author metagene list; external only outside GSE136103
RAM2019_MAC_SIG_F_CDC1,Ramachandran2019_Nature,cDC1 metagene F,macrophage_monocyte,CAMK2D,UP_IN_STATE,GSE136103,scRNA-seq,mixed nonviral cirrhosis,Supplementary Table 9,supplementary file,TRUE,REUSED,DENDRITIC_CELL; exact author metagene list; external only outside GSE136103
RAM2019_MAC_SIG_F_CDC1,Ramachandran2019_Nature,cDC1 metagene F,macrophage_monocyte,BDP1,UP_IN_STATE,GSE136103,scRNA-seq,mixed nonviral cirrhosis,Supplementary Table 9,supplementary file,TRUE,REUSED,DENDRITIC_CELL; exact author metagene list; external only outside GSE136103
RAM2019_MAC_SIG_F_CDC1,Ramachandran2019_Nature,cDC1 metagene F,macrophage_monocyte,ZNF366,UP_IN_STATE,GSE136103,scRNA-seq,mixed nonviral cirrhosis,Supplementary Table 9,supplementary file,TRUE,REUSED,DENDRITIC_CELL; exact author metagene list; external only outside GSE136103
RAM2019_MAC_SIG_F_CDC1,Ramachandran2019_Nature,cDC1 metagene F,macrophage_monocyte,CNOT8,UP_IN_STATE,GSE136103,scRNA-seq,mixed nonviral cirrhosis,Supplementary Table 9,supplementary file,TRUE,REUSED,DENDRITIC_CELL; exact author metagene list; external only outside GSE136103
RAM2019_MAC_SIG_F_CDC1,Ramachandran2019_Nature,cDC1 metagene F,macrophage_monocyte,ADAM19,UP_IN_STATE,GSE136103,scRNA-seq,mixed nonviral cirrhosis,Supplementary Table 9,supplementary file,TRUE,REUSED,DENDRITIC_CELL; exact author metagene list; external only outside GSE136103
RAM2019_MAC_SIG_F_CDC1,Ramachandran2019_Nature,cDC1 metagene F,macrophage_monocyte,NOP16,UP_IN_STATE,GSE136103,scRNA-seq,mixed nonviral cirrhosis,Supplementary Table 9,supplementary file,TRUE,REUSED,DENDRITIC_CELL; exact author metagene list; external only outside GSE136103
RAM2019_MAC_SIG_F_CDC1,Ramachandran2019_Nature,cDC1 metagene F,macrophage_monocyte,DBN1,UP_IN_STATE,GSE136103,scRNA-seq,mixed nonviral cirrhosis,Supplementary Table 9,supplementary file,TRUE,REUSED,DENDRITIC_CELL; exact author metagene list; external only outside GSE136103
RAM2019_MAC_SIG_F_CDC1,Ramachandran2019_Nature,cDC1 metagene F,macrophage_monocyte,AGPAT1,UP_IN_STATE,GSE136103,scRNA-seq,mixed nonviral cirrhosis,Supplementary Table 9,supplementary file,TRUE,REUSED,DENDRITIC_CELL; exact author metagene list; external only outside GSE136103
RAM2019_MAC_SIG_F_CDC1,Ramachandran2019_Nature,cDC1 metagene F,macrophage_monocyte,HLA-DOB,UP_IN_STATE,GSE136103,scRNA-seq,mixed nonviral cirrhosis,Supplementary Table 9,supplementary file,TRUE,REUSED,DENDRITIC_CELL; exact author metagene list; external only outside GSE136103
RAM2019_MAC_SIG_F_CDC1,Ramachandran2019_Nature,cDC1 metagene F,macrophage_monocyte,TAP2,UP_IN_STATE,GSE136103,scRNA-seq,mixed nonviral cirrhosis,Supplementary Table 9,supplementary file,TRUE,REUSED,DENDRITIC_CELL; exact author metagene list; external only outside GSE136103
RAM2019_MAC_SIG_F_CDC1,Ramachandran2019_Nature,cDC1 metagene F,macrophage_monocyte,TMEM14A,UP_IN_STATE,GSE136103,scRNA-seq,mixed nonviral cirrhosis,Supplementary Table 9,supplementary file,TRUE,REUSED,DENDRITIC_CELL; exact author metagene list; external only outside GSE136103
RAM2019_MAC_SIG_F_CDC1,Ramachandran2019_Nature,cDC1 metagene F,macrophage_monocyte,ELOVL5,UP_IN_STATE,GSE136103,scRNA-seq,mixed nonviral cirrhosis,Supplementary Table 9,supplementary file,TRUE,REUSED,DENDRITIC_CELL; exact author metagene list; external only outside GSE136103
RAM2019_MAC_SIG_F_CDC1,Ramachandran2019_Nature,cDC1 metagene F,macrophage_monocyte,ENPP1,UP_IN_STATE,GSE136103,scRNA-seq,mixed nonviral cirrhosis,Supplementary Table 9,supplementary file,TRUE,REUSED,DENDRITIC_CELL; exact author metagene list; external only outside GSE136103
RAM2019_MAC_SIG_F_CDC1,Ramachandran2019_Nature,cDC1 metagene F,macrophage_monocyte,KATNA1,UP_IN_STATE,GSE136103,scRNA-seq,mixed nonviral cirrhosis,Supplementary Table 9,supplementary file,TRUE,REUSED,DENDRITIC_CELL; exact author metagene list; external only outside GSE136103
RAM2019_MAC_SIG_F_CDC1,Ramachandran2019_Nature,cDC1 metagene F,macrophage_monocyte,TSPAN13,UP_IN_STATE,GSE136103,scRNA-seq,mixed nonviral cirrhosis,Supplementary Table 9,supplementary file,TRUE,REUSED,DENDRITIC_CELL; exact author metagene list; external only outside GSE136103
RAM2019_MAC_SIG_F_CDC1,Ramachandran2019_Nature,cDC1 metagene F,macrophage_monocyte,HDAC9,UP_IN_STATE,GSE136103,scRNA-seq,mixed nonviral cirrhosis,Supplementary Table 9,supplementary file,TRUE,REUSED,DENDRITIC_CELL; exact author metagene list; external only outside GSE136103
RAM2019_MAC_SIG_F_CDC1,Ramachandran2019_Nature,cDC1 metagene F,macrophage_monocyte,CTB-113D17.1,UP_IN_STATE,GSE136103,scRNA-seq,mixed nonviral cirrhosis,Supplementary Table 9,supplementary file,TRUE,REUSED,DENDRITIC_CELL; exact author metagene list; external only outside GSE136103
RAM2019_MAC_SIG_F_CDC1,Ramachandran2019_Nature,cDC1 metagene F,macrophage_monocyte,STK17A,UP_IN_STATE,GSE136103,scRNA-seq,mixed nonviral cirrhosis,Supplementary Table 9,supplementary file,TRUE,REUSED,DENDRITIC_CELL; exact author metagene list; external only outside GSE136103
RAM2019_MAC_SIG_F_CDC1,Ramachandran2019_Nature,cDC1 metagene F,macrophage_monocyte,RSBN1L,UP_IN_STATE,GSE136103,scRNA-seq,mixed nonviral cirrhosis,Supplementary Table 9,supplementary file,TRUE,REUSED,DENDRITIC_CELL; exact author metagene list; external only outside GSE136103
RAM2019_MAC_SIG_F_CDC1,Ramachandran2019_Nature,cDC1 metagene F,macrophage_monocyte,PON2,UP_IN_STATE,GSE136103,scRNA-seq,mixed nonviral cirrhosis,Supplementary Table 9,supplementary file,TRUE,REUSED,DENDRITIC_CELL; exact author metagene list; external only outside GSE136103
RAM2019_MAC_SIG_F_CDC1,Ramachandran2019_Nature,cDC1 metagene F,macrophage_monocyte,ORAI2,UP_IN_STATE,GSE136103,scRNA-seq,mixed nonviral cirrhosis,Supplementary Table 9,supplementary file,TRUE,REUSED,DENDRITIC_CELL; exact author metagene list; external only outside GSE136103
RAM2019_MAC_SIG_F_CDC1,Ramachandran2019_Nature,cDC1 metagene F,macrophage_monocyte,DNAJB9,UP_IN_STATE,GSE136103,scRNA-seq,mixed nonviral cirrhosis,Supplementary Table 9,supplementary file,TRUE,REUSED,DENDRITIC_CELL; exact author metagene list; external only outside GSE136103
RAM2019_MAC_SIG_F_CDC1,Ramachandran2019_Nature,cDC1 metagene F,macrophage_monocyte,TSPAN33,UP_IN_STATE,GSE136103,scRNA-seq,mixed nonviral cirrhosis,Supplementary Table 9,supplementary file,TRUE,REUSED,DENDRITIC_CELL; exact author metagene list; external only outside GSE136103
RAM2019_MAC_SIG_F_CDC1,Ramachandran2019_Nature,cDC1 metagene F,macrophage_monocyte,AC093673.5,UP_IN_STATE,GSE136103,scRNA-seq,mixed nonviral cirrhosis,Supplementary Table 9,supplementary file,TRUE,REUSED,DENDRITIC_CELL; exact author metagene list; external only outside GSE136103
RAM2019_MAC_SIG_F_CDC1,Ramachandran2019_Nature,cDC1 metagene F,macrophage_monocyte,REPIN1,UP_IN_STATE,GSE136103,scRNA-seq,mixed nonviral cirrhosis,Supplementary Table 9,supplementary file,TRUE,REUSED,DENDRITIC_CELL; exact author metagene list; external only outside GSE136103
RAM2019_MAC_SIG_F_CDC1,Ramachandran2019_Nature,cDC1 metagene F,macrophage_monocyte,MSL3,UP_IN_STATE,GSE136103,scRNA-seq,mixed nonviral cirrhosis,Supplementary Table 9,supplementary file,TRUE,REUSED,DENDRITIC_CELL; exact author metagene list; external only outside GSE136103
RAM2019_MAC_SIG_F_CDC1,Ramachandran2019_Nature,cDC1 metagene F,macrophage_monocyte,CXCR3,UP_IN_STATE,GSE136103,scRNA-seq,mixed nonviral cirrhosis,Supplementary Table 9,supplementary file,TRUE,REUSED,DENDRITIC_CELL; exact author metagene list; external only outside GSE136103
RAM2019_MAC_SIG_F_CDC1,Ramachandran2019_Nature,cDC1 metagene F,macrophage_monocyte,EMD,UP_IN_STATE,GSE136103,scRNA-seq,mixed nonviral cirrhosis,Supplementary Table 9,supplementary file,TRUE,REUSED,DENDRITIC_CELL; exact author metagene list; external only outside GSE136103
RAM2019_MAC_SIG_F_CDC1,Ramachandran2019_Nature,cDC1 metagene F,macrophage_monocyte,DUSP4,UP_IN_STATE,GSE136103,scRNA-seq,mixed nonviral cirrhosis,Supplementary Table 9,supplementary file,TRUE,REUSED,DENDRITIC_CELL; exact author metagene list; external only outside GSE136103
RAM2019_MAC_SIG_F_CDC1,Ramachandran2019_Nature,cDC1 metagene F,macrophage_monocyte,RAB11FIP1,UP_IN_STATE,GSE136103,scRNA-seq,mixed nonviral cirrhosis,Supplementary Table 9,supplementary file,TRUE,REUSED,DENDRITIC_CELL; exact author metagene list; external only outside GSE136103
RAM2019_MAC_SIG_F_CDC1,Ramachandran2019_Nature,cDC1 metagene F,macrophage_monocyte,IDO1,UP_IN_STATE,GSE136103,scRNA-seq,mixed nonviral cirrhosis,Supplementary Table 9,supplementary file,TRUE,REUSED,DENDRITIC_CELL; exact author metagene list; external only outside GSE136103
RAM2019_MAC_SIG_F_CDC1,Ramachandran2019_Nature,cDC1 metagene F,macrophage_monocyte,LRRCC1,UP_IN_STATE,GSE136103,scRNA-seq,mixed nonviral cirrhosis,Supplementary Table 9,supplementary file,TRUE,REUSED,DENDRITIC_CELL; exact author metagene list; external only outside GSE136103
RAM2019_MAC_SIG_F_CDC1,Ramachandran2019_Nature,cDC1 metagene F,macrophage_monocyte,CPNE3,UP_IN_STATE,GSE136103,scRNA-seq,mixed nonviral cirrhosis,Supplementary Table 9,supplementary file,TRUE,REUSED,DENDRITIC_CELL; exact author metagene list; external only outside GSE136103
RAM2019_MAC_SIG_F_CDC1,Ramachandran2019_Nature,cDC1 metagene F,macrophage_monocyte,ASAP1,UP_IN_STATE,GSE136103,scRNA-seq,mixed nonviral cirrhosis,Supplementary Table 9,supplementary file,TRUE,REUSED,DENDRITIC_CELL; exact author metagene list; external only outside GSE136103
RAM2019_MAC_SIG_F_CDC1,Ramachandran2019_Nature,cDC1 metagene F,macrophage_monocyte,SUSD3,UP_IN_STATE,GSE136103,scRNA-seq,mixed nonviral cirrhosis,Supplementary Table 9,supplementary file,TRUE,REUSED,DENDRITIC_CELL; exact author metagene list; external only outside GSE136103
RAM2019_MAC_SIG_F_CDC1,Ramachandran2019_Nature,cDC1 metagene F,macrophage_monocyte,RAD23B,UP_IN_STATE,GSE136103,scRNA-seq,mixed nonviral cirrhosis,Supplementary Table 9,supplementary file,TRUE,REUSED,DENDRITIC_CELL; exact author metagene list; external only outside GSE136103
RAM2019_MAC_SIG_F_CDC1,Ramachandran2019_Nature,cDC1 metagene F,macrophage_monocyte,ARPC5L,UP_IN_STATE,GSE136103,scRNA-seq,mixed nonviral cirrhosis,Supplementary Table 9,supplementary file,TRUE,REUSED,DENDRITIC_CELL; exact author metagene list; external only outside GSE136103
RAM2019_MAC_SIG_F_CDC1,Ramachandran2019_Nature,cDC1 metagene F,macrophage_monocyte,PTGES2,UP_IN_STATE,GSE136103,scRNA-seq,mixed nonviral cirrhosis,Supplementary Table 9,supplementary file,TRUE,REUSED,DENDRITIC_CELL; exact author metagene list; external only outside GSE136103
RAM2019_MAC_SIG_F_CDC1,Ramachandran2019_Nature,cDC1 metagene F,macrophage_monocyte,HPS5,UP_IN_STATE,GSE136103,scRNA-seq,mixed nonviral cirrhosis,Supplementary Table 9,supplementary file,TRUE,REUSED,DENDRITIC_CELL; exact author metagene list; external only outside GSE136103
RAM2019_MAC_SIG_F_CDC1,Ramachandran2019_Nature,cDC1 metagene F,macrophage_monocyte,SSRP1,UP_IN_STATE,GSE136103,scRNA-seq,mixed nonviral cirrhosis,Supplementary Table 9,supplementary file,TRUE,REUSED,DENDRITIC_CELL; exact author metagene list; external only outside GSE136103
RAM2019_MAC_SIG_F_CDC1,Ramachandran2019_Nature,cDC1 metagene F,macrophage_monocyte,METTL12,UP_IN_STATE,GSE136103,scRNA-seq,mixed nonviral cirrhosis,Supplementary Table 9,supplementary file,TRUE,REUSED,DENDRITIC_CELL; exact author metagene list; external only outside GSE136103
RAM2019_MAC_SIG_F_CDC1,Ramachandran2019_Nature,cDC1 metagene F,macrophage_monocyte,PPP1R14B,UP_IN_STATE,GSE136103,scRNA-seq,mixed nonviral cirrhosis,Supplementary Table 9,supplementary file,TRUE,REUSED,DENDRITIC_CELL; exact author metagene list; external only outside GSE136103
RAM2019_MAC_SIG_F_CDC1,Ramachandran2019_Nature,cDC1 metagene F,macrophage_monocyte,CCND1,UP_IN_STATE,GSE136103,scRNA-seq,mixed nonviral cirrhosis,Supplementary Table 9,supplementary file,TRUE,REUSED,DENDRITIC_CELL; exact author metagene list; external only outside GSE136103
RAM2019_MAC_SIG_F_CDC1,Ramachandran2019_Nature,cDC1 metagene F,macrophage_monocyte,UVRAG,UP_IN_STATE,GSE136103,scRNA-seq,mixed nonviral cirrhosis,Supplementary Table 9,supplementary file,TRUE,REUSED,DENDRITIC_CELL; exact author metagene list; external only outside GSE136103
RAM2019_MAC_SIG_F_CDC1,Ramachandran2019_Nature,cDC1 metagene F,macrophage_monocyte,SRSF8,UP_IN_STATE,GSE136103,scRNA-seq,mixed nonviral cirrhosis,Supplementary Table 9,supplementary file,TRUE,REUSED,DENDRITIC_CELL; exact author metagene list; external only outside GSE136103
RAM2019_MAC_SIG_F_CDC1,Ramachandran2019_Nature,cDC1 metagene F,macrophage_monocyte,CADM1,UP_IN_STATE,GSE136103,scRNA-seq,mixed nonviral cirrhosis,Supplementary Table 9,supplementary file,TRUE,REUSED,DENDRITIC_CELL; exact author metagene list; external only outside GSE136103
RAM2019_MAC_SIG_F_CDC1,Ramachandran2019_Nature,cDC1 metagene F,macrophage_monocyte,NET1,UP_IN_STATE,GSE136103,scRNA-seq,mixed nonviral cirrhosis,Supplementary Table 9,supplementary file,TRUE,REUSED,DENDRITIC_CELL; exact author metagene list; external only outside GSE136103
RAM2019_MAC_SIG_F_CDC1,Ramachandran2019_Nature,cDC1 metagene F,macrophage_monocyte,UPF2,UP_IN_STATE,GSE136103,scRNA-seq,mixed nonviral cirrhosis,Supplementary Table 9,supplementary file,TRUE,REUSED,DENDRITIC_CELL; exact author metagene list; external only outside GSE136103
RAM2019_MAC_SIG_F_CDC1,Ramachandran2019_Nature,cDC1 metagene F,macrophage_monocyte,WDFY4,UP_IN_STATE,GSE136103,scRNA-seq,mixed nonviral cirrhosis,Supplementary Table 9,supplementary file,TRUE,REUSED,DENDRITIC_CELL; exact author metagene list; external only outside GSE136103
RAM2019_MAC_SIG_F_CDC1,Ramachandran2019_Nature,cDC1 metagene F,macrophage_monocyte,C10orf128,UP_IN_STATE,GSE136103,scRNA-seq,mixed nonviral cirrhosis,Supplementary Table 9,supplementary file,TRUE,REUSED,DENDRITIC_CELL; exact author metagene list; external only outside GSE136103
RAM2019_MAC_SIG_F_CDC1,Ramachandran2019_Nature,cDC1 metagene F,macrophage_monocyte,CCDC6,UP_IN_STATE,GSE136103,scRNA-seq,mixed nonviral cirrhosis,Supplementary Table 9,supplementary file,TRUE,REUSED,DENDRITIC_CELL; exact author metagene list; external only outside GSE136103
RAM2019_MAC_SIG_F_CDC1,Ramachandran2019_Nature,cDC1 metagene F,macrophage_monocyte,NUTM2B-AS1,UP_IN_STATE,GSE136103,scRNA-seq,mixed nonviral cirrhosis,Supplementary Table 9,supplementary file,TRUE,REUSED,DENDRITIC_CELL; exact author metagene list; external only outside GSE136103
RAM2019_MAC_SIG_F_CDC1,Ramachandran2019_Nature,cDC1 metagene F,macrophage_monocyte,PDLIM1,UP_IN_STATE,GSE136103,scRNA-seq,mixed nonviral cirrhosis,Supplementary Table 9,supplementary file,TRUE,REUSED,DENDRITIC_CELL; exact author metagene list; external only outside GSE136103
RAM2019_MAC_SIG_F_CDC1,Ramachandran2019_Nature,cDC1 metagene F,macrophage_monocyte,HPS1,UP_IN_STATE,GSE136103,scRNA-seq,mixed nonviral cirrhosis,Supplementary Table 9,supplementary file,TRUE,REUSED,DENDRITIC_CELL; exact author metagene list; external only outside GSE136103
RAM2019_MAC_SIG_F_CDC1,Ramachandran2019_Nature,cDC1 metagene F,macrophage_monocyte,SHTN1,UP_IN_STATE,GSE136103,scRNA-seq,mixed nonviral cirrhosis,Supplementary Table 9,supplementary file,TRUE,REUSED,DENDRITIC_CELL; exact author metagene list; external only outside GSE136103
RAM2019_MAC_SIG_F_CDC1,Ramachandran2019_Nature,cDC1 metagene F,macrophage_monocyte,ADAM8,UP_IN_STATE,GSE136103,scRNA-seq,mixed nonviral cirrhosis,Supplementary Table 9,supplementary file,TRUE,REUSED,DENDRITIC_CELL; exact author metagene list; external only outside GSE136103
RAM2019_MAC_SIG_F_CDC1,Ramachandran2019_Nature,cDC1 metagene F,macrophage_monocyte,CD69,UP_IN_STATE,GSE136103,scRNA-seq,mixed nonviral cirrhosis,Supplementary Table 9,supplementary file,TRUE,REUSED,DENDRITIC_CELL; exact author metagene list; external only outside GSE136103
RAM2019_MAC_SIG_F_CDC1,Ramachandran2019_Nature,cDC1 metagene F,macrophage_monocyte,CLEC9A,UP_IN_STATE,GSE136103,scRNA-seq,mixed nonviral cirrhosis,Supplementary Table 9,supplementary file,TRUE,REUSED,DENDRITIC_CELL; exact author metagene list; external only outside GSE136103
RAM2019_MAC_SIG_F_CDC1,Ramachandran2019_Nature,cDC1 metagene F,macrophage_monocyte,ETV6,UP_IN_STATE,GSE136103,scRNA-seq,mixed nonviral cirrhosis,Supplementary Table 9,supplementary file,TRUE,REUSED,DENDRITIC_CELL; exact author metagene list; external only outside GSE136103
RAM2019_MAC_SIG_F_CDC1,Ramachandran2019_Nature,cDC1 metagene F,macrophage_monocyte,FAM60A,UP_IN_STATE,GSE136103,scRNA-seq,mixed nonviral cirrhosis,Supplementary Table 9,supplementary file,TRUE,REUSED,DENDRITIC_CELL; exact author metagene list; external only outside GSE136103
RAM2019_MAC_SIG_F_CDC1,Ramachandran2019_Nature,cDC1 metagene F,macrophage_monocyte,SLC38A1,UP_IN_STATE,GSE136103,scRNA-seq,mixed nonviral cirrhosis,Supplementary Table 9,supplementary file,TRUE,REUSED,DENDRITIC_CELL; exact author metagene list; external only outside GSE136103
RAM2019_MAC_SIG_F_CDC1,Ramachandran2019_Nature,cDC1 metagene F,macrophage_monocyte,LIMA1,UP_IN_STATE,GSE136103,scRNA-seq,mixed nonviral cirrhosis,Supplementary Table 9,supplementary file,TRUE,REUSED,DENDRITIC_CELL; exact author metagene list; external only outside GSE136103
RAM2019_MAC_SIG_F_CDC1,Ramachandran2019_Nature,cDC1 metagene F,macrophage_monocyte,ITGB7,UP_IN_STATE,GSE136103,scRNA-seq,mixed nonviral cirrhosis,Supplementary Table 9,supplementary file,TRUE,REUSED,DENDRITIC_CELL; exact author metagene list; external only outside GSE136103
RAM2019_MAC_SIG_F_CDC1,Ramachandran2019_Nature,cDC1 metagene F,macrophage_monocyte,RHOF,UP_IN_STATE,GSE136103,scRNA-seq,mixed nonviral cirrhosis,Supplementary Table 9,supplementary file,TRUE,REUSED,DENDRITIC_CELL; exact author metagene list; external only outside GSE136103
RAM2019_MAC_SIG_F_CDC1,Ramachandran2019_Nature,cDC1 metagene F,macrophage_monocyte,FLT3,UP_IN_STATE,GSE136103,scRNA-seq,mixed nonviral cirrhosis,Supplementary Table 9,supplementary file,TRUE,REUSED,DENDRITIC_CELL; exact author metagene list; external only outside GSE136103
RAM2019_MAC_SIG_F_CDC1,Ramachandran2019_Nature,cDC1 metagene F,macrophage_monocyte,KIAA0226L,UP_IN_STATE,GSE136103,scRNA-seq,mixed nonviral cirrhosis,Supplementary Table 9,supplementary file,TRUE,REUSED,DENDRITIC_CELL; exact author metagene list; external only outside GSE136103
RAM2019_MAC_SIG_F_CDC1,Ramachandran2019_Nature,cDC1 metagene F,macrophage_monocyte,HNRNPA1L2,UP_IN_STATE,GSE136103,scRNA-seq,mixed nonviral cirrhosis,Supplementary Table 9,supplementary file,TRUE,REUSED,DENDRITIC_CELL; exact author metagene list; external only outside GSE136103
RAM2019_MAC_SIG_F_CDC1,Ramachandran2019_Nature,cDC1 metagene F,macrophage_monocyte,ARGLU1,UP_IN_STATE,GSE136103,scRNA-seq,mixed nonviral cirrhosis,Supplementary Table 9,supplementary file,TRUE,REUSED,DENDRITIC_CELL; exact author metagene list; external only outside GSE136103
RAM2019_MAC_SIG_F_CDC1,Ramachandran2019_Nature,cDC1 metagene F,macrophage_monocyte,NUBPL,UP_IN_STATE,GSE136103,scRNA-seq,mixed nonviral cirrhosis,Supplementary Table 9,supplementary file,TRUE,REUSED,DENDRITIC_CELL; exact author metagene list; external only outside GSE136103
RAM2019_MAC_SIG_F_CDC1,Ramachandran2019_Nature,cDC1 metagene F,macrophage_monocyte,ARHGAP5,UP_IN_STATE,GSE136103,scRNA-seq,mixed nonviral cirrhosis,Supplementary Table 9,supplementary file,TRUE,REUSED,DENDRITIC_CELL; exact author metagene list; external only outside GSE136103
RAM2019_MAC_SIG_F_CDC1,Ramachandran2019_Nature,cDC1 metagene F,macrophage_monocyte,EGLN3,UP_IN_STATE,GSE136103,scRNA-seq,mixed nonviral cirrhosis,Supplementary Table 9,supplementary file,TRUE,REUSED,DENDRITIC_CELL; exact author metagene list; external only outside GSE136103
RAM2019_MAC_SIG_F_CDC1,Ramachandran2019_Nature,cDC1 metagene F,macrophage_monocyte,PNMA1,UP_IN_STATE,GSE136103,scRNA-seq,mixed nonviral cirrhosis,Supplementary Table 9,supplementary file,TRUE,REUSED,DENDRITIC_CELL; exact author metagene list; external only outside GSE136103
RAM2019_MAC_SIG_F_CDC1,Ramachandran2019_Nature,cDC1 metagene F,macrophage_monocyte,ASB2,UP_IN_STATE,GSE136103,scRNA-seq,mixed nonviral cirrhosis,Supplementary Table 9,supplementary file,TRUE,REUSED,DENDRITIC_CELL; exact author metagene list; external only outside GSE136103
RAM2019_MAC_SIG_F_CDC1,Ramachandran2019_Nature,cDC1 metagene F,macrophage_monocyte,EHD4,UP_IN_STATE,GSE136103,scRNA-seq,mixed nonviral cirrhosis,Supplementary Table 9,supplementary file,TRUE,REUSED,DENDRITIC_CELL; exact author metagene list; external only outside GSE136103
RAM2019_MAC_SIG_F_CDC1,Ramachandran2019_Nature,cDC1 metagene F,macrophage_monocyte,BLOC1S6,UP_IN_STATE,GSE136103,scRNA-seq,mixed nonviral cirrhosis,Supplementary Table 9,supplementary file,TRUE,REUSED,DENDRITIC_CELL; exact author metagene list; external only outside GSE136103
RAM2019_MAC_SIG_F_CDC1,Ramachandran2019_Nature,cDC1 metagene F,macrophage_monocyte,UBL7,UP_IN_STATE,GSE136103,scRNA-seq,mixed nonviral cirrhosis,Supplementary Table 9,supplementary file,TRUE,REUSED,DENDRITIC_CELL; exact author metagene list; external only outside GSE136103
RAM2019_MAC_SIG_F_CDC1,Ramachandran2019_Nature,cDC1 metagene F,macrophage_monocyte,RCN2,UP_IN_STATE,GSE136103,scRNA-seq,mixed nonviral cirrhosis,Supplementary Table 9,supplementary file,TRUE,REUSED,DENDRITIC_CELL; exact author metagene list; external only outside GSE136103
RAM2019_MAC_SIG_F_CDC1,Ramachandran2019_Nature,cDC1 metagene F,macrophage_monocyte,TMED3,UP_IN_STATE,GSE136103,scRNA-seq,mixed nonviral cirrhosis,Supplementary Table 9,supplementary file,TRUE,REUSED,DENDRITIC_CELL; exact author metagene list; external only outside GSE136103
RAM2019_MAC_SIG_F_CDC1,Ramachandran2019_Nature,cDC1 metagene F,macrophage_monocyte,ZFAND6,UP_IN_STATE,GSE136103,scRNA-seq,mixed nonviral cirrhosis,Supplementary Table 9,supplementary file,TRUE,REUSED,DENDRITIC_CELL; exact author metagene list; external only outside GSE136103
RAM2019_MAC_SIG_F_CDC1,Ramachandran2019_Nature,cDC1 metagene F,macrophage_monocyte,IL16,UP_IN_STATE,GSE136103,scRNA-seq,mixed nonviral cirrhosis,Supplementary Table 9,supplementary file,TRUE,REUSED,DENDRITIC_CELL; exact author metagene list; external only outside GSE136103
RAM2019_MAC_SIG_F_CDC1,Ramachandran2019_Nature,cDC1 metagene F,macrophage_monocyte,SNRNP25,UP_IN_STATE,GSE136103,scRNA-seq,mixed nonviral cirrhosis,Supplementary Table 9,supplementary file,TRUE,REUSED,DENDRITIC_CELL; exact author metagene list; external only outside GSE136103
RAM2019_MAC_SIG_F_CDC1,Ramachandran2019_Nature,cDC1 metagene F,macrophage_monocyte,NME4,UP_IN_STATE,GSE136103,scRNA-seq,mixed nonviral cirrhosis,Supplementary Table 9,supplementary file,TRUE,REUSED,DENDRITIC_CELL; exact author metagene list; external only outside GSE136103
RAM2019_MAC_SIG_F_CDC1,Ramachandran2019_Nature,cDC1 metagene F,macrophage_monocyte,ROGDI,UP_IN_STATE,GSE136103,scRNA-seq,mixed nonviral cirrhosis,Supplementary Table 9,supplementary file,TRUE,REUSED,DENDRITIC_CELL; exact author metagene list; external only outside GSE136103
RAM2019_MAC_SIG_F_CDC1,Ramachandran2019_Nature,cDC1 metagene F,macrophage_monocyte,CIITA,UP_IN_STATE,GSE136103,scRNA-seq,mixed nonviral cirrhosis,Supplementary Table 9,supplementary file,TRUE,REUSED,DENDRITIC_CELL; exact author metagene list; external only outside GSE136103
RAM2019_MAC_SIG_F_CDC1,Ramachandran2019_Nature,cDC1 metagene F,macrophage_monocyte,DCTPP1,UP_IN_STATE,GSE136103,scRNA-seq,mixed nonviral cirrhosis,Supplementary Table 9,supplementary file,TRUE,REUSED,DENDRITIC_CELL; exact author metagene list; external only outside GSE136103
RAM2019_MAC_SIG_F_CDC1,Ramachandran2019_Nature,cDC1 metagene F,macrophage_monocyte,VAC14,UP_IN_STATE,GSE136103,scRNA-seq,mixed nonviral cirrhosis,Supplementary Table 9,supplementary file,TRUE,REUSED,DENDRITIC_CELL; exact author metagene list; external only outside GSE136103
RAM2019_MAC_SIG_F_CDC1,Ramachandran2019_Nature,cDC1 metagene F,macrophage_monocyte,TERF2IP,UP_IN_STATE,GSE136103,scRNA-seq,mixed nonviral cirrhosis,Supplementary Table 9,supplementary file,TRUE,REUSED,DENDRITIC_CELL; exact author metagene list; external only outside GSE136103
RAM2019_MAC_SIG_F_CDC1,Ramachandran2019_Nature,cDC1 metagene F,macrophage_monocyte,IRF8,UP_IN_STATE,GSE136103,scRNA-seq,mixed nonviral cirrhosis,Supplementary Table 9,supplementary file,TRUE,REUSED,DENDRITIC_CELL; exact author metagene list; external only outside GSE136103
RAM2019_MAC_SIG_F_CDC1,Ramachandran2019_Nature,cDC1 metagene F,macrophage_monocyte,SERPINF2,UP_IN_STATE,GSE136103,scRNA-seq,mixed nonviral cirrhosis,Supplementary Table 9,supplementary file,TRUE,REUSED,DENDRITIC_CELL; exact author metagene list; external only outside GSE136103
RAM2019_MAC_SIG_F_CDC1,Ramachandran2019_Nature,cDC1 metagene F,macrophage_monocyte,SERPINF1,UP_IN_STATE,GSE136103,scRNA-seq,mixed nonviral cirrhosis,Supplementary Table 9,supplementary file,TRUE,REUSED,DENDRITIC_CELL; exact author metagene list; external only outside GSE136103
RAM2019_MAC_SIG_F_CDC1,Ramachandran2019_Nature,cDC1 metagene F,macrophage_monocyte,IFT20,UP_IN_STATE,GSE136103,scRNA-seq,mixed nonviral cirrhosis,Supplementary Table 9,supplementary file,TRUE,REUSED,DENDRITIC_CELL; exact author metagene list; external only outside GSE136103
RAM2019_MAC_SIG_F_CDC1,Ramachandran2019_Nature,cDC1 metagene F,macrophage_monocyte,MBP,UP_IN_STATE,GSE136103,scRNA-seq,mixed nonviral cirrhosis,Supplementary Table 9,supplementary file,TRUE,REUSED,DENDRITIC_CELL; exact author metagene list; external only outside GSE136103
RAM2019_MAC_SIG_F_CDC1,Ramachandran2019_Nature,cDC1 metagene F,macrophage_monocyte,CST7,UP_IN_STATE,GSE136103,scRNA-seq,mixed nonviral cirrhosis,Supplementary Table 9,supplementary file,TRUE,REUSED,DENDRITIC_CELL; exact author metagene list; external only outside GSE136103
RAM2019_MAC_SIG_F_CDC1,Ramachandran2019_Nature,cDC1 metagene F,macrophage_monocyte,CTNNBL1,UP_IN_STATE,GSE136103,scRNA-seq,mixed nonviral cirrhosis,Supplementary Table 9,supplementary file,TRUE,REUSED,DENDRITIC_CELL; exact author metagene list; external only outside GSE136103
RAM2019_MAC_SIG_F_CDC1,Ramachandran2019_Nature,cDC1 metagene F,macrophage_monocyte,GNG7,UP_IN_STATE,GSE136103,scRNA-seq,mixed nonviral cirrhosis,Supplementary Table 9,supplementary file,TRUE,REUSED,DENDRITIC_CELL; exact author metagene list; external only outside GSE136103
RAM2019_MAC_SIG_F_CDC1,Ramachandran2019_Nature,cDC1 metagene F,macrophage_monocyte,AES,UP_IN_STATE,GSE136103,scRNA-seq,mixed nonviral cirrhosis,Supplementary Table 9,supplementary file,TRUE,REUSED,DENDRITIC_CELL; exact author metagene list; external only outside GSE136103
RAM2019_MAC_SIG_F_CDC1,Ramachandran2019_Nature,cDC1 metagene F,macrophage_monocyte,GNA15,UP_IN_STATE,GSE136103,scRNA-seq,mixed nonviral cirrhosis,Supplementary Table 9,supplementary file,TRUE,REUSED,DENDRITIC_CELL; exact author metagene list; external only outside GSE136103
RAM2019_MAC_SIG_F_CDC1,Ramachandran2019_Nature,cDC1 metagene F,macrophage_monocyte,ELAVL1,UP_IN_STATE,GSE136103,scRNA-seq,mixed nonviral cirrhosis,Supplementary Table 9,supplementary file,TRUE,REUSED,DENDRITIC_CELL; exact author metagene list; external only outside GSE136103
RAM2019_MAC_SIG_F_CDC1,Ramachandran2019_Nature,cDC1 metagene F,macrophage_monocyte,LSM14A,UP_IN_STATE,GSE136103,scRNA-seq,mixed nonviral cirrhosis,Supplementary Table 9,supplementary file,TRUE,REUSED,DENDRITIC_CELL; exact author metagene list; external only outside GSE136103
RAM2019_MAC_SIG_F_CDC1,Ramachandran2019_Nature,cDC1 metagene F,macrophage_monocyte,EGLN2,UP_IN_STATE,GSE136103,scRNA-seq,mixed nonviral cirrhosis,Supplementary Table 9,supplementary file,TRUE,REUSED,DENDRITIC_CELL; exact author metagene list; external only outside GSE136103
RAM2019_MAC_SIG_F_CDC1,Ramachandran2019_Nature,cDC1 metagene F,macrophage_monocyte,MCM5,UP_IN_STATE,GSE136103,scRNA-seq,mixed nonviral cirrhosis,Supplementary Table 9,supplementary file,TRUE,REUSED,DENDRITIC_CELL; exact author metagene list; external only outside GSE136103
RAM2019_MAC_SIG_F_CDC1,Ramachandran2019_Nature,cDC1 metagene F,macrophage_monocyte,APOL3,UP_IN_STATE,GSE136103,scRNA-seq,mixed nonviral cirrhosis,Supplementary Table 9,supplementary file,TRUE,REUSED,DENDRITIC_CELL; exact author metagene list; external only outside GSE136103
RAM2019_MAC_SIG_F_CDC1,Ramachandran2019_Nature,cDC1 metagene F,macrophage_monocyte,MPST,UP_IN_STATE,GSE136103,scRNA-seq,mixed nonviral cirrhosis,Supplementary Table 9,supplementary file,TRUE,REUSED,DENDRITIC_CELL; exact author metagene list; external only outside GSE136103
RAM2019_MAC_SIG_F_CDC1,Ramachandran2019_Nature,cDC1 metagene F,macrophage_monocyte,CBX6,UP_IN_STATE,GSE136103,scRNA-seq,mixed nonviral cirrhosis,Supplementary Table 9,supplementary file,TRUE,REUSED,DENDRITIC_CELL; exact author metagene list; external only outside GSE136103
RAM2019_MAC_SIG_F_CDC1,Ramachandran2019_Nature,cDC1 metagene F,macrophage_monocyte,ACO2,UP_IN_STATE,GSE136103,scRNA-seq,mixed nonviral cirrhosis,Supplementary Table 9,supplementary file,TRUE,REUSED,DENDRITIC_CELL; exact author metagene list; external only outside GSE136103
RAM2019_MAC_SIG_F_CDC1,Ramachandran2019_Nature,cDC1 metagene F,macrophage_monocyte,CYB5R3,UP_IN_STATE,GSE136103,scRNA-seq,mixed nonviral cirrhosis,Supplementary Table 9,supplementary file,TRUE,REUSED,DENDRITIC_CELL; exact author metagene list; external only outside GSE136103
RAM2019_MAC_SIG_F_CDC1,Ramachandran2019_Nature,cDC1 metagene F,macrophage_monocyte,UPK3A,UP_IN_STATE,GSE136103,scRNA-seq,mixed nonviral cirrhosis,Supplementary Table 9,supplementary file,TRUE,REUSED,DENDRITIC_CELL; exact author metagene list; external only outside GSE136103
RAM2019_MAC_SIG_F_CDC1,Ramachandran2019_Nature,cDC1 metagene F,macrophage_monocyte,TRABD,UP_IN_STATE,GSE136103,scRNA-seq,mixed nonviral cirrhosis,Supplementary Table 9,supplementary file,TRUE,REUSED,DENDRITIC_CELL; exact author metagene list; external only outside GSE136103
RAM2019_MAC_SIG_F_CDC1,Ramachandran2019_Nature,cDC1 metagene F,macrophage_monocyte,ITGB2-AS1,UP_IN_STATE,GSE136103,scRNA-seq,mixed nonviral cirrhosis,Supplementary Table 9,supplementary file,TRUE,REUSED,DENDRITIC_CELL; exact author metagene list; external only outside GSE136103
RAM2019_MAC_SIG_F_CDC1,Ramachandran2019_Nature,cDC1 metagene F,macrophage_monocyte,S100B,UP_IN_STATE,GSE136103,scRNA-seq,mixed nonviral cirrhosis,Supplementary Table 9,supplementary file,TRUE,REUSED,DENDRITIC_CELL; exact author metagene list; external only outside GSE136103
RAM2019_ENDO_1,Ramachandran2019_Nature,endothelial cluster 1 / healthy LSEC marker program,endothelial,FCN3,UP_IN_STATE,GSE136103,scRNA-seq,mixed nonviral cirrhosis,Supplementary Table 13,supplementary file,TRUE,REUSED,HEALTHY_LSEC; positive cluster marker (avg_logFC>0); external only outside GSE136103
RAM2019_ENDO_1,Ramachandran2019_Nature,endothelial cluster 1 / healthy LSEC marker program,endothelial,CLEC4G,UP_IN_STATE,GSE136103,scRNA-seq,mixed nonviral cirrhosis,Supplementary Table 13,supplementary file,TRUE,REUSED,HEALTHY_LSEC; positive cluster marker (avg_logFC>0); external only outside GSE136103
RAM2019_ENDO_1,Ramachandran2019_Nature,endothelial cluster 1 / healthy LSEC marker program,endothelial,CRHBP,UP_IN_STATE,GSE136103,scRNA-seq,mixed nonviral cirrhosis,Supplementary Table 13,supplementary file,TRUE,REUSED,HEALTHY_LSEC; positive cluster marker (avg_logFC>0); external only outside GSE136103
RAM2019_ENDO_1,Ramachandran2019_Nature,endothelial cluster 1 / healthy LSEC marker program,endothelial,FCN2,UP_IN_STATE,GSE136103,scRNA-seq,mixed nonviral cirrhosis,Supplementary Table 13,supplementary file,TRUE,REUSED,HEALTHY_LSEC; positive cluster marker (avg_logFC>0); external only outside GSE136103
RAM2019_ENDO_1,Ramachandran2019_Nature,endothelial cluster 1 / healthy LSEC marker program,endothelial,CTSL,UP_IN_STATE,GSE136103,scRNA-seq,mixed nonviral cirrhosis,Supplementary Table 13,supplementary file,TRUE,REUSED,HEALTHY_LSEC; positive cluster marker (avg_logFC>0); external only outside GSE136103
RAM2019_ENDO_1,Ramachandran2019_Nature,endothelial cluster 1 / healthy LSEC marker program,endothelial,CLEC1B,UP_IN_STATE,GSE136103,scRNA-seq,mixed nonviral cirrhosis,Supplementary Table 13,supplementary file,TRUE,REUSED,HEALTHY_LSEC; positive cluster marker (avg_logFC>0); external only outside GSE136103
RAM2019_ENDO_1,Ramachandran2019_Nature,endothelial cluster 1 / healthy LSEC marker program,endothelial,SEPP1,UP_IN_STATE,GSE136103,scRNA-seq,mixed nonviral cirrhosis,Supplementary Table 13,supplementary file,TRUE,REUSED,HEALTHY_LSEC; positive cluster marker (avg_logFC>0); external only outside GSE136103
RAM2019_ENDO_1,Ramachandran2019_Nature,endothelial cluster 1 / healthy LSEC marker program,endothelial,OIT3,UP_IN_STATE,GSE136103,scRNA-seq,mixed nonviral cirrhosis,Supplementary Table 13,supplementary file,TRUE,REUSED,HEALTHY_LSEC; positive cluster marker (avg_logFC>0); external only outside GSE136103
RAM2019_ENDO_1,Ramachandran2019_Nature,endothelial cluster 1 / healthy LSEC marker program,endothelial,MS4A6A,UP_IN_STATE,GSE136103,scRNA-seq,mixed nonviral cirrhosis,Supplementary Table 13,supplementary file,TRUE,REUSED,HEALTHY_LSEC; positive cluster marker (avg_logFC>0); external only outside GSE136103
RAM2019_ENDO_1,Ramachandran2019_Nature,endothelial cluster 1 / healthy LSEC marker program,endothelial,CTSD,UP_IN_STATE,GSE136103,scRNA-seq,mixed nonviral cirrhosis,Supplementary Table 13,supplementary file,TRUE,REUSED,HEALTHY_LSEC; positive cluster marker (avg_logFC>0); external only outside GSE136103
RAM2019_ENDO_1,Ramachandran2019_Nature,endothelial cluster 1 / healthy LSEC marker program,endothelial,CLEC4M,UP_IN_STATE,GSE136103,scRNA-seq,mixed nonviral cirrhosis,Supplementary Table 13,supplementary file,TRUE,REUSED,HEALTHY_LSEC; positive cluster marker (avg_logFC>0); external only outside GSE136103
RAM2019_ENDO_1,Ramachandran2019_Nature,endothelial cluster 1 / healthy LSEC marker program,endothelial,DNASE1L3,UP_IN_STATE,GSE136103,scRNA-seq,mixed nonviral cirrhosis,Supplementary Table 13,supplementary file,TRUE,REUSED,HEALTHY_LSEC; positive cluster marker (avg_logFC>0); external only outside GSE136103
RAM2019_ENDO_1,Ramachandran2019_Nature,endothelial cluster 1 / healthy LSEC marker program,endothelial,AKAP12,UP_IN_STATE,GSE136103,scRNA-seq,mixed nonviral cirrhosis,Supplementary Table 13,supplementary file,TRUE,REUSED,HEALTHY_LSEC; positive cluster marker (avg_logFC>0); external only outside GSE136103
RAM2019_ENDO_1,Ramachandran2019_Nature,endothelial cluster 1 / healthy LSEC marker program,endothelial,STAB2,UP_IN_STATE,GSE136103,scRNA-seq,mixed nonviral cirrhosis,Supplementary Table 13,supplementary file,TRUE,REUSED,HEALTHY_LSEC; positive cluster marker (avg_logFC>0); external only outside GSE136103
RAM2019_ENDO_1,Ramachandran2019_Nature,endothelial cluster 1 / healthy LSEC marker program,endothelial,LGMN,UP_IN_STATE,GSE136103,scRNA-seq,mixed nonviral cirrhosis,Supplementary Table 13,supplementary file,TRUE,REUSED,HEALTHY_LSEC; positive cluster marker (avg_logFC>0); external only outside GSE136103
RAM2019_ENDO_1,Ramachandran2019_Nature,endothelial cluster 1 / healthy LSEC marker program,endothelial,TIMP1,UP_IN_STATE,GSE136103,scRNA-seq,mixed nonviral cirrhosis,Supplementary Table 13,supplementary file,TRUE,REUSED,HEALTHY_LSEC; positive cluster marker (avg_logFC>0); external only outside GSE136103
RAM2019_ENDO_1,Ramachandran2019_Nature,endothelial cluster 1 / healthy LSEC marker program,endothelial,MRC1,UP_IN_STATE,GSE136103,scRNA-seq,mixed nonviral cirrhosis,Supplementary Table 13,supplementary file,TRUE,REUSED,HEALTHY_LSEC; positive cluster marker (avg_logFC>0); external only outside GSE136103
RAM2019_ENDO_1,Ramachandran2019_Nature,endothelial cluster 1 / healthy LSEC marker program,endothelial,ACP5,UP_IN_STATE,GSE136103,scRNA-seq,mixed nonviral cirrhosis,Supplementary Table 13,supplementary file,TRUE,REUSED,HEALTHY_LSEC; positive cluster marker (avg_logFC>0); external only outside GSE136103
RAM2019_ENDO_1,Ramachandran2019_Nature,endothelial cluster 1 / healthy LSEC marker program,endothelial,CD4,UP_IN_STATE,GSE136103,scRNA-seq,mixed nonviral cirrhosis,Supplementary Table 13,supplementary file,TRUE,REUSED,HEALTHY_LSEC; positive cluster marker (avg_logFC>0); external only outside GSE136103
RAM2019_ENDO_1,Ramachandran2019_Nature,endothelial cluster 1 / healthy LSEC marker program,endothelial,CD36,UP_IN_STATE,GSE136103,scRNA-seq,mixed nonviral cirrhosis,Supplementary Table 13,supplementary file,TRUE,REUSED,HEALTHY_LSEC; positive cluster marker (avg_logFC>0); external only outside GSE136103
RAM2019_ENDO_1,Ramachandran2019_Nature,endothelial cluster 1 / healthy LSEC marker program,endothelial,FCGR2B,UP_IN_STATE,GSE136103,scRNA-seq,mixed nonviral cirrhosis,Supplementary Table 13,supplementary file,TRUE,REUSED,HEALTHY_LSEC; positive cluster marker (avg_logFC>0); external only outside GSE136103
RAM2019_ENDO_1,Ramachandran2019_Nature,endothelial cluster 1 / healthy LSEC marker program,endothelial,PLPP3,UP_IN_STATE,GSE136103,scRNA-seq,mixed nonviral cirrhosis,Supplementary Table 13,supplementary file,TRUE,REUSED,HEALTHY_LSEC; positive cluster marker (avg_logFC>0); external only outside GSE136103
RAM2019_ENDO_1,Ramachandran2019_Nature,endothelial cluster 1 / healthy LSEC marker program,endothelial,FTL,UP_IN_STATE,GSE136103,scRNA-seq,mixed nonviral cirrhosis,Supplementary Table 13,supplementary file,TRUE,REUSED,HEALTHY_LSEC; positive cluster marker (avg_logFC>0); external only outside GSE136103
RAM2019_ENDO_1,Ramachandran2019_Nature,endothelial cluster 1 / healthy LSEC marker program,endothelial,CD14,UP_IN_STATE,GSE136103,scRNA-seq,mixed nonviral cirrhosis,Supplementary Table 13,supplementary file,TRUE,REUSED,HEALTHY_LSEC; positive cluster marker (avg_logFC>0); external only outside GSE136103
RAM2019_ENDO_1,Ramachandran2019_Nature,endothelial cluster 1 / healthy LSEC marker program,endothelial,STAB1,UP_IN_STATE,GSE136103,scRNA-seq,mixed nonviral cirrhosis,Supplementary Table 13,supplementary file,TRUE,REUSED,HEALTHY_LSEC; positive cluster marker (avg_logFC>0); external only outside GSE136103
RAM2019_ENDO_1,Ramachandran2019_Nature,endothelial cluster 1 / healthy LSEC marker program,endothelial,MAF,UP_IN_STATE,GSE136103,scRNA-seq,mixed nonviral cirrhosis,Supplementary Table 13,supplementary file,TRUE,REUSED,HEALTHY_LSEC; positive cluster marker (avg_logFC>0); external only outside GSE136103
RAM2019_ENDO_1,Ramachandran2019_Nature,endothelial cluster 1 / healthy LSEC marker program,endothelial,LYVE1,UP_IN_STATE,GSE136103,scRNA-seq,mixed nonviral cirrhosis,Supplementary Table 13,supplementary file,TRUE,REUSED,HEALTHY_LSEC; positive cluster marker (avg_logFC>0); external only outside GSE136103
RAM2019_ENDO_1,Ramachandran2019_Nature,endothelial cluster 1 / healthy LSEC marker program,endothelial,CXCL16,UP_IN_STATE,GSE136103,scRNA-seq,mixed nonviral cirrhosis,Supplementary Table 13,supplementary file,TRUE,REUSED,HEALTHY_LSEC; positive cluster marker (avg_logFC>0); external only outside GSE136103
RAM2019_ENDO_1,Ramachandran2019_Nature,endothelial cluster 1 / healthy LSEC marker program,endothelial,FCGRT,UP_IN_STATE,GSE136103,scRNA-seq,mixed nonviral cirrhosis,Supplementary Table 13,supplementary file,TRUE,REUSED,HEALTHY_LSEC; positive cluster marker (avg_logFC>0); external only outside GSE136103
RAM2019_ENDO_1,Ramachandran2019_Nature,endothelial cluster 1 / healthy LSEC marker program,endothelial,PRCP,UP_IN_STATE,GSE136103,scRNA-seq,mixed nonviral cirrhosis,Supplementary Table 13,supplementary file,TRUE,REUSED,HEALTHY_LSEC; positive cluster marker (avg_logFC>0); external only outside GSE136103
RAM2019_ENDO_1,Ramachandran2019_Nature,endothelial cluster 1 / healthy LSEC marker program,endothelial,LIFR,UP_IN_STATE,GSE136103,scRNA-seq,mixed nonviral cirrhosis,Supplementary Table 13,supplementary file,TRUE,REUSED,HEALTHY_LSEC; positive cluster marker (avg_logFC>0); external only outside GSE136103
RAM2019_ENDO_1,Ramachandran2019_Nature,endothelial cluster 1 / healthy LSEC marker program,endothelial,TFPI2,UP_IN_STATE,GSE136103,scRNA-seq,mixed nonviral cirrhosis,Supplementary Table 13,supplementary file,TRUE,REUSED,HEALTHY_LSEC; positive cluster marker (avg_logFC>0); external only outside GSE136103
RAM2019_ENDO_1,Ramachandran2019_Nature,endothelial cluster 1 / healthy LSEC marker program,endothelial,MEG3,UP_IN_STATE,GSE136103,scRNA-seq,mixed nonviral cirrhosis,Supplementary Table 13,supplementary file,TRUE,REUSED,HEALTHY_LSEC; positive cluster marker (avg_logFC>0); external only outside GSE136103
RAM2019_ENDO_1,Ramachandran2019_Nature,endothelial cluster 1 / healthy LSEC marker program,endothelial,DAB2,UP_IN_STATE,GSE136103,scRNA-seq,mixed nonviral cirrhosis,Supplementary Table 13,supplementary file,TRUE,REUSED,HEALTHY_LSEC; positive cluster marker (avg_logFC>0); external only outside GSE136103
RAM2019_ENDO_1,Ramachandran2019_Nature,endothelial cluster 1 / healthy LSEC marker program,endothelial,F2R,UP_IN_STATE,GSE136103,scRNA-seq,mixed nonviral cirrhosis,Supplementary Table 13,supplementary file,TRUE,REUSED,HEALTHY_LSEC; positive cluster marker (avg_logFC>0); external only outside GSE136103
RAM2019_ENDO_1,Ramachandran2019_Nature,endothelial cluster 1 / healthy LSEC marker program,endothelial,HSP90B1,UP_IN_STATE,GSE136103,scRNA-seq,mixed nonviral cirrhosis,Supplementary Table 13,supplementary file,TRUE,REUSED,HEALTHY_LSEC; positive cluster marker (avg_logFC>0); external only outside GSE136103
RAM2019_ENDO_1,Ramachandran2019_Nature,endothelial cluster 1 / healthy LSEC marker program,endothelial,IL6ST,UP_IN_STATE,GSE136103,scRNA-seq,mixed nonviral cirrhosis,Supplementary Table 13,supplementary file,TRUE,REUSED,HEALTHY_LSEC; positive cluster marker (avg_logFC>0); external only outside GSE136103
RAM2019_ENDO_1,Ramachandran2019_Nature,endothelial cluster 1 / healthy LSEC marker program,endothelial,GSTO1,UP_IN_STATE,GSE136103,scRNA-seq,mixed nonviral cirrhosis,Supplementary Table 13,supplementary file,TRUE,REUSED,HEALTHY_LSEC; positive cluster marker (avg_logFC>0); external only outside GSE136103
RAM2019_ENDO_1,Ramachandran2019_Nature,endothelial cluster 1 / healthy LSEC marker program,endothelial,TSPAN7,UP_IN_STATE,GSE136103,scRNA-seq,mixed nonviral cirrhosis,Supplementary Table 13,supplementary file,TRUE,REUSED,HEALTHY_LSEC; positive cluster marker (avg_logFC>0); external only outside GSE136103
RAM2019_ENDO_1,Ramachandran2019_Nature,endothelial cluster 1 / healthy LSEC marker program,endothelial,COTL1,UP_IN_STATE,GSE136103,scRNA-seq,mixed nonviral cirrhosis,Supplementary Table 13,supplementary file,TRUE,REUSED,HEALTHY_LSEC; positive cluster marker (avg_logFC>0); external only outside GSE136103
RAM2019_ENDO_1,Ramachandran2019_Nature,endothelial cluster 1 / healthy LSEC marker program,endothelial,IL33,UP_IN_STATE,GSE136103,scRNA-seq,mixed nonviral cirrhosis,Supplementary Table 13,supplementary file,TRUE,REUSED,HEALTHY_LSEC; positive cluster marker (avg_logFC>0); external only outside GSE136103
RAM2019_ENDO_1,Ramachandran2019_Nature,endothelial cluster 1 / healthy LSEC marker program,endothelial,RELN,UP_IN_STATE,GSE136103,scRNA-seq,mixed nonviral cirrhosis,Supplementary Table 13,supplementary file,TRUE,REUSED,HEALTHY_LSEC; positive cluster marker (avg_logFC>0); external only outside GSE136103
RAM2019_ENDO_1,Ramachandran2019_Nature,endothelial cluster 1 / healthy LSEC marker program,endothelial,RBP1,UP_IN_STATE,GSE136103,scRNA-seq,mixed nonviral cirrhosis,Supplementary Table 13,supplementary file,TRUE,REUSED,HEALTHY_LSEC; positive cluster marker (avg_logFC>0); external only outside GSE136103
RAM2019_ENDO_1,Ramachandran2019_Nature,endothelial cluster 1 / healthy LSEC marker program,endothelial,BST2,UP_IN_STATE,GSE136103,scRNA-seq,mixed nonviral cirrhosis,Supplementary Table 13,supplementary file,TRUE,REUSED,HEALTHY_LSEC; positive cluster marker (avg_logFC>0); external only outside GSE136103
RAM2019_ENDO_1,Ramachandran2019_Nature,endothelial cluster 1 / healthy LSEC marker program,endothelial,SDPR,UP_IN_STATE,GSE136103,scRNA-seq,mixed nonviral cirrhosis,Supplementary Table 13,supplementary file,TRUE,REUSED,HEALTHY_LSEC; positive cluster marker (avg_logFC>0); external only outside GSE136103
RAM2019_ENDO_1,Ramachandran2019_Nature,endothelial cluster 1 / healthy LSEC marker program,endothelial,NPL,UP_IN_STATE,GSE136103,scRNA-seq,mixed nonviral cirrhosis,Supplementary Table 13,supplementary file,TRUE,REUSED,HEALTHY_LSEC; positive cluster marker (avg_logFC>0); external only outside GSE136103
RAM2019_ENDO_1,Ramachandran2019_Nature,endothelial cluster 1 / healthy LSEC marker program,endothelial,SLC40A1,UP_IN_STATE,GSE136103,scRNA-seq,mixed nonviral cirrhosis,Supplementary Table 13,supplementary file,TRUE,REUSED,HEALTHY_LSEC; positive cluster marker (avg_logFC>0); external only outside GSE136103
RAM2019_ENDO_1,Ramachandran2019_Nature,endothelial cluster 1 / healthy LSEC marker program,endothelial,HIF1A,UP_IN_STATE,GSE136103,scRNA-seq,mixed nonviral cirrhosis,Supplementary Table 13,supplementary file,TRUE,REUSED,HEALTHY_LSEC; positive cluster marker (avg_logFC>0); external only outside GSE136103
RAM2019_ENDO_1,Ramachandran2019_Nature,endothelial cluster 1 / healthy LSEC marker program,endothelial,NEAT1,UP_IN_STATE,GSE136103,scRNA-seq,mixed nonviral cirrhosis,Supplementary Table 13,supplementary file,TRUE,REUSED,HEALTHY_LSEC; positive cluster marker (avg_logFC>0); external only outside GSE136103
RAM2019_ENDO_1,Ramachandran2019_Nature,endothelial cluster 1 / healthy LSEC marker program,endothelial,HIPK2,UP_IN_STATE,GSE136103,scRNA-seq,mixed nonviral cirrhosis,Supplementary Table 13,supplementary file,TRUE,REUSED,HEALTHY_LSEC; positive cluster marker (avg_logFC>0); external only outside GSE136103
RAM2019_ENDO_1,Ramachandran2019_Nature,endothelial cluster 1 / healthy LSEC marker program,endothelial,VMO1,UP_IN_STATE,GSE136103,scRNA-seq,mixed nonviral cirrhosis,Supplementary Table 13,supplementary file,TRUE,REUSED,HEALTHY_LSEC; positive cluster marker (avg_logFC>0); external only outside GSE136103
RAM2019_ENDO_1,Ramachandran2019_Nature,endothelial cluster 1 / healthy LSEC marker program,endothelial,GPX1,UP_IN_STATE,GSE136103,scRNA-seq,mixed nonviral cirrhosis,Supplementary Table 13,supplementary file,TRUE,REUSED,HEALTHY_LSEC; positive cluster marker (avg_logFC>0); external only outside GSE136103
RAM2019_ENDO_1,Ramachandran2019_Nature,endothelial cluster 1 / healthy LSEC marker program,endothelial,GPR182,UP_IN_STATE,GSE136103,scRNA-seq,mixed nonviral cirrhosis,Supplementary Table 13,supplementary file,TRUE,REUSED,HEALTHY_LSEC; positive cluster marker (avg_logFC>0); external only outside GSE136103
RAM2019_ENDO_1,Ramachandran2019_Nature,endothelial cluster 1 / healthy LSEC marker program,endothelial,KDR,UP_IN_STATE,GSE136103,scRNA-seq,mixed nonviral cirrhosis,Supplementary Table 13,supplementary file,TRUE,REUSED,HEALTHY_LSEC; positive cluster marker (avg_logFC>0); external only outside GSE136103
RAM2019_ENDO_1,Ramachandran2019_Nature,endothelial cluster 1 / healthy LSEC marker program,endothelial,AP2S1,UP_IN_STATE,GSE136103,scRNA-seq,mixed nonviral cirrhosis,Supplementary Table 13,supplementary file,TRUE,REUSED,HEALTHY_LSEC; positive cluster marker (avg_logFC>0); external only outside GSE136103
RAM2019_ENDO_1,Ramachandran2019_Nature,endothelial cluster 1 / healthy LSEC marker program,endothelial,CYBA,UP_IN_STATE,GSE136103,scRNA-seq,mixed nonviral cirrhosis,Supplementary Table 13,supplementary file,TRUE,REUSED,HEALTHY_LSEC; positive cluster marker (avg_logFC>0); external only outside GSE136103
RAM2019_ENDO_1,Ramachandran2019_Nature,endothelial cluster 1 / healthy LSEC marker program,endothelial,MARCKSL1,UP_IN_STATE,GSE136103,scRNA-seq,mixed nonviral cirrhosis,Supplementary Table 13,supplementary file,TRUE,REUSED,HEALTHY_LSEC; positive cluster marker (avg_logFC>0); external only outside GSE136103
RAM2019_ENDO_1,Ramachandran2019_Nature,endothelial cluster 1 / healthy LSEC marker program,endothelial,ST6GAL1,UP_IN_STATE,GSE136103,scRNA-seq,mixed nonviral cirrhosis,Supplementary Table 13,supplementary file,TRUE,REUSED,HEALTHY_LSEC; positive cluster marker (avg_logFC>0); external only outside GSE136103
RAM2019_ENDO_1,Ramachandran2019_Nature,endothelial cluster 1 / healthy LSEC marker program,endothelial,TIMP2,UP_IN_STATE,GSE136103,scRNA-seq,mixed nonviral cirrhosis,Supplementary Table 13,supplementary file,TRUE,REUSED,HEALTHY_LSEC; positive cluster marker (avg_logFC>0); external only outside GSE136103
RAM2019_ENDO_1,Ramachandran2019_Nature,endothelial cluster 1 / healthy LSEC marker program,endothelial,APP,UP_IN_STATE,GSE136103,scRNA-seq,mixed nonviral cirrhosis,Supplementary Table 13,supplementary file,TRUE,REUSED,HEALTHY_LSEC; positive cluster marker (avg_logFC>0); external only outside GSE136103
RAM2019_ENDO_1,Ramachandran2019_Nature,endothelial cluster 1 / healthy LSEC marker program,endothelial,NTN4,UP_IN_STATE,GSE136103,scRNA-seq,mixed nonviral cirrhosis,Supplementary Table 13,supplementary file,TRUE,REUSED,HEALTHY_LSEC; positive cluster marker (avg_logFC>0); external only outside GSE136103
RAM2019_ENDO_1,Ramachandran2019_Nature,endothelial cluster 1 / healthy LSEC marker program,endothelial,CTSB,UP_IN_STATE,GSE136103,scRNA-seq,mixed nonviral cirrhosis,Supplementary Table 13,supplementary file,TRUE,REUSED,HEALTHY_LSEC; positive cluster marker (avg_logFC>0); external only outside GSE136103
RAM2019_ENDO_1,Ramachandran2019_Nature,endothelial cluster 1 / healthy LSEC marker program,endothelial,DAAM1,UP_IN_STATE,GSE136103,scRNA-seq,mixed nonviral cirrhosis,Supplementary Table 13,supplementary file,TRUE,REUSED,HEALTHY_LSEC; positive cluster marker (avg_logFC>0); external only outside GSE136103
RAM2019_ENDO_1,Ramachandran2019_Nature,endothelial cluster 1 / healthy LSEC marker program,endothelial,CFP,UP_IN_STATE,GSE136103,scRNA-seq,mixed nonviral cirrhosis,Supplementary Table 13,supplementary file,TRUE,REUSED,HEALTHY_LSEC; positive cluster marker (avg_logFC>0); external only outside GSE136103
RAM2019_ENDO_1,Ramachandran2019_Nature,endothelial cluster 1 / healthy LSEC marker program,endothelial,SNX5,UP_IN_STATE,GSE136103,scRNA-seq,mixed nonviral cirrhosis,Supplementary Table 13,supplementary file,TRUE,REUSED,HEALTHY_LSEC; positive cluster marker (avg_logFC>0); external only outside GSE136103
RAM2019_ENDO_1,Ramachandran2019_Nature,endothelial cluster 1 / healthy LSEC marker program,endothelial,F8,UP_IN_STATE,GSE136103,scRNA-seq,mixed nonviral cirrhosis,Supplementary Table 13,supplementary file,TRUE,REUSED,HEALTHY_LSEC; positive cluster marker (avg_logFC>0); external only outside GSE136103
RAM2019_ENDO_1,Ramachandran2019_Nature,endothelial cluster 1 / healthy LSEC marker program,endothelial,ECM1,UP_IN_STATE,GSE136103,scRNA-seq,mixed nonviral cirrhosis,Supplementary Table 13,supplementary file,TRUE,REUSED,HEALTHY_LSEC; positive cluster marker (avg_logFC>0); external only outside GSE136103
RAM2019_ENDO_1,Ramachandran2019_Nature,endothelial cluster 1 / healthy LSEC marker program,endothelial,SEMA6A,UP_IN_STATE,GSE136103,scRNA-seq,mixed nonviral cirrhosis,Supplementary Table 13,supplementary file,TRUE,REUSED,HEALTHY_LSEC; positive cluster marker (avg_logFC>0); external only outside GSE136103
RAM2019_ENDO_1,Ramachandran2019_Nature,endothelial cluster 1 / healthy LSEC marker program,endothelial,UGCG,UP_IN_STATE,GSE136103,scRNA-seq,mixed nonviral cirrhosis,Supplementary Table 13,supplementary file,TRUE,REUSED,HEALTHY_LSEC; positive cluster marker (avg_logFC>0); external only outside GSE136103
RAM2019_ENDO_1,Ramachandran2019_Nature,endothelial cluster 1 / healthy LSEC marker program,endothelial,PHACTR2,UP_IN_STATE,GSE136103,scRNA-seq,mixed nonviral cirrhosis,Supplementary Table 13,supplementary file,TRUE,REUSED,HEALTHY_LSEC; positive cluster marker (avg_logFC>0); external only outside GSE136103
RAM2019_ENDO_1,Ramachandran2019_Nature,endothelial cluster 1 / healthy LSEC marker program,endothelial,SDCBP,UP_IN_STATE,GSE136103,scRNA-seq,mixed nonviral cirrhosis,Supplementary Table 13,supplementary file,TRUE,REUSED,HEALTHY_LSEC; positive cluster marker (avg_logFC>0); external only outside GSE136103
RAM2019_ENDO_1,Ramachandran2019_Nature,endothelial cluster 1 / healthy LSEC marker program,endothelial,DLC1,UP_IN_STATE,GSE136103,scRNA-seq,mixed nonviral cirrhosis,Supplementary Table 13,supplementary file,TRUE,REUSED,HEALTHY_LSEC; positive cluster marker (avg_logFC>0); external only outside GSE136103
RAM2019_ENDO_1,Ramachandran2019_Nature,endothelial cluster 1 / healthy LSEC marker program,endothelial,SOCS3,UP_IN_STATE,GSE136103,scRNA-seq,mixed nonviral cirrhosis,Supplementary Table 13,supplementary file,TRUE,REUSED,HEALTHY_LSEC; positive cluster marker (avg_logFC>0); external only outside GSE136103
RAM2019_ENDO_1,Ramachandran2019_Nature,endothelial cluster 1 / healthy LSEC marker program,endothelial,TFPI,UP_IN_STATE,GSE136103,scRNA-seq,mixed nonviral cirrhosis,Supplementary Table 13,supplementary file,TRUE,REUSED,HEALTHY_LSEC; positive cluster marker (avg_logFC>0); external only outside GSE136103
RAM2019_ENDO_1,Ramachandran2019_Nature,endothelial cluster 1 / healthy LSEC marker program,endothelial,NID1,UP_IN_STATE,GSE136103,scRNA-seq,mixed nonviral cirrhosis,Supplementary Table 13,supplementary file,TRUE,REUSED,HEALTHY_LSEC; positive cluster marker (avg_logFC>0); external only outside GSE136103
RAM2019_ENDO_1,Ramachandran2019_Nature,endothelial cluster 1 / healthy LSEC marker program,endothelial,C1QTNF1,UP_IN_STATE,GSE136103,scRNA-seq,mixed nonviral cirrhosis,Supplementary Table 13,supplementary file,TRUE,REUSED,HEALTHY_LSEC; positive cluster marker (avg_logFC>0); external only outside GSE136103
RAM2019_ENDO_1,Ramachandran2019_Nature,endothelial cluster 1 / healthy LSEC marker program,endothelial,DUSP5,UP_IN_STATE,GSE136103,scRNA-seq,mixed nonviral cirrhosis,Supplementary Table 13,supplementary file,TRUE,REUSED,HEALTHY_LSEC; positive cluster marker (avg_logFC>0); external only outside GSE136103
RAM2019_ENDO_1,Ramachandran2019_Nature,endothelial cluster 1 / healthy LSEC marker program,endothelial,IGHA1,UP_IN_STATE,GSE136103,scRNA-seq,mixed nonviral cirrhosis,Supplementary Table 13,supplementary file,TRUE,REUSED,HEALTHY_LSEC; positive cluster marker (avg_logFC>0); external only outside GSE136103
RAM2019_ENDO_1,Ramachandran2019_Nature,endothelial cluster 1 / healthy LSEC marker program,endothelial,CCL14,UP_IN_STATE,GSE136103,scRNA-seq,mixed nonviral cirrhosis,Supplementary Table 13,supplementary file,TRUE,REUSED,HEALTHY_LSEC; positive cluster marker (avg_logFC>0); external only outside GSE136103
RAM2019_ENDO_1,Ramachandran2019_Nature,endothelial cluster 1 / healthy LSEC marker program,endothelial,HSPA1B,UP_IN_STATE,GSE136103,scRNA-seq,mixed nonviral cirrhosis,Supplementary Table 13,supplementary file,TRUE,REUSED,HEALTHY_LSEC; positive cluster marker (avg_logFC>0); external only outside GSE136103
RAM2019_ENDO_2,Ramachandran2019_Nature,endothelial cluster 2 marker program,endothelial,TFF3,UP_IN_STATE,GSE136103,scRNA-seq,mixed nonviral cirrhosis,Supplementary Table 13,supplementary file,TRUE,REUSED,ENDOTHELIAL_STATE; positive cluster marker (avg_logFC>0); external only outside GSE136103
RAM2019_ENDO_2,Ramachandran2019_Nature,endothelial cluster 2 marker program,endothelial,CCL21,UP_IN_STATE,GSE136103,scRNA-seq,mixed nonviral cirrhosis,Supplementary Table 13,supplementary file,TRUE,REUSED,ENDOTHELIAL_STATE; positive cluster marker (avg_logFC>0); external only outside GSE136103
RAM2019_ENDO_2,Ramachandran2019_Nature,endothelial cluster 2 marker program,endothelial,TFPI,UP_IN_STATE,GSE136103,scRNA-seq,mixed nonviral cirrhosis,Supplementary Table 13,supplementary file,TRUE,REUSED,ENDOTHELIAL_STATE; positive cluster marker (avg_logFC>0); external only outside GSE136103
RAM2019_ENDO_2,Ramachandran2019_Nature,endothelial cluster 2 marker program,endothelial,MMRN1,UP_IN_STATE,GSE136103,scRNA-seq,mixed nonviral cirrhosis,Supplementary Table 13,supplementary file,TRUE,REUSED,ENDOTHELIAL_STATE; positive cluster marker (avg_logFC>0); external only outside GSE136103
RAM2019_ENDO_2,Ramachandran2019_Nature,endothelial cluster 2 marker program,endothelial,ANXA2,UP_IN_STATE,GSE136103,scRNA-seq,mixed nonviral cirrhosis,Supplementary Table 13,supplementary file,TRUE,REUSED,ENDOTHELIAL_STATE; positive cluster marker (avg_logFC>0); external only outside GSE136103
RAM2019_ENDO_2,Ramachandran2019_Nature,endothelial cluster 2 marker program,endothelial,ATP5E,UP_IN_STATE,GSE136103,scRNA-seq,mixed nonviral cirrhosis,Supplementary Table 13,supplementary file,TRUE,REUSED,ENDOTHELIAL_STATE; positive cluster marker (avg_logFC>0); external only outside GSE136103
RAM2019_ENDO_2,Ramachandran2019_Nature,endothelial cluster 2 marker program,endothelial,PPFIBP1,UP_IN_STATE,GSE136103,scRNA-seq,mixed nonviral cirrhosis,Supplementary Table 13,supplementary file,TRUE,REUSED,ENDOTHELIAL_STATE; positive cluster marker (avg_logFC>0); external only outside GSE136103
RAM2019_ENDO_2,Ramachandran2019_Nature,endothelial cluster 2 marker program,endothelial,PROX1,UP_IN_STATE,GSE136103,scRNA-seq,mixed nonviral cirrhosis,Supplementary Table 13,supplementary file,TRUE,REUSED,ENDOTHELIAL_STATE; positive cluster marker (avg_logFC>0); external only outside GSE136103
RAM2019_ENDO_2,Ramachandran2019_Nature,endothelial cluster 2 marker program,endothelial,POLR2L,UP_IN_STATE,GSE136103,scRNA-seq,mixed nonviral cirrhosis,Supplementary Table 13,supplementary file,TRUE,REUSED,ENDOTHELIAL_STATE; positive cluster marker (avg_logFC>0); external only outside GSE136103
RAM2019_ENDO_2,Ramachandran2019_Nature,endothelial cluster 2 marker program,endothelial,S100A6,UP_IN_STATE,GSE136103,scRNA-seq,mixed nonviral cirrhosis,Supplementary Table 13,supplementary file,TRUE,REUSED,ENDOTHELIAL_STATE; positive cluster marker (avg_logFC>0); external only outside GSE136103
RAM2019_ENDO_2,Ramachandran2019_Nature,endothelial cluster 2 marker program,endothelial,SNCG,UP_IN_STATE,GSE136103,scRNA-seq,mixed nonviral cirrhosis,Supplementary Table 13,supplementary file,TRUE,REUSED,ENDOTHELIAL_STATE; positive cluster marker (avg_logFC>0); external only outside GSE136103
RAM2019_ENDO_2,Ramachandran2019_Nature,endothelial cluster 2 marker program,endothelial,PDPN,UP_IN_STATE,GSE136103,scRNA-seq,mixed nonviral cirrhosis,Supplementary Table 13,supplementary file,TRUE,REUSED,ENDOTHELIAL_STATE; positive cluster marker (avg_logFC>0); external only outside GSE136103
RAM2019_ENDO_2,Ramachandran2019_Nature,endothelial cluster 2 marker program,endothelial,FABP4,UP_IN_STATE,GSE136103,scRNA-seq,mixed nonviral cirrhosis,Supplementary Table 13,supplementary file,TRUE,REUSED,ENDOTHELIAL_STATE; positive cluster marker (avg_logFC>0); external only outside GSE136103
RAM2019_ENDO_2,Ramachandran2019_Nature,endothelial cluster 2 marker program,endothelial,FABP5,UP_IN_STATE,GSE136103,scRNA-seq,mixed nonviral cirrhosis,Supplementary Table 13,supplementary file,TRUE,REUSED,ENDOTHELIAL_STATE; positive cluster marker (avg_logFC>0); external only outside GSE136103
RAM2019_ENDO_2,Ramachandran2019_Nature,endothelial cluster 2 marker program,endothelial,RARRES2,UP_IN_STATE,GSE136103,scRNA-seq,mixed nonviral cirrhosis,Supplementary Table 13,supplementary file,TRUE,REUSED,ENDOTHELIAL_STATE; positive cluster marker (avg_logFC>0); external only outside GSE136103
RAM2019_ENDO_2,Ramachandran2019_Nature,endothelial cluster 2 marker program,endothelial,ADIRF,UP_IN_STATE,GSE136103,scRNA-seq,mixed nonviral cirrhosis,Supplementary Table 13,supplementary file,TRUE,REUSED,ENDOTHELIAL_STATE; positive cluster marker (avg_logFC>0); external only outside GSE136103
RAM2019_ENDO_2,Ramachandran2019_Nature,endothelial cluster 2 marker program,endothelial,S100A10,UP_IN_STATE,GSE136103,scRNA-seq,mixed nonviral cirrhosis,Supplementary Table 13,supplementary file,TRUE,REUSED,ENDOTHELIAL_STATE; positive cluster marker (avg_logFC>0); external only outside GSE136103
RAM2019_ENDO_2,Ramachandran2019_Nature,endothelial cluster 2 marker program,endothelial,LGALS1,UP_IN_STATE,GSE136103,scRNA-seq,mixed nonviral cirrhosis,Supplementary Table 13,supplementary file,TRUE,REUSED,ENDOTHELIAL_STATE; positive cluster marker (avg_logFC>0); external only outside GSE136103
RAM2019_ENDO_2,Ramachandran2019_Nature,endothelial cluster 2 marker program,endothelial,NTS,UP_IN_STATE,GSE136103,scRNA-seq,mixed nonviral cirrhosis,Supplementary Table 13,supplementary file,TRUE,REUSED,ENDOTHELIAL_STATE; positive cluster marker (avg_logFC>0); external only outside GSE136103
RAM2019_ENDO_2,Ramachandran2019_Nature,endothelial cluster 2 marker program,endothelial,PTPRE,UP_IN_STATE,GSE136103,scRNA-seq,mixed nonviral cirrhosis,Supplementary Table 13,supplementary file,TRUE,REUSED,ENDOTHELIAL_STATE; positive cluster marker (avg_logFC>0); external only outside GSE136103
RAM2019_ENDO_2,Ramachandran2019_Nature,endothelial cluster 2 marker program,endothelial,NR2F1,UP_IN_STATE,GSE136103,scRNA-seq,mixed nonviral cirrhosis,Supplementary Table 13,supplementary file,TRUE,REUSED,ENDOTHELIAL_STATE; positive cluster marker (avg_logFC>0); external only outside GSE136103
RAM2019_ENDO_2,Ramachandran2019_Nature,endothelial cluster 2 marker program,endothelial,LAPTM5,UP_IN_STATE,GSE136103,scRNA-seq,mixed nonviral cirrhosis,Supplementary Table 13,supplementary file,TRUE,REUSED,ENDOTHELIAL_STATE; positive cluster marker (avg_logFC>0); external only outside GSE136103
RAM2019_ENDO_2,Ramachandran2019_Nature,endothelial cluster 2 marker program,endothelial,PROCR,UP_IN_STATE,GSE136103,scRNA-seq,mixed nonviral cirrhosis,Supplementary Table 13,supplementary file,TRUE,REUSED,ENDOTHELIAL_STATE; positive cluster marker (avg_logFC>0); external only outside GSE136103
RAM2019_ENDO_2,Ramachandran2019_Nature,endothelial cluster 2 marker program,endothelial,NNMT,UP_IN_STATE,GSE136103,scRNA-seq,mixed nonviral cirrhosis,Supplementary Table 13,supplementary file,TRUE,REUSED,ENDOTHELIAL_STATE; positive cluster marker (avg_logFC>0); external only outside GSE136103
RAM2019_ENDO_2,Ramachandran2019_Nature,endothelial cluster 2 marker program,endothelial,C4orf48,UP_IN_STATE,GSE136103,scRNA-seq,mixed nonviral cirrhosis,Supplementary Table 13,supplementary file,TRUE,REUSED,ENDOTHELIAL_STATE; positive cluster marker (avg_logFC>0); external only outside GSE136103
RAM2019_ENDO_2,Ramachandran2019_Nature,endothelial cluster 2 marker program,endothelial,EFEMP1,UP_IN_STATE,GSE136103,scRNA-seq,mixed nonviral cirrhosis,Supplementary Table 13,supplementary file,TRUE,REUSED,ENDOTHELIAL_STATE; positive cluster marker (avg_logFC>0); external only outside GSE136103
RAM2019_ENDO_2,Ramachandran2019_Nature,endothelial cluster 2 marker program,endothelial,ECSCR.1,UP_IN_STATE,GSE136103,scRNA-seq,mixed nonviral cirrhosis,Supplementary Table 13,supplementary file,TRUE,REUSED,ENDOTHELIAL_STATE; positive cluster marker (avg_logFC>0); external only outside GSE136103
RAM2019_ENDO_2,Ramachandran2019_Nature,endothelial cluster 2 marker program,endothelial,TSPAN5,UP_IN_STATE,GSE136103,scRNA-seq,mixed nonviral cirrhosis,Supplementary Table 13,supplementary file,TRUE,REUSED,ENDOTHELIAL_STATE; positive cluster marker (avg_logFC>0); external only outside GSE136103
RAM2019_ENDO_2,Ramachandran2019_Nature,endothelial cluster 2 marker program,endothelial,CLU,UP_IN_STATE,GSE136103,scRNA-seq,mixed nonviral cirrhosis,Supplementary Table 13,supplementary file,TRUE,REUSED,ENDOTHELIAL_STATE; positive cluster marker (avg_logFC>0); external only outside GSE136103
RAM2019_ENDO_2,Ramachandran2019_Nature,endothelial cluster 2 marker program,endothelial,TMSB10,UP_IN_STATE,GSE136103,scRNA-seq,mixed nonviral cirrhosis,Supplementary Table 13,supplementary file,TRUE,REUSED,ENDOTHELIAL_STATE; positive cluster marker (avg_logFC>0); external only outside GSE136103
RAM2019_ENDO_2,Ramachandran2019_Nature,endothelial cluster 2 marker program,endothelial,GNG11,UP_IN_STATE,GSE136103,scRNA-seq,mixed nonviral cirrhosis,Supplementary Table 13,supplementary file,TRUE,REUSED,ENDOTHELIAL_STATE; positive cluster marker (avg_logFC>0); external only outside GSE136103
RAM2019_ENDO_2,Ramachandran2019_Nature,endothelial cluster 2 marker program,endothelial,PTX3,UP_IN_STATE,GSE136103,scRNA-seq,mixed nonviral cirrhosis,Supplementary Table 13,supplementary file,TRUE,REUSED,ENDOTHELIAL_STATE; positive cluster marker (avg_logFC>0); external only outside GSE136103
RAM2019_ENDO_2,Ramachandran2019_Nature,endothelial cluster 2 marker program,endothelial,LGALS3,UP_IN_STATE,GSE136103,scRNA-seq,mixed nonviral cirrhosis,Supplementary Table 13,supplementary file,TRUE,REUSED,ENDOTHELIAL_STATE; positive cluster marker (avg_logFC>0); external only outside GSE136103
RAM2019_ENDO_2,Ramachandran2019_Nature,endothelial cluster 2 marker program,endothelial,PPDPF,UP_IN_STATE,GSE136103,scRNA-seq,mixed nonviral cirrhosis,Supplementary Table 13,supplementary file,TRUE,REUSED,ENDOTHELIAL_STATE; positive cluster marker (avg_logFC>0); external only outside GSE136103
RAM2019_ENDO_2,Ramachandran2019_Nature,endothelial cluster 2 marker program,endothelial,VIM,UP_IN_STATE,GSE136103,scRNA-seq,mixed nonviral cirrhosis,Supplementary Table 13,supplementary file,TRUE,REUSED,ENDOTHELIAL_STATE; positive cluster marker (avg_logFC>0); external only outside GSE136103
RAM2019_ENDO_2,Ramachandran2019_Nature,endothelial cluster 2 marker program,endothelial,FLT4,UP_IN_STATE,GSE136103,scRNA-seq,mixed nonviral cirrhosis,Supplementary Table 13,supplementary file,TRUE,REUSED,ENDOTHELIAL_STATE; positive cluster marker (avg_logFC>0); external only outside GSE136103
RAM2019_ENDO_2,Ramachandran2019_Nature,endothelial cluster 2 marker program,endothelial,GYPC,UP_IN_STATE,GSE136103,scRNA-seq,mixed nonviral cirrhosis,Supplementary Table 13,supplementary file,TRUE,REUSED,ENDOTHELIAL_STATE; positive cluster marker (avg_logFC>0); external only outside GSE136103
RAM2019_ENDO_2,Ramachandran2019_Nature,endothelial cluster 2 marker program,endothelial,UQCR11,UP_IN_STATE,GSE136103,scRNA-seq,mixed nonviral cirrhosis,Supplementary Table 13,supplementary file,TRUE,REUSED,ENDOTHELIAL_STATE; positive cluster marker (avg_logFC>0); external only outside GSE136103
RAM2019_ENDO_2,Ramachandran2019_Nature,endothelial cluster 2 marker program,endothelial,RAB11A,UP_IN_STATE,GSE136103,scRNA-seq,mixed nonviral cirrhosis,Supplementary Table 13,supplementary file,TRUE,REUSED,ENDOTHELIAL_STATE; positive cluster marker (avg_logFC>0); external only outside GSE136103
RAM2019_ENDO_2,Ramachandran2019_Nature,endothelial cluster 2 marker program,endothelial,BCL7C,UP_IN_STATE,GSE136103,scRNA-seq,mixed nonviral cirrhosis,Supplementary Table 13,supplementary file,TRUE,REUSED,ENDOTHELIAL_STATE; positive cluster marker (avg_logFC>0); external only outside GSE136103
RAM2019_ENDO_2,Ramachandran2019_Nature,endothelial cluster 2 marker program,endothelial,ARL4A,UP_IN_STATE,GSE136103,scRNA-seq,mixed nonviral cirrhosis,Supplementary Table 13,supplementary file,TRUE,REUSED,ENDOTHELIAL_STATE; positive cluster marker (avg_logFC>0); external only outside GSE136103
RAM2019_ENDO_2,Ramachandran2019_Nature,endothelial cluster 2 marker program,endothelial,CALD1,UP_IN_STATE,GSE136103,scRNA-seq,mixed nonviral cirrhosis,Supplementary Table 13,supplementary file,TRUE,REUSED,ENDOTHELIAL_STATE; positive cluster marker (avg_logFC>0); external only outside GSE136103
RAM2019_ENDO_2,Ramachandran2019_Nature,endothelial cluster 2 marker program,endothelial,GUK1,UP_IN_STATE,GSE136103,scRNA-seq,mixed nonviral cirrhosis,Supplementary Table 13,supplementary file,TRUE,REUSED,ENDOTHELIAL_STATE; positive cluster marker (avg_logFC>0); external only outside GSE136103
RAM2019_ENDO_2,Ramachandran2019_Nature,endothelial cluster 2 marker program,endothelial,TBX1,UP_IN_STATE,GSE136103,scRNA-seq,mixed nonviral cirrhosis,Supplementary Table 13,supplementary file,TRUE,REUSED,ENDOTHELIAL_STATE; positive cluster marker (avg_logFC>0); external only outside GSE136103
RAM2019_ENDO_2,Ramachandran2019_Nature,endothelial cluster 2 marker program,endothelial,NRP2,UP_IN_STATE,GSE136103,scRNA-seq,mixed nonviral cirrhosis,Supplementary Table 13,supplementary file,TRUE,REUSED,ENDOTHELIAL_STATE; positive cluster marker (avg_logFC>0); external only outside GSE136103
RAM2019_ENDO_3,Ramachandran2019_Nature,endothelial cluster 3 marker program,endothelial,ADIRF,UP_IN_STATE,GSE136103,scRNA-seq,mixed nonviral cirrhosis,Supplementary Table 13,supplementary file,TRUE,REUSED,ENDOTHELIAL_STATE; positive cluster marker (avg_logFC>0); external only outside GSE136103
RAM2019_ENDO_3,Ramachandran2019_Nature,endothelial cluster 3 marker program,endothelial,CPE,UP_IN_STATE,GSE136103,scRNA-seq,mixed nonviral cirrhosis,Supplementary Table 13,supplementary file,TRUE,REUSED,ENDOTHELIAL_STATE; positive cluster marker (avg_logFC>0); external only outside GSE136103
RAM2019_ENDO_3,Ramachandran2019_Nature,endothelial cluster 3 marker program,endothelial,IL33,UP_IN_STATE,GSE136103,scRNA-seq,mixed nonviral cirrhosis,Supplementary Table 13,supplementary file,TRUE,REUSED,ENDOTHELIAL_STATE; positive cluster marker (avg_logFC>0); external only outside GSE136103
RAM2019_ENDO_3,Ramachandran2019_Nature,endothelial cluster 3 marker program,endothelial,CLEC14A,UP_IN_STATE,GSE136103,scRNA-seq,mixed nonviral cirrhosis,Supplementary Table 13,supplementary file,TRUE,REUSED,ENDOTHELIAL_STATE; positive cluster marker (avg_logFC>0); external only outside GSE136103
RAM2019_ENDO_3,Ramachandran2019_Nature,endothelial cluster 3 marker program,endothelial,SRPX,UP_IN_STATE,GSE136103,scRNA-seq,mixed nonviral cirrhosis,Supplementary Table 13,supplementary file,TRUE,REUSED,ENDOTHELIAL_STATE; positive cluster marker (avg_logFC>0); external only outside GSE136103
RAM2019_ENDO_3,Ramachandran2019_Nature,endothelial cluster 3 marker program,endothelial,CTNNAL1,UP_IN_STATE,GSE136103,scRNA-seq,mixed nonviral cirrhosis,Supplementary Table 13,supplementary file,TRUE,REUSED,ENDOTHELIAL_STATE; positive cluster marker (avg_logFC>0); external only outside GSE136103
RAM2019_ENDO_3,Ramachandran2019_Nature,endothelial cluster 3 marker program,endothelial,CD320,UP_IN_STATE,GSE136103,scRNA-seq,mixed nonviral cirrhosis,Supplementary Table 13,supplementary file,TRUE,REUSED,ENDOTHELIAL_STATE; positive cluster marker (avg_logFC>0); external only outside GSE136103
RAM2019_ENDO_3,Ramachandran2019_Nature,endothelial cluster 3 marker program,endothelial,LDB2,UP_IN_STATE,GSE136103,scRNA-seq,mixed nonviral cirrhosis,Supplementary Table 13,supplementary file,TRUE,REUSED,ENDOTHELIAL_STATE; positive cluster marker (avg_logFC>0); external only outside GSE136103
RAM2019_ENDO_3,Ramachandran2019_Nature,endothelial cluster 3 marker program,endothelial,TM4SF1,UP_IN_STATE,GSE136103,scRNA-seq,mixed nonviral cirrhosis,Supplementary Table 13,supplementary file,TRUE,REUSED,ENDOTHELIAL_STATE; positive cluster marker (avg_logFC>0); external only outside GSE136103
RAM2019_ENDO_3,Ramachandran2019_Nature,endothelial cluster 3 marker program,endothelial,SCGB3A1,UP_IN_STATE,GSE136103,scRNA-seq,mixed nonviral cirrhosis,Supplementary Table 13,supplementary file,TRUE,REUSED,ENDOTHELIAL_STATE; positive cluster marker (avg_logFC>0); external only outside GSE136103
RAM2019_ENDO_3,Ramachandran2019_Nature,endothelial cluster 3 marker program,endothelial,RFK,UP_IN_STATE,GSE136103,scRNA-seq,mixed nonviral cirrhosis,Supplementary Table 13,supplementary file,TRUE,REUSED,ENDOTHELIAL_STATE; positive cluster marker (avg_logFC>0); external only outside GSE136103
RAM2019_ENDO_3,Ramachandran2019_Nature,endothelial cluster 3 marker program,endothelial,MEIS2,UP_IN_STATE,GSE136103,scRNA-seq,mixed nonviral cirrhosis,Supplementary Table 13,supplementary file,TRUE,REUSED,ENDOTHELIAL_STATE; positive cluster marker (avg_logFC>0); external only outside GSE136103
RAM2019_ENDO_3,Ramachandran2019_Nature,endothelial cluster 3 marker program,endothelial,MGP,UP_IN_STATE,GSE136103,scRNA-seq,mixed nonviral cirrhosis,Supplementary Table 13,supplementary file,TRUE,REUSED,ENDOTHELIAL_STATE; positive cluster marker (avg_logFC>0); external only outside GSE136103
RAM2019_ENDO_3,Ramachandran2019_Nature,endothelial cluster 3 marker program,endothelial,PTPRB,UP_IN_STATE,GSE136103,scRNA-seq,mixed nonviral cirrhosis,Supplementary Table 13,supplementary file,TRUE,REUSED,ENDOTHELIAL_STATE; positive cluster marker (avg_logFC>0); external only outside GSE136103
RAM2019_ENDO_3,Ramachandran2019_Nature,endothelial cluster 3 marker program,endothelial,ID2,UP_IN_STATE,GSE136103,scRNA-seq,mixed nonviral cirrhosis,Supplementary Table 13,supplementary file,TRUE,REUSED,ENDOTHELIAL_STATE; positive cluster marker (avg_logFC>0); external only outside GSE136103
RAM2019_ENDO_3,Ramachandran2019_Nature,endothelial cluster 3 marker program,endothelial,MATN2,UP_IN_STATE,GSE136103,scRNA-seq,mixed nonviral cirrhosis,Supplementary Table 13,supplementary file,TRUE,REUSED,ENDOTHELIAL_STATE; positive cluster marker (avg_logFC>0); external only outside GSE136103
RAM2019_ENDO_3,Ramachandran2019_Nature,endothelial cluster 3 marker program,endothelial,ALDH1A1,UP_IN_STATE,GSE136103,scRNA-seq,mixed nonviral cirrhosis,Supplementary Table 13,supplementary file,TRUE,REUSED,ENDOTHELIAL_STATE; positive cluster marker (avg_logFC>0); external only outside GSE136103
RAM2019_ENDO_3,Ramachandran2019_Nature,endothelial cluster 3 marker program,endothelial,CLU,UP_IN_STATE,GSE136103,scRNA-seq,mixed nonviral cirrhosis,Supplementary Table 13,supplementary file,TRUE,REUSED,ENDOTHELIAL_STATE; positive cluster marker (avg_logFC>0); external only outside GSE136103
RAM2019_ENDO_3,Ramachandran2019_Nature,endothelial cluster 3 marker program,endothelial,SRGN,UP_IN_STATE,GSE136103,scRNA-seq,mixed nonviral cirrhosis,Supplementary Table 13,supplementary file,TRUE,REUSED,ENDOTHELIAL_STATE; positive cluster marker (avg_logFC>0); external only outside GSE136103
RAM2019_ENDO_3,Ramachandran2019_Nature,endothelial cluster 3 marker program,endothelial,FTH1,UP_IN_STATE,GSE136103,scRNA-seq,mixed nonviral cirrhosis,Supplementary Table 13,supplementary file,TRUE,REUSED,ENDOTHELIAL_STATE; positive cluster marker (avg_logFC>0); external only outside GSE136103
RAM2019_ENDO_3,Ramachandran2019_Nature,endothelial cluster 3 marker program,endothelial,PRSS23,UP_IN_STATE,GSE136103,scRNA-seq,mixed nonviral cirrhosis,Supplementary Table 13,supplementary file,TRUE,REUSED,ENDOTHELIAL_STATE; positive cluster marker (avg_logFC>0); external only outside GSE136103
RAM2019_ENDO_3,Ramachandran2019_Nature,endothelial cluster 3 marker program,endothelial,FLRT2,UP_IN_STATE,GSE136103,scRNA-seq,mixed nonviral cirrhosis,Supplementary Table 13,supplementary file,TRUE,REUSED,ENDOTHELIAL_STATE; positive cluster marker (avg_logFC>0); external only outside GSE136103
RAM2019_ENDO_3,Ramachandran2019_Nature,endothelial cluster 3 marker program,endothelial,BMPER,UP_IN_STATE,GSE136103,scRNA-seq,mixed nonviral cirrhosis,Supplementary Table 13,supplementary file,TRUE,REUSED,ENDOTHELIAL_STATE; positive cluster marker (avg_logFC>0); external only outside GSE136103
RAM2019_ENDO_3,Ramachandran2019_Nature,endothelial cluster 3 marker program,endothelial,PDLIM1,UP_IN_STATE,GSE136103,scRNA-seq,mixed nonviral cirrhosis,Supplementary Table 13,supplementary file,TRUE,REUSED,ENDOTHELIAL_STATE; positive cluster marker (avg_logFC>0); external only outside GSE136103
RAM2019_ENDO_3,Ramachandran2019_Nature,endothelial cluster 3 marker program,endothelial,RPS28,UP_IN_STATE,GSE136103,scRNA-seq,mixed nonviral cirrhosis,Supplementary Table 13,supplementary file,TRUE,REUSED,ENDOTHELIAL_STATE; positive cluster marker (avg_logFC>0); external only outside GSE136103
RAM2019_ENDO_3,Ramachandran2019_Nature,endothelial cluster 3 marker program,endothelial,TSPAN7,UP_IN_STATE,GSE136103,scRNA-seq,mixed nonviral cirrhosis,Supplementary Table 13,supplementary file,TRUE,REUSED,ENDOTHELIAL_STATE; positive cluster marker (avg_logFC>0); external only outside GSE136103
RAM2019_ENDO_3,Ramachandran2019_Nature,endothelial cluster 3 marker program,endothelial,SDCBP,UP_IN_STATE,GSE136103,scRNA-seq,mixed nonviral cirrhosis,Supplementary Table 13,supplementary file,TRUE,REUSED,ENDOTHELIAL_STATE; positive cluster marker (avg_logFC>0); external only outside GSE136103
RAM2019_ENDO_3,Ramachandran2019_Nature,endothelial cluster 3 marker program,endothelial,TFPI,UP_IN_STATE,GSE136103,scRNA-seq,mixed nonviral cirrhosis,Supplementary Table 13,supplementary file,TRUE,REUSED,ENDOTHELIAL_STATE; positive cluster marker (avg_logFC>0); external only outside GSE136103
RAM2019_ENDO_3,Ramachandran2019_Nature,endothelial cluster 3 marker program,endothelial,SLC40A1,UP_IN_STATE,GSE136103,scRNA-seq,mixed nonviral cirrhosis,Supplementary Table 13,supplementary file,TRUE,REUSED,ENDOTHELIAL_STATE; positive cluster marker (avg_logFC>0); external only outside GSE136103
RAM2019_ENDO_3,Ramachandran2019_Nature,endothelial cluster 3 marker program,endothelial,NRN1,UP_IN_STATE,GSE136103,scRNA-seq,mixed nonviral cirrhosis,Supplementary Table 13,supplementary file,TRUE,REUSED,ENDOTHELIAL_STATE; positive cluster marker (avg_logFC>0); external only outside GSE136103
RAM2019_ENDO_3,Ramachandran2019_Nature,endothelial cluster 3 marker program,endothelial,FTL,UP_IN_STATE,GSE136103,scRNA-seq,mixed nonviral cirrhosis,Supplementary Table 13,supplementary file,TRUE,REUSED,ENDOTHELIAL_STATE; positive cluster marker (avg_logFC>0); external only outside GSE136103
RAM2019_ENDO_3,Ramachandran2019_Nature,endothelial cluster 3 marker program,endothelial,MEG3,UP_IN_STATE,GSE136103,scRNA-seq,mixed nonviral cirrhosis,Supplementary Table 13,supplementary file,TRUE,REUSED,ENDOTHELIAL_STATE; positive cluster marker (avg_logFC>0); external only outside GSE136103
RAM2019_ENDO_3,Ramachandran2019_Nature,endothelial cluster 3 marker program,endothelial,EDN1,UP_IN_STATE,GSE136103,scRNA-seq,mixed nonviral cirrhosis,Supplementary Table 13,supplementary file,TRUE,REUSED,ENDOTHELIAL_STATE; positive cluster marker (avg_logFC>0); external only outside GSE136103
RAM2019_ENDO_3,Ramachandran2019_Nature,endothelial cluster 3 marker program,endothelial,PLAC9,UP_IN_STATE,GSE136103,scRNA-seq,mixed nonviral cirrhosis,Supplementary Table 13,supplementary file,TRUE,REUSED,ENDOTHELIAL_STATE; positive cluster marker (avg_logFC>0); external only outside GSE136103
RAM2019_ENDO_3,Ramachandran2019_Nature,endothelial cluster 3 marker program,endothelial,LTBP4,UP_IN_STATE,GSE136103,scRNA-seq,mixed nonviral cirrhosis,Supplementary Table 13,supplementary file,TRUE,REUSED,ENDOTHELIAL_STATE; positive cluster marker (avg_logFC>0); external only outside GSE136103
RAM2019_ENDO_3,Ramachandran2019_Nature,endothelial cluster 3 marker program,endothelial,WBP5,UP_IN_STATE,GSE136103,scRNA-seq,mixed nonviral cirrhosis,Supplementary Table 13,supplementary file,TRUE,REUSED,ENDOTHELIAL_STATE; positive cluster marker (avg_logFC>0); external only outside GSE136103
RAM2019_ENDO_3,Ramachandran2019_Nature,endothelial cluster 3 marker program,endothelial,ITM2B,UP_IN_STATE,GSE136103,scRNA-seq,mixed nonviral cirrhosis,Supplementary Table 13,supplementary file,TRUE,REUSED,ENDOTHELIAL_STATE; positive cluster marker (avg_logFC>0); external only outside GSE136103
RAM2019_ENDO_3,Ramachandran2019_Nature,endothelial cluster 3 marker program,endothelial,LIFR,UP_IN_STATE,GSE136103,scRNA-seq,mixed nonviral cirrhosis,Supplementary Table 13,supplementary file,TRUE,REUSED,ENDOTHELIAL_STATE; positive cluster marker (avg_logFC>0); external only outside GSE136103
RAM2019_ENDO_3,Ramachandran2019_Nature,endothelial cluster 3 marker program,endothelial,TNFSF10,UP_IN_STATE,GSE136103,scRNA-seq,mixed nonviral cirrhosis,Supplementary Table 13,supplementary file,TRUE,REUSED,ENDOTHELIAL_STATE; positive cluster marker (avg_logFC>0); external only outside GSE136103
RAM2019_ENDO_4,Ramachandran2019_Nature,endothelial cluster 4 marker program,endothelial,PRSS23,UP_IN_STATE,GSE136103,scRNA-seq,mixed nonviral cirrhosis,Supplementary Table 13,supplementary file,TRUE,REUSED,ENDOTHELIAL_STATE; positive cluster marker (avg_logFC>0); external only outside GSE136103
RAM2019_ENDO_4,Ramachandran2019_Nature,endothelial cluster 4 marker program,endothelial,IL1R1,UP_IN_STATE,GSE136103,scRNA-seq,mixed nonviral cirrhosis,Supplementary Table 13,supplementary file,TRUE,REUSED,ENDOTHELIAL_STATE; positive cluster marker (avg_logFC>0); external only outside GSE136103
RAM2019_ENDO_4,Ramachandran2019_Nature,endothelial cluster 4 marker program,endothelial,LTC4S,UP_IN_STATE,GSE136103,scRNA-seq,mixed nonviral cirrhosis,Supplementary Table 13,supplementary file,TRUE,REUSED,ENDOTHELIAL_STATE; positive cluster marker (avg_logFC>0); external only outside GSE136103
RAM2019_ENDO_4,Ramachandran2019_Nature,endothelial cluster 4 marker program,endothelial,NTS,UP_IN_STATE,GSE136103,scRNA-seq,mixed nonviral cirrhosis,Supplementary Table 13,supplementary file,TRUE,REUSED,ENDOTHELIAL_STATE; positive cluster marker (avg_logFC>0); external only outside GSE136103
RAM2019_ENDO_4,Ramachandran2019_Nature,endothelial cluster 4 marker program,endothelial,LYPD2,UP_IN_STATE,GSE136103,scRNA-seq,mixed nonviral cirrhosis,Supplementary Table 13,supplementary file,TRUE,REUSED,ENDOTHELIAL_STATE; positive cluster marker (avg_logFC>0); external only outside GSE136103
RAM2019_ENDO_4,Ramachandran2019_Nature,endothelial cluster 4 marker program,endothelial,RSPO3,UP_IN_STATE,GSE136103,scRNA-seq,mixed nonviral cirrhosis,Supplementary Table 13,supplementary file,TRUE,REUSED,ENDOTHELIAL_STATE; positive cluster marker (avg_logFC>0); external only outside GSE136103
RAM2019_ENDO_4,Ramachandran2019_Nature,endothelial cluster 4 marker program,endothelial,LIFR,UP_IN_STATE,GSE136103,scRNA-seq,mixed nonviral cirrhosis,Supplementary Table 13,supplementary file,TRUE,REUSED,ENDOTHELIAL_STATE; positive cluster marker (avg_logFC>0); external only outside GSE136103
RAM2019_ENDO_4,Ramachandran2019_Nature,endothelial cluster 4 marker program,endothelial,PTGDS,UP_IN_STATE,GSE136103,scRNA-seq,mixed nonviral cirrhosis,Supplementary Table 13,supplementary file,TRUE,REUSED,ENDOTHELIAL_STATE; positive cluster marker (avg_logFC>0); external only outside GSE136103
RAM2019_ENDO_4,Ramachandran2019_Nature,endothelial cluster 4 marker program,endothelial,RAMP3,UP_IN_STATE,GSE136103,scRNA-seq,mixed nonviral cirrhosis,Supplementary Table 13,supplementary file,TRUE,REUSED,ENDOTHELIAL_STATE; positive cluster marker (avg_logFC>0); external only outside GSE136103
RAM2019_ENDO_4,Ramachandran2019_Nature,endothelial cluster 4 marker program,endothelial,INMT,UP_IN_STATE,GSE136103,scRNA-seq,mixed nonviral cirrhosis,Supplementary Table 13,supplementary file,TRUE,REUSED,ENDOTHELIAL_STATE; positive cluster marker (avg_logFC>0); external only outside GSE136103
RAM2019_ENDO_4,Ramachandran2019_Nature,endothelial cluster 4 marker program,endothelial,FTL,UP_IN_STATE,GSE136103,scRNA-seq,mixed nonviral cirrhosis,Supplementary Table 13,supplementary file,TRUE,REUSED,ENDOTHELIAL_STATE; positive cluster marker (avg_logFC>0); external only outside GSE136103
RAM2019_ENDO_4,Ramachandran2019_Nature,endothelial cluster 4 marker program,endothelial,PTGS1,UP_IN_STATE,GSE136103,scRNA-seq,mixed nonviral cirrhosis,Supplementary Table 13,supplementary file,TRUE,REUSED,ENDOTHELIAL_STATE; positive cluster marker (avg_logFC>0); external only outside GSE136103
RAM2019_ENDO_4,Ramachandran2019_Nature,endothelial cluster 4 marker program,endothelial,C7,UP_IN_STATE,GSE136103,scRNA-seq,mixed nonviral cirrhosis,Supplementary Table 13,supplementary file,TRUE,REUSED,ENDOTHELIAL_STATE; positive cluster marker (avg_logFC>0); external only outside GSE136103
RAM2019_ENDO_4,Ramachandran2019_Nature,endothelial cluster 4 marker program,endothelial,PLAC8,UP_IN_STATE,GSE136103,scRNA-seq,mixed nonviral cirrhosis,Supplementary Table 13,supplementary file,TRUE,REUSED,ENDOTHELIAL_STATE; positive cluster marker (avg_logFC>0); external only outside GSE136103
RAM2019_ENDO_4,Ramachandran2019_Nature,endothelial cluster 4 marker program,endothelial,C2orf88,UP_IN_STATE,GSE136103,scRNA-seq,mixed nonviral cirrhosis,Supplementary Table 13,supplementary file,TRUE,REUSED,ENDOTHELIAL_STATE; positive cluster marker (avg_logFC>0); external only outside GSE136103
RAM2019_ENDO_4,Ramachandran2019_Nature,endothelial cluster 4 marker program,endothelial,SH3BP5,UP_IN_STATE,GSE136103,scRNA-seq,mixed nonviral cirrhosis,Supplementary Table 13,supplementary file,TRUE,REUSED,ENDOTHELIAL_STATE; positive cluster marker (avg_logFC>0); external only outside GSE136103
RAM2019_ENDO_4,Ramachandran2019_Nature,endothelial cluster 4 marker program,endothelial,WNT2,UP_IN_STATE,GSE136103,scRNA-seq,mixed nonviral cirrhosis,Supplementary Table 13,supplementary file,TRUE,REUSED,ENDOTHELIAL_STATE; positive cluster marker (avg_logFC>0); external only outside GSE136103
RAM2019_ENDO_4,Ramachandran2019_Nature,endothelial cluster 4 marker program,endothelial,SELP,UP_IN_STATE,GSE136103,scRNA-seq,mixed nonviral cirrhosis,Supplementary Table 13,supplementary file,TRUE,REUSED,ENDOTHELIAL_STATE; positive cluster marker (avg_logFC>0); external only outside GSE136103
RAM2019_ENDO_4,Ramachandran2019_Nature,endothelial cluster 4 marker program,endothelial,APP,UP_IN_STATE,GSE136103,scRNA-seq,mixed nonviral cirrhosis,Supplementary Table 13,supplementary file,TRUE,REUSED,ENDOTHELIAL_STATE; positive cluster marker (avg_logFC>0); external only outside GSE136103
RAM2019_ENDO_4,Ramachandran2019_Nature,endothelial cluster 4 marker program,endothelial,ACP5,UP_IN_STATE,GSE136103,scRNA-seq,mixed nonviral cirrhosis,Supplementary Table 13,supplementary file,TRUE,REUSED,ENDOTHELIAL_STATE; positive cluster marker (avg_logFC>0); external only outside GSE136103
RAM2019_ENDO_4,Ramachandran2019_Nature,endothelial cluster 4 marker program,endothelial,MEIS2,UP_IN_STATE,GSE136103,scRNA-seq,mixed nonviral cirrhosis,Supplementary Table 13,supplementary file,TRUE,REUSED,ENDOTHELIAL_STATE; positive cluster marker (avg_logFC>0); external only outside GSE136103
RAM2019_ENDO_4,Ramachandran2019_Nature,endothelial cluster 4 marker program,endothelial,RNASE1,UP_IN_STATE,GSE136103,scRNA-seq,mixed nonviral cirrhosis,Supplementary Table 13,supplementary file,TRUE,REUSED,ENDOTHELIAL_STATE; positive cluster marker (avg_logFC>0); external only outside GSE136103
RAM2019_ENDO_4,Ramachandran2019_Nature,endothelial cluster 4 marker program,endothelial,FBLN2,UP_IN_STATE,GSE136103,scRNA-seq,mixed nonviral cirrhosis,Supplementary Table 13,supplementary file,TRUE,REUSED,ENDOTHELIAL_STATE; positive cluster marker (avg_logFC>0); external only outside GSE136103
RAM2019_ENDO_4,Ramachandran2019_Nature,endothelial cluster 4 marker program,endothelial,FCGR2B,UP_IN_STATE,GSE136103,scRNA-seq,mixed nonviral cirrhosis,Supplementary Table 13,supplementary file,TRUE,REUSED,ENDOTHELIAL_STATE; positive cluster marker (avg_logFC>0); external only outside GSE136103
RAM2019_ENDO_4,Ramachandran2019_Nature,endothelial cluster 4 marker program,endothelial,CPE,UP_IN_STATE,GSE136103,scRNA-seq,mixed nonviral cirrhosis,Supplementary Table 13,supplementary file,TRUE,REUSED,ENDOTHELIAL_STATE; positive cluster marker (avg_logFC>0); external only outside GSE136103
RAM2019_ENDO_4,Ramachandran2019_Nature,endothelial cluster 4 marker program,endothelial,FCN3,UP_IN_STATE,GSE136103,scRNA-seq,mixed nonviral cirrhosis,Supplementary Table 13,supplementary file,TRUE,REUSED,ENDOTHELIAL_STATE; positive cluster marker (avg_logFC>0); external only outside GSE136103
RAM2019_ENDO_4,Ramachandran2019_Nature,endothelial cluster 4 marker program,endothelial,DNASE1L3,UP_IN_STATE,GSE136103,scRNA-seq,mixed nonviral cirrhosis,Supplementary Table 13,supplementary file,TRUE,REUSED,ENDOTHELIAL_STATE; positive cluster marker (avg_logFC>0); external only outside GSE136103
RAM2019_ENDO_4,Ramachandran2019_Nature,endothelial cluster 4 marker program,endothelial,CTNNAL1,UP_IN_STATE,GSE136103,scRNA-seq,mixed nonviral cirrhosis,Supplementary Table 13,supplementary file,TRUE,REUSED,ENDOTHELIAL_STATE; positive cluster marker (avg_logFC>0); external only outside GSE136103
RAM2019_ENDO_4,Ramachandran2019_Nature,endothelial cluster 4 marker program,endothelial,HIBCH,UP_IN_STATE,GSE136103,scRNA-seq,mixed nonviral cirrhosis,Supplementary Table 13,supplementary file,TRUE,REUSED,ENDOTHELIAL_STATE; positive cluster marker (avg_logFC>0); external only outside GSE136103
RAM2019_ENDO_4,Ramachandran2019_Nature,endothelial cluster 4 marker program,endothelial,PGM5,UP_IN_STATE,GSE136103,scRNA-seq,mixed nonviral cirrhosis,Supplementary Table 13,supplementary file,TRUE,REUSED,ENDOTHELIAL_STATE; positive cluster marker (avg_logFC>0); external only outside GSE136103
RAM2019_ENDO_4,Ramachandran2019_Nature,endothelial cluster 4 marker program,endothelial,AP1S2,UP_IN_STATE,GSE136103,scRNA-seq,mixed nonviral cirrhosis,Supplementary Table 13,supplementary file,TRUE,REUSED,ENDOTHELIAL_STATE; positive cluster marker (avg_logFC>0); external only outside GSE136103
RAM2019_ENDO_4,Ramachandran2019_Nature,endothelial cluster 4 marker program,endothelial,HLA-E,UP_IN_STATE,GSE136103,scRNA-seq,mixed nonviral cirrhosis,Supplementary Table 13,supplementary file,TRUE,REUSED,ENDOTHELIAL_STATE; positive cluster marker (avg_logFC>0); external only outside GSE136103
RAM2019_ENDO_4,Ramachandran2019_Nature,endothelial cluster 4 marker program,endothelial,TIMP1,UP_IN_STATE,GSE136103,scRNA-seq,mixed nonviral cirrhosis,Supplementary Table 13,supplementary file,TRUE,REUSED,ENDOTHELIAL_STATE; positive cluster marker (avg_logFC>0); external only outside GSE136103
RAM2019_ENDO_4,Ramachandran2019_Nature,endothelial cluster 4 marker program,endothelial,NDUFA8,UP_IN_STATE,GSE136103,scRNA-seq,mixed nonviral cirrhosis,Supplementary Table 13,supplementary file,TRUE,REUSED,ENDOTHELIAL_STATE; positive cluster marker (avg_logFC>0); external only outside GSE136103
RAM2019_ENDO_4,Ramachandran2019_Nature,endothelial cluster 4 marker program,endothelial,PTGIS,UP_IN_STATE,GSE136103,scRNA-seq,mixed nonviral cirrhosis,Supplementary Table 13,supplementary file,TRUE,REUSED,ENDOTHELIAL_STATE; positive cluster marker (avg_logFC>0); external only outside GSE136103
RAM2019_ENDO_4,Ramachandran2019_Nature,endothelial cluster 4 marker program,endothelial,ITM2B,UP_IN_STATE,GSE136103,scRNA-seq,mixed nonviral cirrhosis,Supplementary Table 13,supplementary file,TRUE,REUSED,ENDOTHELIAL_STATE; positive cluster marker (avg_logFC>0); external only outside GSE136103
RAM2019_ENDO_4,Ramachandran2019_Nature,endothelial cluster 4 marker program,endothelial,ALPL,UP_IN_STATE,GSE136103,scRNA-seq,mixed nonviral cirrhosis,Supplementary Table 13,supplementary file,TRUE,REUSED,ENDOTHELIAL_STATE; positive cluster marker (avg_logFC>0); external only outside GSE136103
RAM2019_ENDO_4,Ramachandran2019_Nature,endothelial cluster 4 marker program,endothelial,TAGLN,UP_IN_STATE,GSE136103,scRNA-seq,mixed nonviral cirrhosis,Supplementary Table 13,supplementary file,TRUE,REUSED,ENDOTHELIAL_STATE; positive cluster marker (avg_logFC>0); external only outside GSE136103
RAM2019_ENDO_4,Ramachandran2019_Nature,endothelial cluster 4 marker program,endothelial,LHX6,UP_IN_STATE,GSE136103,scRNA-seq,mixed nonviral cirrhosis,Supplementary Table 13,supplementary file,TRUE,REUSED,ENDOTHELIAL_STATE; positive cluster marker (avg_logFC>0); external only outside GSE136103
RAM2019_ENDO_4,Ramachandran2019_Nature,endothelial cluster 4 marker program,endothelial,PLAC9,UP_IN_STATE,GSE136103,scRNA-seq,mixed nonviral cirrhosis,Supplementary Table 13,supplementary file,TRUE,REUSED,ENDOTHELIAL_STATE; positive cluster marker (avg_logFC>0); external only outside GSE136103
RAM2019_ENDO_4,Ramachandran2019_Nature,endothelial cluster 4 marker program,endothelial,FGL2,UP_IN_STATE,GSE136103,scRNA-seq,mixed nonviral cirrhosis,Supplementary Table 13,supplementary file,TRUE,REUSED,ENDOTHELIAL_STATE; positive cluster marker (avg_logFC>0); external only outside GSE136103
RAM2019_ENDO_4,Ramachandran2019_Nature,endothelial cluster 4 marker program,endothelial,TSHZ2,UP_IN_STATE,GSE136103,scRNA-seq,mixed nonviral cirrhosis,Supplementary Table 13,supplementary file,TRUE,REUSED,ENDOTHELIAL_STATE; positive cluster marker (avg_logFC>0); external only outside GSE136103
RAM2019_ENDO_4,Ramachandran2019_Nature,endothelial cluster 4 marker program,endothelial,GLUL,UP_IN_STATE,GSE136103,scRNA-seq,mixed nonviral cirrhosis,Supplementary Table 13,supplementary file,TRUE,REUSED,ENDOTHELIAL_STATE; positive cluster marker (avg_logFC>0); external only outside GSE136103
RAM2019_ENDO_4,Ramachandran2019_Nature,endothelial cluster 4 marker program,endothelial,SRPX,UP_IN_STATE,GSE136103,scRNA-seq,mixed nonviral cirrhosis,Supplementary Table 13,supplementary file,TRUE,REUSED,ENDOTHELIAL_STATE; positive cluster marker (avg_logFC>0); external only outside GSE136103
RAM2019_ENDO_4,Ramachandran2019_Nature,endothelial cluster 4 marker program,endothelial,TGM2,UP_IN_STATE,GSE136103,scRNA-seq,mixed nonviral cirrhosis,Supplementary Table 13,supplementary file,TRUE,REUSED,ENDOTHELIAL_STATE; positive cluster marker (avg_logFC>0); external only outside GSE136103
RAM2019_ENDO_4,Ramachandran2019_Nature,endothelial cluster 4 marker program,endothelial,PTPRB,UP_IN_STATE,GSE136103,scRNA-seq,mixed nonviral cirrhosis,Supplementary Table 13,supplementary file,TRUE,REUSED,ENDOTHELIAL_STATE; positive cluster marker (avg_logFC>0); external only outside GSE136103
RAM2019_ENDO_4,Ramachandran2019_Nature,endothelial cluster 4 marker program,endothelial,RAB3C,UP_IN_STATE,GSE136103,scRNA-seq,mixed nonviral cirrhosis,Supplementary Table 13,supplementary file,TRUE,REUSED,ENDOTHELIAL_STATE; positive cluster marker (avg_logFC>0); external only outside GSE136103
RAM2019_ENDO_4,Ramachandran2019_Nature,endothelial cluster 4 marker program,endothelial,C1QTNF1,UP_IN_STATE,GSE136103,scRNA-seq,mixed nonviral cirrhosis,Supplementary Table 13,supplementary file,TRUE,REUSED,ENDOTHELIAL_STATE; positive cluster marker (avg_logFC>0); external only outside GSE136103
RAM2019_ENDO_4,Ramachandran2019_Nature,endothelial cluster 4 marker program,endothelial,PLTP,UP_IN_STATE,GSE136103,scRNA-seq,mixed nonviral cirrhosis,Supplementary Table 13,supplementary file,TRUE,REUSED,ENDOTHELIAL_STATE; positive cluster marker (avg_logFC>0); external only outside GSE136103
RAM2019_ENDO_4,Ramachandran2019_Nature,endothelial cluster 4 marker program,endothelial,SDPR,UP_IN_STATE,GSE136103,scRNA-seq,mixed nonviral cirrhosis,Supplementary Table 13,supplementary file,TRUE,REUSED,ENDOTHELIAL_STATE; positive cluster marker (avg_logFC>0); external only outside GSE136103
RAM2019_ENDO_4,Ramachandran2019_Nature,endothelial cluster 4 marker program,endothelial,SESN3,UP_IN_STATE,GSE136103,scRNA-seq,mixed nonviral cirrhosis,Supplementary Table 13,supplementary file,TRUE,REUSED,ENDOTHELIAL_STATE; positive cluster marker (avg_logFC>0); external only outside GSE136103
RAM2019_ENDO_4,Ramachandran2019_Nature,endothelial cluster 4 marker program,endothelial,PLA2G16,UP_IN_STATE,GSE136103,scRNA-seq,mixed nonviral cirrhosis,Supplementary Table 13,supplementary file,TRUE,REUSED,ENDOTHELIAL_STATE; positive cluster marker (avg_logFC>0); external only outside GSE136103
RAM2019_ENDO_4,Ramachandran2019_Nature,endothelial cluster 4 marker program,endothelial,MAML1,UP_IN_STATE,GSE136103,scRNA-seq,mixed nonviral cirrhosis,Supplementary Table 13,supplementary file,TRUE,REUSED,ENDOTHELIAL_STATE; positive cluster marker (avg_logFC>0); external only outside GSE136103
RAM2019_ENDO_4,Ramachandran2019_Nature,endothelial cluster 4 marker program,endothelial,TFF3,UP_IN_STATE,GSE136103,scRNA-seq,mixed nonviral cirrhosis,Supplementary Table 13,supplementary file,TRUE,REUSED,ENDOTHELIAL_STATE; positive cluster marker (avg_logFC>0); external only outside GSE136103
RAM2019_ENDO_4,Ramachandran2019_Nature,endothelial cluster 4 marker program,endothelial,HYAL1,UP_IN_STATE,GSE136103,scRNA-seq,mixed nonviral cirrhosis,Supplementary Table 13,supplementary file,TRUE,REUSED,ENDOTHELIAL_STATE; positive cluster marker (avg_logFC>0); external only outside GSE136103
RAM2019_ENDO_4,Ramachandran2019_Nature,endothelial cluster 4 marker program,endothelial,NUPR1,UP_IN_STATE,GSE136103,scRNA-seq,mixed nonviral cirrhosis,Supplementary Table 13,supplementary file,TRUE,REUSED,ENDOTHELIAL_STATE; positive cluster marker (avg_logFC>0); external only outside GSE136103
RAM2019_ENDO_4,Ramachandran2019_Nature,endothelial cluster 4 marker program,endothelial,C8orf4,UP_IN_STATE,GSE136103,scRNA-seq,mixed nonviral cirrhosis,Supplementary Table 13,supplementary file,TRUE,REUSED,ENDOTHELIAL_STATE; positive cluster marker (avg_logFC>0); external only outside GSE136103
RAM2019_ENDO_4,Ramachandran2019_Nature,endothelial cluster 4 marker program,endothelial,CD14,UP_IN_STATE,GSE136103,scRNA-seq,mixed nonviral cirrhosis,Supplementary Table 13,supplementary file,TRUE,REUSED,ENDOTHELIAL_STATE; positive cluster marker (avg_logFC>0); external only outside GSE136103
RAM2019_ENDO_4,Ramachandran2019_Nature,endothelial cluster 4 marker program,endothelial,FGFR1,UP_IN_STATE,GSE136103,scRNA-seq,mixed nonviral cirrhosis,Supplementary Table 13,supplementary file,TRUE,REUSED,ENDOTHELIAL_STATE; positive cluster marker (avg_logFC>0); external only outside GSE136103
RAM2019_ENDO_4,Ramachandran2019_Nature,endothelial cluster 4 marker program,endothelial,LY6E,UP_IN_STATE,GSE136103,scRNA-seq,mixed nonviral cirrhosis,Supplementary Table 13,supplementary file,TRUE,REUSED,ENDOTHELIAL_STATE; positive cluster marker (avg_logFC>0); external only outside GSE136103
RAM2019_ENDO_4,Ramachandran2019_Nature,endothelial cluster 4 marker program,endothelial,BST2,UP_IN_STATE,GSE136103,scRNA-seq,mixed nonviral cirrhosis,Supplementary Table 13,supplementary file,TRUE,REUSED,ENDOTHELIAL_STATE; positive cluster marker (avg_logFC>0); external only outside GSE136103
RAM2019_ENDO_4,Ramachandran2019_Nature,endothelial cluster 4 marker program,endothelial,HIF1A,UP_IN_STATE,GSE136103,scRNA-seq,mixed nonviral cirrhosis,Supplementary Table 13,supplementary file,TRUE,REUSED,ENDOTHELIAL_STATE; positive cluster marker (avg_logFC>0); external only outside GSE136103
RAM2019_ENDO_4,Ramachandran2019_Nature,endothelial cluster 4 marker program,endothelial,HLA-C,UP_IN_STATE,GSE136103,scRNA-seq,mixed nonviral cirrhosis,Supplementary Table 13,supplementary file,TRUE,REUSED,ENDOTHELIAL_STATE; positive cluster marker (avg_logFC>0); external only outside GSE136103
RAM2019_ENDO_4,Ramachandran2019_Nature,endothelial cluster 4 marker program,endothelial,EMP3,UP_IN_STATE,GSE136103,scRNA-seq,mixed nonviral cirrhosis,Supplementary Table 13,supplementary file,TRUE,REUSED,ENDOTHELIAL_STATE; positive cluster marker (avg_logFC>0); external only outside GSE136103
RAM2019_ENDO_4,Ramachandran2019_Nature,endothelial cluster 4 marker program,endothelial,FTH1,UP_IN_STATE,GSE136103,scRNA-seq,mixed nonviral cirrhosis,Supplementary Table 13,supplementary file,TRUE,REUSED,ENDOTHELIAL_STATE; positive cluster marker (avg_logFC>0); external only outside GSE136103
RAM2019_ENDO_4,Ramachandran2019_Nature,endothelial cluster 4 marker program,endothelial,SERPINB1,UP_IN_STATE,GSE136103,scRNA-seq,mixed nonviral cirrhosis,Supplementary Table 13,supplementary file,TRUE,REUSED,ENDOTHELIAL_STATE; positive cluster marker (avg_logFC>0); external only outside GSE136103
RAM2019_ENDO_4,Ramachandran2019_Nature,endothelial cluster 4 marker program,endothelial,CALM2,UP_IN_STATE,GSE136103,scRNA-seq,mixed nonviral cirrhosis,Supplementary Table 13,supplementary file,TRUE,REUSED,ENDOTHELIAL_STATE; positive cluster marker (avg_logFC>0); external only outside GSE136103
RAM2019_ENDO_4,Ramachandran2019_Nature,endothelial cluster 4 marker program,endothelial,EIF4A2,UP_IN_STATE,GSE136103,scRNA-seq,mixed nonviral cirrhosis,Supplementary Table 13,supplementary file,TRUE,REUSED,ENDOTHELIAL_STATE; positive cluster marker (avg_logFC>0); external only outside GSE136103
RAM2019_ENDO_4,Ramachandran2019_Nature,endothelial cluster 4 marker program,endothelial,NR2F1,UP_IN_STATE,GSE136103,scRNA-seq,mixed nonviral cirrhosis,Supplementary Table 13,supplementary file,TRUE,REUSED,ENDOTHELIAL_STATE; positive cluster marker (avg_logFC>0); external only outside GSE136103
RAM2019_ENDO_4,Ramachandran2019_Nature,endothelial cluster 4 marker program,endothelial,PCAT19,UP_IN_STATE,GSE136103,scRNA-seq,mixed nonviral cirrhosis,Supplementary Table 13,supplementary file,TRUE,REUSED,ENDOTHELIAL_STATE; positive cluster marker (avg_logFC>0); external only outside GSE136103
RAM2019_ENDO_4,Ramachandran2019_Nature,endothelial cluster 4 marker program,endothelial,ARL4A,UP_IN_STATE,GSE136103,scRNA-seq,mixed nonviral cirrhosis,Supplementary Table 13,supplementary file,TRUE,REUSED,ENDOTHELIAL_STATE; positive cluster marker (avg_logFC>0); external only outside GSE136103
RAM2019_ENDO_4,Ramachandran2019_Nature,endothelial cluster 4 marker program,endothelial,MRC1,UP_IN_STATE,GSE136103,scRNA-seq,mixed nonviral cirrhosis,Supplementary Table 13,supplementary file,TRUE,REUSED,ENDOTHELIAL_STATE; positive cluster marker (avg_logFC>0); external only outside GSE136103
RAM2019_ENDO_4,Ramachandran2019_Nature,endothelial cluster 4 marker program,endothelial,AQP3,UP_IN_STATE,GSE136103,scRNA-seq,mixed nonviral cirrhosis,Supplementary Table 13,supplementary file,TRUE,REUSED,ENDOTHELIAL_STATE; positive cluster marker (avg_logFC>0); external only outside GSE136103
RAM2019_ENDO_4,Ramachandran2019_Nature,endothelial cluster 4 marker program,endothelial,TIMP3,UP_IN_STATE,GSE136103,scRNA-seq,mixed nonviral cirrhosis,Supplementary Table 13,supplementary file,TRUE,REUSED,ENDOTHELIAL_STATE; positive cluster marker (avg_logFC>0); external only outside GSE136103
RAM2019_ENDO_4,Ramachandran2019_Nature,endothelial cluster 4 marker program,endothelial,SULT1A1,UP_IN_STATE,GSE136103,scRNA-seq,mixed nonviral cirrhosis,Supplementary Table 13,supplementary file,TRUE,REUSED,ENDOTHELIAL_STATE; positive cluster marker (avg_logFC>0); external only outside GSE136103
RAM2019_ENDO_4,Ramachandran2019_Nature,endothelial cluster 4 marker program,endothelial,EEF1D,UP_IN_STATE,GSE136103,scRNA-seq,mixed nonviral cirrhosis,Supplementary Table 13,supplementary file,TRUE,REUSED,ENDOTHELIAL_STATE; positive cluster marker (avg_logFC>0); external only outside GSE136103
RAM2019_ENDO_4,Ramachandran2019_Nature,endothelial cluster 4 marker program,endothelial,HTR2B,UP_IN_STATE,GSE136103,scRNA-seq,mixed nonviral cirrhosis,Supplementary Table 13,supplementary file,TRUE,REUSED,ENDOTHELIAL_STATE; positive cluster marker (avg_logFC>0); external only outside GSE136103
RAM2019_ENDO_4,Ramachandran2019_Nature,endothelial cluster 4 marker program,endothelial,FAM167B,UP_IN_STATE,GSE136103,scRNA-seq,mixed nonviral cirrhosis,Supplementary Table 13,supplementary file,TRUE,REUSED,ENDOTHELIAL_STATE; positive cluster marker (avg_logFC>0); external only outside GSE136103
RAM2019_ENDO_4,Ramachandran2019_Nature,endothelial cluster 4 marker program,endothelial,MT2A,UP_IN_STATE,GSE136103,scRNA-seq,mixed nonviral cirrhosis,Supplementary Table 13,supplementary file,TRUE,REUSED,ENDOTHELIAL_STATE; positive cluster marker (avg_logFC>0); external only outside GSE136103
RAM2019_ENDO_4,Ramachandran2019_Nature,endothelial cluster 4 marker program,endothelial,PLPP3,UP_IN_STATE,GSE136103,scRNA-seq,mixed nonviral cirrhosis,Supplementary Table 13,supplementary file,TRUE,REUSED,ENDOTHELIAL_STATE; positive cluster marker (avg_logFC>0); external only outside GSE136103
RAM2019_ENDO_4,Ramachandran2019_Nature,endothelial cluster 4 marker program,endothelial,HIPK2,UP_IN_STATE,GSE136103,scRNA-seq,mixed nonviral cirrhosis,Supplementary Table 13,supplementary file,TRUE,REUSED,ENDOTHELIAL_STATE; positive cluster marker (avg_logFC>0); external only outside GSE136103
RAM2019_ENDO_4,Ramachandran2019_Nature,endothelial cluster 4 marker program,endothelial,HS3ST1,UP_IN_STATE,GSE136103,scRNA-seq,mixed nonviral cirrhosis,Supplementary Table 13,supplementary file,TRUE,REUSED,ENDOTHELIAL_STATE; positive cluster marker (avg_logFC>0); external only outside GSE136103
RAM2019_ENDO_4,Ramachandran2019_Nature,endothelial cluster 4 marker program,endothelial,ARL4D,UP_IN_STATE,GSE136103,scRNA-seq,mixed nonviral cirrhosis,Supplementary Table 13,supplementary file,TRUE,REUSED,ENDOTHELIAL_STATE; positive cluster marker (avg_logFC>0); external only outside GSE136103
RAM2019_ENDO_4,Ramachandran2019_Nature,endothelial cluster 4 marker program,endothelial,SGK1,UP_IN_STATE,GSE136103,scRNA-seq,mixed nonviral cirrhosis,Supplementary Table 13,supplementary file,TRUE,REUSED,ENDOTHELIAL_STATE; positive cluster marker (avg_logFC>0); external only outside GSE136103
RAM2019_ENDO_4,Ramachandran2019_Nature,endothelial cluster 4 marker program,endothelial,TFPI,UP_IN_STATE,GSE136103,scRNA-seq,mixed nonviral cirrhosis,Supplementary Table 13,supplementary file,TRUE,REUSED,ENDOTHELIAL_STATE; positive cluster marker (avg_logFC>0); external only outside GSE136103
RAM2019_ENDO_4,Ramachandran2019_Nature,endothelial cluster 4 marker program,endothelial,RASSF9,UP_IN_STATE,GSE136103,scRNA-seq,mixed nonviral cirrhosis,Supplementary Table 13,supplementary file,TRUE,REUSED,ENDOTHELIAL_STATE; positive cluster marker (avg_logFC>0); external only outside GSE136103
RAM2019_ENDO_4,Ramachandran2019_Nature,endothelial cluster 4 marker program,endothelial,SDCBP,UP_IN_STATE,GSE136103,scRNA-seq,mixed nonviral cirrhosis,Supplementary Table 13,supplementary file,TRUE,REUSED,ENDOTHELIAL_STATE; positive cluster marker (avg_logFC>0); external only outside GSE136103
RAM2019_ENDO_4,Ramachandran2019_Nature,endothelial cluster 4 marker program,endothelial,ZCCHC24,UP_IN_STATE,GSE136103,scRNA-seq,mixed nonviral cirrhosis,Supplementary Table 13,supplementary file,TRUE,REUSED,ENDOTHELIAL_STATE; positive cluster marker (avg_logFC>0); external only outside GSE136103
RAM2019_ENDO_5,Ramachandran2019_Nature,endothelial cluster 5 marker program,endothelial,SLC9A3R2,UP_IN_STATE,GSE136103,scRNA-seq,mixed nonviral cirrhosis,Supplementary Table 13,supplementary file,TRUE,REUSED,ENDOTHELIAL_STATE; positive cluster marker (avg_logFC>0); external only outside GSE136103
RAM2019_ENDO_5,Ramachandran2019_Nature,endothelial cluster 5 marker program,endothelial,SRP14,UP_IN_STATE,GSE136103,scRNA-seq,mixed nonviral cirrhosis,Supplementary Table 13,supplementary file,TRUE,REUSED,ENDOTHELIAL_STATE; positive cluster marker (avg_logFC>0); external only outside GSE136103
RAM2019_ENDO_5,Ramachandran2019_Nature,endothelial cluster 5 marker program,endothelial,CXCL12,UP_IN_STATE,GSE136103,scRNA-seq,mixed nonviral cirrhosis,Supplementary Table 13,supplementary file,TRUE,REUSED,ENDOTHELIAL_STATE; positive cluster marker (avg_logFC>0); external only outside GSE136103
RAM2019_ENDO_5,Ramachandran2019_Nature,endothelial cluster 5 marker program,endothelial,BCAM,UP_IN_STATE,GSE136103,scRNA-seq,mixed nonviral cirrhosis,Supplementary Table 13,supplementary file,TRUE,REUSED,ENDOTHELIAL_STATE; positive cluster marker (avg_logFC>0); external only outside GSE136103
RAM2019_ENDO_5,Ramachandran2019_Nature,endothelial cluster 5 marker program,endothelial,SRGN,UP_IN_STATE,GSE136103,scRNA-seq,mixed nonviral cirrhosis,Supplementary Table 13,supplementary file,TRUE,REUSED,ENDOTHELIAL_STATE; positive cluster marker (avg_logFC>0); external only outside GSE136103
RAM2019_ENDO_5,Ramachandran2019_Nature,endothelial cluster 5 marker program,endothelial,RAMP2,UP_IN_STATE,GSE136103,scRNA-seq,mixed nonviral cirrhosis,Supplementary Table 13,supplementary file,TRUE,REUSED,ENDOTHELIAL_STATE; positive cluster marker (avg_logFC>0); external only outside GSE136103
RAM2019_ENDO_5,Ramachandran2019_Nature,endothelial cluster 5 marker program,endothelial,CRIP2,UP_IN_STATE,GSE136103,scRNA-seq,mixed nonviral cirrhosis,Supplementary Table 13,supplementary file,TRUE,REUSED,ENDOTHELIAL_STATE; positive cluster marker (avg_logFC>0); external only outside GSE136103
RAM2019_ENDO_5,Ramachandran2019_Nature,endothelial cluster 5 marker program,endothelial,PPA1,UP_IN_STATE,GSE136103,scRNA-seq,mixed nonviral cirrhosis,Supplementary Table 13,supplementary file,TRUE,REUSED,ENDOTHELIAL_STATE; positive cluster marker (avg_logFC>0); external only outside GSE136103
RAM2019_ENDO_5,Ramachandran2019_Nature,endothelial cluster 5 marker program,endothelial,GJA4,UP_IN_STATE,GSE136103,scRNA-seq,mixed nonviral cirrhosis,Supplementary Table 13,supplementary file,TRUE,REUSED,ENDOTHELIAL_STATE; positive cluster marker (avg_logFC>0); external only outside GSE136103
RAM2019_ENDO_5,Ramachandran2019_Nature,endothelial cluster 5 marker program,endothelial,GSN,UP_IN_STATE,GSE136103,scRNA-seq,mixed nonviral cirrhosis,Supplementary Table 13,supplementary file,TRUE,REUSED,ENDOTHELIAL_STATE; positive cluster marker (avg_logFC>0); external only outside GSE136103
RAM2019_ENDO_5,Ramachandran2019_Nature,endothelial cluster 5 marker program,endothelial,PODXL,UP_IN_STATE,GSE136103,scRNA-seq,mixed nonviral cirrhosis,Supplementary Table 13,supplementary file,TRUE,REUSED,ENDOTHELIAL_STATE; positive cluster marker (avg_logFC>0); external only outside GSE136103
RAM2019_ENDO_5,Ramachandran2019_Nature,endothelial cluster 5 marker program,endothelial,CD9,UP_IN_STATE,GSE136103,scRNA-seq,mixed nonviral cirrhosis,Supplementary Table 13,supplementary file,TRUE,REUSED,ENDOTHELIAL_STATE; positive cluster marker (avg_logFC>0); external only outside GSE136103
RAM2019_ENDO_5,Ramachandran2019_Nature,endothelial cluster 5 marker program,endothelial,SOX17,UP_IN_STATE,GSE136103,scRNA-seq,mixed nonviral cirrhosis,Supplementary Table 13,supplementary file,TRUE,REUSED,ENDOTHELIAL_STATE; positive cluster marker (avg_logFC>0); external only outside GSE136103
RAM2019_ENDO_5,Ramachandran2019_Nature,endothelial cluster 5 marker program,endothelial,PLPP1,UP_IN_STATE,GSE136103,scRNA-seq,mixed nonviral cirrhosis,Supplementary Table 13,supplementary file,TRUE,REUSED,ENDOTHELIAL_STATE; positive cluster marker (avg_logFC>0); external only outside GSE136103
RAM2019_ENDO_5,Ramachandran2019_Nature,endothelial cluster 5 marker program,endothelial,S100A6,UP_IN_STATE,GSE136103,scRNA-seq,mixed nonviral cirrhosis,Supplementary Table 13,supplementary file,TRUE,REUSED,ENDOTHELIAL_STATE; positive cluster marker (avg_logFC>0); external only outside GSE136103
RAM2019_ENDO_5,Ramachandran2019_Nature,endothelial cluster 5 marker program,endothelial,TMSB10,UP_IN_STATE,GSE136103,scRNA-seq,mixed nonviral cirrhosis,Supplementary Table 13,supplementary file,TRUE,REUSED,ENDOTHELIAL_STATE; positive cluster marker (avg_logFC>0); external only outside GSE136103
RAM2019_ENDO_5,Ramachandran2019_Nature,endothelial cluster 5 marker program,endothelial,ADAM15,UP_IN_STATE,GSE136103,scRNA-seq,mixed nonviral cirrhosis,Supplementary Table 13,supplementary file,TRUE,REUSED,ENDOTHELIAL_STATE; positive cluster marker (avg_logFC>0); external only outside GSE136103
RAM2019_ENDO_5,Ramachandran2019_Nature,endothelial cluster 5 marker program,endothelial,IFI27,UP_IN_STATE,GSE136103,scRNA-seq,mixed nonviral cirrhosis,Supplementary Table 13,supplementary file,TRUE,REUSED,ENDOTHELIAL_STATE; positive cluster marker (avg_logFC>0); external only outside GSE136103
RAM2019_ENDO_5,Ramachandran2019_Nature,endothelial cluster 5 marker program,endothelial,TIMP3,UP_IN_STATE,GSE136103,scRNA-seq,mixed nonviral cirrhosis,Supplementary Table 13,supplementary file,TRUE,REUSED,ENDOTHELIAL_STATE; positive cluster marker (avg_logFC>0); external only outside GSE136103
RAM2019_ENDO_5,Ramachandran2019_Nature,endothelial cluster 5 marker program,endothelial,CAV1,UP_IN_STATE,GSE136103,scRNA-seq,mixed nonviral cirrhosis,Supplementary Table 13,supplementary file,TRUE,REUSED,ENDOTHELIAL_STATE; positive cluster marker (avg_logFC>0); external only outside GSE136103
RAM2019_ENDO_5,Ramachandran2019_Nature,endothelial cluster 5 marker program,endothelial,TSC22D1,UP_IN_STATE,GSE136103,scRNA-seq,mixed nonviral cirrhosis,Supplementary Table 13,supplementary file,TRUE,REUSED,ENDOTHELIAL_STATE; positive cluster marker (avg_logFC>0); external only outside GSE136103
RAM2019_ENDO_5,Ramachandran2019_Nature,endothelial cluster 5 marker program,endothelial,EMP3,UP_IN_STATE,GSE136103,scRNA-seq,mixed nonviral cirrhosis,Supplementary Table 13,supplementary file,TRUE,REUSED,ENDOTHELIAL_STATE; positive cluster marker (avg_logFC>0); external only outside GSE136103
RAM2019_ENDO_5,Ramachandran2019_Nature,endothelial cluster 5 marker program,endothelial,PTMA,UP_IN_STATE,GSE136103,scRNA-seq,mixed nonviral cirrhosis,Supplementary Table 13,supplementary file,TRUE,REUSED,ENDOTHELIAL_STATE; positive cluster marker (avg_logFC>0); external only outside GSE136103
RAM2019_ENDO_5,Ramachandran2019_Nature,endothelial cluster 5 marker program,endothelial,LMCD1,UP_IN_STATE,GSE136103,scRNA-seq,mixed nonviral cirrhosis,Supplementary Table 13,supplementary file,TRUE,REUSED,ENDOTHELIAL_STATE; positive cluster marker (avg_logFC>0); external only outside GSE136103
RAM2019_ENDO_5,Ramachandran2019_Nature,endothelial cluster 5 marker program,endothelial,STMN1,UP_IN_STATE,GSE136103,scRNA-seq,mixed nonviral cirrhosis,Supplementary Table 13,supplementary file,TRUE,REUSED,ENDOTHELIAL_STATE; positive cluster marker (avg_logFC>0); external only outside GSE136103
RAM2019_ENDO_5,Ramachandran2019_Nature,endothelial cluster 5 marker program,endothelial,PALMD,UP_IN_STATE,GSE136103,scRNA-seq,mixed nonviral cirrhosis,Supplementary Table 13,supplementary file,TRUE,REUSED,ENDOTHELIAL_STATE; positive cluster marker (avg_logFC>0); external only outside GSE136103
RAM2019_ENDO_5,Ramachandran2019_Nature,endothelial cluster 5 marker program,endothelial,PTRF,UP_IN_STATE,GSE136103,scRNA-seq,mixed nonviral cirrhosis,Supplementary Table 13,supplementary file,TRUE,REUSED,ENDOTHELIAL_STATE; positive cluster marker (avg_logFC>0); external only outside GSE136103
RAM2019_ENDO_5,Ramachandran2019_Nature,endothelial cluster 5 marker program,endothelial,CLDN5,UP_IN_STATE,GSE136103,scRNA-seq,mixed nonviral cirrhosis,Supplementary Table 13,supplementary file,TRUE,REUSED,ENDOTHELIAL_STATE; positive cluster marker (avg_logFC>0); external only outside GSE136103
RAM2019_ENDO_5,Ramachandran2019_Nature,endothelial cluster 5 marker program,endothelial,FAM107A,UP_IN_STATE,GSE136103,scRNA-seq,mixed nonviral cirrhosis,Supplementary Table 13,supplementary file,TRUE,REUSED,ENDOTHELIAL_STATE; positive cluster marker (avg_logFC>0); external only outside GSE136103
RAM2019_ENDO_5,Ramachandran2019_Nature,endothelial cluster 5 marker program,endothelial,KLF2,UP_IN_STATE,GSE136103,scRNA-seq,mixed nonviral cirrhosis,Supplementary Table 13,supplementary file,TRUE,REUSED,ENDOTHELIAL_STATE; positive cluster marker (avg_logFC>0); external only outside GSE136103
RAM2019_ENDO_5,Ramachandran2019_Nature,endothelial cluster 5 marker program,endothelial,HLA-C,UP_IN_STATE,GSE136103,scRNA-seq,mixed nonviral cirrhosis,Supplementary Table 13,supplementary file,TRUE,REUSED,ENDOTHELIAL_STATE; positive cluster marker (avg_logFC>0); external only outside GSE136103
RAM2019_ENDO_5,Ramachandran2019_Nature,endothelial cluster 5 marker program,endothelial,JAM2,UP_IN_STATE,GSE136103,scRNA-seq,mixed nonviral cirrhosis,Supplementary Table 13,supplementary file,TRUE,REUSED,ENDOTHELIAL_STATE; positive cluster marker (avg_logFC>0); external only outside GSE136103
RAM2019_ENDO_5,Ramachandran2019_Nature,endothelial cluster 5 marker program,endothelial,ICAM2,UP_IN_STATE,GSE136103,scRNA-seq,mixed nonviral cirrhosis,Supplementary Table 13,supplementary file,TRUE,REUSED,ENDOTHELIAL_STATE; positive cluster marker (avg_logFC>0); external only outside GSE136103
RAM2019_ENDO_5,Ramachandran2019_Nature,endothelial cluster 5 marker program,endothelial,RHOC,UP_IN_STATE,GSE136103,scRNA-seq,mixed nonviral cirrhosis,Supplementary Table 13,supplementary file,TRUE,REUSED,ENDOTHELIAL_STATE; positive cluster marker (avg_logFC>0); external only outside GSE136103
RAM2019_ENDO_5,Ramachandran2019_Nature,endothelial cluster 5 marker program,endothelial,LRRFIP1,UP_IN_STATE,GSE136103,scRNA-seq,mixed nonviral cirrhosis,Supplementary Table 13,supplementary file,TRUE,REUSED,ENDOTHELIAL_STATE; positive cluster marker (avg_logFC>0); external only outside GSE136103
RAM2019_ENDO_5,Ramachandran2019_Nature,endothelial cluster 5 marker program,endothelial,SEMA3G,UP_IN_STATE,GSE136103,scRNA-seq,mixed nonviral cirrhosis,Supplementary Table 13,supplementary file,TRUE,REUSED,ENDOTHELIAL_STATE; positive cluster marker (avg_logFC>0); external only outside GSE136103
RAM2019_ENDO_5,Ramachandran2019_Nature,endothelial cluster 5 marker program,endothelial,RAC1,UP_IN_STATE,GSE136103,scRNA-seq,mixed nonviral cirrhosis,Supplementary Table 13,supplementary file,TRUE,REUSED,ENDOTHELIAL_STATE; positive cluster marker (avg_logFC>0); external only outside GSE136103
RAM2019_ENDO_5,Ramachandran2019_Nature,endothelial cluster 5 marker program,endothelial,H3F3B,UP_IN_STATE,GSE136103,scRNA-seq,mixed nonviral cirrhosis,Supplementary Table 13,supplementary file,TRUE,REUSED,ENDOTHELIAL_STATE; positive cluster marker (avg_logFC>0); external only outside GSE136103
RAM2019_ENDO_5,Ramachandran2019_Nature,endothelial cluster 5 marker program,endothelial,ID1,UP_IN_STATE,GSE136103,scRNA-seq,mixed nonviral cirrhosis,Supplementary Table 13,supplementary file,TRUE,REUSED,ENDOTHELIAL_STATE; positive cluster marker (avg_logFC>0); external only outside GSE136103
RAM2019_ENDO_5,Ramachandran2019_Nature,endothelial cluster 5 marker program,endothelial,LAP3,UP_IN_STATE,GSE136103,scRNA-seq,mixed nonviral cirrhosis,Supplementary Table 13,supplementary file,TRUE,REUSED,ENDOTHELIAL_STATE; positive cluster marker (avg_logFC>0); external only outside GSE136103
RAM2019_ENDO_5,Ramachandran2019_Nature,endothelial cluster 5 marker program,endothelial,AIF1L,UP_IN_STATE,GSE136103,scRNA-seq,mixed nonviral cirrhosis,Supplementary Table 13,supplementary file,TRUE,REUSED,ENDOTHELIAL_STATE; positive cluster marker (avg_logFC>0); external only outside GSE136103
RAM2019_ENDO_5,Ramachandran2019_Nature,endothelial cluster 5 marker program,endothelial,ARL15,UP_IN_STATE,GSE136103,scRNA-seq,mixed nonviral cirrhosis,Supplementary Table 13,supplementary file,TRUE,REUSED,ENDOTHELIAL_STATE; positive cluster marker (avg_logFC>0); external only outside GSE136103
RAM2019_ENDO_5,Ramachandran2019_Nature,endothelial cluster 5 marker program,endothelial,TM4SF1,UP_IN_STATE,GSE136103,scRNA-seq,mixed nonviral cirrhosis,Supplementary Table 13,supplementary file,TRUE,REUSED,ENDOTHELIAL_STATE; positive cluster marker (avg_logFC>0); external only outside GSE136103
RAM2019_ENDO_5,Ramachandran2019_Nature,endothelial cluster 5 marker program,endothelial,A2M,UP_IN_STATE,GSE136103,scRNA-seq,mixed nonviral cirrhosis,Supplementary Table 13,supplementary file,TRUE,REUSED,ENDOTHELIAL_STATE; positive cluster marker (avg_logFC>0); external only outside GSE136103
RAM2019_ENDO_5,Ramachandran2019_Nature,endothelial cluster 5 marker program,endothelial,PRKCDBP,UP_IN_STATE,GSE136103,scRNA-seq,mixed nonviral cirrhosis,Supplementary Table 13,supplementary file,TRUE,REUSED,ENDOTHELIAL_STATE; positive cluster marker (avg_logFC>0); external only outside GSE136103
RAM2019_ENDO_5,Ramachandran2019_Nature,endothelial cluster 5 marker program,endothelial,EPAS1,UP_IN_STATE,GSE136103,scRNA-seq,mixed nonviral cirrhosis,Supplementary Table 13,supplementary file,TRUE,REUSED,ENDOTHELIAL_STATE; positive cluster marker (avg_logFC>0); external only outside GSE136103
RAM2019_ENDO_5,Ramachandran2019_Nature,endothelial cluster 5 marker program,endothelial,TAGLN2,UP_IN_STATE,GSE136103,scRNA-seq,mixed nonviral cirrhosis,Supplementary Table 13,supplementary file,TRUE,REUSED,ENDOTHELIAL_STATE; positive cluster marker (avg_logFC>0); external only outside GSE136103
RAM2019_ENDO_5,Ramachandran2019_Nature,endothelial cluster 5 marker program,endothelial,ASS1,UP_IN_STATE,GSE136103,scRNA-seq,mixed nonviral cirrhosis,Supplementary Table 13,supplementary file,TRUE,REUSED,ENDOTHELIAL_STATE; positive cluster marker (avg_logFC>0); external only outside GSE136103
RAM2019_ENDO_5,Ramachandran2019_Nature,endothelial cluster 5 marker program,endothelial,HLA-B,UP_IN_STATE,GSE136103,scRNA-seq,mixed nonviral cirrhosis,Supplementary Table 13,supplementary file,TRUE,REUSED,ENDOTHELIAL_STATE; positive cluster marker (avg_logFC>0); external only outside GSE136103
RAM2019_ENDO_5,Ramachandran2019_Nature,endothelial cluster 5 marker program,endothelial,PECAM1,UP_IN_STATE,GSE136103,scRNA-seq,mixed nonviral cirrhosis,Supplementary Table 13,supplementary file,TRUE,REUSED,ENDOTHELIAL_STATE; positive cluster marker (avg_logFC>0); external only outside GSE136103
RAM2019_ENDO_6_SAENDO1,Ramachandran2019_Nature,scar-associated endothelial 1 marker program,endothelial,PLVAP,UP_IN_STATE,GSE136103,scRNA-seq,mixed nonviral cirrhosis,Supplementary Table 13,supplementary file,TRUE,REUSED,SCAR_ENDOTHELIAL_PLVAP; positive cluster marker (avg_logFC>0); external only outside GSE136103
RAM2019_ENDO_6_SAENDO1,Ramachandran2019_Nature,scar-associated endothelial 1 marker program,endothelial,RGCC,UP_IN_STATE,GSE136103,scRNA-seq,mixed nonviral cirrhosis,Supplementary Table 13,supplementary file,TRUE,REUSED,SCAR_ENDOTHELIAL_PLVAP; positive cluster marker (avg_logFC>0); external only outside GSE136103
RAM2019_ENDO_6_SAENDO1,Ramachandran2019_Nature,scar-associated endothelial 1 marker program,endothelial,SPARC,UP_IN_STATE,GSE136103,scRNA-seq,mixed nonviral cirrhosis,Supplementary Table 13,supplementary file,TRUE,REUSED,SCAR_ENDOTHELIAL_PLVAP; positive cluster marker (avg_logFC>0); external only outside GSE136103
RAM2019_ENDO_6_SAENDO1,Ramachandran2019_Nature,scar-associated endothelial 1 marker program,endothelial,VWA1,UP_IN_STATE,GSE136103,scRNA-seq,mixed nonviral cirrhosis,Supplementary Table 13,supplementary file,TRUE,REUSED,SCAR_ENDOTHELIAL_PLVAP; positive cluster marker (avg_logFC>0); external only outside GSE136103
RAM2019_ENDO_6_SAENDO1,Ramachandran2019_Nature,scar-associated endothelial 1 marker program,endothelial,PLPP1,UP_IN_STATE,GSE136103,scRNA-seq,mixed nonviral cirrhosis,Supplementary Table 13,supplementary file,TRUE,REUSED,SCAR_ENDOTHELIAL_PLVAP; positive cluster marker (avg_logFC>0); external only outside GSE136103
RAM2019_ENDO_6_SAENDO1,Ramachandran2019_Nature,scar-associated endothelial 1 marker program,endothelial,RBP7,UP_IN_STATE,GSE136103,scRNA-seq,mixed nonviral cirrhosis,Supplementary Table 13,supplementary file,TRUE,REUSED,SCAR_ENDOTHELIAL_PLVAP; positive cluster marker (avg_logFC>0); external only outside GSE136103
RAM2019_ENDO_6_SAENDO1,Ramachandran2019_Nature,scar-associated endothelial 1 marker program,endothelial,FLT1,UP_IN_STATE,GSE136103,scRNA-seq,mixed nonviral cirrhosis,Supplementary Table 13,supplementary file,TRUE,REUSED,SCAR_ENDOTHELIAL_PLVAP; positive cluster marker (avg_logFC>0); external only outside GSE136103
RAM2019_ENDO_6_SAENDO1,Ramachandran2019_Nature,scar-associated endothelial 1 marker program,endothelial,TMEM88,UP_IN_STATE,GSE136103,scRNA-seq,mixed nonviral cirrhosis,Supplementary Table 13,supplementary file,TRUE,REUSED,SCAR_ENDOTHELIAL_PLVAP; positive cluster marker (avg_logFC>0); external only outside GSE136103
RAM2019_ENDO_6_SAENDO1,Ramachandran2019_Nature,scar-associated endothelial 1 marker program,endothelial,IGFBP7,UP_IN_STATE,GSE136103,scRNA-seq,mixed nonviral cirrhosis,Supplementary Table 13,supplementary file,TRUE,REUSED,SCAR_ENDOTHELIAL_PLVAP; positive cluster marker (avg_logFC>0); external only outside GSE136103
RAM2019_ENDO_6_SAENDO1,Ramachandran2019_Nature,scar-associated endothelial 1 marker program,endothelial,COL4A1,UP_IN_STATE,GSE136103,scRNA-seq,mixed nonviral cirrhosis,Supplementary Table 13,supplementary file,TRUE,REUSED,SCAR_ENDOTHELIAL_PLVAP; positive cluster marker (avg_logFC>0); external only outside GSE136103
RAM2019_ENDO_6_SAENDO1,Ramachandran2019_Nature,scar-associated endothelial 1 marker program,endothelial,GSN,UP_IN_STATE,GSE136103,scRNA-seq,mixed nonviral cirrhosis,Supplementary Table 13,supplementary file,TRUE,REUSED,SCAR_ENDOTHELIAL_PLVAP; positive cluster marker (avg_logFC>0); external only outside GSE136103
RAM2019_ENDO_6_SAENDO1,Ramachandran2019_Nature,scar-associated endothelial 1 marker program,endothelial,TMEM204,UP_IN_STATE,GSE136103,scRNA-seq,mixed nonviral cirrhosis,Supplementary Table 13,supplementary file,TRUE,REUSED,SCAR_ENDOTHELIAL_PLVAP; positive cluster marker (avg_logFC>0); external only outside GSE136103
RAM2019_ENDO_7_SAENDO2,Ramachandran2019_Nature,scar-associated endothelial 2 marker program,endothelial,RPS18,UP_IN_STATE,GSE136103,scRNA-seq,mixed nonviral cirrhosis,Supplementary Table 13,supplementary file,TRUE,REUSED,SCAR_ENDOTHELIAL_ACKR1; positive cluster marker (avg_logFC>0); external only outside GSE136103
RAM2019_ENDO_7_SAENDO2,Ramachandran2019_Nature,scar-associated endothelial 2 marker program,endothelial,ACKR1,UP_IN_STATE,GSE136103,scRNA-seq,mixed nonviral cirrhosis,Supplementary Table 13,supplementary file,TRUE,REUSED,SCAR_ENDOTHELIAL_ACKR1; positive cluster marker (avg_logFC>0); external only outside GSE136103
RAM2019_ENDO_7_SAENDO2,Ramachandran2019_Nature,scar-associated endothelial 2 marker program,endothelial,RPL34,UP_IN_STATE,GSE136103,scRNA-seq,mixed nonviral cirrhosis,Supplementary Table 13,supplementary file,TRUE,REUSED,SCAR_ENDOTHELIAL_ACKR1; positive cluster marker (avg_logFC>0); external only outside GSE136103
RAM2019_ENDO_7_SAENDO2,Ramachandran2019_Nature,scar-associated endothelial 2 marker program,endothelial,RPL12,UP_IN_STATE,GSE136103,scRNA-seq,mixed nonviral cirrhosis,Supplementary Table 13,supplementary file,TRUE,REUSED,SCAR_ENDOTHELIAL_ACKR1; positive cluster marker (avg_logFC>0); external only outside GSE136103
RAM2019_ENDO_7_SAENDO2,Ramachandran2019_Nature,scar-associated endothelial 2 marker program,endothelial,RPL31,UP_IN_STATE,GSE136103,scRNA-seq,mixed nonviral cirrhosis,Supplementary Table 13,supplementary file,TRUE,REUSED,SCAR_ENDOTHELIAL_ACKR1; positive cluster marker (avg_logFC>0); external only outside GSE136103
RAM2019_ENDO_7_SAENDO2,Ramachandran2019_Nature,scar-associated endothelial 2 marker program,endothelial,RPL26,UP_IN_STATE,GSE136103,scRNA-seq,mixed nonviral cirrhosis,Supplementary Table 13,supplementary file,TRUE,REUSED,SCAR_ENDOTHELIAL_ACKR1; positive cluster marker (avg_logFC>0); external only outside GSE136103
RAM2019_ENDO_7_SAENDO2,Ramachandran2019_Nature,scar-associated endothelial 2 marker program,endothelial,RPL37,UP_IN_STATE,GSE136103,scRNA-seq,mixed nonviral cirrhosis,Supplementary Table 13,supplementary file,TRUE,REUSED,SCAR_ENDOTHELIAL_ACKR1; positive cluster marker (avg_logFC>0); external only outside GSE136103
RAM2019_ENDO_7_SAENDO2,Ramachandran2019_Nature,scar-associated endothelial 2 marker program,endothelial,VWF,UP_IN_STATE,GSE136103,scRNA-seq,mixed nonviral cirrhosis,Supplementary Table 13,supplementary file,TRUE,REUSED,SCAR_ENDOTHELIAL_ACKR1; positive cluster marker (avg_logFC>0); external only outside GSE136103
RAM2019_ENDO_7_SAENDO2,Ramachandran2019_Nature,scar-associated endothelial 2 marker program,endothelial,RPL32,UP_IN_STATE,GSE136103,scRNA-seq,mixed nonviral cirrhosis,Supplementary Table 13,supplementary file,TRUE,REUSED,SCAR_ENDOTHELIAL_ACKR1; positive cluster marker (avg_logFC>0); external only outside GSE136103
RAM2019_ENDO_7_SAENDO2,Ramachandran2019_Nature,scar-associated endothelial 2 marker program,endothelial,SPARCL1,UP_IN_STATE,GSE136103,scRNA-seq,mixed nonviral cirrhosis,Supplementary Table 13,supplementary file,TRUE,REUSED,SCAR_ENDOTHELIAL_ACKR1; positive cluster marker (avg_logFC>0); external only outside GSE136103
RAM2019_ENDO_7_SAENDO2,Ramachandran2019_Nature,scar-associated endothelial 2 marker program,endothelial,RPS23,UP_IN_STATE,GSE136103,scRNA-seq,mixed nonviral cirrhosis,Supplementary Table 13,supplementary file,TRUE,REUSED,SCAR_ENDOTHELIAL_ACKR1; positive cluster marker (avg_logFC>0); external only outside GSE136103
RAM2019_ENDO_7_SAENDO2,Ramachandran2019_Nature,scar-associated endothelial 2 marker program,endothelial,RPL41,UP_IN_STATE,GSE136103,scRNA-seq,mixed nonviral cirrhosis,Supplementary Table 13,supplementary file,TRUE,REUSED,SCAR_ENDOTHELIAL_ACKR1; positive cluster marker (avg_logFC>0); external only outside GSE136103
RAM2019_ENDO_7_SAENDO2,Ramachandran2019_Nature,scar-associated endothelial 2 marker program,endothelial,RPL13,UP_IN_STATE,GSE136103,scRNA-seq,mixed nonviral cirrhosis,Supplementary Table 13,supplementary file,TRUE,REUSED,SCAR_ENDOTHELIAL_ACKR1; positive cluster marker (avg_logFC>0); external only outside GSE136103
RAM2019_ENDO_7_SAENDO2,Ramachandran2019_Nature,scar-associated endothelial 2 marker program,endothelial,RPS15A,UP_IN_STATE,GSE136103,scRNA-seq,mixed nonviral cirrhosis,Supplementary Table 13,supplementary file,TRUE,REUSED,SCAR_ENDOTHELIAL_ACKR1; positive cluster marker (avg_logFC>0); external only outside GSE136103
RAM2019_ENDO_7_SAENDO2,Ramachandran2019_Nature,scar-associated endothelial 2 marker program,endothelial,RPLP0,UP_IN_STATE,GSE136103,scRNA-seq,mixed nonviral cirrhosis,Supplementary Table 13,supplementary file,TRUE,REUSED,SCAR_ENDOTHELIAL_ACKR1; positive cluster marker (avg_logFC>0); external only outside GSE136103
RAM2019_ENDO_7_SAENDO2,Ramachandran2019_Nature,scar-associated endothelial 2 marker program,endothelial,RPS14,UP_IN_STATE,GSE136103,scRNA-seq,mixed nonviral cirrhosis,Supplementary Table 13,supplementary file,TRUE,REUSED,SCAR_ENDOTHELIAL_ACKR1; positive cluster marker (avg_logFC>0); external only outside GSE136103
RAM2019_ENDO_7_SAENDO2,Ramachandran2019_Nature,scar-associated endothelial 2 marker program,endothelial,CLU,UP_IN_STATE,GSE136103,scRNA-seq,mixed nonviral cirrhosis,Supplementary Table 13,supplementary file,TRUE,REUSED,SCAR_ENDOTHELIAL_ACKR1; positive cluster marker (avg_logFC>0); external only outside GSE136103
RAM2019_ENDO_7_SAENDO2,Ramachandran2019_Nature,scar-associated endothelial 2 marker program,endothelial,RPS2,UP_IN_STATE,GSE136103,scRNA-seq,mixed nonviral cirrhosis,Supplementary Table 13,supplementary file,TRUE,REUSED,SCAR_ENDOTHELIAL_ACKR1; positive cluster marker (avg_logFC>0); external only outside GSE136103
RAM2019_ENDO_7_SAENDO2,Ramachandran2019_Nature,scar-associated endothelial 2 marker program,endothelial,RPL10,UP_IN_STATE,GSE136103,scRNA-seq,mixed nonviral cirrhosis,Supplementary Table 13,supplementary file,TRUE,REUSED,SCAR_ENDOTHELIAL_ACKR1; positive cluster marker (avg_logFC>0); external only outside GSE136103
RAM2019_ENDO_7_SAENDO2,Ramachandran2019_Nature,scar-associated endothelial 2 marker program,endothelial,RPL3,UP_IN_STATE,GSE136103,scRNA-seq,mixed nonviral cirrhosis,Supplementary Table 13,supplementary file,TRUE,REUSED,SCAR_ENDOTHELIAL_ACKR1; positive cluster marker (avg_logFC>0); external only outside GSE136103
RAM2019_ENDO_7_SAENDO2,Ramachandran2019_Nature,scar-associated endothelial 2 marker program,endothelial,RPS15,UP_IN_STATE,GSE136103,scRNA-seq,mixed nonviral cirrhosis,Supplementary Table 13,supplementary file,TRUE,REUSED,SCAR_ENDOTHELIAL_ACKR1; positive cluster marker (avg_logFC>0); external only outside GSE136103
RAM2019_ENDO_7_SAENDO2,Ramachandran2019_Nature,scar-associated endothelial 2 marker program,endothelial,RPL36,UP_IN_STATE,GSE136103,scRNA-seq,mixed nonviral cirrhosis,Supplementary Table 13,supplementary file,TRUE,REUSED,SCAR_ENDOTHELIAL_ACKR1; positive cluster marker (avg_logFC>0); external only outside GSE136103
RAM2019_ENDO_7_SAENDO2,Ramachandran2019_Nature,scar-associated endothelial 2 marker program,endothelial,RPS6,UP_IN_STATE,GSE136103,scRNA-seq,mixed nonviral cirrhosis,Supplementary Table 13,supplementary file,TRUE,REUSED,SCAR_ENDOTHELIAL_ACKR1; positive cluster marker (avg_logFC>0); external only outside GSE136103
RAM2019_ENDO_7_SAENDO2,Ramachandran2019_Nature,scar-associated endothelial 2 marker program,endothelial,RPL37A,UP_IN_STATE,GSE136103,scRNA-seq,mixed nonviral cirrhosis,Supplementary Table 13,supplementary file,TRUE,REUSED,SCAR_ENDOTHELIAL_ACKR1; positive cluster marker (avg_logFC>0); external only outside GSE136103
RAM2019_ENDO_7_SAENDO2,Ramachandran2019_Nature,scar-associated endothelial 2 marker program,endothelial,RPL36A,UP_IN_STATE,GSE136103,scRNA-seq,mixed nonviral cirrhosis,Supplementary Table 13,supplementary file,TRUE,REUSED,SCAR_ENDOTHELIAL_ACKR1; positive cluster marker (avg_logFC>0); external only outside GSE136103
RAM2019_ENDO_7_SAENDO2,Ramachandran2019_Nature,scar-associated endothelial 2 marker program,endothelial,RPL39,UP_IN_STATE,GSE136103,scRNA-seq,mixed nonviral cirrhosis,Supplementary Table 13,supplementary file,TRUE,REUSED,SCAR_ENDOTHELIAL_ACKR1; positive cluster marker (avg_logFC>0); external only outside GSE136103
RAM2019_ENDO_7_SAENDO2,Ramachandran2019_Nature,scar-associated endothelial 2 marker program,endothelial,RPS17,UP_IN_STATE,GSE136103,scRNA-seq,mixed nonviral cirrhosis,Supplementary Table 13,supplementary file,TRUE,REUSED,SCAR_ENDOTHELIAL_ACKR1; positive cluster marker (avg_logFC>0); external only outside GSE136103
RAM2019_ENDO_7_SAENDO2,Ramachandran2019_Nature,scar-associated endothelial 2 marker program,endothelial,RPS3,UP_IN_STATE,GSE136103,scRNA-seq,mixed nonviral cirrhosis,Supplementary Table 13,supplementary file,TRUE,REUSED,SCAR_ENDOTHELIAL_ACKR1; positive cluster marker (avg_logFC>0); external only outside GSE136103
RAM2019_ENDO_7_SAENDO2,Ramachandran2019_Nature,scar-associated endothelial 2 marker program,endothelial,RPL35A,UP_IN_STATE,GSE136103,scRNA-seq,mixed nonviral cirrhosis,Supplementary Table 13,supplementary file,TRUE,REUSED,SCAR_ENDOTHELIAL_ACKR1; positive cluster marker (avg_logFC>0); external only outside GSE136103
RAM2019_ENDO_7_SAENDO2,Ramachandran2019_Nature,scar-associated endothelial 2 marker program,endothelial,RPL35,UP_IN_STATE,GSE136103,scRNA-seq,mixed nonviral cirrhosis,Supplementary Table 13,supplementary file,TRUE,REUSED,SCAR_ENDOTHELIAL_ACKR1; positive cluster marker (avg_logFC>0); external only outside GSE136103
RAM2019_ENDO_7_SAENDO2,Ramachandran2019_Nature,scar-associated endothelial 2 marker program,endothelial,RPS4X,UP_IN_STATE,GSE136103,scRNA-seq,mixed nonviral cirrhosis,Supplementary Table 13,supplementary file,TRUE,REUSED,SCAR_ENDOTHELIAL_ACKR1; positive cluster marker (avg_logFC>0); external only outside GSE136103
RAM2019_ENDO_7_SAENDO2,Ramachandran2019_Nature,scar-associated endothelial 2 marker program,endothelial,RPS19,UP_IN_STATE,GSE136103,scRNA-seq,mixed nonviral cirrhosis,Supplementary Table 13,supplementary file,TRUE,REUSED,SCAR_ENDOTHELIAL_ACKR1; positive cluster marker (avg_logFC>0); external only outside GSE136103
RAM2019_ENDO_7_SAENDO2,Ramachandran2019_Nature,scar-associated endothelial 2 marker program,endothelial,RPL11,UP_IN_STATE,GSE136103,scRNA-seq,mixed nonviral cirrhosis,Supplementary Table 13,supplementary file,TRUE,REUSED,SCAR_ENDOTHELIAL_ACKR1; positive cluster marker (avg_logFC>0); external only outside GSE136103
RAM2019_ENDO_7_SAENDO2,Ramachandran2019_Nature,scar-associated endothelial 2 marker program,endothelial,RPS21,UP_IN_STATE,GSE136103,scRNA-seq,mixed nonviral cirrhosis,Supplementary Table 13,supplementary file,TRUE,REUSED,SCAR_ENDOTHELIAL_ACKR1; positive cluster marker (avg_logFC>0); external only outside GSE136103
RAM2019_ENDO_7_SAENDO2,Ramachandran2019_Nature,scar-associated endothelial 2 marker program,endothelial,RPLP1,UP_IN_STATE,GSE136103,scRNA-seq,mixed nonviral cirrhosis,Supplementary Table 13,supplementary file,TRUE,REUSED,SCAR_ENDOTHELIAL_ACKR1; positive cluster marker (avg_logFC>0); external only outside GSE136103
RAM2019_ENDO_7_SAENDO2,Ramachandran2019_Nature,scar-associated endothelial 2 marker program,endothelial,RPL29,UP_IN_STATE,GSE136103,scRNA-seq,mixed nonviral cirrhosis,Supplementary Table 13,supplementary file,TRUE,REUSED,SCAR_ENDOTHELIAL_ACKR1; positive cluster marker (avg_logFC>0); external only outside GSE136103
RAM2019_ENDO_7_SAENDO2,Ramachandran2019_Nature,scar-associated endothelial 2 marker program,endothelial,RPS3A,UP_IN_STATE,GSE136103,scRNA-seq,mixed nonviral cirrhosis,Supplementary Table 13,supplementary file,TRUE,REUSED,SCAR_ENDOTHELIAL_ACKR1; positive cluster marker (avg_logFC>0); external only outside GSE136103
RAM2019_ENDO_7_SAENDO2,Ramachandran2019_Nature,scar-associated endothelial 2 marker program,endothelial,RPL7,UP_IN_STATE,GSE136103,scRNA-seq,mixed nonviral cirrhosis,Supplementary Table 13,supplementary file,TRUE,REUSED,SCAR_ENDOTHELIAL_ACKR1; positive cluster marker (avg_logFC>0); external only outside GSE136103
RAM2019_ENDO_7_SAENDO2,Ramachandran2019_Nature,scar-associated endothelial 2 marker program,endothelial,RPL10A,UP_IN_STATE,GSE136103,scRNA-seq,mixed nonviral cirrhosis,Supplementary Table 13,supplementary file,TRUE,REUSED,SCAR_ENDOTHELIAL_ACKR1; positive cluster marker (avg_logFC>0); external only outside GSE136103
RAM2019_ENDO_7_SAENDO2,Ramachandran2019_Nature,scar-associated endothelial 2 marker program,endothelial,NNMT,UP_IN_STATE,GSE136103,scRNA-seq,mixed nonviral cirrhosis,Supplementary Table 13,supplementary file,TRUE,REUSED,SCAR_ENDOTHELIAL_ACKR1; positive cluster marker (avg_logFC>0); external only outside GSE136103
RAM2019_ENDO_7_SAENDO2,Ramachandran2019_Nature,scar-associated endothelial 2 marker program,endothelial,RPL13A,UP_IN_STATE,GSE136103,scRNA-seq,mixed nonviral cirrhosis,Supplementary Table 13,supplementary file,TRUE,REUSED,SCAR_ENDOTHELIAL_ACKR1; positive cluster marker (avg_logFC>0); external only outside GSE136103
RAM2019_ENDO_7_SAENDO2,Ramachandran2019_Nature,scar-associated endothelial 2 marker program,endothelial,RPL7A,UP_IN_STATE,GSE136103,scRNA-seq,mixed nonviral cirrhosis,Supplementary Table 13,supplementary file,TRUE,REUSED,SCAR_ENDOTHELIAL_ACKR1; positive cluster marker (avg_logFC>0); external only outside GSE136103
RAM2019_ENDO_7_SAENDO2,Ramachandran2019_Nature,scar-associated endothelial 2 marker program,endothelial,VIM,UP_IN_STATE,GSE136103,scRNA-seq,mixed nonviral cirrhosis,Supplementary Table 13,supplementary file,TRUE,REUSED,SCAR_ENDOTHELIAL_ACKR1; positive cluster marker (avg_logFC>0); external only outside GSE136103
RAM2019_ENDO_7_SAENDO2,Ramachandran2019_Nature,scar-associated endothelial 2 marker program,endothelial,RPS29,UP_IN_STATE,GSE136103,scRNA-seq,mixed nonviral cirrhosis,Supplementary Table 13,supplementary file,TRUE,REUSED,SCAR_ENDOTHELIAL_ACKR1; positive cluster marker (avg_logFC>0); external only outside GSE136103
RAM2019_ENDO_7_SAENDO2,Ramachandran2019_Nature,scar-associated endothelial 2 marker program,endothelial,RPS24,UP_IN_STATE,GSE136103,scRNA-seq,mixed nonviral cirrhosis,Supplementary Table 13,supplementary file,TRUE,REUSED,SCAR_ENDOTHELIAL_ACKR1; positive cluster marker (avg_logFC>0); external only outside GSE136103
RAM2019_ENDO_7_SAENDO2,Ramachandran2019_Nature,scar-associated endothelial 2 marker program,endothelial,FABP5,UP_IN_STATE,GSE136103,scRNA-seq,mixed nonviral cirrhosis,Supplementary Table 13,supplementary file,TRUE,REUSED,SCAR_ENDOTHELIAL_ACKR1; positive cluster marker (avg_logFC>0); external only outside GSE136103
RAM2019_ENDO_7_SAENDO2,Ramachandran2019_Nature,scar-associated endothelial 2 marker program,endothelial,RPS12,UP_IN_STATE,GSE136103,scRNA-seq,mixed nonviral cirrhosis,Supplementary Table 13,supplementary file,TRUE,REUSED,SCAR_ENDOTHELIAL_ACKR1; positive cluster marker (avg_logFC>0); external only outside GSE136103
RAM2019_ENDO_7_SAENDO2,Ramachandran2019_Nature,scar-associated endothelial 2 marker program,endothelial,RPL6,UP_IN_STATE,GSE136103,scRNA-seq,mixed nonviral cirrhosis,Supplementary Table 13,supplementary file,TRUE,REUSED,SCAR_ENDOTHELIAL_ACKR1; positive cluster marker (avg_logFC>0); external only outside GSE136103
RAM2019_ENDO_7_SAENDO2,Ramachandran2019_Nature,scar-associated endothelial 2 marker program,endothelial,RPS9,UP_IN_STATE,GSE136103,scRNA-seq,mixed nonviral cirrhosis,Supplementary Table 13,supplementary file,TRUE,REUSED,SCAR_ENDOTHELIAL_ACKR1; positive cluster marker (avg_logFC>0); external only outside GSE136103
RAM2019_ENDO_7_SAENDO2,Ramachandran2019_Nature,scar-associated endothelial 2 marker program,endothelial,RPL24,UP_IN_STATE,GSE136103,scRNA-seq,mixed nonviral cirrhosis,Supplementary Table 13,supplementary file,TRUE,REUSED,SCAR_ENDOTHELIAL_ACKR1; positive cluster marker (avg_logFC>0); external only outside GSE136103
RAM2019_ENDO_7_SAENDO2,Ramachandran2019_Nature,scar-associated endothelial 2 marker program,endothelial,RPS7,UP_IN_STATE,GSE136103,scRNA-seq,mixed nonviral cirrhosis,Supplementary Table 13,supplementary file,TRUE,REUSED,SCAR_ENDOTHELIAL_ACKR1; positive cluster marker (avg_logFC>0); external only outside GSE136103
RAM2019_ENDO_7_SAENDO2,Ramachandran2019_Nature,scar-associated endothelial 2 marker program,endothelial,RPS27A,UP_IN_STATE,GSE136103,scRNA-seq,mixed nonviral cirrhosis,Supplementary Table 13,supplementary file,TRUE,REUSED,SCAR_ENDOTHELIAL_ACKR1; positive cluster marker (avg_logFC>0); external only outside GSE136103
RAM2019_ENDO_7_SAENDO2,Ramachandran2019_Nature,scar-associated endothelial 2 marker program,endothelial,RPL30,UP_IN_STATE,GSE136103,scRNA-seq,mixed nonviral cirrhosis,Supplementary Table 13,supplementary file,TRUE,REUSED,SCAR_ENDOTHELIAL_ACKR1; positive cluster marker (avg_logFC>0); external only outside GSE136103
RAM2019_ENDO_7_SAENDO2,Ramachandran2019_Nature,scar-associated endothelial 2 marker program,endothelial,RPS25,UP_IN_STATE,GSE136103,scRNA-seq,mixed nonviral cirrhosis,Supplementary Table 13,supplementary file,TRUE,REUSED,SCAR_ENDOTHELIAL_ACKR1; positive cluster marker (avg_logFC>0); external only outside GSE136103
RAM2019_ENDO_7_SAENDO2,Ramachandran2019_Nature,scar-associated endothelial 2 marker program,endothelial,CD74,UP_IN_STATE,GSE136103,scRNA-seq,mixed nonviral cirrhosis,Supplementary Table 13,supplementary file,TRUE,REUSED,SCAR_ENDOTHELIAL_ACKR1; positive cluster marker (avg_logFC>0); external only outside GSE136103
RAM2019_ENDO_7_SAENDO2,Ramachandran2019_Nature,scar-associated endothelial 2 marker program,endothelial,RPL28,UP_IN_STATE,GSE136103,scRNA-seq,mixed nonviral cirrhosis,Supplementary Table 13,supplementary file,TRUE,REUSED,SCAR_ENDOTHELIAL_ACKR1; positive cluster marker (avg_logFC>0); external only outside GSE136103
RAM2019_MES_VSMC,Ramachandran2019_Nature,vascular smooth-muscle marker program,mesenchymal_hsc_myofibroblast,ADIRF,UP_IN_STATE,GSE136103,scRNA-seq,mixed nonviral cirrhosis,Supplementary Table 16,supplementary file,TRUE,REUSED,VSMC; positive cluster marker (avg_logFC>0); external only outside GSE136103
RAM2019_MES_VSMC,Ramachandran2019_Nature,vascular smooth-muscle marker program,mesenchymal_hsc_myofibroblast,MYH11,UP_IN_STATE,GSE136103,scRNA-seq,mixed nonviral cirrhosis,Supplementary Table 16,supplementary file,TRUE,REUSED,VSMC; positive cluster marker (avg_logFC>0); external only outside GSE136103
RAM2019_MES_VSMC,Ramachandran2019_Nature,vascular smooth-muscle marker program,mesenchymal_hsc_myofibroblast,DSTN,UP_IN_STATE,GSE136103,scRNA-seq,mixed nonviral cirrhosis,Supplementary Table 16,supplementary file,TRUE,REUSED,VSMC; positive cluster marker (avg_logFC>0); external only outside GSE136103
RAM2019_MES_VSMC,Ramachandran2019_Nature,vascular smooth-muscle marker program,mesenchymal_hsc_myofibroblast,TPM2,UP_IN_STATE,GSE136103,scRNA-seq,mixed nonviral cirrhosis,Supplementary Table 16,supplementary file,TRUE,REUSED,VSMC; positive cluster marker (avg_logFC>0); external only outside GSE136103
RAM2019_MES_VSMC,Ramachandran2019_Nature,vascular smooth-muscle marker program,mesenchymal_hsc_myofibroblast,MYL9,UP_IN_STATE,GSE136103,scRNA-seq,mixed nonviral cirrhosis,Supplementary Table 16,supplementary file,TRUE,REUSED,VSMC; positive cluster marker (avg_logFC>0); external only outside GSE136103
RAM2019_MES_VSMC,Ramachandran2019_Nature,vascular smooth-muscle marker program,mesenchymal_hsc_myofibroblast,MYL6,UP_IN_STATE,GSE136103,scRNA-seq,mixed nonviral cirrhosis,Supplementary Table 16,supplementary file,TRUE,REUSED,VSMC; positive cluster marker (avg_logFC>0); external only outside GSE136103
RAM2019_MES_VSMC,Ramachandran2019_Nature,vascular smooth-muscle marker program,mesenchymal_hsc_myofibroblast,CRIP1,UP_IN_STATE,GSE136103,scRNA-seq,mixed nonviral cirrhosis,Supplementary Table 16,supplementary file,TRUE,REUSED,VSMC; positive cluster marker (avg_logFC>0); external only outside GSE136103
RAM2019_MES_VSMC,Ramachandran2019_Nature,vascular smooth-muscle marker program,mesenchymal_hsc_myofibroblast,TAGLN,UP_IN_STATE,GSE136103,scRNA-seq,mixed nonviral cirrhosis,Supplementary Table 16,supplementary file,TRUE,REUSED,VSMC; positive cluster marker (avg_logFC>0); external only outside GSE136103
RAM2019_MES_VSMC,Ramachandran2019_Nature,vascular smooth-muscle marker program,mesenchymal_hsc_myofibroblast,PHLDA2,UP_IN_STATE,GSE136103,scRNA-seq,mixed nonviral cirrhosis,Supplementary Table 16,supplementary file,TRUE,REUSED,VSMC; positive cluster marker (avg_logFC>0); external only outside GSE136103
RAM2019_MES_VSMC,Ramachandran2019_Nature,vascular smooth-muscle marker program,mesenchymal_hsc_myofibroblast,PLN,UP_IN_STATE,GSE136103,scRNA-seq,mixed nonviral cirrhosis,Supplementary Table 16,supplementary file,TRUE,REUSED,VSMC; positive cluster marker (avg_logFC>0); external only outside GSE136103
RAM2019_MES_VSMC,Ramachandran2019_Nature,vascular smooth-muscle marker program,mesenchymal_hsc_myofibroblast,RERGL,UP_IN_STATE,GSE136103,scRNA-seq,mixed nonviral cirrhosis,Supplementary Table 16,supplementary file,TRUE,REUSED,VSMC; positive cluster marker (avg_logFC>0); external only outside GSE136103
RAM2019_MES_VSMC,Ramachandran2019_Nature,vascular smooth-muscle marker program,mesenchymal_hsc_myofibroblast,ACTA2,UP_IN_STATE,GSE136103,scRNA-seq,mixed nonviral cirrhosis,Supplementary Table 16,supplementary file,TRUE,REUSED,VSMC; positive cluster marker (avg_logFC>0); external only outside GSE136103
RAM2019_MES_VSMC,Ramachandran2019_Nature,vascular smooth-muscle marker program,mesenchymal_hsc_myofibroblast,BCAM,UP_IN_STATE,GSE136103,scRNA-seq,mixed nonviral cirrhosis,Supplementary Table 16,supplementary file,TRUE,REUSED,VSMC; positive cluster marker (avg_logFC>0); external only outside GSE136103
RAM2019_MES_VSMC,Ramachandran2019_Nature,vascular smooth-muscle marker program,mesenchymal_hsc_myofibroblast,GADD45B,UP_IN_STATE,GSE136103,scRNA-seq,mixed nonviral cirrhosis,Supplementary Table 16,supplementary file,TRUE,REUSED,VSMC; positive cluster marker (avg_logFC>0); external only outside GSE136103
RAM2019_MES_VSMC,Ramachandran2019_Nature,vascular smooth-muscle marker program,mesenchymal_hsc_myofibroblast,ACTB,UP_IN_STATE,GSE136103,scRNA-seq,mixed nonviral cirrhosis,Supplementary Table 16,supplementary file,TRUE,REUSED,VSMC; positive cluster marker (avg_logFC>0); external only outside GSE136103
RAM2019_MES_VSMC,Ramachandran2019_Nature,vascular smooth-muscle marker program,mesenchymal_hsc_myofibroblast,TPM1,UP_IN_STATE,GSE136103,scRNA-seq,mixed nonviral cirrhosis,Supplementary Table 16,supplementary file,TRUE,REUSED,VSMC; positive cluster marker (avg_logFC>0); external only outside GSE136103
RAM2019_MES_VSMC,Ramachandran2019_Nature,vascular smooth-muscle marker program,mesenchymal_hsc_myofibroblast,SPARCL1,UP_IN_STATE,GSE136103,scRNA-seq,mixed nonviral cirrhosis,Supplementary Table 16,supplementary file,TRUE,REUSED,VSMC; positive cluster marker (avg_logFC>0); external only outside GSE136103
RAM2019_MES_VSMC,Ramachandran2019_Nature,vascular smooth-muscle marker program,mesenchymal_hsc_myofibroblast,PCSK7,UP_IN_STATE,GSE136103,scRNA-seq,mixed nonviral cirrhosis,Supplementary Table 16,supplementary file,TRUE,REUSED,VSMC; positive cluster marker (avg_logFC>0); external only outside GSE136103
RAM2019_MES_VSMC,Ramachandran2019_Nature,vascular smooth-muscle marker program,mesenchymal_hsc_myofibroblast,NDUFA4,UP_IN_STATE,GSE136103,scRNA-seq,mixed nonviral cirrhosis,Supplementary Table 16,supplementary file,TRUE,REUSED,VSMC; positive cluster marker (avg_logFC>0); external only outside GSE136103
RAM2019_MES_VSMC,Ramachandran2019_Nature,vascular smooth-muscle marker program,mesenchymal_hsc_myofibroblast,MFGE8,UP_IN_STATE,GSE136103,scRNA-seq,mixed nonviral cirrhosis,Supplementary Table 16,supplementary file,TRUE,REUSED,VSMC; positive cluster marker (avg_logFC>0); external only outside GSE136103
RAM2019_MES_VSMC,Ramachandran2019_Nature,vascular smooth-muscle marker program,mesenchymal_hsc_myofibroblast,MCAM,UP_IN_STATE,GSE136103,scRNA-seq,mixed nonviral cirrhosis,Supplementary Table 16,supplementary file,TRUE,REUSED,VSMC; positive cluster marker (avg_logFC>0); external only outside GSE136103
RAM2019_MES_VSMC,Ramachandran2019_Nature,vascular smooth-muscle marker program,mesenchymal_hsc_myofibroblast,C11orf96,UP_IN_STATE,GSE136103,scRNA-seq,mixed nonviral cirrhosis,Supplementary Table 16,supplementary file,TRUE,REUSED,VSMC; positive cluster marker (avg_logFC>0); external only outside GSE136103
RAM2019_MES_HSC,Ramachandran2019_Nature,hepatic stellate-cell marker program,mesenchymal_hsc_myofibroblast,RGS5,UP_IN_STATE,GSE136103,scRNA-seq,mixed nonviral cirrhosis,Supplementary Table 16,supplementary file,TRUE,REUSED,QUIESCENT_HSC; positive cluster marker (avg_logFC>0); external only outside GSE136103
RAM2019_MES_HSC,Ramachandran2019_Nature,hepatic stellate-cell marker program,mesenchymal_hsc_myofibroblast,TM4SF1,UP_IN_STATE,GSE136103,scRNA-seq,mixed nonviral cirrhosis,Supplementary Table 16,supplementary file,TRUE,REUSED,QUIESCENT_HSC; positive cluster marker (avg_logFC>0); external only outside GSE136103
RAM2019_MES_HSC,Ramachandran2019_Nature,hepatic stellate-cell marker program,mesenchymal_hsc_myofibroblast,FABP4,UP_IN_STATE,GSE136103,scRNA-seq,mixed nonviral cirrhosis,Supplementary Table 16,supplementary file,TRUE,REUSED,QUIESCENT_HSC; positive cluster marker (avg_logFC>0); external only outside GSE136103
RAM2019_MES_HSC,Ramachandran2019_Nature,hepatic stellate-cell marker program,mesenchymal_hsc_myofibroblast,ARHGDIB,UP_IN_STATE,GSE136103,scRNA-seq,mixed nonviral cirrhosis,Supplementary Table 16,supplementary file,TRUE,REUSED,QUIESCENT_HSC; positive cluster marker (avg_logFC>0); external only outside GSE136103
RAM2019_MES_HSC,Ramachandran2019_Nature,hepatic stellate-cell marker program,mesenchymal_hsc_myofibroblast,LHFP,UP_IN_STATE,GSE136103,scRNA-seq,mixed nonviral cirrhosis,Supplementary Table 16,supplementary file,TRUE,REUSED,QUIESCENT_HSC; positive cluster marker (avg_logFC>0); external only outside GSE136103
RAM2019_MES_SAMES,Ramachandran2019_Nature,scar-associated myofibroblast marker program,mesenchymal_hsc_myofibroblast,DCN,UP_IN_STATE,GSE136103,scRNA-seq,mixed nonviral cirrhosis,Supplementary Table 16,supplementary file,TRUE,REUSED,ACTIVATED_HSC_MYOFIBROBLAST; positive cluster marker (avg_logFC>0); external only outside GSE136103
RAM2019_MES_SAMES,Ramachandran2019_Nature,scar-associated myofibroblast marker program,mesenchymal_hsc_myofibroblast,C1R,UP_IN_STATE,GSE136103,scRNA-seq,mixed nonviral cirrhosis,Supplementary Table 16,supplementary file,TRUE,REUSED,ACTIVATED_HSC_MYOFIBROBLAST; positive cluster marker (avg_logFC>0); external only outside GSE136103
RAM2019_MES_SAMES,Ramachandran2019_Nature,scar-associated myofibroblast marker program,mesenchymal_hsc_myofibroblast,LUM,UP_IN_STATE,GSE136103,scRNA-seq,mixed nonviral cirrhosis,Supplementary Table 16,supplementary file,TRUE,REUSED,ACTIVATED_HSC_MYOFIBROBLAST; positive cluster marker (avg_logFC>0); external only outside GSE136103
RAM2019_MES_SAMES,Ramachandran2019_Nature,scar-associated myofibroblast marker program,mesenchymal_hsc_myofibroblast,COL3A1,UP_IN_STATE,GSE136103,scRNA-seq,mixed nonviral cirrhosis,Supplementary Table 16,supplementary file,TRUE,REUSED,ACTIVATED_HSC_MYOFIBROBLAST; positive cluster marker (avg_logFC>0); external only outside GSE136103
RAM2019_MES_SAMES,Ramachandran2019_Nature,scar-associated myofibroblast marker program,mesenchymal_hsc_myofibroblast,C1S,UP_IN_STATE,GSE136103,scRNA-seq,mixed nonviral cirrhosis,Supplementary Table 16,supplementary file,TRUE,REUSED,ACTIVATED_HSC_MYOFIBROBLAST; positive cluster marker (avg_logFC>0); external only outside GSE136103
RAM2019_MES_SAMES,Ramachandran2019_Nature,scar-associated myofibroblast marker program,mesenchymal_hsc_myofibroblast,C7,UP_IN_STATE,GSE136103,scRNA-seq,mixed nonviral cirrhosis,Supplementary Table 16,supplementary file,TRUE,REUSED,ACTIVATED_HSC_MYOFIBROBLAST; positive cluster marker (avg_logFC>0); external only outside GSE136103
RAM2019_MES_SAMES,Ramachandran2019_Nature,scar-associated myofibroblast marker program,mesenchymal_hsc_myofibroblast,COL1A2,UP_IN_STATE,GSE136103,scRNA-seq,mixed nonviral cirrhosis,Supplementary Table 16,supplementary file,TRUE,REUSED,ACTIVATED_HSC_MYOFIBROBLAST; positive cluster marker (avg_logFC>0); external only outside GSE136103
RAM2019_MES_SAMES,Ramachandran2019_Nature,scar-associated myofibroblast marker program,mesenchymal_hsc_myofibroblast,COL1A1,UP_IN_STATE,GSE136103,scRNA-seq,mixed nonviral cirrhosis,Supplementary Table 16,supplementary file,TRUE,REUSED,ACTIVATED_HSC_MYOFIBROBLAST; positive cluster marker (avg_logFC>0); external only outside GSE136103
RAM2019_MES_SAMES,Ramachandran2019_Nature,scar-associated myofibroblast marker program,mesenchymal_hsc_myofibroblast,CFH,UP_IN_STATE,GSE136103,scRNA-seq,mixed nonviral cirrhosis,Supplementary Table 16,supplementary file,TRUE,REUSED,ACTIVATED_HSC_MYOFIBROBLAST; positive cluster marker (avg_logFC>0); external only outside GSE136103
RAM2019_MES_SAMES,Ramachandran2019_Nature,scar-associated myofibroblast marker program,mesenchymal_hsc_myofibroblast,TIMP1,UP_IN_STATE,GSE136103,scRNA-seq,mixed nonviral cirrhosis,Supplementary Table 16,supplementary file,TRUE,REUSED,ACTIVATED_HSC_MYOFIBROBLAST; positive cluster marker (avg_logFC>0); external only outside GSE136103
RAM2019_MES_SAMES,Ramachandran2019_Nature,scar-associated myofibroblast marker program,mesenchymal_hsc_myofibroblast,PCOLCE,UP_IN_STATE,GSE136103,scRNA-seq,mixed nonviral cirrhosis,Supplementary Table 16,supplementary file,TRUE,REUSED,ACTIVATED_HSC_MYOFIBROBLAST; positive cluster marker (avg_logFC>0); external only outside GSE136103
RAM2019_MES_SAMES,Ramachandran2019_Nature,scar-associated myofibroblast marker program,mesenchymal_hsc_myofibroblast,CST3,UP_IN_STATE,GSE136103,scRNA-seq,mixed nonviral cirrhosis,Supplementary Table 16,supplementary file,TRUE,REUSED,ACTIVATED_HSC_MYOFIBROBLAST; positive cluster marker (avg_logFC>0); external only outside GSE136103
RAM2019_MES_SAMES,Ramachandran2019_Nature,scar-associated myofibroblast marker program,mesenchymal_hsc_myofibroblast,OLFML3,UP_IN_STATE,GSE136103,scRNA-seq,mixed nonviral cirrhosis,Supplementary Table 16,supplementary file,TRUE,REUSED,ACTIVATED_HSC_MYOFIBROBLAST; positive cluster marker (avg_logFC>0); external only outside GSE136103
RAM2019_MES_SAMES,Ramachandran2019_Nature,scar-associated myofibroblast marker program,mesenchymal_hsc_myofibroblast,CXCL12,UP_IN_STATE,GSE136103,scRNA-seq,mixed nonviral cirrhosis,Supplementary Table 16,supplementary file,TRUE,REUSED,ACTIVATED_HSC_MYOFIBROBLAST; positive cluster marker (avg_logFC>0); external only outside GSE136103
RAM2019_MES_SAMES,Ramachandran2019_Nature,scar-associated myofibroblast marker program,mesenchymal_hsc_myofibroblast,CLEC11A,UP_IN_STATE,GSE136103,scRNA-seq,mixed nonviral cirrhosis,Supplementary Table 16,supplementary file,TRUE,REUSED,ACTIVATED_HSC_MYOFIBROBLAST; positive cluster marker (avg_logFC>0); external only outside GSE136103
RAM2019_MES_SAMES,Ramachandran2019_Nature,scar-associated myofibroblast marker program,mesenchymal_hsc_myofibroblast,GGT5,UP_IN_STATE,GSE136103,scRNA-seq,mixed nonviral cirrhosis,Supplementary Table 16,supplementary file,TRUE,REUSED,ACTIVATED_HSC_MYOFIBROBLAST; positive cluster marker (avg_logFC>0); external only outside GSE136103
RAM2019_MES_SAMES,Ramachandran2019_Nature,scar-associated myofibroblast marker program,mesenchymal_hsc_myofibroblast,CD63,UP_IN_STATE,GSE136103,scRNA-seq,mixed nonviral cirrhosis,Supplementary Table 16,supplementary file,TRUE,REUSED,ACTIVATED_HSC_MYOFIBROBLAST; positive cluster marker (avg_logFC>0); external only outside GSE136103
RAM2019_MES_SAMES,Ramachandran2019_Nature,scar-associated myofibroblast marker program,mesenchymal_hsc_myofibroblast,FTL,UP_IN_STATE,GSE136103,scRNA-seq,mixed nonviral cirrhosis,Supplementary Table 16,supplementary file,TRUE,REUSED,ACTIVATED_HSC_MYOFIBROBLAST; positive cluster marker (avg_logFC>0); external only outside GSE136103
RAM2019_MES_SAMES,Ramachandran2019_Nature,scar-associated myofibroblast marker program,mesenchymal_hsc_myofibroblast,RARRES2,UP_IN_STATE,GSE136103,scRNA-seq,mixed nonviral cirrhosis,Supplementary Table 16,supplementary file,TRUE,REUSED,ACTIVATED_HSC_MYOFIBROBLAST; positive cluster marker (avg_logFC>0); external only outside GSE136103
RAM2019_MES_SAMES,Ramachandran2019_Nature,scar-associated myofibroblast marker program,mesenchymal_hsc_myofibroblast,ASPN,UP_IN_STATE,GSE136103,scRNA-seq,mixed nonviral cirrhosis,Supplementary Table 16,supplementary file,TRUE,REUSED,ACTIVATED_HSC_MYOFIBROBLAST; positive cluster marker (avg_logFC>0); external only outside GSE136103
RAM2019_MES_SAMES,Ramachandran2019_Nature,scar-associated myofibroblast marker program,mesenchymal_hsc_myofibroblast,S100A13,UP_IN_STATE,GSE136103,scRNA-seq,mixed nonviral cirrhosis,Supplementary Table 16,supplementary file,TRUE,REUSED,ACTIVATED_HSC_MYOFIBROBLAST; positive cluster marker (avg_logFC>0); external only outside GSE136103
RAM2019_MES_SAMES,Ramachandran2019_Nature,scar-associated myofibroblast marker program,mesenchymal_hsc_myofibroblast,RBP1,UP_IN_STATE,GSE136103,scRNA-seq,mixed nonviral cirrhosis,Supplementary Table 16,supplementary file,TRUE,REUSED,ACTIVATED_HSC_MYOFIBROBLAST; positive cluster marker (avg_logFC>0); external only outside GSE136103
RAM2019_MES_SAMES,Ramachandran2019_Nature,scar-associated myofibroblast marker program,mesenchymal_hsc_myofibroblast,SERPINF1,UP_IN_STATE,GSE136103,scRNA-seq,mixed nonviral cirrhosis,Supplementary Table 16,supplementary file,TRUE,REUSED,ACTIVATED_HSC_MYOFIBROBLAST; positive cluster marker (avg_logFC>0); external only outside GSE136103
RAM2019_MES_SAMES,Ramachandran2019_Nature,scar-associated myofibroblast marker program,mesenchymal_hsc_myofibroblast,DPT,UP_IN_STATE,GSE136103,scRNA-seq,mixed nonviral cirrhosis,Supplementary Table 16,supplementary file,TRUE,REUSED,ACTIVATED_HSC_MYOFIBROBLAST; positive cluster marker (avg_logFC>0); external only outside GSE136103
RAM2019_MES_SAMES,Ramachandran2019_Nature,scar-associated myofibroblast marker program,mesenchymal_hsc_myofibroblast,RPL28,UP_IN_STATE,GSE136103,scRNA-seq,mixed nonviral cirrhosis,Supplementary Table 16,supplementary file,TRUE,REUSED,ACTIVATED_HSC_MYOFIBROBLAST; positive cluster marker (avg_logFC>0); external only outside GSE136103
RAM2019_MES_SAMES,Ramachandran2019_Nature,scar-associated myofibroblast marker program,mesenchymal_hsc_myofibroblast,TMSB10,UP_IN_STATE,GSE136103,scRNA-seq,mixed nonviral cirrhosis,Supplementary Table 16,supplementary file,TRUE,REUSED,ACTIVATED_HSC_MYOFIBROBLAST; positive cluster marker (avg_logFC>0); external only outside GSE136103
RAM2019_MES_SAMES,Ramachandran2019_Nature,scar-associated myofibroblast marker program,mesenchymal_hsc_myofibroblast,EFEMP1,UP_IN_STATE,GSE136103,scRNA-seq,mixed nonviral cirrhosis,Supplementary Table 16,supplementary file,TRUE,REUSED,ACTIVATED_HSC_MYOFIBROBLAST; positive cluster marker (avg_logFC>0); external only outside GSE136103
RAM2019_MES_SAMES,Ramachandran2019_Nature,scar-associated myofibroblast marker program,mesenchymal_hsc_myofibroblast,BGN,UP_IN_STATE,GSE136103,scRNA-seq,mixed nonviral cirrhosis,Supplementary Table 16,supplementary file,TRUE,REUSED,ACTIVATED_HSC_MYOFIBROBLAST; positive cluster marker (avg_logFC>0); external only outside GSE136103
RAM2019_MES_SAMES,Ramachandran2019_Nature,scar-associated myofibroblast marker program,mesenchymal_hsc_myofibroblast,MMP23B,UP_IN_STATE,GSE136103,scRNA-seq,mixed nonviral cirrhosis,Supplementary Table 16,supplementary file,TRUE,REUSED,ACTIVATED_HSC_MYOFIBROBLAST; positive cluster marker (avg_logFC>0); external only outside GSE136103
RAM2019_MES_SAMES,Ramachandran2019_Nature,scar-associated myofibroblast marker program,mesenchymal_hsc_myofibroblast,IFITM3,UP_IN_STATE,GSE136103,scRNA-seq,mixed nonviral cirrhosis,Supplementary Table 16,supplementary file,TRUE,REUSED,ACTIVATED_HSC_MYOFIBROBLAST; positive cluster marker (avg_logFC>0); external only outside GSE136103
RAM2019_MES_SAMES,Ramachandran2019_Nature,scar-associated myofibroblast marker program,mesenchymal_hsc_myofibroblast,PPIB,UP_IN_STATE,GSE136103,scRNA-seq,mixed nonviral cirrhosis,Supplementary Table 16,supplementary file,TRUE,REUSED,ACTIVATED_HSC_MYOFIBROBLAST; positive cluster marker (avg_logFC>0); external only outside GSE136103
RAM2019_MES_SAMES,Ramachandran2019_Nature,scar-associated myofibroblast marker program,mesenchymal_hsc_myofibroblast,NNMT,UP_IN_STATE,GSE136103,scRNA-seq,mixed nonviral cirrhosis,Supplementary Table 16,supplementary file,TRUE,REUSED,ACTIVATED_HSC_MYOFIBROBLAST; positive cluster marker (avg_logFC>0); external only outside GSE136103
RAM2019_MES_SAMES,Ramachandran2019_Nature,scar-associated myofibroblast marker program,mesenchymal_hsc_myofibroblast,NPC2,UP_IN_STATE,GSE136103,scRNA-seq,mixed nonviral cirrhosis,Supplementary Table 16,supplementary file,TRUE,REUSED,ACTIVATED_HSC_MYOFIBROBLAST; positive cluster marker (avg_logFC>0); external only outside GSE136103
RAM2019_MES_SAMES,Ramachandran2019_Nature,scar-associated myofibroblast marker program,mesenchymal_hsc_myofibroblast,COL6A1,UP_IN_STATE,GSE136103,scRNA-seq,mixed nonviral cirrhosis,Supplementary Table 16,supplementary file,TRUE,REUSED,ACTIVATED_HSC_MYOFIBROBLAST; positive cluster marker (avg_logFC>0); external only outside GSE136103
RAM2019_MES_SAMES,Ramachandran2019_Nature,scar-associated myofibroblast marker program,mesenchymal_hsc_myofibroblast,MARCKS,UP_IN_STATE,GSE136103,scRNA-seq,mixed nonviral cirrhosis,Supplementary Table 16,supplementary file,TRUE,REUSED,ACTIVATED_HSC_MYOFIBROBLAST; positive cluster marker (avg_logFC>0); external only outside GSE136103
RAM2019_MES_SAMES,Ramachandran2019_Nature,scar-associated myofibroblast marker program,mesenchymal_hsc_myofibroblast,AEBP1,UP_IN_STATE,GSE136103,scRNA-seq,mixed nonviral cirrhosis,Supplementary Table 16,supplementary file,TRUE,REUSED,ACTIVATED_HSC_MYOFIBROBLAST; positive cluster marker (avg_logFC>0); external only outside GSE136103
RAM2019_MES_SAMES,Ramachandran2019_Nature,scar-associated myofibroblast marker program,mesenchymal_hsc_myofibroblast,THY1,UP_IN_STATE,GSE136103,scRNA-seq,mixed nonviral cirrhosis,Supplementary Table 16,supplementary file,TRUE,REUSED,ACTIVATED_HSC_MYOFIBROBLAST; positive cluster marker (avg_logFC>0); external only outside GSE136103
RAM2019_MES_SAMES,Ramachandran2019_Nature,scar-associated myofibroblast marker program,mesenchymal_hsc_myofibroblast,HLA-DRB1,UP_IN_STATE,GSE136103,scRNA-seq,mixed nonviral cirrhosis,Supplementary Table 16,supplementary file,TRUE,REUSED,ACTIVATED_HSC_MYOFIBROBLAST; positive cluster marker (avg_logFC>0); external only outside GSE136103
RAM2019_MES_SAMES,Ramachandran2019_Nature,scar-associated myofibroblast marker program,mesenchymal_hsc_myofibroblast,SRPX,UP_IN_STATE,GSE136103,scRNA-seq,mixed nonviral cirrhosis,Supplementary Table 16,supplementary file,TRUE,REUSED,ACTIVATED_HSC_MYOFIBROBLAST; positive cluster marker (avg_logFC>0); external only outside GSE136103
RAM2019_MES_SAMES,Ramachandran2019_Nature,scar-associated myofibroblast marker program,mesenchymal_hsc_myofibroblast,COL6A2,UP_IN_STATE,GSE136103,scRNA-seq,mixed nonviral cirrhosis,Supplementary Table 16,supplementary file,TRUE,REUSED,ACTIVATED_HSC_MYOFIBROBLAST; positive cluster marker (avg_logFC>0); external only outside GSE136103
RAM2019_MES_SAMES,Ramachandran2019_Nature,scar-associated myofibroblast marker program,mesenchymal_hsc_myofibroblast,S100A10,UP_IN_STATE,GSE136103,scRNA-seq,mixed nonviral cirrhosis,Supplementary Table 16,supplementary file,TRUE,REUSED,ACTIVATED_HSC_MYOFIBROBLAST; positive cluster marker (avg_logFC>0); external only outside GSE136103
RAM2019_MES_SAMES,Ramachandran2019_Nature,scar-associated myofibroblast marker program,mesenchymal_hsc_myofibroblast,MEG3,UP_IN_STATE,GSE136103,scRNA-seq,mixed nonviral cirrhosis,Supplementary Table 16,supplementary file,TRUE,REUSED,ACTIVATED_HSC_MYOFIBROBLAST; positive cluster marker (avg_logFC>0); external only outside GSE136103
RAM2019_MES_SAMES,Ramachandran2019_Nature,scar-associated myofibroblast marker program,mesenchymal_hsc_myofibroblast,EMILIN1,UP_IN_STATE,GSE136103,scRNA-seq,mixed nonviral cirrhosis,Supplementary Table 16,supplementary file,TRUE,REUSED,ACTIVATED_HSC_MYOFIBROBLAST; positive cluster marker (avg_logFC>0); external only outside GSE136103
RAM2019_MES_SAMES,Ramachandran2019_Nature,scar-associated myofibroblast marker program,mesenchymal_hsc_myofibroblast,RPL12,UP_IN_STATE,GSE136103,scRNA-seq,mixed nonviral cirrhosis,Supplementary Table 16,supplementary file,TRUE,REUSED,ACTIVATED_HSC_MYOFIBROBLAST; positive cluster marker (avg_logFC>0); external only outside GSE136103
RAM2019_MES_SAMES,Ramachandran2019_Nature,scar-associated myofibroblast marker program,mesenchymal_hsc_myofibroblast,S100A11,UP_IN_STATE,GSE136103,scRNA-seq,mixed nonviral cirrhosis,Supplementary Table 16,supplementary file,TRUE,REUSED,ACTIVATED_HSC_MYOFIBROBLAST; positive cluster marker (avg_logFC>0); external only outside GSE136103
RAM2019_MES_SAMES,Ramachandran2019_Nature,scar-associated myofibroblast marker program,mesenchymal_hsc_myofibroblast,LRP1,UP_IN_STATE,GSE136103,scRNA-seq,mixed nonviral cirrhosis,Supplementary Table 16,supplementary file,TRUE,REUSED,ACTIVATED_HSC_MYOFIBROBLAST; positive cluster marker (avg_logFC>0); external only outside GSE136103
RAM2019_MES_SAMES,Ramachandran2019_Nature,scar-associated myofibroblast marker program,mesenchymal_hsc_myofibroblast,ADH1B,UP_IN_STATE,GSE136103,scRNA-seq,mixed nonviral cirrhosis,Supplementary Table 16,supplementary file,TRUE,REUSED,ACTIVATED_HSC_MYOFIBROBLAST; positive cluster marker (avg_logFC>0); external only outside GSE136103
RAM2019_MES_SAMES,Ramachandran2019_Nature,scar-associated myofibroblast marker program,mesenchymal_hsc_myofibroblast,CYBA,UP_IN_STATE,GSE136103,scRNA-seq,mixed nonviral cirrhosis,Supplementary Table 16,supplementary file,TRUE,REUSED,ACTIVATED_HSC_MYOFIBROBLAST; positive cluster marker (avg_logFC>0); external only outside GSE136103
RAM2019_MES_SAMES,Ramachandran2019_Nature,scar-associated myofibroblast marker program,mesenchymal_hsc_myofibroblast,FBLN1,UP_IN_STATE,GSE136103,scRNA-seq,mixed nonviral cirrhosis,Supplementary Table 16,supplementary file,TRUE,REUSED,ACTIVATED_HSC_MYOFIBROBLAST; positive cluster marker (avg_logFC>0); external only outside GSE136103
RAM2019_MES_SAMES,Ramachandran2019_Nature,scar-associated myofibroblast marker program,mesenchymal_hsc_myofibroblast,CD81,UP_IN_STATE,GSE136103,scRNA-seq,mixed nonviral cirrhosis,Supplementary Table 16,supplementary file,TRUE,REUSED,ACTIVATED_HSC_MYOFIBROBLAST; positive cluster marker (avg_logFC>0); external only outside GSE136103
RAM2019_MES_SAMES,Ramachandran2019_Nature,scar-associated myofibroblast marker program,mesenchymal_hsc_myofibroblast,MMP2,UP_IN_STATE,GSE136103,scRNA-seq,mixed nonviral cirrhosis,Supplementary Table 16,supplementary file,TRUE,REUSED,ACTIVATED_HSC_MYOFIBROBLAST; positive cluster marker (avg_logFC>0); external only outside GSE136103
RAM2019_MES_SAMES,Ramachandran2019_Nature,scar-associated myofibroblast marker program,mesenchymal_hsc_myofibroblast,PDGFRA,UP_IN_STATE,GSE136103,scRNA-seq,mixed nonviral cirrhosis,Supplementary Table 16,supplementary file,TRUE,REUSED,ACTIVATED_HSC_MYOFIBROBLAST; positive cluster marker (avg_logFC>0); external only outside GSE136103
RAM2019_MES_SAMES,Ramachandran2019_Nature,scar-associated myofibroblast marker program,mesenchymal_hsc_myofibroblast,FBLN5,UP_IN_STATE,GSE136103,scRNA-seq,mixed nonviral cirrhosis,Supplementary Table 16,supplementary file,TRUE,REUSED,ACTIVATED_HSC_MYOFIBROBLAST; positive cluster marker (avg_logFC>0); external only outside GSE136103
RAM2019_MES_SAMES,Ramachandran2019_Nature,scar-associated myofibroblast marker program,mesenchymal_hsc_myofibroblast,COLEC11,UP_IN_STATE,GSE136103,scRNA-seq,mixed nonviral cirrhosis,Supplementary Table 16,supplementary file,TRUE,REUSED,ACTIVATED_HSC_MYOFIBROBLAST; positive cluster marker (avg_logFC>0); external only outside GSE136103
RAM2019_MES_SAMES,Ramachandran2019_Nature,scar-associated myofibroblast marker program,mesenchymal_hsc_myofibroblast,CD74,UP_IN_STATE,GSE136103,scRNA-seq,mixed nonviral cirrhosis,Supplementary Table 16,supplementary file,TRUE,REUSED,ACTIVATED_HSC_MYOFIBROBLAST; positive cluster marker (avg_logFC>0); external only outside GSE136103
RAM2019_MES_SAMES,Ramachandran2019_Nature,scar-associated myofibroblast marker program,mesenchymal_hsc_myofibroblast,SPON2,UP_IN_STATE,GSE136103,scRNA-seq,mixed nonviral cirrhosis,Supplementary Table 16,supplementary file,TRUE,REUSED,ACTIVATED_HSC_MYOFIBROBLAST; positive cluster marker (avg_logFC>0); external only outside GSE136103
RAM2019_MES_SAMES,Ramachandran2019_Nature,scar-associated myofibroblast marker program,mesenchymal_hsc_myofibroblast,COL6A3,UP_IN_STATE,GSE136103,scRNA-seq,mixed nonviral cirrhosis,Supplementary Table 16,supplementary file,TRUE,REUSED,ACTIVATED_HSC_MYOFIBROBLAST; positive cluster marker (avg_logFC>0); external only outside GSE136103
RAM2019_MES_SAMES,Ramachandran2019_Nature,scar-associated myofibroblast marker program,mesenchymal_hsc_myofibroblast,COL14A1,UP_IN_STATE,GSE136103,scRNA-seq,mixed nonviral cirrhosis,Supplementary Table 16,supplementary file,TRUE,REUSED,ACTIVATED_HSC_MYOFIBROBLAST; positive cluster marker (avg_logFC>0); external only outside GSE136103
RAM2019_MES_SAMES,Ramachandran2019_Nature,scar-associated myofibroblast marker program,mesenchymal_hsc_myofibroblast,G0S2,UP_IN_STATE,GSE136103,scRNA-seq,mixed nonviral cirrhosis,Supplementary Table 16,supplementary file,TRUE,REUSED,ACTIVATED_HSC_MYOFIBROBLAST; positive cluster marker (avg_logFC>0); external only outside GSE136103
RAM2019_MES_SAMES,Ramachandran2019_Nature,scar-associated myofibroblast marker program,mesenchymal_hsc_myofibroblast,LTBP4,UP_IN_STATE,GSE136103,scRNA-seq,mixed nonviral cirrhosis,Supplementary Table 16,supplementary file,TRUE,REUSED,ACTIVATED_HSC_MYOFIBROBLAST; positive cluster marker (avg_logFC>0); external only outside GSE136103
RAM2019_MES_SAMES,Ramachandran2019_Nature,scar-associated myofibroblast marker program,mesenchymal_hsc_myofibroblast,RCN3,UP_IN_STATE,GSE136103,scRNA-seq,mixed nonviral cirrhosis,Supplementary Table 16,supplementary file,TRUE,REUSED,ACTIVATED_HSC_MYOFIBROBLAST; positive cluster marker (avg_logFC>0); external only outside GSE136103
RAM2019_MES_SAMES,Ramachandran2019_Nature,scar-associated myofibroblast marker program,mesenchymal_hsc_myofibroblast,IGFBP4,UP_IN_STATE,GSE136103,scRNA-seq,mixed nonviral cirrhosis,Supplementary Table 16,supplementary file,TRUE,REUSED,ACTIVATED_HSC_MYOFIBROBLAST; positive cluster marker (avg_logFC>0); external only outside GSE136103
RAM2019_MES_SAMES,Ramachandran2019_Nature,scar-associated myofibroblast marker program,mesenchymal_hsc_myofibroblast,LY6E,UP_IN_STATE,GSE136103,scRNA-seq,mixed nonviral cirrhosis,Supplementary Table 16,supplementary file,TRUE,REUSED,ACTIVATED_HSC_MYOFIBROBLAST; positive cluster marker (avg_logFC>0); external only outside GSE136103
RAM2019_MES_SAMES,Ramachandran2019_Nature,scar-associated myofibroblast marker program,mesenchymal_hsc_myofibroblast,MGP,UP_IN_STATE,GSE136103,scRNA-seq,mixed nonviral cirrhosis,Supplementary Table 16,supplementary file,TRUE,REUSED,ACTIVATED_HSC_MYOFIBROBLAST; positive cluster marker (avg_logFC>0); external only outside GSE136103
RAM2019_MES_SAMES,Ramachandran2019_Nature,scar-associated myofibroblast marker program,mesenchymal_hsc_myofibroblast,RPL13,UP_IN_STATE,GSE136103,scRNA-seq,mixed nonviral cirrhosis,Supplementary Table 16,supplementary file,TRUE,REUSED,ACTIVATED_HSC_MYOFIBROBLAST; positive cluster marker (avg_logFC>0); external only outside GSE136103
RAM2019_MES_SAMES,Ramachandran2019_Nature,scar-associated myofibroblast marker program,mesenchymal_hsc_myofibroblast,LGALS3BP,UP_IN_STATE,GSE136103,scRNA-seq,mixed nonviral cirrhosis,Supplementary Table 16,supplementary file,TRUE,REUSED,ACTIVATED_HSC_MYOFIBROBLAST; positive cluster marker (avg_logFC>0); external only outside GSE136103
RAM2019_MES_SAMES,Ramachandran2019_Nature,scar-associated myofibroblast marker program,mesenchymal_hsc_myofibroblast,TMEM176A,UP_IN_STATE,GSE136103,scRNA-seq,mixed nonviral cirrhosis,Supplementary Table 16,supplementary file,TRUE,REUSED,ACTIVATED_HSC_MYOFIBROBLAST; positive cluster marker (avg_logFC>0); external only outside GSE136103
RAM2019_MES_SAMES,Ramachandran2019_Nature,scar-associated myofibroblast marker program,mesenchymal_hsc_myofibroblast,PRELP,UP_IN_STATE,GSE136103,scRNA-seq,mixed nonviral cirrhosis,Supplementary Table 16,supplementary file,TRUE,REUSED,ACTIVATED_HSC_MYOFIBROBLAST; positive cluster marker (avg_logFC>0); external only outside GSE136103
RAM2019_MES_SAMES,Ramachandran2019_Nature,scar-associated myofibroblast marker program,mesenchymal_hsc_myofibroblast,TYROBP,UP_IN_STATE,GSE136103,scRNA-seq,mixed nonviral cirrhosis,Supplementary Table 16,supplementary file,TRUE,REUSED,ACTIVATED_HSC_MYOFIBROBLAST; positive cluster marker (avg_logFC>0); external only outside GSE136103
RAM2019_MES_SAMES,Ramachandran2019_Nature,scar-associated myofibroblast marker program,mesenchymal_hsc_myofibroblast,TMEM176B,UP_IN_STATE,GSE136103,scRNA-seq,mixed nonviral cirrhosis,Supplementary Table 16,supplementary file,TRUE,REUSED,ACTIVATED_HSC_MYOFIBROBLAST; positive cluster marker (avg_logFC>0); external only outside GSE136103
RAM2019_MES_SAMES,Ramachandran2019_Nature,scar-associated myofibroblast marker program,mesenchymal_hsc_myofibroblast,IFITM1,UP_IN_STATE,GSE136103,scRNA-seq,mixed nonviral cirrhosis,Supplementary Table 16,supplementary file,TRUE,REUSED,ACTIVATED_HSC_MYOFIBROBLAST; positive cluster marker (avg_logFC>0); external only outside GSE136103
RAM2019_MES_SAMES,Ramachandran2019_Nature,scar-associated myofibroblast marker program,mesenchymal_hsc_myofibroblast,RPL36,UP_IN_STATE,GSE136103,scRNA-seq,mixed nonviral cirrhosis,Supplementary Table 16,supplementary file,TRUE,REUSED,ACTIVATED_HSC_MYOFIBROBLAST; positive cluster marker (avg_logFC>0); external only outside GSE136103
RAM2019_MES_SAMES,Ramachandran2019_Nature,scar-associated myofibroblast marker program,mesenchymal_hsc_myofibroblast,PRSS23,UP_IN_STATE,GSE136103,scRNA-seq,mixed nonviral cirrhosis,Supplementary Table 16,supplementary file,TRUE,REUSED,ACTIVATED_HSC_MYOFIBROBLAST; positive cluster marker (avg_logFC>0); external only outside GSE136103
RAM2019_MES_SAMES,Ramachandran2019_Nature,scar-associated myofibroblast marker program,mesenchymal_hsc_myofibroblast,IL32,UP_IN_STATE,GSE136103,scRNA-seq,mixed nonviral cirrhosis,Supplementary Table 16,supplementary file,TRUE,REUSED,ACTIVATED_HSC_MYOFIBROBLAST; positive cluster marker (avg_logFC>0); external only outside GSE136103
RAM2019_MES_SAMES,Ramachandran2019_Nature,scar-associated myofibroblast marker program,mesenchymal_hsc_myofibroblast,ANXA1,UP_IN_STATE,GSE136103,scRNA-seq,mixed nonviral cirrhosis,Supplementary Table 16,supplementary file,TRUE,REUSED,ACTIVATED_HSC_MYOFIBROBLAST; positive cluster marker (avg_logFC>0); external only outside GSE136103
RAM2019_MES_SAMES,Ramachandran2019_Nature,scar-associated myofibroblast marker program,mesenchymal_hsc_myofibroblast,NR2F1,UP_IN_STATE,GSE136103,scRNA-seq,mixed nonviral cirrhosis,Supplementary Table 16,supplementary file,TRUE,REUSED,ACTIVATED_HSC_MYOFIBROBLAST; positive cluster marker (avg_logFC>0); external only outside GSE136103
RAM2019_MES_SAMES,Ramachandran2019_Nature,scar-associated myofibroblast marker program,mesenchymal_hsc_myofibroblast,TSPAN4,UP_IN_STATE,GSE136103,scRNA-seq,mixed nonviral cirrhosis,Supplementary Table 16,supplementary file,TRUE,REUSED,ACTIVATED_HSC_MYOFIBROBLAST; positive cluster marker (avg_logFC>0); external only outside GSE136103
RAM2019_MES_SAMES,Ramachandran2019_Nature,scar-associated myofibroblast marker program,mesenchymal_hsc_myofibroblast,COL5A1,UP_IN_STATE,GSE136103,scRNA-seq,mixed nonviral cirrhosis,Supplementary Table 16,supplementary file,TRUE,REUSED,ACTIVATED_HSC_MYOFIBROBLAST; positive cluster marker (avg_logFC>0); external only outside GSE136103
RAM2019_MES_SAMES,Ramachandran2019_Nature,scar-associated myofibroblast marker program,mesenchymal_hsc_myofibroblast,ENG,UP_IN_STATE,GSE136103,scRNA-seq,mixed nonviral cirrhosis,Supplementary Table 16,supplementary file,TRUE,REUSED,ACTIVATED_HSC_MYOFIBROBLAST; positive cluster marker (avg_logFC>0); external only outside GSE136103
RAM2019_MES_SAMES,Ramachandran2019_Nature,scar-associated myofibroblast marker program,mesenchymal_hsc_myofibroblast,RPL37,UP_IN_STATE,GSE136103,scRNA-seq,mixed nonviral cirrhosis,Supplementary Table 16,supplementary file,TRUE,REUSED,ACTIVATED_HSC_MYOFIBROBLAST; positive cluster marker (avg_logFC>0); external only outside GSE136103
RAM2019_MES_SAMES,Ramachandran2019_Nature,scar-associated myofibroblast marker program,mesenchymal_hsc_myofibroblast,ISLR,UP_IN_STATE,GSE136103,scRNA-seq,mixed nonviral cirrhosis,Supplementary Table 16,supplementary file,TRUE,REUSED,ACTIVATED_HSC_MYOFIBROBLAST; positive cluster marker (avg_logFC>0); external only outside GSE136103
RAM2019_MES_SAMES,Ramachandran2019_Nature,scar-associated myofibroblast marker program,mesenchymal_hsc_myofibroblast,RPS15A,UP_IN_STATE,GSE136103,scRNA-seq,mixed nonviral cirrhosis,Supplementary Table 16,supplementary file,TRUE,REUSED,ACTIVATED_HSC_MYOFIBROBLAST; positive cluster marker (avg_logFC>0); external only outside GSE136103
RAM2019_MES_SAMES,Ramachandran2019_Nature,scar-associated myofibroblast marker program,mesenchymal_hsc_myofibroblast,PTGDS,UP_IN_STATE,GSE136103,scRNA-seq,mixed nonviral cirrhosis,Supplementary Table 16,supplementary file,TRUE,REUSED,ACTIVATED_HSC_MYOFIBROBLAST; positive cluster marker (avg_logFC>0); external only outside GSE136103
RAM2019_MES_SAMES,Ramachandran2019_Nature,scar-associated myofibroblast marker program,mesenchymal_hsc_myofibroblast,RRBP1,UP_IN_STATE,GSE136103,scRNA-seq,mixed nonviral cirrhosis,Supplementary Table 16,supplementary file,TRUE,REUSED,ACTIVATED_HSC_MYOFIBROBLAST; positive cluster marker (avg_logFC>0); external only outside GSE136103
RAM2019_MES_SAMES,Ramachandran2019_Nature,scar-associated myofibroblast marker program,mesenchymal_hsc_myofibroblast,EFEMP2,UP_IN_STATE,GSE136103,scRNA-seq,mixed nonviral cirrhosis,Supplementary Table 16,supplementary file,TRUE,REUSED,ACTIVATED_HSC_MYOFIBROBLAST; positive cluster marker (avg_logFC>0); external only outside GSE136103
RAM2019_MES_SAMES,Ramachandran2019_Nature,scar-associated myofibroblast marker program,mesenchymal_hsc_myofibroblast,INMT,UP_IN_STATE,GSE136103,scRNA-seq,mixed nonviral cirrhosis,Supplementary Table 16,supplementary file,TRUE,REUSED,ACTIVATED_HSC_MYOFIBROBLAST; positive cluster marker (avg_logFC>0); external only outside GSE136103
RAM2019_MES_SAMES,Ramachandran2019_Nature,scar-associated myofibroblast marker program,mesenchymal_hsc_myofibroblast,SPARC,UP_IN_STATE,GSE136103,scRNA-seq,mixed nonviral cirrhosis,Supplementary Table 16,supplementary file,TRUE,REUSED,ACTIVATED_HSC_MYOFIBROBLAST; positive cluster marker (avg_logFC>0); external only outside GSE136103
RAM2019_MES_SAMES,Ramachandran2019_Nature,scar-associated myofibroblast marker program,mesenchymal_hsc_myofibroblast,ECM1,UP_IN_STATE,GSE136103,scRNA-seq,mixed nonviral cirrhosis,Supplementary Table 16,supplementary file,TRUE,REUSED,ACTIVATED_HSC_MYOFIBROBLAST; positive cluster marker (avg_logFC>0); external only outside GSE136103
RAM2019_MES_SAMES,Ramachandran2019_Nature,scar-associated myofibroblast marker program,mesenchymal_hsc_myofibroblast,CCDC80,UP_IN_STATE,GSE136103,scRNA-seq,mixed nonviral cirrhosis,Supplementary Table 16,supplementary file,TRUE,REUSED,ACTIVATED_HSC_MYOFIBROBLAST; positive cluster marker (avg_logFC>0); external only outside GSE136103
RAM2019_MES_SAMES,Ramachandran2019_Nature,scar-associated myofibroblast marker program,mesenchymal_hsc_myofibroblast,SERPING1,UP_IN_STATE,GSE136103,scRNA-seq,mixed nonviral cirrhosis,Supplementary Table 16,supplementary file,TRUE,REUSED,ACTIVATED_HSC_MYOFIBROBLAST; positive cluster marker (avg_logFC>0); external only outside GSE136103
RAM2019_MES_SAMES,Ramachandran2019_Nature,scar-associated myofibroblast marker program,mesenchymal_hsc_myofibroblast,FN1,UP_IN_STATE,GSE136103,scRNA-seq,mixed nonviral cirrhosis,Supplementary Table 16,supplementary file,TRUE,REUSED,ACTIVATED_HSC_MYOFIBROBLAST; positive cluster marker (avg_logFC>0); external only outside GSE136103
RAM2019_MES_SAMES,Ramachandran2019_Nature,scar-associated myofibroblast marker program,mesenchymal_hsc_myofibroblast,LXN,UP_IN_STATE,GSE136103,scRNA-seq,mixed nonviral cirrhosis,Supplementary Table 16,supplementary file,TRUE,REUSED,ACTIVATED_HSC_MYOFIBROBLAST; positive cluster marker (avg_logFC>0); external only outside GSE136103
RAM2019_MES_SAMES,Ramachandran2019_Nature,scar-associated myofibroblast marker program,mesenchymal_hsc_myofibroblast,MFAP4,UP_IN_STATE,GSE136103,scRNA-seq,mixed nonviral cirrhosis,Supplementary Table 16,supplementary file,TRUE,REUSED,ACTIVATED_HSC_MYOFIBROBLAST; positive cluster marker (avg_logFC>0); external only outside GSE136103
RAM2019_MES_SAMES,Ramachandran2019_Nature,scar-associated myofibroblast marker program,mesenchymal_hsc_myofibroblast,RPL39,UP_IN_STATE,GSE136103,scRNA-seq,mixed nonviral cirrhosis,Supplementary Table 16,supplementary file,TRUE,REUSED,ACTIVATED_HSC_MYOFIBROBLAST; positive cluster marker (avg_logFC>0); external only outside GSE136103
RAM2019_MES_SAMES,Ramachandran2019_Nature,scar-associated myofibroblast marker program,mesenchymal_hsc_myofibroblast,CYR61,UP_IN_STATE,GSE136103,scRNA-seq,mixed nonviral cirrhosis,Supplementary Table 16,supplementary file,TRUE,REUSED,ACTIVATED_HSC_MYOFIBROBLAST; positive cluster marker (avg_logFC>0); external only outside GSE136103
RAM2019_MES_SAMES,Ramachandran2019_Nature,scar-associated myofibroblast marker program,mesenchymal_hsc_myofibroblast,CCL2,UP_IN_STATE,GSE136103,scRNA-seq,mixed nonviral cirrhosis,Supplementary Table 16,supplementary file,TRUE,REUSED,ACTIVATED_HSC_MYOFIBROBLAST; positive cluster marker (avg_logFC>0); external only outside GSE136103
RAM2019_MES_SAMES,Ramachandran2019_Nature,scar-associated myofibroblast marker program,mesenchymal_hsc_myofibroblast,RPS12,UP_IN_STATE,GSE136103,scRNA-seq,mixed nonviral cirrhosis,Supplementary Table 16,supplementary file,TRUE,REUSED,ACTIVATED_HSC_MYOFIBROBLAST; positive cluster marker (avg_logFC>0); external only outside GSE136103
RAM2019_MES_SAMES,Ramachandran2019_Nature,scar-associated myofibroblast marker program,mesenchymal_hsc_myofibroblast,ADAMTSL2,UP_IN_STATE,GSE136103,scRNA-seq,mixed nonviral cirrhosis,Supplementary Table 16,supplementary file,TRUE,REUSED,ACTIVATED_HSC_MYOFIBROBLAST; positive cluster marker (avg_logFC>0); external only outside GSE136103
RAM2019_MES_SAMES,Ramachandran2019_Nature,scar-associated myofibroblast marker program,mesenchymal_hsc_myofibroblast,IGFBP7,UP_IN_STATE,GSE136103,scRNA-seq,mixed nonviral cirrhosis,Supplementary Table 16,supplementary file,TRUE,REUSED,ACTIVATED_HSC_MYOFIBROBLAST; positive cluster marker (avg_logFC>0); external only outside GSE136103
RAM2019_MES_SAMES,Ramachandran2019_Nature,scar-associated myofibroblast marker program,mesenchymal_hsc_myofibroblast,CTSD,UP_IN_STATE,GSE136103,scRNA-seq,mixed nonviral cirrhosis,Supplementary Table 16,supplementary file,TRUE,REUSED,ACTIVATED_HSC_MYOFIBROBLAST; positive cluster marker (avg_logFC>0); external only outside GSE136103
RAM2019_MES_SAMES,Ramachandran2019_Nature,scar-associated myofibroblast marker program,mesenchymal_hsc_myofibroblast,ITGBL1,UP_IN_STATE,GSE136103,scRNA-seq,mixed nonviral cirrhosis,Supplementary Table 16,supplementary file,TRUE,REUSED,ACTIVATED_HSC_MYOFIBROBLAST; positive cluster marker (avg_logFC>0); external only outside GSE136103
RAM2019_MES_SAMES,Ramachandran2019_Nature,scar-associated myofibroblast marker program,mesenchymal_hsc_myofibroblast,IGFBP3,UP_IN_STATE,GSE136103,scRNA-seq,mixed nonviral cirrhosis,Supplementary Table 16,supplementary file,TRUE,REUSED,ACTIVATED_HSC_MYOFIBROBLAST; positive cluster marker (avg_logFC>0); external only outside GSE136103
RAM2019_MES_SAMES,Ramachandran2019_Nature,scar-associated myofibroblast marker program,mesenchymal_hsc_myofibroblast,FSTL1,UP_IN_STATE,GSE136103,scRNA-seq,mixed nonviral cirrhosis,Supplementary Table 16,supplementary file,TRUE,REUSED,ACTIVATED_HSC_MYOFIBROBLAST; positive cluster marker (avg_logFC>0); external only outside GSE136103
RAM2019_MES_SAMES,Ramachandran2019_Nature,scar-associated myofibroblast marker program,mesenchymal_hsc_myofibroblast,PPIC,UP_IN_STATE,GSE136103,scRNA-seq,mixed nonviral cirrhosis,Supplementary Table 16,supplementary file,TRUE,REUSED,ACTIVATED_HSC_MYOFIBROBLAST; positive cluster marker (avg_logFC>0); external only outside GSE136103
RAM2019_MES_SAMES,Ramachandran2019_Nature,scar-associated myofibroblast marker program,mesenchymal_hsc_myofibroblast,FCGRT,UP_IN_STATE,GSE136103,scRNA-seq,mixed nonviral cirrhosis,Supplementary Table 16,supplementary file,TRUE,REUSED,ACTIVATED_HSC_MYOFIBROBLAST; positive cluster marker (avg_logFC>0); external only outside GSE136103
RAM2019_MES_SAMES,Ramachandran2019_Nature,scar-associated myofibroblast marker program,mesenchymal_hsc_myofibroblast,PLTP,UP_IN_STATE,GSE136103,scRNA-seq,mixed nonviral cirrhosis,Supplementary Table 16,supplementary file,TRUE,REUSED,ACTIVATED_HSC_MYOFIBROBLAST; positive cluster marker (avg_logFC>0); external only outside GSE136103
RAM2019_MES_SAMES,Ramachandran2019_Nature,scar-associated myofibroblast marker program,mesenchymal_hsc_myofibroblast,SSR2,UP_IN_STATE,GSE136103,scRNA-seq,mixed nonviral cirrhosis,Supplementary Table 16,supplementary file,TRUE,REUSED,ACTIVATED_HSC_MYOFIBROBLAST; positive cluster marker (avg_logFC>0); external only outside GSE136103
RAM2019_MES_SAMES,Ramachandran2019_Nature,scar-associated myofibroblast marker program,mesenchymal_hsc_myofibroblast,RPS18,UP_IN_STATE,GSE136103,scRNA-seq,mixed nonviral cirrhosis,Supplementary Table 16,supplementary file,TRUE,REUSED,ACTIVATED_HSC_MYOFIBROBLAST; positive cluster marker (avg_logFC>0); external only outside GSE136103
RAM2019_MES_SAMES,Ramachandran2019_Nature,scar-associated myofibroblast marker program,mesenchymal_hsc_myofibroblast,CLEC2B,UP_IN_STATE,GSE136103,scRNA-seq,mixed nonviral cirrhosis,Supplementary Table 16,supplementary file,TRUE,REUSED,ACTIVATED_HSC_MYOFIBROBLAST; positive cluster marker (avg_logFC>0); external only outside GSE136103
RAM2019_MES_SAMES,Ramachandran2019_Nature,scar-associated myofibroblast marker program,mesenchymal_hsc_myofibroblast,IGFBP6,UP_IN_STATE,GSE136103,scRNA-seq,mixed nonviral cirrhosis,Supplementary Table 16,supplementary file,TRUE,REUSED,ACTIVATED_HSC_MYOFIBROBLAST; positive cluster marker (avg_logFC>0); external only outside GSE136103
RAM2019_MES_SAMES,Ramachandran2019_Nature,scar-associated myofibroblast marker program,mesenchymal_hsc_myofibroblast,TIMP2,UP_IN_STATE,GSE136103,scRNA-seq,mixed nonviral cirrhosis,Supplementary Table 16,supplementary file,TRUE,REUSED,ACTIVATED_HSC_MYOFIBROBLAST; positive cluster marker (avg_logFC>0); external only outside GSE136103
RAM2019_MES_SAMES,Ramachandran2019_Nature,scar-associated myofibroblast marker program,mesenchymal_hsc_myofibroblast,VCAN,UP_IN_STATE,GSE136103,scRNA-seq,mixed nonviral cirrhosis,Supplementary Table 16,supplementary file,TRUE,REUSED,ACTIVATED_HSC_MYOFIBROBLAST; positive cluster marker (avg_logFC>0); external only outside GSE136103
RAM2019_MES_SAMES,Ramachandran2019_Nature,scar-associated myofibroblast marker program,mesenchymal_hsc_myofibroblast,ALDH1A1,UP_IN_STATE,GSE136103,scRNA-seq,mixed nonviral cirrhosis,Supplementary Table 16,supplementary file,TRUE,REUSED,ACTIVATED_HSC_MYOFIBROBLAST; positive cluster marker (avg_logFC>0); external only outside GSE136103
RAM2019_MES_SAMES,Ramachandran2019_Nature,scar-associated myofibroblast marker program,mesenchymal_hsc_myofibroblast,TPT1,UP_IN_STATE,GSE136103,scRNA-seq,mixed nonviral cirrhosis,Supplementary Table 16,supplementary file,TRUE,REUSED,ACTIVATED_HSC_MYOFIBROBLAST; positive cluster marker (avg_logFC>0); external only outside GSE136103
RAM2019_MES_SAMES,Ramachandran2019_Nature,scar-associated myofibroblast marker program,mesenchymal_hsc_myofibroblast,QSOX1,UP_IN_STATE,GSE136103,scRNA-seq,mixed nonviral cirrhosis,Supplementary Table 16,supplementary file,TRUE,REUSED,ACTIVATED_HSC_MYOFIBROBLAST; positive cluster marker (avg_logFC>0); external only outside GSE136103
RAM2019_MES_SAMES,Ramachandran2019_Nature,scar-associated myofibroblast marker program,mesenchymal_hsc_myofibroblast,RPS24,UP_IN_STATE,GSE136103,scRNA-seq,mixed nonviral cirrhosis,Supplementary Table 16,supplementary file,TRUE,REUSED,ACTIVATED_HSC_MYOFIBROBLAST; positive cluster marker (avg_logFC>0); external only outside GSE136103
RAM2019_MES_SAMES,Ramachandran2019_Nature,scar-associated myofibroblast marker program,mesenchymal_hsc_myofibroblast,RAMP1,UP_IN_STATE,GSE136103,scRNA-seq,mixed nonviral cirrhosis,Supplementary Table 16,supplementary file,TRUE,REUSED,ACTIVATED_HSC_MYOFIBROBLAST; positive cluster marker (avg_logFC>0); external only outside GSE136103
RAM2019_MES_SAMES,Ramachandran2019_Nature,scar-associated myofibroblast marker program,mesenchymal_hsc_myofibroblast,MARCKSL1,UP_IN_STATE,GSE136103,scRNA-seq,mixed nonviral cirrhosis,Supplementary Table 16,supplementary file,TRUE,REUSED,ACTIVATED_HSC_MYOFIBROBLAST; positive cluster marker (avg_logFC>0); external only outside GSE136103
RAM2019_MES_SAMES,Ramachandran2019_Nature,scar-associated myofibroblast marker program,mesenchymal_hsc_myofibroblast,THBS2,UP_IN_STATE,GSE136103,scRNA-seq,mixed nonviral cirrhosis,Supplementary Table 16,supplementary file,TRUE,REUSED,ACTIVATED_HSC_MYOFIBROBLAST; positive cluster marker (avg_logFC>0); external only outside GSE136103
RAM2019_MES_SAMES,Ramachandran2019_Nature,scar-associated myofibroblast marker program,mesenchymal_hsc_myofibroblast,CTSC,UP_IN_STATE,GSE136103,scRNA-seq,mixed nonviral cirrhosis,Supplementary Table 16,supplementary file,TRUE,REUSED,ACTIVATED_HSC_MYOFIBROBLAST; positive cluster marker (avg_logFC>0); external only outside GSE136103
RAM2019_MES_SAMES,Ramachandran2019_Nature,scar-associated myofibroblast marker program,mesenchymal_hsc_myofibroblast,TCEAL4,UP_IN_STATE,GSE136103,scRNA-seq,mixed nonviral cirrhosis,Supplementary Table 16,supplementary file,TRUE,REUSED,ACTIVATED_HSC_MYOFIBROBLAST; positive cluster marker (avg_logFC>0); external only outside GSE136103
RAM2019_MES_SAMES,Ramachandran2019_Nature,scar-associated myofibroblast marker program,mesenchymal_hsc_myofibroblast,EMP3,UP_IN_STATE,GSE136103,scRNA-seq,mixed nonviral cirrhosis,Supplementary Table 16,supplementary file,TRUE,REUSED,ACTIVATED_HSC_MYOFIBROBLAST; positive cluster marker (avg_logFC>0); external only outside GSE136103
RAM2019_MES_SAMES,Ramachandran2019_Nature,scar-associated myofibroblast marker program,mesenchymal_hsc_myofibroblast,WBP5,UP_IN_STATE,GSE136103,scRNA-seq,mixed nonviral cirrhosis,Supplementary Table 16,supplementary file,TRUE,REUSED,ACTIVATED_HSC_MYOFIBROBLAST; positive cluster marker (avg_logFC>0); external only outside GSE136103
RAM2019_MES_SAMES,Ramachandran2019_Nature,scar-associated myofibroblast marker program,mesenchymal_hsc_myofibroblast,RPLP1,UP_IN_STATE,GSE136103,scRNA-seq,mixed nonviral cirrhosis,Supplementary Table 16,supplementary file,TRUE,REUSED,ACTIVATED_HSC_MYOFIBROBLAST; positive cluster marker (avg_logFC>0); external only outside GSE136103
RAM2019_MES_SAMES,Ramachandran2019_Nature,scar-associated myofibroblast marker program,mesenchymal_hsc_myofibroblast,RPS17,UP_IN_STATE,GSE136103,scRNA-seq,mixed nonviral cirrhosis,Supplementary Table 16,supplementary file,TRUE,REUSED,ACTIVATED_HSC_MYOFIBROBLAST; positive cluster marker (avg_logFC>0); external only outside GSE136103
RAM2019_MES_SAMES,Ramachandran2019_Nature,scar-associated myofibroblast marker program,mesenchymal_hsc_myofibroblast,RPS23,UP_IN_STATE,GSE136103,scRNA-seq,mixed nonviral cirrhosis,Supplementary Table 16,supplementary file,TRUE,REUSED,ACTIVATED_HSC_MYOFIBROBLAST; positive cluster marker (avg_logFC>0); external only outside GSE136103
RAM2019_MES_SAMES,Ramachandran2019_Nature,scar-associated myofibroblast marker program,mesenchymal_hsc_myofibroblast,RPS15,UP_IN_STATE,GSE136103,scRNA-seq,mixed nonviral cirrhosis,Supplementary Table 16,supplementary file,TRUE,REUSED,ACTIVATED_HSC_MYOFIBROBLAST; positive cluster marker (avg_logFC>0); external only outside GSE136103
RAM2019_MES_SAMES,Ramachandran2019_Nature,scar-associated myofibroblast marker program,mesenchymal_hsc_myofibroblast,HLA-DPA1,UP_IN_STATE,GSE136103,scRNA-seq,mixed nonviral cirrhosis,Supplementary Table 16,supplementary file,TRUE,REUSED,ACTIVATED_HSC_MYOFIBROBLAST; positive cluster marker (avg_logFC>0); external only outside GSE136103
RAM2019_MES_SAMES,Ramachandran2019_Nature,scar-associated myofibroblast marker program,mesenchymal_hsc_myofibroblast,COL4A2,UP_IN_STATE,GSE136103,scRNA-seq,mixed nonviral cirrhosis,Supplementary Table 16,supplementary file,TRUE,REUSED,ACTIVATED_HSC_MYOFIBROBLAST; positive cluster marker (avg_logFC>0); external only outside GSE136103
RAM2019_MES_SAMES,Ramachandran2019_Nature,scar-associated myofibroblast marker program,mesenchymal_hsc_myofibroblast,TFPI,UP_IN_STATE,GSE136103,scRNA-seq,mixed nonviral cirrhosis,Supplementary Table 16,supplementary file,TRUE,REUSED,ACTIVATED_HSC_MYOFIBROBLAST; positive cluster marker (avg_logFC>0); external only outside GSE136103
RAM2019_MES_SAMES,Ramachandran2019_Nature,scar-associated myofibroblast marker program,mesenchymal_hsc_myofibroblast,HLA-DRA,UP_IN_STATE,GSE136103,scRNA-seq,mixed nonviral cirrhosis,Supplementary Table 16,supplementary file,TRUE,REUSED,ACTIVATED_HSC_MYOFIBROBLAST; positive cluster marker (avg_logFC>0); external only outside GSE136103
RAM2019_MES_SAMES,Ramachandran2019_Nature,scar-associated myofibroblast marker program,mesenchymal_hsc_myofibroblast,IGF2,UP_IN_STATE,GSE136103,scRNA-seq,mixed nonviral cirrhosis,Supplementary Table 16,supplementary file,TRUE,REUSED,ACTIVATED_HSC_MYOFIBROBLAST; positive cluster marker (avg_logFC>0); external only outside GSE136103
RAM2019_MES_SAMES,Ramachandran2019_Nature,scar-associated myofibroblast marker program,mesenchymal_hsc_myofibroblast,LAMB1,UP_IN_STATE,GSE136103,scRNA-seq,mixed nonviral cirrhosis,Supplementary Table 16,supplementary file,TRUE,REUSED,ACTIVATED_HSC_MYOFIBROBLAST; positive cluster marker (avg_logFC>0); external only outside GSE136103
RAM2019_MES_SAMES,Ramachandran2019_Nature,scar-associated myofibroblast marker program,mesenchymal_hsc_myofibroblast,CCL21,UP_IN_STATE,GSE136103,scRNA-seq,mixed nonviral cirrhosis,Supplementary Table 16,supplementary file,TRUE,REUSED,ACTIVATED_HSC_MYOFIBROBLAST; positive cluster marker (avg_logFC>0); external only outside GSE136103
RAM2019_MES_SAMES,Ramachandran2019_Nature,scar-associated myofibroblast marker program,mesenchymal_hsc_myofibroblast,CEBPD,UP_IN_STATE,GSE136103,scRNA-seq,mixed nonviral cirrhosis,Supplementary Table 16,supplementary file,TRUE,REUSED,ACTIVATED_HSC_MYOFIBROBLAST; positive cluster marker (avg_logFC>0); external only outside GSE136103
RAM2019_MES_SAMES,Ramachandran2019_Nature,scar-associated myofibroblast marker program,mesenchymal_hsc_myofibroblast,RARRES1,UP_IN_STATE,GSE136103,scRNA-seq,mixed nonviral cirrhosis,Supplementary Table 16,supplementary file,TRUE,REUSED,ACTIVATED_HSC_MYOFIBROBLAST; positive cluster marker (avg_logFC>0); external only outside GSE136103
RAM2019_MES_SAMES,Ramachandran2019_Nature,scar-associated myofibroblast marker program,mesenchymal_hsc_myofibroblast,DAAM1,UP_IN_STATE,GSE136103,scRNA-seq,mixed nonviral cirrhosis,Supplementary Table 16,supplementary file,TRUE,REUSED,ACTIVATED_HSC_MYOFIBROBLAST; positive cluster marker (avg_logFC>0); external only outside GSE136103
RAM2019_MES_SAMES,Ramachandran2019_Nature,scar-associated myofibroblast marker program,mesenchymal_hsc_myofibroblast,F2R,UP_IN_STATE,GSE136103,scRNA-seq,mixed nonviral cirrhosis,Supplementary Table 16,supplementary file,TRUE,REUSED,ACTIVATED_HSC_MYOFIBROBLAST; positive cluster marker (avg_logFC>0); external only outside GSE136103
RAM2019_MES_SAMES,Ramachandran2019_Nature,scar-associated myofibroblast marker program,mesenchymal_hsc_myofibroblast,VKORC1,UP_IN_STATE,GSE136103,scRNA-seq,mixed nonviral cirrhosis,Supplementary Table 16,supplementary file,TRUE,REUSED,ACTIVATED_HSC_MYOFIBROBLAST; positive cluster marker (avg_logFC>0); external only outside GSE136103
RAM2019_MES_SAMES,Ramachandran2019_Nature,scar-associated myofibroblast marker program,mesenchymal_hsc_myofibroblast,RPS28,UP_IN_STATE,GSE136103,scRNA-seq,mixed nonviral cirrhosis,Supplementary Table 16,supplementary file,TRUE,REUSED,ACTIVATED_HSC_MYOFIBROBLAST; positive cluster marker (avg_logFC>0); external only outside GSE136103
RAM2019_MES_MESOTHELIAL,Ramachandran2019_Nature,mesothelial marker program,mesenchymal_hsc_myofibroblast,SLPI,UP_IN_STATE,GSE136103,scRNA-seq,mixed nonviral cirrhosis,Supplementary Table 16,supplementary file,TRUE,REUSED,MESOTHELIAL; positive cluster marker (avg_logFC>0); external only outside GSE136103
RAM2019_MES_MESOTHELIAL,Ramachandran2019_Nature,mesothelial marker program,mesenchymal_hsc_myofibroblast,C3,UP_IN_STATE,GSE136103,scRNA-seq,mixed nonviral cirrhosis,Supplementary Table 16,supplementary file,TRUE,REUSED,MESOTHELIAL; positive cluster marker (avg_logFC>0); external only outside GSE136103
RAM2019_MES_MESOTHELIAL,Ramachandran2019_Nature,mesothelial marker program,mesenchymal_hsc_myofibroblast,UPK3B,UP_IN_STATE,GSE136103,scRNA-seq,mixed nonviral cirrhosis,Supplementary Table 16,supplementary file,TRUE,REUSED,MESOTHELIAL; positive cluster marker (avg_logFC>0); external only outside GSE136103
RAM2019_MES_MESOTHELIAL,Ramachandran2019_Nature,mesothelial marker program,mesenchymal_hsc_myofibroblast,TPT1,UP_IN_STATE,GSE136103,scRNA-seq,mixed nonviral cirrhosis,Supplementary Table 16,supplementary file,TRUE,REUSED,MESOTHELIAL; positive cluster marker (avg_logFC>0); external only outside GSE136103
RAM2019_MES_MESOTHELIAL,Ramachandran2019_Nature,mesothelial marker program,mesenchymal_hsc_myofibroblast,PRG4,UP_IN_STATE,GSE136103,scRNA-seq,mixed nonviral cirrhosis,Supplementary Table 16,supplementary file,TRUE,REUSED,MESOTHELIAL; positive cluster marker (avg_logFC>0); external only outside GSE136103
RAM2019_MES_MESOTHELIAL,Ramachandran2019_Nature,mesothelial marker program,mesenchymal_hsc_myofibroblast,S100A10,UP_IN_STATE,GSE136103,scRNA-seq,mixed nonviral cirrhosis,Supplementary Table 16,supplementary file,TRUE,REUSED,MESOTHELIAL; positive cluster marker (avg_logFC>0); external only outside GSE136103
RAM2019_MES_MESOTHELIAL,Ramachandran2019_Nature,mesothelial marker program,mesenchymal_hsc_myofibroblast,SAT1,UP_IN_STATE,GSE136103,scRNA-seq,mixed nonviral cirrhosis,Supplementary Table 16,supplementary file,TRUE,REUSED,MESOTHELIAL; positive cluster marker (avg_logFC>0); external only outside GSE136103
RAM2019_MES_MESOTHELIAL,Ramachandran2019_Nature,mesothelial marker program,mesenchymal_hsc_myofibroblast,CALB2,UP_IN_STATE,GSE136103,scRNA-seq,mixed nonviral cirrhosis,Supplementary Table 16,supplementary file,TRUE,REUSED,MESOTHELIAL; positive cluster marker (avg_logFC>0); external only outside GSE136103
RAM2019_MES_MESOTHELIAL,Ramachandran2019_Nature,mesothelial marker program,mesenchymal_hsc_myofibroblast,KRT19,UP_IN_STATE,GSE136103,scRNA-seq,mixed nonviral cirrhosis,Supplementary Table 16,supplementary file,TRUE,REUSED,MESOTHELIAL; positive cluster marker (avg_logFC>0); external only outside GSE136103
RAM2019_MES_MESOTHELIAL,Ramachandran2019_Nature,mesothelial marker program,mesenchymal_hsc_myofibroblast,CCDC80,UP_IN_STATE,GSE136103,scRNA-seq,mixed nonviral cirrhosis,Supplementary Table 16,supplementary file,TRUE,REUSED,MESOTHELIAL; positive cluster marker (avg_logFC>0); external only outside GSE136103
RAM2019_MES_MESOTHELIAL,Ramachandran2019_Nature,mesothelial marker program,mesenchymal_hsc_myofibroblast,PLA2G2A,UP_IN_STATE,GSE136103,scRNA-seq,mixed nonviral cirrhosis,Supplementary Table 16,supplementary file,TRUE,REUSED,MESOTHELIAL; positive cluster marker (avg_logFC>0); external only outside GSE136103
RAM2019_MES_MESOTHELIAL,Ramachandran2019_Nature,mesothelial marker program,mesenchymal_hsc_myofibroblast,SLC39A8,UP_IN_STATE,GSE136103,scRNA-seq,mixed nonviral cirrhosis,Supplementary Table 16,supplementary file,TRUE,REUSED,MESOTHELIAL; positive cluster marker (avg_logFC>0); external only outside GSE136103
RAM2019_MES_MESOTHELIAL,Ramachandran2019_Nature,mesothelial marker program,mesenchymal_hsc_myofibroblast,PTGIS,UP_IN_STATE,GSE136103,scRNA-seq,mixed nonviral cirrhosis,Supplementary Table 16,supplementary file,TRUE,REUSED,MESOTHELIAL; positive cluster marker (avg_logFC>0); external only outside GSE136103
RAM2019_MES_MESOTHELIAL,Ramachandran2019_Nature,mesothelial marker program,mesenchymal_hsc_myofibroblast,KRT8,UP_IN_STATE,GSE136103,scRNA-seq,mixed nonviral cirrhosis,Supplementary Table 16,supplementary file,TRUE,REUSED,MESOTHELIAL; positive cluster marker (avg_logFC>0); external only outside GSE136103
RAM2019_MES_MESOTHELIAL,Ramachandran2019_Nature,mesothelial marker program,mesenchymal_hsc_myofibroblast,CFB,UP_IN_STATE,GSE136103,scRNA-seq,mixed nonviral cirrhosis,Supplementary Table 16,supplementary file,TRUE,REUSED,MESOTHELIAL; positive cluster marker (avg_logFC>0); external only outside GSE136103
RAM2019_MES_MESOTHELIAL,Ramachandran2019_Nature,mesothelial marker program,mesenchymal_hsc_myofibroblast,RPS12,UP_IN_STATE,GSE136103,scRNA-seq,mixed nonviral cirrhosis,Supplementary Table 16,supplementary file,TRUE,REUSED,MESOTHELIAL; positive cluster marker (avg_logFC>0); external only outside GSE136103
RAM2019_MES_MESOTHELIAL,Ramachandran2019_Nature,mesothelial marker program,mesenchymal_hsc_myofibroblast,RPS17,UP_IN_STATE,GSE136103,scRNA-seq,mixed nonviral cirrhosis,Supplementary Table 16,supplementary file,TRUE,REUSED,MESOTHELIAL; positive cluster marker (avg_logFC>0); external only outside GSE136103
RAM2019_MES_MESOTHELIAL,Ramachandran2019_Nature,mesothelial marker program,mesenchymal_hsc_myofibroblast,LY6E,UP_IN_STATE,GSE136103,scRNA-seq,mixed nonviral cirrhosis,Supplementary Table 16,supplementary file,TRUE,REUSED,MESOTHELIAL; positive cluster marker (avg_logFC>0); external only outside GSE136103
RAM2019_MES_MESOTHELIAL,Ramachandran2019_Nature,mesothelial marker program,mesenchymal_hsc_myofibroblast,RPL37,UP_IN_STATE,GSE136103,scRNA-seq,mixed nonviral cirrhosis,Supplementary Table 16,supplementary file,TRUE,REUSED,MESOTHELIAL; positive cluster marker (avg_logFC>0); external only outside GSE136103
RAM2019_MES_MESOTHELIAL,Ramachandran2019_Nature,mesothelial marker program,mesenchymal_hsc_myofibroblast,NNMT,UP_IN_STATE,GSE136103,scRNA-seq,mixed nonviral cirrhosis,Supplementary Table 16,supplementary file,TRUE,REUSED,MESOTHELIAL; positive cluster marker (avg_logFC>0); external only outside GSE136103
RAM2019_MES_MESOTHELIAL,Ramachandran2019_Nature,mesothelial marker program,mesenchymal_hsc_myofibroblast,KLK11,UP_IN_STATE,GSE136103,scRNA-seq,mixed nonviral cirrhosis,Supplementary Table 16,supplementary file,TRUE,REUSED,MESOTHELIAL; positive cluster marker (avg_logFC>0); external only outside GSE136103
RAM2019_MES_MESOTHELIAL,Ramachandran2019_Nature,mesothelial marker program,mesenchymal_hsc_myofibroblast,RPLP1,UP_IN_STATE,GSE136103,scRNA-seq,mixed nonviral cirrhosis,Supplementary Table 16,supplementary file,TRUE,REUSED,MESOTHELIAL; positive cluster marker (avg_logFC>0); external only outside GSE136103
RAM2019_MES_MESOTHELIAL,Ramachandran2019_Nature,mesothelial marker program,mesenchymal_hsc_myofibroblast,TIMP1,UP_IN_STATE,GSE136103,scRNA-seq,mixed nonviral cirrhosis,Supplementary Table 16,supplementary file,TRUE,REUSED,MESOTHELIAL; positive cluster marker (avg_logFC>0); external only outside GSE136103
RAM2019_MES_MESOTHELIAL,Ramachandran2019_Nature,mesothelial marker program,mesenchymal_hsc_myofibroblast,RPL36A,UP_IN_STATE,GSE136103,scRNA-seq,mixed nonviral cirrhosis,Supplementary Table 16,supplementary file,TRUE,REUSED,MESOTHELIAL; positive cluster marker (avg_logFC>0); external only outside GSE136103
RAM2019_MES_MESOTHELIAL,Ramachandran2019_Nature,mesothelial marker program,mesenchymal_hsc_myofibroblast,RPL28,UP_IN_STATE,GSE136103,scRNA-seq,mixed nonviral cirrhosis,Supplementary Table 16,supplementary file,TRUE,REUSED,MESOTHELIAL; positive cluster marker (avg_logFC>0); external only outside GSE136103
RAM2019_MES_MESOTHELIAL,Ramachandran2019_Nature,mesothelial marker program,mesenchymal_hsc_myofibroblast,MIF,UP_IN_STATE,GSE136103,scRNA-seq,mixed nonviral cirrhosis,Supplementary Table 16,supplementary file,TRUE,REUSED,MESOTHELIAL; positive cluster marker (avg_logFC>0); external only outside GSE136103
RAM2019_MES_MESOTHELIAL,Ramachandran2019_Nature,mesothelial marker program,mesenchymal_hsc_myofibroblast,RPL39,UP_IN_STATE,GSE136103,scRNA-seq,mixed nonviral cirrhosis,Supplementary Table 16,supplementary file,TRUE,REUSED,MESOTHELIAL; positive cluster marker (avg_logFC>0); external only outside GSE136103
RAM2019_MES_MESOTHELIAL,Ramachandran2019_Nature,mesothelial marker program,mesenchymal_hsc_myofibroblast,RARRES2,UP_IN_STATE,GSE136103,scRNA-seq,mixed nonviral cirrhosis,Supplementary Table 16,supplementary file,TRUE,REUSED,MESOTHELIAL; positive cluster marker (avg_logFC>0); external only outside GSE136103
RAM2019_MES_MESOTHELIAL,Ramachandran2019_Nature,mesothelial marker program,mesenchymal_hsc_myofibroblast,RPS29,UP_IN_STATE,GSE136103,scRNA-seq,mixed nonviral cirrhosis,Supplementary Table 16,supplementary file,TRUE,REUSED,MESOTHELIAL; positive cluster marker (avg_logFC>0); external only outside GSE136103
RAM2019_MES_MESOTHELIAL,Ramachandran2019_Nature,mesothelial marker program,mesenchymal_hsc_myofibroblast,RPL36,UP_IN_STATE,GSE136103,scRNA-seq,mixed nonviral cirrhosis,Supplementary Table 16,supplementary file,TRUE,REUSED,MESOTHELIAL; positive cluster marker (avg_logFC>0); external only outside GSE136103
RAM2019_MES_MESOTHELIAL,Ramachandran2019_Nature,mesothelial marker program,mesenchymal_hsc_myofibroblast,RPS28,UP_IN_STATE,GSE136103,scRNA-seq,mixed nonviral cirrhosis,Supplementary Table 16,supplementary file,TRUE,REUSED,MESOTHELIAL; positive cluster marker (avg_logFC>0); external only outside GSE136103
RAM2019_MES_MESOTHELIAL,Ramachandran2019_Nature,mesothelial marker program,mesenchymal_hsc_myofibroblast,HP,UP_IN_STATE,GSE136103,scRNA-seq,mixed nonviral cirrhosis,Supplementary Table 16,supplementary file,TRUE,REUSED,MESOTHELIAL; positive cluster marker (avg_logFC>0); external only outside GSE136103
RAM2019_MES_MESOTHELIAL,Ramachandran2019_Nature,mesothelial marker program,mesenchymal_hsc_myofibroblast,TMEM176A,UP_IN_STATE,GSE136103,scRNA-seq,mixed nonviral cirrhosis,Supplementary Table 16,supplementary file,TRUE,REUSED,MESOTHELIAL; positive cluster marker (avg_logFC>0); external only outside GSE136103
RAM2019_MES_MESOTHELIAL,Ramachandran2019_Nature,mesothelial marker program,mesenchymal_hsc_myofibroblast,RPL12,UP_IN_STATE,GSE136103,scRNA-seq,mixed nonviral cirrhosis,Supplementary Table 16,supplementary file,TRUE,REUSED,MESOTHELIAL; positive cluster marker (avg_logFC>0); external only outside GSE136103
RAM2019_MES_MESOTHELIAL,Ramachandran2019_Nature,mesothelial marker program,mesenchymal_hsc_myofibroblast,DAB2,UP_IN_STATE,GSE136103,scRNA-seq,mixed nonviral cirrhosis,Supplementary Table 16,supplementary file,TRUE,REUSED,MESOTHELIAL; positive cluster marker (avg_logFC>0); external only outside GSE136103
RAM2019_MES_MESOTHELIAL,Ramachandran2019_Nature,mesothelial marker program,mesenchymal_hsc_myofibroblast,RPLP0,UP_IN_STATE,GSE136103,scRNA-seq,mixed nonviral cirrhosis,Supplementary Table 16,supplementary file,TRUE,REUSED,MESOTHELIAL; positive cluster marker (avg_logFC>0); external only outside GSE136103
RAM2019_MES_MESOTHELIAL,Ramachandran2019_Nature,mesothelial marker program,mesenchymal_hsc_myofibroblast,PDPN,UP_IN_STATE,GSE136103,scRNA-seq,mixed nonviral cirrhosis,Supplementary Table 16,supplementary file,TRUE,REUSED,MESOTHELIAL; positive cluster marker (avg_logFC>0); external only outside GSE136103
RAM2019_MES_MESOTHELIAL,Ramachandran2019_Nature,mesothelial marker program,mesenchymal_hsc_myofibroblast,AQP1,UP_IN_STATE,GSE136103,scRNA-seq,mixed nonviral cirrhosis,Supplementary Table 16,supplementary file,TRUE,REUSED,MESOTHELIAL; positive cluster marker (avg_logFC>0); external only outside GSE136103
RAM2019_MES_MESOTHELIAL,Ramachandran2019_Nature,mesothelial marker program,mesenchymal_hsc_myofibroblast,C19orf33,UP_IN_STATE,GSE136103,scRNA-seq,mixed nonviral cirrhosis,Supplementary Table 16,supplementary file,TRUE,REUSED,MESOTHELIAL; positive cluster marker (avg_logFC>0); external only outside GSE136103
RAM2019_MES_MESOTHELIAL,Ramachandran2019_Nature,mesothelial marker program,mesenchymal_hsc_myofibroblast,ANXA2,UP_IN_STATE,GSE136103,scRNA-seq,mixed nonviral cirrhosis,Supplementary Table 16,supplementary file,TRUE,REUSED,MESOTHELIAL; positive cluster marker (avg_logFC>0); external only outside GSE136103
RAM2019_MES_MESOTHELIAL,Ramachandran2019_Nature,mesothelial marker program,mesenchymal_hsc_myofibroblast,SOD2,UP_IN_STATE,GSE136103,scRNA-seq,mixed nonviral cirrhosis,Supplementary Table 16,supplementary file,TRUE,REUSED,MESOTHELIAL; positive cluster marker (avg_logFC>0); external only outside GSE136103
RAM2019_MES_MESOTHELIAL,Ramachandran2019_Nature,mesothelial marker program,mesenchymal_hsc_myofibroblast,CLDN1,UP_IN_STATE,GSE136103,scRNA-seq,mixed nonviral cirrhosis,Supplementary Table 16,supplementary file,TRUE,REUSED,MESOTHELIAL; positive cluster marker (avg_logFC>0); external only outside GSE136103
RAM2019_MES_MESOTHELIAL,Ramachandran2019_Nature,mesothelial marker program,mesenchymal_hsc_myofibroblast,RPL26,UP_IN_STATE,GSE136103,scRNA-seq,mixed nonviral cirrhosis,Supplementary Table 16,supplementary file,TRUE,REUSED,MESOTHELIAL; positive cluster marker (avg_logFC>0); external only outside GSE136103
RAM2019_MES_MESOTHELIAL,Ramachandran2019_Nature,mesothelial marker program,mesenchymal_hsc_myofibroblast,VTN,UP_IN_STATE,GSE136103,scRNA-seq,mixed nonviral cirrhosis,Supplementary Table 16,supplementary file,TRUE,REUSED,MESOTHELIAL; positive cluster marker (avg_logFC>0); external only outside GSE136103
RAM2019_MES_MESOTHELIAL,Ramachandran2019_Nature,mesothelial marker program,mesenchymal_hsc_myofibroblast,FLRT2,UP_IN_STATE,GSE136103,scRNA-seq,mixed nonviral cirrhosis,Supplementary Table 16,supplementary file,TRUE,REUSED,MESOTHELIAL; positive cluster marker (avg_logFC>0); external only outside GSE136103
RAM2019_MES_MESOTHELIAL,Ramachandran2019_Nature,mesothelial marker program,mesenchymal_hsc_myofibroblast,RPL7A,UP_IN_STATE,GSE136103,scRNA-seq,mixed nonviral cirrhosis,Supplementary Table 16,supplementary file,TRUE,REUSED,MESOTHELIAL; positive cluster marker (avg_logFC>0); external only outside GSE136103
RAM2019_MES_MESOTHELIAL,Ramachandran2019_Nature,mesothelial marker program,mesenchymal_hsc_myofibroblast,EGFL6,UP_IN_STATE,GSE136103,scRNA-seq,mixed nonviral cirrhosis,Supplementary Table 16,supplementary file,TRUE,REUSED,MESOTHELIAL; positive cluster marker (avg_logFC>0); external only outside GSE136103
RAM2019_MES_MESOTHELIAL,Ramachandran2019_Nature,mesothelial marker program,mesenchymal_hsc_myofibroblast,KRT18,UP_IN_STATE,GSE136103,scRNA-seq,mixed nonviral cirrhosis,Supplementary Table 16,supplementary file,TRUE,REUSED,MESOTHELIAL; positive cluster marker (avg_logFC>0); external only outside GSE136103
RAM2019_MES_MESOTHELIAL,Ramachandran2019_Nature,mesothelial marker program,mesenchymal_hsc_myofibroblast,RPL13,UP_IN_STATE,GSE136103,scRNA-seq,mixed nonviral cirrhosis,Supplementary Table 16,supplementary file,TRUE,REUSED,MESOTHELIAL; positive cluster marker (avg_logFC>0); external only outside GSE136103
RAM2019_MES_MESOTHELIAL,Ramachandran2019_Nature,mesothelial marker program,mesenchymal_hsc_myofibroblast,GAS1,UP_IN_STATE,GSE136103,scRNA-seq,mixed nonviral cirrhosis,Supplementary Table 16,supplementary file,TRUE,REUSED,MESOTHELIAL; positive cluster marker (avg_logFC>0); external only outside GSE136103
RAM2019_MES_MESOTHELIAL,Ramachandran2019_Nature,mesothelial marker program,mesenchymal_hsc_myofibroblast,RPS20,UP_IN_STATE,GSE136103,scRNA-seq,mixed nonviral cirrhosis,Supplementary Table 16,supplementary file,TRUE,REUSED,MESOTHELIAL; positive cluster marker (avg_logFC>0); external only outside GSE136103
RAM2019_MES_MESOTHELIAL,Ramachandran2019_Nature,mesothelial marker program,mesenchymal_hsc_myofibroblast,MAF,UP_IN_STATE,GSE136103,scRNA-seq,mixed nonviral cirrhosis,Supplementary Table 16,supplementary file,TRUE,REUSED,MESOTHELIAL; positive cluster marker (avg_logFC>0); external only outside GSE136103
RAM2019_MES_MESOTHELIAL,Ramachandran2019_Nature,mesothelial marker program,mesenchymal_hsc_myofibroblast,TMEM176B,UP_IN_STATE,GSE136103,scRNA-seq,mixed nonviral cirrhosis,Supplementary Table 16,supplementary file,TRUE,REUSED,MESOTHELIAL; positive cluster marker (avg_logFC>0); external only outside GSE136103
RAM2019_MES_MESOTHELIAL,Ramachandran2019_Nature,mesothelial marker program,mesenchymal_hsc_myofibroblast,RPS24,UP_IN_STATE,GSE136103,scRNA-seq,mixed nonviral cirrhosis,Supplementary Table 16,supplementary file,TRUE,REUSED,MESOTHELIAL; positive cluster marker (avg_logFC>0); external only outside GSE136103
RAM2019_MES_MESOTHELIAL,Ramachandran2019_Nature,mesothelial marker program,mesenchymal_hsc_myofibroblast,CYB5A,UP_IN_STATE,GSE136103,scRNA-seq,mixed nonviral cirrhosis,Supplementary Table 16,supplementary file,TRUE,REUSED,MESOTHELIAL; positive cluster marker (avg_logFC>0); external only outside GSE136103
RAM2019_MES_MESOTHELIAL,Ramachandran2019_Nature,mesothelial marker program,mesenchymal_hsc_myofibroblast,TMSB10,UP_IN_STATE,GSE136103,scRNA-seq,mixed nonviral cirrhosis,Supplementary Table 16,supplementary file,TRUE,REUSED,MESOTHELIAL; positive cluster marker (avg_logFC>0); external only outside GSE136103
RAM2019_MES_MESOTHELIAL,Ramachandran2019_Nature,mesothelial marker program,mesenchymal_hsc_myofibroblast,RPL37A,UP_IN_STATE,GSE136103,scRNA-seq,mixed nonviral cirrhosis,Supplementary Table 16,supplementary file,TRUE,REUSED,MESOTHELIAL; positive cluster marker (avg_logFC>0); external only outside GSE136103
RAM2019_MES_MESOTHELIAL,Ramachandran2019_Nature,mesothelial marker program,mesenchymal_hsc_myofibroblast,RPS18,UP_IN_STATE,GSE136103,scRNA-seq,mixed nonviral cirrhosis,Supplementary Table 16,supplementary file,TRUE,REUSED,MESOTHELIAL; positive cluster marker (avg_logFC>0); external only outside GSE136103
RAM2019_MES_MESOTHELIAL,Ramachandran2019_Nature,mesothelial marker program,mesenchymal_hsc_myofibroblast,SERPING1,UP_IN_STATE,GSE136103,scRNA-seq,mixed nonviral cirrhosis,Supplementary Table 16,supplementary file,TRUE,REUSED,MESOTHELIAL; positive cluster marker (avg_logFC>0); external only outside GSE136103
RAM2019_MES_MESOTHELIAL,Ramachandran2019_Nature,mesothelial marker program,mesenchymal_hsc_myofibroblast,RPS2,UP_IN_STATE,GSE136103,scRNA-seq,mixed nonviral cirrhosis,Supplementary Table 16,supplementary file,TRUE,REUSED,MESOTHELIAL; positive cluster marker (avg_logFC>0); external only outside GSE136103
RAM2019_MES_MESOTHELIAL,Ramachandran2019_Nature,mesothelial marker program,mesenchymal_hsc_myofibroblast,NPC2,UP_IN_STATE,GSE136103,scRNA-seq,mixed nonviral cirrhosis,Supplementary Table 16,supplementary file,TRUE,REUSED,MESOTHELIAL; positive cluster marker (avg_logFC>0); external only outside GSE136103
RAM2019_MES_MESOTHELIAL,Ramachandran2019_Nature,mesothelial marker program,mesenchymal_hsc_myofibroblast,RPL13A,UP_IN_STATE,GSE136103,scRNA-seq,mixed nonviral cirrhosis,Supplementary Table 16,supplementary file,TRUE,REUSED,MESOTHELIAL; positive cluster marker (avg_logFC>0); external only outside GSE136103
RAM2019_MES_MESOTHELIAL,Ramachandran2019_Nature,mesothelial marker program,mesenchymal_hsc_myofibroblast,RPS21,UP_IN_STATE,GSE136103,scRNA-seq,mixed nonviral cirrhosis,Supplementary Table 16,supplementary file,TRUE,REUSED,MESOTHELIAL; positive cluster marker (avg_logFC>0); external only outside GSE136103
RAM2019_MES_MESOTHELIAL,Ramachandran2019_Nature,mesothelial marker program,mesenchymal_hsc_myofibroblast,COL8A1,UP_IN_STATE,GSE136103,scRNA-seq,mixed nonviral cirrhosis,Supplementary Table 16,supplementary file,TRUE,REUSED,MESOTHELIAL; positive cluster marker (avg_logFC>0); external only outside GSE136103
RAM2019_MES_MESOTHELIAL,Ramachandran2019_Nature,mesothelial marker program,mesenchymal_hsc_myofibroblast,PROCR,UP_IN_STATE,GSE136103,scRNA-seq,mixed nonviral cirrhosis,Supplementary Table 16,supplementary file,TRUE,REUSED,MESOTHELIAL; positive cluster marker (avg_logFC>0); external only outside GSE136103
RAM2019_MES_MESOTHELIAL,Ramachandran2019_Nature,mesothelial marker program,mesenchymal_hsc_myofibroblast,VAMP8,UP_IN_STATE,GSE136103,scRNA-seq,mixed nonviral cirrhosis,Supplementary Table 16,supplementary file,TRUE,REUSED,MESOTHELIAL; positive cluster marker (avg_logFC>0); external only outside GSE136103
RAM2019_MES_MESOTHELIAL,Ramachandran2019_Nature,mesothelial marker program,mesenchymal_hsc_myofibroblast,RPL41,UP_IN_STATE,GSE136103,scRNA-seq,mixed nonviral cirrhosis,Supplementary Table 16,supplementary file,TRUE,REUSED,MESOTHELIAL; positive cluster marker (avg_logFC>0); external only outside GSE136103
RAM2019_MES_MESOTHELIAL,Ramachandran2019_Nature,mesothelial marker program,mesenchymal_hsc_myofibroblast,RARRES1,UP_IN_STATE,GSE136103,scRNA-seq,mixed nonviral cirrhosis,Supplementary Table 16,supplementary file,TRUE,REUSED,MESOTHELIAL; positive cluster marker (avg_logFC>0); external only outside GSE136103
RAM2019_MES_MESOTHELIAL,Ramachandran2019_Nature,mesothelial marker program,mesenchymal_hsc_myofibroblast,PDZK1IP1,UP_IN_STATE,GSE136103,scRNA-seq,mixed nonviral cirrhosis,Supplementary Table 16,supplementary file,TRUE,REUSED,MESOTHELIAL; positive cluster marker (avg_logFC>0); external only outside GSE136103
RAM2019_MES_MESOTHELIAL,Ramachandran2019_Nature,mesothelial marker program,mesenchymal_hsc_myofibroblast,C4orf48,UP_IN_STATE,GSE136103,scRNA-seq,mixed nonviral cirrhosis,Supplementary Table 16,supplementary file,TRUE,REUSED,MESOTHELIAL; positive cluster marker (avg_logFC>0); external only outside GSE136103
RAM2019_MES_MESOTHELIAL,Ramachandran2019_Nature,mesothelial marker program,mesenchymal_hsc_myofibroblast,RPL34,UP_IN_STATE,GSE136103,scRNA-seq,mixed nonviral cirrhosis,Supplementary Table 16,supplementary file,TRUE,REUSED,MESOTHELIAL; positive cluster marker (avg_logFC>0); external only outside GSE136103
RAM2019_MES_MESOTHELIAL,Ramachandran2019_Nature,mesothelial marker program,mesenchymal_hsc_myofibroblast,RPL31,UP_IN_STATE,GSE136103,scRNA-seq,mixed nonviral cirrhosis,Supplementary Table 16,supplementary file,TRUE,REUSED,MESOTHELIAL; positive cluster marker (avg_logFC>0); external only outside GSE136103
RAM2019_MES_MESOTHELIAL,Ramachandran2019_Nature,mesothelial marker program,mesenchymal_hsc_myofibroblast,ITLN1,UP_IN_STATE,GSE136103,scRNA-seq,mixed nonviral cirrhosis,Supplementary Table 16,supplementary file,TRUE,REUSED,MESOTHELIAL; positive cluster marker (avg_logFC>0); external only outside GSE136103
RAM2019_MES_MESOTHELIAL,Ramachandran2019_Nature,mesothelial marker program,mesenchymal_hsc_myofibroblast,TMEM98,UP_IN_STATE,GSE136103,scRNA-seq,mixed nonviral cirrhosis,Supplementary Table 16,supplementary file,TRUE,REUSED,MESOTHELIAL; positive cluster marker (avg_logFC>0); external only outside GSE136103
RAM2019_MES_MESOTHELIAL,Ramachandran2019_Nature,mesothelial marker program,mesenchymal_hsc_myofibroblast,GPX1,UP_IN_STATE,GSE136103,scRNA-seq,mixed nonviral cirrhosis,Supplementary Table 16,supplementary file,TRUE,REUSED,MESOTHELIAL; positive cluster marker (avg_logFC>0); external only outside GSE136103
RAM2019_MES_MESOTHELIAL,Ramachandran2019_Nature,mesothelial marker program,mesenchymal_hsc_myofibroblast,PPIB,UP_IN_STATE,GSE136103,scRNA-seq,mixed nonviral cirrhosis,Supplementary Table 16,supplementary file,TRUE,REUSED,MESOTHELIAL; positive cluster marker (avg_logFC>0); external only outside GSE136103
RAM2019_MES_MESOTHELIAL,Ramachandran2019_Nature,mesothelial marker program,mesenchymal_hsc_myofibroblast,CFI,UP_IN_STATE,GSE136103,scRNA-seq,mixed nonviral cirrhosis,Supplementary Table 16,supplementary file,TRUE,REUSED,MESOTHELIAL; positive cluster marker (avg_logFC>0); external only outside GSE136103
RAM2019_MES_MESOTHELIAL,Ramachandran2019_Nature,mesothelial marker program,mesenchymal_hsc_myofibroblast,TSTD1,UP_IN_STATE,GSE136103,scRNA-seq,mixed nonviral cirrhosis,Supplementary Table 16,supplementary file,TRUE,REUSED,MESOTHELIAL; positive cluster marker (avg_logFC>0); external only outside GSE136103
RAM2019_MES_MESOTHELIAL,Ramachandran2019_Nature,mesothelial marker program,mesenchymal_hsc_myofibroblast,LXN,UP_IN_STATE,GSE136103,scRNA-seq,mixed nonviral cirrhosis,Supplementary Table 16,supplementary file,TRUE,REUSED,MESOTHELIAL; positive cluster marker (avg_logFC>0); external only outside GSE136103
RAM2019_MES_MESOTHELIAL,Ramachandran2019_Nature,mesothelial marker program,mesenchymal_hsc_myofibroblast,HINT1,UP_IN_STATE,GSE136103,scRNA-seq,mixed nonviral cirrhosis,Supplementary Table 16,supplementary file,TRUE,REUSED,MESOTHELIAL; positive cluster marker (avg_logFC>0); external only outside GSE136103
RAM2019_MES_MESOTHELIAL,Ramachandran2019_Nature,mesothelial marker program,mesenchymal_hsc_myofibroblast,RAMP1,UP_IN_STATE,GSE136103,scRNA-seq,mixed nonviral cirrhosis,Supplementary Table 16,supplementary file,TRUE,REUSED,MESOTHELIAL; positive cluster marker (avg_logFC>0); external only outside GSE136103
RAM2019_MES_MESOTHELIAL,Ramachandran2019_Nature,mesothelial marker program,mesenchymal_hsc_myofibroblast,RPS15A,UP_IN_STATE,GSE136103,scRNA-seq,mixed nonviral cirrhosis,Supplementary Table 16,supplementary file,TRUE,REUSED,MESOTHELIAL; positive cluster marker (avg_logFC>0); external only outside GSE136103
RAM2019_MES_MESOTHELIAL,Ramachandran2019_Nature,mesothelial marker program,mesenchymal_hsc_myofibroblast,S100A16,UP_IN_STATE,GSE136103,scRNA-seq,mixed nonviral cirrhosis,Supplementary Table 16,supplementary file,TRUE,REUSED,MESOTHELIAL; positive cluster marker (avg_logFC>0); external only outside GSE136103
RAM2019_MES_MESOTHELIAL,Ramachandran2019_Nature,mesothelial marker program,mesenchymal_hsc_myofibroblast,S100A6,UP_IN_STATE,GSE136103,scRNA-seq,mixed nonviral cirrhosis,Supplementary Table 16,supplementary file,TRUE,REUSED,MESOTHELIAL; positive cluster marker (avg_logFC>0); external only outside GSE136103
RAM2019_MES_MESOTHELIAL,Ramachandran2019_Nature,mesothelial marker program,mesenchymal_hsc_myofibroblast,RPS3,UP_IN_STATE,GSE136103,scRNA-seq,mixed nonviral cirrhosis,Supplementary Table 16,supplementary file,TRUE,REUSED,MESOTHELIAL; positive cluster marker (avg_logFC>0); external only outside GSE136103
RAM2019_MES_MESOTHELIAL,Ramachandran2019_Nature,mesothelial marker program,mesenchymal_hsc_myofibroblast,STEAP1,UP_IN_STATE,GSE136103,scRNA-seq,mixed nonviral cirrhosis,Supplementary Table 16,supplementary file,TRUE,REUSED,MESOTHELIAL; positive cluster marker (avg_logFC>0); external only outside GSE136103
RAM2019_MES_MESOTHELIAL,Ramachandran2019_Nature,mesothelial marker program,mesenchymal_hsc_myofibroblast,IL1R1,UP_IN_STATE,GSE136103,scRNA-seq,mixed nonviral cirrhosis,Supplementary Table 16,supplementary file,TRUE,REUSED,MESOTHELIAL; positive cluster marker (avg_logFC>0); external only outside GSE136103
RAM2019_MES_MESOTHELIAL,Ramachandran2019_Nature,mesothelial marker program,mesenchymal_hsc_myofibroblast,ZFAS1,UP_IN_STATE,GSE136103,scRNA-seq,mixed nonviral cirrhosis,Supplementary Table 16,supplementary file,TRUE,REUSED,MESOTHELIAL; positive cluster marker (avg_logFC>0); external only outside GSE136103
RAM2019_MES_MESOTHELIAL,Ramachandran2019_Nature,mesothelial marker program,mesenchymal_hsc_myofibroblast,PTP4A2,UP_IN_STATE,GSE136103,scRNA-seq,mixed nonviral cirrhosis,Supplementary Table 16,supplementary file,TRUE,REUSED,MESOTHELIAL; positive cluster marker (avg_logFC>0); external only outside GSE136103
RAM2019_MES_MESOTHELIAL,Ramachandran2019_Nature,mesothelial marker program,mesenchymal_hsc_myofibroblast,RPL29,UP_IN_STATE,GSE136103,scRNA-seq,mixed nonviral cirrhosis,Supplementary Table 16,supplementary file,TRUE,REUSED,MESOTHELIAL; positive cluster marker (avg_logFC>0); external only outside GSE136103
RAM2019_MES_MESOTHELIAL,Ramachandran2019_Nature,mesothelial marker program,mesenchymal_hsc_myofibroblast,RPL11,UP_IN_STATE,GSE136103,scRNA-seq,mixed nonviral cirrhosis,Supplementary Table 16,supplementary file,TRUE,REUSED,MESOTHELIAL; positive cluster marker (avg_logFC>0); external only outside GSE136103
RAM2019_MES_MESOTHELIAL,Ramachandran2019_Nature,mesothelial marker program,mesenchymal_hsc_myofibroblast,DONSON,UP_IN_STATE,GSE136103,scRNA-seq,mixed nonviral cirrhosis,Supplementary Table 16,supplementary file,TRUE,REUSED,MESOTHELIAL; positive cluster marker (avg_logFC>0); external only outside GSE136103
RAM2019_MES_MESOTHELIAL,Ramachandran2019_Nature,mesothelial marker program,mesenchymal_hsc_myofibroblast,WT1,UP_IN_STATE,GSE136103,scRNA-seq,mixed nonviral cirrhosis,Supplementary Table 16,supplementary file,TRUE,REUSED,MESOTHELIAL; positive cluster marker (avg_logFC>0); external only outside GSE136103
RAM2019_MES_MESOTHELIAL,Ramachandran2019_Nature,mesothelial marker program,mesenchymal_hsc_myofibroblast,ANXA1,UP_IN_STATE,GSE136103,scRNA-seq,mixed nonviral cirrhosis,Supplementary Table 16,supplementary file,TRUE,REUSED,MESOTHELIAL; positive cluster marker (avg_logFC>0); external only outside GSE136103
RAM2019_MES_MESOTHELIAL,Ramachandran2019_Nature,mesothelial marker program,mesenchymal_hsc_myofibroblast,CP,UP_IN_STATE,GSE136103,scRNA-seq,mixed nonviral cirrhosis,Supplementary Table 16,supplementary file,TRUE,REUSED,MESOTHELIAL; positive cluster marker (avg_logFC>0); external only outside GSE136103
RAM2019_MES_MESOTHELIAL,Ramachandran2019_Nature,mesothelial marker program,mesenchymal_hsc_myofibroblast,ST3GAL5,UP_IN_STATE,GSE136103,scRNA-seq,mixed nonviral cirrhosis,Supplementary Table 16,supplementary file,TRUE,REUSED,MESOTHELIAL; positive cluster marker (avg_logFC>0); external only outside GSE136103
RAM2019_MES_MESOTHELIAL,Ramachandran2019_Nature,mesothelial marker program,mesenchymal_hsc_myofibroblast,GALNT1,UP_IN_STATE,GSE136103,scRNA-seq,mixed nonviral cirrhosis,Supplementary Table 16,supplementary file,TRUE,REUSED,MESOTHELIAL; positive cluster marker (avg_logFC>0); external only outside GSE136103
RAM2019_MES_MESOTHELIAL,Ramachandran2019_Nature,mesothelial marker program,mesenchymal_hsc_myofibroblast,EZR,UP_IN_STATE,GSE136103,scRNA-seq,mixed nonviral cirrhosis,Supplementary Table 16,supplementary file,TRUE,REUSED,MESOTHELIAL; positive cluster marker (avg_logFC>0); external only outside GSE136103
RAM2019_MES_MESOTHELIAL,Ramachandran2019_Nature,mesothelial marker program,mesenchymal_hsc_myofibroblast,RPSA,UP_IN_STATE,GSE136103,scRNA-seq,mixed nonviral cirrhosis,Supplementary Table 16,supplementary file,TRUE,REUSED,MESOTHELIAL; positive cluster marker (avg_logFC>0); external only outside GSE136103
RAM2019_MES_MESOTHELIAL,Ramachandran2019_Nature,mesothelial marker program,mesenchymal_hsc_myofibroblast,C1S,UP_IN_STATE,GSE136103,scRNA-seq,mixed nonviral cirrhosis,Supplementary Table 16,supplementary file,TRUE,REUSED,MESOTHELIAL; positive cluster marker (avg_logFC>0); external only outside GSE136103
RAM2019_MES_MESOTHELIAL,Ramachandran2019_Nature,mesothelial marker program,mesenchymal_hsc_myofibroblast,C1R,UP_IN_STATE,GSE136103,scRNA-seq,mixed nonviral cirrhosis,Supplementary Table 16,supplementary file,TRUE,REUSED,MESOTHELIAL; positive cluster marker (avg_logFC>0); external only outside GSE136103
RAM2019_MES_MESOTHELIAL,Ramachandran2019_Nature,mesothelial marker program,mesenchymal_hsc_myofibroblast,POLR2L,UP_IN_STATE,GSE136103,scRNA-seq,mixed nonviral cirrhosis,Supplementary Table 16,supplementary file,TRUE,REUSED,MESOTHELIAL; positive cluster marker (avg_logFC>0); external only outside GSE136103
RAM2019_MES_MESOTHELIAL,Ramachandran2019_Nature,mesothelial marker program,mesenchymal_hsc_myofibroblast,RPS6,UP_IN_STATE,GSE136103,scRNA-seq,mixed nonviral cirrhosis,Supplementary Table 16,supplementary file,TRUE,REUSED,MESOTHELIAL; positive cluster marker (avg_logFC>0); external only outside GSE136103
RAM2019_MES_MESOTHELIAL,Ramachandran2019_Nature,mesothelial marker program,mesenchymal_hsc_myofibroblast,RPL3,UP_IN_STATE,GSE136103,scRNA-seq,mixed nonviral cirrhosis,Supplementary Table 16,supplementary file,TRUE,REUSED,MESOTHELIAL; positive cluster marker (avg_logFC>0); external only outside GSE136103
RAM2019_MES_MESOTHELIAL,Ramachandran2019_Nature,mesothelial marker program,mesenchymal_hsc_myofibroblast,RPS16,UP_IN_STATE,GSE136103,scRNA-seq,mixed nonviral cirrhosis,Supplementary Table 16,supplementary file,TRUE,REUSED,MESOTHELIAL; positive cluster marker (avg_logFC>0); external only outside GSE136103
RAM2019_MES_MESOTHELIAL,Ramachandran2019_Nature,mesothelial marker program,mesenchymal_hsc_myofibroblast,FKBP11,UP_IN_STATE,GSE136103,scRNA-seq,mixed nonviral cirrhosis,Supplementary Table 16,supplementary file,TRUE,REUSED,MESOTHELIAL; positive cluster marker (avg_logFC>0); external only outside GSE136103
RAM2019_MES_MESOTHELIAL,Ramachandran2019_Nature,mesothelial marker program,mesenchymal_hsc_myofibroblast,TOMM7,UP_IN_STATE,GSE136103,scRNA-seq,mixed nonviral cirrhosis,Supplementary Table 16,supplementary file,TRUE,REUSED,MESOTHELIAL; positive cluster marker (avg_logFC>0); external only outside GSE136103
RAM2019_MES_MESOTHELIAL,Ramachandran2019_Nature,mesothelial marker program,mesenchymal_hsc_myofibroblast,FAM153B,UP_IN_STATE,GSE136103,scRNA-seq,mixed nonviral cirrhosis,Supplementary Table 16,supplementary file,TRUE,REUSED,MESOTHELIAL; positive cluster marker (avg_logFC>0); external only outside GSE136103
RAM2019_MES_MESOTHELIAL,Ramachandran2019_Nature,mesothelial marker program,mesenchymal_hsc_myofibroblast,RPS27,UP_IN_STATE,GSE136103,scRNA-seq,mixed nonviral cirrhosis,Supplementary Table 16,supplementary file,TRUE,REUSED,MESOTHELIAL; positive cluster marker (avg_logFC>0); external only outside GSE136103
RAM2019_MES_MESOTHELIAL,Ramachandran2019_Nature,mesothelial marker program,mesenchymal_hsc_myofibroblast,DMKN,UP_IN_STATE,GSE136103,scRNA-seq,mixed nonviral cirrhosis,Supplementary Table 16,supplementary file,TRUE,REUSED,MESOTHELIAL; positive cluster marker (avg_logFC>0); external only outside GSE136103
RAM2019_MES_MESOTHELIAL,Ramachandran2019_Nature,mesothelial marker program,mesenchymal_hsc_myofibroblast,MT1F,UP_IN_STATE,GSE136103,scRNA-seq,mixed nonviral cirrhosis,Supplementary Table 16,supplementary file,TRUE,REUSED,MESOTHELIAL; positive cluster marker (avg_logFC>0); external only outside GSE136103
RAM2019_MES_MESOTHELIAL,Ramachandran2019_Nature,mesothelial marker program,mesenchymal_hsc_myofibroblast,TSPAN4,UP_IN_STATE,GSE136103,scRNA-seq,mixed nonviral cirrhosis,Supplementary Table 16,supplementary file,TRUE,REUSED,MESOTHELIAL; positive cluster marker (avg_logFC>0); external only outside GSE136103
RAM2019_MES_MESOTHELIAL,Ramachandran2019_Nature,mesothelial marker program,mesenchymal_hsc_myofibroblast,RPS23,UP_IN_STATE,GSE136103,scRNA-seq,mixed nonviral cirrhosis,Supplementary Table 16,supplementary file,TRUE,REUSED,MESOTHELIAL; positive cluster marker (avg_logFC>0); external only outside GSE136103
RAM2019_MES_MESOTHELIAL,Ramachandran2019_Nature,mesothelial marker program,mesenchymal_hsc_myofibroblast,HSBP1L1,UP_IN_STATE,GSE136103,scRNA-seq,mixed nonviral cirrhosis,Supplementary Table 16,supplementary file,TRUE,REUSED,MESOTHELIAL; positive cluster marker (avg_logFC>0); external only outside GSE136103
RAM2019_MES_MESOTHELIAL,Ramachandran2019_Nature,mesothelial marker program,mesenchymal_hsc_myofibroblast,OSR1,UP_IN_STATE,GSE136103,scRNA-seq,mixed nonviral cirrhosis,Supplementary Table 16,supplementary file,TRUE,REUSED,MESOTHELIAL; positive cluster marker (avg_logFC>0); external only outside GSE136103
RAM2019_MES_MESOTHELIAL,Ramachandran2019_Nature,mesothelial marker program,mesenchymal_hsc_myofibroblast,RPL10A,UP_IN_STATE,GSE136103,scRNA-seq,mixed nonviral cirrhosis,Supplementary Table 16,supplementary file,TRUE,REUSED,MESOTHELIAL; positive cluster marker (avg_logFC>0); external only outside GSE136103
RAM2019_MES_MESOTHELIAL,Ramachandran2019_Nature,mesothelial marker program,mesenchymal_hsc_myofibroblast,RPS14,UP_IN_STATE,GSE136103,scRNA-seq,mixed nonviral cirrhosis,Supplementary Table 16,supplementary file,TRUE,REUSED,MESOTHELIAL; positive cluster marker (avg_logFC>0); external only outside GSE136103
RAM2019_MES_MESOTHELIAL,Ramachandran2019_Nature,mesothelial marker program,mesenchymal_hsc_myofibroblast,SEZ6L2,UP_IN_STATE,GSE136103,scRNA-seq,mixed nonviral cirrhosis,Supplementary Table 16,supplementary file,TRUE,REUSED,MESOTHELIAL; positive cluster marker (avg_logFC>0); external only outside GSE136103
RAM2019_MES_MESOTHELIAL,Ramachandran2019_Nature,mesothelial marker program,mesenchymal_hsc_myofibroblast,RPS9,UP_IN_STATE,GSE136103,scRNA-seq,mixed nonviral cirrhosis,Supplementary Table 16,supplementary file,TRUE,REUSED,MESOTHELIAL; positive cluster marker (avg_logFC>0); external only outside GSE136103
RAM2019_MES_MESOTHELIAL,Ramachandran2019_Nature,mesothelial marker program,mesenchymal_hsc_myofibroblast,RPS19,UP_IN_STATE,GSE136103,scRNA-seq,mixed nonviral cirrhosis,Supplementary Table 16,supplementary file,TRUE,REUSED,MESOTHELIAL; positive cluster marker (avg_logFC>0); external only outside GSE136103
RAM2019_MES_MESOTHELIAL,Ramachandran2019_Nature,mesothelial marker program,mesenchymal_hsc_myofibroblast,LINC01133,UP_IN_STATE,GSE136103,scRNA-seq,mixed nonviral cirrhosis,Supplementary Table 16,supplementary file,TRUE,REUSED,MESOTHELIAL; positive cluster marker (avg_logFC>0); external only outside GSE136103
RAM2019_MES_MESOTHELIAL,Ramachandran2019_Nature,mesothelial marker program,mesenchymal_hsc_myofibroblast,RARRES3,UP_IN_STATE,GSE136103,scRNA-seq,mixed nonviral cirrhosis,Supplementary Table 16,supplementary file,TRUE,REUSED,MESOTHELIAL; positive cluster marker (avg_logFC>0); external only outside GSE136103
RAM2019_MES_MESOTHELIAL,Ramachandran2019_Nature,mesothelial marker program,mesenchymal_hsc_myofibroblast,RPL18A,UP_IN_STATE,GSE136103,scRNA-seq,mixed nonviral cirrhosis,Supplementary Table 16,supplementary file,TRUE,REUSED,MESOTHELIAL; positive cluster marker (avg_logFC>0); external only outside GSE136103
RAM2019_MES_MESOTHELIAL,Ramachandran2019_Nature,mesothelial marker program,mesenchymal_hsc_myofibroblast,CFH,UP_IN_STATE,GSE136103,scRNA-seq,mixed nonviral cirrhosis,Supplementary Table 16,supplementary file,TRUE,REUSED,MESOTHELIAL; positive cluster marker (avg_logFC>0); external only outside GSE136103
RAM2019_MES_MESOTHELIAL,Ramachandran2019_Nature,mesothelial marker program,mesenchymal_hsc_myofibroblast,SSR4,UP_IN_STATE,GSE136103,scRNA-seq,mixed nonviral cirrhosis,Supplementary Table 16,supplementary file,TRUE,REUSED,MESOTHELIAL; positive cluster marker (avg_logFC>0); external only outside GSE136103
RAM2019_MES_MESOTHELIAL,Ramachandran2019_Nature,mesothelial marker program,mesenchymal_hsc_myofibroblast,GYPC,UP_IN_STATE,GSE136103,scRNA-seq,mixed nonviral cirrhosis,Supplementary Table 16,supplementary file,TRUE,REUSED,MESOTHELIAL; positive cluster marker (avg_logFC>0); external only outside GSE136103
RAM2019_MES_MESOTHELIAL,Ramachandran2019_Nature,mesothelial marker program,mesenchymal_hsc_myofibroblast,LMAN1,UP_IN_STATE,GSE136103,scRNA-seq,mixed nonviral cirrhosis,Supplementary Table 16,supplementary file,TRUE,REUSED,MESOTHELIAL; positive cluster marker (avg_logFC>0); external only outside GSE136103
RAM2019_MES_MESOTHELIAL,Ramachandran2019_Nature,mesothelial marker program,mesenchymal_hsc_myofibroblast,RPS8,UP_IN_STATE,GSE136103,scRNA-seq,mixed nonviral cirrhosis,Supplementary Table 16,supplementary file,TRUE,REUSED,MESOTHELIAL; positive cluster marker (avg_logFC>0); external only outside GSE136103
RAM2019_MES_MESOTHELIAL,Ramachandran2019_Nature,mesothelial marker program,mesenchymal_hsc_myofibroblast,PLTP,UP_IN_STATE,GSE136103,scRNA-seq,mixed nonviral cirrhosis,Supplementary Table 16,supplementary file,TRUE,REUSED,MESOTHELIAL; positive cluster marker (avg_logFC>0); external only outside GSE136103
RAM2019_MES_MESOTHELIAL,Ramachandran2019_Nature,mesothelial marker program,mesenchymal_hsc_myofibroblast,SH3GLB1,UP_IN_STATE,GSE136103,scRNA-seq,mixed nonviral cirrhosis,Supplementary Table 16,supplementary file,TRUE,REUSED,MESOTHELIAL; positive cluster marker (avg_logFC>0); external only outside GSE136103
RAM2019_MES_MESOTHELIAL,Ramachandran2019_Nature,mesothelial marker program,mesenchymal_hsc_myofibroblast,TJP2,UP_IN_STATE,GSE136103,scRNA-seq,mixed nonviral cirrhosis,Supplementary Table 16,supplementary file,TRUE,REUSED,MESOTHELIAL; positive cluster marker (avg_logFC>0); external only outside GSE136103
RAM2019_MES_MESOTHELIAL,Ramachandran2019_Nature,mesothelial marker program,mesenchymal_hsc_myofibroblast,GNB2L1,UP_IN_STATE,GSE136103,scRNA-seq,mixed nonviral cirrhosis,Supplementary Table 16,supplementary file,TRUE,REUSED,MESOTHELIAL; positive cluster marker (avg_logFC>0); external only outside GSE136103
RAM2019_MES_MESOTHELIAL,Ramachandran2019_Nature,mesothelial marker program,mesenchymal_hsc_myofibroblast,MGST1,UP_IN_STATE,GSE136103,scRNA-seq,mixed nonviral cirrhosis,Supplementary Table 16,supplementary file,TRUE,REUSED,MESOTHELIAL; positive cluster marker (avg_logFC>0); external only outside GSE136103
RAM2019_MES_MESOTHELIAL,Ramachandran2019_Nature,mesothelial marker program,mesenchymal_hsc_myofibroblast,OCIAD2,UP_IN_STATE,GSE136103,scRNA-seq,mixed nonviral cirrhosis,Supplementary Table 16,supplementary file,TRUE,REUSED,MESOTHELIAL; positive cluster marker (avg_logFC>0); external only outside GSE136103
RAM2019_MES_MESOTHELIAL,Ramachandran2019_Nature,mesothelial marker program,mesenchymal_hsc_myofibroblast,CAPG,UP_IN_STATE,GSE136103,scRNA-seq,mixed nonviral cirrhosis,Supplementary Table 16,supplementary file,TRUE,REUSED,MESOTHELIAL; positive cluster marker (avg_logFC>0); external only outside GSE136103
RAM2019_MES_MESOTHELIAL,Ramachandran2019_Nature,mesothelial marker program,mesenchymal_hsc_myofibroblast,RPL38,UP_IN_STATE,GSE136103,scRNA-seq,mixed nonviral cirrhosis,Supplementary Table 16,supplementary file,TRUE,REUSED,MESOTHELIAL; positive cluster marker (avg_logFC>0); external only outside GSE136103
RAM2019_MES_MESOTHELIAL,Ramachandran2019_Nature,mesothelial marker program,mesenchymal_hsc_myofibroblast,FXYD5,UP_IN_STATE,GSE136103,scRNA-seq,mixed nonviral cirrhosis,Supplementary Table 16,supplementary file,TRUE,REUSED,MESOTHELIAL; positive cluster marker (avg_logFC>0); external only outside GSE136103
RAM2019_MES_MESOTHELIAL,Ramachandran2019_Nature,mesothelial marker program,mesenchymal_hsc_myofibroblast,ASPHD1,UP_IN_STATE,GSE136103,scRNA-seq,mixed nonviral cirrhosis,Supplementary Table 16,supplementary file,TRUE,REUSED,MESOTHELIAL; positive cluster marker (avg_logFC>0); external only outside GSE136103
RAM2019_MES_MESOTHELIAL,Ramachandran2019_Nature,mesothelial marker program,mesenchymal_hsc_myofibroblast,WFDC2,UP_IN_STATE,GSE136103,scRNA-seq,mixed nonviral cirrhosis,Supplementary Table 16,supplementary file,TRUE,REUSED,MESOTHELIAL; positive cluster marker (avg_logFC>0); external only outside GSE136103
RAM2019_MES_MESOTHELIAL,Ramachandran2019_Nature,mesothelial marker program,mesenchymal_hsc_myofibroblast,RPS10,UP_IN_STATE,GSE136103,scRNA-seq,mixed nonviral cirrhosis,Supplementary Table 16,supplementary file,TRUE,REUSED,MESOTHELIAL; positive cluster marker (avg_logFC>0); external only outside GSE136103
RAM2019_MES_MESOTHELIAL,Ramachandran2019_Nature,mesothelial marker program,mesenchymal_hsc_myofibroblast,OSTC,UP_IN_STATE,GSE136103,scRNA-seq,mixed nonviral cirrhosis,Supplementary Table 16,supplementary file,TRUE,REUSED,MESOTHELIAL; positive cluster marker (avg_logFC>0); external only outside GSE136103
RAM2019_MES_MESOTHELIAL,Ramachandran2019_Nature,mesothelial marker program,mesenchymal_hsc_myofibroblast,H6PD,UP_IN_STATE,GSE136103,scRNA-seq,mixed nonviral cirrhosis,Supplementary Table 16,supplementary file,TRUE,REUSED,MESOTHELIAL; positive cluster marker (avg_logFC>0); external only outside GSE136103
RAM2019_MES_MESOTHELIAL,Ramachandran2019_Nature,mesothelial marker program,mesenchymal_hsc_myofibroblast,MT1G,UP_IN_STATE,GSE136103,scRNA-seq,mixed nonviral cirrhosis,Supplementary Table 16,supplementary file,TRUE,REUSED,MESOTHELIAL; positive cluster marker (avg_logFC>0); external only outside GSE136103
RAM2019_MES_MESOTHELIAL,Ramachandran2019_Nature,mesothelial marker program,mesenchymal_hsc_myofibroblast,IFI27,UP_IN_STATE,GSE136103,scRNA-seq,mixed nonviral cirrhosis,Supplementary Table 16,supplementary file,TRUE,REUSED,MESOTHELIAL; positive cluster marker (avg_logFC>0); external only outside GSE136103
RAM2019_MES_MESOTHELIAL,Ramachandran2019_Nature,mesothelial marker program,mesenchymal_hsc_myofibroblast,EFEMP1,UP_IN_STATE,GSE136103,scRNA-seq,mixed nonviral cirrhosis,Supplementary Table 16,supplementary file,TRUE,REUSED,MESOTHELIAL; positive cluster marker (avg_logFC>0); external only outside GSE136103
RAM2019_MES_MESOTHELIAL,Ramachandran2019_Nature,mesothelial marker program,mesenchymal_hsc_myofibroblast,IL18,UP_IN_STATE,GSE136103,scRNA-seq,mixed nonviral cirrhosis,Supplementary Table 16,supplementary file,TRUE,REUSED,MESOTHELIAL; positive cluster marker (avg_logFC>0); external only outside GSE136103
RAM2019_MES_MESOTHELIAL,Ramachandran2019_Nature,mesothelial marker program,mesenchymal_hsc_myofibroblast,RPL19,UP_IN_STATE,GSE136103,scRNA-seq,mixed nonviral cirrhosis,Supplementary Table 16,supplementary file,TRUE,REUSED,MESOTHELIAL; positive cluster marker (avg_logFC>0); external only outside GSE136103
RAM2019_MES_MESOTHELIAL,Ramachandran2019_Nature,mesothelial marker program,mesenchymal_hsc_myofibroblast,PAPPA,UP_IN_STATE,GSE136103,scRNA-seq,mixed nonviral cirrhosis,Supplementary Table 16,supplementary file,TRUE,REUSED,MESOTHELIAL; positive cluster marker (avg_logFC>0); external only outside GSE136103
RAM2019_MES_MESOTHELIAL,Ramachandran2019_Nature,mesothelial marker program,mesenchymal_hsc_myofibroblast,LAMA4,UP_IN_STATE,GSE136103,scRNA-seq,mixed nonviral cirrhosis,Supplementary Table 16,supplementary file,TRUE,REUSED,MESOTHELIAL; positive cluster marker (avg_logFC>0); external only outside GSE136103
RAM2019_MES_MESOTHELIAL,Ramachandran2019_Nature,mesothelial marker program,mesenchymal_hsc_myofibroblast,RPS15,UP_IN_STATE,GSE136103,scRNA-seq,mixed nonviral cirrhosis,Supplementary Table 16,supplementary file,TRUE,REUSED,MESOTHELIAL; positive cluster marker (avg_logFC>0); external only outside GSE136103
RAM2019_MES_MESOTHELIAL,Ramachandran2019_Nature,mesothelial marker program,mesenchymal_hsc_myofibroblast,RPL5,UP_IN_STATE,GSE136103,scRNA-seq,mixed nonviral cirrhosis,Supplementary Table 16,supplementary file,TRUE,REUSED,MESOTHELIAL; positive cluster marker (avg_logFC>0); external only outside GSE136103
RAM2019_MES_MESOTHELIAL,Ramachandran2019_Nature,mesothelial marker program,mesenchymal_hsc_myofibroblast,CST3,UP_IN_STATE,GSE136103,scRNA-seq,mixed nonviral cirrhosis,Supplementary Table 16,supplementary file,TRUE,REUSED,MESOTHELIAL; positive cluster marker (avg_logFC>0); external only outside GSE136103
RAM2019_MES_MESOTHELIAL,Ramachandran2019_Nature,mesothelial marker program,mesenchymal_hsc_myofibroblast,NUCB2,UP_IN_STATE,GSE136103,scRNA-seq,mixed nonviral cirrhosis,Supplementary Table 16,supplementary file,TRUE,REUSED,MESOTHELIAL; positive cluster marker (avg_logFC>0); external only outside GSE136103
RAM2019_MES_MESOTHELIAL,Ramachandran2019_Nature,mesothelial marker program,mesenchymal_hsc_myofibroblast,HMGN1,UP_IN_STATE,GSE136103,scRNA-seq,mixed nonviral cirrhosis,Supplementary Table 16,supplementary file,TRUE,REUSED,MESOTHELIAL; positive cluster marker (avg_logFC>0); external only outside GSE136103
RAM2019_MES_MESOTHELIAL,Ramachandran2019_Nature,mesothelial marker program,mesenchymal_hsc_myofibroblast,CLDN15,UP_IN_STATE,GSE136103,scRNA-seq,mixed nonviral cirrhosis,Supplementary Table 16,supplementary file,TRUE,REUSED,MESOTHELIAL; positive cluster marker (avg_logFC>0); external only outside GSE136103
RAM2019_MES_MESOTHELIAL,Ramachandran2019_Nature,mesothelial marker program,mesenchymal_hsc_myofibroblast,DES,UP_IN_STATE,GSE136103,scRNA-seq,mixed nonviral cirrhosis,Supplementary Table 16,supplementary file,TRUE,REUSED,MESOTHELIAL; positive cluster marker (avg_logFC>0); external only outside GSE136103
RAM2019_MES_MESOTHELIAL,Ramachandran2019_Nature,mesothelial marker program,mesenchymal_hsc_myofibroblast,GPRC5A,UP_IN_STATE,GSE136103,scRNA-seq,mixed nonviral cirrhosis,Supplementary Table 16,supplementary file,TRUE,REUSED,MESOTHELIAL; positive cluster marker (avg_logFC>0); external only outside GSE136103
RAM2019_MES_MESOTHELIAL,Ramachandran2019_Nature,mesothelial marker program,mesenchymal_hsc_myofibroblast,RPL6,UP_IN_STATE,GSE136103,scRNA-seq,mixed nonviral cirrhosis,Supplementary Table 16,supplementary file,TRUE,REUSED,MESOTHELIAL; positive cluster marker (avg_logFC>0); external only outside GSE136103
RAM2019_MES_MESOTHELIAL,Ramachandran2019_Nature,mesothelial marker program,mesenchymal_hsc_myofibroblast,EEF1B2,UP_IN_STATE,GSE136103,scRNA-seq,mixed nonviral cirrhosis,Supplementary Table 16,supplementary file,TRUE,REUSED,MESOTHELIAL; positive cluster marker (avg_logFC>0); external only outside GSE136103
RAM2019_MES_MESOTHELIAL,Ramachandran2019_Nature,mesothelial marker program,mesenchymal_hsc_myofibroblast,SLC16A1,UP_IN_STATE,GSE136103,scRNA-seq,mixed nonviral cirrhosis,Supplementary Table 16,supplementary file,TRUE,REUSED,MESOTHELIAL; positive cluster marker (avg_logFC>0); external only outside GSE136103
RAM2019_MES_MESOTHELIAL,Ramachandran2019_Nature,mesothelial marker program,mesenchymal_hsc_myofibroblast,TMSB4X,UP_IN_STATE,GSE136103,scRNA-seq,mixed nonviral cirrhosis,Supplementary Table 16,supplementary file,TRUE,REUSED,MESOTHELIAL; positive cluster marker (avg_logFC>0); external only outside GSE136103
RAM2019_MES_MESOTHELIAL,Ramachandran2019_Nature,mesothelial marker program,mesenchymal_hsc_myofibroblast,MEDAG,UP_IN_STATE,GSE136103,scRNA-seq,mixed nonviral cirrhosis,Supplementary Table 16,supplementary file,TRUE,REUSED,MESOTHELIAL; positive cluster marker (avg_logFC>0); external only outside GSE136103
RAM2019_MES_MESOTHELIAL,Ramachandran2019_Nature,mesothelial marker program,mesenchymal_hsc_myofibroblast,PTGDS,UP_IN_STATE,GSE136103,scRNA-seq,mixed nonviral cirrhosis,Supplementary Table 16,supplementary file,TRUE,REUSED,MESOTHELIAL; positive cluster marker (avg_logFC>0); external only outside GSE136103
RAM2019_MES_MESOTHELIAL,Ramachandran2019_Nature,mesothelial marker program,mesenchymal_hsc_myofibroblast,SSR2,UP_IN_STATE,GSE136103,scRNA-seq,mixed nonviral cirrhosis,Supplementary Table 16,supplementary file,TRUE,REUSED,MESOTHELIAL; positive cluster marker (avg_logFC>0); external only outside GSE136103
RAM2019_MES_MESOTHELIAL,Ramachandran2019_Nature,mesothelial marker program,mesenchymal_hsc_myofibroblast,ATP1A1,UP_IN_STATE,GSE136103,scRNA-seq,mixed nonviral cirrhosis,Supplementary Table 16,supplementary file,TRUE,REUSED,MESOTHELIAL; positive cluster marker (avg_logFC>0); external only outside GSE136103
RAM2019_MES_MESOTHELIAL,Ramachandran2019_Nature,mesothelial marker program,mesenchymal_hsc_myofibroblast,CEMIP,UP_IN_STATE,GSE136103,scRNA-seq,mixed nonviral cirrhosis,Supplementary Table 16,supplementary file,TRUE,REUSED,MESOTHELIAL; positive cluster marker (avg_logFC>0); external only outside GSE136103
RAM2019_MES_MESOTHELIAL,Ramachandran2019_Nature,mesothelial marker program,mesenchymal_hsc_myofibroblast,MSLN,UP_IN_STATE,GSE136103,scRNA-seq,mixed nonviral cirrhosis,Supplementary Table 16,supplementary file,TRUE,REUSED,MESOTHELIAL; positive cluster marker (avg_logFC>0); external only outside GSE136103
RAM2019_MES_MESOTHELIAL,Ramachandran2019_Nature,mesothelial marker program,mesenchymal_hsc_myofibroblast,RPS4Y1,UP_IN_STATE,GSE136103,scRNA-seq,mixed nonviral cirrhosis,Supplementary Table 16,supplementary file,TRUE,REUSED,MESOTHELIAL; positive cluster marker (avg_logFC>0); external only outside GSE136103
RAM2019_MES_MESOTHELIAL,Ramachandran2019_Nature,mesothelial marker program,mesenchymal_hsc_myofibroblast,RAMP2,UP_IN_STATE,GSE136103,scRNA-seq,mixed nonviral cirrhosis,Supplementary Table 16,supplementary file,TRUE,REUSED,MESOTHELIAL; positive cluster marker (avg_logFC>0); external only outside GSE136103
RAM2019_MES_MESOTHELIAL,Ramachandran2019_Nature,mesothelial marker program,mesenchymal_hsc_myofibroblast,RAB11FIP1,UP_IN_STATE,GSE136103,scRNA-seq,mixed nonviral cirrhosis,Supplementary Table 16,supplementary file,TRUE,REUSED,MESOTHELIAL; positive cluster marker (avg_logFC>0); external only outside GSE136103
RAM2019_MES_MESOTHELIAL,Ramachandran2019_Nature,mesothelial marker program,mesenchymal_hsc_myofibroblast,PLIN2,UP_IN_STATE,GSE136103,scRNA-seq,mixed nonviral cirrhosis,Supplementary Table 16,supplementary file,TRUE,REUSED,MESOTHELIAL; positive cluster marker (avg_logFC>0); external only outside GSE136103
RAM2019_MES_MESOTHELIAL,Ramachandran2019_Nature,mesothelial marker program,mesenchymal_hsc_myofibroblast,CA12,UP_IN_STATE,GSE136103,scRNA-seq,mixed nonviral cirrhosis,Supplementary Table 16,supplementary file,TRUE,REUSED,MESOTHELIAL; positive cluster marker (avg_logFC>0); external only outside GSE136103
RAM2019_MES_MESOTHELIAL,Ramachandran2019_Nature,mesothelial marker program,mesenchymal_hsc_myofibroblast,PHGDH,UP_IN_STATE,GSE136103,scRNA-seq,mixed nonviral cirrhosis,Supplementary Table 16,supplementary file,TRUE,REUSED,MESOTHELIAL; positive cluster marker (avg_logFC>0); external only outside GSE136103
RAM2019_MES_MESOTHELIAL,Ramachandran2019_Nature,mesothelial marker program,mesenchymal_hsc_myofibroblast,RPS5,UP_IN_STATE,GSE136103,scRNA-seq,mixed nonviral cirrhosis,Supplementary Table 16,supplementary file,TRUE,REUSED,MESOTHELIAL; positive cluster marker (avg_logFC>0); external only outside GSE136103
RAM2019_MES_MESOTHELIAL,Ramachandran2019_Nature,mesothelial marker program,mesenchymal_hsc_myofibroblast,RPL22,UP_IN_STATE,GSE136103,scRNA-seq,mixed nonviral cirrhosis,Supplementary Table 16,supplementary file,TRUE,REUSED,MESOTHELIAL; positive cluster marker (avg_logFC>0); external only outside GSE136103
RAM2019_MES_MESOTHELIAL,Ramachandran2019_Nature,mesothelial marker program,mesenchymal_hsc_myofibroblast,ATP1B1,UP_IN_STATE,GSE136103,scRNA-seq,mixed nonviral cirrhosis,Supplementary Table 16,supplementary file,TRUE,REUSED,MESOTHELIAL; positive cluster marker (avg_logFC>0); external only outside GSE136103
RAM2019_MES_MESOTHELIAL,Ramachandran2019_Nature,mesothelial marker program,mesenchymal_hsc_myofibroblast,CYBA,UP_IN_STATE,GSE136103,scRNA-seq,mixed nonviral cirrhosis,Supplementary Table 16,supplementary file,TRUE,REUSED,MESOTHELIAL; positive cluster marker (avg_logFC>0); external only outside GSE136103
RAM2019_MES_MESOTHELIAL,Ramachandran2019_Nature,mesothelial marker program,mesenchymal_hsc_myofibroblast,LTC4S,UP_IN_STATE,GSE136103,scRNA-seq,mixed nonviral cirrhosis,Supplementary Table 16,supplementary file,TRUE,REUSED,MESOTHELIAL; positive cluster marker (avg_logFC>0); external only outside GSE136103
RAM2019_MES_MESOTHELIAL,Ramachandran2019_Nature,mesothelial marker program,mesenchymal_hsc_myofibroblast,RPL35,UP_IN_STATE,GSE136103,scRNA-seq,mixed nonviral cirrhosis,Supplementary Table 16,supplementary file,TRUE,REUSED,MESOTHELIAL; positive cluster marker (avg_logFC>0); external only outside GSE136103
RAM2019_MES_MESOTHELIAL,Ramachandran2019_Nature,mesothelial marker program,mesenchymal_hsc_myofibroblast,TMEM258,UP_IN_STATE,GSE136103,scRNA-seq,mixed nonviral cirrhosis,Supplementary Table 16,supplementary file,TRUE,REUSED,MESOTHELIAL; positive cluster marker (avg_logFC>0); external only outside GSE136103
RAM2019_MES_MESOTHELIAL,Ramachandran2019_Nature,mesothelial marker program,mesenchymal_hsc_myofibroblast,ANXA3,UP_IN_STATE,GSE136103,scRNA-seq,mixed nonviral cirrhosis,Supplementary Table 16,supplementary file,TRUE,REUSED,MESOTHELIAL; positive cluster marker (avg_logFC>0); external only outside GSE136103
RAM2019_MES_MESOTHELIAL,Ramachandran2019_Nature,mesothelial marker program,mesenchymal_hsc_myofibroblast,C2,UP_IN_STATE,GSE136103,scRNA-seq,mixed nonviral cirrhosis,Supplementary Table 16,supplementary file,TRUE,REUSED,MESOTHELIAL; positive cluster marker (avg_logFC>0); external only outside GSE136103
RAM2019_MES_MESOTHELIAL,Ramachandran2019_Nature,mesothelial marker program,mesenchymal_hsc_myofibroblast,UQCRB,UP_IN_STATE,GSE136103,scRNA-seq,mixed nonviral cirrhosis,Supplementary Table 16,supplementary file,TRUE,REUSED,MESOTHELIAL; positive cluster marker (avg_logFC>0); external only outside GSE136103
RAM2019_MES_MESOTHELIAL,Ramachandran2019_Nature,mesothelial marker program,mesenchymal_hsc_myofibroblast,MTSS1,UP_IN_STATE,GSE136103,scRNA-seq,mixed nonviral cirrhosis,Supplementary Table 16,supplementary file,TRUE,REUSED,MESOTHELIAL; positive cluster marker (avg_logFC>0); external only outside GSE136103
RAM2019_MES_MESOTHELIAL,Ramachandran2019_Nature,mesothelial marker program,mesenchymal_hsc_myofibroblast,RPL22L1,UP_IN_STATE,GSE136103,scRNA-seq,mixed nonviral cirrhosis,Supplementary Table 16,supplementary file,TRUE,REUSED,MESOTHELIAL; positive cluster marker (avg_logFC>0); external only outside GSE136103
RAM2019_MES_MESOTHELIAL,Ramachandran2019_Nature,mesothelial marker program,mesenchymal_hsc_myofibroblast,RPS26,UP_IN_STATE,GSE136103,scRNA-seq,mixed nonviral cirrhosis,Supplementary Table 16,supplementary file,TRUE,REUSED,MESOTHELIAL; positive cluster marker (avg_logFC>0); external only outside GSE136103
RAM2019_MES_MESOTHELIAL,Ramachandran2019_Nature,mesothelial marker program,mesenchymal_hsc_myofibroblast,ADAMTS9,UP_IN_STATE,GSE136103,scRNA-seq,mixed nonviral cirrhosis,Supplementary Table 16,supplementary file,TRUE,REUSED,MESOTHELIAL; positive cluster marker (avg_logFC>0); external only outside GSE136103
RAM2019_MES_MESOTHELIAL,Ramachandran2019_Nature,mesothelial marker program,mesenchymal_hsc_myofibroblast,NUDT5,UP_IN_STATE,GSE136103,scRNA-seq,mixed nonviral cirrhosis,Supplementary Table 16,supplementary file,TRUE,REUSED,MESOTHELIAL; positive cluster marker (avg_logFC>0); external only outside GSE136103
RAM2019_MES_MESOTHELIAL,Ramachandran2019_Nature,mesothelial marker program,mesenchymal_hsc_myofibroblast,IFI16,UP_IN_STATE,GSE136103,scRNA-seq,mixed nonviral cirrhosis,Supplementary Table 16,supplementary file,TRUE,REUSED,MESOTHELIAL; positive cluster marker (avg_logFC>0); external only outside GSE136103
RAM2019_MES_MESOTHELIAL,Ramachandran2019_Nature,mesothelial marker program,mesenchymal_hsc_myofibroblast,CARHSP1,UP_IN_STATE,GSE136103,scRNA-seq,mixed nonviral cirrhosis,Supplementary Table 16,supplementary file,TRUE,REUSED,MESOTHELIAL; positive cluster marker (avg_logFC>0); external only outside GSE136103
RAM2019_MES_MESOTHELIAL,Ramachandran2019_Nature,mesothelial marker program,mesenchymal_hsc_myofibroblast,TCEAL2,UP_IN_STATE,GSE136103,scRNA-seq,mixed nonviral cirrhosis,Supplementary Table 16,supplementary file,TRUE,REUSED,MESOTHELIAL; positive cluster marker (avg_logFC>0); external only outside GSE136103
RAM2019_MES_MESOTHELIAL,Ramachandran2019_Nature,mesothelial marker program,mesenchymal_hsc_myofibroblast,RPL23,UP_IN_STATE,GSE136103,scRNA-seq,mixed nonviral cirrhosis,Supplementary Table 16,supplementary file,TRUE,REUSED,MESOTHELIAL; positive cluster marker (avg_logFC>0); external only outside GSE136103
RAM2019_MES_MESOTHELIAL,Ramachandran2019_Nature,mesothelial marker program,mesenchymal_hsc_myofibroblast,MST1,UP_IN_STATE,GSE136103,scRNA-seq,mixed nonviral cirrhosis,Supplementary Table 16,supplementary file,TRUE,REUSED,MESOTHELIAL; positive cluster marker (avg_logFC>0); external only outside GSE136103
RAM2019_MES_MESOTHELIAL,Ramachandran2019_Nature,mesothelial marker program,mesenchymal_hsc_myofibroblast,RPL9,UP_IN_STATE,GSE136103,scRNA-seq,mixed nonviral cirrhosis,Supplementary Table 16,supplementary file,TRUE,REUSED,MESOTHELIAL; positive cluster marker (avg_logFC>0); external only outside GSE136103
RAM2019_MES_MESOTHELIAL,Ramachandran2019_Nature,mesothelial marker program,mesenchymal_hsc_myofibroblast,PRDX6,UP_IN_STATE,GSE136103,scRNA-seq,mixed nonviral cirrhosis,Supplementary Table 16,supplementary file,TRUE,REUSED,MESOTHELIAL; positive cluster marker (avg_logFC>0); external only outside GSE136103
RAM2019_MES_MESOTHELIAL,Ramachandran2019_Nature,mesothelial marker program,mesenchymal_hsc_myofibroblast,HSPE1,UP_IN_STATE,GSE136103,scRNA-seq,mixed nonviral cirrhosis,Supplementary Table 16,supplementary file,TRUE,REUSED,MESOTHELIAL; positive cluster marker (avg_logFC>0); external only outside GSE136103
RAM2019_MES_MESOTHELIAL,Ramachandran2019_Nature,mesothelial marker program,mesenchymal_hsc_myofibroblast,RPL15,UP_IN_STATE,GSE136103,scRNA-seq,mixed nonviral cirrhosis,Supplementary Table 16,supplementary file,TRUE,REUSED,MESOTHELIAL; positive cluster marker (avg_logFC>0); external only outside GSE136103
RAM2019_MES_MESOTHELIAL,Ramachandran2019_Nature,mesothelial marker program,mesenchymal_hsc_myofibroblast,SEPP1,UP_IN_STATE,GSE136103,scRNA-seq,mixed nonviral cirrhosis,Supplementary Table 16,supplementary file,TRUE,REUSED,MESOTHELIAL; positive cluster marker (avg_logFC>0); external only outside GSE136103
RAM2019_MES_MESOTHELIAL,Ramachandran2019_Nature,mesothelial marker program,mesenchymal_hsc_myofibroblast,ISOC2,UP_IN_STATE,GSE136103,scRNA-seq,mixed nonviral cirrhosis,Supplementary Table 16,supplementary file,TRUE,REUSED,MESOTHELIAL; positive cluster marker (avg_logFC>0); external only outside GSE136103
RAM2019_MES_MESOTHELIAL,Ramachandran2019_Nature,mesothelial marker program,mesenchymal_hsc_myofibroblast,HSP90B1,UP_IN_STATE,GSE136103,scRNA-seq,mixed nonviral cirrhosis,Supplementary Table 16,supplementary file,TRUE,REUSED,MESOTHELIAL; positive cluster marker (avg_logFC>0); external only outside GSE136103
RAM2019_MES_MESOTHELIAL,Ramachandran2019_Nature,mesothelial marker program,mesenchymal_hsc_myofibroblast,IL6ST,UP_IN_STATE,GSE136103,scRNA-seq,mixed nonviral cirrhosis,Supplementary Table 16,supplementary file,TRUE,REUSED,MESOTHELIAL; positive cluster marker (avg_logFC>0); external only outside GSE136103
RAM2019_MES_MESOTHELIAL,Ramachandran2019_Nature,mesothelial marker program,mesenchymal_hsc_myofibroblast,CH17-360D5.2,UP_IN_STATE,GSE136103,scRNA-seq,mixed nonviral cirrhosis,Supplementary Table 16,supplementary file,TRUE,REUSED,MESOTHELIAL; positive cluster marker (avg_logFC>0); external only outside GSE136103
RAM2019_MES_MESOTHELIAL,Ramachandran2019_Nature,mesothelial marker program,mesenchymal_hsc_myofibroblast,TOR1AIP2,UP_IN_STATE,GSE136103,scRNA-seq,mixed nonviral cirrhosis,Supplementary Table 16,supplementary file,TRUE,REUSED,MESOTHELIAL; positive cluster marker (avg_logFC>0); external only outside GSE136103
RAM2019_MES_MESOTHELIAL,Ramachandran2019_Nature,mesothelial marker program,mesenchymal_hsc_myofibroblast,TMED3,UP_IN_STATE,GSE136103,scRNA-seq,mixed nonviral cirrhosis,Supplementary Table 16,supplementary file,TRUE,REUSED,MESOTHELIAL; positive cluster marker (avg_logFC>0); external only outside GSE136103
RAM2019_MES_MESOTHELIAL,Ramachandran2019_Nature,mesothelial marker program,mesenchymal_hsc_myofibroblast,RPL32,UP_IN_STATE,GSE136103,scRNA-seq,mixed nonviral cirrhosis,Supplementary Table 16,supplementary file,TRUE,REUSED,MESOTHELIAL; positive cluster marker (avg_logFC>0); external only outside GSE136103
RAM2019_MES_MESOTHELIAL,Ramachandran2019_Nature,mesothelial marker program,mesenchymal_hsc_myofibroblast,CPA4,UP_IN_STATE,GSE136103,scRNA-seq,mixed nonviral cirrhosis,Supplementary Table 16,supplementary file,TRUE,REUSED,MESOTHELIAL; positive cluster marker (avg_logFC>0); external only outside GSE136103
RAM2019_MES_MESOTHELIAL,Ramachandran2019_Nature,mesothelial marker program,mesenchymal_hsc_myofibroblast,B4GALT1,UP_IN_STATE,GSE136103,scRNA-seq,mixed nonviral cirrhosis,Supplementary Table 16,supplementary file,TRUE,REUSED,MESOTHELIAL; positive cluster marker (avg_logFC>0); external only outside GSE136103
RAM2019_MES_MESOTHELIAL,Ramachandran2019_Nature,mesothelial marker program,mesenchymal_hsc_myofibroblast,DUSP23,UP_IN_STATE,GSE136103,scRNA-seq,mixed nonviral cirrhosis,Supplementary Table 16,supplementary file,TRUE,REUSED,MESOTHELIAL; positive cluster marker (avg_logFC>0); external only outside GSE136103
RAM2019_MES_MESOTHELIAL,Ramachandran2019_Nature,mesothelial marker program,mesenchymal_hsc_myofibroblast,SLC9A3R1,UP_IN_STATE,GSE136103,scRNA-seq,mixed nonviral cirrhosis,Supplementary Table 16,supplementary file,TRUE,REUSED,MESOTHELIAL; positive cluster marker (avg_logFC>0); external only outside GSE136103
RAM2019_MES_MESOTHELIAL,Ramachandran2019_Nature,mesothelial marker program,mesenchymal_hsc_myofibroblast,ARL4D,UP_IN_STATE,GSE136103,scRNA-seq,mixed nonviral cirrhosis,Supplementary Table 16,supplementary file,TRUE,REUSED,MESOTHELIAL; positive cluster marker (avg_logFC>0); external only outside GSE136103
RAM2019_MES_MESOTHELIAL,Ramachandran2019_Nature,mesothelial marker program,mesenchymal_hsc_myofibroblast,MYDGF,UP_IN_STATE,GSE136103,scRNA-seq,mixed nonviral cirrhosis,Supplementary Table 16,supplementary file,TRUE,REUSED,MESOTHELIAL; positive cluster marker (avg_logFC>0); external only outside GSE136103
RAM2019_MES_MESOTHELIAL,Ramachandran2019_Nature,mesothelial marker program,mesenchymal_hsc_myofibroblast,MTUS1,UP_IN_STATE,GSE136103,scRNA-seq,mixed nonviral cirrhosis,Supplementary Table 16,supplementary file,TRUE,REUSED,MESOTHELIAL; positive cluster marker (avg_logFC>0); external only outside GSE136103
RAM2019_MES_MESOTHELIAL,Ramachandran2019_Nature,mesothelial marker program,mesenchymal_hsc_myofibroblast,RPL7,UP_IN_STATE,GSE136103,scRNA-seq,mixed nonviral cirrhosis,Supplementary Table 16,supplementary file,TRUE,REUSED,MESOTHELIAL; positive cluster marker (avg_logFC>0); external only outside GSE136103
RAM2019_MES_MESOTHELIAL,Ramachandran2019_Nature,mesothelial marker program,mesenchymal_hsc_myofibroblast,TMED10,UP_IN_STATE,GSE136103,scRNA-seq,mixed nonviral cirrhosis,Supplementary Table 16,supplementary file,TRUE,REUSED,MESOTHELIAL; positive cluster marker (avg_logFC>0); external only outside GSE136103
RAM2019_MES_MESOTHELIAL,Ramachandran2019_Nature,mesothelial marker program,mesenchymal_hsc_myofibroblast,AP2S1,UP_IN_STATE,GSE136103,scRNA-seq,mixed nonviral cirrhosis,Supplementary Table 16,supplementary file,TRUE,REUSED,MESOTHELIAL; positive cluster marker (avg_logFC>0); external only outside GSE136103
RAM2019_MES_MESOTHELIAL,Ramachandran2019_Nature,mesothelial marker program,mesenchymal_hsc_myofibroblast,PDGFRL,UP_IN_STATE,GSE136103,scRNA-seq,mixed nonviral cirrhosis,Supplementary Table 16,supplementary file,TRUE,REUSED,MESOTHELIAL; positive cluster marker (avg_logFC>0); external only outside GSE136103
RAM2019_MES_MESOTHELIAL,Ramachandran2019_Nature,mesothelial marker program,mesenchymal_hsc_myofibroblast,CTSH,UP_IN_STATE,GSE136103,scRNA-seq,mixed nonviral cirrhosis,Supplementary Table 16,supplementary file,TRUE,REUSED,MESOTHELIAL; positive cluster marker (avg_logFC>0); external only outside GSE136103
RAM2019_MES_MESOTHELIAL,Ramachandran2019_Nature,mesothelial marker program,mesenchymal_hsc_myofibroblast,SYCE1L,UP_IN_STATE,GSE136103,scRNA-seq,mixed nonviral cirrhosis,Supplementary Table 16,supplementary file,TRUE,REUSED,MESOTHELIAL; positive cluster marker (avg_logFC>0); external only outside GSE136103
RAM2019_MES_MESOTHELIAL,Ramachandran2019_Nature,mesothelial marker program,mesenchymal_hsc_myofibroblast,RPLP2,UP_IN_STATE,GSE136103,scRNA-seq,mixed nonviral cirrhosis,Supplementary Table 16,supplementary file,TRUE,REUSED,MESOTHELIAL; positive cluster marker (avg_logFC>0); external only outside GSE136103
RAM2019_MES_MESOTHELIAL,Ramachandran2019_Nature,mesothelial marker program,mesenchymal_hsc_myofibroblast,NSA2,UP_IN_STATE,GSE136103,scRNA-seq,mixed nonviral cirrhosis,Supplementary Table 16,supplementary file,TRUE,REUSED,MESOTHELIAL; positive cluster marker (avg_logFC>0); external only outside GSE136103
RAM2019_MES_MESOTHELIAL,Ramachandran2019_Nature,mesothelial marker program,mesenchymal_hsc_myofibroblast,SNHG25,UP_IN_STATE,GSE136103,scRNA-seq,mixed nonviral cirrhosis,Supplementary Table 16,supplementary file,TRUE,REUSED,MESOTHELIAL; positive cluster marker (avg_logFC>0); external only outside GSE136103
RAM2019_MES_MESOTHELIAL,Ramachandran2019_Nature,mesothelial marker program,mesenchymal_hsc_myofibroblast,CYBRD1,UP_IN_STATE,GSE136103,scRNA-seq,mixed nonviral cirrhosis,Supplementary Table 16,supplementary file,TRUE,REUSED,MESOTHELIAL; positive cluster marker (avg_logFC>0); external only outside GSE136103
RAM2019_MES_MESOTHELIAL,Ramachandran2019_Nature,mesothelial marker program,mesenchymal_hsc_myofibroblast,RPL10,UP_IN_STATE,GSE136103,scRNA-seq,mixed nonviral cirrhosis,Supplementary Table 16,supplementary file,TRUE,REUSED,MESOTHELIAL; positive cluster marker (avg_logFC>0); external only outside GSE136103
RAM2019_MES_MESOTHELIAL,Ramachandran2019_Nature,mesothelial marker program,mesenchymal_hsc_myofibroblast,RPS25,UP_IN_STATE,GSE136103,scRNA-seq,mixed nonviral cirrhosis,Supplementary Table 16,supplementary file,TRUE,REUSED,MESOTHELIAL; positive cluster marker (avg_logFC>0); external only outside GSE136103
RAM2019_MES_MESOTHELIAL,Ramachandran2019_Nature,mesothelial marker program,mesenchymal_hsc_myofibroblast,TMEM205,UP_IN_STATE,GSE136103,scRNA-seq,mixed nonviral cirrhosis,Supplementary Table 16,supplementary file,TRUE,REUSED,MESOTHELIAL; positive cluster marker (avg_logFC>0); external only outside GSE136103
RAM2019_MES_MESOTHELIAL,Ramachandran2019_Nature,mesothelial marker program,mesenchymal_hsc_myofibroblast,GOLM1,UP_IN_STATE,GSE136103,scRNA-seq,mixed nonviral cirrhosis,Supplementary Table 16,supplementary file,TRUE,REUSED,MESOTHELIAL; positive cluster marker (avg_logFC>0); external only outside GSE136103
RAM2019_MES_MESOTHELIAL,Ramachandran2019_Nature,mesothelial marker program,mesenchymal_hsc_myofibroblast,RPL30,UP_IN_STATE,GSE136103,scRNA-seq,mixed nonviral cirrhosis,Supplementary Table 16,supplementary file,TRUE,REUSED,MESOTHELIAL; positive cluster marker (avg_logFC>0); external only outside GSE136103
RAM2019_MES_MESOTHELIAL,Ramachandran2019_Nature,mesothelial marker program,mesenchymal_hsc_myofibroblast,METTL7A,UP_IN_STATE,GSE136103,scRNA-seq,mixed nonviral cirrhosis,Supplementary Table 16,supplementary file,TRUE,REUSED,MESOTHELIAL; positive cluster marker (avg_logFC>0); external only outside GSE136103
RAM2019_MES_MESOTHELIAL,Ramachandran2019_Nature,mesothelial marker program,mesenchymal_hsc_myofibroblast,TAGLN2,UP_IN_STATE,GSE136103,scRNA-seq,mixed nonviral cirrhosis,Supplementary Table 16,supplementary file,TRUE,REUSED,MESOTHELIAL; positive cluster marker (avg_logFC>0); external only outside GSE136103
RAM2019_MES_MESOTHELIAL,Ramachandran2019_Nature,mesothelial marker program,mesenchymal_hsc_myofibroblast,AC004556.1,UP_IN_STATE,GSE136103,scRNA-seq,mixed nonviral cirrhosis,Supplementary Table 16,supplementary file,TRUE,REUSED,MESOTHELIAL; positive cluster marker (avg_logFC>0); external only outside GSE136103
RAM2019_MES_MESOTHELIAL,Ramachandran2019_Nature,mesothelial marker program,mesenchymal_hsc_myofibroblast,RPL17,UP_IN_STATE,GSE136103,scRNA-seq,mixed nonviral cirrhosis,Supplementary Table 16,supplementary file,TRUE,REUSED,MESOTHELIAL; positive cluster marker (avg_logFC>0); external only outside GSE136103
RAM2019_MES_MESOTHELIAL,Ramachandran2019_Nature,mesothelial marker program,mesenchymal_hsc_myofibroblast,LGALS8,UP_IN_STATE,GSE136103,scRNA-seq,mixed nonviral cirrhosis,Supplementary Table 16,supplementary file,TRUE,REUSED,MESOTHELIAL; positive cluster marker (avg_logFC>0); external only outside GSE136103
RAM2019_MES_MESOTHELIAL,Ramachandran2019_Nature,mesothelial marker program,mesenchymal_hsc_myofibroblast,CRB2,UP_IN_STATE,GSE136103,scRNA-seq,mixed nonviral cirrhosis,Supplementary Table 16,supplementary file,TRUE,REUSED,MESOTHELIAL; positive cluster marker (avg_logFC>0); external only outside GSE136103
RAM2019_MES_MESOTHELIAL,Ramachandran2019_Nature,mesothelial marker program,mesenchymal_hsc_myofibroblast,ASS1,UP_IN_STATE,GSE136103,scRNA-seq,mixed nonviral cirrhosis,Supplementary Table 16,supplementary file,TRUE,REUSED,MESOTHELIAL; positive cluster marker (avg_logFC>0); external only outside GSE136103
RAM2019_MES_MESOTHELIAL,Ramachandran2019_Nature,mesothelial marker program,mesenchymal_hsc_myofibroblast,DSG2,UP_IN_STATE,GSE136103,scRNA-seq,mixed nonviral cirrhosis,Supplementary Table 16,supplementary file,TRUE,REUSED,MESOTHELIAL; positive cluster marker (avg_logFC>0); external only outside GSE136103
RAM2019_MES_MESOTHELIAL,Ramachandran2019_Nature,mesothelial marker program,mesenchymal_hsc_myofibroblast,IGFBP6,UP_IN_STATE,GSE136103,scRNA-seq,mixed nonviral cirrhosis,Supplementary Table 16,supplementary file,TRUE,REUSED,MESOTHELIAL; positive cluster marker (avg_logFC>0); external only outside GSE136103
RAM2019_MES_MESOTHELIAL,Ramachandran2019_Nature,mesothelial marker program,mesenchymal_hsc_myofibroblast,ENO1,UP_IN_STATE,GSE136103,scRNA-seq,mixed nonviral cirrhosis,Supplementary Table 16,supplementary file,TRUE,REUSED,MESOTHELIAL; positive cluster marker (avg_logFC>0); external only outside GSE136103
RAM2019_MES_MESOTHELIAL,Ramachandran2019_Nature,mesothelial marker program,mesenchymal_hsc_myofibroblast,RPS13,UP_IN_STATE,GSE136103,scRNA-seq,mixed nonviral cirrhosis,Supplementary Table 16,supplementary file,TRUE,REUSED,MESOTHELIAL; positive cluster marker (avg_logFC>0); external only outside GSE136103
RAM2019_MES_MESOTHELIAL,Ramachandran2019_Nature,mesothelial marker program,mesenchymal_hsc_myofibroblast,LOX,UP_IN_STATE,GSE136103,scRNA-seq,mixed nonviral cirrhosis,Supplementary Table 16,supplementary file,TRUE,REUSED,MESOTHELIAL; positive cluster marker (avg_logFC>0); external only outside GSE136103
RAM2019_MES_MESOTHELIAL,Ramachandran2019_Nature,mesothelial marker program,mesenchymal_hsc_myofibroblast,RAB13,UP_IN_STATE,GSE136103,scRNA-seq,mixed nonviral cirrhosis,Supplementary Table 16,supplementary file,TRUE,REUSED,MESOTHELIAL; positive cluster marker (avg_logFC>0); external only outside GSE136103
RAM2019_MES_MESOTHELIAL,Ramachandran2019_Nature,mesothelial marker program,mesenchymal_hsc_myofibroblast,GJA1,UP_IN_STATE,GSE136103,scRNA-seq,mixed nonviral cirrhosis,Supplementary Table 16,supplementary file,TRUE,REUSED,MESOTHELIAL; positive cluster marker (avg_logFC>0); external only outside GSE136103
RAM2019_MES_MESOTHELIAL,Ramachandran2019_Nature,mesothelial marker program,mesenchymal_hsc_myofibroblast,CISD1,UP_IN_STATE,GSE136103,scRNA-seq,mixed nonviral cirrhosis,Supplementary Table 16,supplementary file,TRUE,REUSED,MESOTHELIAL; positive cluster marker (avg_logFC>0); external only outside GSE136103
RAM2019_MES_MESOTHELIAL,Ramachandran2019_Nature,mesothelial marker program,mesenchymal_hsc_myofibroblast,RHOD,UP_IN_STATE,GSE136103,scRNA-seq,mixed nonviral cirrhosis,Supplementary Table 16,supplementary file,TRUE,REUSED,MESOTHELIAL; positive cluster marker (avg_logFC>0); external only outside GSE136103
RAM2019_MES_MESOTHELIAL,Ramachandran2019_Nature,mesothelial marker program,mesenchymal_hsc_myofibroblast,NBL1,UP_IN_STATE,GSE136103,scRNA-seq,mixed nonviral cirrhosis,Supplementary Table 16,supplementary file,TRUE,REUSED,MESOTHELIAL; positive cluster marker (avg_logFC>0); external only outside GSE136103
RAM2019_MES_MESOTHELIAL,Ramachandran2019_Nature,mesothelial marker program,mesenchymal_hsc_myofibroblast,ABRACL,UP_IN_STATE,GSE136103,scRNA-seq,mixed nonviral cirrhosis,Supplementary Table 16,supplementary file,TRUE,REUSED,MESOTHELIAL; positive cluster marker (avg_logFC>0); external only outside GSE136103
RAM2019_MES_MESOTHELIAL,Ramachandran2019_Nature,mesothelial marker program,mesenchymal_hsc_myofibroblast,UROD,UP_IN_STATE,GSE136103,scRNA-seq,mixed nonviral cirrhosis,Supplementary Table 16,supplementary file,TRUE,REUSED,MESOTHELIAL; positive cluster marker (avg_logFC>0); external only outside GSE136103
RAM2019_MES_MESOTHELIAL,Ramachandran2019_Nature,mesothelial marker program,mesenchymal_hsc_myofibroblast,CASP4,UP_IN_STATE,GSE136103,scRNA-seq,mixed nonviral cirrhosis,Supplementary Table 16,supplementary file,TRUE,REUSED,MESOTHELIAL; positive cluster marker (avg_logFC>0); external only outside GSE136103
RAM2019_MES_MESOTHELIAL,Ramachandran2019_Nature,mesothelial marker program,mesenchymal_hsc_myofibroblast,NAMPT,UP_IN_STATE,GSE136103,scRNA-seq,mixed nonviral cirrhosis,Supplementary Table 16,supplementary file,TRUE,REUSED,MESOTHELIAL; positive cluster marker (avg_logFC>0); external only outside GSE136103
RAM2019_MES_MESOTHELIAL,Ramachandran2019_Nature,mesothelial marker program,mesenchymal_hsc_myofibroblast,IFITM3,UP_IN_STATE,GSE136103,scRNA-seq,mixed nonviral cirrhosis,Supplementary Table 16,supplementary file,TRUE,REUSED,MESOTHELIAL; positive cluster marker (avg_logFC>0); external only outside GSE136103
RAM2019_MES_MESOTHELIAL,Ramachandran2019_Nature,mesothelial marker program,mesenchymal_hsc_myofibroblast,PLA2G16,UP_IN_STATE,GSE136103,scRNA-seq,mixed nonviral cirrhosis,Supplementary Table 16,supplementary file,TRUE,REUSED,MESOTHELIAL; positive cluster marker (avg_logFC>0); external only outside GSE136103
RAM2019_MES_MESOTHELIAL,Ramachandran2019_Nature,mesothelial marker program,mesenchymal_hsc_myofibroblast,IGFBP2,UP_IN_STATE,GSE136103,scRNA-seq,mixed nonviral cirrhosis,Supplementary Table 16,supplementary file,TRUE,REUSED,MESOTHELIAL; positive cluster marker (avg_logFC>0); external only outside GSE136103
RAM2019_MES_MESOTHELIAL,Ramachandran2019_Nature,mesothelial marker program,mesenchymal_hsc_myofibroblast,CDV3,UP_IN_STATE,GSE136103,scRNA-seq,mixed nonviral cirrhosis,Supplementary Table 16,supplementary file,TRUE,REUSED,MESOTHELIAL; positive cluster marker (avg_logFC>0); external only outside GSE136103
RAM2019_MES_MESOTHELIAL,Ramachandran2019_Nature,mesothelial marker program,mesenchymal_hsc_myofibroblast,RPS3A,UP_IN_STATE,GSE136103,scRNA-seq,mixed nonviral cirrhosis,Supplementary Table 16,supplementary file,TRUE,REUSED,MESOTHELIAL; positive cluster marker (avg_logFC>0); external only outside GSE136103
RAM2019_MES_MESOTHELIAL,Ramachandran2019_Nature,mesothelial marker program,mesenchymal_hsc_myofibroblast,BEX2,UP_IN_STATE,GSE136103,scRNA-seq,mixed nonviral cirrhosis,Supplementary Table 16,supplementary file,TRUE,REUSED,MESOTHELIAL; positive cluster marker (avg_logFC>0); external only outside GSE136103
RAM2019_MES_MESOTHELIAL,Ramachandran2019_Nature,mesothelial marker program,mesenchymal_hsc_myofibroblast,TUBA1C,UP_IN_STATE,GSE136103,scRNA-seq,mixed nonviral cirrhosis,Supplementary Table 16,supplementary file,TRUE,REUSED,MESOTHELIAL; positive cluster marker (avg_logFC>0); external only outside GSE136103
RAM2019_MES_MESOTHELIAL,Ramachandran2019_Nature,mesothelial marker program,mesenchymal_hsc_myofibroblast,GABARAP,UP_IN_STATE,GSE136103,scRNA-seq,mixed nonviral cirrhosis,Supplementary Table 16,supplementary file,TRUE,REUSED,MESOTHELIAL; positive cluster marker (avg_logFC>0); external only outside GSE136103
RAM2019_MES_MESOTHELIAL,Ramachandran2019_Nature,mesothelial marker program,mesenchymal_hsc_myofibroblast,MMP23B,UP_IN_STATE,GSE136103,scRNA-seq,mixed nonviral cirrhosis,Supplementary Table 16,supplementary file,TRUE,REUSED,MESOTHELIAL; positive cluster marker (avg_logFC>0); external only outside GSE136103
RAM2019_MES_MESOTHELIAL,Ramachandran2019_Nature,mesothelial marker program,mesenchymal_hsc_myofibroblast,CRLS1,UP_IN_STATE,GSE136103,scRNA-seq,mixed nonviral cirrhosis,Supplementary Table 16,supplementary file,TRUE,REUSED,MESOTHELIAL; positive cluster marker (avg_logFC>0); external only outside GSE136103
RAM2019_MES_MESOTHELIAL,Ramachandran2019_Nature,mesothelial marker program,mesenchymal_hsc_myofibroblast,MRPL23,UP_IN_STATE,GSE136103,scRNA-seq,mixed nonviral cirrhosis,Supplementary Table 16,supplementary file,TRUE,REUSED,MESOTHELIAL; positive cluster marker (avg_logFC>0); external only outside GSE136103
RAM2019_MES_MESOTHELIAL,Ramachandran2019_Nature,mesothelial marker program,mesenchymal_hsc_myofibroblast,FN1,UP_IN_STATE,GSE136103,scRNA-seq,mixed nonviral cirrhosis,Supplementary Table 16,supplementary file,TRUE,REUSED,MESOTHELIAL; positive cluster marker (avg_logFC>0); external only outside GSE136103
RAM2019_MES_MESOTHELIAL,Ramachandran2019_Nature,mesothelial marker program,mesenchymal_hsc_myofibroblast,PKHD1L1,UP_IN_STATE,GSE136103,scRNA-seq,mixed nonviral cirrhosis,Supplementary Table 16,supplementary file,TRUE,REUSED,MESOTHELIAL; positive cluster marker (avg_logFC>0); external only outside GSE136103
RAM2019_MES_MESOTHELIAL,Ramachandran2019_Nature,mesothelial marker program,mesenchymal_hsc_myofibroblast,RPA3,UP_IN_STATE,GSE136103,scRNA-seq,mixed nonviral cirrhosis,Supplementary Table 16,supplementary file,TRUE,REUSED,MESOTHELIAL; positive cluster marker (avg_logFC>0); external only outside GSE136103
RAM2019_MES_MESOTHELIAL,Ramachandran2019_Nature,mesothelial marker program,mesenchymal_hsc_myofibroblast,RPS4X,UP_IN_STATE,GSE136103,scRNA-seq,mixed nonviral cirrhosis,Supplementary Table 16,supplementary file,TRUE,REUSED,MESOTHELIAL; positive cluster marker (avg_logFC>0); external only outside GSE136103
RAM2019_MES_MESOTHELIAL,Ramachandran2019_Nature,mesothelial marker program,mesenchymal_hsc_myofibroblast,CMTM3,UP_IN_STATE,GSE136103,scRNA-seq,mixed nonviral cirrhosis,Supplementary Table 16,supplementary file,TRUE,REUSED,MESOTHELIAL; positive cluster marker (avg_logFC>0); external only outside GSE136103
RAM2019_MES_MESOTHELIAL,Ramachandran2019_Nature,mesothelial marker program,mesenchymal_hsc_myofibroblast,DNPH1,UP_IN_STATE,GSE136103,scRNA-seq,mixed nonviral cirrhosis,Supplementary Table 16,supplementary file,TRUE,REUSED,MESOTHELIAL; positive cluster marker (avg_logFC>0); external only outside GSE136103
RAM2019_MES_MESOTHELIAL,Ramachandran2019_Nature,mesothelial marker program,mesenchymal_hsc_myofibroblast,EIF3M,UP_IN_STATE,GSE136103,scRNA-seq,mixed nonviral cirrhosis,Supplementary Table 16,supplementary file,TRUE,REUSED,MESOTHELIAL; positive cluster marker (avg_logFC>0); external only outside GSE136103
RAM2019_MES_MESOTHELIAL,Ramachandran2019_Nature,mesothelial marker program,mesenchymal_hsc_myofibroblast,RPL4,UP_IN_STATE,GSE136103,scRNA-seq,mixed nonviral cirrhosis,Supplementary Table 16,supplementary file,TRUE,REUSED,MESOTHELIAL; positive cluster marker (avg_logFC>0); external only outside GSE136103
RAM2019_MES_MESOTHELIAL,Ramachandran2019_Nature,mesothelial marker program,mesenchymal_hsc_myofibroblast,RPL23A,UP_IN_STATE,GSE136103,scRNA-seq,mixed nonviral cirrhosis,Supplementary Table 16,supplementary file,TRUE,REUSED,MESOTHELIAL; positive cluster marker (avg_logFC>0); external only outside GSE136103
RAM2019_MES_MESOTHELIAL,Ramachandran2019_Nature,mesothelial marker program,mesenchymal_hsc_myofibroblast,KRT7,UP_IN_STATE,GSE136103,scRNA-seq,mixed nonviral cirrhosis,Supplementary Table 16,supplementary file,TRUE,REUSED,MESOTHELIAL; positive cluster marker (avg_logFC>0); external only outside GSE136103
RAM2019_MES_MESOTHELIAL,Ramachandran2019_Nature,mesothelial marker program,mesenchymal_hsc_myofibroblast,ERP29,UP_IN_STATE,GSE136103,scRNA-seq,mixed nonviral cirrhosis,Supplementary Table 16,supplementary file,TRUE,REUSED,MESOTHELIAL; positive cluster marker (avg_logFC>0); external only outside GSE136103
RAM2019_MES_MESOTHELIAL,Ramachandran2019_Nature,mesothelial marker program,mesenchymal_hsc_myofibroblast,SELENBP1,UP_IN_STATE,GSE136103,scRNA-seq,mixed nonviral cirrhosis,Supplementary Table 16,supplementary file,TRUE,REUSED,MESOTHELIAL; positive cluster marker (avg_logFC>0); external only outside GSE136103
RAM2019_MES_MESOTHELIAL,Ramachandran2019_Nature,mesothelial marker program,mesenchymal_hsc_myofibroblast,TIMM13,UP_IN_STATE,GSE136103,scRNA-seq,mixed nonviral cirrhosis,Supplementary Table 16,supplementary file,TRUE,REUSED,MESOTHELIAL; positive cluster marker (avg_logFC>0); external only outside GSE136103
RAM2019_MES_MESOTHELIAL,Ramachandran2019_Nature,mesothelial marker program,mesenchymal_hsc_myofibroblast,BDH2,UP_IN_STATE,GSE136103,scRNA-seq,mixed nonviral cirrhosis,Supplementary Table 16,supplementary file,TRUE,REUSED,MESOTHELIAL; positive cluster marker (avg_logFC>0); external only outside GSE136103
RAM2019_MES_MESOTHELIAL,Ramachandran2019_Nature,mesothelial marker program,mesenchymal_hsc_myofibroblast,S100A13,UP_IN_STATE,GSE136103,scRNA-seq,mixed nonviral cirrhosis,Supplementary Table 16,supplementary file,TRUE,REUSED,MESOTHELIAL; positive cluster marker (avg_logFC>0); external only outside GSE136103
RAM2019_MES_MESOTHELIAL,Ramachandran2019_Nature,mesothelial marker program,mesenchymal_hsc_myofibroblast,MT1X,UP_IN_STATE,GSE136103,scRNA-seq,mixed nonviral cirrhosis,Supplementary Table 16,supplementary file,TRUE,REUSED,MESOTHELIAL; positive cluster marker (avg_logFC>0); external only outside GSE136103
RAM2019_MES_MESOTHELIAL,Ramachandran2019_Nature,mesothelial marker program,mesenchymal_hsc_myofibroblast,KLF6,UP_IN_STATE,GSE136103,scRNA-seq,mixed nonviral cirrhosis,Supplementary Table 16,supplementary file,TRUE,REUSED,MESOTHELIAL; positive cluster marker (avg_logFC>0); external only outside GSE136103
RAM2019_MES_MESOTHELIAL,Ramachandran2019_Nature,mesothelial marker program,mesenchymal_hsc_myofibroblast,PRDX5,UP_IN_STATE,GSE136103,scRNA-seq,mixed nonviral cirrhosis,Supplementary Table 16,supplementary file,TRUE,REUSED,MESOTHELIAL; positive cluster marker (avg_logFC>0); external only outside GSE136103
RAM2019_MES_MESOTHELIAL,Ramachandran2019_Nature,mesothelial marker program,mesenchymal_hsc_myofibroblast,CXADR,UP_IN_STATE,GSE136103,scRNA-seq,mixed nonviral cirrhosis,Supplementary Table 16,supplementary file,TRUE,REUSED,MESOTHELIAL; positive cluster marker (avg_logFC>0); external only outside GSE136103
RAM2019_MES_MESOTHELIAL,Ramachandran2019_Nature,mesothelial marker program,mesenchymal_hsc_myofibroblast,C7orf73,UP_IN_STATE,GSE136103,scRNA-seq,mixed nonviral cirrhosis,Supplementary Table 16,supplementary file,TRUE,REUSED,MESOTHELIAL; positive cluster marker (avg_logFC>0); external only outside GSE136103
RAM2019_MES_MESOTHELIAL,Ramachandran2019_Nature,mesothelial marker program,mesenchymal_hsc_myofibroblast,PTTG1IP,UP_IN_STATE,GSE136103,scRNA-seq,mixed nonviral cirrhosis,Supplementary Table 16,supplementary file,TRUE,REUSED,MESOTHELIAL; positive cluster marker (avg_logFC>0); external only outside GSE136103
RAM2019_MES_MESOTHELIAL,Ramachandran2019_Nature,mesothelial marker program,mesenchymal_hsc_myofibroblast,GCSH,UP_IN_STATE,GSE136103,scRNA-seq,mixed nonviral cirrhosis,Supplementary Table 16,supplementary file,TRUE,REUSED,MESOTHELIAL; positive cluster marker (avg_logFC>0); external only outside GSE136103
RAM2019_MES_MESOTHELIAL,Ramachandran2019_Nature,mesothelial marker program,mesenchymal_hsc_myofibroblast,PERP,UP_IN_STATE,GSE136103,scRNA-seq,mixed nonviral cirrhosis,Supplementary Table 16,supplementary file,TRUE,REUSED,MESOTHELIAL; positive cluster marker (avg_logFC>0); external only outside GSE136103
RAM2019_MES_MESOTHELIAL,Ramachandran2019_Nature,mesothelial marker program,mesenchymal_hsc_myofibroblast,PTOV1,UP_IN_STATE,GSE136103,scRNA-seq,mixed nonviral cirrhosis,Supplementary Table 16,supplementary file,TRUE,REUSED,MESOTHELIAL; positive cluster marker (avg_logFC>0); external only outside GSE136103
RAM2019_MES_MESOTHELIAL,Ramachandran2019_Nature,mesothelial marker program,mesenchymal_hsc_myofibroblast,DNAJC4,UP_IN_STATE,GSE136103,scRNA-seq,mixed nonviral cirrhosis,Supplementary Table 16,supplementary file,TRUE,REUSED,MESOTHELIAL; positive cluster marker (avg_logFC>0); external only outside GSE136103
RAM2019_MES_MESOTHELIAL,Ramachandran2019_Nature,mesothelial marker program,mesenchymal_hsc_myofibroblast,TNXB,UP_IN_STATE,GSE136103,scRNA-seq,mixed nonviral cirrhosis,Supplementary Table 16,supplementary file,TRUE,REUSED,MESOTHELIAL; positive cluster marker (avg_logFC>0); external only outside GSE136103
RAM2019_MES_MESOTHELIAL,Ramachandran2019_Nature,mesothelial marker program,mesenchymal_hsc_myofibroblast,SIL1,UP_IN_STATE,GSE136103,scRNA-seq,mixed nonviral cirrhosis,Supplementary Table 16,supplementary file,TRUE,REUSED,MESOTHELIAL; positive cluster marker (avg_logFC>0); external only outside GSE136103
RAM2019_MES_MESOTHELIAL,Ramachandran2019_Nature,mesothelial marker program,mesenchymal_hsc_myofibroblast,MZT2A,UP_IN_STATE,GSE136103,scRNA-seq,mixed nonviral cirrhosis,Supplementary Table 16,supplementary file,TRUE,REUSED,MESOTHELIAL; positive cluster marker (avg_logFC>0); external only outside GSE136103
RAM2019_MES_MESOTHELIAL,Ramachandran2019_Nature,mesothelial marker program,mesenchymal_hsc_myofibroblast,NCOA7,UP_IN_STATE,GSE136103,scRNA-seq,mixed nonviral cirrhosis,Supplementary Table 16,supplementary file,TRUE,REUSED,MESOTHELIAL; positive cluster marker (avg_logFC>0); external only outside GSE136103
RAM2019_MES_MESOTHELIAL,Ramachandran2019_Nature,mesothelial marker program,mesenchymal_hsc_myofibroblast,RPL18,UP_IN_STATE,GSE136103,scRNA-seq,mixed nonviral cirrhosis,Supplementary Table 16,supplementary file,TRUE,REUSED,MESOTHELIAL; positive cluster marker (avg_logFC>0); external only outside GSE136103
RAM2019_MES_MESOTHELIAL,Ramachandran2019_Nature,mesothelial marker program,mesenchymal_hsc_myofibroblast,CPXM1,UP_IN_STATE,GSE136103,scRNA-seq,mixed nonviral cirrhosis,Supplementary Table 16,supplementary file,TRUE,REUSED,MESOTHELIAL; positive cluster marker (avg_logFC>0); external only outside GSE136103
RAM2019_MES_MESOTHELIAL,Ramachandran2019_Nature,mesothelial marker program,mesenchymal_hsc_myofibroblast,LMAN2,UP_IN_STATE,GSE136103,scRNA-seq,mixed nonviral cirrhosis,Supplementary Table 16,supplementary file,TRUE,REUSED,MESOTHELIAL; positive cluster marker (avg_logFC>0); external only outside GSE136103
RAM2019_MES_MESOTHELIAL,Ramachandran2019_Nature,mesothelial marker program,mesenchymal_hsc_myofibroblast,COPZ1,UP_IN_STATE,GSE136103,scRNA-seq,mixed nonviral cirrhosis,Supplementary Table 16,supplementary file,TRUE,REUSED,MESOTHELIAL; positive cluster marker (avg_logFC>0); external only outside GSE136103
RAM2019_MES_MESOTHELIAL,Ramachandran2019_Nature,mesothelial marker program,mesenchymal_hsc_myofibroblast,FAM96A,UP_IN_STATE,GSE136103,scRNA-seq,mixed nonviral cirrhosis,Supplementary Table 16,supplementary file,TRUE,REUSED,MESOTHELIAL; positive cluster marker (avg_logFC>0); external only outside GSE136103
RAM2019_MES_MESOTHELIAL,Ramachandran2019_Nature,mesothelial marker program,mesenchymal_hsc_myofibroblast,RAB7B,UP_IN_STATE,GSE136103,scRNA-seq,mixed nonviral cirrhosis,Supplementary Table 16,supplementary file,TRUE,REUSED,MESOTHELIAL; positive cluster marker (avg_logFC>0); external only outside GSE136103
RAM2019_MES_MESOTHELIAL,Ramachandran2019_Nature,mesothelial marker program,mesenchymal_hsc_myofibroblast,VSIG2,UP_IN_STATE,GSE136103,scRNA-seq,mixed nonviral cirrhosis,Supplementary Table 16,supplementary file,TRUE,REUSED,MESOTHELIAL; positive cluster marker (avg_logFC>0); external only outside GSE136103
RAM2019_MES_MESOTHELIAL,Ramachandran2019_Nature,mesothelial marker program,mesenchymal_hsc_myofibroblast,OGN,UP_IN_STATE,GSE136103,scRNA-seq,mixed nonviral cirrhosis,Supplementary Table 16,supplementary file,TRUE,REUSED,MESOTHELIAL; positive cluster marker (avg_logFC>0); external only outside GSE136103
RAM2019_MES_MESOTHELIAL,Ramachandran2019_Nature,mesothelial marker program,mesenchymal_hsc_myofibroblast,UBXN4,UP_IN_STATE,GSE136103,scRNA-seq,mixed nonviral cirrhosis,Supplementary Table 16,supplementary file,TRUE,REUSED,MESOTHELIAL; positive cluster marker (avg_logFC>0); external only outside GSE136103
RAM2019_MES_MESOTHELIAL,Ramachandran2019_Nature,mesothelial marker program,mesenchymal_hsc_myofibroblast,HM13,UP_IN_STATE,GSE136103,scRNA-seq,mixed nonviral cirrhosis,Supplementary Table 16,supplementary file,TRUE,REUSED,MESOTHELIAL; positive cluster marker (avg_logFC>0); external only outside GSE136103
RAM2019_MES_MESOTHELIAL,Ramachandran2019_Nature,mesothelial marker program,mesenchymal_hsc_myofibroblast,PYCARD,UP_IN_STATE,GSE136103,scRNA-seq,mixed nonviral cirrhosis,Supplementary Table 16,supplementary file,TRUE,REUSED,MESOTHELIAL; positive cluster marker (avg_logFC>0); external only outside GSE136103
RAM2019_MES_MESOTHELIAL,Ramachandran2019_Nature,mesothelial marker program,mesenchymal_hsc_myofibroblast,PRSS23,UP_IN_STATE,GSE136103,scRNA-seq,mixed nonviral cirrhosis,Supplementary Table 16,supplementary file,TRUE,REUSED,MESOTHELIAL; positive cluster marker (avg_logFC>0); external only outside GSE136103
RAM2019_MES_MESOTHELIAL,Ramachandran2019_Nature,mesothelial marker program,mesenchymal_hsc_myofibroblast,GPC3,UP_IN_STATE,GSE136103,scRNA-seq,mixed nonviral cirrhosis,Supplementary Table 16,supplementary file,TRUE,REUSED,MESOTHELIAL; positive cluster marker (avg_logFC>0); external only outside GSE136103
RAM2019_MES_MESOTHELIAL,Ramachandran2019_Nature,mesothelial marker program,mesenchymal_hsc_myofibroblast,AIF1,UP_IN_STATE,GSE136103,scRNA-seq,mixed nonviral cirrhosis,Supplementary Table 16,supplementary file,TRUE,REUSED,MESOTHELIAL; positive cluster marker (avg_logFC>0); external only outside GSE136103
RAM2019_MES_MESOTHELIAL,Ramachandran2019_Nature,mesothelial marker program,mesenchymal_hsc_myofibroblast,WBP5,UP_IN_STATE,GSE136103,scRNA-seq,mixed nonviral cirrhosis,Supplementary Table 16,supplementary file,TRUE,REUSED,MESOTHELIAL; positive cluster marker (avg_logFC>0); external only outside GSE136103
RAM2019_MES_MESOTHELIAL,Ramachandran2019_Nature,mesothelial marker program,mesenchymal_hsc_myofibroblast,CLTB,UP_IN_STATE,GSE136103,scRNA-seq,mixed nonviral cirrhosis,Supplementary Table 16,supplementary file,TRUE,REUSED,MESOTHELIAL; positive cluster marker (avg_logFC>0); external only outside GSE136103
RAM2019_MES_MESOTHELIAL,Ramachandran2019_Nature,mesothelial marker program,mesenchymal_hsc_myofibroblast,SEL1L3,UP_IN_STATE,GSE136103,scRNA-seq,mixed nonviral cirrhosis,Supplementary Table 16,supplementary file,TRUE,REUSED,MESOTHELIAL; positive cluster marker (avg_logFC>0); external only outside GSE136103
RAM2019_MES_MESOTHELIAL,Ramachandran2019_Nature,mesothelial marker program,mesenchymal_hsc_myofibroblast,REXO2,UP_IN_STATE,GSE136103,scRNA-seq,mixed nonviral cirrhosis,Supplementary Table 16,supplementary file,TRUE,REUSED,MESOTHELIAL; positive cluster marker (avg_logFC>0); external only outside GSE136103
RAM2019_MES_MESOTHELIAL,Ramachandran2019_Nature,mesothelial marker program,mesenchymal_hsc_myofibroblast,EMP3,UP_IN_STATE,GSE136103,scRNA-seq,mixed nonviral cirrhosis,Supplementary Table 16,supplementary file,TRUE,REUSED,MESOTHELIAL; positive cluster marker (avg_logFC>0); external only outside GSE136103
RAM2019_MES_MESOTHELIAL,Ramachandran2019_Nature,mesothelial marker program,mesenchymal_hsc_myofibroblast,EBPL,UP_IN_STATE,GSE136103,scRNA-seq,mixed nonviral cirrhosis,Supplementary Table 16,supplementary file,TRUE,REUSED,MESOTHELIAL; positive cluster marker (avg_logFC>0); external only outside GSE136103
RAM2019_MES_MESOTHELIAL,Ramachandran2019_Nature,mesothelial marker program,mesenchymal_hsc_myofibroblast,MESDC2,UP_IN_STATE,GSE136103,scRNA-seq,mixed nonviral cirrhosis,Supplementary Table 16,supplementary file,TRUE,REUSED,MESOTHELIAL; positive cluster marker (avg_logFC>0); external only outside GSE136103
RAM2019_MES_MESOTHELIAL,Ramachandran2019_Nature,mesothelial marker program,mesenchymal_hsc_myofibroblast,ABI3BP,UP_IN_STATE,GSE136103,scRNA-seq,mixed nonviral cirrhosis,Supplementary Table 16,supplementary file,TRUE,REUSED,MESOTHELIAL; positive cluster marker (avg_logFC>0); external only outside GSE136103
RAM2019_MES_MESOTHELIAL,Ramachandran2019_Nature,mesothelial marker program,mesenchymal_hsc_myofibroblast,NPDC1,UP_IN_STATE,GSE136103,scRNA-seq,mixed nonviral cirrhosis,Supplementary Table 16,supplementary file,TRUE,REUSED,MESOTHELIAL; positive cluster marker (avg_logFC>0); external only outside GSE136103
RAM2019_MES_MESOTHELIAL,Ramachandran2019_Nature,mesothelial marker program,mesenchymal_hsc_myofibroblast,EIF4EBP1,UP_IN_STATE,GSE136103,scRNA-seq,mixed nonviral cirrhosis,Supplementary Table 16,supplementary file,TRUE,REUSED,MESOTHELIAL; positive cluster marker (avg_logFC>0); external only outside GSE136103
RAM2019_MES_MESOTHELIAL,Ramachandran2019_Nature,mesothelial marker program,mesenchymal_hsc_myofibroblast,UBA52,UP_IN_STATE,GSE136103,scRNA-seq,mixed nonviral cirrhosis,Supplementary Table 16,supplementary file,TRUE,REUSED,MESOTHELIAL; positive cluster marker (avg_logFC>0); external only outside GSE136103
RAM2019_MES_MESOTHELIAL,Ramachandran2019_Nature,mesothelial marker program,mesenchymal_hsc_myofibroblast,MPST,UP_IN_STATE,GSE136103,scRNA-seq,mixed nonviral cirrhosis,Supplementary Table 16,supplementary file,TRUE,REUSED,MESOTHELIAL; positive cluster marker (avg_logFC>0); external only outside GSE136103
RAM2019_MES_MESOTHELIAL,Ramachandran2019_Nature,mesothelial marker program,mesenchymal_hsc_myofibroblast,TM4SF1,UP_IN_STATE,GSE136103,scRNA-seq,mixed nonviral cirrhosis,Supplementary Table 16,supplementary file,TRUE,REUSED,MESOTHELIAL; positive cluster marker (avg_logFC>0); external only outside GSE136103
RAM2019_MES_MESOTHELIAL,Ramachandran2019_Nature,mesothelial marker program,mesenchymal_hsc_myofibroblast,HIGD2A,UP_IN_STATE,GSE136103,scRNA-seq,mixed nonviral cirrhosis,Supplementary Table 16,supplementary file,TRUE,REUSED,MESOTHELIAL; positive cluster marker (avg_logFC>0); external only outside GSE136103
RAM2019_MES_MESOTHELIAL,Ramachandran2019_Nature,mesothelial marker program,mesenchymal_hsc_myofibroblast,DHCR24,UP_IN_STATE,GSE136103,scRNA-seq,mixed nonviral cirrhosis,Supplementary Table 16,supplementary file,TRUE,REUSED,MESOTHELIAL; positive cluster marker (avg_logFC>0); external only outside GSE136103
RAM2019_MES_MESOTHELIAL,Ramachandran2019_Nature,mesothelial marker program,mesenchymal_hsc_myofibroblast,PDGFRA,UP_IN_STATE,GSE136103,scRNA-seq,mixed nonviral cirrhosis,Supplementary Table 16,supplementary file,TRUE,REUSED,MESOTHELIAL; positive cluster marker (avg_logFC>0); external only outside GSE136103
RAM2019_MES_MESOTHELIAL,Ramachandran2019_Nature,mesothelial marker program,mesenchymal_hsc_myofibroblast,ODF2L,UP_IN_STATE,GSE136103,scRNA-seq,mixed nonviral cirrhosis,Supplementary Table 16,supplementary file,TRUE,REUSED,MESOTHELIAL; positive cluster marker (avg_logFC>0); external only outside GSE136103
RAM2019_MES_MESOTHELIAL,Ramachandran2019_Nature,mesothelial marker program,mesenchymal_hsc_myofibroblast,RPL8,UP_IN_STATE,GSE136103,scRNA-seq,mixed nonviral cirrhosis,Supplementary Table 16,supplementary file,TRUE,REUSED,MESOTHELIAL; positive cluster marker (avg_logFC>0); external only outside GSE136103
RAM2019_MES_MESOTHELIAL,Ramachandran2019_Nature,mesothelial marker program,mesenchymal_hsc_myofibroblast,ARMC10,UP_IN_STATE,GSE136103,scRNA-seq,mixed nonviral cirrhosis,Supplementary Table 16,supplementary file,TRUE,REUSED,MESOTHELIAL; positive cluster marker (avg_logFC>0); external only outside GSE136103
RAM2019_MES_MESOTHELIAL,Ramachandran2019_Nature,mesothelial marker program,mesenchymal_hsc_myofibroblast,SEC11A,UP_IN_STATE,GSE136103,scRNA-seq,mixed nonviral cirrhosis,Supplementary Table 16,supplementary file,TRUE,REUSED,MESOTHELIAL; positive cluster marker (avg_logFC>0); external only outside GSE136103
RAM2019_MES_MESOTHELIAL,Ramachandran2019_Nature,mesothelial marker program,mesenchymal_hsc_myofibroblast,BNC1,UP_IN_STATE,GSE136103,scRNA-seq,mixed nonviral cirrhosis,Supplementary Table 16,supplementary file,TRUE,REUSED,MESOTHELIAL; positive cluster marker (avg_logFC>0); external only outside GSE136103
RAM2019_MES_MESOTHELIAL,Ramachandran2019_Nature,mesothelial marker program,mesenchymal_hsc_myofibroblast,RP11-420N3.2,UP_IN_STATE,GSE136103,scRNA-seq,mixed nonviral cirrhosis,Supplementary Table 16,supplementary file,TRUE,REUSED,MESOTHELIAL; positive cluster marker (avg_logFC>0); external only outside GSE136103
RAM2019_MES_MESOTHELIAL,Ramachandran2019_Nature,mesothelial marker program,mesenchymal_hsc_myofibroblast,CUX1,UP_IN_STATE,GSE136103,scRNA-seq,mixed nonviral cirrhosis,Supplementary Table 16,supplementary file,TRUE,REUSED,MESOTHELIAL; positive cluster marker (avg_logFC>0); external only outside GSE136103
RAM2019_MES_MESOTHELIAL,Ramachandran2019_Nature,mesothelial marker program,mesenchymal_hsc_myofibroblast,TMEM179B,UP_IN_STATE,GSE136103,scRNA-seq,mixed nonviral cirrhosis,Supplementary Table 16,supplementary file,TRUE,REUSED,MESOTHELIAL; positive cluster marker (avg_logFC>0); external only outside GSE136103
RAM2019_MES_MESOTHELIAL,Ramachandran2019_Nature,mesothelial marker program,mesenchymal_hsc_myofibroblast,DPYS,UP_IN_STATE,GSE136103,scRNA-seq,mixed nonviral cirrhosis,Supplementary Table 16,supplementary file,TRUE,REUSED,MESOTHELIAL; positive cluster marker (avg_logFC>0); external only outside GSE136103
RAM2019_MES_MESOTHELIAL,Ramachandran2019_Nature,mesothelial marker program,mesenchymal_hsc_myofibroblast,SEC61B,UP_IN_STATE,GSE136103,scRNA-seq,mixed nonviral cirrhosis,Supplementary Table 16,supplementary file,TRUE,REUSED,MESOTHELIAL; positive cluster marker (avg_logFC>0); external only outside GSE136103
RAM2019_MES_MESOTHELIAL,Ramachandran2019_Nature,mesothelial marker program,mesenchymal_hsc_myofibroblast,ALKBH7,UP_IN_STATE,GSE136103,scRNA-seq,mixed nonviral cirrhosis,Supplementary Table 16,supplementary file,TRUE,REUSED,MESOTHELIAL; positive cluster marker (avg_logFC>0); external only outside GSE136103
RAM2019_MES_MESOTHELIAL,Ramachandran2019_Nature,mesothelial marker program,mesenchymal_hsc_myofibroblast,CHRDL1,UP_IN_STATE,GSE136103,scRNA-seq,mixed nonviral cirrhosis,Supplementary Table 16,supplementary file,TRUE,REUSED,MESOTHELIAL; positive cluster marker (avg_logFC>0); external only outside GSE136103
RAM2019_MES_MESOTHELIAL,Ramachandran2019_Nature,mesothelial marker program,mesenchymal_hsc_myofibroblast,DDOST,UP_IN_STATE,GSE136103,scRNA-seq,mixed nonviral cirrhosis,Supplementary Table 16,supplementary file,TRUE,REUSED,MESOTHELIAL; positive cluster marker (avg_logFC>0); external only outside GSE136103
RAM2019_MES_MESOTHELIAL,Ramachandran2019_Nature,mesothelial marker program,mesenchymal_hsc_myofibroblast,DPP4,UP_IN_STATE,GSE136103,scRNA-seq,mixed nonviral cirrhosis,Supplementary Table 16,supplementary file,TRUE,REUSED,MESOTHELIAL; positive cluster marker (avg_logFC>0); external only outside GSE136103
RAM2019_MES_MESOTHELIAL,Ramachandran2019_Nature,mesothelial marker program,mesenchymal_hsc_myofibroblast,TMEM37,UP_IN_STATE,GSE136103,scRNA-seq,mixed nonviral cirrhosis,Supplementary Table 16,supplementary file,TRUE,REUSED,MESOTHELIAL; positive cluster marker (avg_logFC>0); external only outside GSE136103
RAM2019_MES_MESOTHELIAL,Ramachandran2019_Nature,mesothelial marker program,mesenchymal_hsc_myofibroblast,TP53TG1,UP_IN_STATE,GSE136103,scRNA-seq,mixed nonviral cirrhosis,Supplementary Table 16,supplementary file,TRUE,REUSED,MESOTHELIAL; positive cluster marker (avg_logFC>0); external only outside GSE136103
RAM2019_MES_MESOTHELIAL,Ramachandran2019_Nature,mesothelial marker program,mesenchymal_hsc_myofibroblast,TRAPPC2L,UP_IN_STATE,GSE136103,scRNA-seq,mixed nonviral cirrhosis,Supplementary Table 16,supplementary file,TRUE,REUSED,MESOTHELIAL; positive cluster marker (avg_logFC>0); external only outside GSE136103
RAM2019_MES_MESOTHELIAL,Ramachandran2019_Nature,mesothelial marker program,mesenchymal_hsc_myofibroblast,CANX,UP_IN_STATE,GSE136103,scRNA-seq,mixed nonviral cirrhosis,Supplementary Table 16,supplementary file,TRUE,REUSED,MESOTHELIAL; positive cluster marker (avg_logFC>0); external only outside GSE136103
RAM2019_MES_MESOTHELIAL,Ramachandran2019_Nature,mesothelial marker program,mesenchymal_hsc_myofibroblast,ATP5E,UP_IN_STATE,GSE136103,scRNA-seq,mixed nonviral cirrhosis,Supplementary Table 16,supplementary file,TRUE,REUSED,MESOTHELIAL; positive cluster marker (avg_logFC>0); external only outside GSE136103
RAM2019_MES_MESOTHELIAL,Ramachandran2019_Nature,mesothelial marker program,mesenchymal_hsc_myofibroblast,PDLIM1,UP_IN_STATE,GSE136103,scRNA-seq,mixed nonviral cirrhosis,Supplementary Table 16,supplementary file,TRUE,REUSED,MESOTHELIAL; positive cluster marker (avg_logFC>0); external only outside GSE136103
RAM2019_MES_MESOTHELIAL,Ramachandran2019_Nature,mesothelial marker program,mesenchymal_hsc_myofibroblast,HTRA1,UP_IN_STATE,GSE136103,scRNA-seq,mixed nonviral cirrhosis,Supplementary Table 16,supplementary file,TRUE,REUSED,MESOTHELIAL; positive cluster marker (avg_logFC>0); external only outside GSE136103
RAM2019_MES_MESOTHELIAL,Ramachandran2019_Nature,mesothelial marker program,mesenchymal_hsc_myofibroblast,APRT,UP_IN_STATE,GSE136103,scRNA-seq,mixed nonviral cirrhosis,Supplementary Table 16,supplementary file,TRUE,REUSED,MESOTHELIAL; positive cluster marker (avg_logFC>0); external only outside GSE136103
RAM2019_MES_MESOTHELIAL,Ramachandran2019_Nature,mesothelial marker program,mesenchymal_hsc_myofibroblast,ALDH1A2,UP_IN_STATE,GSE136103,scRNA-seq,mixed nonviral cirrhosis,Supplementary Table 16,supplementary file,TRUE,REUSED,MESOTHELIAL; positive cluster marker (avg_logFC>0); external only outside GSE136103
RAM2019_MES_MESOTHELIAL,Ramachandran2019_Nature,mesothelial marker program,mesenchymal_hsc_myofibroblast,IFI6,UP_IN_STATE,GSE136103,scRNA-seq,mixed nonviral cirrhosis,Supplementary Table 16,supplementary file,TRUE,REUSED,MESOTHELIAL; positive cluster marker (avg_logFC>0); external only outside GSE136103
RAM2019_MES_MESOTHELIAL,Ramachandran2019_Nature,mesothelial marker program,mesenchymal_hsc_myofibroblast,VCAM1,UP_IN_STATE,GSE136103,scRNA-seq,mixed nonviral cirrhosis,Supplementary Table 16,supplementary file,TRUE,REUSED,MESOTHELIAL; positive cluster marker (avg_logFC>0); external only outside GSE136103
RAM2019_MES_MESOTHELIAL,Ramachandran2019_Nature,mesothelial marker program,mesenchymal_hsc_myofibroblast,GNG5,UP_IN_STATE,GSE136103,scRNA-seq,mixed nonviral cirrhosis,Supplementary Table 16,supplementary file,TRUE,REUSED,MESOTHELIAL; positive cluster marker (avg_logFC>0); external only outside GSE136103
RAM2019_MES_MESOTHELIAL,Ramachandran2019_Nature,mesothelial marker program,mesenchymal_hsc_myofibroblast,MRPS33,UP_IN_STATE,GSE136103,scRNA-seq,mixed nonviral cirrhosis,Supplementary Table 16,supplementary file,TRUE,REUSED,MESOTHELIAL; positive cluster marker (avg_logFC>0); external only outside GSE136103
RAM2019_MES_MESOTHELIAL,Ramachandran2019_Nature,mesothelial marker program,mesenchymal_hsc_myofibroblast,GRIA2,UP_IN_STATE,GSE136103,scRNA-seq,mixed nonviral cirrhosis,Supplementary Table 16,supplementary file,TRUE,REUSED,MESOTHELIAL; positive cluster marker (avg_logFC>0); external only outside GSE136103
RAM2019_MES_MESOTHELIAL,Ramachandran2019_Nature,mesothelial marker program,mesenchymal_hsc_myofibroblast,UPK1B,UP_IN_STATE,GSE136103,scRNA-seq,mixed nonviral cirrhosis,Supplementary Table 16,supplementary file,TRUE,REUSED,MESOTHELIAL; positive cluster marker (avg_logFC>0); external only outside GSE136103
RAM2019_MES_MESOTHELIAL,Ramachandran2019_Nature,mesothelial marker program,mesenchymal_hsc_myofibroblast,FIS1,UP_IN_STATE,GSE136103,scRNA-seq,mixed nonviral cirrhosis,Supplementary Table 16,supplementary file,TRUE,REUSED,MESOTHELIAL; positive cluster marker (avg_logFC>0); external only outside GSE136103
RAM2019_MES_MESOTHELIAL,Ramachandran2019_Nature,mesothelial marker program,mesenchymal_hsc_myofibroblast,TMBIM4,UP_IN_STATE,GSE136103,scRNA-seq,mixed nonviral cirrhosis,Supplementary Table 16,supplementary file,TRUE,REUSED,MESOTHELIAL; positive cluster marker (avg_logFC>0); external only outside GSE136103
RAM2019_MES_MESOTHELIAL,Ramachandran2019_Nature,mesothelial marker program,mesenchymal_hsc_myofibroblast,PVRL2,UP_IN_STATE,GSE136103,scRNA-seq,mixed nonviral cirrhosis,Supplementary Table 16,supplementary file,TRUE,REUSED,MESOTHELIAL; positive cluster marker (avg_logFC>0); external only outside GSE136103
RAM2019_MES_MESOTHELIAL,Ramachandran2019_Nature,mesothelial marker program,mesenchymal_hsc_myofibroblast,TEX264,UP_IN_STATE,GSE136103,scRNA-seq,mixed nonviral cirrhosis,Supplementary Table 16,supplementary file,TRUE,REUSED,MESOTHELIAL; positive cluster marker (avg_logFC>0); external only outside GSE136103
RAM2019_MES_MESOTHELIAL,Ramachandran2019_Nature,mesothelial marker program,mesenchymal_hsc_myofibroblast,YIPF3,UP_IN_STATE,GSE136103,scRNA-seq,mixed nonviral cirrhosis,Supplementary Table 16,supplementary file,TRUE,REUSED,MESOTHELIAL; positive cluster marker (avg_logFC>0); external only outside GSE136103
RAM2019_MES_MESOTHELIAL,Ramachandran2019_Nature,mesothelial marker program,mesenchymal_hsc_myofibroblast,HEG1,UP_IN_STATE,GSE136103,scRNA-seq,mixed nonviral cirrhosis,Supplementary Table 16,supplementary file,TRUE,REUSED,MESOTHELIAL; positive cluster marker (avg_logFC>0); external only outside GSE136103
RAM2019_MES_MESOTHELIAL,Ramachandran2019_Nature,mesothelial marker program,mesenchymal_hsc_myofibroblast,TMED9,UP_IN_STATE,GSE136103,scRNA-seq,mixed nonviral cirrhosis,Supplementary Table 16,supplementary file,TRUE,REUSED,MESOTHELIAL; positive cluster marker (avg_logFC>0); external only outside GSE136103
RAM2019_MES_MESOTHELIAL,Ramachandran2019_Nature,mesothelial marker program,mesenchymal_hsc_myofibroblast,KRT10,UP_IN_STATE,GSE136103,scRNA-seq,mixed nonviral cirrhosis,Supplementary Table 16,supplementary file,TRUE,REUSED,MESOTHELIAL; positive cluster marker (avg_logFC>0); external only outside GSE136103
RAM2019_MES_MESOTHELIAL,Ramachandran2019_Nature,mesothelial marker program,mesenchymal_hsc_myofibroblast,KIF22,UP_IN_STATE,GSE136103,scRNA-seq,mixed nonviral cirrhosis,Supplementary Table 16,supplementary file,TRUE,REUSED,MESOTHELIAL; positive cluster marker (avg_logFC>0); external only outside GSE136103
RAM2019_MES_MESOTHELIAL,Ramachandran2019_Nature,mesothelial marker program,mesenchymal_hsc_myofibroblast,PLAUR,UP_IN_STATE,GSE136103,scRNA-seq,mixed nonviral cirrhosis,Supplementary Table 16,supplementary file,TRUE,REUSED,MESOTHELIAL; positive cluster marker (avg_logFC>0); external only outside GSE136103
RAM2019_MES_MESOTHELIAL,Ramachandran2019_Nature,mesothelial marker program,mesenchymal_hsc_myofibroblast,PGLS,UP_IN_STATE,GSE136103,scRNA-seq,mixed nonviral cirrhosis,Supplementary Table 16,supplementary file,TRUE,REUSED,MESOTHELIAL; positive cluster marker (avg_logFC>0); external only outside GSE136103
RAM2019_MES_MESOTHELIAL,Ramachandran2019_Nature,mesothelial marker program,mesenchymal_hsc_myofibroblast,NACA,UP_IN_STATE,GSE136103,scRNA-seq,mixed nonviral cirrhosis,Supplementary Table 16,supplementary file,TRUE,REUSED,MESOTHELIAL; positive cluster marker (avg_logFC>0); external only outside GSE136103
RAM2019_MES_MESOTHELIAL,Ramachandran2019_Nature,mesothelial marker program,mesenchymal_hsc_myofibroblast,CXCL6,UP_IN_STATE,GSE136103,scRNA-seq,mixed nonviral cirrhosis,Supplementary Table 16,supplementary file,TRUE,REUSED,MESOTHELIAL; positive cluster marker (avg_logFC>0); external only outside GSE136103
RAM2019_MES_MESOTHELIAL,Ramachandran2019_Nature,mesothelial marker program,mesenchymal_hsc_myofibroblast,MFAP2,UP_IN_STATE,GSE136103,scRNA-seq,mixed nonviral cirrhosis,Supplementary Table 16,supplementary file,TRUE,REUSED,MESOTHELIAL; positive cluster marker (avg_logFC>0); external only outside GSE136103
RAM2019_MES_MESOTHELIAL,Ramachandran2019_Nature,mesothelial marker program,mesenchymal_hsc_myofibroblast,DECR1,UP_IN_STATE,GSE136103,scRNA-seq,mixed nonviral cirrhosis,Supplementary Table 16,supplementary file,TRUE,REUSED,MESOTHELIAL; positive cluster marker (avg_logFC>0); external only outside GSE136103
RAM2019_MES_MESOTHELIAL,Ramachandran2019_Nature,mesothelial marker program,mesenchymal_hsc_myofibroblast,B9D1,UP_IN_STATE,GSE136103,scRNA-seq,mixed nonviral cirrhosis,Supplementary Table 16,supplementary file,TRUE,REUSED,MESOTHELIAL; positive cluster marker (avg_logFC>0); external only outside GSE136103
RAM2019_MES_MESOTHELIAL,Ramachandran2019_Nature,mesothelial marker program,mesenchymal_hsc_myofibroblast,CHI3L1,UP_IN_STATE,GSE136103,scRNA-seq,mixed nonviral cirrhosis,Supplementary Table 16,supplementary file,TRUE,REUSED,MESOTHELIAL; positive cluster marker (avg_logFC>0); external only outside GSE136103
RAM2019_MES_MESOTHELIAL,Ramachandran2019_Nature,mesothelial marker program,mesenchymal_hsc_myofibroblast,LSR,UP_IN_STATE,GSE136103,scRNA-seq,mixed nonviral cirrhosis,Supplementary Table 16,supplementary file,TRUE,REUSED,MESOTHELIAL; positive cluster marker (avg_logFC>0); external only outside GSE136103
RAM2019_MES_MESOTHELIAL,Ramachandran2019_Nature,mesothelial marker program,mesenchymal_hsc_myofibroblast,IFT22,UP_IN_STATE,GSE136103,scRNA-seq,mixed nonviral cirrhosis,Supplementary Table 16,supplementary file,TRUE,REUSED,MESOTHELIAL; positive cluster marker (avg_logFC>0); external only outside GSE136103
RAM2019_MES_MESOTHELIAL,Ramachandran2019_Nature,mesothelial marker program,mesenchymal_hsc_myofibroblast,RPL14,UP_IN_STATE,GSE136103,scRNA-seq,mixed nonviral cirrhosis,Supplementary Table 16,supplementary file,TRUE,REUSED,MESOTHELIAL; positive cluster marker (avg_logFC>0); external only outside GSE136103
RAM2019_MES_MESOTHELIAL,Ramachandran2019_Nature,mesothelial marker program,mesenchymal_hsc_myofibroblast,SULF2,UP_IN_STATE,GSE136103,scRNA-seq,mixed nonviral cirrhosis,Supplementary Table 16,supplementary file,TRUE,REUSED,MESOTHELIAL; positive cluster marker (avg_logFC>0); external only outside GSE136103
RAM2019_MES_MESOTHELIAL,Ramachandran2019_Nature,mesothelial marker program,mesenchymal_hsc_myofibroblast,SERP1,UP_IN_STATE,GSE136103,scRNA-seq,mixed nonviral cirrhosis,Supplementary Table 16,supplementary file,TRUE,REUSED,MESOTHELIAL; positive cluster marker (avg_logFC>0); external only outside GSE136103
RAM2019_MES_MESOTHELIAL,Ramachandran2019_Nature,mesothelial marker program,mesenchymal_hsc_myofibroblast,PLLP,UP_IN_STATE,GSE136103,scRNA-seq,mixed nonviral cirrhosis,Supplementary Table 16,supplementary file,TRUE,REUSED,MESOTHELIAL; positive cluster marker (avg_logFC>0); external only outside GSE136103
RAM2019_MES_MESOTHELIAL,Ramachandran2019_Nature,mesothelial marker program,mesenchymal_hsc_myofibroblast,PRDX4,UP_IN_STATE,GSE136103,scRNA-seq,mixed nonviral cirrhosis,Supplementary Table 16,supplementary file,TRUE,REUSED,MESOTHELIAL; positive cluster marker (avg_logFC>0); external only outside GSE136103
RAM2019_MES_MESOTHELIAL,Ramachandran2019_Nature,mesothelial marker program,mesenchymal_hsc_myofibroblast,CAPNS1,UP_IN_STATE,GSE136103,scRNA-seq,mixed nonviral cirrhosis,Supplementary Table 16,supplementary file,TRUE,REUSED,MESOTHELIAL; positive cluster marker (avg_logFC>0); external only outside GSE136103
RAM2019_MES_MESOTHELIAL,Ramachandran2019_Nature,mesothelial marker program,mesenchymal_hsc_myofibroblast,GMPR,UP_IN_STATE,GSE136103,scRNA-seq,mixed nonviral cirrhosis,Supplementary Table 16,supplementary file,TRUE,REUSED,MESOTHELIAL; positive cluster marker (avg_logFC>0); external only outside GSE136103
RAM2019_MES_MESOTHELIAL,Ramachandran2019_Nature,mesothelial marker program,mesenchymal_hsc_myofibroblast,PDLIM4,UP_IN_STATE,GSE136103,scRNA-seq,mixed nonviral cirrhosis,Supplementary Table 16,supplementary file,TRUE,REUSED,MESOTHELIAL; positive cluster marker (avg_logFC>0); external only outside GSE136103
RAM2019_MES_MESOTHELIAL,Ramachandran2019_Nature,mesothelial marker program,mesenchymal_hsc_myofibroblast,G6PC3,UP_IN_STATE,GSE136103,scRNA-seq,mixed nonviral cirrhosis,Supplementary Table 16,supplementary file,TRUE,REUSED,MESOTHELIAL; positive cluster marker (avg_logFC>0); external only outside GSE136103
RAM2019_MES_MESOTHELIAL,Ramachandran2019_Nature,mesothelial marker program,mesenchymal_hsc_myofibroblast,SNX10,UP_IN_STATE,GSE136103,scRNA-seq,mixed nonviral cirrhosis,Supplementary Table 16,supplementary file,TRUE,REUSED,MESOTHELIAL; positive cluster marker (avg_logFC>0); external only outside GSE136103
RAM2019_MES_MESOTHELIAL,Ramachandran2019_Nature,mesothelial marker program,mesenchymal_hsc_myofibroblast,TMEM91,UP_IN_STATE,GSE136103,scRNA-seq,mixed nonviral cirrhosis,Supplementary Table 16,supplementary file,TRUE,REUSED,MESOTHELIAL; positive cluster marker (avg_logFC>0); external only outside GSE136103
RAM2019_MES_MESOTHELIAL,Ramachandran2019_Nature,mesothelial marker program,mesenchymal_hsc_myofibroblast,CBX3,UP_IN_STATE,GSE136103,scRNA-seq,mixed nonviral cirrhosis,Supplementary Table 16,supplementary file,TRUE,REUSED,MESOTHELIAL; positive cluster marker (avg_logFC>0); external only outside GSE136103
RAM2019_MES_MESOTHELIAL,Ramachandran2019_Nature,mesothelial marker program,mesenchymal_hsc_myofibroblast,PARD6B,UP_IN_STATE,GSE136103,scRNA-seq,mixed nonviral cirrhosis,Supplementary Table 16,supplementary file,TRUE,REUSED,MESOTHELIAL; positive cluster marker (avg_logFC>0); external only outside GSE136103
RAM2019_MES_MESOTHELIAL,Ramachandran2019_Nature,mesothelial marker program,mesenchymal_hsc_myofibroblast,TNFRSF12A,UP_IN_STATE,GSE136103,scRNA-seq,mixed nonviral cirrhosis,Supplementary Table 16,supplementary file,TRUE,REUSED,MESOTHELIAL; positive cluster marker (avg_logFC>0); external only outside GSE136103
RAM2019_MES_MESOTHELIAL,Ramachandran2019_Nature,mesothelial marker program,mesenchymal_hsc_myofibroblast,TMEM14C,UP_IN_STATE,GSE136103,scRNA-seq,mixed nonviral cirrhosis,Supplementary Table 16,supplementary file,TRUE,REUSED,MESOTHELIAL; positive cluster marker (avg_logFC>0); external only outside GSE136103
RAM2019_MES_MESOTHELIAL,Ramachandran2019_Nature,mesothelial marker program,mesenchymal_hsc_myofibroblast,COX4I1,UP_IN_STATE,GSE136103,scRNA-seq,mixed nonviral cirrhosis,Supplementary Table 16,supplementary file,TRUE,REUSED,MESOTHELIAL; positive cluster marker (avg_logFC>0); external only outside GSE136103
RAM2019_MES_MESOTHELIAL,Ramachandran2019_Nature,mesothelial marker program,mesenchymal_hsc_myofibroblast,ZDHHC12,UP_IN_STATE,GSE136103,scRNA-seq,mixed nonviral cirrhosis,Supplementary Table 16,supplementary file,TRUE,REUSED,MESOTHELIAL; positive cluster marker (avg_logFC>0); external only outside GSE136103
RAM2019_MES_MESOTHELIAL,Ramachandran2019_Nature,mesothelial marker program,mesenchymal_hsc_myofibroblast,AGTRAP,UP_IN_STATE,GSE136103,scRNA-seq,mixed nonviral cirrhosis,Supplementary Table 16,supplementary file,TRUE,REUSED,MESOTHELIAL; positive cluster marker (avg_logFC>0); external only outside GSE136103
RAM2019_MES_MESOTHELIAL,Ramachandran2019_Nature,mesothelial marker program,mesenchymal_hsc_myofibroblast,TRDC,UP_IN_STATE,GSE136103,scRNA-seq,mixed nonviral cirrhosis,Supplementary Table 16,supplementary file,TRUE,REUSED,MESOTHELIAL; positive cluster marker (avg_logFC>0); external only outside GSE136103
RAM2019_MES_MESOTHELIAL,Ramachandran2019_Nature,mesothelial marker program,mesenchymal_hsc_myofibroblast,TPI1,UP_IN_STATE,GSE136103,scRNA-seq,mixed nonviral cirrhosis,Supplementary Table 16,supplementary file,TRUE,REUSED,MESOTHELIAL; positive cluster marker (avg_logFC>0); external only outside GSE136103
RAM2019_MES_MESOTHELIAL,Ramachandran2019_Nature,mesothelial marker program,mesenchymal_hsc_myofibroblast,ANXA8,UP_IN_STATE,GSE136103,scRNA-seq,mixed nonviral cirrhosis,Supplementary Table 16,supplementary file,TRUE,REUSED,MESOTHELIAL; positive cluster marker (avg_logFC>0); external only outside GSE136103
RAM2019_MES_MESOTHELIAL,Ramachandran2019_Nature,mesothelial marker program,mesenchymal_hsc_myofibroblast,FCGRT,UP_IN_STATE,GSE136103,scRNA-seq,mixed nonviral cirrhosis,Supplementary Table 16,supplementary file,TRUE,REUSED,MESOTHELIAL; positive cluster marker (avg_logFC>0); external only outside GSE136103
RAM2019_MES_MESOTHELIAL,Ramachandran2019_Nature,mesothelial marker program,mesenchymal_hsc_myofibroblast,PSMB8,UP_IN_STATE,GSE136103,scRNA-seq,mixed nonviral cirrhosis,Supplementary Table 16,supplementary file,TRUE,REUSED,MESOTHELIAL; positive cluster marker (avg_logFC>0); external only outside GSE136103
RAM2019_MES_MESOTHELIAL,Ramachandran2019_Nature,mesothelial marker program,mesenchymal_hsc_myofibroblast,CYSTM1,UP_IN_STATE,GSE136103,scRNA-seq,mixed nonviral cirrhosis,Supplementary Table 16,supplementary file,TRUE,REUSED,MESOTHELIAL; positive cluster marker (avg_logFC>0); external only outside GSE136103
RAM2019_MES_MESOTHELIAL,Ramachandran2019_Nature,mesothelial marker program,mesenchymal_hsc_myofibroblast,LINC00162,UP_IN_STATE,GSE136103,scRNA-seq,mixed nonviral cirrhosis,Supplementary Table 16,supplementary file,TRUE,REUSED,MESOTHELIAL; positive cluster marker (avg_logFC>0); external only outside GSE136103
RAM2019_MES_MESOTHELIAL,Ramachandran2019_Nature,mesothelial marker program,mesenchymal_hsc_myofibroblast,FSTL1,UP_IN_STATE,GSE136103,scRNA-seq,mixed nonviral cirrhosis,Supplementary Table 16,supplementary file,TRUE,REUSED,MESOTHELIAL; positive cluster marker (avg_logFC>0); external only outside GSE136103
RAM2019_MES_MESOTHELIAL,Ramachandran2019_Nature,mesothelial marker program,mesenchymal_hsc_myofibroblast,SDC4,UP_IN_STATE,GSE136103,scRNA-seq,mixed nonviral cirrhosis,Supplementary Table 16,supplementary file,TRUE,REUSED,MESOTHELIAL; positive cluster marker (avg_logFC>0); external only outside GSE136103
RAM2019_MES_MESOTHELIAL,Ramachandran2019_Nature,mesothelial marker program,mesenchymal_hsc_myofibroblast,ANXA8L1,UP_IN_STATE,GSE136103,scRNA-seq,mixed nonviral cirrhosis,Supplementary Table 16,supplementary file,TRUE,REUSED,MESOTHELIAL; positive cluster marker (avg_logFC>0); external only outside GSE136103
RAM2019_MES_MESOTHELIAL,Ramachandran2019_Nature,mesothelial marker program,mesenchymal_hsc_myofibroblast,NEO1,UP_IN_STATE,GSE136103,scRNA-seq,mixed nonviral cirrhosis,Supplementary Table 16,supplementary file,TRUE,REUSED,MESOTHELIAL; positive cluster marker (avg_logFC>0); external only outside GSE136103
RAM2019_MES_MESOTHELIAL,Ramachandran2019_Nature,mesothelial marker program,mesenchymal_hsc_myofibroblast,MDK,UP_IN_STATE,GSE136103,scRNA-seq,mixed nonviral cirrhosis,Supplementary Table 16,supplementary file,TRUE,REUSED,MESOTHELIAL; positive cluster marker (avg_logFC>0); external only outside GSE136103
RAM2019_MES_MESOTHELIAL,Ramachandran2019_Nature,mesothelial marker program,mesenchymal_hsc_myofibroblast,TP53I3,UP_IN_STATE,GSE136103,scRNA-seq,mixed nonviral cirrhosis,Supplementary Table 16,supplementary file,TRUE,REUSED,MESOTHELIAL; positive cluster marker (avg_logFC>0); external only outside GSE136103
RAM2019_MES_MESOTHELIAL,Ramachandran2019_Nature,mesothelial marker program,mesenchymal_hsc_myofibroblast,SSR3,UP_IN_STATE,GSE136103,scRNA-seq,mixed nonviral cirrhosis,Supplementary Table 16,supplementary file,TRUE,REUSED,MESOTHELIAL; positive cluster marker (avg_logFC>0); external only outside GSE136103
RAM2019_MES_MESOTHELIAL,Ramachandran2019_Nature,mesothelial marker program,mesenchymal_hsc_myofibroblast,NR2F1,UP_IN_STATE,GSE136103,scRNA-seq,mixed nonviral cirrhosis,Supplementary Table 16,supplementary file,TRUE,REUSED,MESOTHELIAL; positive cluster marker (avg_logFC>0); external only outside GSE136103
RAM2019_MES_MESOTHELIAL,Ramachandran2019_Nature,mesothelial marker program,mesenchymal_hsc_myofibroblast,RHBDD2,UP_IN_STATE,GSE136103,scRNA-seq,mixed nonviral cirrhosis,Supplementary Table 16,supplementary file,TRUE,REUSED,MESOTHELIAL; positive cluster marker (avg_logFC>0); external only outside GSE136103
RAM2019_MES_MESOTHELIAL,Ramachandran2019_Nature,mesothelial marker program,mesenchymal_hsc_myofibroblast,PODXL,UP_IN_STATE,GSE136103,scRNA-seq,mixed nonviral cirrhosis,Supplementary Table 16,supplementary file,TRUE,REUSED,MESOTHELIAL; positive cluster marker (avg_logFC>0); external only outside GSE136103
RAM2019_MES_MESOTHELIAL,Ramachandran2019_Nature,mesothelial marker program,mesenchymal_hsc_myofibroblast,SEC61G,UP_IN_STATE,GSE136103,scRNA-seq,mixed nonviral cirrhosis,Supplementary Table 16,supplementary file,TRUE,REUSED,MESOTHELIAL; positive cluster marker (avg_logFC>0); external only outside GSE136103
RAM2019_MES_MESOTHELIAL,Ramachandran2019_Nature,mesothelial marker program,mesenchymal_hsc_myofibroblast,EIF3F,UP_IN_STATE,GSE136103,scRNA-seq,mixed nonviral cirrhosis,Supplementary Table 16,supplementary file,TRUE,REUSED,MESOTHELIAL; positive cluster marker (avg_logFC>0); external only outside GSE136103
RAM2019_MES_MESOTHELIAL,Ramachandran2019_Nature,mesothelial marker program,mesenchymal_hsc_myofibroblast,EVA1B,UP_IN_STATE,GSE136103,scRNA-seq,mixed nonviral cirrhosis,Supplementary Table 16,supplementary file,TRUE,REUSED,MESOTHELIAL; positive cluster marker (avg_logFC>0); external only outside GSE136103
RAM2019_MES_MESOTHELIAL,Ramachandran2019_Nature,mesothelial marker program,mesenchymal_hsc_myofibroblast,EPGN,UP_IN_STATE,GSE136103,scRNA-seq,mixed nonviral cirrhosis,Supplementary Table 16,supplementary file,TRUE,REUSED,MESOTHELIAL; positive cluster marker (avg_logFC>0); external only outside GSE136103
RAM2019_MES_MESOTHELIAL,Ramachandran2019_Nature,mesothelial marker program,mesenchymal_hsc_myofibroblast,TMEM160,UP_IN_STATE,GSE136103,scRNA-seq,mixed nonviral cirrhosis,Supplementary Table 16,supplementary file,TRUE,REUSED,MESOTHELIAL; positive cluster marker (avg_logFC>0); external only outside GSE136103
RAM2019_MES_MESOTHELIAL,Ramachandran2019_Nature,mesothelial marker program,mesenchymal_hsc_myofibroblast,CCDC109B,UP_IN_STATE,GSE136103,scRNA-seq,mixed nonviral cirrhosis,Supplementary Table 16,supplementary file,TRUE,REUSED,MESOTHELIAL; positive cluster marker (avg_logFC>0); external only outside GSE136103
RAM2019_MES_MESOTHELIAL,Ramachandran2019_Nature,mesothelial marker program,mesenchymal_hsc_myofibroblast,POLE4,UP_IN_STATE,GSE136103,scRNA-seq,mixed nonviral cirrhosis,Supplementary Table 16,supplementary file,TRUE,REUSED,MESOTHELIAL; positive cluster marker (avg_logFC>0); external only outside GSE136103
RAM2019_MES_MESOTHELIAL,Ramachandran2019_Nature,mesothelial marker program,mesenchymal_hsc_myofibroblast,LGALS3,UP_IN_STATE,GSE136103,scRNA-seq,mixed nonviral cirrhosis,Supplementary Table 16,supplementary file,TRUE,REUSED,MESOTHELIAL; positive cluster marker (avg_logFC>0); external only outside GSE136103
RAM2019_MES_MESOTHELIAL,Ramachandran2019_Nature,mesothelial marker program,mesenchymal_hsc_myofibroblast,ATP6V0E1,UP_IN_STATE,GSE136103,scRNA-seq,mixed nonviral cirrhosis,Supplementary Table 16,supplementary file,TRUE,REUSED,MESOTHELIAL; positive cluster marker (avg_logFC>0); external only outside GSE136103
RAM2019_MES_MESOTHELIAL,Ramachandran2019_Nature,mesothelial marker program,mesenchymal_hsc_myofibroblast,S100A11,UP_IN_STATE,GSE136103,scRNA-seq,mixed nonviral cirrhosis,Supplementary Table 16,supplementary file,TRUE,REUSED,MESOTHELIAL; positive cluster marker (avg_logFC>0); external only outside GSE136103
RAM2019_MES_MESOTHELIAL,Ramachandran2019_Nature,mesothelial marker program,mesenchymal_hsc_myofibroblast,LINC01358,UP_IN_STATE,GSE136103,scRNA-seq,mixed nonviral cirrhosis,Supplementary Table 16,supplementary file,TRUE,REUSED,MESOTHELIAL; positive cluster marker (avg_logFC>0); external only outside GSE136103
RAM2019_MES_MESOTHELIAL,Ramachandran2019_Nature,mesothelial marker program,mesenchymal_hsc_myofibroblast,SGK1,UP_IN_STATE,GSE136103,scRNA-seq,mixed nonviral cirrhosis,Supplementary Table 16,supplementary file,TRUE,REUSED,MESOTHELIAL; positive cluster marker (avg_logFC>0); external only outside GSE136103
RAM2019_MES_MESOTHELIAL,Ramachandran2019_Nature,mesothelial marker program,mesenchymal_hsc_myofibroblast,RDH10,UP_IN_STATE,GSE136103,scRNA-seq,mixed nonviral cirrhosis,Supplementary Table 16,supplementary file,TRUE,REUSED,MESOTHELIAL; positive cluster marker (avg_logFC>0); external only outside GSE136103
RAM2019_MES_MESOTHELIAL,Ramachandran2019_Nature,mesothelial marker program,mesenchymal_hsc_myofibroblast,SNHG8,UP_IN_STATE,GSE136103,scRNA-seq,mixed nonviral cirrhosis,Supplementary Table 16,supplementary file,TRUE,REUSED,MESOTHELIAL; positive cluster marker (avg_logFC>0); external only outside GSE136103
RAM2019_MES_MESOTHELIAL,Ramachandran2019_Nature,mesothelial marker program,mesenchymal_hsc_myofibroblast,C14orf2,UP_IN_STATE,GSE136103,scRNA-seq,mixed nonviral cirrhosis,Supplementary Table 16,supplementary file,TRUE,REUSED,MESOTHELIAL; positive cluster marker (avg_logFC>0); external only outside GSE136103
RAM2019_MES_MESOTHELIAL,Ramachandran2019_Nature,mesothelial marker program,mesenchymal_hsc_myofibroblast,MMP14,UP_IN_STATE,GSE136103,scRNA-seq,mixed nonviral cirrhosis,Supplementary Table 16,supplementary file,TRUE,REUSED,MESOTHELIAL; positive cluster marker (avg_logFC>0); external only outside GSE136103
RAM2019_MES_MESOTHELIAL,Ramachandran2019_Nature,mesothelial marker program,mesenchymal_hsc_myofibroblast,MCTS1,UP_IN_STATE,GSE136103,scRNA-seq,mixed nonviral cirrhosis,Supplementary Table 16,supplementary file,TRUE,REUSED,MESOTHELIAL; positive cluster marker (avg_logFC>0); external only outside GSE136103
RAM2019_MES_MESOTHELIAL,Ramachandran2019_Nature,mesothelial marker program,mesenchymal_hsc_myofibroblast,UXT,UP_IN_STATE,GSE136103,scRNA-seq,mixed nonviral cirrhosis,Supplementary Table 16,supplementary file,TRUE,REUSED,MESOTHELIAL; positive cluster marker (avg_logFC>0); external only outside GSE136103
RAM2019_MES_MESOTHELIAL,Ramachandran2019_Nature,mesothelial marker program,mesenchymal_hsc_myofibroblast,EIF5A,UP_IN_STATE,GSE136103,scRNA-seq,mixed nonviral cirrhosis,Supplementary Table 16,supplementary file,TRUE,REUSED,MESOTHELIAL; positive cluster marker (avg_logFC>0); external only outside GSE136103
RAM2019_MES_MESOTHELIAL,Ramachandran2019_Nature,mesothelial marker program,mesenchymal_hsc_myofibroblast,DDRGK1,UP_IN_STATE,GSE136103,scRNA-seq,mixed nonviral cirrhosis,Supplementary Table 16,supplementary file,TRUE,REUSED,MESOTHELIAL; positive cluster marker (avg_logFC>0); external only outside GSE136103
RAM2019_MES_MESOTHELIAL,Ramachandran2019_Nature,mesothelial marker program,mesenchymal_hsc_myofibroblast,PTPRF,UP_IN_STATE,GSE136103,scRNA-seq,mixed nonviral cirrhosis,Supplementary Table 16,supplementary file,TRUE,REUSED,MESOTHELIAL; positive cluster marker (avg_logFC>0); external only outside GSE136103
RAM2019_MES_MESOTHELIAL,Ramachandran2019_Nature,mesothelial marker program,mesenchymal_hsc_myofibroblast,SNHG7,UP_IN_STATE,GSE136103,scRNA-seq,mixed nonviral cirrhosis,Supplementary Table 16,supplementary file,TRUE,REUSED,MESOTHELIAL; positive cluster marker (avg_logFC>0); external only outside GSE136103
RAM2019_MES_MESOTHELIAL,Ramachandran2019_Nature,mesothelial marker program,mesenchymal_hsc_myofibroblast,KDELR2,UP_IN_STATE,GSE136103,scRNA-seq,mixed nonviral cirrhosis,Supplementary Table 16,supplementary file,TRUE,REUSED,MESOTHELIAL; positive cluster marker (avg_logFC>0); external only outside GSE136103
RAM2019_MES_MESOTHELIAL,Ramachandran2019_Nature,mesothelial marker program,mesenchymal_hsc_myofibroblast,SDF2L1,UP_IN_STATE,GSE136103,scRNA-seq,mixed nonviral cirrhosis,Supplementary Table 16,supplementary file,TRUE,REUSED,MESOTHELIAL; positive cluster marker (avg_logFC>0); external only outside GSE136103
RAM2019_MES_MESOTHELIAL,Ramachandran2019_Nature,mesothelial marker program,mesenchymal_hsc_myofibroblast,HAS1,UP_IN_STATE,GSE136103,scRNA-seq,mixed nonviral cirrhosis,Supplementary Table 16,supplementary file,TRUE,REUSED,MESOTHELIAL; positive cluster marker (avg_logFC>0); external only outside GSE136103
RAM2019_MES_MESOTHELIAL,Ramachandran2019_Nature,mesothelial marker program,mesenchymal_hsc_myofibroblast,PLP2,UP_IN_STATE,GSE136103,scRNA-seq,mixed nonviral cirrhosis,Supplementary Table 16,supplementary file,TRUE,REUSED,MESOTHELIAL; positive cluster marker (avg_logFC>0); external only outside GSE136103
RAM2019_MES_MESOTHELIAL,Ramachandran2019_Nature,mesothelial marker program,mesenchymal_hsc_myofibroblast,MT1E,UP_IN_STATE,GSE136103,scRNA-seq,mixed nonviral cirrhosis,Supplementary Table 16,supplementary file,TRUE,REUSED,MESOTHELIAL; positive cluster marker (avg_logFC>0); external only outside GSE136103
RAM2019_MES_MESOTHELIAL,Ramachandran2019_Nature,mesothelial marker program,mesenchymal_hsc_myofibroblast,CUTA,UP_IN_STATE,GSE136103,scRNA-seq,mixed nonviral cirrhosis,Supplementary Table 16,supplementary file,TRUE,REUSED,MESOTHELIAL; positive cluster marker (avg_logFC>0); external only outside GSE136103
RAM2019_MES_MESOTHELIAL,Ramachandran2019_Nature,mesothelial marker program,mesenchymal_hsc_myofibroblast,MAST4,UP_IN_STATE,GSE136103,scRNA-seq,mixed nonviral cirrhosis,Supplementary Table 16,supplementary file,TRUE,REUSED,MESOTHELIAL; positive cluster marker (avg_logFC>0); external only outside GSE136103
RAM2019_MES_MESOTHELIAL,Ramachandran2019_Nature,mesothelial marker program,mesenchymal_hsc_myofibroblast,TIMP2,UP_IN_STATE,GSE136103,scRNA-seq,mixed nonviral cirrhosis,Supplementary Table 16,supplementary file,TRUE,REUSED,MESOTHELIAL; positive cluster marker (avg_logFC>0); external only outside GSE136103
RAM2019_MES_MESOTHELIAL,Ramachandran2019_Nature,mesothelial marker program,mesenchymal_hsc_myofibroblast,TMEM14B,UP_IN_STATE,GSE136103,scRNA-seq,mixed nonviral cirrhosis,Supplementary Table 16,supplementary file,TRUE,REUSED,MESOTHELIAL; positive cluster marker (avg_logFC>0); external only outside GSE136103
RAM2019_MES_MESOTHELIAL,Ramachandran2019_Nature,mesothelial marker program,mesenchymal_hsc_myofibroblast,SRM,UP_IN_STATE,GSE136103,scRNA-seq,mixed nonviral cirrhosis,Supplementary Table 16,supplementary file,TRUE,REUSED,MESOTHELIAL; positive cluster marker (avg_logFC>0); external only outside GSE136103
RAM2019_MES_MESOTHELIAL,Ramachandran2019_Nature,mesothelial marker program,mesenchymal_hsc_myofibroblast,RPL24,UP_IN_STATE,GSE136103,scRNA-seq,mixed nonviral cirrhosis,Supplementary Table 16,supplementary file,TRUE,REUSED,MESOTHELIAL; positive cluster marker (avg_logFC>0); external only outside GSE136103
RAM2019_MES_MESOTHELIAL,Ramachandran2019_Nature,mesothelial marker program,mesenchymal_hsc_myofibroblast,NME1,UP_IN_STATE,GSE136103,scRNA-seq,mixed nonviral cirrhosis,Supplementary Table 16,supplementary file,TRUE,REUSED,MESOTHELIAL; positive cluster marker (avg_logFC>0); external only outside GSE136103
RAM2019_MES_MESOTHELIAL,Ramachandran2019_Nature,mesothelial marker program,mesenchymal_hsc_myofibroblast,CLIC3,UP_IN_STATE,GSE136103,scRNA-seq,mixed nonviral cirrhosis,Supplementary Table 16,supplementary file,TRUE,REUSED,MESOTHELIAL; positive cluster marker (avg_logFC>0); external only outside GSE136103
RAM2019_MES_MESOTHELIAL,Ramachandran2019_Nature,mesothelial marker program,mesenchymal_hsc_myofibroblast,SH3BGRL3,UP_IN_STATE,GSE136103,scRNA-seq,mixed nonviral cirrhosis,Supplementary Table 16,supplementary file,TRUE,REUSED,MESOTHELIAL; positive cluster marker (avg_logFC>0); external only outside GSE136103
RAM2019_MES_MESOTHELIAL,Ramachandran2019_Nature,mesothelial marker program,mesenchymal_hsc_myofibroblast,PDCD5,UP_IN_STATE,GSE136103,scRNA-seq,mixed nonviral cirrhosis,Supplementary Table 16,supplementary file,TRUE,REUSED,MESOTHELIAL; positive cluster marker (avg_logFC>0); external only outside GSE136103
RAM2019_MES_MESOTHELIAL,Ramachandran2019_Nature,mesothelial marker program,mesenchymal_hsc_myofibroblast,ABHD5,UP_IN_STATE,GSE136103,scRNA-seq,mixed nonviral cirrhosis,Supplementary Table 16,supplementary file,TRUE,REUSED,MESOTHELIAL; positive cluster marker (avg_logFC>0); external only outside GSE136103
RAM2019_MES_MESOTHELIAL,Ramachandran2019_Nature,mesothelial marker program,mesenchymal_hsc_myofibroblast,PLXDC2,UP_IN_STATE,GSE136103,scRNA-seq,mixed nonviral cirrhosis,Supplementary Table 16,supplementary file,TRUE,REUSED,MESOTHELIAL; positive cluster marker (avg_logFC>0); external only outside GSE136103
RAM2019_MES_MESOTHELIAL,Ramachandran2019_Nature,mesothelial marker program,mesenchymal_hsc_myofibroblast,CELF2,UP_IN_STATE,GSE136103,scRNA-seq,mixed nonviral cirrhosis,Supplementary Table 16,supplementary file,TRUE,REUSED,MESOTHELIAL; positive cluster marker (avg_logFC>0); external only outside GSE136103
RAM2019_MES_MESOTHELIAL,Ramachandran2019_Nature,mesothelial marker program,mesenchymal_hsc_myofibroblast,CD99,UP_IN_STATE,GSE136103,scRNA-seq,mixed nonviral cirrhosis,Supplementary Table 16,supplementary file,TRUE,REUSED,MESOTHELIAL; positive cluster marker (avg_logFC>0); external only outside GSE136103
RAM2019_MES_MESOTHELIAL,Ramachandran2019_Nature,mesothelial marker program,mesenchymal_hsc_myofibroblast,TMEM219,UP_IN_STATE,GSE136103,scRNA-seq,mixed nonviral cirrhosis,Supplementary Table 16,supplementary file,TRUE,REUSED,MESOTHELIAL; positive cluster marker (avg_logFC>0); external only outside GSE136103
RAM2019_MES_MESOTHELIAL,Ramachandran2019_Nature,mesothelial marker program,mesenchymal_hsc_myofibroblast,C20orf24,UP_IN_STATE,GSE136103,scRNA-seq,mixed nonviral cirrhosis,Supplementary Table 16,supplementary file,TRUE,REUSED,MESOTHELIAL; positive cluster marker (avg_logFC>0); external only outside GSE136103
RAM2019_SAMES_A,Ramachandran2019_Nature,scar-associated mesenchymal metagene A,mesenchymal_hsc_myofibroblast,COLEC11,UP_IN_STATE,GSE136103,scRNA-seq,mixed nonviral cirrhosis,Supplementary Table 17,supplementary file,TRUE,REUSED,ACTIVATED_HSC_MYOFIBROBLAST; positive cluster marker (avg_logFC>0); external only outside GSE136103
RAM2019_SAMES_A,Ramachandran2019_Nature,scar-associated mesenchymal metagene A,mesenchymal_hsc_myofibroblast,IGFBP7,UP_IN_STATE,GSE136103,scRNA-seq,mixed nonviral cirrhosis,Supplementary Table 17,supplementary file,TRUE,REUSED,ACTIVATED_HSC_MYOFIBROBLAST; positive cluster marker (avg_logFC>0); external only outside GSE136103
RAM2019_SAMES_A,Ramachandran2019_Nature,scar-associated mesenchymal metagene A,mesenchymal_hsc_myofibroblast,PPP1R14A,UP_IN_STATE,GSE136103,scRNA-seq,mixed nonviral cirrhosis,Supplementary Table 17,supplementary file,TRUE,REUSED,ACTIVATED_HSC_MYOFIBROBLAST; positive cluster marker (avg_logFC>0); external only outside GSE136103
RAM2019_SAMES_A,Ramachandran2019_Nature,scar-associated mesenchymal metagene A,mesenchymal_hsc_myofibroblast,GGT5,UP_IN_STATE,GSE136103,scRNA-seq,mixed nonviral cirrhosis,Supplementary Table 17,supplementary file,TRUE,REUSED,ACTIVATED_HSC_MYOFIBROBLAST; positive cluster marker (avg_logFC>0); external only outside GSE136103
RAM2019_SAMES_A,Ramachandran2019_Nature,scar-associated mesenchymal metagene A,mesenchymal_hsc_myofibroblast,CALD1,UP_IN_STATE,GSE136103,scRNA-seq,mixed nonviral cirrhosis,Supplementary Table 17,supplementary file,TRUE,REUSED,ACTIVATED_HSC_MYOFIBROBLAST; positive cluster marker (avg_logFC>0); external only outside GSE136103
RAM2019_SAMES_A,Ramachandran2019_Nature,scar-associated mesenchymal metagene A,mesenchymal_hsc_myofibroblast,TYROBP,UP_IN_STATE,GSE136103,scRNA-seq,mixed nonviral cirrhosis,Supplementary Table 17,supplementary file,TRUE,REUSED,ACTIVATED_HSC_MYOFIBROBLAST; positive cluster marker (avg_logFC>0); external only outside GSE136103
RAM2019_SAMES_A,Ramachandran2019_Nature,scar-associated mesenchymal metagene A,mesenchymal_hsc_myofibroblast,B2M,UP_IN_STATE,GSE136103,scRNA-seq,mixed nonviral cirrhosis,Supplementary Table 17,supplementary file,TRUE,REUSED,ACTIVATED_HSC_MYOFIBROBLAST; positive cluster marker (avg_logFC>0); external only outside GSE136103
RAM2019_SAMES_A,Ramachandran2019_Nature,scar-associated mesenchymal metagene A,mesenchymal_hsc_myofibroblast,ADAMTSL2,UP_IN_STATE,GSE136103,scRNA-seq,mixed nonviral cirrhosis,Supplementary Table 17,supplementary file,TRUE,REUSED,ACTIVATED_HSC_MYOFIBROBLAST; positive cluster marker (avg_logFC>0); external only outside GSE136103
RAM2019_SAMES_A,Ramachandran2019_Nature,scar-associated mesenchymal metagene A,mesenchymal_hsc_myofibroblast,GPX3,UP_IN_STATE,GSE136103,scRNA-seq,mixed nonviral cirrhosis,Supplementary Table 17,supplementary file,TRUE,REUSED,ACTIVATED_HSC_MYOFIBROBLAST; positive cluster marker (avg_logFC>0); external only outside GSE136103
RAM2019_SAMES_A,Ramachandran2019_Nature,scar-associated mesenchymal metagene A,mesenchymal_hsc_myofibroblast,RBP1,UP_IN_STATE,GSE136103,scRNA-seq,mixed nonviral cirrhosis,Supplementary Table 17,supplementary file,TRUE,REUSED,ACTIVATED_HSC_MYOFIBROBLAST; positive cluster marker (avg_logFC>0); external only outside GSE136103
RAM2019_SAMES_A,Ramachandran2019_Nature,scar-associated mesenchymal metagene A,mesenchymal_hsc_myofibroblast,IGFBP3,UP_IN_STATE,GSE136103,scRNA-seq,mixed nonviral cirrhosis,Supplementary Table 17,supplementary file,TRUE,REUSED,ACTIVATED_HSC_MYOFIBROBLAST; positive cluster marker (avg_logFC>0); external only outside GSE136103
RAM2019_SAMES_A,Ramachandran2019_Nature,scar-associated mesenchymal metagene A,mesenchymal_hsc_myofibroblast,C8orf4,UP_IN_STATE,GSE136103,scRNA-seq,mixed nonviral cirrhosis,Supplementary Table 17,supplementary file,TRUE,REUSED,ACTIVATED_HSC_MYOFIBROBLAST; positive cluster marker (avg_logFC>0); external only outside GSE136103
RAM2019_SAMES_A,Ramachandran2019_Nature,scar-associated mesenchymal metagene A,mesenchymal_hsc_myofibroblast,HLA+AC0-A,UP_IN_STATE,GSE136103,scRNA-seq,mixed nonviral cirrhosis,Supplementary Table 17,supplementary file,TRUE,REUSED,ACTIVATED_HSC_MYOFIBROBLAST; positive cluster marker (avg_logFC>0); external only outside GSE136103
RAM2019_SAMES_A,Ramachandran2019_Nature,scar-associated mesenchymal metagene A,mesenchymal_hsc_myofibroblast,HLA+AC0-DRB1,UP_IN_STATE,GSE136103,scRNA-seq,mixed nonviral cirrhosis,Supplementary Table 17,supplementary file,TRUE,REUSED,ACTIVATED_HSC_MYOFIBROBLAST; positive cluster marker (avg_logFC>0); external only outside GSE136103
RAM2019_SAMES_A,Ramachandran2019_Nature,scar-associated mesenchymal metagene A,mesenchymal_hsc_myofibroblast,HLA+AC0-B,UP_IN_STATE,GSE136103,scRNA-seq,mixed nonviral cirrhosis,Supplementary Table 17,supplementary file,TRUE,REUSED,ACTIVATED_HSC_MYOFIBROBLAST; positive cluster marker (avg_logFC>0); external only outside GSE136103
RAM2019_SAMES_A,Ramachandran2019_Nature,scar-associated mesenchymal metagene A,mesenchymal_hsc_myofibroblast,C11orf96,UP_IN_STATE,GSE136103,scRNA-seq,mixed nonviral cirrhosis,Supplementary Table 17,supplementary file,TRUE,REUSED,ACTIVATED_HSC_MYOFIBROBLAST; positive cluster marker (avg_logFC>0); external only outside GSE136103
RAM2019_SAMES_A,Ramachandran2019_Nature,scar-associated mesenchymal metagene A,mesenchymal_hsc_myofibroblast,LTBP4,UP_IN_STATE,GSE136103,scRNA-seq,mixed nonviral cirrhosis,Supplementary Table 17,supplementary file,TRUE,REUSED,ACTIVATED_HSC_MYOFIBROBLAST; positive cluster marker (avg_logFC>0); external only outside GSE136103
RAM2019_SAMES_A,Ramachandran2019_Nature,scar-associated mesenchymal metagene A,mesenchymal_hsc_myofibroblast,Sep-04,UP_IN_STATE,GSE136103,scRNA-seq,mixed nonviral cirrhosis,Supplementary Table 17,supplementary file,TRUE,REUSED,ACTIVATED_HSC_MYOFIBROBLAST; positive cluster marker (avg_logFC>0); external only outside GSE136103
RAM2019_SAMES_A,Ramachandran2019_Nature,scar-associated mesenchymal metagene A,mesenchymal_hsc_myofibroblast,MYL9,UP_IN_STATE,GSE136103,scRNA-seq,mixed nonviral cirrhosis,Supplementary Table 17,supplementary file,TRUE,REUSED,ACTIVATED_HSC_MYOFIBROBLAST; positive cluster marker (avg_logFC>0); external only outside GSE136103
RAM2019_SAMES_A,Ramachandran2019_Nature,scar-associated mesenchymal metagene A,mesenchymal_hsc_myofibroblast,EDNRB,UP_IN_STATE,GSE136103,scRNA-seq,mixed nonviral cirrhosis,Supplementary Table 17,supplementary file,TRUE,REUSED,ACTIVATED_HSC_MYOFIBROBLAST; positive cluster marker (avg_logFC>0); external only outside GSE136103
RAM2019_SAMES_A,Ramachandran2019_Nature,scar-associated mesenchymal metagene A,mesenchymal_hsc_myofibroblast,HGF,UP_IN_STATE,GSE136103,scRNA-seq,mixed nonviral cirrhosis,Supplementary Table 17,supplementary file,TRUE,REUSED,ACTIVATED_HSC_MYOFIBROBLAST; positive cluster marker (avg_logFC>0); external only outside GSE136103
RAM2019_SAMES_A,Ramachandran2019_Nature,scar-associated mesenchymal metagene A,mesenchymal_hsc_myofibroblast,HLA+AC0-C,UP_IN_STATE,GSE136103,scRNA-seq,mixed nonviral cirrhosis,Supplementary Table 17,supplementary file,TRUE,REUSED,ACTIVATED_HSC_MYOFIBROBLAST; positive cluster marker (avg_logFC>0); external only outside GSE136103
RAM2019_SAMES_A,Ramachandran2019_Nature,scar-associated mesenchymal metagene A,mesenchymal_hsc_myofibroblast,TPM1,UP_IN_STATE,GSE136103,scRNA-seq,mixed nonviral cirrhosis,Supplementary Table 17,supplementary file,TRUE,REUSED,ACTIVATED_HSC_MYOFIBROBLAST; positive cluster marker (avg_logFC>0); external only outside GSE136103
RAM2019_SAMES_A,Ramachandran2019_Nature,scar-associated mesenchymal metagene A,mesenchymal_hsc_myofibroblast,ENG,UP_IN_STATE,GSE136103,scRNA-seq,mixed nonviral cirrhosis,Supplementary Table 17,supplementary file,TRUE,REUSED,ACTIVATED_HSC_MYOFIBROBLAST; positive cluster marker (avg_logFC>0); external only outside GSE136103
RAM2019_SAMES_A,Ramachandran2019_Nature,scar-associated mesenchymal metagene A,mesenchymal_hsc_myofibroblast,COL4A2,UP_IN_STATE,GSE136103,scRNA-seq,mixed nonviral cirrhosis,Supplementary Table 17,supplementary file,TRUE,REUSED,ACTIVATED_HSC_MYOFIBROBLAST; positive cluster marker (avg_logFC>0); external only outside GSE136103
RAM2019_SAMES_A,Ramachandran2019_Nature,scar-associated mesenchymal metagene A,mesenchymal_hsc_myofibroblast,RAMP1,UP_IN_STATE,GSE136103,scRNA-seq,mixed nonviral cirrhosis,Supplementary Table 17,supplementary file,TRUE,REUSED,ACTIVATED_HSC_MYOFIBROBLAST; positive cluster marker (avg_logFC>0); external only outside GSE136103
RAM2019_SAMES_A,Ramachandran2019_Nature,scar-associated mesenchymal metagene A,mesenchymal_hsc_myofibroblast,CALM2,UP_IN_STATE,GSE136103,scRNA-seq,mixed nonviral cirrhosis,Supplementary Table 17,supplementary file,TRUE,REUSED,ACTIVATED_HSC_MYOFIBROBLAST; positive cluster marker (avg_logFC>0); external only outside GSE136103
RAM2019_SAMES_A,Ramachandran2019_Nature,scar-associated mesenchymal metagene A,mesenchymal_hsc_myofibroblast,CITED2,UP_IN_STATE,GSE136103,scRNA-seq,mixed nonviral cirrhosis,Supplementary Table 17,supplementary file,TRUE,REUSED,ACTIVATED_HSC_MYOFIBROBLAST; positive cluster marker (avg_logFC>0); external only outside GSE136103
RAM2019_SAMES_A,Ramachandran2019_Nature,scar-associated mesenchymal metagene A,mesenchymal_hsc_myofibroblast,TMEM204,UP_IN_STATE,GSE136103,scRNA-seq,mixed nonviral cirrhosis,Supplementary Table 17,supplementary file,TRUE,REUSED,ACTIVATED_HSC_MYOFIBROBLAST; positive cluster marker (avg_logFC>0); external only outside GSE136103
RAM2019_SAMES_A,Ramachandran2019_Nature,scar-associated mesenchymal metagene A,mesenchymal_hsc_myofibroblast,COX7A1,UP_IN_STATE,GSE136103,scRNA-seq,mixed nonviral cirrhosis,Supplementary Table 17,supplementary file,TRUE,REUSED,ACTIVATED_HSC_MYOFIBROBLAST; positive cluster marker (avg_logFC>0); external only outside GSE136103
RAM2019_SAMES_A,Ramachandran2019_Nature,scar-associated mesenchymal metagene A,mesenchymal_hsc_myofibroblast,BST2,UP_IN_STATE,GSE136103,scRNA-seq,mixed nonviral cirrhosis,Supplementary Table 17,supplementary file,TRUE,REUSED,ACTIVATED_HSC_MYOFIBROBLAST; positive cluster marker (avg_logFC>0); external only outside GSE136103
RAM2019_SAMES_A,Ramachandran2019_Nature,scar-associated mesenchymal metagene A,mesenchymal_hsc_myofibroblast,CCL21,UP_IN_STATE,GSE136103,scRNA-seq,mixed nonviral cirrhosis,Supplementary Table 17,supplementary file,TRUE,REUSED,ACTIVATED_HSC_MYOFIBROBLAST; positive cluster marker (avg_logFC>0); external only outside GSE136103
RAM2019_SAMES_A,Ramachandran2019_Nature,scar-associated mesenchymal metagene A,mesenchymal_hsc_myofibroblast,RBPMS,UP_IN_STATE,GSE136103,scRNA-seq,mixed nonviral cirrhosis,Supplementary Table 17,supplementary file,TRUE,REUSED,ACTIVATED_HSC_MYOFIBROBLAST; positive cluster marker (avg_logFC>0); external only outside GSE136103
RAM2019_SAMES_A,Ramachandran2019_Nature,scar-associated mesenchymal metagene A,mesenchymal_hsc_myofibroblast,MASP1,UP_IN_STATE,GSE136103,scRNA-seq,mixed nonviral cirrhosis,Supplementary Table 17,supplementary file,TRUE,REUSED,ACTIVATED_HSC_MYOFIBROBLAST; positive cluster marker (avg_logFC>0); external only outside GSE136103
RAM2019_SAMES_A,Ramachandran2019_Nature,scar-associated mesenchymal metagene A,mesenchymal_hsc_myofibroblast,ALDH1A1,UP_IN_STATE,GSE136103,scRNA-seq,mixed nonviral cirrhosis,Supplementary Table 17,supplementary file,TRUE,REUSED,ACTIVATED_HSC_MYOFIBROBLAST; positive cluster marker (avg_logFC>0); external only outside GSE136103
RAM2019_SAMES_A,Ramachandran2019_Nature,scar-associated mesenchymal metagene A,mesenchymal_hsc_myofibroblast,TMSB4X,UP_IN_STATE,GSE136103,scRNA-seq,mixed nonviral cirrhosis,Supplementary Table 17,supplementary file,TRUE,REUSED,ACTIVATED_HSC_MYOFIBROBLAST; positive cluster marker (avg_logFC>0); external only outside GSE136103
RAM2019_SAMES_A,Ramachandran2019_Nature,scar-associated mesenchymal metagene A,mesenchymal_hsc_myofibroblast,CTSD,UP_IN_STATE,GSE136103,scRNA-seq,mixed nonviral cirrhosis,Supplementary Table 17,supplementary file,TRUE,REUSED,ACTIVATED_HSC_MYOFIBROBLAST; positive cluster marker (avg_logFC>0); external only outside GSE136103
RAM2019_SAMES_A,Ramachandran2019_Nature,scar-associated mesenchymal metagene A,mesenchymal_hsc_myofibroblast,HLA+AC0-DPA1,UP_IN_STATE,GSE136103,scRNA-seq,mixed nonviral cirrhosis,Supplementary Table 17,supplementary file,TRUE,REUSED,ACTIVATED_HSC_MYOFIBROBLAST; positive cluster marker (avg_logFC>0); external only outside GSE136103
RAM2019_SAMES_A,Ramachandran2019_Nature,scar-associated mesenchymal metagene A,mesenchymal_hsc_myofibroblast,MARCKS,UP_IN_STATE,GSE136103,scRNA-seq,mixed nonviral cirrhosis,Supplementary Table 17,supplementary file,TRUE,REUSED,ACTIVATED_HSC_MYOFIBROBLAST; positive cluster marker (avg_logFC>0); external only outside GSE136103
RAM2019_SAMES_A,Ramachandran2019_Nature,scar-associated mesenchymal metagene A,mesenchymal_hsc_myofibroblast,ASPN,UP_IN_STATE,GSE136103,scRNA-seq,mixed nonviral cirrhosis,Supplementary Table 17,supplementary file,TRUE,REUSED,ACTIVATED_HSC_MYOFIBROBLAST; positive cluster marker (avg_logFC>0); external only outside GSE136103
RAM2019_SAMES_A,Ramachandran2019_Nature,scar-associated mesenchymal metagene A,mesenchymal_hsc_myofibroblast,PTGIR,UP_IN_STATE,GSE136103,scRNA-seq,mixed nonviral cirrhosis,Supplementary Table 17,supplementary file,TRUE,REUSED,ACTIVATED_HSC_MYOFIBROBLAST; positive cluster marker (avg_logFC>0); external only outside GSE136103
RAM2019_SAMES_A,Ramachandran2019_Nature,scar-associated mesenchymal metagene A,mesenchymal_hsc_myofibroblast,HLA+AC0-DRB5,UP_IN_STATE,GSE136103,scRNA-seq,mixed nonviral cirrhosis,Supplementary Table 17,supplementary file,TRUE,REUSED,ACTIVATED_HSC_MYOFIBROBLAST; positive cluster marker (avg_logFC>0); external only outside GSE136103
RAM2019_SAMES_A,Ramachandran2019_Nature,scar-associated mesenchymal metagene A,mesenchymal_hsc_myofibroblast,ITM2C,UP_IN_STATE,GSE136103,scRNA-seq,mixed nonviral cirrhosis,Supplementary Table 17,supplementary file,TRUE,REUSED,ACTIVATED_HSC_MYOFIBROBLAST; positive cluster marker (avg_logFC>0); external only outside GSE136103
RAM2019_SAMES_A,Ramachandran2019_Nature,scar-associated mesenchymal metagene A,mesenchymal_hsc_myofibroblast,SGCA,UP_IN_STATE,GSE136103,scRNA-seq,mixed nonviral cirrhosis,Supplementary Table 17,supplementary file,TRUE,REUSED,ACTIVATED_HSC_MYOFIBROBLAST; positive cluster marker (avg_logFC>0); external only outside GSE136103
RAM2019_SAMES_A,Ramachandran2019_Nature,scar-associated mesenchymal metagene A,mesenchymal_hsc_myofibroblast,ARHGAP15,UP_IN_STATE,GSE136103,scRNA-seq,mixed nonviral cirrhosis,Supplementary Table 17,supplementary file,TRUE,REUSED,ACTIVATED_HSC_MYOFIBROBLAST; positive cluster marker (avg_logFC>0); external only outside GSE136103
RAM2019_SAMES_A,Ramachandran2019_Nature,scar-associated mesenchymal metagene A,mesenchymal_hsc_myofibroblast,RGS16,UP_IN_STATE,GSE136103,scRNA-seq,mixed nonviral cirrhosis,Supplementary Table 17,supplementary file,TRUE,REUSED,ACTIVATED_HSC_MYOFIBROBLAST; positive cluster marker (avg_logFC>0); external only outside GSE136103
RAM2019_SAMES_A,Ramachandran2019_Nature,scar-associated mesenchymal metagene A,mesenchymal_hsc_myofibroblast,COL4A1,UP_IN_STATE,GSE136103,scRNA-seq,mixed nonviral cirrhosis,Supplementary Table 17,supplementary file,TRUE,REUSED,ACTIVATED_HSC_MYOFIBROBLAST; positive cluster marker (avg_logFC>0); external only outside GSE136103
RAM2019_SAMES_B,Ramachandran2019_Nature,scar-associated mesenchymal metagene B,mesenchymal_hsc_myofibroblast,COL1A2,UP_IN_STATE,GSE136103,scRNA-seq,mixed nonviral cirrhosis,Supplementary Table 17,supplementary file,TRUE,REUSED,ACTIVATED_HSC_MYOFIBROBLAST; positive cluster marker (avg_logFC>0); external only outside GSE136103
RAM2019_SAMES_B,Ramachandran2019_Nature,scar-associated mesenchymal metagene B,mesenchymal_hsc_myofibroblast,S100A6,UP_IN_STATE,GSE136103,scRNA-seq,mixed nonviral cirrhosis,Supplementary Table 17,supplementary file,TRUE,REUSED,ACTIVATED_HSC_MYOFIBROBLAST; positive cluster marker (avg_logFC>0); external only outside GSE136103
RAM2019_SAMES_B,Ramachandran2019_Nature,scar-associated mesenchymal metagene B,mesenchymal_hsc_myofibroblast,C3,UP_IN_STATE,GSE136103,scRNA-seq,mixed nonviral cirrhosis,Supplementary Table 17,supplementary file,TRUE,REUSED,ACTIVATED_HSC_MYOFIBROBLAST; positive cluster marker (avg_logFC>0); external only outside GSE136103
RAM2019_SAMES_B,Ramachandran2019_Nature,scar-associated mesenchymal metagene B,mesenchymal_hsc_myofibroblast,FBLN1,UP_IN_STATE,GSE136103,scRNA-seq,mixed nonviral cirrhosis,Supplementary Table 17,supplementary file,TRUE,REUSED,ACTIVATED_HSC_MYOFIBROBLAST; positive cluster marker (avg_logFC>0); external only outside GSE136103
RAM2019_SAMES_B,Ramachandran2019_Nature,scar-associated mesenchymal metagene B,mesenchymal_hsc_myofibroblast,CCDC80,UP_IN_STATE,GSE136103,scRNA-seq,mixed nonviral cirrhosis,Supplementary Table 17,supplementary file,TRUE,REUSED,ACTIVATED_HSC_MYOFIBROBLAST; positive cluster marker (avg_logFC>0); external only outside GSE136103
RAM2019_SAMES_B,Ramachandran2019_Nature,scar-associated mesenchymal metagene B,mesenchymal_hsc_myofibroblast,COL1A1,UP_IN_STATE,GSE136103,scRNA-seq,mixed nonviral cirrhosis,Supplementary Table 17,supplementary file,TRUE,REUSED,ACTIVATED_HSC_MYOFIBROBLAST; positive cluster marker (avg_logFC>0); external only outside GSE136103
RAM2019_SAMES_B,Ramachandran2019_Nature,scar-associated mesenchymal metagene B,mesenchymal_hsc_myofibroblast,OGN,UP_IN_STATE,GSE136103,scRNA-seq,mixed nonviral cirrhosis,Supplementary Table 17,supplementary file,TRUE,REUSED,ACTIVATED_HSC_MYOFIBROBLAST; positive cluster marker (avg_logFC>0); external only outside GSE136103
RAM2019_SAMES_B,Ramachandran2019_Nature,scar-associated mesenchymal metagene B,mesenchymal_hsc_myofibroblast,SPARCL1,UP_IN_STATE,GSE136103,scRNA-seq,mixed nonviral cirrhosis,Supplementary Table 17,supplementary file,TRUE,REUSED,ACTIVATED_HSC_MYOFIBROBLAST; positive cluster marker (avg_logFC>0); external only outside GSE136103
RAM2019_SAMES_B,Ramachandran2019_Nature,scar-associated mesenchymal metagene B,mesenchymal_hsc_myofibroblast,S100A4,UP_IN_STATE,GSE136103,scRNA-seq,mixed nonviral cirrhosis,Supplementary Table 17,supplementary file,TRUE,REUSED,ACTIVATED_HSC_MYOFIBROBLAST; positive cluster marker (avg_logFC>0); external only outside GSE136103
RAM2019_SAMES_B,Ramachandran2019_Nature,scar-associated mesenchymal metagene B,mesenchymal_hsc_myofibroblast,NBL1,UP_IN_STATE,GSE136103,scRNA-seq,mixed nonviral cirrhosis,Supplementary Table 17,supplementary file,TRUE,REUSED,ACTIVATED_HSC_MYOFIBROBLAST; positive cluster marker (avg_logFC>0); external only outside GSE136103
RAM2019_SAMES_B,Ramachandran2019_Nature,scar-associated mesenchymal metagene B,mesenchymal_hsc_myofibroblast,PCOLCE,UP_IN_STATE,GSE136103,scRNA-seq,mixed nonviral cirrhosis,Supplementary Table 17,supplementary file,TRUE,REUSED,ACTIVATED_HSC_MYOFIBROBLAST; positive cluster marker (avg_logFC>0); external only outside GSE136103
RAM2019_SAMES_B,Ramachandran2019_Nature,scar-associated mesenchymal metagene B,mesenchymal_hsc_myofibroblast,CRABP2,UP_IN_STATE,GSE136103,scRNA-seq,mixed nonviral cirrhosis,Supplementary Table 17,supplementary file,TRUE,REUSED,ACTIVATED_HSC_MYOFIBROBLAST; positive cluster marker (avg_logFC>0); external only outside GSE136103
RAM2019_SAMES_B,Ramachandran2019_Nature,scar-associated mesenchymal metagene B,mesenchymal_hsc_myofibroblast,S100A10,UP_IN_STATE,GSE136103,scRNA-seq,mixed nonviral cirrhosis,Supplementary Table 17,supplementary file,TRUE,REUSED,ACTIVATED_HSC_MYOFIBROBLAST; positive cluster marker (avg_logFC>0); external only outside GSE136103
RAM2019_SAMES_B,Ramachandran2019_Nature,scar-associated mesenchymal metagene B,mesenchymal_hsc_myofibroblast,COL3A1,UP_IN_STATE,GSE136103,scRNA-seq,mixed nonviral cirrhosis,Supplementary Table 17,supplementary file,TRUE,REUSED,ACTIVATED_HSC_MYOFIBROBLAST; positive cluster marker (avg_logFC>0); external only outside GSE136103
RAM2019_SAMES_B,Ramachandran2019_Nature,scar-associated mesenchymal metagene B,mesenchymal_hsc_myofibroblast,IGF1,UP_IN_STATE,GSE136103,scRNA-seq,mixed nonviral cirrhosis,Supplementary Table 17,supplementary file,TRUE,REUSED,ACTIVATED_HSC_MYOFIBROBLAST; positive cluster marker (avg_logFC>0); external only outside GSE136103
RAM2019_SAMES_B,Ramachandran2019_Nature,scar-associated mesenchymal metagene B,mesenchymal_hsc_myofibroblast,RARRES1,UP_IN_STATE,GSE136103,scRNA-seq,mixed nonviral cirrhosis,Supplementary Table 17,supplementary file,TRUE,REUSED,ACTIVATED_HSC_MYOFIBROBLAST; positive cluster marker (avg_logFC>0); external only outside GSE136103
RAM2019_SAMES_B,Ramachandran2019_Nature,scar-associated mesenchymal metagene B,mesenchymal_hsc_myofibroblast,SERPINF1,UP_IN_STATE,GSE136103,scRNA-seq,mixed nonviral cirrhosis,Supplementary Table 17,supplementary file,TRUE,REUSED,ACTIVATED_HSC_MYOFIBROBLAST; positive cluster marker (avg_logFC>0); external only outside GSE136103
RAM2019_SAMES_B,Ramachandran2019_Nature,scar-associated mesenchymal metagene B,mesenchymal_hsc_myofibroblast,MDK,UP_IN_STATE,GSE136103,scRNA-seq,mixed nonviral cirrhosis,Supplementary Table 17,supplementary file,TRUE,REUSED,ACTIVATED_HSC_MYOFIBROBLAST; positive cluster marker (avg_logFC>0); external only outside GSE136103
RAM2019_SAMES_B,Ramachandran2019_Nature,scar-associated mesenchymal metagene B,mesenchymal_hsc_myofibroblast,CLU,UP_IN_STATE,GSE136103,scRNA-seq,mixed nonviral cirrhosis,Supplementary Table 17,supplementary file,TRUE,REUSED,ACTIVATED_HSC_MYOFIBROBLAST; positive cluster marker (avg_logFC>0); external only outside GSE136103
RAM2019_SAMES_B,Ramachandran2019_Nature,scar-associated mesenchymal metagene B,mesenchymal_hsc_myofibroblast,FSTL1,UP_IN_STATE,GSE136103,scRNA-seq,mixed nonviral cirrhosis,Supplementary Table 17,supplementary file,TRUE,REUSED,ACTIVATED_HSC_MYOFIBROBLAST; positive cluster marker (avg_logFC>0); external only outside GSE136103
RAM2019_SAMES_B,Ramachandran2019_Nature,scar-associated mesenchymal metagene B,mesenchymal_hsc_myofibroblast,SLIT3,UP_IN_STATE,GSE136103,scRNA-seq,mixed nonviral cirrhosis,Supplementary Table 17,supplementary file,TRUE,REUSED,ACTIVATED_HSC_MYOFIBROBLAST; positive cluster marker (avg_logFC>0); external only outside GSE136103
RAM2019_SAMES_B,Ramachandran2019_Nature,scar-associated mesenchymal metagene B,mesenchymal_hsc_myofibroblast,ANXA2,UP_IN_STATE,GSE136103,scRNA-seq,mixed nonviral cirrhosis,Supplementary Table 17,supplementary file,TRUE,REUSED,ACTIVATED_HSC_MYOFIBROBLAST; positive cluster marker (avg_logFC>0); external only outside GSE136103
RAM2019_SAMES_B,Ramachandran2019_Nature,scar-associated mesenchymal metagene B,mesenchymal_hsc_myofibroblast,IGFBP6,UP_IN_STATE,GSE136103,scRNA-seq,mixed nonviral cirrhosis,Supplementary Table 17,supplementary file,TRUE,REUSED,ACTIVATED_HSC_MYOFIBROBLAST; positive cluster marker (avg_logFC>0); external only outside GSE136103
RAM2019_SAMES_B,Ramachandran2019_Nature,scar-associated mesenchymal metagene B,mesenchymal_hsc_myofibroblast,NNMT,UP_IN_STATE,GSE136103,scRNA-seq,mixed nonviral cirrhosis,Supplementary Table 17,supplementary file,TRUE,REUSED,ACTIVATED_HSC_MYOFIBROBLAST; positive cluster marker (avg_logFC>0); external only outside GSE136103
RAM2019_SAMES_B,Ramachandran2019_Nature,scar-associated mesenchymal metagene B,mesenchymal_hsc_myofibroblast,TSHZ2,UP_IN_STATE,GSE136103,scRNA-seq,mixed nonviral cirrhosis,Supplementary Table 17,supplementary file,TRUE,REUSED,ACTIVATED_HSC_MYOFIBROBLAST; positive cluster marker (avg_logFC>0); external only outside GSE136103
RAM2019_SAMES_B,Ramachandran2019_Nature,scar-associated mesenchymal metagene B,mesenchymal_hsc_myofibroblast,ADIRF,UP_IN_STATE,GSE136103,scRNA-seq,mixed nonviral cirrhosis,Supplementary Table 17,supplementary file,TRUE,REUSED,ACTIVATED_HSC_MYOFIBROBLAST; positive cluster marker (avg_logFC>0); external only outside GSE136103
RAM2019_SAMES_B,Ramachandran2019_Nature,scar-associated mesenchymal metagene B,mesenchymal_hsc_myofibroblast,STEAP1,UP_IN_STATE,GSE136103,scRNA-seq,mixed nonviral cirrhosis,Supplementary Table 17,supplementary file,TRUE,REUSED,ACTIVATED_HSC_MYOFIBROBLAST; positive cluster marker (avg_logFC>0); external only outside GSE136103
RAM2019_SAMES_B,Ramachandran2019_Nature,scar-associated mesenchymal metagene B,mesenchymal_hsc_myofibroblast,CTHRC1,UP_IN_STATE,GSE136103,scRNA-seq,mixed nonviral cirrhosis,Supplementary Table 17,supplementary file,TRUE,REUSED,ACTIVATED_HSC_MYOFIBROBLAST; positive cluster marker (avg_logFC>0); external only outside GSE136103
RAM2019_SAMES_B,Ramachandran2019_Nature,scar-associated mesenchymal metagene B,mesenchymal_hsc_myofibroblast,COL6A3,UP_IN_STATE,GSE136103,scRNA-seq,mixed nonviral cirrhosis,Supplementary Table 17,supplementary file,TRUE,REUSED,ACTIVATED_HSC_MYOFIBROBLAST; positive cluster marker (avg_logFC>0); external only outside GSE136103
RAM2019_SAMES_B,Ramachandran2019_Nature,scar-associated mesenchymal metagene B,mesenchymal_hsc_myofibroblast,LGALS1,UP_IN_STATE,GSE136103,scRNA-seq,mixed nonviral cirrhosis,Supplementary Table 17,supplementary file,TRUE,REUSED,ACTIVATED_HSC_MYOFIBROBLAST; positive cluster marker (avg_logFC>0); external only outside GSE136103
RAM2019_SAMES_B,Ramachandran2019_Nature,scar-associated mesenchymal metagene B,mesenchymal_hsc_myofibroblast,OSR1,UP_IN_STATE,GSE136103,scRNA-seq,mixed nonviral cirrhosis,Supplementary Table 17,supplementary file,TRUE,REUSED,ACTIVATED_HSC_MYOFIBROBLAST; positive cluster marker (avg_logFC>0); external only outside GSE136103
RAM2019_SAMES_B,Ramachandran2019_Nature,scar-associated mesenchymal metagene B,mesenchymal_hsc_myofibroblast,OAF,UP_IN_STATE,GSE136103,scRNA-seq,mixed nonviral cirrhosis,Supplementary Table 17,supplementary file,TRUE,REUSED,ACTIVATED_HSC_MYOFIBROBLAST; positive cluster marker (avg_logFC>0); external only outside GSE136103
RAM2019_SAMES_B,Ramachandran2019_Nature,scar-associated mesenchymal metagene B,mesenchymal_hsc_myofibroblast,RPLP0,UP_IN_STATE,GSE136103,scRNA-seq,mixed nonviral cirrhosis,Supplementary Table 17,supplementary file,TRUE,REUSED,ACTIVATED_HSC_MYOFIBROBLAST; positive cluster marker (avg_logFC>0); external only outside GSE136103
RAM2019_SAMES_B,Ramachandran2019_Nature,scar-associated mesenchymal metagene B,mesenchymal_hsc_myofibroblast,VIM,UP_IN_STATE,GSE136103,scRNA-seq,mixed nonviral cirrhosis,Supplementary Table 17,supplementary file,TRUE,REUSED,ACTIVATED_HSC_MYOFIBROBLAST; positive cluster marker (avg_logFC>0); external only outside GSE136103
RAM2019_SAMES_B,Ramachandran2019_Nature,scar-associated mesenchymal metagene B,mesenchymal_hsc_myofibroblast,ANXA1,UP_IN_STATE,GSE136103,scRNA-seq,mixed nonviral cirrhosis,Supplementary Table 17,supplementary file,TRUE,REUSED,ACTIVATED_HSC_MYOFIBROBLAST; positive cluster marker (avg_logFC>0); external only outside GSE136103
RAM2019_SAMES_B,Ramachandran2019_Nature,scar-associated mesenchymal metagene B,mesenchymal_hsc_myofibroblast,RPS3,UP_IN_STATE,GSE136103,scRNA-seq,mixed nonviral cirrhosis,Supplementary Table 17,supplementary file,TRUE,REUSED,ACTIVATED_HSC_MYOFIBROBLAST; positive cluster marker (avg_logFC>0); external only outside GSE136103
RAM2019_SAMES_B,Ramachandran2019_Nature,scar-associated mesenchymal metagene B,mesenchymal_hsc_myofibroblast,S100A16,UP_IN_STATE,GSE136103,scRNA-seq,mixed nonviral cirrhosis,Supplementary Table 17,supplementary file,TRUE,REUSED,ACTIVATED_HSC_MYOFIBROBLAST; positive cluster marker (avg_logFC>0); external only outside GSE136103
RAM2019_SAMES_B,Ramachandran2019_Nature,scar-associated mesenchymal metagene B,mesenchymal_hsc_myofibroblast,DHRS3,UP_IN_STATE,GSE136103,scRNA-seq,mixed nonviral cirrhosis,Supplementary Table 17,supplementary file,TRUE,REUSED,ACTIVATED_HSC_MYOFIBROBLAST; positive cluster marker (avg_logFC>0); external only outside GSE136103
RAM2019_SAMES_B,Ramachandran2019_Nature,scar-associated mesenchymal metagene B,mesenchymal_hsc_myofibroblast,VCAN,UP_IN_STATE,GSE136103,scRNA-seq,mixed nonviral cirrhosis,Supplementary Table 17,supplementary file,TRUE,REUSED,ACTIVATED_HSC_MYOFIBROBLAST; positive cluster marker (avg_logFC>0); external only outside GSE136103
RAM2019_SAMES_B,Ramachandran2019_Nature,scar-associated mesenchymal metagene B,mesenchymal_hsc_myofibroblast,COL6A1,UP_IN_STATE,GSE136103,scRNA-seq,mixed nonviral cirrhosis,Supplementary Table 17,supplementary file,TRUE,REUSED,ACTIVATED_HSC_MYOFIBROBLAST; positive cluster marker (avg_logFC>0); external only outside GSE136103
RAM2019_SAMES_B,Ramachandran2019_Nature,scar-associated mesenchymal metagene B,mesenchymal_hsc_myofibroblast,MMP23B,UP_IN_STATE,GSE136103,scRNA-seq,mixed nonviral cirrhosis,Supplementary Table 17,supplementary file,TRUE,REUSED,ACTIVATED_HSC_MYOFIBROBLAST; positive cluster marker (avg_logFC>0); external only outside GSE136103
RAM2019_SAMES_B,Ramachandran2019_Nature,scar-associated mesenchymal metagene B,mesenchymal_hsc_myofibroblast,YBX3,UP_IN_STATE,GSE136103,scRNA-seq,mixed nonviral cirrhosis,Supplementary Table 17,supplementary file,TRUE,REUSED,ACTIVATED_HSC_MYOFIBROBLAST; positive cluster marker (avg_logFC>0); external only outside GSE136103
RAM2019_SAMES_B,Ramachandran2019_Nature,scar-associated mesenchymal metagene B,mesenchymal_hsc_myofibroblast,MMP2,UP_IN_STATE,GSE136103,scRNA-seq,mixed nonviral cirrhosis,Supplementary Table 17,supplementary file,TRUE,REUSED,ACTIVATED_HSC_MYOFIBROBLAST; positive cluster marker (avg_logFC>0); external only outside GSE136103
RAM2019_SAMES_B,Ramachandran2019_Nature,scar-associated mesenchymal metagene B,mesenchymal_hsc_myofibroblast,RPSA,UP_IN_STATE,GSE136103,scRNA-seq,mixed nonviral cirrhosis,Supplementary Table 17,supplementary file,TRUE,REUSED,ACTIVATED_HSC_MYOFIBROBLAST; positive cluster marker (avg_logFC>0); external only outside GSE136103
RAM2019_SAMES_B,Ramachandran2019_Nature,scar-associated mesenchymal metagene B,mesenchymal_hsc_myofibroblast,PTGIS,UP_IN_STATE,GSE136103,scRNA-seq,mixed nonviral cirrhosis,Supplementary Table 17,supplementary file,TRUE,REUSED,ACTIVATED_HSC_MYOFIBROBLAST; positive cluster marker (avg_logFC>0); external only outside GSE136103
RAM2019_SAMES_B,Ramachandran2019_Nature,scar-associated mesenchymal metagene B,mesenchymal_hsc_myofibroblast,IGFBP2,UP_IN_STATE,GSE136103,scRNA-seq,mixed nonviral cirrhosis,Supplementary Table 17,supplementary file,TRUE,REUSED,ACTIVATED_HSC_MYOFIBROBLAST; positive cluster marker (avg_logFC>0); external only outside GSE136103
RAM2019_SAMES_B,Ramachandran2019_Nature,scar-associated mesenchymal metagene B,mesenchymal_hsc_myofibroblast,NR4A2,UP_IN_STATE,GSE136103,scRNA-seq,mixed nonviral cirrhosis,Supplementary Table 17,supplementary file,TRUE,REUSED,ACTIVATED_HSC_MYOFIBROBLAST; positive cluster marker (avg_logFC>0); external only outside GSE136103
RAM2019_SAMES_B,Ramachandran2019_Nature,scar-associated mesenchymal metagene B,mesenchymal_hsc_myofibroblast,SVIL,UP_IN_STATE,GSE136103,scRNA-seq,mixed nonviral cirrhosis,Supplementary Table 17,supplementary file,TRUE,REUSED,ACTIVATED_HSC_MYOFIBROBLAST; positive cluster marker (avg_logFC>0); external only outside GSE136103
RAM2019_SAMES_B,Ramachandran2019_Nature,scar-associated mesenchymal metagene B,mesenchymal_hsc_myofibroblast,BOC,UP_IN_STATE,GSE136103,scRNA-seq,mixed nonviral cirrhosis,Supplementary Table 17,supplementary file,TRUE,REUSED,ACTIVATED_HSC_MYOFIBROBLAST; positive cluster marker (avg_logFC>0); external only outside GSE136103
RAM2019_SAMES_B,Ramachandran2019_Nature,scar-associated mesenchymal metagene B,mesenchymal_hsc_myofibroblast,GPRC5A,UP_IN_STATE,GSE136103,scRNA-seq,mixed nonviral cirrhosis,Supplementary Table 17,supplementary file,TRUE,REUSED,ACTIVATED_HSC_MYOFIBROBLAST; positive cluster marker (avg_logFC>0); external only outside GSE136103
RAM2019_SAMES_B,Ramachandran2019_Nature,scar-associated mesenchymal metagene B,mesenchymal_hsc_myofibroblast,LXN,UP_IN_STATE,GSE136103,scRNA-seq,mixed nonviral cirrhosis,Supplementary Table 17,supplementary file,TRUE,REUSED,ACTIVATED_HSC_MYOFIBROBLAST; positive cluster marker (avg_logFC>0); external only outside GSE136103
RAM2019_SAMES_B,Ramachandran2019_Nature,scar-associated mesenchymal metagene B,mesenchymal_hsc_myofibroblast,CCND2,UP_IN_STATE,GSE136103,scRNA-seq,mixed nonviral cirrhosis,Supplementary Table 17,supplementary file,TRUE,REUSED,ACTIVATED_HSC_MYOFIBROBLAST; positive cluster marker (avg_logFC>0); external only outside GSE136103
RAM2019_SAMES_B,Ramachandran2019_Nature,scar-associated mesenchymal metagene B,mesenchymal_hsc_myofibroblast,SFRP2,UP_IN_STATE,GSE136103,scRNA-seq,mixed nonviral cirrhosis,Supplementary Table 17,supplementary file,TRUE,REUSED,ACTIVATED_HSC_MYOFIBROBLAST; positive cluster marker (avg_logFC>0); external only outside GSE136103
RAM2019_SAMES_B,Ramachandran2019_Nature,scar-associated mesenchymal metagene B,mesenchymal_hsc_myofibroblast,IGFBP4,UP_IN_STATE,GSE136103,scRNA-seq,mixed nonviral cirrhosis,Supplementary Table 17,supplementary file,TRUE,REUSED,ACTIVATED_HSC_MYOFIBROBLAST; positive cluster marker (avg_logFC>0); external only outside GSE136103
RAM2019_SAMES_B,Ramachandran2019_Nature,scar-associated mesenchymal metagene B,mesenchymal_hsc_myofibroblast,DNAJB1,UP_IN_STATE,GSE136103,scRNA-seq,mixed nonviral cirrhosis,Supplementary Table 17,supplementary file,TRUE,REUSED,ACTIVATED_HSC_MYOFIBROBLAST; positive cluster marker (avg_logFC>0); external only outside GSE136103
RAM2019_SAMES_B,Ramachandran2019_Nature,scar-associated mesenchymal metagene B,mesenchymal_hsc_myofibroblast,PLP2,UP_IN_STATE,GSE136103,scRNA-seq,mixed nonviral cirrhosis,Supplementary Table 17,supplementary file,TRUE,REUSED,ACTIVATED_HSC_MYOFIBROBLAST; positive cluster marker (avg_logFC>0); external only outside GSE136103
RAM2019_SAMES_B,Ramachandran2019_Nature,scar-associated mesenchymal metagene B,mesenchymal_hsc_myofibroblast,CAV1,UP_IN_STATE,GSE136103,scRNA-seq,mixed nonviral cirrhosis,Supplementary Table 17,supplementary file,TRUE,REUSED,ACTIVATED_HSC_MYOFIBROBLAST; positive cluster marker (avg_logFC>0); external only outside GSE136103
RAM2019_SAMES_B,Ramachandran2019_Nature,scar-associated mesenchymal metagene B,mesenchymal_hsc_myofibroblast,MGP,UP_IN_STATE,GSE136103,scRNA-seq,mixed nonviral cirrhosis,Supplementary Table 17,supplementary file,TRUE,REUSED,ACTIVATED_HSC_MYOFIBROBLAST; positive cluster marker (avg_logFC>0); external only outside GSE136103
RAM2019_SAMES_B,Ramachandran2019_Nature,scar-associated mesenchymal metagene B,mesenchymal_hsc_myofibroblast,CAPZB,UP_IN_STATE,GSE136103,scRNA-seq,mixed nonviral cirrhosis,Supplementary Table 17,supplementary file,TRUE,REUSED,ACTIVATED_HSC_MYOFIBROBLAST; positive cluster marker (avg_logFC>0); external only outside GSE136103
