lineage,program_id,score_method,source_state,mean_fraction_control,mean_fraction_case,mean_intensity_control,mean_intensity_case,abundance_component,intensity_component,combined_component,dataset_id,contrast
endothelial,RAM2019_ENDO_1,singscore,cluster_0,0.008463241398394982,0.0,0.4049065751439068,0.4049065751439068,-0.0034268220892402406,0.0,-0.0034268220892402406,GSE202379,clinical_cirrhosis_vs_healthy
endothelial,RAM2019_ENDO_1,singscore,cluster_1,0.0,0.0017730496453900709,0.1134356022425298,0.1134356022425298,0.0002011269543307266,0.0,0.0002011269543307266,GSE202379,clinical_cirrhosis_vs_healthy
endothelial,RAM2019_ENDO_1,singscore,cluster_11,0.19807997061084343,0.26151713302075674,0.7497650841781696,0.6940880559466192,0.045796973073079776,-0.0127945004570177,0.033002472616062074,GSE202379,clinical_cirrhosis_vs_healthy
endothelial,RAM2019_ENDO_1,singscore,cluster_12,0.001122929483710159,0.0,0.1473578217805286,0.1473578217805286,-0.0001654724427326626,0.0,-0.0001654724427326626,GSE202379,clinical_cirrhosis_vs_healthy
endothelial,RAM2019_ENDO_1,singscore,cluster_13,0.009262712959820221,0.040590788808465145,0.48125713286072497,0.3790676396513472,0.013476159863863192,-0.0025472520402069496,0.010928907823656242,GSE202379,clinical_cirrhosis_vs_healthy
endothelial,RAM2019_ENDO_1,singscore,cluster_15,0.08161984553750526,0.12523901019095934,0.6842814658080856,0.4914988795681548,0.02564327824063067,-0.019939392596983064,0.005703885643647606,GSE202379,clinical_cirrhosis_vs_healthy
endothelial,RAM2019_ENDO_1,singscore,cluster_16,0.14094032679455448,0.11755635218145641,0.8102534091950384,0.7833068150579375,-0.01863188591418723,-0.0034828025470775115,-0.022114688461264742,GSE202379,clinical_cirrhosis_vs_healthy
endothelial,RAM2019_ENDO_1,singscore,cluster_19,0.0018878101402373248,0.0008305647840531562,0.6031430404105196,0.2175895304182669,-0.00043385784958891436,-0.0005240394967675595,-0.0009578973463564739,GSE202379,clinical_cirrhosis_vs_healthy
endothelial,RAM2019_ENDO_1,singscore,cluster_2,0.0033783783783783786,0.0,0.3390943245337088,0.3390943245337088,-0.0011455889342355029,0.0,-0.0011455889342355029,GSE202379,clinical_cirrhosis_vs_healthy
endothelial,RAM2019_ENDO_1,singscore,cluster_21,0.015945468786674157,0.005086850061502029,0.6047961980290395,0.5395897719983673,-0.0062132254614819344,-0.0006857211716135563,-0.0068989466330954905,GSE202379,clinical_cirrhosis_vs_healthy
endothelial,RAM2019_ENDO_1,singscore,cluster_4,0.0033783783783783786,0.0,0.36015011287621945,0.36015011287621945,-0.0012167233543115522,0.0,-0.0012167233543115522,GSE202379,clinical_cirrhosis_vs_healthy
endothelial,RAM2019_ENDO_1,singscore,cluster_6,0.5359209375315033,0.44740625130741707,0.828557371108686,0.8188580342044102,-0.07291022884100724,-0.004768810845841571,-0.07767903968684882,GSE202379,clinical_cirrhosis_vs_healthy
endothelial,RAM2019_ENDO_1,standardized_mean,cluster_0,0.008463241398394982,0.0,-2.6655133029413136,-2.6655133029413136,0.02255888253342547,0.0,0.02255888253342547,GSE202379,clinical_cirrhosis_vs_healthy
endothelial,RAM2019_ENDO_1,standardized_mean,cluster_1,0.0,0.0017730496453900709,-5.276770539055714,-5.276770539055714,-0.009355976133077506,0.0,-0.009355976133077506,GSE202379,clinical_cirrhosis_vs_healthy
endothelial,RAM2019_ENDO_1,standardized_mean,cluster_11,0.19807997061084343,0.26151713302075674,-0.22885472474699248,-0.6616812428163571,-0.02824653740309275,-0.09946290703981521,-0.12770944444290797,GSE202379,clinical_cirrhosis_vs_healthy
endothelial,RAM2019_ENDO_1,standardized_mean,cluster_12,0.001122929483710159,0.0,-5.1790857914109845,-5.1790857914109845,0.005815748133839758,0.0,0.005815748133839758,GSE202379,clinical_cirrhosis_vs_healthy
endothelial,RAM2019_ENDO_1,standardized_mean,cluster_13,0.009262712959820221,0.040590788808465145,-2.320769313451076,-3.2342518749402687,-0.08701406256537686,-0.022770152247249657,-0.10978421481262651,GSE202379,clinical_cirrhosis_vs_healthy
endothelial,RAM2019_ENDO_1,standardized_mean,cluster_15,0.08161984553750526,0.12523901019095934,-0.6756230483711062,-2.178710588561307,-0.06225182444262368,-0.15546348431172874,-0.2177153087543524,GSE202379,clinical_cirrhosis_vs_healthy
endothelial,RAM2019_ENDO_1,standardized_mean,cluster_16,0.14094032679455448,0.11755635218145641,0.39378760355637027,0.2896639044036394,-0.007990906355710231,-0.013457815216839102,-0.02144872157254933,GSE202379,clinical_cirrhosis_vs_healthy
endothelial,RAM2019_ENDO_1,standardized_mean,cluster_19,0.0018878101402373248,0.0008305647840531562,-1.3451955437270893,-5.073523573207678,0.0033930804895149153,-0.005067496712434687,-0.0016744162229197718,GSE202379,clinical_cirrhosis_vs_healthy
endothelial,RAM2019_ENDO_1,standardized_mean,cluster_2,0.0033783783783783786,0.0,-3.2697053243699212,-3.2697053243699212,0.011046301771520006,0.0,0.011046301771520006,GSE202379,clinical_cirrhosis_vs_healthy
endothelial,RAM2019_ENDO_1,standardized_mean,cluster_21,0.015945468786674157,0.005086850061502029,-1.2674400411704414,-1.7996460616559182,0.016652159293932756,-0.005596763357884768,0.011055395936047988,GSE202379,clinical_cirrhosis_vs_healthy
endothelial,RAM2019_ENDO_1,standardized_mean,cluster_4,0.0033783783783783786,0.0,-3.154166901410337,-3.154166901410337,0.01065596926152141,0.0,0.01065596926152141,GSE202379,clinical_cirrhosis_vs_healthy
endothelial,RAM2019_ENDO_1,standardized_mean,cluster_6,0.5359209375315033,0.44740625130741707,0.4418924866454597,0.3004757153454741,-0.03285524423098328,-0.06952947808854568,-0.10238472231952896,GSE202379,clinical_cirrhosis_vs_healthy
endothelial,RAM2019_ENDO_2,singscore,cluster_0,0.008463241398394982,0.0,0.0947118988050979,0.0947118988050979,-0.0008015696628879007,0.0,-0.0008015696628879007,GSE202379,clinical_cirrhosis_vs_healthy
endothelial,RAM2019_ENDO_2,singscore,cluster_1,0.0,0.0017730496453900709,0.015096833412556299,0.015096833412556299,2.676743512864592e-05,0.0,2.676743512864592e-05,GSE202379,clinical_cirrhosis_vs_healthy
endothelial,RAM2019_ENDO_2,singscore,cluster_11,0.19807997061084343,0.26151713302075674,0.2478010016376075,0.19770310281164832,0.014130758114115214,-0.011512424599219888,0.0026183335148953265,GSE202379,clinical_cirrhosis_vs_healthy
endothelial,RAM2019_ENDO_2,singscore,cluster_12,0.001122929483710159,0.0,0.045530404514372624,0.045530404514372624,-5.112743363443915e-05,0.0,-5.112743363443915e-05,GSE202379,clinical_cirrhosis_vs_healthy
endothelial,RAM2019_ENDO_2,singscore,cluster_13,0.009262712959820221,0.040590788808465145,0.12755606086118187,0.07433779217534571,0.0031624729706517534,-0.0013265585260172094,0.001835914444634544,GSE202379,clinical_cirrhosis_vs_healthy
endothelial,RAM2019_ENDO_2,singscore,cluster_15,0.08161984553750526,0.12523901019095934,0.24367382852953584,0.2590439069529028,0.010964063839110033,0.0015897184175572266,0.01255378225666726,GSE202379,clinical_cirrhosis_vs_healthy
endothelial,RAM2019_ENDO_2,singscore,cluster_16,0.14094032679455448,0.11755635218145641,0.26367938656029427,0.23714575004358518,-0.005855641139973246,-0.003429428460362955,-0.0092850696003362,GSE202379,clinical_cirrhosis_vs_healthy
endothelial,RAM2019_ENDO_2,singscore,cluster_19,0.0018878101402373248,0.0008305647840531562,0.156752858362601,0.06229315706577698,-0.00011579269130114918,-0.0001283884416806277,-0.0002441811329817769,GSE202379,clinical_cirrhosis_vs_healthy
endothelial,RAM2019_ENDO_2,singscore,cluster_2,0.0033783783783783786,0.0,0.16070680866218345,0.16070680866218345,-0.0005429284076425117,0.0,-0.0005429284076425117,GSE202379,clinical_cirrhosis_vs_healthy
endothelial,RAM2019_ENDO_2,singscore,cluster_21,0.015945468786674157,0.005086850061502029,0.17256642442791775,0.10135136141951817,-0.0014871843992803283,-0.0007489089559928086,-0.002236093355273137,GSE202379,clinical_cirrhosis_vs_healthy
endothelial,RAM2019_ENDO_2,singscore,cluster_4,0.0033783783783783786,0.0,0.02148782374039082,0.02148782374039082,-7.259399912294197e-05,0.0,-7.259399912294197e-05,GSE202379,clinical_cirrhosis_vs_healthy
endothelial,RAM2019_ENDO_2,singscore,cluster_6,0.5359209375315033,0.44740625130741707,0.2809269767143843,0.2738350859259634,-0.02455229495181862,-0.0034868245162652934,-0.028039119468083913,GSE202379,clinical_cirrhosis_vs_healthy
endothelial,RAM2019_ENDO_2,standardized_mean,cluster_0,0.008463241398394982,0.0,-1.2196861365373635,-1.2196861365373635,0.010322498203791448,0.0,0.010322498203791448,GSE202379,clinical_cirrhosis_vs_healthy
endothelial,RAM2019_ENDO_2,standardized_mean,cluster_1,0.0,0.0017730496453900709,-3.0965336884955548,-3.0965336884955548,-0.005490307958325452,0.0,-0.005490307958325452,GSE202379,clinical_cirrhosis_vs_healthy
endothelial,RAM2019_ENDO_2,standardized_mean,cluster_11,0.19807997061084343,0.26151713302075674,-0.19324426016538815,-0.46831707539495226,-0.02098378694403024,-0.063211334583649,-0.08419512152767925,GSE202379,clinical_cirrhosis_vs_healthy
endothelial,RAM2019_ENDO_2,standardized_mean,cluster_12,0.001122929483710159,0.0,-2.5110162228230783,-2.5110162228230783,0.002819694150682553,0.0,0.002819694150682553,GSE202379,clinical_cirrhosis_vs_healthy
endothelial,RAM2019_ENDO_2,standardized_mean,cluster_13,0.009262712959820221,0.040590788808465145,-1.5816804036509626,-1.8240646407398309,-0.05334771953591068,-0.006041851496157196,-0.05938957103206788,GSE202379,clinical_cirrhosis_vs_healthy
endothelial,RAM2019_ENDO_2,standardized_mean,cluster_15,0.08161984553750526,0.12523901019095934,-0.3302294646009797,-0.5704532321643346,-0.01964351342536165,-0.024846206838468127,-0.044489720263829774,GSE202379,clinical_cirrhosis_vs_healthy
endothelial,RAM2019_ENDO_2,standardized_mean,cluster_16,0.14094032679455448,0.11755635218145641,-0.20418196395138483,-0.326904694773471,0.0062094584724885545,-0.015861709176188107,-0.009652250703699553,GSE202379,clinical_cirrhosis_vs_healthy
endothelial,RAM2019_ENDO_2,standardized_mean,cluster_19,0.0018878101402373248,0.0008305647840531562,-0.9970930413979757,-2.7873268307601697,0.0020005301678451422,-0.0024332633208098576,-0.00043273315296471536,GSE202379,clinical_cirrhosis_vs_healthy
endothelial,RAM2019_ENDO_2,standardized_mean,cluster_2,0.0033783783783783786,0.0,-1.3285640689781295,-1.3285640689781295,0.004488392124926114,0.0,0.004488392124926114,GSE202379,clinical_cirrhosis_vs_healthy
endothelial,RAM2019_ENDO_2,standardized_mean,cluster_21,0.015945468786674157,0.005086850061502029,-0.8929388758192915,-1.4754478682270293,0.012858704323675411,-0.006125757430124692,0.00673294689355072,GSE202379,clinical_cirrhosis_vs_healthy
endothelial,RAM2019_ENDO_2,standardized_mean,cluster_4,0.0033783783783783786,0.0,-1.9395376226755805,-1.9395376226755805,0.006552491968498583,0.0,0.006552491968498583,GSE202379,clinical_cirrhosis_vs_healthy
endothelial,RAM2019_ENDO_2,standardized_mean,cluster_6,0.5359209375315033,0.44740625130741707,0.0061358298766433506,-0.0362159061332126,0.0013312642557234064,-0.02082280675650986,-0.019491542500786455,GSE202379,clinical_cirrhosis_vs_healthy
endothelial,RAM2019_ENDO_3,singscore,cluster_0,0.008463241398394982,0.0,0.3275901622314179,0.3275901622314179,-0.002772474622703864,0.0,-0.002772474622703864,GSE202379,clinical_cirrhosis_vs_healthy
endothelial,RAM2019_ENDO_3,singscore,cluster_1,0.0,0.0017730496453900709,0.16029485603476634,0.16029485603476634,0.0002842107376502949,0.0,0.0002842107376502949,GSE202379,clinical_cirrhosis_vs_healthy
endothelial,RAM2019_ENDO_3,singscore,cluster_11,0.19807997061084343,0.26151713302075674,0.4859794050937548,0.46854428900393025,0.030276137303292636,-0.00400656442818204,0.026269572875110597,GSE202379,clinical_cirrhosis_vs_healthy
endothelial,RAM2019_ENDO_3,singscore,cluster_12,0.001122929483710159,0.0,0.20886602489741501,0.20886602489741501,-0.00023454181750264748,0.0,-0.00023454181750264748,GSE202379,clinical_cirrhosis_vs_healthy
endothelial,RAM2019_ENDO_3,singscore,cluster_13,0.009262712959820221,0.040590788808465145,0.30722740677897625,0.28712594721563334,0.009309973477419816,-0.0005010640749431164,0.0088089094024767,GSE202379,clinical_cirrhosis_vs_healthy
endothelial,RAM2019_ENDO_3,singscore,cluster_15,0.08161984553750526,0.12523901019095934,0.576131031736413,0.5265457000883009,0.024048918962497414,-0.005128582482822443,0.01892033647967497,GSE202379,clinical_cirrhosis_vs_healthy
endothelial,RAM2019_ENDO_3,singscore,cluster_16,0.14094032679455448,0.11755635218145641,0.5310284900531537,0.4901115882057586,-0.011939156833211692,-0.005288441620769513,-0.017227598453981204,GSE202379,clinical_cirrhosis_vs_healthy
endothelial,RAM2019_ENDO_3,singscore,cluster_19,0.0018878101402373248,0.0008305647840531562,0.38805253042921195,0.077336080475094,-0.0002460149738497892,-0.0004223219030599162,-0.0006683368769097054,GSE202379,clinical_cirrhosis_vs_healthy
endothelial,RAM2019_ENDO_3,singscore,cluster_2,0.0033783783783783786,0.0,0.26232837578129065,0.26232837578129065,-0.0008862445127746306,0.0,-0.0008862445127746306,GSE202379,clinical_cirrhosis_vs_healthy
endothelial,RAM2019_ENDO_3,singscore,cluster_21,0.015945468786674157,0.005086850061502029,0.3494673805772461,0.32161166611839265,-0.0036434957512599614,-0.0002929351341211785,-0.00393643088538114,GSE202379,clinical_cirrhosis_vs_healthy
endothelial,RAM2019_ENDO_3,singscore,cluster_4,0.0033783783783783786,0.0,0.24062537874197076,0.24062537874197076,-0.0008129235768309824,0.0,-0.0008129235768309824,GSE202379,clinical_cirrhosis_vs_healthy
endothelial,RAM2019_ENDO_3,singscore,cluster_6,0.5359209375315033,0.44740625130741707,0.5564676143151479,0.5653842824246411,-0.04965018431490919,0.004384001092958804,-0.04526618322195038,GSE202379,clinical_cirrhosis_vs_healthy
endothelial,RAM2019_ENDO_3,standardized_mean,cluster_0,0.008463241398394982,0.0,-1.6897052412072724,-1.6897052412072724,0.014300383348470365,0.0,0.014300383348470365,GSE202379,clinical_cirrhosis_vs_healthy
endothelial,RAM2019_ENDO_3,standardized_mean,cluster_1,0.0,0.0017730496453900709,-3.442674065358545,-3.442674065358545,-0.006104032030777562,0.0,-0.006104032030777562,GSE202379,clinical_cirrhosis_vs_healthy
endothelial,RAM2019_ENDO_3,standardized_mean,cluster_11,0.19807997061084343,0.26151713302075674,-0.35128131204979396,-0.7108064102649692,-0.03368791566702827,-0.08261834691128055,-0.11630626257830881,GSE202379,clinical_cirrhosis_vs_healthy
endothelial,RAM2019_ENDO_3,standardized_mean,cluster_12,0.001122929483710159,0.0,-2.845847358520822,-2.845847358520822,0.0031956859050217066,0.0,0.0031956859050217066,GSE202379,clinical_cirrhosis_vs_healthy
endothelial,RAM2019_ENDO_3,standardized_mean,cluster_13,0.009262712959820221,0.040590788808465145,-2.083906041989716,-2.3735069314851596,-0.0698210858608774,-0.007218809228279057,-0.07703989508915646,GSE202379,clinical_cirrhosis_vs_healthy
endothelial,RAM2019_ENDO_3,standardized_mean,cluster_15,0.08161984553750526,0.12523901019095934,0.13557505757368493,-0.5432243040127032,-0.008890659800640008,-0.07020782960348626,-0.07909848940412627,GSE202379,clinical_cirrhosis_vs_healthy
endothelial,RAM2019_ENDO_3,standardized_mean,cluster_16,0.14094032679455448,0.11755635218145641,0.016571294772533406,-0.2623963703430452,0.0028741836632018816,-0.03605610748703452,-0.033181923823832636,GSE202379,clinical_cirrhosis_vs_healthy
endothelial,RAM2019_ENDO_3,standardized_mean,cluster_19,0.0018878101402373248,0.0008305647840531562,-0.9255663888392768,-4.4060947789883285,0.0028184370052165984,-0.004730690549531149,-0.0019122535443145505,GSE202379,clinical_cirrhosis_vs_healthy
endothelial,RAM2019_ENDO_3,standardized_mean,cluster_2,0.0033783783783783786,0.0,-2.3819163782229666,-2.3819163782229666,0.008047014791293806,0.0,0.008047014791293806,GSE202379,clinical_cirrhosis_vs_healthy
endothelial,RAM2019_ENDO_3,standardized_mean,cluster_21,0.015945468786674157,0.005086850061502029,-1.4088858885565192,-1.9171269399777953,0.01805795259004271,-0.005344743922612294,0.012713208667430417,GSE202379,clinical_cirrhosis_vs_healthy
endothelial,RAM2019_ENDO_3,standardized_mean,cluster_4,0.0033783783783783786,0.0,-2.2133167069806614,-2.2133167069806614,0.007477421307367099,0.0,0.007477421307367099,GSE202379,clinical_cirrhosis_vs_healthy
endothelial,RAM2019_ENDO_3,standardized_mean,cluster_6,0.5359209375315033,0.44740625130741707,0.1328457392901386,-0.04041133524768478,-0.004090901135064102,-0.08518419602586658,-0.08927509716093068,GSE202379,clinical_cirrhosis_vs_healthy
endothelial,RAM2019_ENDO_4,singscore,cluster_0,0.008463241398394982,0.0,0.2326475117186615,0.2326475117186615,-0.0019689520524109575,0.0,-0.0019689520524109575,GSE202379,clinical_cirrhosis_vs_healthy
endothelial,RAM2019_ENDO_4,singscore,cluster_1,0.0,0.0017730496453900709,0.06210211275579147,0.06210211275579147,0.00011011012899963026,0.0,0.00011011012899963026,GSE202379,clinical_cirrhosis_vs_healthy
endothelial,RAM2019_ENDO_4,singscore,cluster_11,0.19807997061084343,0.26151713302075674,0.49000252866448774,0.47429838995780527,0.030586256993335503,-0.003608788332310083,0.02697746866102542,GSE202379,clinical_cirrhosis_vs_healthy
endothelial,RAM2019_ENDO_4,singscore,cluster_12,0.001122929483710159,0.0,0.12408307606373736,0.12408307606373736,-0.000139336544541421,0.0,-0.000139336544541421,GSE202379,clinical_cirrhosis_vs_healthy
endothelial,RAM2019_ENDO_4,singscore,cluster_13,0.009262712959820221,0.040590788808465145,0.21338544143436922,0.20959357694059277,0.006625559385018092,-9.451886162279119e-05,0.0065310405233953,GSE202379,clinical_cirrhosis_vs_healthy
endothelial,RAM2019_ENDO_4,singscore,cluster_15,0.08161984553750526,0.12523901019095934,0.530352843049192,0.4779704259478718,0.021991109347146,-0.005417883430935119,0.016573225916210882,GSE202379,clinical_cirrhosis_vs_healthy
endothelial,RAM2019_ENDO_4,singscore,cluster_16,0.14094032679455448,0.11755635218145641,0.5235001622874225,0.5564126176583812,-0.012626326515306421,0.004253880205169508,-0.008372446310136913,GSE202379,clinical_cirrhosis_vs_healthy
endothelial,RAM2019_ENDO_4,singscore,cluster_19,0.0018878101402373248,0.0008305647840531562,0.36766517462881465,0.0755836686015352,-0.00023431139056964597,-0.0003969935209167777,-0.0006313049114864237,GSE202379,clinical_cirrhosis_vs_healthy
endothelial,RAM2019_ENDO_4,singscore,cluster_2,0.0033783783783783786,0.0,0.0948452985711159,0.0948452985711159,-0.0003204233059834997,0.0,-0.0003204233059834997,GSE202379,clinical_cirrhosis_vs_healthy
endothelial,RAM2019_ENDO_4,singscore,cluster_21,0.015945468786674157,0.005086850061502029,0.33035010680776866,0.30925359108098516,-0.0034726063452920793,-0.00022185432267563703,-0.0036944606679677164,GSE202379,clinical_cirrhosis_vs_healthy
endothelial,RAM2019_ENDO_4,singscore,cluster_4,0.0033783783783783786,0.0,0.1755206406956471,0.1755206406956471,-0.0005929751374852943,0.0,-0.0005929751374852943,GSE202379,clinical_cirrhosis_vs_healthy
endothelial,RAM2019_ENDO_4,singscore,cluster_6,0.5359209375315033,0.44740625130741707,0.558904956182396,0.6017843124674481,-0.05136902320910253,0.0210822184375014,-0.030286804771601127,GSE202379,clinical_cirrhosis_vs_healthy
endothelial,RAM2019_ENDO_4,standardized_mean,cluster_0,0.008463241398394982,0.0,-2.1008731700565946,-2.1008731700565946,0.01778019678560027,0.0,0.01778019678560027,GSE202379,clinical_cirrhosis_vs_healthy
endothelial,RAM2019_ENDO_4,standardized_mean,cluster_1,0.0,0.0017730496453900709,-4.094572913558303,-4.094572913558303,-0.007259881052408338,0.0,-0.007259881052408338,GSE202379,clinical_cirrhosis_vs_healthy
endothelial,RAM2019_ENDO_4,standardized_mean,cluster_11,0.19807997061084343,0.26151713302075674,-0.368518715252972,-0.6324225545721348,-0.031748436948340085,-0.060644720094173224,-0.0923931570425133,GSE202379,clinical_cirrhosis_vs_healthy
endothelial,RAM2019_ENDO_4,standardized_mean,cluster_12,0.001122929483710159,0.0,-3.5504970448476563,-3.5504970448476563,0.003986957813485225,0.0,0.003986957813485225,GSE202379,clinical_cirrhosis_vs_healthy
endothelial,RAM2019_ENDO_4,standardized_mean,cluster_13,0.009262712959820221,0.040590788808465145,-2.4370990930652106,-2.673385938912149,-0.08005083135257565,-0.00588986334362646,-0.08594069469620211,GSE202379,clinical_cirrhosis_vs_healthy
endothelial,RAM2019_ENDO_4,standardized_mean,cluster_15,0.08161984553750526,0.12523901019095934,-0.2723684991590476,-0.947856584003296,-0.026612599408366484,-0.06986534614454662,-0.0964779455529131,GSE202379,clinical_cirrhosis_vs_healthy
endothelial,RAM2019_ENDO_4,standardized_mean,cluster_16,0.14094032679455448,0.11755635218145641,-0.10291442631684516,0.023011880346186647,0.0009342195532498903,0.01627576603405422,0.01720998558730411,GSE202379,clinical_cirrhosis_vs_healthy
endothelial,RAM2019_ENDO_4,standardized_mean,cluster_19,0.0018878101402373248,0.0008305647840531562,-1.0587390637798777,-4.215025740330073,0.0027878316743763783,-0.004289985277703095,-0.0015021536033267171,GSE202379,clinical_cirrhosis_vs_healthy
endothelial,RAM2019_ENDO_4,standardized_mean,cluster_2,0.0033783783783783786,0.0,-3.544140432976548,-3.544140432976548,0.011973447408704554,0.0,0.011973447408704554,GSE202379,clinical_cirrhosis_vs_healthy
endothelial,RAM2019_ENDO_4,standardized_mean,cluster_21,0.015945468786674157,0.005086850061502029,-1.440640335153002,-1.7429200198950598,0.017284534042020256,-0.00317882135541057,0.014105712686609685,GSE202379,clinical_cirrhosis_vs_healthy
endothelial,RAM2019_ENDO_4,standardized_mean,cluster_4,0.0033783783783783786,0.0,-2.49705233009462,-2.49705233009462,0.008435987601671014,0.0,0.008435987601671014,GSE202379,clinical_cirrhosis_vs_healthy
endothelial,RAM2019_ENDO_4,standardized_mean,cluster_6,0.5359209375315033,0.44740625130741707,0.01725501463727144,0.14919854274398783,-0.0073667922012425465,0.06487182928933324,0.057505037088090696,GSE202379,clinical_cirrhosis_vs_healthy
endothelial,RAM2019_ENDO_5,singscore,cluster_0,0.008463241398394982,0.0,0.21968656210281223,0.21968656210281223,-0.0018592604070595906,0.0,-0.0018592604070595906,GSE202379,clinical_cirrhosis_vs_healthy
endothelial,RAM2019_ENDO_5,singscore,cluster_1,0.0,0.0017730496453900709,-0.012780100825616536,-0.012780100825616536,-2.265975323690875e-05,0.0,-2.265975323690875e-05,GSE202379,clinical_cirrhosis_vs_healthy
endothelial,RAM2019_ENDO_5,singscore,cluster_11,0.19807997061084343,0.26151713302075674,0.4184256411078001,0.3551379409785638,0.024536339295603494,-0.014543421837451123,0.00999291745815237,GSE202379,clinical_cirrhosis_vs_healthy
endothelial,RAM2019_ENDO_5,singscore,cluster_12,0.001122929483710159,0.0,0.06812104147307929,0.06812104147307929,-7.649512593116326e-05,0.0,-7.649512593116326e-05,GSE202379,clinical_cirrhosis_vs_healthy
endothelial,RAM2019_ENDO_5,singscore,cluster_13,0.009262712959820221,0.040590788808465145,0.15924181414905245,0.135921662554605,0.004623451892960959,-0.0005812956093752343,0.004042156283585725,GSE202379,clinical_cirrhosis_vs_healthy
endothelial,RAM2019_ENDO_5,singscore,cluster_15,0.08161984553750526,0.12523901019095934,0.4651387620558173,0.47831204540356953,0.0205762680565026,0.001362505159751434,0.021938773216254034,GSE202379,clinical_cirrhosis_vs_healthy
endothelial,RAM2019_ENDO_5,singscore,cluster_16,0.14094032679455448,0.11755635218145641,0.4242604630608692,0.38291471744261796,-0.0094374819646082,-0.005343868966052447,-0.014781350930660648,GSE202379,clinical_cirrhosis_vs_healthy
endothelial,RAM2019_ENDO_5,singscore,cluster_19,0.0018878101402373248,0.0008305647840531562,0.28719279694959776,0.07342833797942894,-0.00019063251012278897,-0.00029054597248451416,-0.00048117848260730315,GSE202379,clinical_cirrhosis_vs_healthy
endothelial,RAM2019_ENDO_5,singscore,cluster_2,0.0033783783783783786,0.0,0.07181889305435396,0.07181889305435396,-0.00024263139545389854,0.0,-0.00024263139545389854,GSE202379,clinical_cirrhosis_vs_healthy
endothelial,RAM2019_ENDO_5,singscore,cluster_21,0.015945468786674157,0.005086850061502029,0.22342196294872202,0.25838466735023013,-0.002615877248838143,0.0003676733733835258,-0.0022482038754546175,GSE202379,clinical_cirrhosis_vs_healthy
endothelial,RAM2019_ENDO_5,singscore,cluster_4,0.0033783783783783786,0.0,0.14102101957768598,0.14102101957768598,-0.00047642236343812833,0.0,-0.00047642236343812833,GSE202379,clinical_cirrhosis_vs_healthy
endothelial,RAM2019_ENDO_5,singscore,cluster_6,0.5359209375315033,0.44740625130741707,0.4986495615580976,0.43519163809584843,-0.04132933038524663,-0.031199950743844414,-0.07252928112909104,GSE202379,clinical_cirrhosis_vs_healthy
endothelial,RAM2019_ENDO_5,standardized_mean,cluster_0,0.008463241398394982,0.0,-1.3694547234880834,-1.3694547234880834,0.0115900259090519,0.0,0.0115900259090519,GSE202379,clinical_cirrhosis_vs_healthy
endothelial,RAM2019_ENDO_5,standardized_mean,cluster_1,0.0,0.0017730496453900709,-3.9591005424606824,-3.9591005424606824,-0.00701968181287355,0.0,-0.00701968181287355,GSE202379,clinical_cirrhosis_vs_healthy
endothelial,RAM2019_ENDO_5,standardized_mean,cluster_11,0.19807997061084343,0.26151713302075674,-0.22674698934356213,-0.40404950131606815,-0.02000796971278917,-0.04074386048458544,-0.06075183019737461,GSE202379,clinical_cirrhosis_vs_healthy
endothelial,RAM2019_ENDO_5,standardized_mean,cluster_12,0.001122929483710159,0.0,-3.118879250239078,-3.118879250239078,0.003502281466225296,0.0,0.003502281466225296,GSE202379,clinical_cirrhosis_vs_healthy
endothelial,RAM2019_ENDO_5,standardized_mean,cluster_13,0.009262712959820221,0.040590788808465145,-1.8259617914873203,-2.201701618876606,-0.06308947240634648,-0.009365973074583494,-0.07245544548092997,GSE202379,clinical_cirrhosis_vs_healthy
endothelial,RAM2019_ENDO_5,standardized_mean,cluster_15,0.08161984553750526,0.12523901019095934,0.05949368881851041,0.11903253748912193,0.003893582430136211,0.006158069053696457,0.010051651483832668,GSE202379,clinical_cirrhosis_vs_healthy
endothelial,RAM2019_ENDO_5,standardized_mean,cluster_16,0.14094032679455448,0.11755635218145641,-0.26830335789740584,-0.3328520955963129,0.007028701931511289,-0.008342817163630556,-0.0013141152321192668,GSE202379,clinical_cirrhosis_vs_healthy
endothelial,RAM2019_ENDO_5,standardized_mean,cluster_19,0.0018878101402373248,0.0008305647840531562,-1.0560238912490951,-2.9029117667881152,0.002092783169945878,-0.0025102668444206954,-0.0004174836744748173,GSE202379,clinical_cirrhosis_vs_healthy
endothelial,RAM2019_ENDO_5,standardized_mean,cluster_2,0.0033783783783783786,0.0,-2.5974790404224444,-2.5974790404224444,0.008775267028454204,0.0,0.008775267028454204,GSE202379,clinical_cirrhosis_vs_healthy
endothelial,RAM2019_ENDO_5,standardized_mean,cluster_21,0.015945468786674157,0.005086850061502029,-1.3243339376619727,-1.2468236631646141,0.01395961003485211,0.0008151104036190525,0.014774720438471162,GSE202379,clinical_cirrhosis_vs_healthy
endothelial,RAM2019_ENDO_5,standardized_mean,cluster_4,0.0033783783783783786,0.0,-1.723916201247853,-1.723916201247853,0.005824041220431936,0.0,0.005824041220431936,GSE202379,clinical_cirrhosis_vs_healthy
endothelial,RAM2019_ENDO_5,standardized_mean,cluster_6,0.5359209375315033,0.44740625130741707,0.0673124293777291,0.02141717336556493,-0.003926936472805244,-0.022565026537741978,-0.026491963010547223,GSE202379,clinical_cirrhosis_vs_healthy
endothelial,RAM2019_ENDO_6_SAENDO1,singscore,cluster_0,0.008463241398394982,0.0,0.14064250280044804,0.14064250280044804,-0.001190291452074634,0.0,-0.001190291452074634,GSE202379,clinical_cirrhosis_vs_healthy
endothelial,RAM2019_ENDO_6_SAENDO1,singscore,cluster_1,0.0,0.0017730496453900709,0.027300368058889468,0.027300368058889468,4.840490790583239e-05,0.0,4.840490790583239e-05,GSE202379,clinical_cirrhosis_vs_healthy
endothelial,RAM2019_ENDO_6_SAENDO1,singscore,cluster_11,0.19807997061084343,0.26151713302075674,0.3472688963567504,0.39547527604416705,0.023558791346806825,0.011077756240450947,0.034636547587257774,GSE202379,clinical_cirrhosis_vs_healthy
endothelial,RAM2019_ENDO_6_SAENDO1,singscore,cluster_12,0.001122929483710159,0.0,0.213922227556409,0.213922227556409,-0.00024021957654404554,0.0,-0.00024021957654404554,GSE202379,clinical_cirrhosis_vs_healthy
endothelial,RAM2019_ENDO_6_SAENDO1,singscore,cluster_13,0.009262712959820221,0.040590788808465145,0.18741754236233357,0.16120979356697065,0.005460911811452128,-0.0006532740254562019,0.004807637785995926,GSE202379,clinical_cirrhosis_vs_healthy
endothelial,RAM2019_ENDO_6_SAENDO1,singscore,cluster_15,0.08161984553750526,0.12523901019095934,0.4713200778791273,0.4903044487117939,0.02097262928008461,0.001963542613585129,0.02293617189366974,GSE202379,clinical_cirrhosis_vs_healthy
endothelial,RAM2019_ENDO_6_SAENDO1,singscore,cluster_16,0.14094032679455448,0.11755635218145641,0.4418653651250867,0.37885461673867815,-0.009595847610182295,-0.008144034598839821,-0.017739882209022118,GSE202379,clinical_cirrhosis_vs_healthy
endothelial,RAM2019_ENDO_6_SAENDO1,singscore,cluster_19,0.0018878101402373248,0.0008305647840531562,0.31766682669227086,-0.030532885261641884,-0.00015178551309019477,-0.00047326868281034244,-0.0006250541959005372,GSE202379,clinical_cirrhosis_vs_healthy
endothelial,RAM2019_ENDO_6_SAENDO1,singscore,cluster_2,0.0033783783783783786,0.0,0.15257107803915293,0.15257107803915293,-0.0005154428312133545,0.0,-0.0005154428312133545,GSE202379,clinical_cirrhosis_vs_healthy
endothelial,RAM2019_ENDO_6_SAENDO1,singscore,cluster_21,0.015945468786674157,0.005086850061502029,0.31079972795647304,0.1323065023737131,-0.0024057608049518966,-0.0018770632163480228,-0.0042828240212999195,GSE202379,clinical_cirrhosis_vs_healthy
endothelial,RAM2019_ENDO_6_SAENDO1,singscore,cluster_4,0.0033783783783783786,0.0,0.20852669760495002,0.20852669760495002,-0.0007044820865032095,0.0,-0.0007044820865032095,GSE202379,clinical_cirrhosis_vs_healthy
endothelial,RAM2019_ENDO_6_SAENDO1,singscore,cluster_6,0.5359209375315033,0.44740625130741707,0.39729356697071533,0.43613378140502485,-0.03688528011602541,0.01909631943679522,-0.017788960679230192,GSE202379,clinical_cirrhosis_vs_healthy
endothelial,RAM2019_ENDO_6_SAENDO1,standardized_mean,cluster_0,0.008463241398394982,0.0,-1.9008661528079962,-1.9008661528079962,0.016087489117252433,0.0,0.016087489117252433,GSE202379,clinical_cirrhosis_vs_healthy
endothelial,RAM2019_ENDO_6_SAENDO1,standardized_mean,cluster_1,0.0,0.0017730496453900709,-3.6626571360887272,-3.6626571360887272,-0.00649407293632753,0.0,-0.00649407293632753,GSE202379,clinical_cirrhosis_vs_healthy
endothelial,RAM2019_ENDO_6_SAENDO1,standardized_mean,cluster_11,0.19807997061084343,0.26151713302075674,-0.4235756835409068,-0.4164016368282865,-0.026642888846452155,0.001648585545219043,-0.02499430330123311,GSE202379,clinical_cirrhosis_vs_healthy
endothelial,RAM2019_ENDO_6_SAENDO1,standardized_mean,cluster_12,0.001122929483710159,0.0,-1.812839875360387,-1.812839875360387,0.0020356913452876284,0.0,0.0020356913452876284,GSE202379,clinical_cirrhosis_vs_healthy
endothelial,RAM2019_ENDO_6_SAENDO1,standardized_mean,cluster_13,0.009262712959820221,0.040590788808465145,-1.9121467387204378,-2.23411703417553,-0.06494723298288678,-0.008025673346902896,-0.07297290632978967,GSE202379,clinical_cirrhosis_vs_healthy
endothelial,RAM2019_ENDO_6_SAENDO1,standardized_mean,cluster_15,0.08161984553750526,0.12523901019095934,0.1757474583168529,0.0471651712451929,0.004861631346100646,-0.013299192385296268,-0.008437561039195622,GSE202379,clinical_cirrhosis_vs_healthy
endothelial,RAM2019_ENDO_6_SAENDO1,standardized_mean,cluster_16,0.14094032679455448,0.11755635218145641,-0.009915675076154137,-0.31302966512911096,0.00377587281838912,-0.03917697988992847,-0.03540110707153935,GSE202379,clinical_cirrhosis_vs_healthy
endothelial,RAM2019_ENDO_6_SAENDO1,standardized_mean,cluster_19,0.0018878101402373248,0.0008305647840531562,-1.0519048125033204,-4.297988322566499,0.0028280748365670646,-0.004412036007954286,-0.0015839611713872213,GSE202379,clinical_cirrhosis_vs_healthy
endothelial,RAM2019_ENDO_6_SAENDO1,standardized_mean,cluster_2,0.0033783783783783786,0.0,-2.303803857270948,-2.303803857270948,0.007783121139428879,0.0,0.007783121139428879,GSE202379,clinical_cirrhosis_vs_healthy
endothelial,RAM2019_ENDO_6_SAENDO1,standardized_mean,cluster_21,0.015945468786674157,0.005086850061502029,-0.9789887061405075,-2.2647661220998776,0.01761134845889927,-0.013521440290120765,0.0040899081687785065,GSE202379,clinical_cirrhosis_vs_healthy
endothelial,RAM2019_ENDO_6_SAENDO1,standardized_mean,cluster_4,0.0033783783783783786,0.0,-1.7285527611301923,-1.7285527611301923,0.005839705274088488,0.0,0.005839705274088488,GSE202379,clinical_cirrhosis_vs_healthy
endothelial,RAM2019_ENDO_6_SAENDO1,standardized_mean,cluster_6,0.5359209375315033,0.44740625130741707,0.022609515382946727,-0.00878283250727109,-0.0006119322481301874,-0.015434474600970648,-0.016046406849100837,GSE202379,clinical_cirrhosis_vs_healthy
macrophage_monocyte,RAM2019_MAC_SIG_A_SAM,singscore,cluster_1,0.0011467889908256881,0.0,0.06068021653594213,0.06068021653594213,-6.958740428433731e-05,0.0,-6.958740428433731e-05,GSE202379,clinical_cirrhosis_vs_healthy
macrophage_monocyte,RAM2019_MAC_SIG_A_SAM,singscore,cluster_10,0.7900761882946274,0.909965034965035,0.22264462874013102,0.22268793075813426,0.02669520347151384,3.680760782791395e-05,0.026732011079341752,GSE202379,clinical_cirrhosis_vs_healthy
macrophage_monocyte,RAM2019_MAC_SIG_A_SAM,singscore,cluster_12,0.003787878787878788,0.0,0.0980378369155519,0.0980378369155519,-0.00037135544286193904,0.0,-0.00037135544286193904,GSE202379,clinical_cirrhosis_vs_healthy
macrophage_monocyte,RAM2019_MAC_SIG_A_SAM,singscore,cluster_13,0.011363636363636364,0.0,0.07456219720902335,0.07456219720902335,-0.0008472976955570835,0.0,-0.0008472976955570835,GSE202379,clinical_cirrhosis_vs_healthy
macrophage_monocyte,RAM2019_MAC_SIG_A_SAM,singscore,cluster_2,0.003787878787878788,0.0,0.021360950110904886,0.021360950110904886,-8.091268981403367e-05,0.0,-8.091268981403367e-05,GSE202379,clinical_cirrhosis_vs_healthy
macrophage_monocyte,RAM2019_MAC_SIG_A_SAM,singscore,cluster_21,0.004934667778704476,0.0,0.040646247072266495,0.040646247072266495,-0.00020057572575277462,0.0,-0.00020057572575277462,GSE202379,clinical_cirrhosis_vs_healthy
macrophage_monocyte,RAM2019_MAC_SIG_A_SAM,singscore,cluster_22,0.18490296099644854,0.07867132867132867,0.1719498575557497,0.08438568008727615,-0.013615471293377923,-0.011539832938298049,-0.025155304231675973,GSE202379,clinical_cirrhosis_vs_healthy
macrophage_monocyte,RAM2019_MAC_SIG_A_SAM,singscore,cluster_4,0.0,0.011363636363636364,0.09653790671581985,0.09653790671581985,0.0010970216672252257,0.0,0.0010970216672252257,GSE202379,clinical_cirrhosis_vs_healthy
macrophage_monocyte,RAM2019_MAC_SIG_A_SAM,standardized_mean,cluster_1,0.0011467889908256881,0.0,-1.6398567062817637,-1.6398567062817637,0.0018805696172956006,0.0,0.0018805696172956006,GSE202379,clinical_cirrhosis_vs_healthy
macrophage_monocyte,RAM2019_MAC_SIG_A_SAM,standardized_mean,cluster_10,0.7900761882946274,0.909965034965035,-0.2721178050989065,-0.40448645432163927,-0.04055865215710723,-0.1125160801729219,-0.15307473233002913,GSE202379,clinical_cirrhosis_vs_healthy
macrophage_monocyte,RAM2019_MAC_SIG_A_SAM,standardized_mean,cluster_12,0.003787878787878788,0.0,-2.3323794852119275,-2.3323794852119275,0.008834770777317907,0.0,0.008834770777317907,GSE202379,clinical_cirrhosis_vs_healthy
macrophage_monocyte,RAM2019_MAC_SIG_A_SAM,standardized_mean,cluster_13,0.011363636363636364,0.0,-2.0878923387764052,-2.0878923387764052,0.02372604930427733,0.0,0.02372604930427733,GSE202379,clinical_cirrhosis_vs_healthy
macrophage_monocyte,RAM2019_MAC_SIG_A_SAM,standardized_mean,cluster_2,0.003787878787878788,0.0,-3.167472477522983,-3.167472477522983,0.011998001808799178,0.0,0.011998001808799178,GSE202379,clinical_cirrhosis_vs_healthy
macrophage_monocyte,RAM2019_MAC_SIG_A_SAM,standardized_mean,cluster_21,0.004934667778704476,0.0,-2.7991118958474703,-2.7991118958474703,0.013812687281426912,0.0,0.013812687281426912,GSE202379,clinical_cirrhosis_vs_healthy
macrophage_monocyte,RAM2019_MAC_SIG_A_SAM,standardized_mean,cluster_22,0.18490296099644854,0.07867132867132867,-0.8727081095290194,-1.8838654863384132,0.14641765635666135,-0.13325754366743445,0.0131601126892269,GSE202379,clinical_cirrhosis_vs_healthy
macrophage_monocyte,RAM2019_MAC_SIG_A_SAM,standardized_mean,cluster_4,0.0,0.011363636363636364,-1.4318510246945926,-1.4318510246945926,-0.01627103437152946,0.0,-0.01627103437152946,GSE202379,clinical_cirrhosis_vs_healthy
macrophage_monocyte,RAM2019_MAC_SIG_B_SAM,singscore,cluster_1,0.0011467889908256881,0.0,0.1384507259294523,0.1384507259294523,-0.0001587737682677205,0.0,-0.0001587737682677205,GSE202379,clinical_cirrhosis_vs_healthy
macrophage_monocyte,RAM2019_MAC_SIG_B_SAM,singscore,cluster_10,0.7900761882946274,0.909965034965035,0.497712715538607,0.3670177910091289,0.05183577155536269,-0.11109337968546162,-0.059257608130098935,GSE202379,clinical_cirrhosis_vs_healthy
macrophage_monocyte,RAM2019_MAC_SIG_B_SAM,singscore,cluster_12,0.003787878787878788,0.0,0.0339728351772044,0.0339728351772044,-0.00012868498173183483,0.0,-0.00012868498173183483,GSE202379,clinical_cirrhosis_vs_healthy
macrophage_monocyte,RAM2019_MAC_SIG_B_SAM,singscore,cluster_13,0.011363636363636364,0.0,0.10361098389386081,0.10361098389386081,-0.0011773975442484184,0.0,-0.0011773975442484184,GSE202379,clinical_cirrhosis_vs_healthy
macrophage_monocyte,RAM2019_MAC_SIG_B_SAM,singscore,cluster_2,0.003787878787878788,0.0,0.05949446407179804,0.05949446407179804,-0.00022535781845378045,0.0,-0.00022535781845378045,GSE202379,clinical_cirrhosis_vs_healthy
macrophage_monocyte,RAM2019_MAC_SIG_B_SAM,singscore,cluster_21,0.004934667778704476,0.0,0.07700887267927237,0.07700887267927237,-0.0003800132026847608,0.0,-0.0003800132026847608,GSE202379,clinical_cirrhosis_vs_healthy
macrophage_monocyte,RAM2019_MAC_SIG_B_SAM,singscore,cluster_22,0.18490296099644854,0.07867132867132867,0.40075530424013295,0.2002152277402019,-0.03192104029578331,-0.02642860410669551,-0.05834964440247882,GSE202379,clinical_cirrhosis_vs_healthy
macrophage_monocyte,RAM2019_MAC_SIG_B_SAM,singscore,cluster_4,0.0,0.011363636363636364,0.17537699489928538,0.17537699489928538,0.0019929203965827883,0.0,0.0019929203965827883,GSE202379,clinical_cirrhosis_vs_healthy
macrophage_monocyte,RAM2019_MAC_SIG_B_SAM,standardized_mean,cluster_1,0.0011467889908256881,0.0,-3.162257636899404,-3.162257636899404,0.0036264422441506933,0.0,0.0036264422441506933,GSE202379,clinical_cirrhosis_vs_healthy
macrophage_monocyte,RAM2019_MAC_SIG_B_SAM,standardized_mean,cluster_10,0.7900761882946274,0.909965034965035,-0.24851382308681472,-0.9768827532918947,-0.07345569112795472,-0.6191286035450879,-0.6925842946730426,GSE202379,clinical_cirrhosis_vs_healthy
macrophage_monocyte,RAM2019_MAC_SIG_B_SAM,standardized_mean,cluster_12,0.003787878787878788,0.0,-5.481573722115295,-5.481573722115295,0.0207635368261943,0.0,0.0207635368261943,GSE202379,clinical_cirrhosis_vs_healthy
macrophage_monocyte,RAM2019_MAC_SIG_B_SAM,standardized_mean,cluster_13,0.011363636363636364,0.0,-4.038274334808494,-4.038274334808494,0.04588948107736925,0.0,0.04588948107736925,GSE202379,clinical_cirrhosis_vs_healthy
macrophage_monocyte,RAM2019_MAC_SIG_B_SAM,standardized_mean,cluster_2,0.003787878787878788,0.0,-5.258175688260042,-5.258175688260042,0.01991733215250016,0.0,0.01991733215250016,GSE202379,clinical_cirrhosis_vs_healthy
macrophage_monocyte,RAM2019_MAC_SIG_B_SAM,standardized_mean,cluster_21,0.004934667778704476,0.0,-4.867584266540214,-4.867584266540214,0.024019911240224852,0.0,0.024019911240224852,GSE202379,clinical_cirrhosis_vs_healthy
macrophage_monocyte,RAM2019_MAC_SIG_B_SAM,standardized_mean,cluster_22,0.18490296099644854,0.07867132867132867,-0.8887984442621572,-2.8028285311258827,0.1960837797654583,-0.25224456027393016,-0.05616078050847187,GSE202379,clinical_cirrhosis_vs_healthy
macrophage_monocyte,RAM2019_MAC_SIG_B_SAM,standardized_mean,cluster_4,0.0,0.011363636363636364,-2.6378289064400193,-2.6378289064400193,-0.029975328482272946,0.0,-0.029975328482272946,GSE202379,clinical_cirrhosis_vs_healthy
macrophage_monocyte,RAM2019_MAC_SIG_C_KC,singscore,cluster_1,0.0011467889908256881,0.0,0.29182883394841275,0.29182883394841275,-0.00033466609397753757,0.0,-0.00033466609397753757,GSE202379,clinical_cirrhosis_vs_healthy
macrophage_monocyte,RAM2019_MAC_SIG_C_KC,singscore,cluster_10,0.7900761882946274,0.909965034965035,0.6997087235397511,0.5714240617287417,0.07619732179539121,-0.10904460669532026,-0.03284728489992905,GSE202379,clinical_cirrhosis_vs_healthy
macrophage_monocyte,RAM2019_MAC_SIG_C_KC,singscore,cluster_12,0.003787878787878788,0.0,0.08874528778772972,0.08874528778772972,-0.0003361563931353399,0.0,-0.0003361563931353399,GSE202379,clinical_cirrhosis_vs_healthy
macrophage_monocyte,RAM2019_MAC_SIG_C_KC,singscore,cluster_13,0.011363636363636364,0.0,0.2946194052287796,0.2946194052287796,-0.0033479477866906774,0.0,-0.0033479477866906774,GSE202379,clinical_cirrhosis_vs_healthy
macrophage_monocyte,RAM2019_MAC_SIG_C_KC,singscore,cluster_2,0.003787878787878788,0.0,0.1182713656082015,0.1182713656082015,-0.0004479975970007633,0.0,-0.0004479975970007633,GSE202379,clinical_cirrhosis_vs_healthy
macrophage_monocyte,RAM2019_MAC_SIG_C_KC,singscore,cluster_21,0.004934667778704476,0.0,0.08916328496948833,0.08916328496948833,-0.0004399911893823792,0.0,-0.0004399911893823792,GSE202379,clinical_cirrhosis_vs_healthy
macrophage_monocyte,RAM2019_MAC_SIG_C_KC,singscore,cluster_22,0.18490296099644854,0.07867132867132867,0.6672746821218418,0.42425820858291685,-0.057977660358061595,-0.03202644719529516,-0.09000410755335675,GSE202379,clinical_cirrhosis_vs_healthy
macrophage_monocyte,RAM2019_MAC_SIG_C_KC,singscore,cluster_4,0.0,0.011363636363636364,0.22836202510316483,0.22836202510316483,0.002595023012535964,0.0,0.002595023012535964,GSE202379,clinical_cirrhosis_vs_healthy
macrophage_monocyte,RAM2019_MAC_SIG_C_KC,standardized_mean,cluster_1,0.0011467889908256881,0.0,-4.010130438450276,-4.010130438450276,0.0045987734385897665,0.0,0.0045987734385897665,GSE202379,clinical_cirrhosis_vs_healthy
macrophage_monocyte,RAM2019_MAC_SIG_C_KC,standardized_mean,cluster_10,0.7900761882946274,0.909965034965035,-0.2299242375505476,-0.9337519201975798,-0.06975589622513712,-0.598268037285637,-0.6680239335107742,GSE202379,clinical_cirrhosis_vs_healthy
macrophage_monocyte,RAM2019_MAC_SIG_C_KC,standardized_mean,cluster_12,0.003787878787878788,0.0,-6.46881526070285,-6.46881526070285,0.024503088108722915,0.0,0.024503088108722915,GSE202379,clinical_cirrhosis_vs_healthy
macrophage_monocyte,RAM2019_MAC_SIG_C_KC,standardized_mean,cluster_13,0.011363636363636364,0.0,-3.90853656091564,-3.90853656091564,0.04441518819222318,0.0,0.04441518819222318,GSE202379,clinical_cirrhosis_vs_healthy
macrophage_monocyte,RAM2019_MAC_SIG_C_KC,standardized_mean,cluster_2,0.003787878787878788,0.0,-6.419620358186854,-6.419620358186854,0.02431674378101081,0.0,0.02431674378101081,GSE202379,clinical_cirrhosis_vs_healthy
macrophage_monocyte,RAM2019_MAC_SIG_C_KC,standardized_mean,cluster_21,0.004934667778704476,0.0,-6.791651625133398,-6.791651625133398,0.03351454443873167,0.0,0.03351454443873167,GSE202379,clinical_cirrhosis_vs_healthy
macrophage_monocyte,RAM2019_MAC_SIG_C_KC,standardized_mean,cluster_22,0.18490296099644854,0.07867132867132867,-0.20702107273573955,-2.3721529936097996,0.1369949355592518,-0.2853365540407052,-0.14834161848145339,GSE202379,clinical_cirrhosis_vs_healthy
macrophage_monocyte,RAM2019_MAC_SIG_C_KC,standardized_mean,cluster_4,0.0,0.011363636363636364,-4.071218577762675,-4.071218577762675,-0.046263847474575855,0.0,-0.046263847474575855,GSE202379,clinical_cirrhosis_vs_healthy
macrophage_monocyte,RAM2019_MAC_SIG_D_TMO,singscore,cluster_1,0.0011467889908256881,0.0,0.11898593762438248,0.11898593762438248,-0.00013645176333071385,0.0,-0.00013645176333071385,GSE202379,clinical_cirrhosis_vs_healthy
macrophage_monocyte,RAM2019_MAC_SIG_D_TMO,singscore,cluster_10,0.7900761882946274,0.909965034965035,0.21997128290932616,0.15044309264475603,0.02220427613765906,-0.05910039481420518,-0.03689611867654612,GSE202379,clinical_cirrhosis_vs_healthy
macrophage_monocyte,RAM2019_MAC_SIG_D_TMO,singscore,cluster_12,0.003787878787878788,0.0,0.022548577520075552,0.022548577520075552,-8.541127848513466e-05,0.0,-8.541127848513466e-05,GSE202379,clinical_cirrhosis_vs_healthy
macrophage_monocyte,RAM2019_MAC_SIG_D_TMO,singscore,cluster_13,0.011363636363636364,0.0,0.012325283351355631,0.012325283351355631,-0.00014006003808358672,0.0,-0.00014006003808358672,GSE202379,clinical_cirrhosis_vs_healthy
macrophage_monocyte,RAM2019_MAC_SIG_D_TMO,singscore,cluster_2,0.003787878787878788,0.0,0.011488319590366114,0.011488319590366114,-4.351636208472013e-05,0.0,-4.351636208472013e-05,GSE202379,clinical_cirrhosis_vs_healthy
macrophage_monocyte,RAM2019_MAC_SIG_D_TMO,singscore,cluster_21,0.004934667778704476,0.0,0.008574583100328437,0.008574583100328437,-4.231271894101467e-05,0.0,-4.231271894101467e-05,GSE202379,clinical_cirrhosis_vs_healthy
macrophage_monocyte,RAM2019_MAC_SIG_D_TMO,singscore,cluster_22,0.18490296099644854,0.07867132867132867,0.12732940080267424,0.04510132687989893,-0.009158798832363991,-0.010836603087472488,-0.01999540191983648,GSE202379,clinical_cirrhosis_vs_healthy
macrophage_monocyte,RAM2019_MAC_SIG_D_TMO,singscore,cluster_4,0.0,0.011363636363636364,0.13198514305887454,0.13198514305887454,0.0014998311711235744,0.0,0.0014998311711235744,GSE202379,clinical_cirrhosis_vs_healthy
macrophage_monocyte,RAM2019_MAC_SIG_D_TMO,standardized_mean,cluster_1,0.0011467889908256881,0.0,-1.002350272121897,-1.002350272121897,0.0011494842570205243,0.0,0.0011494842570205243,GSE202379,clinical_cirrhosis_vs_healthy
macrophage_monocyte,RAM2019_MAC_SIG_D_TMO,standardized_mean,cluster_10,0.7900761882946274,0.909965034965035,0.0009904385595752158,-0.4609554010515006,-0.027572334430977105,-0.3926634851260626,-0.4202358195570397,GSE202379,clinical_cirrhosis_vs_healthy
macrophage_monocyte,RAM2019_MAC_SIG_D_TMO,standardized_mean,cluster_12,0.003787878787878788,0.0,-2.847791738765016,-2.847791738765016,0.010787089919564454,0.0,0.010787089919564454,GSE202379,clinical_cirrhosis_vs_healthy
macrophage_monocyte,RAM2019_MAC_SIG_D_TMO,standardized_mean,cluster_13,0.011363636363636364,0.0,-2.4041410858747643,-2.4041410858747643,0.027319785066758685,0.0,0.027319785066758685,GSE202379,clinical_cirrhosis_vs_healthy
macrophage_monocyte,RAM2019_MAC_SIG_D_TMO,standardized_mean,cluster_2,0.003787878787878788,0.0,-2.711259797781486,-2.711259797781486,0.010269923476445023,0.0,0.010269923476445023,GSE202379,clinical_cirrhosis_vs_healthy
macrophage_monocyte,RAM2019_MAC_SIG_D_TMO,standardized_mean,cluster_21,0.004934667778704476,0.0,-2.658989232479239,-2.658989232479239,0.013121228489437446,0.0,0.013121228489437446,GSE202379,clinical_cirrhosis_vs_healthy
macrophage_monocyte,RAM2019_MAC_SIG_D_TMO,standardized_mean,cluster_22,0.18490296099644854,0.07867132867132867,-0.7041754024699329,-1.7661255490071204,0.13121205120485208,-0.13995137776806554,-0.008739326563213468,GSE202379,clinical_cirrhosis_vs_healthy
macrophage_monocyte,RAM2019_MAC_SIG_D_TMO,standardized_mean,cluster_4,0.0,0.011363636363636364,-0.8969113401213185,-0.8969113401213185,-0.010192174319560437,0.0,-0.010192174319560437,GSE202379,clinical_cirrhosis_vs_healthy
macrophage_monocyte,RAM2019_MAC_SIG_E_TMO,singscore,cluster_1,0.0011467889908256881,0.0,0.20791283023987428,0.20791283023987428,-0.00023843214477049804,0.0,-0.00023843214477049804,GSE202379,clinical_cirrhosis_vs_healthy
macrophage_monocyte,RAM2019_MAC_SIG_E_TMO,singscore,cluster_10,0.7900761882946274,0.909965034965035,0.5096917931823592,0.4079759600986016,0.05500906428373925,-0.0864605546502935,-0.031451490366554244,GSE202379,clinical_cirrhosis_vs_healthy
macrophage_monocyte,RAM2019_MAC_SIG_E_TMO,singscore,cluster_12,0.003787878787878788,0.0,0.04864461185215907,0.04864461185215907,-0.00018425989337939042,0.0,-0.00018425989337939042,GSE202379,clinical_cirrhosis_vs_healthy
macrophage_monocyte,RAM2019_MAC_SIG_E_TMO,singscore,cluster_13,0.011363636363636364,0.0,0.15240296623944438,0.15240296623944438,-0.0017318518890845952,0.0,-0.0017318518890845952,GSE202379,clinical_cirrhosis_vs_healthy
macrophage_monocyte,RAM2019_MAC_SIG_E_TMO,singscore,cluster_2,0.003787878787878788,0.0,0.012972050078968289,0.012972050078968289,-4.913655332942534e-05,0.0,-4.913655332942534e-05,GSE202379,clinical_cirrhosis_vs_healthy
macrophage_monocyte,RAM2019_MAC_SIG_E_TMO,singscore,cluster_21,0.004934667778704476,0.0,0.11484073229356251,0.11484073229356251,-0.0005667008613318695,0.0,-0.0005667008613318695,GSE202379,clinical_cirrhosis_vs_healthy
macrophage_monocyte,RAM2019_MAC_SIG_E_TMO,singscore,cluster_22,0.18490296099644854,0.07867132867132867,0.3778867591760674,0.22945854227300766,-0.032259641378963616,-0.019560930918439363,-0.05182057229740298,GSE202379,clinical_cirrhosis_vs_healthy
macrophage_monocyte,RAM2019_MAC_SIG_E_TMO,singscore,cluster_4,0.0,0.011363636363636364,0.32762880027030983,0.32762880027030983,0.0037230545485262482,0.0,0.0037230545485262482,GSE202379,clinical_cirrhosis_vs_healthy
macrophage_monocyte,RAM2019_MAC_SIG_E_TMO,standardized_mean,cluster_1,0.0011467889908256881,0.0,-2.4514453774717007,-2.4514453774717007,0.0028112905704950697,0.0,0.0028112905704950697,GSE202379,clinical_cirrhosis_vs_healthy
macrophage_monocyte,RAM2019_MAC_SIG_E_TMO,standardized_mean,cluster_10,0.7900761882946274,0.909965034965035,-0.1265878211391253,-0.6819890099249634,-0.048469671860343275,-0.47210245819167346,-0.5205721300520167,GSE202379,clinical_cirrhosis_vs_healthy
macrophage_monocyte,RAM2019_MAC_SIG_E_TMO,standardized_mean,cluster_12,0.003787878787878788,0.0,-5.463763112882928,-5.463763112882928,0.02069607239728382,0.0,0.02069607239728382,GSE202379,clinical_cirrhosis_vs_healthy
macrophage_monocyte,RAM2019_MAC_SIG_E_TMO,standardized_mean,cluster_13,0.011363636363636364,0.0,-3.7416927711564703,-3.7416927711564703,0.04251923603586898,0.0,0.04251923603586898,GSE202379,clinical_cirrhosis_vs_healthy
macrophage_monocyte,RAM2019_MAC_SIG_E_TMO,standardized_mean,cluster_2,0.003787878787878788,0.0,-6.09449752876464,-6.09449752876464,0.023085217911987272,0.0,0.023085217911987272,GSE202379,clinical_cirrhosis_vs_healthy
macrophage_monocyte,RAM2019_MAC_SIG_E_TMO,standardized_mean,cluster_21,0.004934667778704476,0.0,-4.398504501457913,-4.398504501457913,0.02170515843783096,0.0,0.02170515843783096,GSE202379,clinical_cirrhosis_vs_healthy
macrophage_monocyte,RAM2019_MAC_SIG_E_TMO,standardized_mean,cluster_22,0.18490296099644854,0.07867132867132867,-0.982978719872917,-2.454469664198275,0.18258287643661414,-0.19392359020156147,-0.01134071376494733,GSE202379,clinical_cirrhosis_vs_healthy
macrophage_monocyte,RAM2019_MAC_SIG_E_TMO,standardized_mean,cluster_4,0.0,0.011363636363636364,-1.5106001780902338,-1.5106001780902338,-0.017165911114661748,0.0,-0.017165911114661748,GSE202379,clinical_cirrhosis_vs_healthy
macrophage_monocyte,RAM2019_MAC_SIG_F_CDC1,singscore,cluster_1,0.0011467889908256881,0.0,0.1229092239770222,0.1229092239770222,-0.00014095094492777774,0.0,-0.00014095094492777774,GSE202379,clinical_cirrhosis_vs_healthy
macrophage_monocyte,RAM2019_MAC_SIG_F_CDC1,singscore,cluster_10,0.7900761882946274,0.909965034965035,0.3951071089149052,0.27070748222310564,0.03991187171393254,-0.10574224676708613,-0.06583037505315359,GSE202379,clinical_cirrhosis_vs_healthy
macrophage_monocyte,RAM2019_MAC_SIG_F_CDC1,singscore,cluster_12,0.003787878787878788,0.0,0.04322055985699502,0.04322055985699502,-0.0001637142418825569,0.0,-0.0001637142418825569,GSE202379,clinical_cirrhosis_vs_healthy
macrophage_monocyte,RAM2019_MAC_SIG_F_CDC1,singscore,cluster_13,0.011363636363636364,0.0,0.0851987774024805,0.0851987774024805,-0.0009681679250281875,0.0,-0.0009681679250281875,GSE202379,clinical_cirrhosis_vs_healthy
macrophage_monocyte,RAM2019_MAC_SIG_F_CDC1,singscore,cluster_2,0.003787878787878788,0.0,0.014210721685310235,0.014210721685310235,-5.3828491232235736e-05,0.0,-5.3828491232235736e-05,GSE202379,clinical_cirrhosis_vs_healthy
macrophage_monocyte,RAM2019_MAC_SIG_F_CDC1,singscore,cluster_21,0.004934667778704476,0.0,0.05933731212830429,0.05933731212830429,-0.00029280992223447346,0.0,-0.00029280992223447346,GSE202379,clinical_cirrhosis_vs_healthy
macrophage_monocyte,RAM2019_MAC_SIG_F_CDC1,singscore,cluster_22,0.18490296099644854,0.07867132867132867,0.2714648266275632,0.10588796278501611,-0.020043401390867757,-0.021820902136358806,-0.04186430352722656,GSE202379,clinical_cirrhosis_vs_healthy
macrophage_monocyte,RAM2019_MAC_SIG_F_CDC1,singscore,cluster_4,0.0,0.011363636363636364,0.16187859848833863,0.16187859848833863,0.0018395295282765754,0.0,0.0018395295282765754,GSE202379,clinical_cirrhosis_vs_healthy
macrophage_monocyte,RAM2019_MAC_SIG_F_CDC1,standardized_mean,cluster_1,0.0011467889908256881,0.0,-2.078744067517182,-2.078744067517182,0.002383880811372915,0.0,0.002383880811372915,GSE202379,clinical_cirrhosis_vs_healthy
macrophage_monocyte,RAM2019_MAC_SIG_F_CDC1,standardized_mean,cluster_10,0.7900761882946274,0.909965034965035,-0.03503693511816601,-0.7660796452268682,-0.04802247143305352,-0.6214013715741284,-0.6694238430071819,GSE202379,clinical_cirrhosis_vs_healthy
macrophage_monocyte,RAM2019_MAC_SIG_F_CDC1,standardized_mean,cluster_12,0.003787878787878788,0.0,-4.228334734654104,-4.228334734654104,0.016016419449447365,0.0,0.016016419449447365,GSE202379,clinical_cirrhosis_vs_healthy
macrophage_monocyte,RAM2019_MAC_SIG_F_CDC1,standardized_mean,cluster_13,0.011363636363636364,0.0,-3.358653897375785,-3.358653897375785,0.03816652156108847,0.0,0.03816652156108847,GSE202379,clinical_cirrhosis_vs_healthy
macrophage_monocyte,RAM2019_MAC_SIG_F_CDC1,standardized_mean,cluster_2,0.003787878787878788,0.0,-4.734041483834908,-4.734041483834908,0.01793197531755647,0.0,0.01793197531755647,GSE202379,clinical_cirrhosis_vs_healthy
macrophage_monocyte,RAM2019_MAC_SIG_F_CDC1,standardized_mean,cluster_21,0.004934667778704476,0.0,-3.9192070499173077,-3.9192070499173077,0.019339984747298363,0.0,0.019339984747298363,GSE202379,clinical_cirrhosis_vs_healthy
macrophage_monocyte,RAM2019_MAC_SIG_F_CDC1,standardized_mean,cluster_22,0.18490296099644854,0.07867132867132867,-0.8083688662155865,-2.5330148469980074,0.17748032303962513,-0.22728616965655674,-0.049805846616931604,GSE202379,clinical_cirrhosis_vs_healthy
macrophage_monocyte,RAM2019_MAC_SIG_F_CDC1,standardized_mean,cluster_4,0.0,0.011363636363636364,-1.8987551112526424,-1.8987551112526424,-0.02157676262787094,0.0,-0.02157676262787094,GSE202379,clinical_cirrhosis_vs_healthy
mesenchymal_hsc_myofibroblast,RAM2019_MES_HSC,singscore,cluster_0,0.000992063492063492,0.0,-0.1876619844494929,-0.1876619844494929,0.00018617260362052866,0.0,0.00018617260362052866,GSE202379,clinical_cirrhosis_vs_healthy
mesenchymal_hsc_myofibroblast,RAM2019_MES_HSC,singscore,cluster_11,0.0,0.004807692307692308,-0.03631651361469301,-0.03631651361469301,-0.0001745986231475626,0.0,-0.0001745986231475626,GSE202379,clinical_cirrhosis_vs_healthy
mesenchymal_hsc_myofibroblast,RAM2019_MES_HSC,singscore,cluster_12,0.6468869731800766,0.7562174667437824,0.21885099030493071,0.044371740312929925,0.014389135527818541,-0.12240630516918062,-0.10801716964136208,GSE202379,clinical_cirrhosis_vs_healthy
mesenchymal_hsc_myofibroblast,RAM2019_MES_HSC,singscore,cluster_13,0.000992063492063492,0.0,-0.04617156752951712,-0.04617156752951712,4.5805126517378096e-05,0.0,4.5805126517378096e-05,GSE202379,clinical_cirrhosis_vs_healthy
mesenchymal_hsc_myofibroblast,RAM2019_MES_HSC,singscore,cluster_18,0.000992063492063492,0.0,-0.05695453236489301,-0.05695453236489301,5.6502512266758935e-05,0.0,5.6502512266758935e-05,GSE202379,clinical_cirrhosis_vs_healthy
mesenchymal_hsc_myofibroblast,RAM2019_MES_HSC,singscore,cluster_20,0.34299397920087576,0.23897484094852514,0.1542751895818001,0.057970434838255536,-0.011038803475003125,-0.02802318224643902,-0.03906198572144214,GSE202379,clinical_cirrhosis_vs_healthy
mesenchymal_hsc_myofibroblast,RAM2019_MES_HSC,singscore,cluster_9,0.007142857142857143,0.0,-0.02943717403129298,-0.02943717403129298,0.00021026552879494984,0.0,0.00021026552879494984,GSE202379,clinical_cirrhosis_vs_healthy
mesenchymal_hsc_myofibroblast,RAM2019_MES_HSC,standardized_mean,cluster_0,0.000992063492063492,0.0,-2.2338772195540226,-2.2338772195540226,0.0022161480352718478,0.0,0.0022161480352718478,GSE202379,clinical_cirrhosis_vs_healthy
mesenchymal_hsc_myofibroblast,RAM2019_MES_HSC,standardized_mean,cluster_11,0.0,0.004807692307692308,-2.2338772195540226,-2.2338772195540226,-0.010739794324778956,0.0,-0.010739794324778956,GSE202379,clinical_cirrhosis_vs_healthy
mesenchymal_hsc_myofibroblast,RAM2019_MES_HSC,standardized_mean,cluster_12,0.6468869731800766,0.7562174667437824,0.09765805266995745,-0.593996150963324,-0.027132444630442457,-0.4852315420049291,-0.5123639866353715,GSE202379,clinical_cirrhosis_vs_healthy
mesenchymal_hsc_myofibroblast,RAM2019_MES_HSC,standardized_mean,cluster_13,0.000992063492063492,0.0,-2.2338772195540226,-2.2338772195540226,0.0022161480352718478,0.0,0.0022161480352718478,GSE202379,clinical_cirrhosis_vs_healthy
mesenchymal_hsc_myofibroblast,RAM2019_MES_HSC,standardized_mean,cluster_18,0.000992063492063492,0.0,-2.2338772195540226,-2.2338772195540226,0.0022161480352718478,0.0,0.0022161480352718478,GSE202379,clinical_cirrhosis_vs_healthy
mesenchymal_hsc_myofibroblast,RAM2019_MES_HSC,standardized_mean,cluster_20,0.34299397920087576,0.23897484094852514,-0.109490150533514,-0.9326282191466508,0.05420012738553765,-0.23952034530542193,-0.1853202179198843,GSE202379,clinical_cirrhosis_vs_healthy
mesenchymal_hsc_myofibroblast,RAM2019_MES_HSC,standardized_mean,cluster_9,0.007142857142857143,0.0,-2.2338772195540226,-2.2338772195540226,0.015956265853957305,0.0,0.015956265853957305,GSE202379,clinical_cirrhosis_vs_healthy
mesenchymal_hsc_myofibroblast,RAM2019_MES_MESOTHELIAL,singscore,cluster_0,0.000992063492063492,0.0,0.1341071573928292,0.1341071573928292,-0.00013304281487383848,0.0,-0.00013304281487383848,GSE202379,clinical_cirrhosis_vs_healthy
mesenchymal_hsc_myofibroblast,RAM2019_MES_MESOTHELIAL,singscore,cluster_11,0.0,0.004807692307692308,0.04954949587097457,0.04954949587097457,0.0002382187301489162,0.0,0.0002382187301489162,GSE202379,clinical_cirrhosis_vs_healthy
mesenchymal_hsc_myofibroblast,RAM2019_MES_MESOTHELIAL,singscore,cluster_12,0.6468869731800766,0.7562174667437824,0.2445419251356114,0.2847831931691599,0.028935688219963816,0.028231350923018976,0.057167039142982795,GSE202379,clinical_cirrhosis_vs_healthy
mesenchymal_hsc_myofibroblast,RAM2019_MES_MESOTHELIAL,singscore,cluster_13,0.000992063492063492,0.0,0.045276095799548166,0.045276095799548166,-4.491676170590096e-05,0.0,-4.491676170590096e-05,GSE202379,clinical_cirrhosis_vs_healthy
mesenchymal_hsc_myofibroblast,RAM2019_MES_MESOTHELIAL,singscore,cluster_18,0.000992063492063492,0.0,0.02829854528947906,0.02829854528947906,-2.807395366019748e-05,0.0,-2.807395366019748e-05,GSE202379,clinical_cirrhosis_vs_healthy
mesenchymal_hsc_myofibroblast,RAM2019_MES_MESOTHELIAL,singscore,cluster_20,0.34299397920087576,0.23897484094852514,0.20029031693872063,0.17843354252848442,-0.019697264748691504,-0.00635998060789839,-0.026057245356589893,GSE202379,clinical_cirrhosis_vs_healthy
mesenchymal_hsc_myofibroblast,RAM2019_MES_MESOTHELIAL,singscore,cluster_9,0.007142857142857143,0.0,0.027692446461270226,0.027692446461270226,-0.00019780318900907304,0.0,-0.00019780318900907304,GSE202379,clinical_cirrhosis_vs_healthy
mesenchymal_hsc_myofibroblast,RAM2019_MES_MESOTHELIAL,standardized_mean,cluster_0,0.000992063492063492,0.0,-1.2192376161335337,-1.2192376161335337,0.0012095611271166007,0.0,0.0012095611271166007,GSE202379,clinical_cirrhosis_vs_healthy
mesenchymal_hsc_myofibroblast,RAM2019_MES_MESOTHELIAL,standardized_mean,cluster_11,0.0,0.004807692307692308,-2.6157067005152124,-2.6157067005152124,-0.012575512983246214,0.0,-0.012575512983246214,GSE202379,clinical_cirrhosis_vs_healthy
mesenchymal_hsc_myofibroblast,RAM2019_MES_MESOTHELIAL,standardized_mean,cluster_12,0.6468869731800766,0.7562174667437824,-0.19660832774189668,0.051850332829277895,-0.007913231515544515,0.17430672489247506,0.16639349337693055,GSE202379,clinical_cirrhosis_vs_healthy
mesenchymal_hsc_myofibroblast,RAM2019_MES_MESOTHELIAL,standardized_mean,cluster_13,0.000992063492063492,0.0,-2.668045300409622,-2.668045300409622,0.002646870337707958,0.0,0.002646870337707958,GSE202379,clinical_cirrhosis_vs_healthy
mesenchymal_hsc_myofibroblast,RAM2019_MES_MESOTHELIAL,standardized_mean,cluster_18,0.000992063492063492,0.0,-2.637489321022364,-2.637489321022364,0.002616556866093615,0.0,0.002616556866093615,GSE202379,clinical_cirrhosis_vs_healthy
mesenchymal_hsc_myofibroblast,RAM2019_MES_MESOTHELIAL,standardized_mean,cluster_20,0.34299397920087576,0.23897484094852514,-0.566050464659023,-0.7700915943151306,0.06949217277860646,-0.059372787743957954,0.010119385034648508,GSE202379,clinical_cirrhosis_vs_healthy
mesenchymal_hsc_myofibroblast,RAM2019_MES_MESOTHELIAL,standardized_mean,cluster_9,0.007142857142857143,0.0,-3.0154547807228425,-3.0154547807228425,0.021538962719448874,0.0,0.021538962719448874,GSE202379,clinical_cirrhosis_vs_healthy
mesenchymal_hsc_myofibroblast,RAM2019_MES_SAMES,singscore,cluster_0,0.000992063492063492,0.0,0.155517116936442,0.155517116936442,-0.00015428285410361308,0.0,-0.00015428285410361308,GSE202379,clinical_cirrhosis_vs_healthy
mesenchymal_hsc_myofibroblast,RAM2019_MES_SAMES,singscore,cluster_11,0.0,0.004807692307692308,0.03693737168630107,0.03693737168630107,0.0001775835177226013,0.0,0.0001775835177226013,GSE202379,clinical_cirrhosis_vs_healthy
mesenchymal_hsc_myofibroblast,RAM2019_MES_SAMES,singscore,cluster_12,0.6468869731800766,0.7562174667437824,0.47549884031312856,0.5225758340161932,0.05455999837892986,0.0330269694415188,0.08758696782044866,GSE202379,clinical_cirrhosis_vs_healthy
mesenchymal_hsc_myofibroblast,RAM2019_MES_SAMES,singscore,cluster_13,0.000992063492063492,0.0,0.06800319207663064,0.06800319207663064,-6.746348420300658e-05,0.0,-6.746348420300658e-05,GSE202379,clinical_cirrhosis_vs_healthy
mesenchymal_hsc_myofibroblast,RAM2019_MES_SAMES,singscore,cluster_18,0.000992063492063492,0.0,0.017033374226592457,0.017033374226592457,-1.6898188716857594e-05,0.0,-1.6898188716857594e-05,GSE202379,clinical_cirrhosis_vs_healthy
mesenchymal_hsc_myofibroblast,RAM2019_MES_SAMES,singscore,cluster_20,0.34299397920087576,0.23897484094852514,0.46596537077338396,0.49152744418174565,-0.049798788747225,0.007438164851018315,-0.042360623896206685,GSE202379,clinical_cirrhosis_vs_healthy
mesenchymal_hsc_myofibroblast,RAM2019_MES_SAMES,singscore,cluster_9,0.007142857142857143,0.0,0.011366811490431283,0.011366811490431283,-8.119151064593774e-05,0.0,-8.119151064593774e-05,GSE202379,clinical_cirrhosis_vs_healthy
mesenchymal_hsc_myofibroblast,RAM2019_MES_SAMES,standardized_mean,cluster_0,0.000992063492063492,0.0,-2.893451865207188,-2.893451865207188,0.0028704879615150673,0.0,0.0028704879615150673,GSE202379,clinical_cirrhosis_vs_healthy
mesenchymal_hsc_myofibroblast,RAM2019_MES_SAMES,standardized_mean,cluster_11,0.0,0.004807692307692308,-4.9612578742351765,-4.9612578742351765,-0.02385220131843835,0.0,-0.02385220131843835,GSE202379,clinical_cirrhosis_vs_healthy
mesenchymal_hsc_myofibroblast,RAM2019_MES_SAMES,standardized_mean,cluster_12,0.6468869731800766,0.7562174667437824,-0.3664214772416893,0.004404314958728374,-0.019789757515464152,0.26015365773734417,0.24036390022188,GSE202379,clinical_cirrhosis_vs_healthy
mesenchymal_hsc_myofibroblast,RAM2019_MES_SAMES,standardized_mean,cluster_13,0.000992063492063492,0.0,-4.479723139147795,-4.479723139147795,0.00444416978090059,0.0,0.00444416978090059,GSE202379,clinical_cirrhosis_vs_healthy
mesenchymal_hsc_myofibroblast,RAM2019_MES_SAMES,standardized_mean,cluster_18,0.000992063492063492,0.0,-5.038103817061867,-5.038103817061867,0.004998118866132804,0.0,0.004998118866132804,GSE202379,clinical_cirrhosis_vs_healthy
mesenchymal_hsc_myofibroblast,RAM2019_MES_SAMES,standardized_mean,cluster_20,0.34299397920087576,0.23897484094852514,-0.46083115657456786,-0.17440866829778812,0.033038549583398295,0.08334447878334655,0.11638302836674486,GSE202379,clinical_cirrhosis_vs_healthy
mesenchymal_hsc_myofibroblast,RAM2019_MES_SAMES,standardized_mean,cluster_9,0.007142857142857143,0.0,-5.398641849825145,-5.398641849825145,0.03856172749875104,0.0,0.03856172749875104,GSE202379,clinical_cirrhosis_vs_healthy
mesenchymal_hsc_myofibroblast,RAM2019_MES_VSMC,singscore,cluster_0,0.000992063492063492,0.0,0.07277529577833719,0.07277529577833719,-7.21977140658107e-05,0.0,-7.21977140658107e-05,GSE202379,clinical_cirrhosis_vs_healthy
mesenchymal_hsc_myofibroblast,RAM2019_MES_VSMC,singscore,cluster_11,0.0,0.004807692307692308,0.008929377010055806,0.008929377010055806,4.292969716372984e-05,0.0,4.292969716372984e-05,GSE202379,clinical_cirrhosis_vs_healthy
mesenchymal_hsc_myofibroblast,RAM2019_MES_VSMC,singscore,cluster_12,0.6468869731800766,0.7562174667437824,0.35668939272669065,0.32159436529534174,0.03707854902039701,-0.024620994404087635,0.012457554616309378,GSE202379,clinical_cirrhosis_vs_healthy
mesenchymal_hsc_myofibroblast,RAM2019_MES_VSMC,singscore,cluster_13,0.000992063492063492,0.0,0.04425396917793267,0.04425396917793267,-4.390274720033003e-05,0.0,-4.390274720033003e-05,GSE202379,clinical_cirrhosis_vs_healthy
mesenchymal_hsc_myofibroblast,RAM2019_MES_VSMC,singscore,cluster_18,0.000992063492063492,0.0,0.12343379367550966,0.12343379367550966,-0.0001224541603923707,0.0,-0.0001224541603923707,GSE202379,clinical_cirrhosis_vs_healthy
mesenchymal_hsc_myofibroblast,RAM2019_MES_VSMC,singscore,cluster_20,0.34299397920087576,0.23897484094852514,0.2366841538483927,0.13827728218635854,-0.019501582727099356,-0.028634865497873765,-0.04813644822497312,GSE202379,clinical_cirrhosis_vs_healthy
mesenchymal_hsc_myofibroblast,RAM2019_MES_VSMC,singscore,cluster_9,0.007142857142857143,0.0,0.06122793486327982,0.06122793486327982,-0.0004373423918805701,0.0,-0.0004373423918805701,GSE202379,clinical_cirrhosis_vs_healthy
mesenchymal_hsc_myofibroblast,RAM2019_MES_VSMC,standardized_mean,cluster_0,0.000992063492063492,0.0,-2.161053036503756,-2.161053036503756,0.0021439018219283294,0.0,0.0021439018219283294,GSE202379,clinical_cirrhosis_vs_healthy
mesenchymal_hsc_myofibroblast,RAM2019_MES_VSMC,standardized_mean,cluster_11,0.0,0.004807692307692308,-3.1303825609841325,-3.1303825609841325,-0.01504991615857756,0.0,-0.01504991615857756,GSE202379,clinical_cirrhosis_vs_healthy
mesenchymal_hsc_myofibroblast,RAM2019_MES_VSMC,standardized_mean,cluster_12,0.6468869731800766,0.7562174667437824,-0.017561148133962763,-0.03522136032838532,-0.002885368850859498,-0.012389561069995883,-0.015274929920855381,GSE202379,clinical_cirrhosis_vs_healthy
mesenchymal_hsc_myofibroblast,RAM2019_MES_VSMC,standardized_mean,cluster_13,0.000992063492063492,0.0,-3.04668694758642,-3.04668694758642,0.003022506892446845,0.0,0.003022506892446845,GSE202379,clinical_cirrhosis_vs_healthy
mesenchymal_hsc_myofibroblast,RAM2019_MES_VSMC,standardized_mean,cluster_18,0.000992063492063492,0.0,-2.4005520844887163,-2.4005520844887163,0.0023815000838181707,0.0,0.0023815000838181707,GSE202379,clinical_cirrhosis_vs_healthy
mesenchymal_hsc_myofibroblast,RAM2019_MES_VSMC,standardized_mean,cluster_20,0.34299397920087576,0.23897484094852514,-0.5016727534025235,-0.9587653811518021,0.07595675811360572,-0.13300682863511848,-0.05705007052151276,GSE202379,clinical_cirrhosis_vs_healthy
mesenchymal_hsc_myofibroblast,RAM2019_MES_VSMC,standardized_mean,cluster_9,0.007142857142857143,0.0,-2.321457357091823,-2.321457357091823,0.01658183826494159,0.0,0.01658183826494159,GSE202379,clinical_cirrhosis_vs_healthy
mesenchymal_hsc_myofibroblast,RAM2019_SAMES_A,singscore,cluster_0,0.000992063492063492,0.0,0.15777879625659752,0.15777879625659752,-0.00015652658358789436,0.0,-0.00015652658358789436,GSE202379,clinical_cirrhosis_vs_healthy
mesenchymal_hsc_myofibroblast,RAM2019_SAMES_A,singscore,cluster_11,0.0,0.004807692307692308,0.014740838208068707,0.014740838208068707,7.086941446186878e-05,0.0,7.086941446186878e-05,GSE202379,clinical_cirrhosis_vs_healthy
mesenchymal_hsc_myofibroblast,RAM2019_SAMES_A,singscore,cluster_12,0.6468869731800766,0.7562174667437824,0.5962509712509713,0.6164546341607652,0.06629285119356892,0.01417392456572842,0.08046677575929734,GSE202379,clinical_cirrhosis_vs_healthy
mesenchymal_hsc_myofibroblast,RAM2019_SAMES_A,singscore,cluster_13,0.000992063492063492,0.0,0.08256249271048421,0.08256249271048421,-8.190723483182957e-05,0.0,-8.190723483182957e-05,GSE202379,clinical_cirrhosis_vs_healthy
mesenchymal_hsc_myofibroblast,RAM2019_SAMES_A,singscore,cluster_18,0.000992063492063492,0.0,-0.0046751463241949676,-0.0046751463241949676,4.638041988288658e-06,0.0,4.638041988288658e-06,GSE202379,clinical_cirrhosis_vs_healthy
mesenchymal_hsc_myofibroblast,RAM2019_SAMES_A,singscore,cluster_20,0.34299397920087576,0.23897484094852514,0.6597303330918554,0.5874957494936353,-0.06486769115819892,-0.02101913769531971,-0.08588682885351863,GSE202379,clinical_cirrhosis_vs_healthy
mesenchymal_hsc_myofibroblast,RAM2019_SAMES_A,singscore,cluster_9,0.007142857142857143,0.0,0.02171166864612961,0.02171166864612961,-0.00015508334747235436,0.0,-0.00015508334747235436,GSE202379,clinical_cirrhosis_vs_healthy
mesenchymal_hsc_myofibroblast,RAM2019_SAMES_A,standardized_mean,cluster_0,0.000992063492063492,0.0,-4.530762339103847,-4.530762339103847,0.004494803907841119,0.0,0.004494803907841119,GSE202379,clinical_cirrhosis_vs_healthy
mesenchymal_hsc_myofibroblast,RAM2019_SAMES_A,standardized_mean,cluster_11,0.0,0.004807692307692308,-6.7630806953093385,-6.7630806953093385,-0.032514811035141054,0.0,-0.032514811035141054,GSE202379,clinical_cirrhosis_vs_healthy
mesenchymal_hsc_myofibroblast,RAM2019_SAMES_A,standardized_mean,cluster_12,0.6468869731800766,0.7562174667437824,-0.4602378020331973,-0.2499503374141598,-0.03882260990443475,0.14752763763365145,0.1087050277292167,GSE202379,clinical_cirrhosis_vs_healthy
mesenchymal_hsc_myofibroblast,RAM2019_SAMES_A,standardized_mean,cluster_13,0.000992063492063492,0.0,-5.900475442381446,-5.900475442381446,0.005853646272203816,0.0,0.005853646272203816,GSE202379,clinical_cirrhosis_vs_healthy
mesenchymal_hsc_myofibroblast,RAM2019_SAMES_A,standardized_mean,cluster_18,0.000992063492063492,0.0,-7.070172731227901,-7.070172731227901,0.007014060249234028,0.0,0.007014060249234028,GSE202379,clinical_cirrhosis_vs_healthy
mesenchymal_hsc_myofibroblast,RAM2019_SAMES_A,standardized_mean,cluster_20,0.34299397920087576,0.23897484094852514,0.03523835733408623,-0.1805471023898722,0.007557445220616686,-0.06279020470047407,-0.05523275947985738,GSE202379,clinical_cirrhosis_vs_healthy
mesenchymal_hsc_myofibroblast,RAM2019_SAMES_A,standardized_mean,cluster_9,0.007142857142857143,0.0,-6.9647604136887225,-6.9647604136887225,0.04974828866920516,0.0,0.04974828866920516,GSE202379,clinical_cirrhosis_vs_healthy
mesenchymal_hsc_myofibroblast,RAM2019_SAMES_B,singscore,cluster_0,0.000992063492063492,0.0,0.12747988846511338,0.12747988846511338,-0.00012646814331856486,0.0,-0.00012646814331856486,GSE202379,clinical_cirrhosis_vs_healthy
mesenchymal_hsc_myofibroblast,RAM2019_SAMES_B,singscore,cluster_11,0.0,0.004807692307692308,-4.635840426359117e-05,-4.635840426359117e-05,-2.2287694357495754e-07,0.0,-2.2287694357495754e-07,GSE202379,clinical_cirrhosis_vs_healthy
mesenchymal_hsc_myofibroblast,RAM2019_SAMES_B,singscore,cluster_12,0.6468869731800766,0.7562174667437824,0.3113303087813119,0.26401654937799607,0.031451477986442294,-0.03319307294414084,-0.0017415949576985446,GSE202379,clinical_cirrhosis_vs_healthy
mesenchymal_hsc_myofibroblast,RAM2019_SAMES_B,singscore,cluster_13,0.000992063492063492,0.0,0.04429574143685877,0.04429574143685877,-4.394418793339164e-05,0.0,-4.394418793339164e-05,GSE202379,clinical_cirrhosis_vs_healthy
mesenchymal_hsc_myofibroblast,RAM2019_SAMES_B,singscore,cluster_18,0.000992063492063492,0.0,0.013907521279080015,0.013907521279080015,-1.3797144126071443e-05,0.0,-1.3797144126071443e-05,GSE202379,clinical_cirrhosis_vs_healthy
mesenchymal_hsc_myofibroblast,RAM2019_SAMES_B,singscore,cluster_20,0.34299397920087576,0.23897484094852514,0.2597787616697267,0.24311749394479115,-0.026155417569677993,-0.004848169160037013,-0.031003586729715007,GSE202379,clinical_cirrhosis_vs_healthy
mesenchymal_hsc_myofibroblast,RAM2019_SAMES_B,singscore,cluster_9,0.007142857142857143,0.0,-0.011077369315086072,-0.011077369315086072,7.912406653632908e-05,0.0,7.912406653632908e-05,GSE202379,clinical_cirrhosis_vs_healthy
mesenchymal_hsc_myofibroblast,RAM2019_SAMES_B,standardized_mean,cluster_0,0.000992063492063492,0.0,-1.5630240331930991,-1.5630240331930991,0.0015506190805487095,0.0,0.0015506190805487095,GSE202379,clinical_cirrhosis_vs_healthy
mesenchymal_hsc_myofibroblast,RAM2019_SAMES_B,standardized_mean,cluster_11,0.0,0.004807692307692308,-3.388910456153596,-3.388910456153596,-0.016292838731507674,0.0,-0.016292838731507674,GSE202379,clinical_cirrhosis_vs_healthy
mesenchymal_hsc_myofibroblast,RAM2019_SAMES_B,standardized_mean,cluster_12,0.6468869731800766,0.7562174667437824,-0.13708610457436177,-0.1640160385881238,-0.016459822962522082,-0.01889275499078303,-0.03535257795330511,GSE202379,clinical_cirrhosis_vs_healthy
mesenchymal_hsc_myofibroblast,RAM2019_SAMES_B,standardized_mean,cluster_13,0.000992063492063492,0.0,-3.240979439217791,-3.240979439217791,0.0032152573801763795,0.0,0.0032152573801763795,GSE202379,clinical_cirrhosis_vs_healthy
mesenchymal_hsc_myofibroblast,RAM2019_SAMES_B,standardized_mean,cluster_18,0.000992063492063492,0.0,-3.209344815791211,-3.209344815791211,0.003183873825189693,0.0,0.003183873825189693,GSE202379,clinical_cirrhosis_vs_healthy
mesenchymal_hsc_myofibroblast,RAM2019_SAMES_B,standardized_mean,cluster_20,0.34299397920087576,0.23897484094852514,-0.4169839678562244,-0.35055577372535257,0.039919411246873766,0.01932956888149941,0.05924898012837318,GSE202379,clinical_cirrhosis_vs_healthy
mesenchymal_hsc_myofibroblast,RAM2019_SAMES_B,standardized_mean,cluster_9,0.007142857142857143,0.0,-3.690898416172647,-3.690898416172647,0.026363560115518905,0.0,0.026363560115518905,GSE202379,clinical_cirrhosis_vs_healthy
endothelial,RAM2019_ENDO_1,singscore,cluster_13,0.024212952070481217,0.03535716627217725,0.5690697304387646,0.5646271703443833,0.0063170805510631665,-0.00013232191528333526,0.006184758635779831,GSE244832,mash_f2f4_group_vs_normal_sensitivity
endothelial,RAM2019_ENDO_1,singscore,cluster_15,0.0054560430206329665,0.027354455641702864,0.38067584996261483,0.3379437924679467,0.007868314723775072,-0.0007010300576338333,0.007167284666141239,GSE244832,mash_f2f4_group_vs_normal_sensitivity
endothelial,RAM2019_ENDO_1,singscore,cluster_17,0.016739607690371697,0.0034064779022401088,0.6257619328515951,0.4566601533697094,-0.007216037080564407,-0.0017033694616525182,-0.008919406542216925,GSE244832,mash_f2f4_group_vs_normal_sensitivity
endothelial,RAM2019_ENDO_1,singscore,cluster_2,0.8624507163448168,0.7334487685358337,0.7975757534597443,0.7759800452933939,-0.10149588151263753,-0.017232289769155706,-0.11872817128179323,GSE244832,mash_f2f4_group_vs_normal_sensitivity
endothelial,RAM2019_ENDO_1,singscore,cluster_8,0.09114068087369737,0.20043313164804605,0.6937859460256599,0.6630554628472572,0.0741462614439206,-0.004480102070481083,0.06966615937343952,GSE244832,mash_f2f4_group_vs_normal_sensitivity
endothelial,RAM2019_ENDO_1,standardized_mean,cluster_13,0.024212952070481217,0.03535716627217725,-0.5278999722799874,-0.5403724247071946,-0.005952528208892208,-0.00037149273355595476,-0.0063240209424481626,GSE244832,mash_f2f4_group_vs_normal_sensitivity
endothelial,RAM2019_ENDO_1,standardized_mean,cluster_15,0.0054560430206329665,0.027354455641702864,-1.7247162825672309,-1.949936616633948,-0.04023453271295909,-0.003694795734813426,-0.04392932844777252,GSE244832,mash_f2f4_group_vs_normal_sensitivity
endothelial,RAM2019_ENDO_1,standardized_mean,cluster_17,0.016739607690371697,0.0034064779022401088,-0.38504674825506635,-1.362992665232436,0.011653418187399144,-0.009850891074185665,0.0018025271132134785,GSE244832,mash_f2f4_group_vs_normal_sensitivity
endothelial,RAM2019_ENDO_1,standardized_mean,cluster_2,0.8624507163448168,0.7334487685358337,0.610657109933546,0.4336683828549568,-0.06736001135814651,-0.14122810918720133,-0.20858812054534784,GSE244832,mash_f2f4_group_vs_normal_sensitivity
endothelial,RAM2019_ENDO_1,standardized_mean,cluster_8,0.09114068087369737,0.20043313164804605,0.05459230243335671,-0.17719193930244662,-0.006699607388734016,-0.033791107522684785,-0.0404907149114188,GSE244832,mash_f2f4_group_vs_normal_sensitivity
endothelial,RAM2019_ENDO_2,singscore,cluster_13,0.024212952070481217,0.03535716627217725,0.23560365180590725,0.33468284096714296,0.0031776974158984235,0.0029510795118147274,0.006128776927713151,GSE244832,mash_f2f4_group_vs_normal_sensitivity
endothelial,RAM2019_ENDO_2,singscore,cluster_15,0.0054560430206329665,0.027354455641702864,0.3647098853551256,0.43731145500101387,0.00878149712101114,0.0011910468518749493,0.009972543972886088,GSE244832,mash_f2f4_group_vs_normal_sensitivity
endothelial,RAM2019_ENDO_2,singscore,cluster_17,0.016739607690371697,0.0034064779022401088,0.16152159150366815,0.13892773373775746,-0.002002964924100244,-0.0002275888962096669,-0.002230553820309911,GSE244832,mash_f2f4_group_vs_normal_sensitivity
endothelial,RAM2019_ENDO_2,singscore,cluster_2,0.8624507163448168,0.7334487685358337,0.26204473385165167,0.35909767293427,-0.04006429017107181,0.07744336774405185,0.037379077572980035,GSE244832,mash_f2f4_group_vs_normal_sensitivity
endothelial,RAM2019_ENDO_2,singscore,cluster_8,0.09114068087369737,0.20043313164804605,0.28037227114342017,0.39619005535712076,0.036971577382419595,0.016884716450504635,0.05385629383292423,GSE244832,mash_f2f4_group_vs_normal_sensitivity
endothelial,RAM2019_ENDO_2,standardized_mean,cluster_13,0.024212952070481217,0.03535716627217725,-0.5700630968057997,-0.2304135416329074,-0.00446034156110727,0.01011648209834025,0.005656140537232981,GSE244832,mash_f2f4_group_vs_normal_sensitivity
endothelial,RAM2019_ENDO_2,standardized_mean,cluster_15,0.0054560430206329665,0.027354455641702864,-0.2208975827850139,-0.11421152891991346,-0.0036691788005973514,0.0017502113138153832,-0.0019189674867819682,GSE244832,mash_f2f4_group_vs_normal_sensitivity
endothelial,RAM2019_ENDO_2,standardized_mean,cluster_17,0.016739607690371697,0.0034064779022401088,-1.0543085365460565,-1.7147527088588628,0.018460126488134544,-0.0066526824122777285,0.011807444075856814,GSE244832,mash_f2f4_group_vs_normal_sensitivity
endothelial,RAM2019_ENDO_2,standardized_mean,cluster_2,0.8624507163448168,0.7334487685358337,-0.18919789330599274,0.008797874132351419,0.011635976929088816,0.15799067163170125,0.16962664856079007,GSE244832,mash_f2f4_group_vs_normal_sensitivity
endothelial,RAM2019_ENDO_2,standardized_mean,cluster_8,0.09114068087369737,0.20043313164804605,-0.27698751540470906,0.034888990624597827,-0.013229770551036371,0.045467510949462754,0.03223774039842638,GSE244832,mash_f2f4_group_vs_normal_sensitivity
endothelial,RAM2019_ENDO_3,singscore,cluster_13,0.024212952070481217,0.03535716627217725,0.5508103426226268,0.5465059975860668,0.006114364171153418,-0.00012820517160775914,0.005986158999545659,GSE244832,mash_f2f4_group_vs_normal_sensitivity
endothelial,RAM2019_ENDO_3,singscore,cluster_15,0.0054560430206329665,0.027354455641702864,0.23945185288528736,0.3653795227336437,0.006622423514736334,0.0020658748215552822,0.008688298336291617,GSE244832,mash_f2f4_group_vs_normal_sensitivity
endothelial,RAM2019_ENDO_3,singscore,cluster_17,0.016739607690371697,0.0034064779022401088,0.33561593402547674,0.2275822646964219,-0.0037545973400005,-0.00108822777459353,-0.00484282511459403,GSE244832,mash_f2f4_group_vs_normal_sensitivity
endothelial,RAM2019_ENDO_3,singscore,cluster_2,0.8624507163448168,0.7334487685358337,0.5442731525079542,0.5715521684706575,-0.07197181991041235,0.021767283761464636,-0.05020453614894771,GSE244832,mash_f2f4_group_vs_normal_sensitivity
endothelial,RAM2019_ENDO_3,singscore,cluster_8,0.09114068087369737,0.20043313164804605,0.6491020737175388,0.6420724085205036,0.07055781177054819,-0.0010248331411254806,0.06953297862942272,GSE244832,mash_f2f4_group_vs_normal_sensitivity
endothelial,RAM2019_ENDO_3,standardized_mean,cluster_13,0.024212952070481217,0.03535716627217725,-0.04898508800143556,-0.15919234583468211,-0.0011599869573145493,-0.0032825296956731855,-0.004442516652987735,GSE244832,mash_f2f4_group_vs_normal_sensitivity
endothelial,RAM2019_ENDO_3,standardized_mean,cluster_15,0.0054560430206329665,0.027354455641702864,-1.7934728736974481,-1.3564716149114167,-0.03448939207251096,0.007169114608419081,-0.027320277464091883,GSE244832,mash_f2f4_group_vs_normal_sensitivity
endothelial,RAM2019_ENDO_3,standardized_mean,cluster_17,0.016739607690371697,0.0034064779022401088,-1.156246181816196,-2.119276867430793,0.021836486969813322,-0.009700649310351653,0.01213583765946167,GSE244832,mash_f2f4_group_vs_normal_sensitivity
endothelial,RAM2019_ENDO_3,standardized_mean,cluster_2,0.8624507163448168,0.7334487685358337,-0.06536169658453157,-0.03809304899086999,0.006672931844654789,0.021759010324058258,0.028431942168713045,GSE244832,mash_f2f4_group_vs_normal_sensitivity
endothelial,RAM2019_ENDO_3,standardized_mean,cluster_8,0.09114068087369737,0.20043313164804605,0.34429705531066634,0.17065500951429685,0.028140186598015753,-0.02531473665346131,0.0028254499445544423,GSE244832,mash_f2f4_group_vs_normal_sensitivity
endothelial,RAM2019_ENDO_4,singscore,cluster_13,0.024212952070481217,0.03535716627217725,0.6019505069894382,0.6074013939422009,0.006738638314605232,0.00016235499042426487,0.0069009933050294976,GSE244832,mash_f2f4_group_vs_normal_sensitivity
endothelial,RAM2019_ENDO_4,singscore,cluster_15,0.0054560430206329665,0.027354455641702864,0.23578239566161363,0.27330556084473656,0.005574109065996671,0.0006155768805237307,0.0061896859465204014,GSE244832,mash_f2f4_group_vs_normal_sensitivity
endothelial,RAM2019_ENDO_4,singscore,cluster_17,0.016739607690371697,0.0034064779022401088,0.31141682577094815,0.24317961543937647,-0.003697253165346574,-0.0006873563399704489,-0.004384609505317023,GSE244832,mash_f2f4_group_vs_normal_sensitivity
endothelial,RAM2019_ENDO_4,singscore,cluster_2,0.8624507163448168,0.7334487685358337,0.5231631818111643,0.547747009039639,-0.06907475027412173,0.019616658605158873,-0.04945809166896285,GSE244832,mash_f2f4_group_vs_normal_sensitivity
endothelial,RAM2019_ENDO_4,singscore,cluster_8,0.09114068087369737,0.20043313164804605,0.4813080344660185,0.5322300768942081,0.055386032071881953,0.007423767026090608,0.06280979909797256,GSE244832,mash_f2f4_group_vs_normal_sensitivity
endothelial,RAM2019_ENDO_4,standardized_mean,cluster_13,0.024212952070481217,0.03535716627217725,0.2414791379865938,0.24338750014835003,0.0027017288373160256,5.68406799082355e-05,0.002758569517224261,GSE244832,mash_f2f4_group_vs_normal_sensitivity
endothelial,RAM2019_ENDO_4,standardized_mean,cluster_15,0.0054560430206329665,0.027354455641702864,-1.809666440585876,-1.7056115195936081,-0.03848950362488163,0.001707046923013133,-0.03678245670186849,GSE244832,mash_f2f4_group_vs_normal_sensitivity
endothelial,RAM2019_ENDO_4,standardized_mean,cluster_17,0.016739607690371697,0.0034064779022401088,-1.265205046603537,-1.9284958562241798,0.02129101432093749,-0.006681356711705127,0.01460965760923236,GSE244832,mash_f2f4_group_vs_normal_sensitivity
endothelial,RAM2019_ENDO_4,standardized_mean,cluster_2,0.8624507163448168,0.7334487685358337,0.019543733829549048,0.03499839104515921,-0.0035180201732390773,0.012332039744699645,0.008814019571460567,GSE244832,mash_f2f4_group_vs_normal_sensitivity
endothelial,RAM2019_ENDO_4,standardized_mean,cluster_8,0.09114068087369737,0.20043313164804605,-0.2192995486368353,-0.1103020444555148,-0.01801148294409629,0.015890408924751142,-0.0021210740193451476,GSE244832,mash_f2f4_group_vs_normal_sensitivity
endothelial,RAM2019_ENDO_5,singscore,cluster_13,0.024212952070481217,0.03535716627217725,0.44992664751522293,0.5086666591643206,0.005341384570974464,0.0017495747226929433,0.007090959293667407,GSE244832,mash_f2f4_group_vs_normal_sensitivity
endothelial,RAM2019_ENDO_5,singscore,cluster_15,0.0054560430206329665,0.027354455641702864,0.17622448520264525,0.25340376331325426,0.004704088329834364,0.001266145300604091,0.005970233630438455,GSE244832,mash_f2f4_group_vs_normal_sensitivity
endothelial,RAM2019_ENDO_5,singscore,cluster_17,0.016739607690371697,0.0034064779022401088,0.3043488713743207,0.2346803795914359,-0.003593473481362894,-0.0007017736992830849,-0.0042952471806459785,GSE244832,mash_f2f4_group_vs_normal_sensitivity
endothelial,RAM2019_ENDO_5,singscore,cluster_2,0.8624507163448168,0.7334487685358337,0.4807058411903359,0.5331857758244396,-0.06539699673105277,0.04187635032456817,-0.023520646406484602,GSE244832,mash_f2f4_group_vs_normal_sensitivity
endothelial,RAM2019_ENDO_5,singscore,cluster_8,0.09114068087369737,0.20043313164804605,0.5951949518758592,0.658578540698182,0.06851398885966582,0.009240497322117604,0.07775448618178343,GSE244832,mash_f2f4_group_vs_normal_sensitivity
endothelial,RAM2019_ENDO_5,standardized_mean,cluster_13,0.024212952070481217,0.03535716627217725,-0.29125842290045945,-0.05875383017761345,-0.0019503057607601424,0.006925163051855771,0.004974857291095629,GSE244832,mash_f2f4_group_vs_normal_sensitivity
endothelial,RAM2019_ENDO_5,standardized_mean,cluster_15,0.0054560430206329665,0.027354455641702864,-1.8472029206611402,-1.791425683564962,-0.039840095275085405,0.0009150394815664719,-0.03892505579351893,GSE244832,mash_f2f4_group_vs_normal_sensitivity
endothelial,RAM2019_ENDO_5,standardized_mean,cluster_17,0.016739607690371697,0.0034064779022401088,-1.058157498311948,-1.6956302739420135,0.01835830488821591,-0.006421290550401562,0.011937014337814349,GSE244832,mash_f2f4_group_vs_normal_sensitivity
endothelial,RAM2019_ENDO_5,standardized_mean,cluster_2,0.8624507163448168,0.7334487685358337,-0.2175919333383328,-0.07649430587518599,0.018968848841181236,0.11258881549315895,0.13155766433434019,GSE244832,mash_f2f4_group_vs_normal_sensitivity
endothelial,RAM2019_ENDO_5,standardized_mean,cluster_8,0.09114068087369737,0.20043313164804605,0.3450870653162005,0.556548129570447,0.049270960076784595,0.030828254352258003,0.0800992144290426,GSE244832,mash_f2f4_group_vs_normal_sensitivity
endothelial,RAM2019_ENDO_6_SAENDO1,singscore,cluster_13,0.024212952070481217,0.03535716627217725,0.3575327350301604,0.486541584250132,0.004703272508105172,0.0038425362076419446,0.008545808715747116,GSE244832,mash_f2f4_group_vs_normal_sensitivity
endothelial,RAM2019_ENDO_6_SAENDO1,singscore,cluster_15,0.0054560430206329665,0.027354455641702864,0.2671797606787308,0.2637499386984454,0.005813258814871,-5.626708474810221e-05,0.005756991730122897,GSE244832,mash_f2f4_group_vs_normal_sensitivity
endothelial,RAM2019_ENDO_6_SAENDO1,singscore,cluster_17,0.016739607690371697,0.0034064779022401088,0.37547610874078424,0.4268433377470453,-0.005348714655782064,0.0005174242961077137,-0.0048312903596743504,GSE244832,mash_f2f4_group_vs_normal_sensitivity
endothelial,RAM2019_ENDO_6_SAENDO1,singscore,cluster_2,0.8624507163448168,0.7334487685358337,0.4436258643519199,0.5943727216255537,-0.06695191970703215,0.12028841593518451,0.053336496228152355,GSE244832,mash_f2f4_group_vs_normal_sensitivity
endothelial,RAM2019_ENDO_6_SAENDO1,singscore,cluster_8,0.09114068087369737,0.20043313164804605,0.6065273895345985,0.7292334172483503,0.07299428611081486,0.017888932159948665,0.09088321827076352,GSE244832,mash_f2f4_group_vs_normal_sensitivity
endothelial,RAM2019_ENDO_6_SAENDO1,standardized_mean,cluster_13,0.024212952070481217,0.03535716627217725,-0.6101764186891547,-0.24574906903607452,-0.0047693084879505505,0.010854490173067681,0.006085181685117131,GSE244832,mash_f2f4_group_vs_normal_sensitivity
endothelial,RAM2019_ENDO_6_SAENDO1,standardized_mean,cluster_15,0.0054560430206329665,0.027354455641702864,-1.4390849528257448,-1.7680086352033773,-0.03511512935252463,-0.005396075020330944,-0.040511204372855575,GSE244832,mash_f2f4_group_vs_normal_sensitivity
endothelial,RAM2019_ENDO_6_SAENDO1,standardized_mean,cluster_17,0.016739607690371697,0.0034064779022401088,-0.7676696407512084,-1.178267246800551,0.012972714540620215,-0.004135967257795781,0.008836747282824433,GSE244832,mash_f2f4_group_vs_normal_sensitivity
endothelial,RAM2019_ENDO_6_SAENDO1,standardized_mean,cluster_2,0.8624507163448168,0.7334487685358337,-0.263639931849733,0.12038525354242578,0.009240066267195955,0.30643279777427124,0.3156728640414672,GSE244832,mash_f2f4_group_vs_normal_sensitivity
endothelial,RAM2019_ENDO_6_SAENDO1,standardized_mean,cluster_8,0.09114068087369737,0.20043313164804605,0.26571907796365324,0.7547937279301824,0.05576717280137225,0.07130068014923903,0.1270678529506113,GSE244832,mash_f2f4_group_vs_normal_sensitivity
endothelial,RAM2019_ENDO_7_SAENDO2,singscore,cluster_13,0.024212952070481217,0.03535716627217725,0.24229756024045948,0.31873235951335055,0.003126118799648397,0.002276615019091733,0.00540273381874013,GSE244832,mash_f2f4_group_vs_normal_sensitivity
endothelial,RAM2019_ENDO_7_SAENDO2,singscore,cluster_15,0.0054560430206329665,0.027354455641702864,0.035247073795609395,0.18260482891169946,0.002385305427884912,0.002417440713560642,0.004802746141445553,GSE244832,mash_f2f4_group_vs_normal_sensitivity
endothelial,RAM2019_ENDO_7_SAENDO2,singscore,cluster_17,0.016739607690371697,0.0034064779022401088,0.12378372042398555,0.07972913143220746,-0.001356731633675709,-0.0004437637602878477,-0.0018004953939635567,GSE244832,mash_f2f4_group_vs_normal_sensitivity
endothelial,RAM2019_ENDO_7_SAENDO2,singscore,cluster_2,0.8624507163448168,0.7334487685358337,0.31782742510758727,0.3875540075650593,-0.04549778938153125,0.055638308513183916,0.010140519131652669,GSE244832,mash_f2f4_group_vs_normal_sensitivity
endothelial,RAM2019_ENDO_7_SAENDO2,singscore,cluster_8,0.09114068087369737,0.20043313164804605,0.3227707094894423,0.42927689121831697,0.041096562690159905,0.015527206731910817,0.05662376942207072,GSE244832,mash_f2f4_group_vs_normal_sensitivity
endothelial,RAM2019_ENDO_7_SAENDO2,standardized_mean,cluster_13,0.024212952070481217,0.03535716627217725,-0.37495705457914535,-0.13455829832984106,-0.002839074115935246,0.007160291179599481,0.004321217063664236,GSE244832,mash_f2f4_group_vs_normal_sensitivity
endothelial,RAM2019_ENDO_7_SAENDO2,standardized_mean,cluster_15,0.0054560430206329665,0.027354455641702864,-1.5441783724504106,-1.0856004774007355,-0.028793991178101504,0.007523084706052073,-0.02127090647204943,GSE244832,mash_f2f4_group_vs_normal_sensitivity
endothelial,RAM2019_ENDO_7_SAENDO2,standardized_mean,cluster_17,0.016739607690371697,0.0034064779022401088,-1.0667550898630573,-1.532007483587466,0.01732481934017734,-0.004686507273069732,0.012638312067107606,GSE244832,mash_f2f4_group_vs_normal_sensitivity
endothelial,RAM2019_ENDO_7_SAENDO2,standardized_mean,cluster_2,0.8624507163448168,0.7334487685358337,-0.006004236620273473,0.10657163594213936,-0.006486695199302254,0.0898298885161722,0.08334319331686994,GSE244832,mash_f2f4_group_vs_normal_sensitivity
endothelial,RAM2019_ENDO_7_SAENDO2,standardized_mean,cluster_8,0.09114068087369737,0.20043313164804605,-0.0522003185604241,0.30754943050278416,0.013953865123617019,0.05244680294405007,0.06640066806766709,GSE244832,mash_f2f4_group_vs_normal_sensitivity
macrophage_monocyte,RAM2019_MAC_SIG_A_SAM,singscore,cluster_5,1.0,1.0,0.2184243023282404,0.36293760557149274,0.0,0.14451330324325234,0.14451330324325234,GSE244832,mash_f2f4_group_vs_normal_sensitivity
macrophage_monocyte,RAM2019_MAC_SIG_A_SAM,standardized_mean,cluster_5,1.0,1.0,-0.2905053829617538,0.20427979610175293,-0.0,0.4947851790635067,0.4947851790635067,GSE244832,mash_f2f4_group_vs_normal_sensitivity
macrophage_monocyte,RAM2019_MAC_SIG_B_SAM,singscore,cluster_5,1.0,1.0,0.44437122160655135,0.53594777873521,0.0,0.0915765571286587,0.0915765571286587,GSE244832,mash_f2f4_group_vs_normal_sensitivity
macrophage_monocyte,RAM2019_MAC_SIG_B_SAM,standardized_mean,cluster_5,1.0,1.0,-0.1762142062760318,0.12500328862075527,-0.0,0.30121749489678706,0.30121749489678706,GSE244832,mash_f2f4_group_vs_normal_sensitivity
macrophage_monocyte,RAM2019_MAC_SIG_C_KC,singscore,cluster_5,1.0,1.0,0.7245882129465601,0.7554902886344148,0.0,0.030902075687854746,0.030902075687854746,GSE244832,mash_f2f4_group_vs_normal_sensitivity
macrophage_monocyte,RAM2019_MAC_SIG_C_KC,standardized_mean,cluster_5,1.0,1.0,-0.054573650607484495,0.0470232382719505,-0.0,0.101596888879435,0.101596888879435,GSE244832,mash_f2f4_group_vs_normal_sensitivity
macrophage_monocyte,RAM2019_MAC_SIG_D_TMO,singscore,cluster_5,1.0,1.0,0.18465070965070968,0.2086195211195211,0.0,0.023968811468811413,0.023968811468811413,GSE244832,mash_f2f4_group_vs_normal_sensitivity
macrophage_monocyte,RAM2019_MAC_SIG_D_TMO,standardized_mean,cluster_5,1.0,1.0,-0.05638271439389573,0.0043017319536068355,-0.0,0.060684446347502564,0.060684446347502564,GSE244832,mash_f2f4_group_vs_normal_sensitivity
macrophage_monocyte,RAM2019_MAC_SIG_E_TMO,singscore,cluster_5,1.0,1.0,0.4791848081347105,0.543659098931497,0.0,0.06447429079678652,0.06447429079678652,GSE244832,mash_f2f4_group_vs_normal_sensitivity
macrophage_monocyte,RAM2019_MAC_SIG_E_TMO,standardized_mean,cluster_5,1.0,1.0,-0.159202217944918,0.11204409652402167,-0.0,0.27124631446893965,0.27124631446893965,GSE244832,mash_f2f4_group_vs_normal_sensitivity
macrophage_monocyte,RAM2019_MAC_SIG_F_CDC1,singscore,cluster_5,1.0,1.0,0.31558908750555464,0.37960918003726934,0.0,0.0640200925317147,0.0640200925317147,GSE244832,mash_f2f4_group_vs_normal_sensitivity
macrophage_monocyte,RAM2019_MAC_SIG_F_CDC1,standardized_mean,cluster_5,1.0,1.0,-0.16374670450387424,0.07427763668538245,-0.0,0.2380243411892567,0.2380243411892567,GSE244832,mash_f2f4_group_vs_normal_sensitivity
mesenchymal_hsc_myofibroblast,RAM2019_MES_HSC,singscore,cluster_16,0.03150248055974454,0.03346066410887209,-0.14448448301220768,-0.06635984049941984,-0.00020643594286369818,0.002537611226871097,0.0023311752840073988,GSE244832,mash_f2f4_group_vs_normal_sensitivity
mesenchymal_hsc_myofibroblast,RAM2019_MES_HSC,singscore,cluster_3,0.9684975194402554,0.9665393358911278,0.1048793940285336,0.20446021473746137,-0.00030287186648956637,0.09634627907796094,0.09604340721147137,GSE244832,mash_f2f4_group_vs_normal_sensitivity
mesenchymal_hsc_myofibroblast,RAM2019_MES_HSC,standardized_mean,cluster_16,0.03150248055974454,0.03346066410887209,-1.3970977248580734,-0.6712913940629383,-0.0020251427729327774,0.023575330834421093,0.021550188061488316,GSE244832,mash_f2f4_group_vs_normal_sensitivity
mesenchymal_hsc_myofibroblast,RAM2019_MES_HSC,standardized_mean,cluster_3,0.9684975194402554,0.9665393358911278,0.145284973287429,0.37676311994546535,-0.0005111329940110372,0.2239593724935517,0.22344823949954065,GSE244832,mash_f2f4_group_vs_normal_sensitivity
mesenchymal_hsc_myofibroblast,RAM2019_MES_MESOTHELIAL,singscore,cluster_16,0.03150248055974454,0.03346066410887209,0.0434658642490318,0.13694294626308864,0.00017663678243125193,0.0030362826010396585,0.0032129193834709103,GSE244832,mash_f2f4_group_vs_normal_sensitivity
mesenchymal_hsc_myofibroblast,RAM2019_MES_MESOTHELIAL,singscore,cluster_3,0.9684975194402554,0.9665393358911278,0.26689600938040814,0.3246834304038975,-0.0005792105634938684,0.05591039472750178,0.05533118416400792,GSE244832,mash_f2f4_group_vs_normal_sensitivity
mesenchymal_hsc_myofibroblast,RAM2019_MES_MESOTHELIAL,standardized_mean,cluster_16,0.03150248055974454,0.03346066410887209,-1.87315226954922,-0.9100817847678832,-0.0027250415692676644,0.03128204361446237,0.028557002045194707,GSE244832,mash_f2f4_group_vs_normal_sensitivity
mesenchymal_hsc_myofibroblast,RAM2019_MES_MESOTHELIAL,standardized_mean,cluster_3,0.9684975194402554,0.9665393358911278,0.03735759746754288,0.21458604063922007,-0.0002466759437240077,0.1714717846750995,0.17122510873137547,GSE244832,mash_f2f4_group_vs_normal_sensitivity
mesenchymal_hsc_myofibroblast,RAM2019_MES_SAMES,singscore,cluster_16,0.03150248055974454,0.03346066410887209,0.12120007476830522,0.2520947683438337,0.0003654899103781703,0.004251665457550651,0.0046171553679288215,GSE244832,mash_f2f4_group_vs_normal_sensitivity
mesenchymal_hsc_myofibroblast,RAM2019_MES_SAMES,singscore,cluster_3,0.9684975194402554,0.9665393358911278,0.5442051846603257,0.6193978410410375,-0.0011392741513217425,0.07275028067347283,0.07161100652215109,GSE244832,mash_f2f4_group_vs_normal_sensitivity
mesenchymal_hsc_myofibroblast,RAM2019_MES_SAMES,standardized_mean,cluster_16,0.03150248055974454,0.03346066410887209,-2.23153597914781,-1.1233756855093167,-0.0032847664152538566,0.035994788735827066,0.03271002232057321,GSE244832,mash_f2f4_group_vs_normal_sensitivity
mesenchymal_hsc_myofibroblast,RAM2019_MES_SAMES,standardized_mean,cluster_3,0.9684975194402554,0.9665393358911278,0.11549147996115976,0.34948321194161847,-0.00045525289622234244,0.22639131261250534,0.225936059716283,GSE244832,mash_f2f4_group_vs_normal_sensitivity
mesenchymal_hsc_myofibroblast,RAM2019_MES_VSMC,singscore,cluster_16,0.03150248055974454,0.03346066410887209,0.11127951083429777,0.19156035295927853,0.0002965080196503047,0.002607647980541749,0.002904156000192054,GSE244832,mash_f2f4_group_vs_normal_sensitivity
mesenchymal_hsc_myofibroblast,RAM2019_MES_VSMC,singscore,cluster_3,0.9684975194402554,0.9665393358911278,0.4708862114410719,0.4603773774242536,-0.0009117925198087949,-0.010167490564551768,-0.011079283084360562,GSE244832,mash_f2f4_group_vs_normal_sensitivity
mesenchymal_hsc_myofibroblast,RAM2019_MES_VSMC,standardized_mean,cluster_16,0.03150248055974454,0.03346066410887209,-1.816617220786198,-1.1976891192494805,-0.002951282543544372,0.020103757899801008,0.017152475356256636,GSE244832,mash_f2f4_group_vs_normal_sensitivity
mesenchymal_hsc_myofibroblast,RAM2019_MES_VSMC,standardized_mean,cluster_3,0.9684975194402554,0.9665393358911278,0.3324456474331944,0.26639993932202916,-0.0005863247882258656,-0.0639004396657818,-0.06448676445400765,GSE244832,mash_f2f4_group_vs_normal_sensitivity
mesenchymal_hsc_myofibroblast,RAM2019_SAMES_A,singscore,cluster_16,0.03150248055974454,0.03346066410887209,0.1540885292533299,0.28131589497022635,0.00042630089036596066,0.004132544882436871,0.004558845772802832,GSE244832,mash_f2f4_group_vs_normal_sensitivity
mesenchymal_hsc_myofibroblast,RAM2019_SAMES_A,singscore,cluster_3,0.9684975194402554,0.9665393358911278,0.6701694317525645,0.7182287475062986,-0.0013593692371316945,0.04649827361274184,0.04513890437561015,GSE244832,mash_f2f4_group_vs_normal_sensitivity
mesenchymal_hsc_myofibroblast,RAM2019_SAMES_A,standardized_mean,cluster_16,0.03150248055974454,0.03346066410887209,-2.2799898605922864,-1.2191887284644949,-0.0034260169742751723,0.034456488705525014,0.031030471731249842,GSE244832,mash_f2f4_group_vs_normal_sensitivity
mesenchymal_hsc_myofibroblast,RAM2019_SAMES_A,standardized_mean,cluster_3,0.9684975194402554,0.9665393358911278,0.2033544884652052,0.42001260711250876,-0.0006103335958138593,0.209620722294646,0.20901038869883215,GSE244832,mash_f2f4_group_vs_normal_sensitivity
mesenchymal_hsc_myofibroblast,RAM2019_SAMES_B,singscore,cluster_16,0.03150248055974454,0.03346066410887209,0.11823752793790616,0.24897974732080236,0.0003595394136835234,0.00424671285603355,0.004606252269717073,GSE244832,mash_f2f4_group_vs_normal_sensitivity
mesenchymal_hsc_myofibroblast,RAM2019_SAMES_B,singscore,cluster_3,0.9684975194402554,0.9665393358911278,0.4006074991928529,0.4678508432388828,-0.0008503004196262153,0.06505917450239804,0.06420887408277182,GSE244832,mash_f2f4_group_vs_normal_sensitivity
mesenchymal_hsc_myofibroblast,RAM2019_SAMES_B,standardized_mean,cluster_16,0.03150248055974454,0.03346066410887209,-1.8288570088577565,-0.7970715698881649,-0.0025710250720420774,0.033514013369376844,0.030942988297334766,GSE244832,mash_f2f4_group_vs_normal_sensitivity
mesenchymal_hsc_myofibroblast,RAM2019_SAMES_B,standardized_mean,cluster_3,0.9684975194402554,0.9665393358911278,0.07877176760658489,0.197340426752508,-0.0002703391783537462,0.11471736266729288,0.11444702348893913,GSE244832,mash_f2f4_group_vs_normal_sensitivity
endothelial,RAM2019_ENDO_1,singscore,cluster_15,0.32575100556053077,0.07043471628705522,0.8398167059458265,0.719579867071927,-0.19906967326433359,-0.023818059400963876,-0.22288773266529746,GSE256398_human,mash_cirrhosis_vs_healthy
endothelial,RAM2019_ENDO_1,singscore,cluster_3,0.056972192409061206,0.3387520047756526,0.5676712720711188,0.638899862321448,0.16999369392804137,0.014093438346705236,0.1840871322747466,GSE256398_human,mash_cirrhosis_vs_healthy
endothelial,RAM2019_ENDO_1,singscore,cluster_32,0.01548563250080956,0.1963048392349786,0.4512063940877871,0.5594376122727344,0.09137192376037599,0.011461170377964494,0.10283309413834049,GSE256398_human,mash_cirrhosis_vs_healthy
endothelial,RAM2019_ENDO_1,singscore,cluster_38,0.19008827844688356,0.2686250364901823,0.7988212459245204,0.7347249522463082,0.06021987335698153,-0.014700911674156217,0.04551896168282531,GSE256398_human,mash_cirrhosis_vs_healthy
endothelial,RAM2019_ENDO_1,singscore,cluster_5,0.4117028910827149,0.12588340321213123,0.829774326173954,0.7427479636232786,-0.22472875776746126,-0.023392089874788687,-0.24812084764224995,GSE256398_human,mash_cirrhosis_vs_healthy
endothelial,RAM2019_ENDO_1,standardized_mean,cluster_15,0.32575100556053077,0.07043471628705522,0.6364065717512452,0.14800051602347436,-0.10013595346522741,-0.09674975287161959,-0.196885706336847,GSE256398_human,mash_cirrhosis_vs_healthy
endothelial,RAM2019_ENDO_1,standardized_mean,cluster_3,0.056972192409061206,0.3387520047756526,-0.7151689290565312,-0.454752675104384,-0.16483014505204213,0.051526506514532,-0.11330363853751013,GSE256398_human,mash_cirrhosis_vs_healthy
endothelial,RAM2019_ENDO_1,standardized_mean,cluster_32,0.01548563250080956,0.1963048392349786,-1.131531114242326,-0.6372035604202311,-0.15991060039785107,0.05234693290798986,-0.10756366748986121,GSE256398_human,mash_cirrhosis_vs_healthy
endothelial,RAM2019_ENDO_1,standardized_mean,cluster_38,0.19008827844688356,0.2686250364901823,0.4102929447603337,-0.006613719043223365,0.01585182883862544,-0.09562031888634126,-0.07976849004771583,GSE256398_human,mash_cirrhosis_vs_healthy
endothelial,RAM2019_ENDO_1,standardized_mean,cluster_5,0.4117028910827149,0.12588340321213123,0.48038061524787395,0.14290190983536605,-0.08907314605898793,-0.09071196332306608,-0.179785109382054,GSE256398_human,mash_cirrhosis_vs_healthy
endothelial,RAM2019_ENDO_2,singscore,cluster_15,0.32575100556053077,0.07043471628705522,0.31649728518895953,0.2726486233408016,-0.07520927360323452,-0.00868610687318158,-0.0838953804764161,GSE256398_human,mash_cirrhosis_vs_healthy
endothelial,RAM2019_ENDO_2,singscore,cluster_3,0.056972192409061206,0.3387520047756526,0.318155264375479,0.5476614414558834,0.12198483445651077,0.04541057383703789,0.16739540829354865,GSE256398_human,mash_cirrhosis_vs_healthy
endothelial,RAM2019_ENDO_2,singscore,cluster_32,0.01548563250080956,0.1963048392349786,0.1885565720988757,0.45720626160150735,0.05838316166405619,0.02844872223571769,0.08683188389977388,GSE256398_human,mash_cirrhosis_vs_healthy
endothelial,RAM2019_ENDO_2,singscore,cluster_38,0.19008827844688356,0.2686250364901823,0.36078466796522973,0.5712006534376085,0.03659755284346037,0.048260307105892186,0.08485785994935255,GSE256398_human,mash_cirrhosis_vs_healthy
endothelial,RAM2019_ENDO_2,singscore,cluster_5,0.4117028910827149,0.12588340321213123,0.3735423502464599,0.4438307334506366,-0.1168105780907519,0.01889303572935474,-0.09791754236139716,GSE256398_human,mash_cirrhosis_vs_healthy
endothelial,RAM2019_ENDO_2,standardized_mean,cluster_15,0.32575100556053077,0.07043471628705522,-0.23769594691929008,-0.5483537335039705,0.10034564379513411,-0.061539089712812474,0.038806554082321636,GSE256398_human,mash_cirrhosis_vs_healthy
endothelial,RAM2019_ENDO_2,standardized_mean,cluster_3,0.056972192409061206,0.3387520047756526,-0.5152191636660381,0.19835097996034728,-0.04464352867476609,0.14118848611076615,0.09654495743600006,GSE256398_human,mash_cirrhosis_vs_healthy
endothelial,RAM2019_ENDO_2,standardized_mean,cluster_32,0.01548563250080956,0.1963048392349786,-1.1493634014999337,-0.0366034895059813,-0.10722279622233913,0.11783597334493665,0.010613177122597517,GSE256398_human,mash_cirrhosis_vs_healthy
endothelial,RAM2019_ENDO_2,standardized_mean,cluster_38,0.19008827844688356,0.2686250364901823,-0.18205057503132824,0.44357819307150526,0.01026976562983082,0.14349212306822182,0.15376188869805263,GSE256398_human,mash_cirrhosis_vs_healthy
endothelial,RAM2019_ENDO_2,standardized_mean,cluster_5,0.4117028910827149,0.12588340321213123,-0.12018032799985616,0.07547681191359007,0.006388568036895486,0.052591298399198905,0.05897986643609439,GSE256398_human,mash_cirrhosis_vs_healthy
endothelial,RAM2019_ENDO_3,singscore,cluster_15,0.32575100556053077,0.07043471628705522,0.594846506222617,0.4900794878918436,-0.13849963947682034,-0.020753598391598377,-0.15925323786841872,GSE256398_human,mash_cirrhosis_vs_healthy
endothelial,RAM2019_ENDO_3,singscore,cluster_3,0.056972192409061206,0.3387520047756526,0.6228262105637422,0.738145911095053,0.19174723453858858,0.02281739795616729,0.21456463249475588,GSE256398_human,mash_cirrhosis_vs_healthy
endothelial,RAM2019_ENDO_3,singscore,cluster_32,0.01548563250080956,0.1963048392349786,0.5244007099498055,0.6089861839046375,0.10246905953483212,0.008957198715444554,0.11142625825027667,GSE256398_human,mash_cirrhosis_vs_healthy
endothelial,RAM2019_ENDO_3,singscore,cluster_38,0.19008827844688356,0.2686250364901823,0.6170581083071709,0.6618999002442791,0.05022260783257223,0.010284763513594558,0.06050737134616679,GSE256398_human,mash_cirrhosis_vs_healthy
endothelial,RAM2019_ENDO_3,singscore,cluster_5,0.4117028910827149,0.12588340321213123,0.60757699639795,0.5568386289274316,-0.166406338849503,-0.01363812547352308,-0.1800444643230261,GSE256398_human,mash_cirrhosis_vs_healthy
endothelial,RAM2019_ENDO_3,standardized_mean,cluster_15,0.32575100556053077,0.07043471628705522,0.11042402755065378,-0.2642144019255428,0.019632593855687632,-0.07421319830693644,-0.05458060445124881,GSE256398_human,mash_cirrhosis_vs_healthy
endothelial,RAM2019_ENDO_3,standardized_mean,cluster_3,0.056972192409061206,0.3387520047756526,0.1023596350862979,0.32170893056610267,0.059746980430051486,0.04340091192838915,0.10314789235844063,GSE256398_human,mash_cirrhosis_vs_healthy
endothelial,RAM2019_ENDO_3,standardized_mean,cluster_32,0.01548563250080956,0.1963048392349786,-0.31020369279633464,-0.17336163072051833,-0.04371894910123459,0.014490922440167572,-0.029228026661067018,GSE256398_human,mash_cirrhosis_vs_healthy
endothelial,RAM2019_ENDO_3,standardized_mean,cluster_38,0.19008827844688356,0.2686250364901823,0.18557168348515737,0.15535888221630065,0.013387790674030191,-0.00692950711178603,0.006458283562244161,GSE256398_human,mash_cirrhosis_vs_healthy
endothelial,RAM2019_ENDO_3,standardized_mean,cluster_5,0.4117028910827149,0.12588340321213123,0.08574917895857702,-0.1617742131311965,0.01086471816628086,-0.0665325915524158,-0.055667873386134936,GSE256398_human,mash_cirrhosis_vs_healthy
endothelial,RAM2019_ENDO_4,singscore,cluster_15,0.32575100556053077,0.07043471628705522,0.5747321077625923,0.4906728235165246,-0.13600761681392318,-0.01665154410350988,-0.15265916091743306,GSE256398_human,mash_cirrhosis_vs_healthy
endothelial,RAM2019_ENDO_4,singscore,cluster_3,0.056972192409061206,0.3387520047756526,0.532220042141076,0.6452009755594647,0.16588673672206972,0.022354644587085727,0.18824138130915544,GSE256398_human,mash_cirrhosis_vs_healthy
endothelial,RAM2019_ENDO_4,singscore,cluster_32,0.01548563250080956,0.1963048392349786,0.3718525964444273,0.5410521898539238,0.08253535964114697,0.017917430852850406,0.10045279049399738,GSE256398_human,mash_cirrhosis_vs_healthy
endothelial,RAM2019_ENDO_4,singscore,cluster_38,0.19008827844688356,0.2686250364901823,0.5654824422922856,0.61688953432178,0.04642983092225788,0.011790558798062083,0.05822038972031996,GSE256398_human,mash_cirrhosis_vs_healthy
endothelial,RAM2019_ENDO_4,singscore,cluster_5,0.4117028910827149,0.12588340321213123,0.6064538993382433,0.5470270888506569,-0.1648436726563031,-0.015973519415891854,-0.18081719207219493,GSE256398_human,mash_cirrhosis_vs_healthy
endothelial,RAM2019_ENDO_4,standardized_mean,cluster_15,0.32575100556053077,0.07043471628705522,0.10665790172023654,-0.254352728070673,0.018854447504341888,-0.07151362847918157,-0.05265918097483968,GSE256398_human,mash_cirrhosis_vs_healthy
endothelial,RAM2019_ENDO_4,standardized_mean,cluster_3,0.056972192409061206,0.3387520047756526,-0.19054393537872863,0.12315168020040494,-0.009494888509554747,0.062068472817708616,0.05257358430815387,GSE256398_human,mash_cirrhosis_vs_healthy
endothelial,RAM2019_ENDO_4,standardized_mean,cluster_32,0.01548563250080956,0.1963048392349786,-0.9090482429094939,-0.20245592118183317,-0.1004906506163597,0.07482476057179353,-0.025665890044566167,GSE256398_human,mash_cirrhosis_vs_healthy
endothelial,RAM2019_ENDO_4,standardized_mean,cluster_38,0.19008827844688356,0.2686250364901823,0.07346870458641631,0.12914357310756935,0.007956255714927106,0.012769401749011705,0.020725657463938812,GSE256398_human,mash_cirrhosis_vs_healthy
endothelial,RAM2019_ENDO_4,standardized_mean,cluster_5,0.4117028910827149,0.12588340321213123,0.13563184647095755,-0.053498231506173013,-0.01173769388309721,-0.05083686887971045,-0.06257456276280766,GSE256398_human,mash_cirrhosis_vs_healthy
endothelial,RAM2019_ENDO_5,singscore,cluster_15,0.32575100556053077,0.07043471628705522,0.5469758334169259,0.3636248221760183,-0.11624559019799231,-0.03632052636998191,-0.15256611656797422,GSE256398_human,mash_cirrhosis_vs_healthy
endothelial,RAM2019_ENDO_5,singscore,cluster_3,0.056972192409061206,0.3387520047756526,0.5644958652124616,0.7045085503697827,0.1787899130575704,0.027703203714778475,0.20649311677234886,GSE256398_human,mash_cirrhosis_vs_healthy
endothelial,RAM2019_ENDO_5,singscore,cluster_32,0.01548563250080956,0.1963048392349786,0.5285390392033487,0.7435094246710257,0.11500539708259132,0.022764339673711765,0.13776973675630308,GSE256398_human,mash_cirrhosis_vs_healthy
endothelial,RAM2019_ENDO_5,singscore,cluster_38,0.19008827844688356,0.2686250364901823,0.5414872278305171,0.599497932226265,0.04480463772318701,0.013305141257603884,0.058109778980790894,GSE256398_human,mash_cirrhosis_vs_healthy
endothelial,RAM2019_ENDO_5,singscore,cluster_5,0.4117028910827149,0.12588340321213123,0.5480186494800549,0.44417010915656713,-0.1417934414322347,-0.027913775980216337,-0.16970721741245104,GSE256398_human,mash_cirrhosis_vs_healthy
endothelial,RAM2019_ENDO_5,standardized_mean,cluster_15,0.32575100556053077,0.07043471628705522,-0.21225658511125745,-0.8006680123232794,0.12930807476540748,-0.11656010301668161,0.01274797174872587,GSE256398_human,mash_cirrhosis_vs_healthy
endothelial,RAM2019_ENDO_5,standardized_mean,cluster_3,0.056972192409061206,0.3387520047756526,-0.08565341734396698,0.3659136152322945,0.03948583298739835,0.08934800072066229,0.12883383370806065,GSE256398_human,mash_cirrhosis_vs_healthy
endothelial,RAM2019_ENDO_5,standardized_mean,cluster_32,0.01548563250080956,0.1963048392349786,-0.10151131928246677,0.6486350846979055,0.04946524262391561,0.07943693038495409,0.1289021730088697,GSE256398_human,mash_cirrhosis_vs_healthy
endothelial,RAM2019_ENDO_5,standardized_mean,cluster_38,0.19008827844688356,0.2686250364901823,-0.2000489869561195,-0.009185773524394085,-0.008216309879052834,0.04377574866640374,0.035559438787350905,GSE256398_human,mash_cirrhosis_vs_healthy
endothelial,RAM2019_ENDO_5,standardized_mean,cluster_5,0.4117028910827149,0.12588340321213123,-0.25995452254140805,-0.4737110297998778,0.10484795621923759,-0.05745628430924506,0.04739167190999253,GSE256398_human,mash_cirrhosis_vs_healthy
endothelial,RAM2019_ENDO_6_SAENDO1,singscore,cluster_15,0.32575100556053077,0.07043471628705522,0.5059106258407962,0.47308047956125243,-0.12497618813149451,-0.006503417601061435,-0.13147960573255596,GSE256398_human,mash_cirrhosis_vs_healthy
endothelial,RAM2019_ENDO_6_SAENDO1,singscore,cluster_3,0.056972192409061206,0.3387520047756526,0.5741635312373786,0.7933862180801152,0.19267395588233124,0.04337586087775893,0.23604981676009018,GSE256398_human,mash_cirrhosis_vs_healthy
endothelial,RAM2019_ENDO_6_SAENDO1,singscore,cluster_32,0.01548563250080956,0.1963048392349786,0.5794724279610447,0.8761376369947251,0.1316011286297873,0.03141543228441969,0.16301656091420696,GSE256398_human,mash_cirrhosis_vs_healthy
endothelial,RAM2019_ENDO_6_SAENDO1,singscore,cluster_38,0.19008827844688356,0.2686250364901823,0.4987367180785967,0.6241806508331283,0.04409514485241891,0.028771401116286795,0.0728665459687057,GSE256398_human,mash_cirrhosis_vs_healthy
endothelial,RAM2019_ENDO_6_SAENDO1,singscore,cluster_5,0.4117028910827149,0.12588340321213123,0.489285258775406,0.4940071925077664,-0.1405220724263836,0.0012692234285427313,-0.13925284899784085,GSE256398_human,mash_cirrhosis_vs_healthy
endothelial,RAM2019_ENDO_6_SAENDO1,standardized_mean,cluster_15,0.32575100556053077,0.07043471628705522,-0.32969231897299495,-0.4513080796339357,0.09970106184671342,-0.024091213962749033,0.07560984788396438,GSE256398_human,mash_cirrhosis_vs_healthy
endothelial,RAM2019_ENDO_6_SAENDO1,standardized_mean,cluster_3,0.056972192409061206,0.3387520047756526,-0.4732192558657389,0.478725466744533,0.0007757695341387435,0.18835378055958746,0.1891295500937262,GSE256398_human,mash_cirrhosis_vs_healthy
endothelial,RAM2019_ENDO_6_SAENDO1,standardized_mean,cluster_32,0.01548563250080956,0.1963048392349786,-0.3680850823239171,1.1653718741000036,0.07208238261429128,0.16238578609377405,0.23446816870806533,GSE256398_human,mash_cirrhosis_vs_healthy
endothelial,RAM2019_ENDO_6_SAENDO1,standardized_mean,cluster_38,0.19008827844688356,0.2686250364901823,-0.41721228891643786,-0.15767836583341793,-0.022575024126721514,0.059525833098016775,0.03695080897129526,GSE256398_human,mash_cirrhosis_vs_healthy
endothelial,RAM2019_ENDO_6_SAENDO1,standardized_mean,cluster_5,0.4117028910827149,0.12588340321213123,-0.4304851388014532,-0.4897521218215111,0.13151087127534222,-0.01593055888789425,0.11558031238744798,GSE256398_human,mash_cirrhosis_vs_healthy
endothelial,RAM2019_ENDO_7_SAENDO2,singscore,cluster_15,0.32575100556053077,0.07043471628705522,0.1879901002677716,0.026787546664581885,-0.02741811591682858,-0.031933075031476944,-0.05935119094830553,GSE256398_human,mash_cirrhosis_vs_healthy
endothelial,RAM2019_ENDO_7_SAENDO2,singscore,cluster_3,0.056972192409061206,0.3387520047756526,0.31156540533849336,0.5495519222875906,0.12132273950204926,0.047088511680233903,0.16841125118228317,GSE256398_human,mash_cirrhosis_vs_healthy
endothelial,RAM2019_ENDO_7_SAENDO2,singscore,cluster_32,0.01548563250080956,0.1963048392349786,0.1253100873678244,0.39402717784336344,0.04695307616148987,0.02845585967764144,0.07540893583913132,GSE256398_human,mash_cirrhosis_vs_healthy
endothelial,RAM2019_ENDO_7_SAENDO2,singscore,cluster_38,0.19008827844688356,0.2686250364901823,0.18987533308575855,0.28917210679592675,0.018811416438624814,0.022774376115573477,0.041585792554198295,GSE256398_human,mash_cirrhosis_vs_healthy
endothelial,RAM2019_ENDO_7_SAENDO2,singscore,cluster_5,0.4117028910827149,0.12588340321213123,0.4234929701802736,0.19310903387213424,-0.08811843450911737,-0.06192562329247625,-0.15004405780159363,GSE256398_human,mash_cirrhosis_vs_healthy
endothelial,RAM2019_ENDO_7_SAENDO2,standardized_mean,cluster_15,0.32575100556053077,0.07043471628705522,-0.07925352749878571,-0.6050559376632987,0.08735767667995004,-0.10415770371011404,-0.016800027030164005,GSE256398_human,mash_cirrhosis_vs_healthy
endothelial,RAM2019_ENDO_7_SAENDO2,standardized_mean,cluster_3,0.056972192409061206,0.3387520047756526,0.22694995289054812,0.8098749800812416,0.1460781675348973,0.11533876920195732,0.2614169367368546,GSE256398_human,mash_cirrhosis_vs_healthy
endothelial,RAM2019_ENDO_7_SAENDO2,standardized_mean,cluster_32,0.01548563250080956,0.1963048392349786,-0.3520033130477755,0.44685363428651503,0.008575379922434996,0.08459514486267054,0.09317052478510554,GSE256398_human,mash_cirrhosis_vs_healthy
endothelial,RAM2019_ENDO_7_SAENDO2,standardized_mean,cluster_38,0.19008827844688356,0.2686250364901823,-0.06809853134147936,0.12481690367857866,0.0022272385424242486,0.04424643935028848,0.04647367789271273,GSE256398_human,mash_cirrhosis_vs_healthy
endothelial,RAM2019_ENDO_7_SAENDO2,standardized_mean,cluster_5,0.4117028910827149,0.12588340321213123,0.4451496877615406,-0.1095585009598591,-0.047959250572768994,-0.14910175979487172,-0.19706101036764073,GSE256398_human,mash_cirrhosis_vs_healthy
macrophage_monocyte,RAM2019_MAC_SIG_A_SAM,singscore,cluster_24,0.5994175985918782,0.7295207708451069,0.36334611684613316,0.4658116073943087,0.05393802511097468,0.06808516096632661,0.12202318607730128,GSE256398_human,mash_cirrhosis_vs_healthy
macrophage_monocyte,RAM2019_MAC_SIG_A_SAM,singscore,cluster_36,0.3615507247481761,0.19447315555920264,0.3160430731399974,0.31794662177134636,-0.05296272855832311,0.0005292092481782217,-0.05243351931014489,GSE256398_human,mash_cirrhosis_vs_healthy
macrophage_monocyte,RAM2019_MAC_SIG_A_SAM,singscore,cluster_7,0.039031676659945704,0.07600607359569043,0.1710388546396294,0.3384410735678802,0.009418856548169595,0.009628787326653723,0.019047643874823317,GSE256398_human,mash_cirrhosis_vs_healthy
macrophage_monocyte,RAM2019_MAC_SIG_A_SAM,standardized_mean,cluster_24,0.5994175985918782,0.7295207708451069,-0.19263240141820523,0.19817600548310194,0.00036062023727947767,0.2596801435148444,0.26004076375212387,GSE256398_human,mash_cirrhosis_vs_healthy
macrophage_monocyte,RAM2019_MAC_SIG_A_SAM,standardized_mean,cluster_36,0.3615507247481761,0.19447315555920264,-0.3297157862817302,-0.4254185923666359,0.06308300819779744,-0.02660652279781693,0.03647648539998051,GSE256398_human,mash_cirrhosis_vs_healthy
macrophage_monocyte,RAM2019_MAC_SIG_A_SAM,standardized_mean,cluster_7,0.039031676659945704,0.07600607359569043,-1.076312550683662,-0.22225787960085622,-0.024006929269180303,0.04912426397834164,0.025117334709161335,GSE256398_human,mash_cirrhosis_vs_healthy
macrophage_monocyte,RAM2019_MAC_SIG_B_SAM,singscore,cluster_24,0.5994175985918782,0.7295207708451069,0.6134042274394017,0.595299913047008,0.07862812149644709,-0.0120297590242011,0.06659836247224599,GSE256398_human,mash_cirrhosis_vs_healthy
macrophage_monocyte,RAM2019_MAC_SIG_B_SAM,singscore,cluster_36,0.3615507247481761,0.19447315555920264,0.5793680347698024,0.446089123612117,-0.08566544466494164,-0.0370531286725193,-0.12271857333746095,GSE256398_human,mash_cirrhosis_vs_healthy
macrophage_monocyte,RAM2019_MAC_SIG_B_SAM,singscore,cluster_7,0.039031676659945704,0.07600607359569043,0.35536567614318976,0.40698658744757715,0.014093757599434256,0.002969176751301231,0.017062934350735488,GSE256398_human,mash_cirrhosis_vs_healthy
macrophage_monocyte,RAM2019_MAC_SIG_B_SAM,standardized_mean,cluster_24,0.5994175985918782,0.7295207708451069,0.020822131222268458,0.11535340440978502,0.008858434584506372,0.06281311802531021,0.07167155260981659,GSE256398_human,mash_cirrhosis_vs_healthy
macrophage_monocyte,RAM2019_MAC_SIG_B_SAM,standardized_mean,cluster_36,0.3615507247481761,0.19447315555920264,-0.0287300330900144,-0.5290383842622197,0.046595295670796066,-0.13909169538447813,-0.09249639971368206,GSE256398_human,mash_cirrhosis_vs_healthy
macrophage_monocyte,RAM2019_MAC_SIG_B_SAM,standardized_mean,cluster_7,0.039031676659945704,0.07600607359569043,-1.1499255496395875,-0.6562906024830116,-0.03339187648016723,0.02839332688422616,-0.004998549595941072,GSE256398_human,mash_cirrhosis_vs_healthy
macrophage_monocyte,RAM2019_MAC_SIG_C_KC,singscore,cluster_24,0.5994175985918782,0.7295207708451069,0.7969153895988469,0.7802952513530153,0.10260005384969274,-0.011043569710116385,0.09155648413957636,GSE256398_human,mash_cirrhosis_vs_healthy
macrophage_monocyte,RAM2019_MAC_SIG_C_KC,singscore,cluster_36,0.3615507247481761,0.19447315555920264,0.8152698895138243,0.6948784124008784,-0.12615595369938226,-0.033470268130138564,-0.15962622182952083,GSE256398_human,mash_cirrhosis_vs_healthy
macrophage_monocyte,RAM2019_MAC_SIG_C_KC,singscore,cluster_7,0.039031676659945704,0.07600607359569043,0.5899763916440385,0.6448598353478396,0.022828662403717545,0.003156833944983572,0.025985496348701117,GSE256398_human,mash_cirrhosis_vs_healthy
macrophage_monocyte,RAM2019_MAC_SIG_C_KC,standardized_mean,cluster_24,0.5994175985918782,0.7295207708451069,-0.12204900168861622,-0.058409002881921766,-0.011739079426557324,0.042286818122570104,0.03054773869601278,GSE256398_human,mash_cirrhosis_vs_healthy
macrophage_monocyte,RAM2019_MAC_SIG_C_KC,standardized_mean,cluster_36,0.3615507247481761,0.19447315555920264,0.275943211075618,-0.1669036374964373,-0.009109033449505862,-0.12311671156246416,-0.13222574501197001,GSE256398_human,mash_cirrhosis_vs_healthy
macrophage_monocyte,RAM2019_MAC_SIG_C_KC,standardized_mean,cluster_7,0.039031676659945704,0.07600607359569043,-0.944579049072127,-0.49352735158295646,-0.026586558446828102,0.02594398626406997,-0.0006425721827581325,GSE256398_human,mash_cirrhosis_vs_healthy
macrophage_monocyte,RAM2019_MAC_SIG_D_TMO,singscore,cluster_24,0.5994175985918782,0.7295207708451069,0.2902186317589764,0.2610896047742861,0.03586347523115541,-0.019355340812160116,0.016508134418995297,GSE256398_human,mash_cirrhosis_vs_healthy
macrophage_monocyte,RAM2019_MAC_SIG_D_TMO,singscore,cluster_36,0.3615507247481761,0.19447315555920264,0.23818837378295063,0.1459303101568425,-0.032088807996364106,-0.02564884326351684,-0.05773765125988095,GSE256398_human,mash_cirrhosis_vs_healthy
macrophage_monocyte,RAM2019_MAC_SIG_D_TMO,singscore,cluster_7,0.039031676659945704,0.07600607359569043,0.07001075690464635,0.1181864976187545,0.003479239995482802,0.0027710144143249273,0.00625025440980773,GSE256398_human,mash_cirrhosis_vs_healthy
macrophage_monocyte,RAM2019_MAC_SIG_D_TMO,standardized_mean,cluster_24,0.5994175985918782,0.7295207708451069,0.23982798359574561,0.0857231941679085,0.021177620478913094,-0.10239788379232989,-0.0812202633134168,GSE256398_human,mash_cirrhosis_vs_healthy
macrophage_monocyte,RAM2019_MAC_SIG_D_TMO,standardized_mean,cluster_36,0.3615507247481761,0.19447315555920264,0.017913621042571527,-0.42286073465372487,0.03382878969612129,-0.12254053379711974,-0.08871174410099844,GSE256398_human,mash_cirrhosis_vs_healthy
macrophage_monocyte,RAM2019_MAC_SIG_D_TMO,standardized_mean,cluster_7,0.039031676659945704,0.07600607359569043,-0.9978166824527128,-0.5624744898186358,-0.028845412569449655,0.025040393215989998,-0.003805019353459657,GSE256398_human,mash_cirrhosis_vs_healthy
macrophage_monocyte,RAM2019_MAC_SIG_E_TMO,singscore,cluster_24,0.5994175985918782,0.7295207708451069,0.598710360120989,0.6311901696010177,0.08000698023637977,0.02158183252500664,0.10158881276138641,GSE256398_human,mash_cirrhosis_vs_healthy
macrophage_monocyte,RAM2019_MAC_SIG_E_TMO,singscore,cluster_36,0.3615507247481761,0.19447315555920264,0.5713670730080797,0.4688438095271107,-0.08689795284894822,-0.028502691391232068,-0.11540064424018029,GSE256398_human,mash_cirrhosis_vs_healthy
macrophage_monocyte,RAM2019_MAC_SIG_E_TMO,singscore,cluster_7,0.039031676659945704,0.07600607359569043,0.3555392766731463,0.44693144209932734,0.014835435442602908,0.0052567745508094,0.02009220999341231,GSE256398_human,mash_cirrhosis_vs_healthy
macrophage_monocyte,RAM2019_MAC_SIG_E_TMO,standardized_mean,cluster_24,0.5994175985918782,0.7295207708451069,0.01711737640382996,0.23047744878952875,0.016106436095569807,0.1417711933496038,0.1578776294451736,GSE256398_human,mash_cirrhosis_vs_healthy
macrophage_monocyte,RAM2019_MAC_SIG_E_TMO,standardized_mean,cluster_36,0.3615507247481761,0.19447315555920264,-0.08605801542738634,-0.6509669481730789,0.06157016967497869,-0.15705142840278,-0.0954812587278013,GSE256398_human,mash_cirrhosis_vs_healthy
macrophage_monocyte,RAM2019_MAC_SIG_E_TMO,standardized_mean,cluster_7,0.039031676659945704,0.07600607359569043,-1.4180128024522538,-0.6491859353372199,-0.03821671333804925,0.04422205656450121,0.006005343226451965,GSE256398_human,mash_cirrhosis_vs_healthy
macrophage_monocyte,RAM2019_MAC_SIG_F_CDC1,singscore,cluster_24,0.5994175985918782,0.7295207708451069,0.4857262363839245,0.5059837368816282,0.06451230673850655,0.013460484840143666,0.07797279157865022,GSE256398_human,mash_cirrhosis_vs_healthy
macrophage_monocyte,RAM2019_MAC_SIG_F_CDC1,singscore,cluster_36,0.3615507247481761,0.19447315555920264,0.3973913354146266,0.3234226608706829,-0.06021592516836964,-0.02056417472055861,-0.08078009988892826,GSE256398_human,mash_cirrhosis_vs_healthy
macrophage_monocyte,RAM2019_MAC_SIG_F_CDC1,singscore,cluster_7,0.039031676659945704,0.07600607359569043,0.1934782598926218,0.30244427627123444,0.00916821835075182,0.0062676026892572,0.01543582104000902,GSE256398_human,mash_cirrhosis_vs_healthy
macrophage_monocyte,RAM2019_MAC_SIG_F_CDC1,standardized_mean,cluster_24,0.5994175985918782,0.7295207708451069,0.1309661572375158,0.25950708775544207,0.025400903926798,0.08541148730420285,0.11081239123100085,GSE256398_human,mash_cirrhosis_vs_healthy
macrophage_monocyte,RAM2019_MAC_SIG_F_CDC1,standardized_mean,cluster_36,0.3615507247481761,0.19447315555920264,-0.13014715867332097,-0.5222513330717229,0.05450057707165725,-0.1090096422668603,-0.05450906519520305,GSE256398_human,mash_cirrhosis_vs_healthy
macrophage_monocyte,RAM2019_MAC_SIG_F_CDC1,standardized_mean,cluster_7,0.039031676659945704,0.07600607359569043,-1.2870072130200574,-0.5840933645086851,-0.034591407730124465,0.040430813878139654,0.005839406148015189,GSE256398_human,mash_cirrhosis_vs_healthy
mesenchymal_hsc_myofibroblast,RAM2019_MES_HSC,singscore,cluster_1,0.2393819216173122,0.1390774806180367,0.3413804410197557,0.37598710276798647,-0.03597757523532638,0.006548608259298171,-0.02942896697602821,GSE256398_human,mash_cirrhosis_vs_healthy
mesenchymal_hsc_myofibroblast,RAM2019_MES_HSC,singscore,cluster_10,0.03801389635036575,0.03431258429697958,0.3716094670783579,0.46285385414104985,-0.001544304574469024,0.003299692697534338,0.0017553881230653139,GSE256398_human,mash_cirrhosis_vs_healthy
mesenchymal_hsc_myofibroblast,RAM2019_MES_HSC,singscore,cluster_22,0.56302197858543,0.4814046381712093,0.2921903890118498,0.2685534333415307,-0.022883209717093577,-0.012343532820589018,-0.0352267425376826,GSE256398_human,mash_cirrhosis_vs_healthy
mesenchymal_hsc_myofibroblast,RAM2019_MES_HSC,singscore,cluster_35,0.011679119076896614,0.039267841437741154,0.018249446675957043,-0.006504973085225574,0.0001620075105844807,-0.0006305812230678698,-0.0004685737124833891,GSE256398_human,mash_cirrhosis_vs_healthy
mesenchymal_hsc_myofibroblast,RAM2019_MES_HSC,singscore,cluster_37,0.1479030843699954,0.30593745547603324,-0.023918171799145665,0.2027556903571331,0.014131237387737956,0.051436893984994916,0.06556813137273287,GSE256398_human,mash_cirrhosis_vs_healthy
mesenchymal_hsc_myofibroblast,RAM2019_MES_HSC,standardized_mean,cluster_1,0.2393819216173122,0.1390774806180367,0.0001417473426602404,0.07146035350005561,-0.0035910043497011834,0.013495598527293063,0.00990459417759188,GSE256398_human,mash_cirrhosis_vs_healthy
mesenchymal_hsc_myofibroblast,RAM2019_MES_HSC,standardized_mean,cluster_10,0.03801389635036575,0.03431258429697958,0.13717637612148964,0.5381641006249747,-0.001249822923360625,0.014501015448062175,0.01325119252470155,GSE256398_human,mash_cirrhosis_vs_healthy
mesenchymal_hsc_myofibroblast,RAM2019_MES_HSC,standardized_mean,cluster_22,0.56302197858543,0.4814046381712093,-0.029797199151669562,-0.12201824315528093,0.00619538631745093,-0.048159056491228494,-0.04196367017377756,GSE256398_human,mash_cirrhosis_vs_healthy
mesenchymal_hsc_myofibroblast,RAM2019_MES_HSC,standardized_mean,cluster_35,0.011679119076896614,0.039267841437741154,-1.2531055449452861,-0.9469777725474509,-0.030348743908516457,0.0077981397663932665,-0.02255060414212319,GSE256398_human,mash_cirrhosis_vs_healthy
mesenchymal_hsc_myofibroblast,RAM2019_MES_HSC,standardized_mean,cluster_37,0.1479030843699954,0.30593745547603324,-0.8369833673077491,-0.3659623794282214,-0.09505338728005108,0.1068842097090273,0.01183082242897622,GSE256398_human,mash_cirrhosis_vs_healthy
mesenchymal_hsc_myofibroblast,RAM2019_MES_MESOTHELIAL,singscore,cluster_1,0.2393819216173122,0.1390774806180367,0.24421372587826737,0.3074314511811714,-0.027666230557446676,0.011962671264407771,-0.015703559293038905,GSE256398_human,mash_cirrhosis_vs_healthy
mesenchymal_hsc_myofibroblast,RAM2019_MES_MESOTHELIAL,singscore,cluster_10,0.03801389635036575,0.03431258429697958,0.1287618330732301,0.16507655469791804,-0.0005437937832024548,0.0013132580054008624,0.0007694642221984075,GSE256398_human,mash_cirrhosis_vs_healthy
mesenchymal_hsc_myofibroblast,RAM2019_MES_MESOTHELIAL,singscore,cluster_22,0.56302197858543,0.4814046381712093,0.41978370877959154,0.4305993621252973,-0.03470300229026734,0.005648078115934057,-0.029054924174333287,GSE256398_human,mash_cirrhosis_vs_healthy
mesenchymal_hsc_myofibroblast,RAM2019_MES_MESOTHELIAL,singscore,cluster_35,0.011679119076896614,0.039267841437741154,0.08496036805954366,0.24795782759213658,0.004592393834353763,0.0041521125673966396,0.008744506401750403,GSE256398_human,mash_cirrhosis_vs_healthy
mesenchymal_hsc_myofibroblast,RAM2019_MES_MESOTHELIAL,singscore,cluster_37,0.1479030843699954,0.30593745547603324,0.21957946558256083,0.38169354760212976,0.047510901250837484,0.03678697125020226,0.08429787250103975,GSE256398_human,mash_cirrhosis_vs_healthy
mesenchymal_hsc_myofibroblast,RAM2019_MES_MESOTHELIAL,standardized_mean,cluster_1,0.2393819216173122,0.1390774806180367,-0.27038868549034417,-0.06915361520824831,0.017028800333590114,0.038079652203875214,0.055108452537465324,GSE256398_human,mash_cirrhosis_vs_healthy
mesenchymal_hsc_myofibroblast,RAM2019_MES_MESOTHELIAL,standardized_mean,cluster_10,0.03801389635036575,0.03431258429697958,-0.8368635756509097,-0.5779432660403461,0.0026183208081825313,0.009363397381126548,0.01198171818930908,GSE256398_human,mash_cirrhosis_vs_healthy
mesenchymal_hsc_myofibroblast,RAM2019_MES_MESOTHELIAL,standardized_mean,cluster_22,0.56302197858543,0.4814046381712093,0.2913744292651565,0.26824564700655706,-0.0228373511338503,-0.012078157902024995,-0.0349155090358753,GSE256398_human,mash_cirrhosis_vs_healthy
mesenchymal_hsc_myofibroblast,RAM2019_MES_MESOTHELIAL,standardized_mean,cluster_35,0.011679119076896614,0.039267841437741154,-1.3040699020893067,-0.318712515764821,-0.022385246789118768,0.025100481926940126,0.0027152351378213584,GSE256398_human,mash_cirrhosis_vs_healthy
mesenchymal_hsc_myofibroblast,RAM2019_MES_MESOTHELIAL,standardized_mean,cluster_37,0.1479030843699954,0.30593745547603324,-0.32848179646463105,0.13777024299153173,-0.015069490207888376,0.1058020386455484,0.09073254843766002,GSE256398_human,mash_cirrhosis_vs_healthy
mesenchymal_hsc_myofibroblast,RAM2019_MES_SAMES,singscore,cluster_1,0.2393819216173122,0.1390774806180367,0.5620647679250265,0.6666348694944687,-0.061622015143687474,0.019787769065830414,-0.04183424607785706,GSE256398_human,mash_cirrhosis_vs_healthy
mesenchymal_hsc_myofibroblast,RAM2019_MES_SAMES,singscore,cluster_10,0.03801389635036575,0.03431258429697958,0.32093409227883846,0.40686439340733327,-0.001346904653753214,0.0031075181307953182,0.0017606134770421042,GSE256398_human,mash_cirrhosis_vs_healthy
mesenchymal_hsc_myofibroblast,RAM2019_MES_SAMES,singscore,cluster_22,0.56302197858543,0.4814046381712093,0.6482969765791303,0.6733636976454591,-0.053935214580138384,0.01309017533824408,-0.0408450392418943,GSE256398_human,mash_cirrhosis_vs_healthy
mesenchymal_hsc_myofibroblast,RAM2019_MES_SAMES,singscore,cluster_35,0.011679119076896614,0.039267841437741154,0.3286320717407799,0.5914551757250848,0.012692015809044702,0.006695019150511458,0.01938703495955616,GSE256398_human,mash_cirrhosis_vs_healthy
mesenchymal_hsc_myofibroblast,RAM2019_MES_SAMES,singscore,cluster_37,0.1479030843699954,0.30593745547603324,0.5150023364297155,0.674962151428468,0.0940276447385932,0.03629812439635237,0.13032576913494556,GSE256398_human,mash_cirrhosis_vs_healthy
mesenchymal_hsc_myofibroblast,RAM2019_MES_SAMES,standardized_mean,cluster_1,0.2393819216173122,0.1390774806180367,-0.09784558712413256,0.22164957747588038,-0.00620904502285588,0.06045797450580265,0.05424892948294677,GSE256398_human,mash_cirrhosis_vs_healthy
mesenchymal_hsc_myofibroblast,RAM2019_MES_SAMES,standardized_mean,cluster_10,0.03801389635036575,0.03431258429697958,-1.176414944460901,-0.8332385592364013,0.003719177368182285,0.012410370092282847,0.016129547460465132,GSE256398_human,mash_cirrhosis_vs_healthy
mesenchymal_hsc_myofibroblast,RAM2019_MES_SAMES,standardized_mean,cluster_22,0.56302197858543,0.4814046381712093,-0.028474054543006277,0.05085884786735748,-0.0009134936484277736,0.041428697430970426,0.040515203782542655,GSE256398_human,mash_cirrhosis_vs_healthy
mesenchymal_hsc_myofibroblast,RAM2019_MES_SAMES,standardized_mean,cluster_35,0.011679119076896614,0.039267841437741154,-1.2136772868440355,0.10220850504141615,-0.015332001816949282,0.03352019074048048,0.018188188923531197,GSE256398_human,mash_cirrhosis_vs_healthy
mesenchymal_hsc_myofibroblast,RAM2019_MES_SAMES,standardized_mean,cluster_37,0.1479030843699954,0.30593745547603324,-0.2546650622437843,0.19286897585272353,-0.004882952824812837,0.10155454472459614,0.0966715918997833,GSE256398_human,mash_cirrhosis_vs_healthy
mesenchymal_hsc_myofibroblast,RAM2019_MES_VSMC,singscore,cluster_1,0.2393819216173122,0.1390774806180367,0.3396623083123534,0.4661669388049279,-0.04041412608648296,0.023938433418111717,-0.016475692668371244,GSE256398_human,mash_cirrhosis_vs_healthy
mesenchymal_hsc_myofibroblast,RAM2019_MES_VSMC,singscore,cluster_10,0.03801389635036575,0.03431258429697958,0.2856950543738045,0.49602013326076316,-0.001446685923153428,0.007606036373884498,0.00615935045073107,GSE256398_human,mash_cirrhosis_vs_healthy
mesenchymal_hsc_myofibroblast,RAM2019_MES_VSMC,singscore,cluster_22,0.56302197858543,0.4814046381712093,0.4301105867168362,0.4630795985774252,-0.0364499037039013,0.017216856757682232,-0.019233046946219065,GSE256398_human,mash_cirrhosis_vs_healthy
mesenchymal_hsc_myofibroblast,RAM2019_MES_VSMC,singscore,cluster_35,0.011679119076896614,0.039267841437741154,0.19521198203638945,0.35801621148746543,0.007631429516660603,0.0041471903247299975,0.0117786198413906,GSE256398_human,mash_cirrhosis_vs_healthy
mesenchymal_hsc_myofibroblast,RAM2019_MES_VSMC,singscore,cluster_37,0.1479030843699954,0.30593745547603324,0.3186150854895216,0.5366063240458385,0.06757718880616992,0.04946663069405165,0.11704381950022157,GSE256398_human,mash_cirrhosis_vs_healthy
mesenchymal_hsc_myofibroblast,RAM2019_MES_VSMC,standardized_mean,cluster_1,0.2393819216173122,0.1390774806180367,-0.44301224055759086,-0.13617883981348827,0.02904771877419377,0.058061992715726166,0.08710971148991993,GSE256398_human,mash_cirrhosis_vs_healthy
mesenchymal_hsc_myofibroblast,RAM2019_MES_VSMC,standardized_mean,cluster_10,0.03801389635036575,0.03431258429697958,-0.7299742977522977,-0.00020469048410472201,0.001351310145144357,0.026390833688551878,0.027742143833696234,GSE256398_human,mash_cirrhosis_vs_healthy
mesenchymal_hsc_myofibroblast,RAM2019_MES_VSMC,standardized_mean,cluster_22,0.56302197858543,0.4814046381712093,-0.2203297387287412,-0.08309215166395088,0.012382243858653354,0.07166729437496186,0.08404953823361522,GSE256398_human,mash_cirrhosis_vs_healthy
mesenchymal_hsc_myofibroblast,RAM2019_MES_VSMC,standardized_mean,cluster_35,0.011679119076896614,0.039267841437741154,-1.1540460157997776,-0.45063887305288025,-0.02213560293759933,0.017918227963620175,-0.004217374973979154,GSE256398_human,mash_cirrhosis_vs_healthy
mesenchymal_hsc_myofibroblast,RAM2019_MES_VSMC,standardized_mean,cluster_37,0.1479030843699954,0.30593745547603324,-0.48661936655253424,0.08914003397914216,-0.03140769817544183,0.13065147857936094,0.0992437804039191,GSE256398_human,mash_cirrhosis_vs_healthy
mesenchymal_hsc_myofibroblast,RAM2019_SAMES_A,singscore,cluster_1,0.2393819216173122,0.1390774806180367,0.7388546653220359,0.7756710063271521,-0.07595682543691204,0.006966745204644523,-0.06899008023226752,GSE256398_human,mash_cirrhosis_vs_healthy
mesenchymal_hsc_myofibroblast,RAM2019_SAMES_A,singscore,cluster_10,0.03801389635036575,0.03431258429697958,0.47786350033218367,0.6122438316929866,-0.0020174137037547004,0.004859628217775482,0.0028422145140207817,GSE256398_human,mash_cirrhosis_vs_healthy
mesenchymal_hsc_myofibroblast,RAM2019_SAMES_A,singscore,cluster_22,0.56302197858543,0.4814046381712093,0.70638038091952,0.7736316183679566,-0.06039732158148867,0.035119491200483986,-0.02527783038100468,GSE256398_human,mash_cirrhosis_vs_healthy
mesenchymal_hsc_myofibroblast,RAM2019_SAMES_A,singscore,cluster_35,0.011679119076896614,0.039267841437741154,0.39206234159327535,0.678764837809748,0.014771376874498136,0.007303310377094357,0.022074687251592492,GSE256398_human,mash_cirrhosis_vs_healthy
mesenchymal_hsc_myofibroblast,RAM2019_SAMES_A,singscore,cluster_37,0.1479030843699954,0.30593745547603324,0.6667286150629512,0.7878971651946325,0.11494043518881841,0.027495600102061406,0.1424360352908798,GSE256398_human,mash_cirrhosis_vs_healthy
mesenchymal_hsc_myofibroblast,RAM2019_SAMES_A,standardized_mean,cluster_1,0.2393819216173122,0.1390774806180367,0.222750084068265,0.21257584024319673,-0.02183256174527704,-0.0019252691181160123,-0.023757830863393052,GSE256398_human,mash_cirrhosis_vs_healthy
mesenchymal_hsc_myofibroblast,RAM2019_SAMES_A,standardized_mean,cluster_10,0.03801389635036575,0.03431258429697958,-1.3733351941334284,-0.565791840479076,0.0035886571331291204,0.029203384369986932,0.03279204150311605,GSE256398_human,mash_cirrhosis_vs_healthy
mesenchymal_hsc_myofibroblast,RAM2019_SAMES_A,standardized_mean,cluster_22,0.56302197858543,0.4814046381712093,-0.1817717011102221,0.06312830592243067,0.004841679186470443,0.12789004289439534,0.13273172208086578,GSE256398_human,mash_cirrhosis_vs_healthy
mesenchymal_hsc_myofibroblast,RAM2019_SAMES_A,standardized_mean,cluster_35,0.011679119076896614,0.039267841437741154,-2.038959456468782,-0.18853400011917723,-0.030726849267201563,0.047136776329961945,0.01640992706276038,GSE256398_human,mash_cirrhosis_vs_healthy
mesenchymal_hsc_myofibroblast,RAM2019_SAMES_A,standardized_mean,cluster_37,0.1479030843699954,0.30593745547603324,-0.22702594342541313,0.179538670070517,-0.003752310690090759,0.09225775183564246,0.0885054411455517,GSE256398_human,mash_cirrhosis_vs_healthy
mesenchymal_hsc_myofibroblast,RAM2019_SAMES_B,singscore,cluster_1,0.2393819216173122,0.1390774806180367,0.41177553759825014,0.490821450868237,-0.045267243187880245,0.014957834542653226,-0.03030940864522702,GSE256398_human,mash_cirrhosis_vs_healthy
mesenchymal_hsc_myofibroblast,RAM2019_SAMES_B,singscore,cluster_10,0.03801389635036575,0.03431258429697958,0.26789118441839394,0.32880078089850645,-0.0011042715816930626,0.0022026883755282356,0.001098416793835173,GSE256398_human,mash_cirrhosis_vs_healthy
mesenchymal_hsc_myofibroblast,RAM2019_SAMES_B,singscore,cluster_22,0.56302197858543,0.4814046381712093,0.4972669789147508,0.5527985443265191,-0.04285177763380975,0.028999322493106588,-0.01385245514070316,GSE256398_human,mash_cirrhosis_vs_healthy
mesenchymal_hsc_myofibroblast,RAM2019_SAMES_B,singscore,cluster_35,0.011679119076896614,0.039267841437741154,0.2263858907651191,0.49675912741224626,0.009975323566561604,0.006887347305838,0.016862670872399604,GSE256398_human,mash_cirrhosis_vs_healthy
mesenchymal_hsc_myofibroblast,RAM2019_SAMES_B,singscore,cluster_37,0.1479030843699954,0.30593745547603324,0.40533607795008425,0.5525672107971418,0.07569082190878662,0.03340972840672547,0.1091005503155121,GSE256398_human,mash_cirrhosis_vs_healthy
mesenchymal_hsc_myofibroblast,RAM2019_SAMES_B,standardized_mean,cluster_1,0.2393819216173122,0.1390774806180367,-0.23982023968295607,-0.00727326587617521,0.012392287974830017,0.04400479434927681,0.056397082324106826,GSE256398_human,mash_cirrhosis_vs_healthy
mesenchymal_hsc_myofibroblast,RAM2019_SAMES_B,standardized_mean,cluster_10,0.03801389635036575,0.03431258429697958,-0.9768708024714782,-0.605258911051817,0.0029279778893420896,0.01343869013654376,0.01636666802588585,GSE256398_human,mash_cirrhosis_vs_healthy
mesenchymal_hsc_myofibroblast,RAM2019_SAMES_B,standardized_mean,cluster_22,0.56302197858543,0.4814046381712093,-0.08650730852406285,0.026861358467210092,0.002434071905059879,0.059202626655952655,0.06163669856101253,GSE256398_human,mash_cirrhosis_vs_healthy
mesenchymal_hsc_myofibroblast,RAM2019_SAMES_B,standardized_mean,cluster_35,0.011679119076896614,0.039267841437741154,-1.2220939859203088,0.07581671800453096,-0.0158121626465379,0.033062302692192264,0.017250140045654363,GSE256398_human,mash_cirrhosis_vs_healthy
mesenchymal_hsc_myofibroblast,RAM2019_SAMES_B,standardized_mean,cluster_37,0.1479030843699954,0.30593745547603324,-0.2078080865898857,0.1427625222387904,-0.005139717427731329,0.07955157718247866,0.07441185975474733,GSE256398_human,mash_cirrhosis_vs_healthy
