dataset_id,contrast,lineage,source_state,program_id,score_method,cell_gate,analysis_tier,n_control,n_case,mean_control,mean_case,mean_difference,pooled_sd,hedges_g,robust_se_g_hc3,robust_ci95_low,robust_ci95_high,effect_status
GSE202379,clinical_cirrhosis_vs_healthy,endothelial,cluster_11,RAM2019_ENDO_1,singscore,30,primary,3,3,0.8022779337404096,0.7179103876666417,-0.08436754607376784,0.0888746331952805,-0.7594297093830189,0.7999999999999996,-2.327429709383018,0.8085702906169803,ESTIMATED
GSE202379,clinical_cirrhosis_vs_healthy,endothelial,cluster_11,RAM2019_ENDO_1,singscore,20,sensitivity,3,3,0.8022779337404096,0.7179103876666417,-0.08436754607376784,0.0888746331952805,-0.7594297093830189,0.7999999999999996,-2.327429709383018,0.8085702906169803,ESTIMATED
GSE202379,clinical_cirrhosis_vs_healthy,endothelial,cluster_11,RAM2019_ENDO_1,standardized_mean,30,primary,3,3,0.15828448570535433,-0.5349592407488691,-0.6932437264542235,0.6356817110153148,-0.8724413044345357,0.7999999999999996,-2.4404413044345348,0.6955586955654635,ESTIMATED
GSE202379,clinical_cirrhosis_vs_healthy,endothelial,cluster_11,RAM2019_ENDO_1,standardized_mean,20,sensitivity,3,3,0.15828448570535433,-0.5349592407488691,-0.6932437264542235,0.6356817110153148,-0.8724413044345357,0.7999999999999996,-2.4404413044345348,0.6955586955654635,ESTIMATED
GSE202379,clinical_cirrhosis_vs_healthy,endothelial,cluster_11,RAM2019_ENDO_2,singscore,30,primary,3,3,0.2890367222420073,0.20164500822777298,-0.08739171401423435,0.0838970173158532,-0.8333236800085458,0.7999999999999994,-2.4013236800085447,0.7346763199914529,ESTIMATED
GSE202379,clinical_cirrhosis_vs_healthy,endothelial,cluster_11,RAM2019_ENDO_2,singscore,20,sensitivity,3,3,0.2890367222420073,0.20164500822777298,-0.08739171401423435,0.0838970173158532,-0.8333236800085458,0.7999999999999994,-2.4013236800085447,0.7346763199914529,ESTIMATED
GSE202379,clinical_cirrhosis_vs_healthy,endothelial,cluster_11,RAM2019_ENDO_2,standardized_mean,30,primary,3,3,-0.01227406807265724,-0.35939865239327773,-0.3471245843206205,0.4886304461889498,-0.5683224809718712,0.7999999999999994,-2.13632248097187,0.9996775190281275,ESTIMATED
GSE202379,clinical_cirrhosis_vs_healthy,endothelial,cluster_11,RAM2019_ENDO_2,standardized_mean,20,sensitivity,3,3,-0.01227406807265724,-0.35939865239327773,-0.3471245843206205,0.4886304461889498,-0.5683224809718712,0.7999999999999994,-2.13632248097187,0.9996775190281275,ESTIMATED
GSE202379,clinical_cirrhosis_vs_healthy,endothelial,cluster_11,RAM2019_ENDO_3,singscore,30,primary,3,3,0.49883621610079004,0.5045711630913424,0.005734946990552381,0.06600947481945527,0.0695045310539219,0.7999999999999998,-1.4984954689460777,1.6375045310539216,ESTIMATED
GSE202379,clinical_cirrhosis_vs_healthy,endothelial,cluster_11,RAM2019_ENDO_3,singscore,20,sensitivity,3,3,0.49883621610079004,0.5045711630913424,0.005734946990552381,0.06600947481945527,0.0695045310539219,0.7999999999999998,-1.4984954689460777,1.6375045310539216,ESTIMATED
GSE202379,clinical_cirrhosis_vs_healthy,endothelial,cluster_11,RAM2019_ENDO_3,standardized_mean,30,primary,3,3,-0.20261646691348179,-0.5370798581598669,-0.33446339124638513,0.3614840519319515,-0.740200602397468,0.7999999999999997,-2.3082006023974673,0.8277993976025314,ESTIMATED
GSE202379,clinical_cirrhosis_vs_healthy,endothelial,cluster_11,RAM2019_ENDO_3,standardized_mean,20,sensitivity,3,3,-0.20261646691348179,-0.5370798581598669,-0.33446339124638513,0.3614840519319515,-0.740200602397468,0.7999999999999997,-2.3082006023974673,0.8277993976025314,ESTIMATED
GSE202379,clinical_cirrhosis_vs_healthy,endothelial,cluster_11,RAM2019_ENDO_4,singscore,30,primary,3,3,0.5255782590207904,0.5194268108886054,-0.0061514481321849335,0.0814743509390924,-0.06040132199920005,0.7999999999999996,-1.6284013219991993,1.507598678000799,ESTIMATED
GSE202379,clinical_cirrhosis_vs_healthy,endothelial,cluster_11,RAM2019_ENDO_4,singscore,20,sensitivity,3,3,0.5255782590207904,0.5194268108886054,-0.0061514481321849335,0.0814743509390924,-0.06040132199920005,0.7999999999999996,-1.6284013219991993,1.507598678000799,ESTIMATED
GSE202379,clinical_cirrhosis_vs_healthy,endothelial,cluster_11,RAM2019_ENDO_4,standardized_mean,30,primary,3,3,-0.1530630784886621,-0.3842832753113297,-0.23122019682266762,0.45747803074789056,-0.4043388862974095,0.7999999999999996,-1.9723388862974087,1.1636611137025896,ESTIMATED
GSE202379,clinical_cirrhosis_vs_healthy,endothelial,cluster_11,RAM2019_ENDO_4,standardized_mean,20,sensitivity,3,3,-0.1530630784886621,-0.3842832753113297,-0.23122019682266762,0.45747803074789056,-0.4043388862974095,0.7999999999999996,-1.9723388862974087,1.1636611137025896,ESTIMATED
GSE202379,clinical_cirrhosis_vs_healthy,endothelial,cluster_11,RAM2019_ENDO_5,singscore,30,primary,3,3,0.46970002420954077,0.38894785514150115,-0.08075216906803961,0.11897687398135018,-0.542977245011145,0.7999999999999995,-2.110977245011144,1.025022754988854,ESTIMATED
GSE202379,clinical_cirrhosis_vs_healthy,endothelial,cluster_11,RAM2019_ENDO_5,singscore,20,sensitivity,3,3,0.46970002420954077,0.38894785514150115,-0.08075216906803961,0.11897687398135018,-0.542977245011145,0.7999999999999995,-2.110977245011144,1.025022754988854,ESTIMATED
GSE202379,clinical_cirrhosis_vs_healthy,endothelial,cluster_11,RAM2019_ENDO_5,standardized_mean,30,primary,3,3,0.03654581070536438,-0.22206354894286662,-0.258609359648231,0.47648714371218687,-0.4341932210526782,0.7999999999999995,-2.002193221052677,1.1338067789473207,ESTIMATED
GSE202379,clinical_cirrhosis_vs_healthy,endothelial,cluster_11,RAM2019_ENDO_5,standardized_mean,20,sensitivity,3,3,0.03654581070536438,-0.22206354894286662,-0.258609359648231,0.47648714371218687,-0.4341932210526782,0.7999999999999995,-2.002193221052677,1.1338067789473207,ESTIMATED
GSE202379,clinical_cirrhosis_vs_healthy,endothelial,cluster_11,RAM2019_ENDO_6_SAENDO1,singscore,30,primary,3,3,0.41912217065841645,0.4357461638306573,0.016623993172240836,0.07675803964711789,0.17326125835070136,0.7999999999999996,-1.3947387416492978,1.7412612583507006,ESTIMATED
GSE202379,clinical_cirrhosis_vs_healthy,endothelial,cluster_11,RAM2019_ENDO_6_SAENDO1,singscore,20,sensitivity,3,3,0.41912217065841645,0.4357461638306573,0.016623993172240836,0.07675803964711789,0.17326125835070136,0.7999999999999996,-1.3947387416492978,1.7412612583507006,ESTIMATED
GSE202379,clinical_cirrhosis_vs_healthy,endothelial,cluster_11,RAM2019_ENDO_6_SAENDO1,standardized_mean,30,primary,3,3,-0.022005165612665783,-0.19817200811478072,-0.17616684250211495,0.4237139797482186,-0.33261464274895564,0.7999999999999995,-1.9006146427489545,1.2353853572510434,ESTIMATED
GSE202379,clinical_cirrhosis_vs_healthy,endothelial,cluster_11,RAM2019_ENDO_6_SAENDO1,standardized_mean,20,sensitivity,3,3,-0.022005165612665783,-0.19817200811478072,-0.17616684250211495,0.4237139797482186,-0.33261464274895564,0.7999999999999995,-1.9006146427489545,1.2353853572510434,ESTIMATED
GSE202379,clinical_cirrhosis_vs_healthy,endothelial,cluster_6,RAM2019_ENDO_1,singscore,30,primary,4,3,0.828557371108686,0.8085838685582111,-0.01997350255047492,0.03251042967382053,-0.5173660203881258,0.8493417271468854,-2.182075805596021,1.1473437648197695,ESTIMATED
GSE202379,clinical_cirrhosis_vs_healthy,endothelial,cluster_6,RAM2019_ENDO_1,singscore,20,sensitivity,4,4,0.828557371108686,0.8188580342044102,-0.009699336904275824,0.033043763770159364,-0.25524350259805256,0.7099970268936756,-1.6468376753096567,1.1363506701135515,ESTIMATED
GSE202379,clinical_cirrhosis_vs_healthy,endothelial,cluster_6,RAM2019_ENDO_1,standardized_mean,30,primary,4,3,0.4418924866454597,0.22091378082221125,-0.22097870582324847,0.27386493949172974,-0.6794857770583561,0.8914604964768112,-2.426748350152906,1.0677767960361937,ESTIMATED
GSE202379,clinical_cirrhosis_vs_healthy,endothelial,cluster_6,RAM2019_ENDO_1,standardized_mean,20,sensitivity,4,4,0.4418924866454597,0.3004757153454741,-0.1414167712999856,0.2741566591431049,-0.44854320103915335,0.7099970268936755,-1.8401373737507574,0.9430509716724506,ESTIMATED
GSE202379,clinical_cirrhosis_vs_healthy,endothelial,cluster_6,RAM2019_ENDO_2,singscore,30,primary,4,3,0.2809269767143843,0.2786145453515938,-0.0023124313627905235,0.047990787626437735,-0.040576758949138925,0.7952176120190494,-1.5992032785064758,1.5180497606081977,ESTIMATED
GSE202379,clinical_cirrhosis_vs_healthy,endothelial,cluster_6,RAM2019_ENDO_2,singscore,20,sensitivity,4,4,0.2809269767143843,0.2738350859259634,-0.007091890788420929,0.04432775141647389,-0.13911965660538314,0.7099970268936754,-1.5307138293169869,1.2524745161062205,ESTIMATED
GSE202379,clinical_cirrhosis_vs_healthy,endothelial,cluster_6,RAM2019_ENDO_2,standardized_mean,30,primary,4,3,0.0061358298766433506,0.01139753265990188,0.005261702783258529,0.22196127836411084,0.019962525173809725,0.9056921868364096,-1.755194161025553,1.7951192113731727,ESTIMATED
GSE202379,clinical_cirrhosis_vs_healthy,endothelial,cluster_6,RAM2019_ENDO_2,standardized_mean,20,sensitivity,4,4,0.0061358298766433506,-0.0362159061332126,-0.04235173600985595,0.2135175715289101,-0.1724804018076943,0.7099970268936755,-1.564074574519298,1.2191137709039097,ESTIMATED
GSE202379,clinical_cirrhosis_vs_healthy,endothelial,cluster_6,RAM2019_ENDO_3,singscore,30,primary,4,3,0.5564676143151479,0.5645898621234944,0.008122247808346472,0.02038681737339464,0.3355005100995976,0.703033259774251,-1.0424446790579345,1.7134456992571296,ESTIMATED
GSE202379,clinical_cirrhosis_vs_healthy,endothelial,cluster_6,RAM2019_ENDO_3,singscore,20,sensitivity,4,4,0.5564676143151479,0.5653842824246411,0.008916668109493209,0.01864441317776461,0.4158685161667931,0.7099970268936753,-0.9757256565448104,1.8074626888783967,ESTIMATED
GSE202379,clinical_cirrhosis_vs_healthy,endothelial,cluster_6,RAM2019_ENDO_3,standardized_mean,30,primary,4,3,0.1328457392901386,-0.038750033022289174,-0.17159577231242779,0.10259767448153484,-1.408430588024157,0.8813659938627182,-3.1359079359950846,0.31904675994677056,ESTIMATED
GSE202379,clinical_cirrhosis_vs_healthy,endothelial,cluster_6,RAM2019_ENDO_3,standardized_mean,20,sensitivity,4,4,0.1328457392901386,-0.04041133524768478,-0.17325707453782338,0.0936878977831041,-1.6080873757446383,0.7099970268936756,-2.9996815484562425,-0.2164932030330342,ESTIMATED
GSE202379,clinical_cirrhosis_vs_healthy,endothelial,cluster_6,RAM2019_ENDO_4,singscore,30,primary,4,3,0.558904956182396,0.6165009825308283,0.057596026348432305,0.04241239326203576,1.1435788738762527,0.9234661149759649,-0.6664147114766383,2.953572459229144,ESTIMATED
GSE202379,clinical_cirrhosis_vs_healthy,endothelial,cluster_6,RAM2019_ENDO_4,singscore,20,sensitivity,4,4,0.558904956182396,0.6017843124674481,0.04287935628505213,0.04395645580973775,0.8482575786137524,0.7099970268936756,-0.5433365940978517,2.2398517513253564,ESTIMATED
GSE202379,clinical_cirrhosis_vs_healthy,endothelial,cluster_6,RAM2019_ENDO_4,standardized_mean,30,primary,4,3,0.01725501463727144,0.19950809133970004,0.1822530767024286,0.21396475999042572,0.7172969750939463,0.9259266732689644,-1.0975193045132237,2.5321132547011165,ESTIMATED
GSE202379,clinical_cirrhosis_vs_healthy,endothelial,cluster_6,RAM2019_ENDO_4,standardized_mean,20,sensitivity,4,4,0.01725501463727144,0.14919854274398783,0.1319435281067164,0.20787704729304704,0.5519296343465527,0.7099970268936756,-0.8396645383650514,1.9435238070581569,ESTIMATED
GSE202379,clinical_cirrhosis_vs_healthy,endothelial,cluster_6,RAM2019_ENDO_5,singscore,30,primary,4,3,0.4986495615580976,0.4888315692410665,-0.009817992317031066,0.049540352341515846,-0.16688987084347118,0.8701801279291621,-1.8724429215846288,1.5386631798976864,ESTIMATED
GSE202379,clinical_cirrhosis_vs_healthy,endothelial,cluster_6,RAM2019_ENDO_5,singscore,20,sensitivity,4,4,0.4986495615580976,0.43519163809584843,-0.06345792346224916,0.08831585277643393,-0.6248119819477732,0.7099970268936755,-2.0164061546593772,0.7667821907638307,ESTIMATED
GSE202379,clinical_cirrhosis_vs_healthy,endothelial,cluster_6,RAM2019_ENDO_5,standardized_mean,30,primary,4,3,0.0673124293777291,0.2308259478640455,0.1635135184863164,0.17151115537417577,0.8028375426332496,0.8234835412519318,-0.8111901982205366,2.4168652834870357,ESTIMATED
GSE202379,clinical_cirrhosis_vs_healthy,endothelial,cluster_6,RAM2019_ENDO_5,standardized_mean,20,sensitivity,4,4,0.0673124293777291,0.02141717336556493,-0.045895256012164175,0.33498875606314243,-0.1191350979670632,0.7099970268936754,-1.5107292706786668,1.2724590747445406,ESTIMATED
GSE202379,clinical_cirrhosis_vs_healthy,endothelial,cluster_6,RAM2019_ENDO_6_SAENDO1,singscore,30,primary,4,3,0.39729356697071533,0.43013726640706956,0.032843699436354234,0.08005666546680708,0.3454784432458946,0.8241240733418694,-1.2698047405041695,1.9607616269959587,ESTIMATED
GSE202379,clinical_cirrhosis_vs_healthy,endothelial,cluster_6,RAM2019_ENDO_6_SAENDO1,singscore,20,sensitivity,4,4,0.39729356697071533,0.43613378140502485,0.03884021443430952,0.0735717866370093,0.45906319598749046,0.7099970268936755,-0.9325309767241134,1.8506573686990944,ESTIMATED
GSE202379,clinical_cirrhosis_vs_healthy,endothelial,cluster_6,RAM2019_ENDO_6_SAENDO1,standardized_mean,30,primary,4,3,0.022609515382946727,0.04806181281239014,0.02545229742944341,0.3218069899483441,0.06660362979758432,0.8136985317879933,-1.5282454925068827,1.6614527521020512,ESTIMATED
GSE202379,clinical_cirrhosis_vs_healthy,endothelial,cluster_6,RAM2019_ENDO_6_SAENDO1,standardized_mean,20,sensitivity,4,4,0.022609515382946727,-0.00878283250727109,-0.03139234789021782,0.30456921991458835,-0.08962722439659503,0.7099970268936754,-1.4812213971081987,1.3019669483150087,ESTIMATED
GSE202379,clinical_cirrhosis_vs_healthy,mesenchymal_hsc_myofibroblast,cluster_12,RAM2019_MES_HSC,singscore,20,sensitivity,3,3,0.2662544395738009,0.0381456713488838,-0.2281087682249171,0.12283577188772687,-1.4856178438535694,0.7999999999999996,-3.0536178438535684,0.08238215614642974,ESTIMATED
GSE202379,clinical_cirrhosis_vs_healthy,mesenchymal_hsc_myofibroblast,cluster_12,RAM2019_MES_HSC,standardized_mean,20,sensitivity,3,3,0.2682687653594679,-0.5930760424241387,-0.8613448077836066,0.36629945172428935,-1.881181757120257,0.7999999999999997,-3.4491817571202565,-0.31318175712025753,ESTIMATED
GSE202379,clinical_cirrhosis_vs_healthy,mesenchymal_hsc_myofibroblast,cluster_12,RAM2019_MES_MESOTHELIAL,singscore,20,sensitivity,3,3,0.2489761158683982,0.2855966339576188,0.036620518089220594,0.04680090324258497,0.6259796807664847,0.8000000000000002,-0.9420203192335156,2.193979680766485,ESTIMATED
GSE202379,clinical_cirrhosis_vs_healthy,mesenchymal_hsc_myofibroblast,cluster_12,RAM2019_MES_MESOTHELIAL,standardized_mean,20,sensitivity,3,3,-0.17899023411515713,0.08009457042867689,0.25908480454383404,0.2612971903011004,0.793226453741146,0.7999999999999999,-0.7747735462588539,2.361226453741146,ESTIMATED
GSE202379,clinical_cirrhosis_vs_healthy,mesenchymal_hsc_myofibroblast,cluster_12,RAM2019_MES_SAMES,singscore,20,sensitivity,3,3,0.5047277934718064,0.5127119020274804,0.007984108555673997,0.047307098979596784,0.1350175128534935,0.8000000000000003,-1.4329824871465071,1.703017512853494,ESTIMATED
GSE202379,clinical_cirrhosis_vs_healthy,mesenchymal_hsc_myofibroblast,cluster_12,RAM2019_MES_SAMES,standardized_mean,20,sensitivity,3,3,-0.18918529884333682,0.019657112098650186,0.208842410941987,0.22264719867552046,0.7503976234485585,0.8000000000000004,-0.8176023765514422,2.3183976234485595,ESTIMATED
GSE202379,clinical_cirrhosis_vs_healthy,mesenchymal_hsc_myofibroblast,cluster_12,RAM2019_MES_VSMC,singscore,20,sensitivity,3,3,0.41516994824182274,0.2587899161294391,-0.15638003211238366,0.1326289135385034,-0.9432635942809566,0.7999999999999994,-2.5112635942809556,0.6247364057190421,ESTIMATED
GSE202379,clinical_cirrhosis_vs_healthy,mesenchymal_hsc_myofibroblast,cluster_12,RAM2019_MES_VSMC,standardized_mean,20,sensitivity,3,3,0.30147586946102345,-0.23914104274345607,-0.5406169122044795,0.586517758871821,-0.7373920452050656,0.7999999999999995,-2.3053920452050645,0.8306079547949333,ESTIMATED
GSE202379,clinical_cirrhosis_vs_healthy,mesenchymal_hsc_myofibroblast,cluster_12,RAM2019_SAMES_A,singscore,20,sensitivity,3,3,0.6447359703173657,0.6097736731986203,-0.03496229711874543,0.06943289970874199,-0.4028326313941169,0.8000000000000002,-1.9708326313941171,1.1651673686058834,ESTIMATED
GSE202379,clinical_cirrhosis_vs_healthy,mesenchymal_hsc_myofibroblast,cluster_12,RAM2019_SAMES_A,standardized_mean,20,sensitivity,3,3,-0.10826635055983384,-0.200086711875605,-0.09182036131577116,0.3724763527382205,-0.19721061085518798,0.8000000000000002,-1.7652106108551884,1.3707893891448122,ESTIMATED
GSE202379,clinical_cirrhosis_vs_healthy,mesenchymal_hsc_myofibroblast,cluster_12,RAM2019_SAMES_B,singscore,20,sensitivity,3,3,0.3397035122500652,0.2608404263599609,-0.07886308589010427,0.04950532137499272,-1.2744179203319572,0.8000000000000002,-2.8424179203319575,0.29358207966804306,ESTIMATED
GSE202379,clinical_cirrhosis_vs_healthy,mesenchymal_hsc_myofibroblast,cluster_12,RAM2019_SAMES_B,standardized_mean,20,sensitivity,3,3,-0.013610346056516084,-0.14691241228244964,-0.13330206622593355,0.28712167104179076,-0.3714162452238761,0.7999999999999999,-1.939416245223876,1.1965837547761238,ESTIMATED
GSE244832,mash_f2f4_group_vs_normal_sensitivity,endothelial,cluster_13,RAM2019_ENDO_1,singscore,30,primary,3,6,0.6127697811480478,0.6222228744143208,0.009453093266272972,0.09461692669420807,0.08880810087160429,0.49722446816820104,-0.8857518567380698,1.0633680584812784,ESTIMATED
GSE244832,mash_f2f4_group_vs_normal_sensitivity,endothelial,cluster_13,RAM2019_ENDO_1,singscore,20,sensitivity,3,7,0.6127697811480478,0.6251968126332644,0.012427031485216622,0.08876795640718553,0.12644670429886995,0.46213042500590984,-0.7793289287127133,1.0322223373104533,ESTIMATED
GSE244832,mash_f2f4_group_vs_normal_sensitivity,endothelial,cluster_13,RAM2019_ENDO_1,standardized_mean,30,primary,3,6,-0.31052885764266575,-0.2723278855354108,0.03820097210725493,0.36884179251192584,0.09206228887361062,0.5294324882798636,-0.9456253881549219,1.1297499659021433,ESTIMATED
GSE244832,mash_f2f4_group_vs_normal_sensitivity,endothelial,cluster_13,RAM2019_ENDO_1,standardized_mean,20,sensitivity,3,7,-0.31052885764266575,-0.22957965013735662,0.08094920750530912,0.3586539355299665,0.20386061879555983,0.4995450316361699,-0.7752476432113332,1.182968880802453,ESTIMATED
GSE244832,mash_f2f4_group_vs_normal_sensitivity,endothelial,cluster_13,RAM2019_ENDO_2,singscore,30,primary,3,6,0.26742601804665544,0.3526926259679218,0.08526660792126634,0.05100018767508188,1.4861227738479545,0.7435649025178472,0.02873556491297391,2.943509982782935,ESTIMATED
GSE244832,mash_f2f4_group_vs_normal_sensitivity,endothelial,cluster_13,RAM2019_ENDO_2,singscore,20,sensitivity,3,7,0.26742601804665544,0.34119272247006666,0.07376670442341121,0.05449947336852693,1.2225437600391669,0.7061317584784176,-0.16147448657853158,2.6065620066568655,ESTIMATED
GSE244832,mash_f2f4_group_vs_normal_sensitivity,endothelial,cluster_13,RAM2019_ENDO_2,standardized_mean,30,primary,3,6,-0.306788334013151,-0.07293226061916804,0.23385607339398296,0.1555214595508129,1.3366133898144055,0.6363556200003377,0.08935637461374357,2.5838704050150674,ESTIMATED
GSE244832,mash_f2f4_group_vs_normal_sensitivity,endothelial,cluster_13,RAM2019_ENDO_2,standardized_mean,20,sensitivity,3,7,-0.306788334013151,-0.098522449451535,0.208265884561616,0.15684885111696958,1.1993146280634264,0.6153353031740518,-0.00674256615771518,2.405371822284568,ESTIMATED
GSE244832,mash_f2f4_group_vs_normal_sensitivity,endothelial,cluster_13,RAM2019_ENDO_3,singscore,30,primary,3,6,0.5582273093085413,0.6070266187152588,0.048799309406717506,0.06869921295479682,0.6314069994604425,0.5248060249211821,-0.3972128093850744,1.6600268083059595,ESTIMATED
GSE244832,mash_f2f4_group_vs_normal_sensitivity,endothelial,cluster_13,RAM2019_ENDO_3,singscore,20,sensitivity,3,7,0.5582273093085413,0.5952369879857585,0.03700967867721727,0.06970910944709335,0.4795369950195007,0.4886662996482825,-0.478248952291133,1.4373229423301344,ESTIMATED
GSE244832,mash_f2f4_group_vs_normal_sensitivity,endothelial,cluster_13,RAM2019_ENDO_3,standardized_mean,30,primary,3,6,0.054207269550010435,0.14518984808826166,0.09098257853825123,0.3288517434398962,0.24592663642026066,0.5217312718193969,-0.7766666563457573,1.2685199291862785,ESTIMATED
GSE244832,mash_f2f4_group_vs_normal_sensitivity,endothelial,cluster_13,RAM2019_ENDO_3,standardized_mean,20,sensitivity,3,7,0.054207269550010435,0.1296883752373113,0.07548110568730088,0.30965640270452643,0.22016816691281413,0.4940649503602234,-0.7481991357932237,1.188535469618852,ESTIMATED
GSE244832,mash_f2f4_group_vs_normal_sensitivity,endothelial,cluster_13,RAM2019_ENDO_4,singscore,30,primary,3,6,0.6568802523711256,0.6730998831805762,0.016219630809450658,0.08223747760440084,0.1753148324630649,0.4790735075941575,-0.7636692424214838,1.1142989073476137,ESTIMATED
GSE244832,mash_f2f4_group_vs_normal_sensitivity,endothelial,cluster_13,RAM2019_ENDO_4,singscore,20,sensitivity,3,7,0.6568802523711256,0.6660489352572393,0.009168682886113722,0.07860429811489308,0.10535544738030173,0.4372543194847166,-0.7516630188097428,0.9623739135703462,ESTIMATED
GSE244832,mash_f2f4_group_vs_normal_sensitivity,endothelial,cluster_13,RAM2019_ENDO_4,standardized_mean,30,primary,3,6,0.5303573563922342,0.5808640739808256,0.05050671758859138,0.3489946739333771,0.1286405307357736,0.5175417154863857,-0.8857412316175424,1.1430222930890896,ESTIMATED
GSE244832,mash_f2f4_group_vs_normal_sensitivity,endothelial,cluster_13,RAM2019_ENDO_4,standardized_mean,20,sensitivity,3,7,0.5303573563922342,0.5656390667891571,0.03528171039692285,0.3283132293413709,0.09706386608356288,0.4887160758666697,-0.8608196426151097,1.0549473747822353,ESTIMATED
GSE244832,mash_f2f4_group_vs_normal_sensitivity,endothelial,cluster_13,RAM2019_ENDO_5,singscore,30,primary,3,6,0.4917652372651083,0.5376099008462648,0.04584466358115652,0.06068973845059106,0.6714613229931007,0.8757068777700139,-1.0449241574361263,2.387846803422328,ESTIMATED
GSE244832,mash_f2f4_group_vs_normal_sensitivity,endothelial,cluster_13,RAM2019_ENDO_5,singscore,20,sensitivity,3,7,0.4917652372651083,0.512965588784129,0.02120035151902072,0.08007112415462052,0.2391461940867504,0.7237246483057573,-1.179354116592534,1.6576465047660347,ESTIMATED
GSE244832,mash_f2f4_group_vs_normal_sensitivity,endothelial,cluster_13,RAM2019_ENDO_5,standardized_mean,30,primary,3,6,-0.049318643670280306,0.08947809129420885,0.13879673496448916,0.28856548096996926,0.42754550928712737,0.9918631755823217,-1.516506314854223,2.3715973334284777,ESTIMATED
GSE244832,mash_f2f4_group_vs_normal_sensitivity,endothelial,cluster_13,RAM2019_ENDO_5,standardized_mean,20,sensitivity,3,7,-0.049318643670280306,-0.012888489138693709,0.0364301545315866,0.3575969733533996,0.09201603525159245,0.8507894980981839,-1.575531381020848,1.7595634515240328,ESTIMATED
GSE244832,mash_f2f4_group_vs_normal_sensitivity,endothelial,cluster_13,RAM2019_ENDO_6_SAENDO1,singscore,30,primary,3,6,0.40766044660225925,0.4839415469242967,0.07628110032203744,0.08749982862651907,0.7749206321065587,0.6012383313270302,-0.40350649729442045,1.9533477615075379,ESTIMATED
GSE244832,mash_f2f4_group_vs_normal_sensitivity,endothelial,cluster_13,RAM2019_ENDO_6_SAENDO1,singscore,20,sensitivity,3,7,0.40766044660225925,0.48726766710803776,0.07960722050577851,0.08220263776007468,0.8747078913765243,0.5957525253627295,-0.2929670583344255,2.0423828410874743,ESTIMATED
GSE244832,mash_f2f4_group_vs_normal_sensitivity,endothelial,cluster_13,RAM2019_ENDO_6_SAENDO1,standardized_mean,30,primary,3,6,-0.21941439754075054,-0.14440355943128969,0.07501083810946085,0.447559587514333,0.14897748233269092,0.8366274115197799,-1.4908122442460776,1.7887672089114597,ESTIMATED
GSE244832,mash_f2f4_group_vs_normal_sensitivity,endothelial,cluster_13,RAM2019_ENDO_6_SAENDO1,standardized_mean,20,sensitivity,3,7,-0.21941439754075054,-0.1373689553030476,0.08204544223770294,0.41896382423667033,0.17687818480711268,0.8821415942396751,-1.5521193399026505,1.9058757095168757,ESTIMATED
GSE244832,mash_f2f4_group_vs_normal_sensitivity,endothelial,cluster_13,RAM2019_ENDO_7_SAENDO2,singscore,30,primary,3,6,0.2551618971070067,0.3520576924150327,0.096895795308026,0.06269988438157081,1.373680297481892,0.5656434006474802,0.26501923221283086,2.482341362750953,ESTIMATED
GSE244832,mash_f2f4_group_vs_normal_sensitivity,endothelial,cluster_13,RAM2019_ENDO_7_SAENDO2,singscore,20,sensitivity,3,7,0.2551618971070067,0.33103348300253815,0.07587158589553145,0.07589767661949068,0.902915311898438,0.5048790786613061,-0.0866476822777219,1.8924783060745978,ESTIMATED
GSE244832,mash_f2f4_group_vs_normal_sensitivity,endothelial,cluster_13,RAM2019_ENDO_7_SAENDO2,standardized_mean,30,primary,3,6,-0.2949416801488796,0.03368288270326544,0.32862456285214503,0.24916973286875946,1.17233629932532,0.668888892047137,-0.13868592908706856,2.4833585277377086,ESTIMATED
GSE244832,mash_f2f4_group_vs_normal_sensitivity,endothelial,cluster_13,RAM2019_ENDO_7_SAENDO2,standardized_mean,20,sensitivity,3,7,-0.2949416801488796,-0.0475826817682373,0.24735899838064232,0.2983225505090601,0.7489243787107993,0.5947196339439424,-0.41672610381932795,1.9145748612409266,ESTIMATED
GSE244832,mash_f2f4_group_vs_normal_sensitivity,endothelial,cluster_2,RAM2019_ENDO_1,singscore,30,primary,5,9,0.7975757534597443,0.7759800452933937,-0.02159570816635059,0.048632622690622455,-0.41571393008221075,0.4312598378270467,-1.2609832122232223,0.42955535205880074,ESTIMATED
GSE244832,mash_f2f4_group_vs_normal_sensitivity,endothelial,cluster_2,RAM2019_ENDO_1,singscore,20,sensitivity,5,9,0.7975757534597443,0.7759800452933937,-0.02159570816635059,0.048632622690622455,-0.41571393008221075,0.4312598378270467,-1.2609832122232223,0.42955535205880074,ESTIMATED
GSE244832,mash_f2f4_group_vs_normal_sensitivity,endothelial,cluster_2,RAM2019_ENDO_1,standardized_mean,30,primary,5,9,0.610657109933546,0.4336683828549568,-0.17698872707858926,0.33138437528044173,-0.49999814911647095,0.42308075894798364,-1.3292364366545188,0.329240138421577,ESTIMATED
GSE244832,mash_f2f4_group_vs_normal_sensitivity,endothelial,cluster_2,RAM2019_ENDO_1,standardized_mean,20,sensitivity,5,9,0.610657109933546,0.4336683828549568,-0.17698872707858926,0.33138437528044173,-0.49999814911647095,0.42308075894798364,-1.3292364366545188,0.329240138421577,ESTIMATED
GSE244832,mash_f2f4_group_vs_normal_sensitivity,endothelial,cluster_2,RAM2019_ENDO_2,singscore,30,primary,5,9,0.26204473385165167,0.35909767293427,0.0970529390826183,0.06440081242398864,1.4108218081530381,0.4611902671323376,0.5068888845736566,2.3147547317324197,ESTIMATED
GSE244832,mash_f2f4_group_vs_normal_sensitivity,endothelial,cluster_2,RAM2019_ENDO_2,singscore,20,sensitivity,5,9,0.26204473385165167,0.35909767293427,0.0970529390826183,0.06440081242398864,1.4108218081530381,0.4611902671323376,0.5068888845736566,2.3147547317324197,ESTIMATED
GSE244832,mash_f2f4_group_vs_normal_sensitivity,endothelial,cluster_2,RAM2019_ENDO_2,standardized_mean,30,primary,5,9,-0.18919789330599274,0.008797874132351419,0.19799576743834416,0.14711292169261023,1.2599691284550472,0.559992455604256,0.1623839154707054,2.357554341439389,ESTIMATED
GSE244832,mash_f2f4_group_vs_normal_sensitivity,endothelial,cluster_2,RAM2019_ENDO_2,standardized_mean,20,sensitivity,5,9,-0.18919789330599274,0.008797874132351419,0.19799576743834416,0.14711292169261023,1.2599691284550472,0.559992455604256,0.1623839154707054,2.357554341439389,ESTIMATED
GSE244832,mash_f2f4_group_vs_normal_sensitivity,endothelial,cluster_2,RAM2019_ENDO_3,singscore,30,primary,5,9,0.5442731525079542,0.5715521684706576,0.027279015962703435,0.03181157411612392,0.8027833544051507,0.44128770119803035,-0.06214053994298874,1.66770724875329,ESTIMATED
GSE244832,mash_f2f4_group_vs_normal_sensitivity,endothelial,cluster_2,RAM2019_ENDO_3,singscore,20,sensitivity,5,9,0.5442731525079542,0.5715521684706576,0.027279015962703435,0.03181157411612392,0.8027833544051507,0.44128770119803035,-0.06214053994298874,1.66770724875329,ESTIMATED
GSE244832,mash_f2f4_group_vs_normal_sensitivity,endothelial,cluster_2,RAM2019_ENDO_3,standardized_mean,30,primary,5,9,-0.06536169658453157,-0.03809304899086999,0.027268647593661585,0.1721956031045438,0.1482505659804763,0.49337670224994284,-0.8187677704294116,1.1152689023903644,ESTIMATED
GSE244832,mash_f2f4_group_vs_normal_sensitivity,endothelial,cluster_2,RAM2019_ENDO_3,standardized_mean,20,sensitivity,5,9,-0.06536169658453157,-0.03809304899086999,0.027268647593661585,0.1721956031045438,0.1482505659804763,0.49337670224994284,-0.8187677704294116,1.1152689023903644,ESTIMATED
GSE244832,mash_f2f4_group_vs_normal_sensitivity,endothelial,cluster_2,RAM2019_ENDO_4,singscore,30,primary,5,9,0.5231631818111643,0.547747009039639,0.02458382722847474,0.04669636007751048,0.4928574032083255,0.44043710615297094,-0.3703993248514975,1.3561141312681486,ESTIMATED
GSE244832,mash_f2f4_group_vs_normal_sensitivity,endothelial,cluster_2,RAM2019_ENDO_4,singscore,20,sensitivity,5,9,0.5231631818111643,0.547747009039639,0.02458382722847474,0.04669636007751048,0.4928574032083255,0.44043710615297094,-0.3703993248514975,1.3561141312681486,ESTIMATED
GSE244832,mash_f2f4_group_vs_normal_sensitivity,endothelial,cluster_2,RAM2019_ENDO_4,standardized_mean,30,primary,5,9,0.019543733829549048,0.03499839104515921,0.015454657215610165,0.2005963979320657,0.07212587007002254,0.45273247371279557,-0.8152297784070567,0.9594815185471018,ESTIMATED
GSE244832,mash_f2f4_group_vs_normal_sensitivity,endothelial,cluster_2,RAM2019_ENDO_4,standardized_mean,20,sensitivity,5,9,0.019543733829549048,0.03499839104515921,0.015454657215610165,0.2005963979320657,0.07212587007002254,0.45273247371279557,-0.8152297784070567,0.9594815185471018,ESTIMATED
GSE244832,mash_f2f4_group_vs_normal_sensitivity,endothelial,cluster_2,RAM2019_ENDO_5,singscore,30,primary,5,9,0.4807058411903359,0.5331857758244396,0.05247993463410372,0.05102938075681235,0.9627816533084935,0.575168361146039,-0.16454833453774287,2.09011164115473,ESTIMATED
GSE244832,mash_f2f4_group_vs_normal_sensitivity,endothelial,cluster_2,RAM2019_ENDO_5,singscore,20,sensitivity,5,9,0.4807058411903359,0.5331857758244396,0.05247993463410372,0.05102938075681235,0.9627816533084935,0.575168361146039,-0.16454833453774287,2.09011164115473,ESTIMATED
GSE244832,mash_f2f4_group_vs_normal_sensitivity,endothelial,cluster_2,RAM2019_ENDO_5,standardized_mean,30,primary,5,9,-0.2175919333383328,-0.07649430587518599,0.1410976274631468,0.24603634502326777,0.5368775735570857,0.5682953673301865,-0.5769813464100799,1.6507364935242512,ESTIMATED
GSE244832,mash_f2f4_group_vs_normal_sensitivity,endothelial,cluster_2,RAM2019_ENDO_5,standardized_mean,20,sensitivity,5,9,-0.2175919333383328,-0.07649430587518599,0.1410976274631468,0.24603634502326777,0.5368775735570857,0.5682953673301865,-0.5769813464100799,1.6507364935242512,ESTIMATED
GSE244832,mash_f2f4_group_vs_normal_sensitivity,endothelial,cluster_2,RAM2019_ENDO_6_SAENDO1,singscore,30,primary,5,9,0.4436258643519199,0.5943727216255537,0.15074685727363374,0.10082643095352012,1.399679787462814,0.4759463260206979,0.46682498846224607,2.3325345864633817,ESTIMATED
GSE244832,mash_f2f4_group_vs_normal_sensitivity,endothelial,cluster_2,RAM2019_ENDO_6_SAENDO1,singscore,20,sensitivity,5,9,0.4436258643519199,0.5943727216255537,0.15074685727363374,0.10082643095352012,1.399679787462814,0.4759463260206979,0.46682498846224607,2.3325345864633817,ESTIMATED
GSE244832,mash_f2f4_group_vs_normal_sensitivity,endothelial,cluster_2,RAM2019_ENDO_6_SAENDO1,standardized_mean,30,primary,5,9,-0.263639931849733,0.12038525354242581,0.3840251853921588,0.3804368598940426,0.9450002810353165,0.511449676356088,-0.05744108462261577,1.9474416466932487,ESTIMATED
GSE244832,mash_f2f4_group_vs_normal_sensitivity,endothelial,cluster_2,RAM2019_ENDO_6_SAENDO1,standardized_mean,20,sensitivity,5,9,-0.263639931849733,0.12038525354242581,0.3840251853921588,0.3804368598940426,0.9450002810353165,0.511449676356088,-0.05744108462261577,1.9474416466932487,ESTIMATED
GSE244832,mash_f2f4_group_vs_normal_sensitivity,endothelial,cluster_2,RAM2019_ENDO_7_SAENDO2,singscore,30,primary,5,9,0.31782742510758727,0.3875540075650593,0.06972658245747204,0.07026836478059467,0.9289521641562564,0.5546825224166745,-0.1582255797804255,2.016129908092938,ESTIMATED
GSE244832,mash_f2f4_group_vs_normal_sensitivity,endothelial,cluster_2,RAM2019_ENDO_7_SAENDO2,singscore,20,sensitivity,5,9,0.31782742510758727,0.3875540075650593,0.06972658245747204,0.07026836478059467,0.9289521641562564,0.5546825224166745,-0.1582255797804255,2.016129908092938,ESTIMATED
GSE244832,mash_f2f4_group_vs_normal_sensitivity,endothelial,cluster_2,RAM2019_ENDO_7_SAENDO2,standardized_mean,30,primary,5,9,-0.006004236620273473,0.10657163594213936,0.11257587256241283,0.282927345709282,0.37249908913845153,0.6299635663406635,-0.862229500889249,1.6072276791661522,ESTIMATED
GSE244832,mash_f2f4_group_vs_normal_sensitivity,endothelial,cluster_2,RAM2019_ENDO_7_SAENDO2,standardized_mean,20,sensitivity,5,9,-0.006004236620273473,0.10657163594213936,0.11257587256241283,0.282927345709282,0.37249908913845153,0.6299635663406635,-0.862229500889249,1.6072276791661522,ESTIMATED
GSE244832,mash_f2f4_group_vs_normal_sensitivity,endothelial,cluster_8,RAM2019_ENDO_1,singscore,30,primary,5,9,0.6937859460256599,0.6630554628472572,-0.030730483178402657,0.09861928119845005,-0.29171742711888715,0.4436503541024896,-1.1612721211597667,0.5778372669219924,ESTIMATED
GSE244832,mash_f2f4_group_vs_normal_sensitivity,endothelial,cluster_8,RAM2019_ENDO_1,singscore,20,sensitivity,5,9,0.6937859460256599,0.6630554628472572,-0.030730483178402657,0.09861928119845005,-0.29171742711888715,0.4436503541024896,-1.1612721211597667,0.5778372669219924,ESTIMATED
GSE244832,mash_f2f4_group_vs_normal_sensitivity,endothelial,cluster_8,RAM2019_ENDO_1,standardized_mean,30,primary,5,9,0.05459230243335671,-0.1771919393024466,-0.2317842417358033,0.4478629938544936,-0.4844997373730345,0.4369210134169232,-1.340864923670204,0.3718654489241349,ESTIMATED
GSE244832,mash_f2f4_group_vs_normal_sensitivity,endothelial,cluster_8,RAM2019_ENDO_1,standardized_mean,20,sensitivity,5,9,0.05459230243335671,-0.1771919393024466,-0.2317842417358033,0.4478629938544936,-0.4844997373730345,0.4369210134169232,-1.340864923670204,0.3718654489241349,ESTIMATED
GSE244832,mash_f2f4_group_vs_normal_sensitivity,endothelial,cluster_8,RAM2019_ENDO_2,singscore,30,primary,5,9,0.28037227114342017,0.3961900553571209,0.1158177842137007,0.07512592922167234,1.4432455054165698,0.4862146939728912,0.4902647052297031,2.3962263056034363,ESTIMATED
GSE244832,mash_f2f4_group_vs_normal_sensitivity,endothelial,cluster_8,RAM2019_ENDO_2,singscore,20,sensitivity,5,9,0.28037227114342017,0.3961900553571209,0.1158177842137007,0.07512592922167234,1.4432455054165698,0.4862146939728912,0.4902647052297031,2.3962263056034363,ESTIMATED
GSE244832,mash_f2f4_group_vs_normal_sensitivity,endothelial,cluster_8,RAM2019_ENDO_2,standardized_mean,30,primary,5,9,-0.27698751540470906,0.03488899062459783,0.3118765060293069,0.23274131795301353,1.2544807152166393,0.5513588347986242,0.17381739901133586,2.335144031421943,ESTIMATED
GSE244832,mash_f2f4_group_vs_normal_sensitivity,endothelial,cluster_8,RAM2019_ENDO_2,standardized_mean,20,sensitivity,5,9,-0.27698751540470906,0.03488899062459783,0.3118765060293069,0.23274131795301353,1.2544807152166393,0.5513588347986242,0.17381739901133586,2.335144031421943,ESTIMATED
GSE244832,mash_f2f4_group_vs_normal_sensitivity,endothelial,cluster_8,RAM2019_ENDO_3,singscore,30,primary,5,9,0.6491020737175388,0.6420724085205036,-0.007029665197035184,0.051734333713998326,-0.12720687966260966,0.4887236515397338,-1.0851052366804879,0.8306914773552685,ESTIMATED
GSE244832,mash_f2f4_group_vs_normal_sensitivity,endothelial,cluster_8,RAM2019_ENDO_3,singscore,20,sensitivity,5,9,0.6491020737175388,0.6420724085205036,-0.007029665197035184,0.051734333713998326,-0.12720687966260966,0.4887236515397338,-1.0851052366804879,0.8306914773552685,ESTIMATED
GSE244832,mash_f2f4_group_vs_normal_sensitivity,endothelial,cluster_8,RAM2019_ENDO_3,standardized_mean,30,primary,5,9,0.34429705531066634,0.17065500951429685,-0.1736420457963695,0.33194854728456985,-0.4897099634508919,0.46666785662540294,-1.4043789624366818,0.4249590355348979,ESTIMATED
GSE244832,mash_f2f4_group_vs_normal_sensitivity,endothelial,cluster_8,RAM2019_ENDO_3,standardized_mean,20,sensitivity,5,9,0.34429705531066634,0.17065500951429685,-0.1736420457963695,0.33194854728456985,-0.4897099634508919,0.46666785662540294,-1.4043789624366818,0.4249590355348979,ESTIMATED
GSE244832,mash_f2f4_group_vs_normal_sensitivity,endothelial,cluster_8,RAM2019_ENDO_4,singscore,30,primary,5,9,0.4813080344660185,0.5322300768942082,0.05092204242818971,0.06093080479033698,0.7823907702928573,0.5499036421050146,-0.29542036823297135,1.860201908818686,ESTIMATED
GSE244832,mash_f2f4_group_vs_normal_sensitivity,endothelial,cluster_8,RAM2019_ENDO_4,singscore,20,sensitivity,5,9,0.4813080344660185,0.5322300768942082,0.05092204242818971,0.06093080479033698,0.7823907702928573,0.5499036421050146,-0.29542036823297135,1.860201908818686,ESTIMATED
GSE244832,mash_f2f4_group_vs_normal_sensitivity,endothelial,cluster_8,RAM2019_ENDO_4,standardized_mean,30,primary,5,9,-0.2192995486368353,-0.1103020444555148,0.1089975041813205,0.26519316355989514,0.38477695016952757,0.5576905697389628,-0.7082965665188397,1.4778504668578947,ESTIMATED
GSE244832,mash_f2f4_group_vs_normal_sensitivity,endothelial,cluster_8,RAM2019_ENDO_4,standardized_mean,20,sensitivity,5,9,-0.2192995486368353,-0.1103020444555148,0.1089975041813205,0.26519316355989514,0.38477695016952757,0.5576905697389628,-0.7082965665188397,1.4778504668578947,ESTIMATED
GSE244832,mash_f2f4_group_vs_normal_sensitivity,endothelial,cluster_8,RAM2019_ENDO_5,singscore,30,primary,5,9,0.5951949518758592,0.6585785406981819,0.06338358882232265,0.07511459325025437,0.7899640438173152,0.5403310973274235,-0.26908490694443477,1.8490129945790652,ESTIMATED
GSE244832,mash_f2f4_group_vs_normal_sensitivity,endothelial,cluster_8,RAM2019_ENDO_5,singscore,20,sensitivity,5,9,0.5951949518758592,0.6585785406981819,0.06338358882232265,0.07511459325025437,0.7899640438173152,0.5403310973274235,-0.26908490694443477,1.8490129945790652,ESTIMATED
GSE244832,mash_f2f4_group_vs_normal_sensitivity,endothelial,cluster_8,RAM2019_ENDO_5,standardized_mean,30,primary,5,9,0.3450870653162005,0.556548129570447,0.2114610642542465,0.32301543345704264,0.6128609626974391,0.527804886536253,-0.4216366149136168,1.647358540308495,ESTIMATED
GSE244832,mash_f2f4_group_vs_normal_sensitivity,endothelial,cluster_8,RAM2019_ENDO_5,standardized_mean,20,sensitivity,5,9,0.3450870653162005,0.556548129570447,0.2114610642542465,0.32301543345704264,0.6128609626974391,0.527804886536253,-0.4216366149136168,1.647358540308495,ESTIMATED
GSE244832,mash_f2f4_group_vs_normal_sensitivity,endothelial,cluster_8,RAM2019_ENDO_6_SAENDO1,singscore,30,primary,5,9,0.6065273895345985,0.7292334172483503,0.12270602771375183,0.11155080823549775,1.0297883976773676,0.49521506293024226,0.059166874334092845,2.0004099210206423,ESTIMATED
GSE244832,mash_f2f4_group_vs_normal_sensitivity,endothelial,cluster_8,RAM2019_ENDO_6_SAENDO1,singscore,20,sensitivity,5,9,0.6065273895345985,0.7292334172483503,0.12270602771375183,0.11155080823549775,1.0297883976773676,0.49521506293024226,0.059166874334092845,2.0004099210206423,ESTIMATED
GSE244832,mash_f2f4_group_vs_normal_sensitivity,endothelial,cluster_8,RAM2019_ENDO_6_SAENDO1,standardized_mean,30,primary,5,9,0.26571907796365324,0.7547937279301825,0.4890746499665293,0.3902171730046508,1.17333923464241,0.5133711412296417,0.16713179783231236,2.179546671452508,ESTIMATED
GSE244832,mash_f2f4_group_vs_normal_sensitivity,endothelial,cluster_8,RAM2019_ENDO_6_SAENDO1,standardized_mean,20,sensitivity,5,9,0.26571907796365324,0.7547937279301825,0.4890746499665293,0.3902171730046508,1.17333923464241,0.5133711412296417,0.16713179783231236,2.179546671452508,ESTIMATED
GSE244832,mash_f2f4_group_vs_normal_sensitivity,endothelial,cluster_8,RAM2019_ENDO_7_SAENDO2,singscore,30,primary,5,9,0.3227707094894423,0.4292768912183169,0.1065061817288746,0.09264366559121466,1.0762518319381515,0.5287146310801089,0.03997115502113813,2.112532508855165,ESTIMATED
GSE244832,mash_f2f4_group_vs_normal_sensitivity,endothelial,cluster_8,RAM2019_ENDO_7_SAENDO2,singscore,20,sensitivity,5,9,0.3227707094894423,0.4292768912183169,0.1065061817288746,0.09264366559121466,1.0762518319381515,0.5287146310801089,0.03997115502113813,2.112532508855165,ESTIMATED
GSE244832,mash_f2f4_group_vs_normal_sensitivity,endothelial,cluster_8,RAM2019_ENDO_7_SAENDO2,standardized_mean,30,primary,5,9,-0.0522003185604241,0.3075494305027842,0.35974974906320834,0.370127375068445,0.9099218858392302,0.5334133832953012,-0.1355683454195602,1.9554121170980205,ESTIMATED
GSE244832,mash_f2f4_group_vs_normal_sensitivity,endothelial,cluster_8,RAM2019_ENDO_7_SAENDO2,standardized_mean,20,sensitivity,5,9,-0.0522003185604241,0.3075494305027842,0.35974974906320834,0.370127375068445,0.9099218858392302,0.5334133832953012,-0.1355683454195602,1.9554121170980205,ESTIMATED
GSE244832,mash_f2f4_group_vs_normal_sensitivity,macrophage_monocyte,cluster_5,RAM2019_MAC_SIG_A_SAM,singscore,30,primary,4,9,0.21097249713511812,0.36293760557149274,0.15196510843637462,0.09118201852583521,1.5503373785113923,0.5239719924732461,0.52335227326383,2.5773224837589543,ESTIMATED
GSE244832,mash_f2f4_group_vs_normal_sensitivity,macrophage_monocyte,cluster_5,RAM2019_MAC_SIG_A_SAM,singscore,20,sensitivity,5,9,0.2184243023282404,0.36293760557149274,0.14451330324325234,0.08782859895824945,1.5403758166409829,0.48751061668827267,0.5848550079319684,2.4958966253499972,ESTIMATED
GSE244832,mash_f2f4_group_vs_normal_sensitivity,macrophage_monocyte,cluster_5,RAM2019_MAC_SIG_A_SAM,standardized_mean,30,primary,4,9,-0.30452921025129,0.20427979610175293,0.5088090063530429,0.3424166439008526,1.3822654710711844,0.4507426885947702,0.49880980142543485,2.2657211407169338,ESTIMATED
GSE244832,mash_f2f4_group_vs_normal_sensitivity,macrophage_monocyte,cluster_5,RAM2019_MAC_SIG_A_SAM,standardized_mean,20,sensitivity,5,9,-0.2905053829617538,0.20427979610175293,0.4947851790635067,0.3283385058214173,1.4107487795210372,0.441887818944111,0.5446486543905796,2.276848904651495,ESTIMATED
GSE244832,mash_f2f4_group_vs_normal_sensitivity,macrophage_monocyte,cluster_5,RAM2019_MAC_SIG_B_SAM,singscore,30,primary,4,9,0.47528472626419954,0.53594777873521,0.0606630524710105,0.04625591497309852,1.219968224982251,0.6219073621794354,0.0010297951105575631,2.4389066548539446,ESTIMATED
GSE244832,mash_f2f4_group_vs_normal_sensitivity,macrophage_monocyte,cluster_5,RAM2019_MAC_SIG_B_SAM,singscore,20,sensitivity,5,9,0.44437122160655135,0.53594777873521,0.0915765571286587,0.0596158548362992,1.4380611534787522,0.6756536450330556,0.11378000921396336,2.7623422977435412,ESTIMATED
GSE244832,mash_f2f4_group_vs_normal_sensitivity,macrophage_monocyte,cluster_5,RAM2019_MAC_SIG_B_SAM,standardized_mean,30,primary,4,9,-0.04386013906281774,0.12500328862075527,0.16886342768357301,0.18420195997173458,0.8527719158602027,0.5336945450826224,-0.19326939250173703,1.8988132242221425,ESTIMATED
GSE244832,mash_f2f4_group_vs_normal_sensitivity,macrophage_monocyte,cluster_5,RAM2019_MAC_SIG_B_SAM,standardized_mean,20,sensitivity,5,9,-0.1762142062760318,0.12500328862075527,0.30121749489678706,0.24555820165311001,1.1483666372696064,0.6641551168932703,-0.15337739184120336,2.450110666380416,ESTIMATED
GSE244832,mash_f2f4_group_vs_normal_sensitivity,macrophage_monocyte,cluster_5,RAM2019_MAC_SIG_C_KC,singscore,30,primary,4,9,0.7588443687811363,0.7554902886344148,-0.00335408014672145,0.03780050502847562,-0.08254055211006645,0.6450879664939632,-1.3469129664382342,1.1818318622181014,ESTIMATED
GSE244832,mash_f2f4_group_vs_normal_sensitivity,macrophage_monocyte,cluster_5,RAM2019_MAC_SIG_C_KC,singscore,20,sensitivity,5,9,0.7245882129465601,0.7554902886344148,0.030902075687854746,0.05714553368063951,0.5062443363165202,0.719551985546041,-0.9040775553537203,1.9165662279867606,ESTIMATED
GSE244832,mash_f2f4_group_vs_normal_sensitivity,macrophage_monocyte,cluster_5,RAM2019_MAC_SIG_C_KC,standardized_mean,30,primary,4,9,0.12352416364731197,0.0470232382719505,-0.07650092537536148,0.22597658005547588,-0.3149160479129913,0.5958939590662485,-1.4828682076828383,0.8530361118568557,ESTIMATED
GSE244832,mash_f2f4_group_vs_normal_sensitivity,macrophage_monocyte,cluster_5,RAM2019_MAC_SIG_C_KC,standardized_mean,20,sensitivity,5,9,-0.054573650607484495,0.0470232382719505,0.101596888879435,0.3157129749888836,0.3012609192953471,0.6916339445265605,-1.0543416119767115,1.6568634505674056,ESTIMATED
GSE244832,mash_f2f4_group_vs_normal_sensitivity,macrophage_monocyte,cluster_5,RAM2019_MAC_SIG_D_TMO,singscore,30,primary,4,9,0.1971151033651034,0.2086195211195211,0.011504417754417684,0.03309574420509606,0.3233583113066843,0.8895482060550115,-1.4201561725611382,2.0668727951745067,ESTIMATED
GSE244832,mash_f2f4_group_vs_normal_sensitivity,macrophage_monocyte,cluster_5,RAM2019_MAC_SIG_D_TMO,singscore,20,sensitivity,5,9,0.18465070965070968,0.2086195211195211,0.023968811468811413,0.035538515893240155,0.6313962969053653,0.7365254563814844,-0.812193597602344,2.0749861914130747,ESTIMATED
GSE244832,mash_f2f4_group_vs_normal_sensitivity,macrophage_monocyte,cluster_5,RAM2019_MAC_SIG_D_TMO,standardized_mean,30,primary,4,9,0.03026873301011372,0.0043017319536068355,-0.025967001056506886,0.1828489237464198,-0.13210550724108033,0.7253211218586627,-1.5537349060840593,1.2895238916018985,ESTIMATED
GSE244832,mash_f2f4_group_vs_normal_sensitivity,macrophage_monocyte,cluster_5,RAM2019_MAC_SIG_D_TMO,standardized_mean,20,sensitivity,5,9,-0.05638271439389573,0.0043017319536068355,0.060684446347502564,0.2077539580071542,0.27345313462942283,0.6727530766092435,-1.0451428955246944,1.5920491647835402,ESTIMATED
GSE244832,mash_f2f4_group_vs_normal_sensitivity,macrophage_monocyte,cluster_5,RAM2019_MAC_SIG_E_TMO,singscore,30,primary,4,9,0.4833151345783884,0.543659098931497,0.060343964353108626,0.035621571592242406,1.5758406442880772,0.7030713662858437,0.19782076636782375,2.9538605222083305,ESTIMATED
GSE244832,mash_f2f4_group_vs_normal_sensitivity,macrophage_monocyte,cluster_5,RAM2019_MAC_SIG_E_TMO,singscore,20,sensitivity,5,9,0.4791848081347105,0.543659098931497,0.06447429079678652,0.03451938093344648,1.7485513616114405,0.5992158129675504,0.5740883681950417,2.9230143550278394,ESTIMATED
GSE244832,mash_f2f4_group_vs_normal_sensitivity,macrophage_monocyte,cluster_5,RAM2019_MAC_SIG_E_TMO,standardized_mean,30,primary,4,9,-0.16584088346743892,0.11204409652402167,0.27788497999146056,0.1724427383266829,1.4990347422823964,0.6364246886889611,0.2516423524520328,2.74642713211276,ESTIMATED
GSE244832,mash_f2f4_group_vs_normal_sensitivity,macrophage_monocyte,cluster_5,RAM2019_MAC_SIG_E_TMO,standardized_mean,20,sensitivity,5,9,-0.159202217944918,0.11204409652402167,0.27124631446893965,0.1653236511654365,1.5359733355650544,0.5516330273114924,0.4547726020345293,2.6171740690955794,ESTIMATED
GSE244832,mash_f2f4_group_vs_normal_sensitivity,macrophage_monocyte,cluster_5,RAM2019_MAC_SIG_F_CDC1,singscore,30,primary,4,9,0.3354324604451741,0.37960918003726934,0.04417671959209524,0.042074651059976736,0.9767073960468012,0.5646700331614513,-0.1300458689496432,2.0834606610432456,ESTIMATED
GSE244832,mash_f2f4_group_vs_normal_sensitivity,macrophage_monocyte,cluster_5,RAM2019_MAC_SIG_F_CDC1,singscore,20,sensitivity,5,9,0.31558908750555464,0.37960918003726934,0.0640200925317147,0.04773907193660769,1.2554434180517187,0.6099097876305257,0.06002023429588821,2.450866601807549,ESTIMATED
GSE244832,mash_f2f4_group_vs_normal_sensitivity,macrophage_monocyte,cluster_5,RAM2019_MAC_SIG_F_CDC1,standardized_mean,30,primary,4,9,-0.04438503038516347,0.07427763668538245,0.11866266707054593,0.22378963290975282,0.4932483909529811,0.47747770549438123,-0.4426079118160061,1.4291046937219685,ESTIMATED
GSE244832,mash_f2f4_group_vs_normal_sensitivity,macrophage_monocyte,cluster_5,RAM2019_MAC_SIG_F_CDC1,standardized_mean,20,sensitivity,5,9,-0.16374670450387424,0.07427763668538245,0.2380243411892567,0.2639198083296527,0.84431441332472,0.600601240400658,-0.3328640178605695,2.0214928445100098,ESTIMATED
GSE244832,mash_f2f4_group_vs_normal_sensitivity,mesenchymal_hsc_myofibroblast,cluster_3,RAM2019_MES_HSC,singscore,30,primary,5,9,0.1048793940285336,0.20446021473746137,0.09958082070892776,0.09908231579247712,0.9408802909465678,0.6643678870892754,-0.3612807677484121,2.2430413496415476,ESTIMATED
GSE244832,mash_f2f4_group_vs_normal_sensitivity,mesenchymal_hsc_myofibroblast,cluster_3,RAM2019_MES_HSC,singscore,20,sensitivity,5,9,0.1048793940285336,0.20446021473746137,0.09958082070892776,0.09908231579247712,0.9408802909465678,0.6643678870892754,-0.3612807677484121,2.2430413496415476,ESTIMATED
GSE244832,mash_f2f4_group_vs_normal_sensitivity,mesenchymal_hsc_myofibroblast,cluster_3,RAM2019_MES_HSC,standardized_mean,30,primary,5,9,0.145284973287429,0.37676311994546535,0.23147814665803634,0.2695426977646645,0.8039651884642223,0.609955767823857,-0.39154811647053744,1.999478493398982,ESTIMATED
GSE244832,mash_f2f4_group_vs_normal_sensitivity,mesenchymal_hsc_myofibroblast,cluster_3,RAM2019_MES_HSC,standardized_mean,20,sensitivity,5,9,0.145284973287429,0.37676311994546535,0.23147814665803634,0.2695426977646645,0.8039651884642223,0.609955767823857,-0.39154811647053744,1.999478493398982,ESTIMATED
GSE244832,mash_f2f4_group_vs_normal_sensitivity,mesenchymal_hsc_myofibroblast,cluster_3,RAM2019_MES_MESOTHELIAL,singscore,30,primary,5,9,0.26689600938040814,0.32468343040389747,0.05778742102348933,0.033470949423902975,1.6162930292058508,0.4421023435323604,0.7497724358824245,2.482813622529277,ESTIMATED
GSE244832,mash_f2f4_group_vs_normal_sensitivity,mesenchymal_hsc_myofibroblast,cluster_3,RAM2019_MES_MESOTHELIAL,singscore,20,sensitivity,5,9,0.26689600938040814,0.32468343040389747,0.05778742102348933,0.033470949423902975,1.6162930292058508,0.4421023435323604,0.7497724358824245,2.482813622529277,ESTIMATED
GSE244832,mash_f2f4_group_vs_normal_sensitivity,mesenchymal_hsc_myofibroblast,cluster_3,RAM2019_MES_MESOTHELIAL,standardized_mean,30,primary,5,9,0.03735759746754288,0.21458604063922007,0.17722844317167719,0.1628999428071072,1.0185147182566698,0.5384329024754251,-0.03681377059516322,2.073843207108503,ESTIMATED
GSE244832,mash_f2f4_group_vs_normal_sensitivity,mesenchymal_hsc_myofibroblast,cluster_3,RAM2019_MES_MESOTHELIAL,standardized_mean,20,sensitivity,5,9,0.03735759746754288,0.21458604063922007,0.17722844317167719,0.1628999428071072,1.0185147182566698,0.5384329024754251,-0.03681377059516322,2.073843207108503,ESTIMATED
GSE244832,mash_f2f4_group_vs_normal_sensitivity,mesenchymal_hsc_myofibroblast,cluster_3,RAM2019_MES_SAMES,singscore,30,primary,5,9,0.5442051846603257,0.6193978410410375,0.07519265638071171,0.0528695748913642,1.3314486690504208,0.5484275947552487,0.25653058333013345,2.4063667547707084,ESTIMATED
GSE244832,mash_f2f4_group_vs_normal_sensitivity,mesenchymal_hsc_myofibroblast,cluster_3,RAM2019_MES_SAMES,singscore,20,sensitivity,5,9,0.5442051846603257,0.6193978410410375,0.07519265638071171,0.0528695748913642,1.3314486690504208,0.5484275947552487,0.25653058333013345,2.4063667547707084,ESTIMATED
GSE244832,mash_f2f4_group_vs_normal_sensitivity,mesenchymal_hsc_myofibroblast,cluster_3,RAM2019_MES_SAMES,standardized_mean,30,primary,5,9,0.11549147996115976,0.34948321194161847,0.2339917319804587,0.20250495216083617,1.0817320128528969,0.5919187979210733,-0.07842883107240661,2.2418928567782004,ESTIMATED
GSE244832,mash_f2f4_group_vs_normal_sensitivity,mesenchymal_hsc_myofibroblast,cluster_3,RAM2019_MES_SAMES,standardized_mean,20,sensitivity,5,9,0.11549147996115976,0.34948321194161847,0.2339917319804587,0.20250495216083617,1.0817320128528969,0.5919187979210733,-0.07842883107240661,2.2418928567782004,ESTIMATED
GSE244832,mash_f2f4_group_vs_normal_sensitivity,mesenchymal_hsc_myofibroblast,cluster_3,RAM2019_MES_VSMC,singscore,30,primary,5,9,0.4708862114410719,0.4603773774242536,-0.010508834016818291,0.05315803588503937,-0.18507187509190315,0.5615343816394882,-1.2856792631053,0.9155355129214937,ESTIMATED
GSE244832,mash_f2f4_group_vs_normal_sensitivity,mesenchymal_hsc_myofibroblast,cluster_3,RAM2019_MES_VSMC,singscore,20,sensitivity,5,9,0.4708862114410719,0.4603773774242536,-0.010508834016818291,0.05315803588503937,-0.18507187509190315,0.5615343816394882,-1.2856792631053,0.9155355129214937,ESTIMATED
GSE244832,mash_f2f4_group_vs_normal_sensitivity,mesenchymal_hsc_myofibroblast,cluster_3,RAM2019_MES_VSMC,standardized_mean,30,primary,5,9,0.3324456474331944,0.2663999393220291,-0.06604570811116528,0.22806369489794182,-0.2711085806198868,0.532966262142855,-1.3157224544198827,0.7735052931801092,ESTIMATED
GSE244832,mash_f2f4_group_vs_normal_sensitivity,mesenchymal_hsc_myofibroblast,cluster_3,RAM2019_MES_VSMC,standardized_mean,20,sensitivity,5,9,0.3324456474331944,0.2663999393220291,-0.06604570811116528,0.22806369489794182,-0.2711085806198868,0.532966262142855,-1.3157224544198827,0.7735052931801092,ESTIMATED
GSE244832,mash_f2f4_group_vs_normal_sensitivity,mesenchymal_hsc_myofibroblast,cluster_3,RAM2019_SAMES_A,singscore,30,primary,5,9,0.6701694317525645,0.7182287475062985,0.04805931575373401,0.04459686787214082,1.0088533567772218,0.6067399437713333,-0.18035693301459155,2.198063646569035,ESTIMATED
GSE244832,mash_f2f4_group_vs_normal_sensitivity,mesenchymal_hsc_myofibroblast,cluster_3,RAM2019_SAMES_A,singscore,20,sensitivity,5,9,0.6701694317525645,0.7182287475062985,0.04805931575373401,0.04459686787214082,1.0088533567772218,0.6067399437713333,-0.18035693301459155,2.198063646569035,ESTIMATED
GSE244832,mash_f2f4_group_vs_normal_sensitivity,mesenchymal_hsc_myofibroblast,cluster_3,RAM2019_SAMES_A,standardized_mean,30,primary,5,9,0.2033544884652052,0.42001260711250876,0.21665811864730355,0.17140876195303933,1.1833051865055009,0.5847900894976492,0.03711661109010844,2.3294937619208933,ESTIMATED
GSE244832,mash_f2f4_group_vs_normal_sensitivity,mesenchymal_hsc_myofibroblast,cluster_3,RAM2019_SAMES_A,standardized_mean,20,sensitivity,5,9,0.2033544884652052,0.42001260711250876,0.21665811864730355,0.17140876195303933,1.1833051865055009,0.5847900894976492,0.03711661109010844,2.3294937619208933,ESTIMATED
GSE244832,mash_f2f4_group_vs_normal_sensitivity,mesenchymal_hsc_myofibroblast,cluster_3,RAM2019_SAMES_B,singscore,30,primary,5,9,0.4006074991928529,0.4678508432388827,0.06724334404602983,0.055727144155603765,1.1296329043327806,0.5270607132540999,0.09659390635474496,2.1626719023108163,ESTIMATED
GSE244832,mash_f2f4_group_vs_normal_sensitivity,mesenchymal_hsc_myofibroblast,cluster_3,RAM2019_SAMES_B,singscore,20,sensitivity,5,9,0.4006074991928529,0.4678508432388827,0.06724334404602983,0.055727144155603765,1.1296329043327806,0.5270607132540999,0.09659390635474496,2.1626719023108163,ESTIMATED
GSE244832,mash_f2f4_group_vs_normal_sensitivity,mesenchymal_hsc_myofibroblast,cluster_3,RAM2019_SAMES_B,standardized_mean,30,primary,5,9,0.07877176760658489,0.19734042675250807,0.11856865914592318,0.20468806667919096,0.542290758131909,0.6101252961631091,-0.6535548223477847,1.7381363386116027,ESTIMATED
GSE244832,mash_f2f4_group_vs_normal_sensitivity,mesenchymal_hsc_myofibroblast,cluster_3,RAM2019_SAMES_B,standardized_mean,20,sensitivity,5,9,0.07877176760658489,0.19734042675250807,0.11856865914592318,0.20468806667919096,0.542290758131909,0.6101252961631091,-0.6535548223477847,1.7381363386116027,ESTIMATED
GSE256398_human,mash_cirrhosis_vs_healthy,endothelial,cluster_3,RAM2019_ENDO_1,singscore,20,sensitivity,3,4,0.6295031767050167,0.638899862321448,0.009396685616431366,0.09982726510167801,0.07926690574741518,0.8301656858957298,-1.5478578386082154,1.7063916501030456,ESTIMATED
GSE256398_human,mash_cirrhosis_vs_healthy,endothelial,cluster_3,RAM2019_ENDO_1,standardized_mean,20,sensitivity,3,4,-0.42751331874178106,-0.454752675104384,-0.02723935636260294,0.3141568272996329,-0.07301577863244554,0.8182987323997497,-1.6768812941359548,1.5308497368710638,ESTIMATED
GSE256398_human,mash_cirrhosis_vs_healthy,endothelial,cluster_3,RAM2019_ENDO_2,singscore,20,sensitivity,3,4,0.3588241006857109,0.5476614414558834,0.18883734077017245,0.09360285119587675,1.6988896867097576,0.777735037714221,0.17452901278988442,3.2232503606296308,ESTIMATED
GSE256398_human,mash_cirrhosis_vs_healthy,endothelial,cluster_3,RAM2019_ENDO_2,standardized_mean,20,sensitivity,3,4,-0.3089205594489951,0.19835097996034728,0.5072715394093423,0.2920260039811582,1.4628013511234308,0.8130341690638067,-0.13074562024163017,3.0563483224884918,ESTIMATED
GSE256398_human,mash_cirrhosis_vs_healthy,endothelial,cluster_3,RAM2019_ENDO_3,singscore,20,sensitivity,3,4,0.6806084763093359,0.738145911095053,0.057537434785717156,0.0626349864641564,0.7735704818805079,0.8644153473877678,-0.9206835989995169,2.4678245627605326,ESTIMATED
GSE256398_human,mash_cirrhosis_vs_healthy,endothelial,cluster_3,RAM2019_ENDO_3,standardized_mean,20,sensitivity,3,4,0.4686342666161502,0.32170893056610267,-0.14692533605004754,0.22714876847985546,-0.5446941209807176,0.8386082883019219,-2.1883663660524846,1.0989781240910492,ESTIMATED
GSE256398_human,mash_cirrhosis_vs_healthy,endothelial,cluster_3,RAM2019_ENDO_4,singscore,20,sensitivity,3,4,0.5883415059528029,0.6452009755594647,0.05685946960666177,0.1057937128351527,0.45259455720913416,0.8906741238434295,-1.2931267255239876,2.1983158399422558,ESTIMATED
GSE256398_human,mash_cirrhosis_vs_healthy,endothelial,cluster_3,RAM2019_ENDO_4,standardized_mean,20,sensitivity,3,4,0.0384933838479767,0.12315168020040494,0.08465829635242825,0.3360467803711015,0.21214664473092912,0.8954216877179552,-1.542879863196263,1.967173152658121,ESTIMATED
GSE256398_human,mash_cirrhosis_vs_healthy,endothelial,cluster_3,RAM2019_ENDO_5,singscore,20,sensitivity,3,4,0.6481820917571745,0.7045085503697827,0.05632645861260821,0.06332024594433652,0.7490938568750959,0.8682570048961249,-0.9526898727213088,2.4508775864715004,ESTIMATED
GSE256398_human,mash_cirrhosis_vs_healthy,endothelial,cluster_3,RAM2019_ENDO_5,standardized_mean,20,sensitivity,3,4,0.27192145688875324,0.3659136152322945,0.09399215834354124,0.15863397196130177,0.49895549016433255,0.8650294802678822,-1.1965022911607166,2.1944132714893816,ESTIMATED
GSE256398_human,mash_cirrhosis_vs_healthy,endothelial,cluster_3,RAM2019_ENDO_6_SAENDO1,singscore,20,sensitivity,3,4,0.6084387839696812,0.7933862180801152,0.18494743411043402,0.05627079418582544,2.7677805143041057,0.7235258487629177,1.349669850728787,4.185891177879425,ESTIMATED
GSE256398_human,mash_cirrhosis_vs_healthy,endothelial,cluster_3,RAM2019_ENDO_6_SAENDO1,standardized_mean,20,sensitivity,3,4,-0.3210313945837679,0.478725466744533,0.7997568613283008,0.1943239702033351,3.4657559819639894,0.7370487890936127,2.0211403553405085,4.91037160858747,ESTIMATED
GSE256398_human,mash_cirrhosis_vs_healthy,endothelial,cluster_3,RAM2019_ENDO_7_SAENDO2,singscore,20,sensitivity,3,4,0.22598003765742172,0.5495519222875906,0.32357188463016895,0.21375615146432075,1.2747309735433079,0.8753738893976716,-0.4410018496761283,2.990463796762744,ESTIMATED
GSE256398_human,mash_cirrhosis_vs_healthy,endothelial,cluster_3,RAM2019_ENDO_7_SAENDO2,standardized_mean,20,sensitivity,3,4,-0.00738199131760268,0.8098749800812416,0.8172569713988442,0.5916698545623946,1.1631763755759705,0.8654721204214945,-0.5331489804501586,2.8595017316020996,ESTIMATED
GSE256398_human,mash_cirrhosis_vs_healthy,endothelial,cluster_38,RAM2019_ENDO_1,singscore,30,primary,5,4,0.801553861755373,0.7347249522463082,-0.06682890950906484,0.06598553466464947,-0.9002499626784574,0.6926203959267931,-2.2577859386949717,0.4572860133380571,ESTIMATED
GSE256398_human,mash_cirrhosis_vs_healthy,endothelial,cluster_38,RAM2019_ENDO_1,singscore,20,sensitivity,5,4,0.801553861755373,0.7347249522463082,-0.06682890950906484,0.06598553466464947,-0.9002499626784574,0.6926203959267931,-2.2577859386949717,0.4572860133380571,ESTIMATED
GSE256398_human,mash_cirrhosis_vs_healthy,endothelial,cluster_38,RAM2019_ENDO_1,standardized_mean,30,primary,5,4,0.4402804470528413,-0.006613719043223365,-0.4468941660960647,0.21655292710354312,-1.8343749219428493,0.7459495874270237,-3.2964361132998157,-0.372313730585883,ESTIMATED
GSE256398_human,mash_cirrhosis_vs_healthy,endothelial,cluster_38,RAM2019_ENDO_1,standardized_mean,20,sensitivity,5,4,0.4402804470528413,-0.006613719043223365,-0.4468941660960647,0.21655292710354312,-1.8343749219428493,0.7459495874270237,-3.2964361132998157,-0.372313730585883,ESTIMATED
GSE256398_human,mash_cirrhosis_vs_healthy,endothelial,cluster_38,RAM2019_ENDO_2,singscore,30,primary,5,4,0.37883401590591315,0.5712006534376085,0.19236663753169536,0.0869746103616374,1.9660055501698621,0.7231416412140532,0.5486479333903178,3.3833631669494064,ESTIMATED
GSE256398_human,mash_cirrhosis_vs_healthy,endothelial,cluster_38,RAM2019_ENDO_2,singscore,20,sensitivity,5,4,0.37883401590591315,0.5712006534376085,0.19236663753169536,0.0869746103616374,1.9660055501698621,0.7231416412140532,0.5486479333903178,3.3833631669494064,ESTIMATED
GSE256398_human,mash_cirrhosis_vs_healthy,endothelial,cluster_38,RAM2019_ENDO_2,standardized_mean,30,primary,5,4,-0.12022314426769087,0.44357819307150526,0.5638013373391961,0.292144079924839,1.7154437783933263,0.7479759114911135,0.2494109918707439,3.1814765649159087,ESTIMATED
GSE256398_human,mash_cirrhosis_vs_healthy,endothelial,cluster_38,RAM2019_ENDO_2,standardized_mean,20,sensitivity,5,4,-0.12022314426769087,0.44357819307150526,0.5638013373391961,0.292144079924839,1.7154437783933263,0.7479759114911135,0.2494109918707439,3.1814765649159087,ESTIMATED
GSE256398_human,mash_cirrhosis_vs_healthy,endothelial,cluster_38,RAM2019_ENDO_3,singscore,30,primary,5,4,0.6199391965130122,0.6618999002442791,0.041960703731266924,0.06017288294081638,0.6198540188504332,0.6730589642614764,-0.6993415511020605,1.939049588802927,ESTIMATED
GSE256398_human,mash_cirrhosis_vs_healthy,endothelial,cluster_38,RAM2019_ENDO_3,singscore,20,sensitivity,5,4,0.6199391965130122,0.6618999002442791,0.041960703731266924,0.06017288294081638,0.6198540188504332,0.6730589642614764,-0.6993415511020605,1.939049588802927,ESTIMATED
GSE256398_human,mash_cirrhosis_vs_healthy,endothelial,cluster_38,RAM2019_ENDO_3,standardized_mean,30,primary,5,4,0.1693295831320487,0.15535888221630065,-0.013970700915748063,0.16477503265713592,-0.07536579185414881,0.7197468969867064,-1.4860697099480933,1.3353381262397956,ESTIMATED
GSE256398_human,mash_cirrhosis_vs_healthy,endothelial,cluster_38,RAM2019_ENDO_3,standardized_mean,20,sensitivity,5,4,0.1693295831320487,0.15535888221630065,-0.013970700915748063,0.16477503265713592,-0.07536579185414881,0.7197468969867064,-1.4860697099480933,1.3353381262397956,ESTIMATED
GSE256398_human,mash_cirrhosis_vs_healthy,endothelial,cluster_38,RAM2019_ENDO_4,singscore,30,primary,5,4,0.5672517446018828,0.61688953432178,0.049637789719897185,0.07813958814882332,0.5646623023784666,0.7396811050718555,-0.8851126635623702,2.0144372683193033,ESTIMATED
GSE256398_human,mash_cirrhosis_vs_healthy,endothelial,cluster_38,RAM2019_ENDO_4,singscore,20,sensitivity,5,4,0.5672517446018828,0.61688953432178,0.049637789719897185,0.07813958814882332,0.5646623023784666,0.7396811050718555,-0.8851126635623702,2.0144372683193033,ESTIMATED
GSE256398_human,mash_cirrhosis_vs_healthy,endothelial,cluster_38,RAM2019_ENDO_4,standardized_mean,30,primary,5,4,0.07611832952985274,0.12914357310756935,0.05302524357771661,0.24357089864940504,0.1935105963323765,0.7450924794915403,-1.2668706634710425,1.6538918561357954,ESTIMATED
GSE256398_human,mash_cirrhosis_vs_healthy,endothelial,cluster_38,RAM2019_ENDO_4,standardized_mean,20,sensitivity,5,4,0.07611832952985274,0.12914357310756935,0.05302524357771661,0.24357089864940504,0.1935105963323765,0.7450924794915403,-1.2668706634710425,1.6538918561357954,ESTIMATED
GSE256398_human,mash_cirrhosis_vs_healthy,endothelial,cluster_38,RAM2019_ENDO_5,singscore,30,primary,5,4,0.5649813284819303,0.599497932226265,0.03451660374433474,0.10042404302832977,0.3055187246530643,0.6733879534313909,-1.0143216640724617,1.6253591133785905,ESTIMATED
GSE256398_human,mash_cirrhosis_vs_healthy,endothelial,cluster_38,RAM2019_ENDO_5,singscore,20,sensitivity,5,4,0.5649813284819303,0.599497932226265,0.03451660374433474,0.10042404302832977,0.3055187246530643,0.6733879534313909,-1.0143216640724617,1.6253591133785905,ESTIMATED
GSE256398_human,mash_cirrhosis_vs_healthy,endothelial,cluster_38,RAM2019_ENDO_5,standardized_mean,30,primary,5,4,-0.11887048005112337,-0.009185773524394085,0.10968470652672929,0.2828094002877858,0.344746379764729,0.671098696969097,-0.9706070662947011,1.660099825824159,ESTIMATED
GSE256398_human,mash_cirrhosis_vs_healthy,endothelial,cluster_38,RAM2019_ENDO_5,standardized_mean,20,sensitivity,5,4,-0.11887048005112337,-0.009185773524394085,0.10968470652672929,0.2828094002877858,0.344746379764729,0.671098696969097,-0.9706070662947011,1.660099825824159,ESTIMATED
GSE256398_human,mash_cirrhosis_vs_healthy,endothelial,cluster_38,RAM2019_ENDO_6_SAENDO1,singscore,30,primary,5,4,0.4935249209689614,0.6241806508331283,0.13065572986416696,0.06263587686059365,1.8541837740119962,0.7390602796608271,0.4056256258767752,3.3027419221472174,ESTIMATED
GSE256398_human,mash_cirrhosis_vs_healthy,endothelial,cluster_38,RAM2019_ENDO_6_SAENDO1,singscore,20,sensitivity,5,4,0.4935249209689614,0.6241806508331283,0.13065572986416696,0.06263587686059365,1.8541837740119962,0.7390602796608271,0.4056256258767752,3.3027419221472174,ESTIMATED
GSE256398_human,mash_cirrhosis_vs_healthy,endothelial,cluster_38,RAM2019_ENDO_6_SAENDO1,standardized_mean,30,primary,5,4,-0.41226699051697635,-0.15767836583341793,0.2545886246835584,0.25845021865629125,0.875607693022201,0.7230661368008888,-0.5416019351075412,2.292817321151943,ESTIMATED
GSE256398_human,mash_cirrhosis_vs_healthy,endothelial,cluster_38,RAM2019_ENDO_6_SAENDO1,standardized_mean,20,sensitivity,5,4,-0.41226699051697635,-0.15767836583341793,0.2545886246835584,0.25845021865629125,0.875607693022201,0.7230661368008888,-0.5416019351075412,2.292817321151943,ESTIMATED
GSE256398_human,mash_cirrhosis_vs_healthy,endothelial,cluster_38,RAM2019_ENDO_7_SAENDO2,singscore,30,primary,5,4,0.21338183843793362,0.28917210679592675,0.07579026835799313,0.27721213559063573,0.24302373085431028,0.5964866545096866,-0.9260901119846755,1.412137573693296,ESTIMATED
GSE256398_human,mash_cirrhosis_vs_healthy,endothelial,cluster_38,RAM2019_ENDO_7_SAENDO2,singscore,20,sensitivity,5,4,0.21338183843793362,0.28917210679592675,0.07579026835799313,0.27721213559063573,0.24302373085431028,0.5964866545096866,-0.9260901119846755,1.412137573693296,ESTIMATED
GSE256398_human,mash_cirrhosis_vs_healthy,endothelial,cluster_38,RAM2019_ENDO_7_SAENDO2,standardized_mean,30,primary,5,4,0.010853904867124519,0.12481690367857866,0.11396299881145414,0.6731949469851838,0.1504771297550882,0.596836162867201,-1.0193217494646256,1.320276008974802,ESTIMATED
GSE256398_human,mash_cirrhosis_vs_healthy,endothelial,cluster_38,RAM2019_ENDO_7_SAENDO2,standardized_mean,20,sensitivity,5,4,0.010853904867124519,0.12481690367857866,0.11396299881145414,0.6731949469851838,0.1504771297550882,0.596836162867201,-1.0193217494646256,1.320276008974802,ESTIMATED
GSE256398_human,mash_cirrhosis_vs_healthy,endothelial,cluster_5,RAM2019_ENDO_1,singscore,20,sensitivity,6,3,0.829774326173954,0.750192010377094,-0.07958231579685993,0.03223209722400548,-2.1947016283877,0.6279851520314746,-3.4255525263693904,-0.9638507304060095,ESTIMATED
GSE256398_human,mash_cirrhosis_vs_healthy,endothelial,cluster_5,RAM2019_ENDO_1,standardized_mean,20,sensitivity,6,3,0.48038061524787395,0.14170418657083025,-0.33867642867704373,0.12483057603898035,-2.4116344242903125,0.9746951309670506,-4.322036880985731,-0.5012319675948933,ESTIMATED
GSE256398_human,mash_cirrhosis_vs_healthy,endothelial,cluster_5,RAM2019_ENDO_2,singscore,20,sensitivity,6,3,0.3735423502464599,0.4580816890310438,0.08453933878458392,0.06737345541475151,1.115366258966982,0.9040277064661695,-0.6565280457067102,2.887260563640674,ESTIMATED
GSE256398_human,mash_cirrhosis_vs_healthy,endothelial,cluster_5,RAM2019_ENDO_2,standardized_mean,20,sensitivity,6,3,-0.12018032799985616,0.09964765053843432,0.21982797853829047,0.22334098969325392,0.8749072342607861,0.9487434044530527,-0.9846298384671971,2.7344443069887694,ESTIMATED
GSE256398_human,mash_cirrhosis_vs_healthy,endothelial,cluster_5,RAM2019_ENDO_3,singscore,20,sensitivity,6,3,0.60757699639795,0.5667300516148287,-0.04084694478312134,0.03555041129834033,-1.0213213866380664,0.7890044914484821,-2.5677701898770913,0.5251274166009585,ESTIMATED
GSE256398_human,mash_cirrhosis_vs_healthy,endothelial,cluster_5,RAM2019_ENDO_3,standardized_mean,20,sensitivity,6,3,0.08574917895857702,-0.16132561762417844,-0.24707479658275544,0.14594971926514094,-1.5047787862333277,0.8270134728470232,-3.1257251930134933,0.11616762054683782,ESTIMATED
GSE256398_human,mash_cirrhosis_vs_healthy,endothelial,cluster_5,RAM2019_ENDO_4,singscore,20,sensitivity,6,3,0.6064538993382433,0.5340657546839526,-0.07238814465429078,0.06985871055851785,-0.9210736493136592,1.0092247174711433,-2.8991540955571,1.0570067969297816,ESTIMATED
GSE256398_human,mash_cirrhosis_vs_healthy,endothelial,cluster_5,RAM2019_ENDO_4,standardized_mean,20,sensitivity,6,3,0.13563184647095755,-0.09983875846897117,-0.23547060493992872,0.22326499918742657,-0.9374832828827705,1.0040168572696637,-2.9053563231313113,1.0303897573657705,ESTIMATED
GSE256398_human,mash_cirrhosis_vs_healthy,endothelial,cluster_5,RAM2019_ENDO_5,singscore,20,sensitivity,6,3,0.5480186494800549,0.41731298844600073,-0.13070566103405412,0.07247520459626944,-1.6030697733832744,0.8272664801691524,-3.224512074514813,0.018372527748264256,ESTIMATED
GSE256398_human,mash_cirrhosis_vs_healthy,endothelial,cluster_5,RAM2019_ENDO_5,standardized_mean,20,sensitivity,6,3,-0.25995452254140805,-0.5644198631741378,-0.3044653406327298,0.2529979877186152,-1.0697154581371846,0.8279382919055913,-2.6924745102721435,0.5530435939977743,ESTIMATED
GSE256398_human,mash_cirrhosis_vs_healthy,endothelial,cluster_5,RAM2019_ENDO_6_SAENDO1,singscore,20,sensitivity,6,3,0.489285258775406,0.514770680927176,0.02548542215177002,0.08748669856995694,0.2589388895642982,0.7152920217624603,-1.143033473090124,1.6609112522187206,ESTIMATED
GSE256398_human,mash_cirrhosis_vs_healthy,endothelial,cluster_5,RAM2019_ENDO_6_SAENDO1,standardized_mean,20,sensitivity,6,3,-0.4304851388014532,-0.4249046326493273,0.005580506152125908,0.3225268798470337,0.015379958145979714,0.5327255651698651,-1.0287621495869559,1.0595220658789153,ESTIMATED
GSE256398_human,mash_cirrhosis_vs_healthy,endothelial,cluster_5,RAM2019_ENDO_7_SAENDO2,singscore,20,sensitivity,6,3,0.4234929701802736,0.23919368814703343,-0.18429928203324017,0.18169246734588218,-0.901642134220594,0.7131844336455506,-2.299483624165873,0.4961993557246851,ESTIMATED
GSE256398_human,mash_cirrhosis_vs_healthy,endothelial,cluster_5,RAM2019_ENDO_7_SAENDO2,standardized_mean,20,sensitivity,6,3,0.4451496877615406,0.01664879515428347,-0.42850089260725716,0.47806846770958294,-0.7967262181971491,0.6714549213379062,-2.1127778640194452,0.5193254276251471,ESTIMATED
GSE256398_human,mash_cirrhosis_vs_healthy,macrophage_monocyte,cluster_24,RAM2019_MAC_SIG_A_SAM,singscore,30,primary,6,4,0.36334611684613316,0.4658116073943087,0.10246549054817555,0.08382342715908303,1.1041003508266531,0.5444787229899185,0.036922053766413,2.1712786478868935,ESTIMATED
GSE256398_human,mash_cirrhosis_vs_healthy,macrophage_monocyte,cluster_24,RAM2019_MAC_SIG_A_SAM,singscore,20,sensitivity,6,4,0.36334611684613316,0.4658116073943087,0.10246549054817555,0.08382342715908303,1.1041003508266531,0.5444787229899185,0.036922053766413,2.1712786478868935,ESTIMATED
GSE256398_human,mash_cirrhosis_vs_healthy,macrophage_monocyte,cluster_24,RAM2019_MAC_SIG_A_SAM,standardized_mean,30,primary,6,4,-0.19263240141820523,0.19817600548310194,0.39080840690130714,0.25560831549304225,1.3809732199464055,0.5397997869640978,0.32296563749677376,2.4389808023960375,ESTIMATED
GSE256398_human,mash_cirrhosis_vs_healthy,macrophage_monocyte,cluster_24,RAM2019_MAC_SIG_A_SAM,standardized_mean,20,sensitivity,6,4,-0.19263240141820523,0.19817600548310194,0.39080840690130714,0.25560831549304225,1.3809732199464055,0.5397997869640978,0.32296563749677376,2.4389808023960375,ESTIMATED
GSE256398_human,mash_cirrhosis_vs_healthy,macrophage_monocyte,cluster_24,RAM2019_MAC_SIG_B_SAM,singscore,30,primary,6,4,0.6134042274394017,0.595299913047008,-0.018104314392393683,0.0709489099251813,-0.2304797069407764,0.5247039288839187,-1.2588994075532571,0.7979399936717042,ESTIMATED
GSE256398_human,mash_cirrhosis_vs_healthy,macrophage_monocyte,cluster_24,RAM2019_MAC_SIG_B_SAM,singscore,20,sensitivity,6,4,0.6134042274394017,0.595299913047008,-0.018104314392393683,0.0709489099251813,-0.2304797069407764,0.5247039288839187,-1.2588994075532571,0.7979399936717042,ESTIMATED
GSE256398_human,mash_cirrhosis_vs_healthy,macrophage_monocyte,cluster_24,RAM2019_MAC_SIG_B_SAM,standardized_mean,30,primary,6,4,0.020822131222268458,0.11535340440978502,0.09453127318751656,0.2707203558754831,0.31539218831022825,0.5240447071664629,-0.711735437736039,1.3425198143564954,ESTIMATED
GSE256398_human,mash_cirrhosis_vs_healthy,macrophage_monocyte,cluster_24,RAM2019_MAC_SIG_B_SAM,standardized_mean,20,sensitivity,6,4,0.020822131222268458,0.11535340440978502,0.09453127318751656,0.2707203558754831,0.31539218831022825,0.5240447071664629,-0.711735437736039,1.3425198143564954,ESTIMATED
GSE256398_human,mash_cirrhosis_vs_healthy,macrophage_monocyte,cluster_24,RAM2019_MAC_SIG_C_KC,singscore,30,primary,6,4,0.7969153895988469,0.7802952513530153,-0.01662013824583164,0.03573823510117521,-0.4200469812773417,0.6058455833739994,-1.6075043246903806,0.7674103621356971,ESTIMATED
GSE256398_human,mash_cirrhosis_vs_healthy,macrophage_monocyte,cluster_24,RAM2019_MAC_SIG_C_KC,singscore,20,sensitivity,6,4,0.7969153895988469,0.7802952513530153,-0.01662013824583164,0.03573823510117521,-0.4200469812773417,0.6058455833739994,-1.6075043246903806,0.7674103621356971,ESTIMATED
GSE256398_human,mash_cirrhosis_vs_healthy,macrophage_monocyte,cluster_24,RAM2019_MAC_SIG_C_KC,standardized_mean,30,primary,6,4,-0.12204900168861622,-0.058409002881921766,0.06363999880669446,0.17263733579383087,0.3329597794152843,0.55864524375344,-0.7619848983414581,1.4279044571720267,ESTIMATED
GSE256398_human,mash_cirrhosis_vs_healthy,macrophage_monocyte,cluster_24,RAM2019_MAC_SIG_C_KC,standardized_mean,20,sensitivity,6,4,-0.12204900168861622,-0.058409002881921766,0.06363999880669446,0.17263733579383087,0.3329597794152843,0.55864524375344,-0.7619848983414581,1.4279044571720267,ESTIMATED
GSE256398_human,mash_cirrhosis_vs_healthy,macrophage_monocyte,cluster_24,RAM2019_MAC_SIG_D_TMO,singscore,30,primary,6,4,0.2902186317589764,0.2610896047742861,-0.029129026984690276,0.05122551807826818,-0.5136129389496484,0.6340899781783446,-1.7564292961792038,0.729203418279907,ESTIMATED
GSE256398_human,mash_cirrhosis_vs_healthy,macrophage_monocyte,cluster_24,RAM2019_MAC_SIG_D_TMO,singscore,20,sensitivity,6,4,0.2902186317589764,0.2610896047742861,-0.029129026984690276,0.05122551807826818,-0.5136129389496484,0.6340899781783446,-1.7564292961792038,0.729203418279907,ESTIMATED
GSE256398_human,mash_cirrhosis_vs_healthy,macrophage_monocyte,cluster_24,RAM2019_MAC_SIG_D_TMO,standardized_mean,30,primary,6,4,0.23982798359574561,0.0857231941679085,-0.15410478942783712,0.18175390004151756,-0.7658235816519977,0.573571272831608,-1.8900232764019496,0.35837611309795403,ESTIMATED
GSE256398_human,mash_cirrhosis_vs_healthy,macrophage_monocyte,cluster_24,RAM2019_MAC_SIG_D_TMO,standardized_mean,20,sensitivity,6,4,0.23982798359574561,0.0857231941679085,-0.15410478942783712,0.18175390004151756,-0.7658235816519977,0.573571272831608,-1.8900232764019496,0.35837611309795403,ESTIMATED
GSE256398_human,mash_cirrhosis_vs_healthy,macrophage_monocyte,cluster_24,RAM2019_MAC_SIG_E_TMO,singscore,30,primary,6,4,0.598710360120989,0.6311901696010177,0.03247980948002871,0.08329582613207823,0.3521977447522523,0.5722539711456113,-0.7694200386931457,1.4738155281976502,ESTIMATED
GSE256398_human,mash_cirrhosis_vs_healthy,macrophage_monocyte,cluster_24,RAM2019_MAC_SIG_E_TMO,singscore,20,sensitivity,6,4,0.598710360120989,0.6311901696010177,0.03247980948002871,0.08329582613207823,0.3521977447522523,0.5722539711456113,-0.7694200386931457,1.4738155281976502,ESTIMATED
GSE256398_human,mash_cirrhosis_vs_healthy,macrophage_monocyte,cluster_24,RAM2019_MAC_SIG_E_TMO,standardized_mean,30,primary,6,4,0.01711737640382996,0.23047744878952875,0.2133600723856988,0.45690946716069447,0.42177354004654627,0.5470812538546351,-0.6505057175085385,1.4940527976016311,ESTIMATED
GSE256398_human,mash_cirrhosis_vs_healthy,macrophage_monocyte,cluster_24,RAM2019_MAC_SIG_E_TMO,standardized_mean,20,sensitivity,6,4,0.01711737640382996,0.23047744878952875,0.2133600723856988,0.45690946716069447,0.42177354004654627,0.5470812538546351,-0.6505057175085385,1.4940527976016311,ESTIMATED
GSE256398_human,mash_cirrhosis_vs_healthy,macrophage_monocyte,cluster_24,RAM2019_MAC_SIG_F_CDC1,singscore,30,primary,6,4,0.4857262363839245,0.5059837368816282,0.02025750049770375,0.058018774751137446,0.3153651090050589,0.5786323965331371,-0.81875438819989,1.4494846062100077,ESTIMATED
GSE256398_human,mash_cirrhosis_vs_healthy,macrophage_monocyte,cluster_24,RAM2019_MAC_SIG_F_CDC1,singscore,20,sensitivity,6,4,0.4857262363839245,0.5059837368816282,0.02025750049770375,0.058018774751137446,0.3153651090050589,0.5786323965331371,-0.81875438819989,1.4494846062100077,ESTIMATED
GSE256398_human,mash_cirrhosis_vs_healthy,macrophage_monocyte,cluster_24,RAM2019_MAC_SIG_F_CDC1,standardized_mean,30,primary,6,4,0.1309661572375158,0.25950708775544207,0.12854093051792626,0.18863886708041896,0.615469587079312,0.5456596154453435,-0.45402325919356123,1.6849624333521853,ESTIMATED
GSE256398_human,mash_cirrhosis_vs_healthy,macrophage_monocyte,cluster_24,RAM2019_MAC_SIG_F_CDC1,standardized_mean,20,sensitivity,6,4,0.1309661572375158,0.25950708775544207,0.12854093051792626,0.18863886708041896,0.615469587079312,0.5456596154453435,-0.45402325919356123,1.6849624333521853,ESTIMATED
GSE256398_human,mash_cirrhosis_vs_healthy,macrophage_monocyte,cluster_36,RAM2019_MAC_SIG_A_SAM,singscore,30,primary,5,3,0.3361395557023031,0.40217154920931436,0.06603199350701128,0.056586172181195084,1.0147200733925448,0.9455206273730036,-0.8385003562585422,2.8679405030436316,ESTIMATED
GSE256398_human,mash_cirrhosis_vs_healthy,macrophage_monocyte,cluster_36,RAM2019_MAC_SIG_A_SAM,singscore,20,sensitivity,6,3,0.3160430731399974,0.40217154920931436,0.08612847606931695,0.06689867352307713,1.144397061453528,0.8557945897775389,-0.5329603345104481,2.821754457417504,ESTIMATED
GSE256398_human,mash_cirrhosis_vs_healthy,macrophage_monocyte,cluster_36,RAM2019_MAC_SIG_A_SAM,standardized_mean,30,primary,5,3,-0.25175082878750016,-0.019591811030548554,0.2321590177569516,0.13654571714630842,1.4784601887502933,1.0479052519433514,-0.5754341050586755,3.532354482559262,ESTIMATED
GSE256398_human,mash_cirrhosis_vs_healthy,macrophage_monocyte,cluster_36,RAM2019_MAC_SIG_A_SAM,standardized_mean,20,sensitivity,6,3,-0.3297157862817302,-0.019591811030548554,0.3101239752511816,0.2050172240632866,1.344598030913408,0.8025587195972026,-0.2284170594971091,2.9176131213239254,ESTIMATED
GSE256398_human,mash_cirrhosis_vs_healthy,macrophage_monocyte,cluster_36,RAM2019_MAC_SIG_B_SAM,singscore,30,primary,5,3,0.5951540478006448,0.513770818689837,-0.08138322911080786,0.07333976284986253,-0.9649339262061525,0.7354599443653811,-2.4064354171622995,0.4765675647499945,ESTIMATED
GSE256398_human,mash_cirrhosis_vs_healthy,macrophage_monocyte,cluster_36,RAM2019_MAC_SIG_B_SAM,singscore,20,sensitivity,6,3,0.5793680347698024,0.513770818689837,-0.06559721607996538,0.07535465774924617,-0.773789414710839,0.7117057566156837,-2.168732697677579,0.6211538682559011,ESTIMATED
GSE256398_human,mash_cirrhosis_vs_healthy,macrophage_monocyte,cluster_36,RAM2019_MAC_SIG_B_SAM,standardized_mean,30,primary,5,3,0.040125138105047385,-0.128220304344692,-0.1683454424497394,0.2144768294504369,-0.6825321953692502,0.7603135062202367,-2.172746667560914,0.8076822768224137,ESTIMATED
GSE256398_human,mash_cirrhosis_vs_healthy,macrophage_monocyte,cluster_36,RAM2019_MAC_SIG_B_SAM,standardized_mean,20,sensitivity,6,3,-0.0287300330900144,-0.128220304344692,-0.0994902712546776,0.24443313436711034,-0.3617995444840313,0.6975776112653099,-1.7290516625640389,1.005452573595976,ESTIMATED
GSE256398_human,mash_cirrhosis_vs_healthy,macrophage_monocyte,cluster_36,RAM2019_MAC_SIG_C_KC,singscore,30,primary,5,3,0.8233239133593813,0.7468685449668196,-0.07645536839256162,0.04338529981030501,-1.5323837642633706,0.7328683474634723,-2.9688057252917766,-0.09596180323496495,ESTIMATED
GSE256398_human,mash_cirrhosis_vs_healthy,macrophage_monocyte,cluster_36,RAM2019_MAC_SIG_C_KC,singscore,20,sensitivity,6,3,0.8152698895138243,0.7468685449668196,-0.06840134454700464,0.04349010468884073,-1.3980466496438255,0.7187032336479154,-2.80670498759374,0.010611688306088718,ESTIMATED
GSE256398_human,mash_cirrhosis_vs_healthy,macrophage_monocyte,cluster_36,RAM2019_MAC_SIG_C_KC,standardized_mean,30,primary,5,3,0.3078828744323395,0.1319804016555932,-0.17590247277674634,0.1985822318569782,-0.7702535647295095,0.5968864991545451,-1.9401511030724177,0.39964397361339876,ESTIMATED
GSE256398_human,mash_cirrhosis_vs_healthy,macrophage_monocyte,cluster_36,RAM2019_MAC_SIG_C_KC,standardized_mean,20,sensitivity,6,3,0.275943211075618,0.1319804016555932,-0.1439628094200248,0.19538009831242606,-0.6549640562779371,0.5560153672803536,-1.7447541761474301,0.43482606359155596,ESTIMATED
GSE256398_human,mash_cirrhosis_vs_healthy,macrophage_monocyte,cluster_36,RAM2019_MAC_SIG_D_TMO,singscore,30,primary,5,3,0.2518073979499458,0.1807453476128742,-0.07106205033707158,0.03600376653277086,-1.7162950768882193,0.7078194453146829,-3.103621189704998,-0.32896896407144083,ESTIMATED
GSE256398_human,mash_cirrhosis_vs_healthy,macrophage_monocyte,cluster_36,RAM2019_MAC_SIG_D_TMO,singscore,20,sensitivity,6,3,0.23818837378295063,0.1807453476128742,-0.05744302617007643,0.04365769741509111,-1.1695639195365486,0.6279461058385536,-2.4003382869801135,0.06121044790701635,ESTIMATED
GSE256398_human,mash_cirrhosis_vs_healthy,macrophage_monocyte,cluster_36,RAM2019_MAC_SIG_D_TMO,standardized_mean,30,primary,5,3,0.08256782883608951,-0.1902292882515566,-0.2727971170876461,0.10551393952011784,-2.2481852682489545,0.7975240121527679,-3.8113323320683796,-0.6850382044295293,ESTIMATED
GSE256398_human,mash_cirrhosis_vs_healthy,macrophage_monocyte,cluster_36,RAM2019_MAC_SIG_D_TMO,standardized_mean,20,sensitivity,6,3,0.017913621042571527,-0.1902292882515566,-0.20814290929412813,0.16570375724706193,-1.116546314014487,0.6232992445865073,-2.3382128334040413,0.1051202053750675,ESTIMATED
GSE256398_human,mash_cirrhosis_vs_healthy,macrophage_monocyte,cluster_36,RAM2019_MAC_SIG_E_TMO,singscore,30,primary,5,3,0.5824594259747851,0.5411249990702768,-0.04133442690450828,0.06699547496655522,-0.5364986207636679,0.7255719033072283,-1.9586195512458353,0.8856223097184994,ESTIMATED
GSE256398_human,mash_cirrhosis_vs_healthy,macrophage_monocyte,cluster_36,RAM2019_MAC_SIG_E_TMO,singscore,20,sensitivity,6,3,0.5713670730080797,0.5411249990702768,-0.03024207393780287,0.06614007951321982,-0.4064380281686263,0.7161769355873998,-1.81014482191993,0.9972687655826774,ESTIMATED
GSE256398_human,mash_cirrhosis_vs_healthy,macrophage_monocyte,cluster_36,RAM2019_MAC_SIG_E_TMO,standardized_mean,30,primary,5,3,-0.025753095501603172,-0.17450907737201027,-0.1487559818704071,0.2949246492490099,-0.4385968688706738,0.7469756525790631,-1.9026691479256375,1.0254754101842898,ESTIMATED
GSE256398_human,mash_cirrhosis_vs_healthy,macrophage_monocyte,cluster_36,RAM2019_MAC_SIG_E_TMO,standardized_mean,20,sensitivity,6,3,-0.08605801542738634,-0.17450907737201027,-0.08845106194462393,0.3002341451566386,-0.2618728330582774,0.7287911885943599,-1.6903035627032226,1.1665578965866679,ESTIMATED
GSE256398_human,mash_cirrhosis_vs_healthy,macrophage_monocyte,cluster_36,RAM2019_MAC_SIG_F_CDC1,singscore,30,primary,5,3,0.41388330766544784,0.3909269155080916,-0.02295639215735623,0.0701091484186358,-0.2847286065669193,0.5936880976854838,-1.4483572780304674,0.878900064896629,ESTIMATED
GSE256398_human,mash_cirrhosis_vs_healthy,macrophage_monocyte,cluster_36,RAM2019_MAC_SIG_F_CDC1,singscore,20,sensitivity,6,3,0.3973913354146266,0.3909269155080916,-0.006464419906535013,0.07334002085547783,-0.07834945996748972,0.5430789965886177,-1.1427842932811803,0.9860853733462008,ESTIMATED
GSE256398_human,mash_cirrhosis_vs_healthy,macrophage_monocyte,cluster_36,RAM2019_MAC_SIG_F_CDC1,standardized_mean,30,primary,5,3,-0.07353509582271968,-0.10626843519469668,-0.032733339371977005,0.19622923092725347,-0.1450536866114951,0.593268158295517,-1.3078592768707085,1.0177519036477183,ESTIMATED
GSE256398_human,mash_cirrhosis_vs_healthy,macrophage_monocyte,cluster_36,RAM2019_MAC_SIG_F_CDC1,standardized_mean,20,sensitivity,6,3,-0.13014715867332097,-0.10626843519469668,0.023878723478624284,0.21619542621956686,0.09817752554784775,0.5359057295035573,-0.9521977042791246,1.14855275537482,ESTIMATED
GSE256398_human,mash_cirrhosis_vs_healthy,mesenchymal_hsc_myofibroblast,cluster_1,RAM2019_MES_HSC,singscore,30,primary,3,3,0.4715277208514359,0.4450045996484229,-0.026523121203012978,0.1943899906697873,-0.1091542670962648,0.7999999999999999,-1.6771542670962647,1.458845732903735,ESTIMATED
GSE256398_human,mash_cirrhosis_vs_healthy,mesenchymal_hsc_myofibroblast,cluster_1,RAM2019_MES_HSC,singscore,20,sensitivity,3,4,0.4715277208514359,0.37598710276798647,-0.09554061808344944,0.20411313157075056,-0.39416992289662345,0.7514600974472906,-1.8670317138933128,1.0786918681000661,ESTIMATED
GSE256398_human,mash_cirrhosis_vs_healthy,mesenchymal_hsc_myofibroblast,cluster_1,RAM2019_MES_HSC,standardized_mean,30,primary,3,3,0.4241348954870053,0.26297505094075746,-0.16115984454624782,0.5285947141543734,-0.243906857531204,0.7999999999999999,-1.8119068575312038,1.3240931424687958,ESTIMATED
GSE256398_human,mash_cirrhosis_vs_healthy,mesenchymal_hsc_myofibroblast,cluster_1,RAM2019_MES_HSC,standardized_mean,20,sensitivity,3,4,0.4241348954870053,0.07146035350005561,-0.3526745419869497,0.5581727401723265,-0.5320737947491305,0.7517201920442219,-2.0054453711558056,0.9412977816575443,ESTIMATED
GSE256398_human,mash_cirrhosis_vs_healthy,mesenchymal_hsc_myofibroblast,cluster_1,RAM2019_MES_MESOTHELIAL,singscore,30,primary,3,3,0.2209091607156569,0.33397793502935763,0.11306877431370074,0.15746505472414796,0.5744450386749138,0.8,-0.9935549613250862,2.142445038674914,ESTIMATED
GSE256398_human,mash_cirrhosis_vs_healthy,mesenchymal_hsc_myofibroblast,cluster_1,RAM2019_MES_MESOTHELIAL,singscore,20,sensitivity,3,4,0.2209091607156569,0.3074314511811714,0.08652229046551449,0.14672257051560936,0.49658941991978284,0.7997909065998554,-1.0710007570159337,2.0641795968554995,ESTIMATED
GSE256398_human,mash_cirrhosis_vs_healthy,mesenchymal_hsc_myofibroblast,cluster_1,RAM2019_MES_MESOTHELIAL,standardized_mean,30,primary,3,3,-0.3142543724963191,-0.0038857223988950085,0.3103686500974241,0.45021564248588786,0.5515022061582904,0.8,-1.0164977938417097,2.11950220615829,ESTIMATED
GSE256398_human,mash_cirrhosis_vs_healthy,mesenchymal_hsc_myofibroblast,cluster_1,RAM2019_MES_MESOTHELIAL,standardized_mean,20,sensitivity,3,4,-0.3142543724963191,-0.06915361520824831,0.2451007572880708,0.4151855664488355,0.49712864414255953,0.7969360127075494,-1.0648659407642374,2.0591232290493564,ESTIMATED
GSE256398_human,mash_cirrhosis_vs_healthy,mesenchymal_hsc_myofibroblast,cluster_1,RAM2019_MES_SAMES,singscore,30,primary,3,3,0.5885815559707737,0.6799908079674705,0.0914092519966968,0.11431810617643079,0.6396834591057482,0.7999999999999998,-0.9283165408942514,2.207683459105748,ESTIMATED
GSE256398_human,mash_cirrhosis_vs_healthy,mesenchymal_hsc_myofibroblast,cluster_1,RAM2019_MES_SAMES,singscore,20,sensitivity,3,4,0.5885815559707737,0.6666348694944687,0.07805331352369504,0.10432170503686959,0.6300616549737829,0.7335018229787074,-0.8076019180644834,2.067725228012049,ESTIMATED
GSE256398_human,mash_cirrhosis_vs_healthy,mesenchymal_hsc_myofibroblast,cluster_1,RAM2019_MES_SAMES,standardized_mean,30,primary,3,3,-0.033689449965672934,0.279901154839656,0.3135906048053289,0.33035492650071707,0.75940288374576,0.7999999999999997,-0.8085971162542394,2.3274028837457594,ESTIMATED
GSE256398_human,mash_cirrhosis_vs_healthy,mesenchymal_hsc_myofibroblast,cluster_1,RAM2019_MES_SAMES,standardized_mean,20,sensitivity,3,4,-0.033689449965672934,0.22164957747588038,0.2553390274415533,0.3089519266933262,0.6959734519201977,0.7193857154384643,-0.7140225503391924,2.1059694541795877,ESTIMATED
GSE256398_human,mash_cirrhosis_vs_healthy,mesenchymal_hsc_myofibroblast,cluster_1,RAM2019_MES_VSMC,singscore,30,primary,3,3,0.34038697480836405,0.4778950830373779,0.13750810822901383,0.12754322251943914,0.8625035843550584,0.8,-0.7054964156449417,2.4305035843550584,ESTIMATED
GSE256398_human,mash_cirrhosis_vs_healthy,mesenchymal_hsc_myofibroblast,cluster_1,RAM2019_MES_VSMC,singscore,20,sensitivity,3,4,0.34038697480836405,0.4661669388049279,0.12577996399656383,0.11551596153624699,0.9169292994031908,0.8253345817896461,-0.7007264809045155,2.5345850797108973,ESTIMATED
GSE256398_human,mash_cirrhosis_vs_healthy,mesenchymal_hsc_myofibroblast,cluster_1,RAM2019_MES_VSMC,standardized_mean,30,primary,3,3,-0.44700895525417145,-0.08457461061262406,0.3624343446415474,0.34385531069855546,0.8432252365804627,0.8,-0.7247747634195374,2.4112252365804627,ESTIMATED
GSE256398_human,mash_cirrhosis_vs_healthy,mesenchymal_hsc_myofibroblast,cluster_1,RAM2019_MES_VSMC,standardized_mean,20,sensitivity,3,4,-0.44700895525417145,-0.13617883981348827,0.3108301154406832,0.31777408844629995,0.8237036488417405,0.8136859834360716,-0.7711208786929596,2.418528176376441,ESTIMATED
GSE256398_human,mash_cirrhosis_vs_healthy,mesenchymal_hsc_myofibroblast,cluster_1,RAM2019_SAMES_A,singscore,30,primary,3,3,0.7557919412850763,0.7799948290621668,0.024202887777090454,0.0653606237534648,0.29623814935893966,0.7999999999999995,-1.2717618506410593,1.8642381493589386,ESTIMATED
GSE256398_human,mash_cirrhosis_vs_healthy,mesenchymal_hsc_myofibroblast,cluster_1,RAM2019_SAMES_A,singscore,20,sensitivity,3,4,0.7557919412850763,0.7756710063271521,0.019879065042075816,0.05884282431408931,0.28449119316969756,0.763010363215566,-1.2110091187328118,1.779991505072207,ESTIMATED
GSE256398_human,mash_cirrhosis_vs_healthy,mesenchymal_hsc_myofibroblast,cluster_1,RAM2019_SAMES_A,standardized_mean,30,primary,3,3,0.26114088611626424,0.2499813859747322,-0.011159500141532025,0.30351921635639434,-0.029413624021560374,0.7999999999999995,-1.5974136240215593,1.5385863759784386,ESTIMATED
GSE256398_human,mash_cirrhosis_vs_healthy,mesenchymal_hsc_myofibroblast,cluster_1,RAM2019_SAMES_A,standardized_mean,20,sensitivity,3,4,0.26114088611626424,0.21257584024319673,-0.04856504587306751,0.2775916990862971,-0.1473274628521972,0.708550075594138,-1.5360856110167076,1.2414306853123132,ESTIMATED
GSE256398_human,mash_cirrhosis_vs_healthy,mesenchymal_hsc_myofibroblast,cluster_1,RAM2019_SAMES_B,singscore,30,primary,3,3,0.43741850179670977,0.5089869500832876,0.07156844828657788,0.11658668244017205,0.4910917562015998,0.7999999999999996,-1.0769082437983994,2.059091756201599,ESTIMATED
GSE256398_human,mash_cirrhosis_vs_healthy,mesenchymal_hsc_myofibroblast,cluster_1,RAM2019_SAMES_B,singscore,20,sensitivity,3,4,0.43741850179670977,0.490821450868237,0.053402949071527206,0.10800892780729396,0.41636284513000354,0.7535621655945142,-1.0606189994352442,1.8933446896952515,ESTIMATED
GSE256398_human,mash_cirrhosis_vs_healthy,mesenchymal_hsc_myofibroblast,cluster_1,RAM2019_SAMES_B,standardized_mean,30,primary,3,3,-0.18391330157125838,0.043180018621894654,0.22709332019315304,0.29384039023745023,0.6182766637619577,0.8,-0.9497233362380424,2.1862766637619577,ESTIMATED
GSE256398_human,mash_cirrhosis_vs_healthy,mesenchymal_hsc_myofibroblast,cluster_1,RAM2019_SAMES_B,standardized_mean,20,sensitivity,3,4,-0.18391330157125838,-0.00727326587617521,0.17664003569508316,0.2741952248815819,0.5424948731600601,0.8156572975930199,-1.0561934301222589,2.1411831764423788,ESTIMATED
GSE256398_human,mash_cirrhosis_vs_healthy,mesenchymal_hsc_myofibroblast,cluster_22,RAM2019_MES_HSC,singscore,30,primary,6,4,0.2921903890118498,0.2685534333415307,-0.023636955670319093,0.1629779873652262,-0.13099626945043635,0.6868797032585949,-1.4772804878372823,1.2152879489364097,ESTIMATED
GSE256398_human,mash_cirrhosis_vs_healthy,mesenchymal_hsc_myofibroblast,cluster_22,RAM2019_MES_HSC,singscore,20,sensitivity,6,4,0.2921903890118498,0.2685534333415307,-0.023636955670319093,0.1629779873652262,-0.13099626945043635,0.6868797032585949,-1.4772804878372823,1.2152879489364097,ESTIMATED
GSE256398_human,mash_cirrhosis_vs_healthy,mesenchymal_hsc_myofibroblast,cluster_22,RAM2019_MES_HSC,standardized_mean,30,primary,6,4,-0.029797199151669562,-0.12201824315528093,-0.09222104400361136,0.3384338354298701,-0.24612322445883858,0.6914516546498788,-1.601368467572601,1.109122018654924,ESTIMATED
GSE256398_human,mash_cirrhosis_vs_healthy,mesenchymal_hsc_myofibroblast,cluster_22,RAM2019_MES_HSC,standardized_mean,20,sensitivity,6,4,-0.029797199151669562,-0.12201824315528093,-0.09222104400361136,0.3384338354298701,-0.24612322445883858,0.6914516546498788,-1.601368467572601,1.109122018654924,ESTIMATED
GSE256398_human,mash_cirrhosis_vs_healthy,mesenchymal_hsc_myofibroblast,cluster_22,RAM2019_MES_MESOTHELIAL,singscore,30,primary,6,4,0.41978370877959154,0.4305993621252973,0.010815653345705778,0.0842382027756461,0.11596849046618635,0.590159921158938,-1.040744955005332,1.2726819359377048,ESTIMATED
GSE256398_human,mash_cirrhosis_vs_healthy,mesenchymal_hsc_myofibroblast,cluster_22,RAM2019_MES_MESOTHELIAL,singscore,20,sensitivity,6,4,0.41978370877959154,0.4305993621252973,0.010815653345705778,0.0842382027756461,0.11596849046618635,0.590159921158938,-1.040744955005332,1.2726819359377048,ESTIMATED
GSE256398_human,mash_cirrhosis_vs_healthy,mesenchymal_hsc_myofibroblast,cluster_22,RAM2019_MES_MESOTHELIAL,standardized_mean,30,primary,6,4,0.2913744292651565,0.26824564700655706,-0.023128782258599434,0.25034621273023205,-0.08344649108104711,0.5862325629353196,-1.2324623144342735,1.0655693322721793,ESTIMATED
GSE256398_human,mash_cirrhosis_vs_healthy,mesenchymal_hsc_myofibroblast,cluster_22,RAM2019_MES_MESOTHELIAL,standardized_mean,20,sensitivity,6,4,0.2913744292651565,0.26824564700655706,-0.023128782258599434,0.25034621273023205,-0.08344649108104711,0.5862325629353196,-1.2324623144342735,1.0655693322721793,ESTIMATED
GSE256398_human,mash_cirrhosis_vs_healthy,mesenchymal_hsc_myofibroblast,cluster_22,RAM2019_MES_SAMES,singscore,30,primary,6,4,0.6482969765791303,0.6733636976454591,0.02506672106632879,0.06540853933124047,0.34614607789320695,0.5876901244159569,-0.8057265659620686,1.4980187217484824,ESTIMATED
GSE256398_human,mash_cirrhosis_vs_healthy,mesenchymal_hsc_myofibroblast,cluster_22,RAM2019_MES_SAMES,singscore,20,sensitivity,6,4,0.6482969765791303,0.6733636976454591,0.02506672106632879,0.06540853933124047,0.34614607789320695,0.5876901244159569,-0.8057265659620686,1.4980187217484824,ESTIMATED
GSE256398_human,mash_cirrhosis_vs_healthy,mesenchymal_hsc_myofibroblast,cluster_22,RAM2019_MES_SAMES,standardized_mean,30,primary,6,4,-0.028474054543006277,0.05085884786735748,0.07933290241036375,0.19445969350245088,0.36848522934057176,0.5865027853914019,-0.7810602300265759,1.5180306887077195,ESTIMATED
GSE256398_human,mash_cirrhosis_vs_healthy,mesenchymal_hsc_myofibroblast,cluster_22,RAM2019_MES_SAMES,standardized_mean,20,sensitivity,6,4,-0.028474054543006277,0.05085884786735748,0.07933290241036375,0.19445969350245088,0.36848522934057176,0.5865027853914019,-0.7810602300265759,1.5180306887077195,ESTIMATED
GSE256398_human,mash_cirrhosis_vs_healthy,mesenchymal_hsc_myofibroblast,cluster_22,RAM2019_MES_VSMC,singscore,30,primary,6,4,0.4301105867168362,0.4630795985774252,0.03296901186058898,0.0602211897741575,0.49448478911441224,0.662543126157034,-0.8040997381533745,1.793069316382199,ESTIMATED
GSE256398_human,mash_cirrhosis_vs_healthy,mesenchymal_hsc_myofibroblast,cluster_22,RAM2019_MES_VSMC,singscore,20,sensitivity,6,4,0.4301105867168362,0.4630795985774252,0.03296901186058898,0.0602211897741575,0.49448478911441224,0.662543126157034,-0.8040997381533745,1.793069316382199,ESTIMATED
GSE256398_human,mash_cirrhosis_vs_healthy,mesenchymal_hsc_myofibroblast,cluster_22,RAM2019_MES_VSMC,standardized_mean,30,primary,6,4,-0.2203297387287412,-0.08309215166395088,0.13723758706479033,0.17390392249750733,0.7127874315419506,0.6301232954603752,-0.5222542275603846,1.9478290906442859,ESTIMATED
GSE256398_human,mash_cirrhosis_vs_healthy,mesenchymal_hsc_myofibroblast,cluster_22,RAM2019_MES_VSMC,standardized_mean,20,sensitivity,6,4,-0.2203297387287412,-0.08309215166395088,0.13723758706479033,0.17390392249750733,0.7127874315419506,0.6301232954603752,-0.5222542275603846,1.9478290906442859,ESTIMATED
GSE256398_human,mash_cirrhosis_vs_healthy,mesenchymal_hsc_myofibroblast,cluster_22,RAM2019_SAMES_A,singscore,30,primary,6,4,0.70638038091952,0.7736316183679566,0.06725123744843653,0.043274375452736075,1.403672555495944,0.6477436044904625,0.13409509069463743,2.6732500202972505,ESTIMATED
GSE256398_human,mash_cirrhosis_vs_healthy,mesenchymal_hsc_myofibroblast,cluster_22,RAM2019_SAMES_A,singscore,20,sensitivity,6,4,0.70638038091952,0.7736316183679566,0.06725123744843653,0.043274375452736075,1.403672555495944,0.6477436044904625,0.13409509069463743,2.6732500202972505,ESTIMATED
GSE256398_human,mash_cirrhosis_vs_healthy,mesenchymal_hsc_myofibroblast,cluster_22,RAM2019_SAMES_A,standardized_mean,30,primary,6,4,-0.1817717011102221,0.06312830592243067,0.24490000703265274,0.13523104762598917,1.635719091401629,0.6737238779968038,0.3152202905278938,2.9562178922753644,ESTIMATED
GSE256398_human,mash_cirrhosis_vs_healthy,mesenchymal_hsc_myofibroblast,cluster_22,RAM2019_SAMES_A,standardized_mean,20,sensitivity,6,4,-0.1817717011102221,0.06312830592243067,0.24490000703265274,0.13523104762598917,1.635719091401629,0.6737238779968038,0.3152202905278938,2.9562178922753644,ESTIMATED
GSE256398_human,mash_cirrhosis_vs_healthy,mesenchymal_hsc_myofibroblast,cluster_22,RAM2019_SAMES_B,singscore,30,primary,6,4,0.4972669789147508,0.5527985443265191,0.05553156541176829,0.06368368643737347,0.7876042634857489,0.6055322848456428,-0.399239014811711,1.9744475417832086,ESTIMATED
GSE256398_human,mash_cirrhosis_vs_healthy,mesenchymal_hsc_myofibroblast,cluster_22,RAM2019_SAMES_B,singscore,20,sensitivity,6,4,0.4972669789147508,0.5527985443265191,0.05553156541176829,0.06368368643737347,0.7876042634857489,0.6055322848456428,-0.399239014811711,1.9744475417832086,ESTIMATED
GSE256398_human,mash_cirrhosis_vs_healthy,mesenchymal_hsc_myofibroblast,cluster_22,RAM2019_SAMES_B,standardized_mean,30,primary,6,4,-0.08650730852406285,0.026861358467210092,0.11336866699127295,0.2265317289792158,0.45202279667821627,0.5590999108243981,-0.643813028537604,1.5478586218940364,ESTIMATED
GSE256398_human,mash_cirrhosis_vs_healthy,mesenchymal_hsc_myofibroblast,cluster_22,RAM2019_SAMES_B,standardized_mean,20,sensitivity,6,4,-0.08650730852406285,0.026861358467210092,0.11336866699127295,0.2265317289792158,0.45202279667821627,0.5590999108243981,-0.643813028537604,1.5478586218940364,ESTIMATED
GSE256398_human,mash_cirrhosis_vs_healthy,mesenchymal_hsc_myofibroblast,cluster_37,RAM2019_MES_HSC,singscore,30,primary,3,4,-0.03212239618912301,0.2027556903571331,0.2348780865462561,0.20572030648699577,0.9614611034694371,0.6915707214218587,-0.39401751051740597,2.3169397174562802,ESTIMATED
GSE256398_human,mash_cirrhosis_vs_healthy,mesenchymal_hsc_myofibroblast,cluster_37,RAM2019_MES_HSC,singscore,20,sensitivity,5,4,-0.0010110118315709072,0.2027556903571331,0.203766702188704,0.17704297578752473,1.0230620937960602,0.7487240271274934,-0.44443699937382686,2.490561186965947,ESTIMATED
GSE256398_human,mash_cirrhosis_vs_healthy,mesenchymal_hsc_myofibroblast,cluster_37,RAM2019_MES_HSC,standardized_mean,30,primary,3,4,-0.7906436418612769,-0.3659623794282214,0.4246812624330555,0.43357884935565366,0.8248241970079666,0.6698194484793131,-0.488021922011487,2.13767031602742,ESTIMATED
GSE256398_human,mash_cirrhosis_vs_healthy,mesenchymal_hsc_myofibroblast,cluster_37,RAM2019_MES_HSC,standardized_mean,20,sensitivity,5,4,-0.7002797130226291,-0.3659623794282214,0.33431733359440774,0.38411469074293647,0.7736516471688574,0.7504624903055052,-0.6972548338299328,2.2445581281676477,ESTIMATED
GSE256398_human,mash_cirrhosis_vs_healthy,mesenchymal_hsc_myofibroblast,cluster_37,RAM2019_MES_MESOTHELIAL,singscore,30,primary,3,4,0.2905825554571381,0.38169354760212976,0.09111099214499163,0.1413592734501227,0.5427662730871828,0.8431140433912419,-1.1097372519596513,2.195269798134017,ESTIMATED
GSE256398_human,mash_cirrhosis_vs_healthy,mesenchymal_hsc_myofibroblast,cluster_37,RAM2019_MES_MESOTHELIAL,singscore,20,sensitivity,5,4,0.23580502967123168,0.38169354760212976,0.14588851793089808,0.13572593353866885,0.9554451328809374,0.6480384130978525,-0.31471015679085357,2.2256004225527284,ESTIMATED
GSE256398_human,mash_cirrhosis_vs_healthy,mesenchymal_hsc_myofibroblast,cluster_37,RAM2019_MES_MESOTHELIAL,standardized_mean,30,primary,3,4,-0.05159027563500732,0.13777024299153173,0.18936051862653905,0.4317911630926443,0.3693023456700602,0.866670028051003,-1.3293709093099058,2.0679756006500263,ESTIMATED
GSE256398_human,mash_cirrhosis_vs_healthy,mesenchymal_hsc_myofibroblast,cluster_37,RAM2019_MES_MESOTHELIAL,standardized_mean,20,sensitivity,5,4,-0.23782789848976765,0.13777024299153173,0.3755981414812994,0.42312194672921977,0.7890515186717635,0.6329533864822514,-0.45153711883344916,2.029640156176976,ESTIMATED
GSE256398_human,mash_cirrhosis_vs_healthy,mesenchymal_hsc_myofibroblast,cluster_37,RAM2019_MES_SAMES,singscore,30,primary,3,4,0.5793835614714195,0.674962151428468,0.0955785899570486,0.12613052865131144,0.6381265067916138,0.8606447013075595,-1.0487371077712029,2.32499012135443,ESTIMATED
GSE256398_human,mash_cirrhosis_vs_healthy,mesenchymal_hsc_myofibroblast,cluster_37,RAM2019_MES_SAMES,singscore,20,sensitivity,5,4,0.5279210571605841,0.674962151428468,0.14704109426788392,0.11918463797748373,1.096644644165283,0.6397817030283897,-0.1573274937703606,2.3506167821009267,ESTIMATED
GSE256398_human,mash_cirrhosis_vs_healthy,mesenchymal_hsc_myofibroblast,cluster_37,RAM2019_MES_SAMES,standardized_mean,30,primary,3,4,-0.040299485745993326,0.19286897585272353,0.23316846159871685,0.3646286319210367,0.5384996446390711,0.8558950537688425,-1.13905466074786,2.2160539500260024,ESTIMATED
GSE256398_human,mash_cirrhosis_vs_healthy,mesenchymal_hsc_myofibroblast,cluster_37,RAM2019_MES_SAMES,standardized_mean,20,sensitivity,5,4,-0.18295606549167404,0.19286897585272353,0.37582504134439754,0.341820042499841,0.9773174825387767,0.6433962057343416,-0.2837390807005329,2.2383740457780865,ESTIMATED
GSE256398_human,mash_cirrhosis_vs_healthy,mesenchymal_hsc_myofibroblast,cluster_37,RAM2019_MES_VSMC,singscore,30,primary,3,4,0.4247096570560853,0.5366063240458385,0.1118966669897532,0.09105605276222893,1.0348435863780885,0.8755702335207192,-0.6812740713225209,2.750961244078698,ESTIMATED
GSE256398_human,mash_cirrhosis_vs_healthy,mesenchymal_hsc_myofibroblast,cluster_37,RAM2019_MES_VSMC,singscore,20,sensitivity,5,4,0.34753447705961443,0.5366063240458385,0.1890718469862241,0.11754579661190995,1.4297734911154298,0.6113216404671344,0.23158307579984627,2.627963906431013,ESTIMATED
GSE256398_human,mash_cirrhosis_vs_healthy,mesenchymal_hsc_myofibroblast,cluster_37,RAM2019_MES_VSMC,standardized_mean,30,primary,3,4,-0.06017322659380606,0.08914003397914216,0.14931326057294822,0.2912976056525372,0.43164612460881957,0.8580778353816898,-1.2501864327392922,2.1134786819569316,ESTIMATED
GSE256398_human,mash_cirrhosis_vs_healthy,mesenchymal_hsc_myofibroblast,cluster_37,RAM2019_MES_VSMC,standardized_mean,20,sensitivity,5,4,-0.3391620739956868,0.08914003397914216,0.428302107974829,0.40781376705680705,0.9335461811751015,0.6128210845273769,-0.26758314449855736,2.1346755068487604,ESTIMATED
GSE256398_human,mash_cirrhosis_vs_healthy,mesenchymal_hsc_myofibroblast,cluster_37,RAM2019_SAMES_A,singscore,30,primary,3,4,0.6909495029400942,0.7878971651946325,0.09694766225453832,0.0834278924485767,0.9785712456505127,0.8557018816493812,-0.6986044423822744,2.6557469336832997,ESTIMATED
GSE256398_human,mash_cirrhosis_vs_healthy,mesenchymal_hsc_myofibroblast,cluster_37,RAM2019_SAMES_A,singscore,20,sensitivity,5,4,0.6759110972720732,0.7878971651946325,0.11198606792255927,0.07223504809508871,1.3780453410328293,0.6526038753698785,0.09894174530786737,2.657148936757791,ESTIMATED
GSE256398_human,mash_cirrhosis_vs_healthy,mesenchymal_hsc_myofibroblast,cluster_37,RAM2019_SAMES_A,standardized_mean,30,primary,3,4,-0.14482757899551196,0.179538670070517,0.32436624906602896,0.23499882251076956,1.1623484858813262,0.7281343912522619,-0.2647949209731071,2.5894918927357597,ESTIMATED
GSE256398_human,mash_cirrhosis_vs_healthy,mesenchymal_hsc_myofibroblast,cluster_37,RAM2019_SAMES_A,standardized_mean,20,sensitivity,5,4,-0.16842143960286865,0.179538670070517,0.34796010967338564,0.2014415989297449,1.5354220623174408,0.7312628972388283,0.10214678372933728,2.9686973409055444,ESTIMATED
GSE256398_human,mash_cirrhosis_vs_healthy,mesenchymal_hsc_myofibroblast,cluster_37,RAM2019_SAMES_B,singscore,30,primary,3,4,0.4737103068769719,0.5525672107971418,0.07885690392016986,0.12317695819762378,0.539109057401553,0.8844014825411569,-1.1943178483791144,2.2725359631822206,ESTIMATED
GSE256398_human,mash_cirrhosis_vs_healthy,mesenchymal_hsc_myofibroblast,cluster_37,RAM2019_SAMES_B,singscore,20,sensitivity,5,4,0.42840891697410644,0.5525672107971418,0.12415829382303534,0.11732681360551295,0.9406454027957369,0.6248944990262827,-0.28414781529577704,2.165438620887251,ESTIMATED
GSE256398_human,mash_cirrhosis_vs_healthy,mesenchymal_hsc_myofibroblast,cluster_37,RAM2019_SAMES_B,standardized_mean,30,primary,3,4,0.04012448505955205,0.1427625222387904,0.10263803717923836,0.4032555250525852,0.21433564065256494,0.9187732968306553,-1.5864600211355195,2.0151313024406496,ESTIMATED
GSE256398_human,mash_cirrhosis_vs_healthy,mesenchymal_hsc_myofibroblast,cluster_37,RAM2019_SAMES_B,standardized_mean,20,sensitivity,5,4,-0.10737649241656437,0.1427625222387904,0.25013901465535476,0.38713434981844436,0.5743375417578781,0.6029673519691122,-0.6074784681015818,1.7561535516173379,ESTIMATED
