cluster,n_cells,n_donors,n_control_donors,n_f4_donors,winner,second,top_score,second_score,top_minus_second_score,winner_anchors_z_gt_0_5,passes_automatic_rule,provisional_label,score_macrophage_monocyte,anchors_macrophage_monocyte,score_endothelial,anchors_endothelial,score_mesenchymal_hsc_myofibroblast,anchors_mesenchymal_hsc_myofibroblast,score_t_nk,anchors_t_nk,score_b_plasma,anchors_b_plasma,score_epithelial,anchors_epithelial,score_neutrophil,anchors_neutrophil,score_dendritic,anchors_dendritic,mean_log1p_cp10k_LST1,z_LST1,mean_log1p_cp10k_TYROBP,z_TYROBP,mean_log1p_cp10k_FCER1G,z_FCER1G,mean_log1p_cp10k_AIF1,z_AIF1,mean_log1p_cp10k_CTSS,z_CTSS,mean_log1p_cp10k_C1QA,z_C1QA,mean_log1p_cp10k_C1QB,z_C1QB,mean_log1p_cp10k_C1QC,z_C1QC,mean_log1p_cp10k_CD68,z_CD68,mean_log1p_cp10k_CD163,z_CD163,mean_log1p_cp10k_FCGR3A,z_FCGR3A,mean_log1p_cp10k_MARCO,z_MARCO,mean_log1p_cp10k_SPP1,z_SPP1,mean_log1p_cp10k_TREM2,z_TREM2,mean_log1p_cp10k_GPNMB,z_GPNMB,mean_log1p_cp10k_PECAM1,z_PECAM1,mean_log1p_cp10k_VWF,z_VWF,mean_log1p_cp10k_KDR,z_KDR,mean_log1p_cp10k_EMCN,z_EMCN,mean_log1p_cp10k_ESAM,z_ESAM,mean_log1p_cp10k_EGFL7,z_EGFL7,mean_log1p_cp10k_ENG,z_ENG,mean_log1p_cp10k_CDH5,z_CDH5,mean_log1p_cp10k_RAMP2,z_RAMP2,mean_log1p_cp10k_PLVAP,z_PLVAP,mean_log1p_cp10k_KLF2,z_KLF2,mean_log1p_cp10k_CA4,z_CA4,mean_log1p_cp10k_FCN3,z_FCN3,mean_log1p_cp10k_COL1A1,z_COL1A1,mean_log1p_cp10k_COL1A2,z_COL1A2,mean_log1p_cp10k_COL3A1,z_COL3A1,mean_log1p_cp10k_DCN,z_DCN,mean_log1p_cp10k_LUM,z_LUM,mean_log1p_cp10k_COL6A1,z_COL6A1,mean_log1p_cp10k_COL6A2,z_COL6A2,mean_log1p_cp10k_COL6A3,z_COL6A3,mean_log1p_cp10k_PDGFRB,z_PDGFRB,mean_log1p_cp10k_RGS5,z_RGS5,mean_log1p_cp10k_CSPG4,z_CSPG4,mean_log1p_cp10k_ACTA2,z_ACTA2,mean_log1p_cp10k_DES,z_DES,mean_log1p_cp10k_LRAT,z_LRAT,mean_log1p_cp10k_RBP1,z_RBP1,mean_log1p_cp10k_RELN,z_RELN,mean_log1p_cp10k_PDGFRA,z_PDGFRA,mean_log1p_cp10k_CD3D,z_CD3D,mean_log1p_cp10k_CD3E,z_CD3E,mean_log1p_cp10k_TRBC1,z_TRBC1,mean_log1p_cp10k_TRBC2,z_TRBC2,mean_log1p_cp10k_NKG7,z_NKG7,mean_log1p_cp10k_GNLY,z_GNLY,mean_log1p_cp10k_PRF1,z_PRF1,mean_log1p_cp10k_GZMB,z_GZMB,mean_log1p_cp10k_IL7R,z_IL7R,mean_log1p_cp10k_CD79A,z_CD79A,mean_log1p_cp10k_CD79B,z_CD79B,mean_log1p_cp10k_MS4A1,z_MS4A1,mean_log1p_cp10k_CD19,z_CD19,mean_log1p_cp10k_CD37,z_CD37,mean_log1p_cp10k_CD74,z_CD74,mean_log1p_cp10k_MZB1,z_MZB1,mean_log1p_cp10k_JCHAIN,z_JCHAIN,mean_log1p_cp10k_CD38,z_CD38,mean_log1p_cp10k_EPCAM,z_EPCAM,mean_log1p_cp10k_KRT19,z_KRT19,mean_log1p_cp10k_KRT7,z_KRT7,mean_log1p_cp10k_KRT8,z_KRT8,mean_log1p_cp10k_KRT18,z_KRT18,mean_log1p_cp10k_KRT17,z_KRT17,mean_log1p_cp10k_KRT23,z_KRT23,mean_log1p_cp10k_ALB,z_ALB,mean_log1p_cp10k_HNF4A,z_HNF4A,mean_log1p_cp10k_FCGR3B,z_FCGR3B,mean_log1p_cp10k_CSF3R,z_CSF3R,mean_log1p_cp10k_S100A8,z_S100A8,mean_log1p_cp10k_S100A9,z_S100A9,mean_log1p_cp10k_CEACAM8,z_CEACAM8,mean_log1p_cp10k_MPO,z_MPO,mean_log1p_cp10k_ELANE,z_ELANE,mean_log1p_cp10k_FCER1A,z_FCER1A,mean_log1p_cp10k_CD1C,z_CD1C,mean_log1p_cp10k_CLEC10A,z_CLEC10A,mean_log1p_cp10k_CLEC9A,z_CLEC9A,mean_log1p_cp10k_XCR1,z_XCR1
0,9805,23,3,3,neutrophil,macrophage_monocyte,1.6493881940841675,0.4077207148075104,1.241667479276657,4,True,neutrophil,0.4077207148075104,6,-0.16991695761680603,1,-0.25816455483436584,0,-0.7514011859893799,0,-0.321964293718338,0,0.33798155188560486,1,1.6493881940841675,4,-0.25150611996650696,0,2.5593180656433105,2.6258575916290283,3.3369898796081543,1.675459384918213,1.553588628768921,0.651597261428833,1.9313496351242065,1.4234060049057007,2.7933390140533447,1.9315192699432373,0.10181925445795059,-0.43959885835647583,0.13736644387245178,-0.4692903161048889,0.06806525588035583,-0.41454359889030457,0.016208473592996597,-0.40062475204467773,0.010108089074492455,-0.3548537790775299,0.991605818271637,0.994050145149231,0.027711516246199608,-0.35297515988349915,0.0772227868437767,-0.2168581634759903,0.021978123113512993,-0.2010471522808075,0.04417874664068222,-0.3362868130207062,1.2250583171844482,1.5945839881896973,0.008595642633736134,-0.20413459837436676,0.006240842863917351,-0.31118860840797424,0.008298259228467941,-0.31504926085472107,0.011385618709027767,-0.4009377062320709,0.01347736269235611,-0.3760189116001129,0.018777763471007347,-0.5267214179039001,0.0064826058223843575,-0.38443684577941895,0.015590512193739414,-0.3326314687728882,0.005684865638613701,-0.25132614374160767,1.252209186553955,-0.21461154520511627,0.0008336823666468263,-0.17025569081306458,0.05338716134428978,-0.3161923885345459,0.002602966967970133,-0.18156199157238007,0.000474034488433972,-0.19678877294063568,0.001374579151161015,-0.21178340911865234,0.0015037169214338064,-0.20448869466781616,0.0,-0.16548258066177368,0.005885501857846975,-0.3027498126029968,0.004978710785508156,-0.4270232021808624,0.0,-0.19772547483444214,0.0013081321958452463,-0.24303649365901947,0.006520318333059549,-0.23163187503814697,0.0,-0.2304268181324005,0.023138169199228287,-0.2690722644329071,0.0,-0.24766848981380463,0.0,-0.32205602526664734,0.008279678411781788,-0.42300477623939514,0.00502683874219656,-0.3028503656387329,0.0,-0.23144637048244476,0.10190125554800034,-0.7482267618179321,0.06863731890916824,-0.7706547379493713,0.11546184867620468,-0.9511937499046326,0.2268158346414566,-1.0164605379104614,0.381986528635025,-0.9181035161018372,0.18442128598690033,-0.47906166315078735,0.06215829774737358,-0.7326818108558655,0.06309797614812851,-0.4904749393463135,0.11279285699129105,-0.6557528972625732,0.01333730947226286,-0.3221835494041443,0.0,-0.23596885800361633,0.008763478137552738,-0.3247402012348175,0.0010287902550771832,-0.19629156589508057,1.0175321102142334,0.2903943657875061,1.402583122253418,-1.1268446445465088,0.022013697773218155,-0.26325705647468567,0.07473865896463394,-0.20770947635173798,0.026680588722229004,-0.5110776424407959,0.004370191600173712,-0.19108319282531738,0.006202542223036289,-0.19074665009975433,0.009492638520896435,-0.17403022944927216,0.019016439095139503,-0.20588639378547668,0.017489196732640266,-0.2406749576330185,0.0,-0.25350475311279297,0.48239433765411377,4.792725086212158,0.13365060091018677,-0.2616938650608063,0.0,-0.2332710176706314,3.3619863986968994,3.42018985748291,3.4767398834228516,3.1604857444763184,5.1381731033325195,2.753366708755493,5.336214542388916,2.72245454788208,0.0011710552498698235,-0.16763189435005188,0.0,-0.17558683454990387,0.0,-0.16756144165992737,0.014646920375525951,-0.2281571477651596,0.020323770120739937,-0.25526031851768494,0.006132483948022127,-0.33559978008270264,0.004613847937434912,-0.23207518458366394,0.0,-0.20643816888332367
1,12478,23,3,3,t_nk,b_plasma,1.2647669315338135,-0.0565732978284359,1.3213402293622494,7,True,t_nk,-0.31898364424705505,0,-0.23482680320739746,1,-0.24738213419914246,0,1.2647669315338135,7,-0.0565732978284359,1,-0.24891617894172668,0,-0.30421823263168335,0,-0.24724845588207245,0,0.387755811214447,-0.4196780025959015,1.098142385482788,-0.4052806794643402,0.49265286326408386,-0.6204565763473511,0.28257879614830017,-0.5575098395347595,0.8390936851501465,-0.37003615498542786,0.29099708795547485,-0.19732289016246796,0.3872380256652832,-0.16288277506828308,0.2241687774658203,-0.20659896731376648,0.027180232107639313,-0.3563269078731537,0.03843313828110695,-0.2758793532848358,0.24107766151428223,-0.3770686686038971,0.14804869890213013,-0.12411234527826309,0.05473892390727997,-0.2646107077598572,0.026564769446849823,-0.187432199716568,0.0818922147154808,-0.25955846905708313,0.3833991289138794,-0.21345742046833038,0.004054578486829996,-0.2188282608985901,0.010680164210498333,-0.29868191480636597,0.008896172046661377,-0.31337517499923706,0.013764254748821259,-0.39486971497535706,0.021807661280035973,-0.35379981994628906,0.07385201752185822,-0.4242801070213318,0.02046162821352482,-0.3462640643119812,0.020763562992215157,-0.3222377896308899,0.008276830427348614,-0.24308103322982788,1.57549250125885,0.5323293209075928,0.0018499426078051329,-0.1670452356338501,0.07469572871923447,-0.2891572415828705,0.0022705874871462584,-0.18307580053806305,9.24928390304558e-05,-0.19821426272392273,0.00032589846523478627,-0.21483971178531647,0.0002516841923352331,-0.20837131142616272,0.0,-0.16548258066177368,0.01835482008755207,-0.2508009076118469,0.020927930250763893,-0.370370090007782,0.0020518386736512184,-0.17690826952457428,0.00041315139969810843,-0.24697092175483704,0.004101486876606941,-0.2357359528541565,0.0,-0.2304268181324005,0.05676567927002907,-0.2195132076740265,0.0,-0.24766848981380463,0.00012493938265834004,-0.317961186170578,0.01039852388203144,-0.41588306427001953,0.008611591532826424,-0.2918272018432617,0.0,-0.23144637048244476,2.173156261444092,2.191903591156006,1.8273004293441772,2.27874493598938,1.9008619785308838,2.2792460918426514,2.47719669342041,2.0348761081695557,2.656489133834839,1.2714385986328125,0.36867350339889526,-0.23062463104724884,0.9660705327987671,0.8268710970878601,0.19336052238941193,-0.2712298035621643,1.2342188358306885,1.0016756057739258,0.020117729902267456,-0.31053969264030457,6.0389258578652516e-05,-0.23577569425106049,0.132217139005661,-0.13256298005580902,0.00046801904682070017,-0.1984407752752304,1.5312316417694092,1.1488306522369385,2.6867640018463135,-0.10202434659004211,0.01722690463066101,-0.27327144145965576,0.03377027437090874,-0.27744367718696594,0.14818285405635834,-0.1279318630695343,0.001702445442788303,-0.20124000310897827,0.002089366316795349,-0.20652107894420624,0.004951521288603544,-0.1878206580877304,0.013041701167821884,-0.21827541291713715,0.017878735437989235,-0.23980647325515747,0.0,-0.25350475311279297,0.0028005780186504126,-0.3625512719154358,0.0961783230304718,-0.33725476264953613,0.0,-0.2332710176706314,0.06172172725200653,-0.37750768661499023,0.11695350706577301,-0.48135799169540405,0.6142165660858154,-0.39704352617263794,0.8096428513526917,-0.3910651206970215,0.0024979787413030863,-0.16220854222774506,0.0024442607536911964,-0.1596236526966095,0.000992382992990315,-0.16072116792201996,0.014073963277041912,-0.22980576753616333,0.019573617726564407,-0.25725656747817993,0.01308295875787735,-0.31093040108680725,0.004362938459962606,-0.2327207326889038,0.0002430490858387202,-0.20552891492843628
2,2112,24,3,3,b_plasma,dendritic,1.5824108123779297,-0.09577615559101105,1.6781869679689407,5,True,b_plasma,-0.287043958902359,0,-0.3126447796821594,0,-0.24909928441047668,0,-0.40435802936553955,1,1.5824108123779297,5,-0.2223188877105713,0,-0.2517244219779968,0,-0.09577615559101105,0,0.25482720136642456,-0.6061054468154907,1.223168969154358,-0.28908348083496094,1.0520496368408203,0.05025583505630493,0.3272213041782379,-0.5038740634918213,0.976469099521637,-0.20824626088142395,0.223733052611351,-0.28346648812294006,0.30773118138313293,-0.2603788375854492,0.19338086247444153,-0.2476113736629486,0.05298815295100212,-0.2521288990974426,0.022210318595170975,-0.32111096382141113,0.1090492457151413,-0.6182677149772644,0.10010108351707458,-0.21530133485794067,0.10313133150339127,-0.16183209419250488,0.03257538005709648,-0.16959035396575928,0.10186796635389328,-0.2189176082611084,0.37509793043136597,-0.23128995299339294,0.003745319787412882,-0.21982893347740173,0.01207671221345663,-0.2947474718093872,0.010935616679489613,-0.3076648712158203,0.021173538640141487,-0.3759685158729553,0.026546569541096687,-0.3411599099636078,0.046008627861738205,-0.47607043385505676,0.011756602674722672,-0.3700350522994995,0.030321428552269936,-0.30303406715393066,0.0934564471244812,0.027878062799572945,1.0254582166671753,-0.7385159730911255,0.0037442250177264214,-0.16106104850769043,0.08752202987670898,-0.27288392186164856,0.005241630133241415,-0.16954439878463745,0.00013512501027435064,-0.1980549842119217,0.0008658127044327557,-0.21326617896556854,0.002355747390538454,-0.20184649527072906,0.0007689372287131846,-0.15609684586524963,0.007902299985289574,-0.2943475544452667,0.007633627392351627,-0.4175926744937897,0.0019518340704962611,-0.17792287468910217,0.003013696987181902,-0.23553869128227234,0.009928877465426922,-0.2258484959602356,0.0,-0.2304268181324005,0.02831956371665001,-0.2614361047744751,0.0,-0.24766848981380463,0.0006742097320966423,-0.29995906352996826,0.01712309569120407,-0.39328083395957947,0.012324050068855286,-0.28041133284568787,0.0,-0.23144637048244476,0.19377127289772034,-0.6178179979324341,0.16157694160938263,-0.6095038652420044,0.2572481036186218,-0.6946506500244141,0.4080178737640381,-0.7707650661468506,0.6824930906295776,-0.628821849822998,0.31690630316734314,-0.30042511224746704,0.1359504908323288,-0.6053653955459595,1.0301324129104614,1.1371427774429321,0.18501225113868713,-0.5490151643753052,0.8261001110076904,1.0735523700714111,0.01793063059449196,-0.17860980331897736,0.051984094083309174,-0.25745972990989685,0.057111527770757675,0.01865069381892681,0.7058594226837158,-0.23043762147426605,3.455921173095703,0.5117894411087036,2.9231889247894287,5.80626106262207,3.711247205734253,5.982163429260254,0.6694351434707642,1.5157874822616577,0.006374454125761986,-0.18345241248607635,0.010332757607102394,-0.17490684986114502,0.006469931453466415,-0.18320956826210022,0.02691938355565071,-0.18949908018112183,0.03830355778336525,-0.19426892697811127,0.0,-0.25350475311279297,0.010476772673428059,-0.28003785014152527,0.09294344484806061,-0.34377771615982056,0.0009788958122953773,-0.19821295142173767,0.11973446607589722,-0.3107509911060333,0.19899572432041168,-0.3924282491207123,0.7495123147964478,-0.3028257489204407,0.9608977437019348,-0.2870272099971771,0.004205692559480667,-0.15522883832454681,0.0028347824700176716,-0.1570732146501541,0.0015704563120380044,-0.15673665702342987,0.24969857931137085,0.44817742705345154,0.031218459829688072,-0.22626857459545135,0.020001530647277832,-0.2863742411136627,0.004875140730291605,-0.2314029186964035,0.006261842790991068,-0.1830124855041504
3,1699,24,3,3,endothelial,mesenchymal_hsc_myofibroblast,2.9720141887664795,0.049257371574640274,2.922756817191839,11,True,endothelial,-0.4473452866077423,0,2.9720141887664795,11,0.049257371574640274,2,-0.7055789828300476,0,-0.3790266215801239,0,-0.16116291284561157,0,-0.31743571162223816,0,-0.2520507872104645,0,0.1768370419740677,-0.7154837846755981,0.5292646884918213,-0.9339842200279236,0.3256346583366394,-0.8207101821899414,0.2032524198293686,-0.6528164744377136,0.5333433747291565,-0.7301246523857117,0.2486819177865982,-0.2515150010585785,0.3128017485141754,-0.25416100025177,0.23018372058868408,-0.19858649373054504,0.02535570040345192,-0.36369335651397705,0.034051183611154556,-0.2880968749523163,0.09833825379610062,-0.6378353238105774,0.09477973729372025,-0.2254217118024826,0.08559898287057877,-0.19906830787658691,0.02451391890645027,-0.19351992011070251,0.08896853774785995,-0.24516160786151886,2.171987771987915,3.628765821456909,1.9330191612243652,6.022777080535889,0.6050671935081482,1.3758593797683716,1.7962678670883179,4.691132068634033,1.5558475255966187,3.53901743888855,1.2424248456954956,2.901905059814453,1.5974528789520264,2.4097063541412354,1.3069491386413574,3.1667699813842773,2.058140993118286,3.771268606185913,1.965949535369873,5.984338283538818,1.8021470308303833,1.0560109615325928,0.029473798349499702,-0.0797792598605156,0.43534624576568604,0.16841666400432587,0.0014908233424648643,-0.18662717938423157,0.043935298919677734,-0.034412916749715805,0.39598706364631653,0.9382812976837158,0.014414039440453053,-0.1644531637430191,0.0,-0.16548258066177368,0.16381163895130157,0.35519278049468994,0.2478826642036438,0.4357943534851074,0.003104101400822401,-0.1662323772907257,0.0033127563074231148,-0.23422400653362274,0.08661650121212006,-0.09573119878768921,0.0,-0.2304268181324005,0.053603723645210266,-0.2241731733083725,0.0022011143155395985,-0.18588270246982574,0.0015162050258368254,-0.27236297726631165,0.5828489661216736,1.508201241493225,0.01776493526995182,-0.26368051767349243,0.0038822649512439966,-0.17640477418899536,0.14968803524971008,-0.6803938150405884,0.10312642902135849,-0.7108529806137085,0.17179517447948456,-0.8492661118507385,0.286144882440567,-0.9360150694847107,0.38125622272491455,-0.9188064932823181,0.19194500148296356,-0.46891704201698303,0.07879167795181274,-0.7039836049079895,0.10381773859262466,-0.4219394624233246,0.10989480465650558,-0.6600360870361328,0.01129624992609024,-0.32568860054016113,0.0019370127702131867,-0.22977247834205627,0.019982580095529556,-0.3072757124900818,0.0014530154876410961,-0.19466568529605865,0.12200376391410828,-1.2061108350753784,2.690659999847412,-0.0989152044057846,0.014441590756177902,-0.2790985405445099,0.04490232840180397,-0.2584953010082245,0.026636281982064247,-0.5112173557281494,0.028984535485506058,-0.09736981987953186,0.01022537425160408,-0.17531868815422058,0.01018208172172308,-0.1719365417957306,0.04741119220852852,-0.14700792729854584,0.06307254731655121,-0.13904596865177155,0.0,-0.25350475311279297,0.0076900990679860115,-0.3099925220012665,0.28209397196769714,0.03763451427221298,0.0010986392153427005,-0.19392447173595428,0.07519178092479706,-0.36200734972953796,0.13275720179080963,-0.464227557182312,0.5636030435562134,-0.4322899580001831,0.6830113530158997,-0.47816628217697144,0.0034645679406821728,-0.15825793147087097,0.0013955215690657496,-0.16647285223007202,0.0010059124324470758,-0.16062791645526886,0.011974455788731575,-0.2358468621969223,0.015405611135065556,-0.26834797859191895,0.011157996952533722,-0.31776267290115356,0.004698173142969608,-0.23185822367668152,0.0,-0.20643816888332367
4,4125,24,3,3,macrophage_monocyte,dendritic,1.4661591053009033,0.048592809587717056,1.4175662957131863,14,True,macrophage_monocyte,1.4661591053009033,14,-0.22910143435001373,0,-0.22861544787883759,0,-0.5576931238174438,0,-0.08297429978847504,1,-0.21202433109283447,0,-0.1969318389892578,0,0.048592809587717056,1,1.2446751594543457,0.7821195721626282,2.7055277824401855,1.0885910987854004,2.0632567405700684,1.2626854181289673,2.1849021911621094,1.7280367612838745,2.3912816047668457,1.4580079317092896,2.226609706878662,2.281574249267578,2.255079507827759,2.1275765895843506,2.000190019607544,2.159229040145874,0.7704014778137207,2.644385814666748,0.6804063320159912,1.5140368938446045,1.0333081483840942,1.070235013961792,0.7426433563232422,1.0067152976989746,0.19350524246692657,0.03010929562151432,0.3390256464481354,0.7400741577148438,1.2411729097366333,2.0990076065063477,0.5340461730957031,0.11016061902046204,0.022662466391921043,-0.15861818194389343,0.02909737639129162,-0.2467958629131317,0.02271975576877594,-0.27467018365859985,0.023444822058081627,-0.37017443776130676,0.049375902861356735,-0.2802680730819702,0.30906274914741516,0.01322556845843792,0.0435919351875782,-0.28310173749923706,0.037794116884469986,-0.28801992535591125,0.04896922782063484,-0.11363720148801804,1.0122034549713135,-0.769140899181366,0.0018525985069572926,-0.16703684628009796,0.1841862052679062,-0.1502416431903839,0.000228117176447995,-0.19237808883190155,0.003983399365097284,-0.18367742002010345,0.0033634889405220747,-0.2059869021177292,0.008660471998155117,-0.18229524791240692,0.000865197042003274,-0.15492188930511475,0.009506515227258205,-0.28766417503356934,0.02405187115073204,-0.3592735230922699,0.0034943893551826477,-0.16227267682552338,0.0036225563380867243,-0.23286208510398865,0.016015775501728058,-0.21552076935768127,0.00017324069631285965,-0.2287680059671402,0.04343276098370552,-0.23916280269622803,0.0,-0.24766848981380463,0.00336645869538188,-0.21172159910202026,0.02114107459783554,-0.37977585196495056,0.04351268336176872,-0.18450577557086945,0.0009478899883106351,-0.21800747513771057,0.22277341783046722,-0.5766496658325195,0.1630133092403412,-0.6070132851600647,0.27627307176589966,-0.6602275371551514,0.40478307008743286,-0.7751511931419373,0.663972795009613,-0.6466503739356995,0.312664657831192,-0.3061443269252777,0.14937786757946014,-0.5821986198425293,0.14645710587501526,-0.3501730263233185,0.20800673961639404,-0.5150300860404968,0.02295568957924843,-0.30566614866256714,0.0015983968041837215,-0.23085568845272064,0.033002860844135284,-0.2870073616504669,0.0026786434464156628,-0.18996834754943848,0.5939423441886902,-0.41746073961257935,4.316497325897217,1.1985586881637573,0.02698572911322117,-0.2528550922870636,0.07481420785188675,-0.20758087933063507,0.17164915800094604,-0.05393310636281967,0.003603757591918111,-0.1940011978149414,0.007806128356605768,-0.1845967322587967,0.0050230673514306545,-0.18760338425636292,0.020163197070360184,-0.20350849628448486,0.014443830586969852,-0.24746465682983398,0.0,-0.25350475311279297,0.004401646554470062,-0.34534093737602234,0.22791092097759247,-0.0716228038072586,0.0003544749924913049,-0.22057589888572693,0.07630957663059235,-0.3607211112976074,0.5215398073196411,-0.042806241661310196,0.7391058802604675,-0.3100726306438446,1.1034754514694214,-0.18895773589611053,0.000675078306812793,-0.16965903341770172,0.004018036648631096,-0.1493455171585083,0.001537971431389451,-0.15696056187152863,0.031811874359846115,-0.17876692116260529,0.09928202629089355,-0.04514534771442413,0.3401992917060852,0.8501071929931641,0.024445630609989166,-0.18105050921440125,0.0011381322983652353,-0.2021804004907608
5,6110,24,3,3,t_nk,mesenchymal_hsc_myofibroblast,0.2991345226764679,-0.1832091063261032,0.4823436290025711,4,False,ambiguous,-0.33568650484085083,0,-0.32408878207206726,0,-0.1832091063261032,0,0.2991345226764679,4,-0.27887189388275146,0,-0.24927884340286255,0,-0.3243412673473358,0,-0.2491920292377472,0,0.29534077644348145,-0.5492866635322571,0.8442834615707397,-0.6412121057510376,0.37473535537719727,-0.7618387937545776,0.25271734595298767,-0.5933868288993835,0.6182862520217896,-0.6300856471061707,0.3912073075771332,-0.06898581981658936,0.5301735997200012,0.012393421493470669,0.31401610374450684,-0.08691385388374329,0.03683546185493469,-0.31734445691108704,0.06521842628717422,-0.20119798183441162,0.1219102218747139,-0.5947723388671875,0.21686716377735138,0.0067697917111217976,0.07427966594696045,-0.2231089323759079,0.02365703135728836,-0.19606350362300873,0.11595185101032257,-0.19026383757591248,0.2370048463344574,-0.5279397368431091,0.01565871201455593,-0.18128041923046112,0.014657034538686275,-0.2874780297279358,0.01855918951332569,-0.28631946444511414,0.015726028010249138,-0.3898652195930481,0.02340264432132244,-0.34954556822776794,0.09103487432003021,-0.392318993806839,0.026224317029118538,-0.33052781224250793,0.03356275334954262,-0.2965216040611267,0.0161429513245821,-0.21805864572525024,1.1113373041152954,-0.5400937795639038,0.002568013733252883,-0.1647767871618271,0.10679725557565689,-0.2484285682439804,0.05335491523146629,0.049584269523620605,0.017948558554053307,-0.13150210678577423,0.015184903517365456,-0.17153438925743103,0.02041144296526909,-0.14585493505001068,0.005217578262090683,-0.1017962396144867,0.015255156904459,-0.2637145221233368,0.03920489549636841,-0.30544859170913696,0.051269859075546265,0.3224398195743561,0.0,-0.24878716468811035,0.015014700591564178,-0.217219278216362,0.0,-0.2304268181324005,0.05773615092039108,-0.2180829644203186,0.0,-0.24766848981380463,0.0004036554601043463,-0.30882635712623596,0.014470873400568962,-0.4021953046321869,0.017360415309667587,-0.26492440700531006,0.00020094920182600617,-0.22859737277030945,1.1624401807785034,0.7571999430656433,0.7838720083236694,0.4695124924182892,1.0757557153701782,0.7863280773162842,1.773905634880066,1.08126962184906,1.545632004737854,0.20207582414150238,0.21747545897960663,-0.43449297547340393,0.3091754913330078,-0.30649396777153015,0.0943022221326828,-0.4379550516605377,0.9453696608543396,0.5747666358947754,0.021294929087162018,-0.3085181415081024,0.0,-0.23596885800361633,0.11034002155065536,-0.16661854088306427,0.0008142017759382725,-0.1971139907836914,0.5408309698104858,-0.506214439868927,2.6246931552886963,-0.1515590101480484,0.004040491301566362,-0.30085858702659607,0.006588460877537727,-0.3237111568450928,0.08750160783529282,-0.3192843794822693,0.0006168949767015874,-0.20537298917770386,0.002874550875276327,-0.20350982248783112,0.0009091779938898981,-0.20009639859199524,0.011587433516979218,-0.2212909311056137,0.01634129136800766,-0.24323423206806183,0.0,-0.25350475311279297,0.003485357388854027,-0.3551903963088989,0.10074859112501144,-0.3280390501022339,0.0,-0.2332710176706314,0.05796956270933151,-0.38182538747787476,0.10813841223716736,-0.4909130930900574,0.5446683168411255,-0.4454757869243622,0.7011284828186035,-0.4657047390937805,0.003956786822527647,-0.156246155500412,0.0004977426142431796,-0.1723361313343048,0.0014035131316632032,-0.15788735449314117,0.01343395747244358,-0.2316473126411438,0.018486443907022476,-0.26014962792396545,0.01300839614123106,-0.31119504570961,0.0028824135661125183,-0.23652994632720947,0.0,-0.20643816888332367
6,9162,24,3,3,t_nk,endothelial,2.22005033493042,-0.17911672592163086,2.399167060852051,8,True,t_nk,-0.32576224207878113,1,-0.17911672592163086,1,-0.2011493444442749,0,2.22005033493042,8,-0.23670408129692078,0,-0.252500057220459,0,-0.33842772245407104,0,-0.2488325834274292,0,0.17335321009159088,-0.7203696966171265,1.0619465112686157,-0.43892040848731995,0.3676343858242035,-0.7703527808189392,0.15353122353553772,-0.7125540375709534,0.6444711685180664,-0.5992471575737,0.1884818971157074,-0.3286118805408478,0.24676808714866638,-0.33513545989990234,0.1470937877893448,-0.30927014350891113,0.013691633008420467,-0.41078633069992065,0.020023874938488007,-0.327207088470459,1.0598695278167725,1.118759274482727,0.09088452905416489,-0.23282980918884277,0.04629455879330635,-0.2825453579425812,0.019805314019322395,-0.20749691128730774,0.04733504354953766,-0.3298652768135071,0.1482795774936676,-0.718538224697113,0.005723254289478064,-0.21342886984348297,0.009136953391134739,-0.30302953720092773,0.009317604824900627,-0.31219518184661865,0.01328254584223032,-0.3960985839366913,0.017366986721754074,-0.3656442165374756,0.05498579144477844,-0.4593723714351654,0.012377561070024967,-0.3683393895626068,0.017996899783611298,-0.3277965784072876,0.005239385180175304,-0.2527432441711426,2.1490402221679688,1.8575021028518677,0.0011147725163027644,-0.1693677008152008,0.06657098233699799,-0.29946547746658325,0.0022039483301341534,-0.18337930738925934,0.0004066068504471332,-0.19704069197177887,0.0012202898506075144,-0.2122330665588379,0.0007804751512594521,-0.20673148334026337,0.00015890764188952744,-0.1635429412126541,0.007847459986805916,-0.2945760488510132,0.20884868502616882,0.29714202880859375,0.0025599824730306864,-0.17175282537937164,0.02613762766122818,-0.13388392329216003,0.0077668712474405766,-0.22951681911945343,0.00040239005465991795,-0.22657382488250732,0.07659243792295456,-0.19029320776462555,0.0,-0.24766848981380463,0.0003707624855451286,-0.30990442633628845,0.006124996580183506,-0.4302469491958618,0.009891717694699764,-0.28789079189300537,0.0,-0.23144637048244476,2.0924079418182373,2.077281951904297,1.580312728881836,1.8504852056503296,1.6899046897888184,1.8975474834442139,2.209188938140869,1.6714791059494019,3.648831367492676,2.2267134189605713,3.328233480453491,3.7599070072174072,1.9339958429336548,2.496868133544922,2.4514482021331787,3.529362201690674,0.8750324845314026,0.4708107113838196,0.020013732835650444,-0.310718297958374,0.0006628524861298501,-0.2338484227657318,0.041094820946455,-0.27441078424453735,0.0021983589977025986,-0.19180908799171448,1.0358686447143555,0.32103627920150757,2.181339740753174,-0.5053701996803284,0.03354915603995323,-0.23912382125854492,0.04932982847094536,-0.25095903873443604,0.047592706978321075,-0.4451332986354828,0.0019874994177371264,-0.20015473663806915,0.002761643147096038,-0.20394283533096313,0.0051356106996536255,-0.18726161122322083,0.012250852771103382,-0.21991528570652008,0.013177523389458656,-0.2502879202365875,0.0,-0.25350475311279297,0.004357901401817799,-0.3458111882209778,0.07579773664474487,-0.3783511519432068,0.0,-0.2332710176706314,0.06570181995630264,-0.372927725315094,0.09432269632816315,-0.5058887004852295,0.4926052689552307,-0.481731653213501,0.643724262714386,-0.5051891803741455,0.0009157577878795564,-0.16867533326148987,0.0009292418253608048,-0.16951806843280792,0.0003624194650910795,-0.16506338119506836,0.013905800879001617,-0.23028962314128876,0.017612570896744728,-0.26247507333755493,0.013348875567317009,-0.30998656153678894,0.0030127132777124643,-0.2361947000026703,0.00032645356259308755,-0.2052168995141983
7,3125,24,3,3,endothelial,mesenchymal_hsc_myofibroblast,2.431779623031616,0.49210038781166077,1.9396792352199554,10,True,endothelial,-0.39008626341819763,0,2.431779623031616,10,0.49210038781166077,4,-0.608995795249939,0,-0.356530100107193,0,-0.12356860190629959,1,-0.30088987946510315,0,-0.2434040606021881,0,0.1873767226934433,-0.7007021903991699,0.6616025567054749,-0.8109920620918274,0.39651304483413696,-0.7357275485992432,0.287348210811615,-0.551779568195343,0.6328703761100769,-0.6129096150398254,0.2953021228313446,-0.1918095201253891,0.3995227813720703,-0.147818461060524,0.23524616658687592,-0.19184283912181854,0.042332861572504044,-0.2951490581035614,0.03114154376089573,-0.2962093651294708,0.12413340061903,-0.5907108783721924,0.13864710927009583,-0.1419927179813385,0.08479652553796768,-0.20077261328697205,0.03429156541824341,-0.1644960343837738,0.10213104635477066,-0.21838237345218658,0.9489133358001709,1.0013729333877563,0.029918180778622627,-0.13514067232608795,1.998788595199585,5.302331447601318,0.7527827620506287,1.76945161819458,1.2918609380722046,2.865582227706909,1.7128626108169556,4.1566853523254395,2.5801784992218018,4.237633228302002,1.570267915725708,3.88581919670105,1.4673312902450562,2.584211587905884,0.07960410416126251,-0.016186682507395744,1.8607215881347656,1.191346526145935,0.00345030939206481,-0.16198955476284027,4.189920425415039,4.932017803192139,0.0016246249433606863,-0.18601779639720917,0.013155462220311165,-0.14940963685512543,0.0027934866957366467,-0.2076481282711029,0.006317011080682278,-0.18956242501735687,0.0013772943057119846,-0.14867118000984192,0.21290625631809235,0.5597279071807861,0.4644330143928528,1.2050014734268188,0.0040863859467208385,-0.1562664806842804,0.0019926917739212513,-0.24002711474895477,0.01301646325737238,-0.22060973942279816,0.0002739701885730028,-0.22780348360538483,0.10708155483007431,-0.14535939693450928,0.0,-0.24766848981380463,0.0013675286900252104,-0.2772357761859894,1.3161637783050537,3.9729726314544678,1.719972014427185,4.970634460449219,0.020108766853809357,0.05364976450800896,0.2018403261899948,-0.6063640117645264,0.150704488158226,-0.6283559203147888,0.2336929887533188,-0.7372704148292542,0.36821624636650085,-0.8247329592704773,0.6125721335411072,-0.6961310505867004,0.2816790044307709,-0.3479239344596863,0.11389009654521942,-0.6434269547462463,0.12067686766386032,-0.39356380701065063,0.14835508167743683,-0.6031931638717651,0.025241177529096603,-0.3017413318157196,0.005565478000789881,-0.21816521883010864,0.018171535804867744,-0.3100948929786682,0.003874583635479212,-0.18538479506969452,0.14779086410999298,-1.1630184650421143,2.316469430923462,-0.3975321054458618,0.03408988565206528,-0.2379925698041916,0.07009608298540115,-0.2156118005514145,0.13191534578800201,-0.17922988533973694,0.00701230950653553,-0.18102394044399261,0.00666840048506856,-0.1889600306749344,0.006190143991261721,-0.18405921757221222,0.038250889629125595,-0.16600245237350464,0.04160517454147339,-0.18690790235996246,0.0,-0.25350475311279297,0.0032358323223888874,-0.3578725755214691,0.574580729007721,0.6274189352989197,0.0003368968900758773,-0.2212054282426834,0.08021146804094315,-0.35623109340667725,0.13079646229743958,-0.4663528800010681,0.6286370158195496,-0.3870013654232025,0.7789313793182373,-0.41218945384025574,0.0024761550594121218,-0.16229774057865143,0.0021030614152550697,-0.16185198724269867,0.0010528152342885733,-0.16030462086200714,0.0142927011474967,-0.2291763722896576,0.016618089750409126,-0.2651214897632599,0.018326157703995705,-0.2923206686973572,0.004279853776097298,-0.23293451964855194,0.0023980129044502974,-0.1974671483039856
8,7911,23,3,3,t_nk,mesenchymal_hsc_myofibroblast,1.7585091590881348,-0.16165731847286224,1.920166477560997,8,True,t_nk,-0.5125486850738525,0,-0.2794182598590851,1,-0.16165731847286224,1,1.7585091590881348,8,-0.23764798045158386,1,-0.2360789030790329,0,-0.3495604395866394,0,-0.25029581785202026,0,0.3331678807735443,-0.49623554944992065,0.5290054678916931,-0.9342250823974609,0.16161470115184784,-1.0173687934875488,0.11623940616846085,-0.7573582530021667,0.5447413921356201,-0.7167009711265564,0.10573555529117584,-0.43458330631256104,0.14719536900520325,-0.45723751187324524,0.0803656056523323,-0.39815837144851685,0.008321488276124,-0.4324679970741272,0.010691517032682896,-0.35322704911231995,0.19464507699012756,-0.46189507842063904,0.04342900961637497,-0.32308292388916016,0.03215102478861809,-0.31258419156074524,0.013031363487243652,-0.22760464251041412,0.02981976605951786,-0.36550024151802063,0.11994130909442902,-0.779414176940918,0.0025266953743994236,-0.2237720787525177,0.007336894050240517,-0.30810075998306274,0.003464319044724107,-0.3285839557647705,0.011994032189249992,-0.39938560128211975,0.011527441442012787,-0.3812198042869568,0.04771885648369789,-0.4728893041610718,0.005396093707531691,-0.38740378618240356,0.014097645878791809,-0.33563095331192017,0.00312237860634923,-0.25947749614715576,1.6614058017730713,0.7308306694030762,0.0014910091413185,-0.16817913949489594,0.05100775510072708,-0.31921127438545227,0.00772649422287941,-0.15822724997997284,0.0019031964475288987,-0.19144928455352783,0.0016472103307023644,-0.210988849401474,0.001148843439295888,-0.205589160323143,0.0001269271015189588,-0.16393329203128815,0.04886532947421074,-0.12368979305028915,0.3367108404636383,0.7513203620910645,0.0011473619379103184,-0.18608476221561432,0.008609532378613949,-0.21093891561031342,0.01660626381635666,-0.21451884508132935,0.00023487881117034703,-0.22817780077457428,0.13375689089298248,-0.10604619979858398,0.0,-0.24766848981380463,0.0,-0.32205602526664734,0.010228963568806648,-0.41645297408103943,0.011733632534742355,-0.2822268605232239,0.0,-0.23144637048244476,2.329538583755493,2.4138870239257812,1.9979221820831299,2.5745909214019775,1.7158769369125366,1.9445407390594482,2.4422521591186523,1.9874942302703857,2.753744602203369,1.3650612831115723,0.9988632202148438,0.6190935969352722,1.5679813623428345,1.8653699159622192,0.5628534555435181,0.35066455602645874,2.3872931003570557,2.7058792114257812,0.00815359316766262,-0.3310854136943817,0.0003112679114565253,-0.23497313261032104,0.055302008986473083,-0.2522948384284973,0.0,-0.20023450255393982,1.1902098655700684,0.5789538025856018,2.0508008003234863,-0.6095447540283203,0.02350430004298687,-0.2601385712623596,0.042474329471588135,-0.26262810826301575,0.00898265466094017,-0.5668863654136658,0.0024234564043581486,-0.19849491119384766,0.004590471740812063,-0.19692909717559814,0.004898852668702602,-0.18798059225082397,0.017359133809804916,-0.20932292938232422,0.03147916868329048,-0.2094840407371521,0.0,-0.25350475311279297,0.007119205314666033,-0.316129207611084,0.10493690520524979,-0.31959354877471924,0.0,-0.2332710176706314,0.0485040582716465,-0.3927175998687744,0.07495254278182983,-0.5268849730491638,0.47165176272392273,-0.4963233172893524,0.6005298495292664,-0.5348997116088867,0.001173282042145729,-0.16762278974056244,0.0007361776079051197,-0.17077895998954773,0.0014313036808744073,-0.15769580006599426,0.0163099467754364,-0.2233719676733017,0.01946820504963398,-0.2575370669364929,0.008887363597750664,-0.3258218467235565,0.002066613407805562,-0.23862889409065247,8.523513679392636e-05,-0.20611929893493652
9,8875,24,3,3,b_plasma,t_nk,0.3856620490550995,0.20767100155353546,0.17799104750156403,1,False,ambiguous,-0.16985946893692017,2,-0.33806565403938293,0,-0.25053149461746216,0,0.20767100155353546,3,0.3856620490550995,1,-0.25767776370048523,0,-0.3353436291217804,0,-0.25763657689094543,0,0.13673104345798492,-0.7717309594154358,2.627786159515381,1.016339659690857,2.2329726219177246,1.466173529624939,0.15728309750556946,-0.7080463767051697,0.6483615636825562,-0.5946653485298157,0.20028536021709442,-0.3134954273700714,0.2619002163410187,-0.31657952070236206,0.15093187987804413,-0.30415743589401245,0.01895729824900627,-0.38952651619911194,0.019011568278074265,-0.33002951741218567,0.2752159535884857,-0.3147023916244507,0.09795878827571869,-0.21937565505504608,0.06056557595729828,-0.2522357106208801,0.013947607949376106,-0.22488488256931305,0.0664500817656517,-0.2909756004810333,0.36062726378440857,-0.2623756527900696,0.006183975841850042,-0.21193811297416687,0.01241582352668047,-0.29379209876060486,0.009676004759967327,-0.31119170784950256,0.010207409039139748,-0.40394333004951477,0.017666153609752655,-0.36484625935554504,0.10474926978349686,-0.3668094277381897,0.010866994969546795,-0.37246429920196533,0.01622925139963627,-0.33134812116622925,0.00581348966807127,-0.250916987657547,1.0064045190811157,-0.7825392484664917,0.0020640785805881023,-0.166368767619133,0.0848141759634018,-0.2763195037841797,0.0039331382140517235,-0.17550382018089294,0.0013044261140748858,-0.1936863511800766,0.0017140365671366453,-0.2107940912246704,0.001436120248399675,-0.20469829440116882,0.000372402835637331,-0.16093699634075165,0.004173017106950283,-0.30988427996635437,0.0064837331883609295,-0.42167720198631287,0.00216672127135098,-0.17574270069599152,0.0007963614189065993,-0.24528628587722778,0.007279843557626009,-0.23034316301345825,7.586536958115175e-05,-0.22970038652420044,0.05019238963723183,-0.22920069098472595,0.0,-0.24766848981380463,0.0,-0.32205602526664734,0.008243129588663578,-0.4231276214122772,0.023097408935427666,-0.24728307127952576,0.0,-0.23144637048244476,0.15796007215976715,-0.6686517000198364,0.36000359058380127,-0.26544585824012756,1.0919815301895142,0.8156865239143372,1.2453508377075195,0.3645915389060974,3.177915096282959,1.7733875513076782,0.3151130676269531,-0.30284300446510315,1.0643315315246582,0.9964043498039246,0.24711941182613373,-0.1807480901479721,0.10765782743692398,-0.663342297077179,0.016189849004149437,-0.3172849714756012,0.0009359883260913193,-0.23297469317913055,0.023145703598856926,-0.3023517429828644,0.0010050182463601232,-0.19638267159461975,0.6943932175636292,-0.2495986372232437,2.363981246948242,-0.3596160411834717,0.06131640076637268,-0.18103227019309998,0.06725722551345825,-0.2204439789056778,1.9426164627075195,5.530643463134766,0.0022886188235133886,-0.1990082859992981,0.005008580628782511,-0.1953255981206894,0.004340273328125477,-0.189676895737648,0.014297007583081722,-0.21567244827747345,0.012073568068444729,-0.2527492046356201,0.0,-0.25350475311279297,0.002010876778513193,-0.3710399270057678,0.06067189574241638,-0.40885162353515625,0.0,-0.2332710176706314,0.05811536684632301,-0.3816576302051544,0.09136051684617996,-0.509099543094635,0.4921056926250458,-0.48207953572273254,0.6708739995956421,-0.48651474714279175,0.00252709211781621,-0.16208955645561218,0.0018591363914310932,-0.16344504058361053,0.0007314810063689947,-0.16251951456069946,0.0118941031396389,-0.23607805371284485,0.014428832568228245,-0.27094727754592896,0.005834449548274279,-0.3366575837135315,0.001855709939263761,-0.23917153477668762,0.00029665991314686835,-0.20532836019992828
10,3440,24,3,3,dendritic,macrophage_monocyte,1.3731892108917236,0.4021187424659729,0.9710704684257507,3,True,dendritic,0.4021187424659729,5,-0.2940278947353363,0,-0.24453862011432648,0,-0.5305061340332031,0,0.0016666501760482788,1,-0.22595946490764618,0,-0.1560441106557846,0,1.3731892108917236,3,1.6026185750961304,1.2841218709945679,2.4942870140075684,0.892268180847168,2.0641839504241943,1.2637971639633179,1.9762965440750122,1.4774075746536255,1.8366084098815918,0.8047577142715454,0.5519241690635681,0.1368407905101776,0.6053568124771118,0.10458759218454361,0.4197482764720917,0.053931381553411484,0.18174587190151215,0.2677229046821594,0.2050705999135971,0.18873056769371033,0.2676964998245239,-0.32843947410583496,0.1760079711675644,-0.0709381103515625,0.09978499263525009,-0.1689392328262329,0.13309712707996368,0.12879759073257446,0.2080613225698471,-0.0028663675766438246,0.41103416681289673,-0.1540921926498413,0.012107680551707745,-0.1927706003189087,0.015942580997943878,-0.2838563024997711,0.016408376395702362,-0.29234156012535095,0.017919499427080154,-0.3842696249485016,0.029641952365636826,-0.3329036831855774,0.19703680276870728,-0.195149227976799,0.021756133064627647,-0.3427291512489319,0.027121614664793015,-0.30946314334869385,0.027273105457425117,-0.1826532632112503,1.0248996019363403,-0.7398066520690918,0.0030178192537277937,-0.16335581243038177,0.10636936128139496,-0.24897144734859467,0.002209318336099386,-0.18335485458374023,0.0015415081288665533,-0.1928005814552307,0.003400886431336403,-0.20587791502475739,0.005571677349507809,-0.19187374413013458,0.002144802128896117,-0.13930289447307587,0.00539978826418519,-0.30477339029312134,0.016474073752760887,-0.38619059324264526,0.0019999491050839424,-0.17743472754955292,0.005087203811854124,-0.22642338275909424,0.011133735068142414,-0.22380420565605164,0.0004157577932346612,-0.22644583880901337,0.038376230746507645,-0.24661493301391602,0.00022048686514608562,-0.24147936701774597,0.0005769716226495802,-0.30314600467681885,0.014440299943089485,-0.40229809284210205,0.014444823376834393,-0.2738899290561676,0.0,-0.23144637048244476,0.22735866904258728,-0.5701409578323364,0.16030603647232056,-0.6117075085639954,0.27092960476875305,-0.6698958277702332,0.41245734691619873,-0.7647455334663391,0.712968111038208,-0.5994852185249329,0.35389795899391174,-0.25054728984832764,0.1599886566400528,-0.5638914704322815,0.19972436130046844,-0.26051878929138184,0.22925738990306854,-0.48362234234809875,0.02659270539879799,-0.29942041635513306,0.001715413760393858,-0.23048135638237,0.020067932084202766,-0.30714282393455505,0.005876428913325071,-0.177712544798851,0.958384096622467,0.19155292212963104,4.622364521026611,1.4426511526107788,0.04222043603658676,-0.22098273038864136,0.10159260779619217,-0.16200010478496552,0.11852211505174637,-0.22146417200565338,0.0029064647387713194,-0.1966559886932373,0.01374755334109068,-0.1618107706308365,0.01004848163574934,-0.17234225571155548,0.023738186806440353,-0.1960955262184143,0.01717901974916458,-0.24136650562286377,0.0,-0.25350475311279297,0.008620189502835274,-0.29999473690986633,0.12526965141296387,-0.27859359979629517,0.0,-0.2332710176706314,0.0916442945599556,-0.34307506680488586,0.4992210566997528,-0.0669986754655838,0.9404375553131104,-0.16986848413944244,1.2691444158554077,-0.07500536739826202,0.003971408121287823,-0.15618640184402466,0.008663659915328026,-0.11900549381971359,0.000782300136052072,-0.16216923296451569,0.7694225311279297,1.9436243772506714,1.0996593236923218,2.616948127746582,0.8603783845901489,2.6963844299316406,0.02139357477426529,-0.1889030635356903,0.0011574149830266833,-0.2021082639694214
11,217,20,2,3,mesenchymal_hsc_myofibroblast,epithelial,4.544283866882324,0.23914138972759247,4.305142477154732,17,True,mesenchymal_hsc_myofibroblast,-0.4367726147174835,0,-0.04753967002034187,2,4.544283866882324,17,-0.7062763571739197,0,-0.4697303771972656,0,0.23914138972759247,2,-0.33365899324417114,0,-0.2575012743473053,0,0.1952950805425644,-0.6895970106124878,0.7511774301528931,-0.7277429699897766,0.2929227352142334,-0.8599315285682678,0.21274641156196594,-0.6414099931716919,0.30843469500541687,-0.9950042366981506,0.2650412619113922,-0.2305639535188675,0.30971193313598633,-0.25794991850852966,0.19696448743343353,-0.24283765256404877,0.00795787014067173,-0.43393608927726746,0.041273098438978195,-0.2679610848426819,0.09677568078041077,-0.6406899094581604,0.15407006442546844,-0.11266063153743744,0.06440279632806778,-0.24408601224422455,0.044935062527656555,-0.13290196657180786,0.1729423999786377,-0.0743160992860794,0.10113145411014557,-0.8198212385177612,0.046777691692113876,-0.08058786392211914,0.06414541602134705,-0.1480565220117569,0.09536224603652954,-0.07127663493156433,0.6242130994796753,1.1623982191085815,0.19466254115104675,0.10724932700395584,0.6914838552474976,0.7245511412620544,0.05655090883374214,-0.24771445989608765,0.05857082083821297,-0.24627530574798584,0.03870232030749321,-0.14629656076431274,1.1472713947296143,-0.45706862211227417,0.0,-0.1728893518447876,0.12744811177253723,-0.22222787141799927,1.4079506397247314,6.218997955322266,1.69985830783844,6.152289390563965,2.164961099624634,6.093806266784668,2.0540714263916016,6.16062068939209,0.5251545906066895,6.244613170623779,1.4161577224731445,5.572643756866455,1.5917418003082275,5.209307670593262,0.6328037977218628,6.222471714019775,1.2222930192947388,5.124516487121582,3.3068909645080566,5.368167877197266,0.41717690229415894,3.7641453742980957,2.6718990802764893,3.634580373764038,0.0790267214179039,1.9706299304962158,0.099077969789505,2.925187826156616,1.0327359437942505,3.0203330516815186,0.35312679409980774,0.7675626873970032,0.21402600407600403,2.8029510974884033,0.1297641396522522,-0.7086756229400635,0.07465754449367523,-0.7602159976959229,0.16573825478553772,-0.8602253198623657,0.31465911865234375,-0.8973520994186401,0.5350643992424011,-0.7707436084747314,0.1882733255624771,-0.4738677740097046,0.06927978247404099,-0.7203947901725769,0.09154119342565536,-0.44260209798812866,0.06769221276044846,-0.7224100828170776,0.008136313408613205,-0.33111506700515747,0.0,-0.23596885800361633,0.007320885080844164,-0.32698583602905273,0.0,-0.20023450255393982,0.076457679271698,-1.2822222709655762,1.6056469678878784,-0.964792788028717,0.01593191921710968,-0.2759806513786316,0.06926285475492477,-0.2170301079750061,0.06404797732830048,-0.3932431638240814,0.009228982962667942,-0.17258447408676147,0.007836061529815197,-0.1844819337129593,0.0,-0.2028573751449585,0.2509353458881378,0.2750132381916046,0.6175090670585632,1.0970813035964966,0.010203534737229347,1.666629672050476,0.005575289949774742,-0.3327251374721527,0.27457356452941895,0.022470001131296158,0.006059044506400824,-0.016273055225610733,0.03491005301475525,-0.4083605706691742,0.1569400429725647,-0.43801453709602356,0.4759717881679535,-0.4933149218559265,0.6287909150123596,-0.5154608488082886,0.0,-0.17241819202899933,0.005375142674893141,-0.14048241078853607,0.0,-0.16756144165992737,0.0,-0.2703019976615906,0.024239446967840195,-0.2448403537273407,0.009969844482839108,-0.3219797909259796,0.0,-0.24394603073596954,0.0,-0.20643816888332367
12,1412,23,3,3,b_plasma,dendritic,2.311396598815918,-0.1543729603290558,2.4657695591449738,6,True,b_plasma,-0.4101502299308777,0,-0.1684812605381012,1,-0.24857431650161743,0,-0.5232865214347839,0,2.311396598815918,6,-0.23890429735183716,0,-0.3361544609069824,0,-0.1543729603290558,0,0.22758081555366516,-0.6443175077438354,0.5074095129966736,-0.9542959332466125,0.29624518752098083,-0.8559479117393494,0.16360679268836975,-0.700448751449585,1.136468768119812,-0.019811315461993217,0.25123295187950134,-0.24824795126914978,0.3242608606815338,-0.2401091456413269,0.18730118870735168,-0.25571006536483765,0.015990598127245903,-0.40150439739227295,0.03226809948682785,-0.29306837916374207,0.11616558581590652,-0.6052670478820801,0.12802892923355103,-0.162186861038208,0.059183936566114426,-0.2551701068878174,0.01888551376760006,-0.21022723615169525,0.05909428000450134,-0.30594101548194885,0.2376972883939743,-0.5264522433280945,0.0031908219680190086,-0.22162313759326935,0.005101799499243498,-0.31439757347106934,0.0033425744622945786,-0.32892483472824097,0.05276141315698624,-0.2953871786594391,0.017248796299099922,-0.365959495306015,0.04618289694190025,-0.4757462739944458,0.016242964193224907,-0.35778406262397766,0.014604771509766579,-0.33461204171180725,0.003289734711870551,-0.25894513726234436,2.103705644607544,1.7527573108673096,0.001292155822739005,-0.16880734264850616,0.07058392465114594,-0.2943740785121918,0.008253883570432663,-0.15582528710365295,0.0,-0.19855982065200806,0.001241391059011221,-0.21217156946659088,0.0013081978540867567,-0.20509500801563263,0.0,-0.16548258066177368,0.0020446598064154387,-0.3187513053417206,0.010651897639036179,-0.406871497631073,0.002018536673858762,-0.1772461235523224,0.0025981373619288206,-0.23736552894115448,0.007173157762736082,-0.2305241972208023,0.0,-0.2304268181324005,0.038543183356523514,-0.2463688850402832,0.0,-0.24766848981380463,0.0014651836827397346,-0.27403518557548523,0.009928811341524124,-0.4174618422985077,0.015559280291199684,-0.2704629600048065,0.0,-0.23144637048244476,0.14824016392230988,-0.6824490427970886,0.12218808382749557,-0.6778013706207275,0.22715911269187927,-0.7490925788879395,1.070184350013733,0.1270797699689865,0.5649685263633728,-0.7419564723968506,0.31580662727355957,-0.30190783739089966,0.10808441042900085,-0.6534437537193298,0.110684834420681,-0.41038140654563904,0.13723643124103546,-0.6196261644363403,2.7122435569763184,4.3125762939453125,0.06022902950644493,-0.043299656361341476,3.079911470413208,4.456038475036621,1.6711798906326294,6.204716682434082,2.7041683197021484,3.1089091300964355,5.039344787597656,1.7754156589508057,0.4357825815677643,0.6023844480514526,0.41444888710975647,0.37052735686302185,0.19360436499118805,0.01530054397881031,0.0026260477025061846,-0.1977236121892929,0.008714824914932251,-0.18111178278923035,0.004587555769830942,-0.18892593681812286,0.01586577109992504,-0.2124195098876953,0.034287188202142715,-0.20322351157665253,0.0,-0.25350475311279297,0.004925382789224386,-0.33971118927001953,0.08163508027791977,-0.36658045649528503,0.0007352748070843518,-0.2069379687309265,0.06809098273515701,-0.3701784610748291,0.10770363360643387,-0.4913843870162964,0.4971029460430145,-0.47859954833984375,0.6224874258041382,-0.5197965502738953,0.0010954308090731502,-0.16794098913669586,0.001914145890623331,-0.16308577358722687,0.0007929998682811856,-0.16209547221660614,0.016609618440270424,-0.2225097119808197,0.18296127021312714,0.1775325983762741,0.014034903608262539,-0.30755165219306946,0.006351624149829149,-0.22760409116744995,0.003931065090000629,-0.1917319893836975
13,924,24,3,3,dendritic,b_plasma,2.0445613861083984,0.2097039520740509,1.8348574340343475,2,True,dendritic,-0.1356346756219864,1,-0.3881220817565918,0,-0.24321120977401733,0,-0.6348376870155334,0,0.2097039520740509,2,-0.18838819861412048,0,-0.3072579503059387,0,2.0445613861083984,2,0.6921494603157043,0.007222795393317938,0.7235823273658752,-0.753389298915863,0.9772531986236572,-0.03942452371120453,1.8791210651397705,1.3606560230255127,1.4311233758926392,0.32720956206321716,0.20853926241397858,-0.30292484164237976,0.27918997406959534,-0.29537779092788696,0.1685197353363037,-0.2807287573814392,0.07457765191793442,-0.1649625599384308,0.025486722588539124,-0.3119758665561676,0.09128627181053162,-0.6507183909416199,0.1021985188126564,-0.21131233870983124,0.059851162135601044,-0.25375303626060486,0.022693991661071777,-0.19892218708992004,0.07866760343313217,-0.26611894369125366,0.4735287129878998,-0.019842209294438362,0.005625507328659296,-0.2137451469898224,0.009159260429441929,-0.3029666841030121,0.00941960234194994,-0.31190958619117737,0.029254252091050148,-0.3553544282913208,0.024556126445531845,-0.3464689254760742,0.06488833576440811,-0.4409530758857727,0.01389154139906168,-0.36420512199401855,0.017646556720137596,-0.3285004794597626,0.008898933418095112,-0.24110208451747894,0.6176345348358154,-1.6807860136032104,0.00601545162498951,-0.15388604998588562,0.07728889584541321,-0.28586718440055847,0.002160372445359826,-0.183577761054039,0.0021394325885921717,-0.19056667387485504,0.0024806479923427105,-0.20855985581874847,0.001922013470903039,-0.20319153368473053,0.0,-0.16548258066177368,0.013354836963117123,-0.27163150906562805,0.012359336018562317,-0.4008065164089203,0.0019527985714375973,-0.17791308462619781,0.0003546925145201385,-0.24722790718078613,0.011558798141777515,-0.22308297455310822,0.0010941741056740284,-0.2199498414993286,0.024737725034356117,-0.266714870929718,0.001782229053787887,-0.19764089584350586,0.0018852766370400786,-0.26026681065559387,0.011217847466468811,-0.41312918066978455,0.014603505842387676,-0.27340197563171387,0.0,-0.23144637048244476,0.1461707055568695,-0.685386598110199,0.11560968309640884,-0.689207911491394,0.21081876754760742,-0.7786582708358765,0.3230157792568207,-0.8860211968421936,0.534307062625885,-0.7714726328849792,0.31290191411972046,-0.3058244287967682,0.12627169489860535,-0.6220645904541016,0.14252927899360657,-0.3567839562892914,0.13825607299804688,-0.6181191205978394,0.043996330350637436,-0.26953360438346863,0.0017743082717061043,-0.23029294610023499,0.031504079699516296,-0.28934046626091003,0.0073214564472436905,-0.172174334526062,1.1523710489273071,0.51572185754776,5.82186222076416,2.3998913764953613,0.03168848901987076,-0.24301651120185852,0.07503556460142136,-0.20720408856868744,0.31029850244522095,0.3832843601703644,0.050691790878772736,-0.01472451537847519,0.004584320355206728,-0.196952685713768,0.008869203738868237,-0.17592348158359528,0.05226322263479233,-0.1369469165802002,0.1106083020567894,-0.03306404873728752,0.0,-0.25350475311279297,0.010397329926490784,-0.2808918058872223,0.0798327773809433,-0.37021470069885254,0.0,-0.2332710176706314,0.0925617516040802,-0.34201931953430176,0.20260955393314362,-0.3885110318660736,0.5304722189903259,-0.4553617238998413,0.6555876731872559,-0.4970291554927826,0.0010195157956331968,-0.16825126111507416,0.0026391432620584965,-0.15835091471672058,0.003812573617324233,-0.14128224551677704,0.00976437795907259,-0.24220609664916992,0.04975553974509239,-0.17693974077701569,0.014406480826437473,-0.3062328100204468,2.037818431854248,4.999104022979736,1.6454129219055176,5.949081897735596
14,597,24,3,3,b_plasma,mesenchymal_hsc_myofibroblast,1.0667003393173218,0.1690618246793747,0.8976385146379471,4,True,b_plasma,-0.3568641245365143,0,-0.23783475160598755,0,0.1690618246793747,1,-0.5893564820289612,0,1.0667003393173218,4,-0.2334718108177185,0,-0.3852549195289612,0,-0.2360687255859375,0,0.26694217324256897,-0.5891146659851074,0.48757877945899963,-0.9727262854576111,0.4306679368019104,-0.6947760581970215,0.3522934019565582,-0.4737511873245239,0.9281377792358398,-0.2651670575141907,0.163058340549469,-0.36117127537727356,0.13478785753250122,-0.4724523425102234,0.09474709630012512,-0.37900087237358093,0.17779803276062012,0.2517837584018707,0.07849425077438354,-0.16418302059173584,0.22844845056533813,-0.400140643119812,0.13848882913589478,-0.1422937512397766,0.036704178899526596,-0.30291393399238586,0.024142298847436905,-0.19462302327156067,0.1148863360285759,-0.19243162870407104,0.31285831332206726,-0.36499229073524475,0.0228989589959383,-0.15785296261310577,0.08186228573322296,-0.09814354032278061,0.06256387382745743,-0.16310963034629822,0.044369280338287354,-0.31679567694664,0.047938283532857895,-0.28410258889198303,0.18008452653884888,-0.2266814410686493,0.024702733382582664,-0.334682822227478,0.031919870525598526,-0.29982250928878784,0.007140727713704109,-0.24669501185417175,1.204350233078003,-0.32518887519836426,0.0,-0.1728893518447876,0.22308020293712616,-0.10089503228664398,0.011229024268686771,-0.14227521419525146,0.0037639823276549578,-0.1844971925020218,0.010432899929583073,-0.18538370728492737,0.014537777751684189,-0.16406944394111633,0.0,-0.16548258066177368,0.004390971269458532,-0.30897626280784607,0.030002733692526817,-0.3381355106830597,0.0,-0.19772547483444214,0.00577886076644063,-0.22338280081748962,0.017704837024211884,-0.21265487372875214,0.0,-0.2304268181324005,0.02734413743019104,-0.26287364959716797,0.0012545613572001457,-0.21245266497135162,0.0222737155854702,0.4079567790031433,0.0297781303524971,-0.3507455289363861,0.1508161574602127,0.14545418322086334,0.40423813462257385,5.499722003936768,0.1724104881286621,-0.6481394171714783,0.13156524300575256,-0.6615420579910278,0.20740020275115967,-0.7848436832427979,0.5862676501274109,-0.529072642326355,0.42296966910362244,-0.8786512017250061,0.2333936095237732,-0.4130297005176544,0.1594797819852829,-0.564769446849823,0.08094024658203125,-0.4604445993900299,0.3103870153427124,-0.36371561884880066,1.2164909839630127,1.7439601421356201,1.709305763244629,5.232002258300781,1.0531045198440552,1.3009592294692993,0.13086973130702972,0.30133581161499023,1.4216535091400146,0.9657161235809326,2.743678331375122,-0.05660476163029671,0.11071110516786575,-0.0776941329240799,0.30917245149612427,0.19133135676383972,0.1885290890932083,-0.0007038540788926184,0.024772310629487038,-0.11340688169002533,0.003106215037405491,-0.20262137055397034,0.005517204757779837,-0.18610279262065887,0.012962271459400654,-0.21844010055065155,0.004229776561260223,-0.2702370882034302,0.0,-0.25350475311279297,0.003784412518143654,-0.3519757390022278,0.12869495153427124,-0.2716866731643677,0.0,-0.2332710176706314,0.08310617506504059,-0.35290008783340454,0.11171279102563858,-0.48703867197036743,0.27213987708091736,-0.6352601647377014,0.35174933075904846,-0.70601886510849,0.0,-0.17241819202899933,0.0,-0.17558683454990387,0.0,-0.16756144165992737,0.005603055004030466,-0.25417983531951904,0.06147971376776695,-0.14574067294597626,0.007699214853346348,-0.33003896474838257,0.0,-0.24394603073596954,0.0,-0.20643816888332367
15,11682,24,3,3,mesenchymal_hsc_myofibroblast,epithelial,-0.22655987739562988,-0.2517370283603668,0.02517715096473694,0,False,ambiguous,-0.4678431451320648,0,-0.4332256019115448,0,-0.22655987739562988,0,-0.6063611507415771,0,-0.456530898809433,0,-0.2517370283603668,0,-0.32660797238349915,0,-0.2607637941837311,0,0.17116865515708923,-0.7234334945678711,0.5541521310806274,-0.9108543395996094,0.29967954754829407,-0.8518301844596863,0.2548545002937317,-0.5908191800117493,0.40442955493927,-0.8819491267204285,0.1724938005208969,-0.34908750653266907,0.20357461273670197,-0.3881019055843353,0.12859714031219482,-0.33390942215919495,0.07112661749124527,-0.17889592051506042,0.03703723102807999,-0.2797713279724121,0.13736797869205475,-0.5665329694747925,0.10808951407670975,-0.2001085728406906,0.05331180617213249,-0.26764169335365295,0.01013950351625681,-0.2361888289451599,0.08240143209695816,-0.2585224211215973,0.21829119324684143,-0.5681401491165161,0.027068637311458588,-0.1443610042333603,0.013494199141860008,-0.2907540202140808,0.042226362973451614,-0.22005315124988556,0.022209182381629944,-0.3733265697956085,0.033480145037174225,-0.3226662278175354,0.08483641594648361,-0.40384846925735474,0.020940769463777542,-0.3449556827545166,0.04130120575428009,-0.2809734642505646,0.012188595719635487,-0.2306375652551651,0.4547215402126312,-2.0571937561035156,0.00021437928080558777,-0.17221210896968842,0.12698866426944733,-0.2228107899427414,6.885129550937563e-05,-0.19310346245765686,7.965535041876137e-05,-0.19826222956180573,0.002020372310653329,-0.20990128815174103,0.0005427201394923031,-0.20746877789497375,0.0,-0.16548258066177368,0.003214231226593256,-0.31387871503829956,0.030136534944176674,-0.3376602530479431,0.0,-0.19772547483444214,0.004918806254863739,-0.2271636724472046,0.020085059106349945,-0.20861631631851196,0.0,-0.2304268181324005,0.057512715458869934,-0.21841223537921906,0.0,-0.24766848981380463,0.007258841302245855,-0.08415018767118454,0.007725083269178867,-0.4248688220977783,0.053016211837530136,-0.15528225898742676,0.0,-0.23144637048244476,0.1377270668745041,-0.6973722577095032,0.07275714725255966,-0.7635111808776855,0.2367975413799286,-0.7316531538963318,0.41002994775772095,-0.7680368423461914,0.524590253829956,-0.7808265089988708,0.28859713673591614,-0.33859583735466003,0.11715643107891083,-0.6377914547920227,0.08996421843767166,-0.4452563524246216,0.3574175238609314,-0.2942061424255371,0.023859567940235138,-0.3041139543056488,0.0,-0.23596885800361633,0.04295988753437996,-0.27150750160217285,0.0,-0.20023450255393982,0.127969428896904,-1.1961417198181152,1.704439640045166,-0.8859528303146362,0.0022829496301710606,-0.30453553795814514,0.010509675368666649,-0.3170366585254669,0.0640343502163887,-0.3932861387729645,0.0005504279979504645,-0.20562604069709778,0.004508641082793474,-0.19724291563034058,0.0002730610722210258,-0.20202814042568207,0.0028420663438737392,-0.23942504823207855,0.0023897860664874315,-0.27433937788009644,0.0,-0.25350475311279297,0.002776848152279854,-0.3628062903881073,0.11594836413860321,-0.29738950729370117,0.0,-0.2332710176706314,0.06744944304227829,-0.3709166646003723,0.20106160640716553,-0.39018890261650085,0.47042587399482727,-0.4971770644187927,0.632304847240448,-0.5130438208580017,0.0,-0.17241819202899933,0.0,-0.17558683454990387,9.246350964531302e-05,-0.1669241189956665,0.013546325266361237,-0.2313239872455597,0.009866774082183838,-0.2830873131752014,0.0037556749302893877,-0.3440358340740204,0.0017217767890542746,-0.23951612412929535,0.0001557306677568704,-0.2058555632829666
16,7109,24,3,3,t_nk,b_plasma,0.8098662495613098,0.03661660477519035,0.7732496447861195,5,True,t_nk,-0.10056541115045547,2,-0.21787874400615692,1,-0.24721676111221313,0,0.8098662495613098,5,0.03661660477519035,2,-0.2545141577720642,0,-0.30367279052734375,0,-0.24122759699821472,0,0.23365437984466553,-0.6357995271682739,2.7742724418640137,1.1524810791015625,2.2185802459716797,1.4489171504974365,0.21442154049873352,-0.639397382736206,0.830574095249176,-0.3800698518753052,0.2365020215511322,-0.2671135365962982,0.316170871257782,-0.250029593706131,0.16822944581508636,-0.28111544251441956,0.016394881531596184,-0.3998721241950989,0.01961538940668106,-0.32834598422050476,0.44137901067733765,-0.011143754236400127,0.09685621410608292,-0.2214725762605667,0.055760156363248825,-0.2624417543411255,0.03178416192531586,-0.17193900048732758,0.08111543953418732,-0.26113879680633545,0.43049269914627075,-0.112291619181633,0.0028544014785438776,-0.2227117121219635,0.011508435942232609,-0.2963484525680542,0.008786634542047977,-0.31368187069892883,0.011003219522535801,-0.40191319584846497,0.02135705202817917,-0.35500165820121765,0.11080325394868851,-0.3555486500263214,0.011694035492837429,-0.37020590901374817,0.016315042972564697,-0.3311757743358612,0.005355865694582462,-0.25237271189689636,1.617979884147644,0.6304957866668701,0.0006888557691127062,-0.17071320116519928,0.0811607763171196,-0.2809547185897827,0.0016402405453845859,-0.18594667315483093,0.00020300790492910892,-0.1978013515472412,0.00021537272550631315,-0.21516181528568268,0.0018359259702265263,-0.2034584879875183,0.000385258870664984,-0.16078007221221924,0.01275538932532072,-0.27412891387939453,0.029543127864599228,-0.33976808190345764,0.0009078370640054345,-0.18851488828659058,0.0027986569330096245,-0.23648402094841003,0.005476900842040777,-0.23340223729610443,0.0001480431092204526,-0.22900927066802979,0.045991867780685425,-0.2353912740945816,0.0,-0.24766848981380463,0.0,-0.32205602526664734,0.011980432085692883,-0.4105660617351532,0.008191614411771297,-0.2931186258792877,0.00014233443653210998,-0.22942841053009033,0.4702330231666565,-0.2253827005624771,0.818244457244873,0.529111921787262,1.6645280122756958,1.8516318798065186,1.6995066404342651,0.9803905487060547,3.4890835285186768,2.072932720184326,0.8082568645477295,0.3620889484882355,1.5324478149414062,1.8040623664855957,0.5885312557220459,0.3938829004764557,0.23176084458827972,-0.4799223244190216,0.028711358085274696,-0.29578208923339844,0.0006582238711416721,-0.2338632494211197,0.052658576518297195,-0.25640979409217834,0.0026258935686200857,-0.1901705116033554,1.2825483083724976,0.7332593202590942,2.62984561920166,-0.14744716882705688,0.04086923599243164,-0.22380957007408142,0.06602015346288681,-0.2225496619939804,0.5586135387420654,1.166322112083435,0.0008813838358037174,-0.20436599850654602,0.0026814097072929144,-0.2042505443096161,0.004420839250087738,-0.18943221867084503,0.013409378007054329,-0.21751300990581512,0.014127565547823906,-0.24816977977752686,0.0,-0.25350475311279297,0.002494568470865488,-0.3658406138420105,0.07781705260276794,-0.37427932024002075,0.0,-0.2332710176706314,0.05570396035909653,-0.38443249464035034,0.11117646843194962,-0.4876199960708618,0.6031244397163391,-0.4047679007053375,0.8353792428970337,-0.37336280941963196,0.0022782483138144016,-0.16310662031173706,0.0028223709668964148,-0.15715426206588745,0.001783906016498804,-0.15526539087295532,0.018808608874678612,-0.21618235111236572,0.024274887517094612,-0.24474605917930603,0.015181325376033783,-0.30348262190818787,0.0030889338813722134,-0.23599858582019806,0.00018972593534272164,-0.20572839677333832
17,3960,24,3,3,macrophage_monocyte,endothelial,3.058222532272339,0.20906402170658112,2.8491585105657578,13,True,macrophage_monocyte,3.058222532272339,13,0.20906402170658112,4,-0.2281421422958374,0,-0.55577552318573,0,0.010292444378137589,2,-0.1218576729297638,0,-0.18590927124023438,0,-0.017065009102225304,1,1.7105261087417603,1.4354581832885742,3.2480926513671875,1.5928400754928589,2.7516801357269287,2.088099718093872,2.6047205924987793,2.2324275970458984,3.0340545177459717,2.215014934539795,4.20579719543457,4.816277027130127,4.333910942077637,4.676764488220215,3.800387382507324,4.5572614669799805,1.237789273262024,4.531436920166016,2.0943806171417236,5.456406116485596,2.59439754486084,3.922145366668701,3.4172298908233643,6.093367576599121,0.09482888132333755,-0.17946530878543854,0.09350968152284622,0.01128653809428215,1.4009194374084473,2.424013137817383,0.7765830755233765,0.6311752796173096,0.012481567449867725,-0.1915608048439026,0.036021649837493896,-0.2272884100675583,0.022668348625302315,-0.2748141288757324,0.032574065029621124,-0.3468855321407318,0.2038036286830902,0.131631001830101,0.5866107940673828,0.5294811129570007,0.6378838419914246,1.339741587638855,0.08822441846132278,-0.1866951733827591,0.23439472913742065,0.47620725631713867,1.829475998878479,1.1191540956497192,0.0016679716063663363,-0.16762009263038635,0.2122044712305069,-0.11469357460737228,0.0020541814155876637,-0.18406140804290771,0.001694513252004981,-0.19222894310951233,0.004086801782250404,-0.20387886464595795,0.010473490692675114,-0.17667299509048462,0.0006277713109739125,-0.1578199416399002,0.015229595825076103,-0.263821005821228,0.017585575580596924,-0.38224244117736816,0.0030722543597221375,-0.1665554940700531,0.0042329216375947,-0.23017887771129608,0.014103599824011326,-0.21876516938209534,0.0005436958745121956,-0.22522081434726715,0.04322172701358795,-0.23947380483150482,8.203463221434504e-05,-0.24536575376987457,0.0026490141171962023,-0.23523558676242828,0.046140704303979874,-0.2957487106323242,0.026502668857574463,-0.23681184649467468,0.0005016262293793261,-0.2243344634771347,0.22318506240844727,-0.5760653614997864,0.15800607204437256,-0.6156954765319824,0.27309855818748474,-0.6659713983535767,0.43940481543540955,-0.7282069325447083,0.6715989708900452,-0.6393090486526489,0.37278372049331665,-0.2250826060771942,0.13136300444602966,-0.6132803559303284,0.1602146327495575,-0.32701772451400757,0.14283537864685059,-0.6113510727882385,0.05277223512530327,-0.25446298718452454,0.0026264460757374763,-0.22756700217723846,0.03379544988274574,-0.28577354550361633,0.00574592687189579,-0.1782127022743225,0.24810436367988586,-0.9953859448432922,4.818082332611084,1.5988407135009766,0.03254307433962822,-0.2412286251783371,0.0617738775908947,-0.22977744042873383,0.4761240780353546,0.9061995148658752,0.0034866011701524258,-0.19444724917411804,0.05139680951833725,-0.017422150820493698,0.011926480568945408,-0.16663917899131775,0.0255594439804554,-0.19231900572776794,0.018408071249723434,-0.23862630128860474,0.0007374497945420444,-0.11472904682159424,0.005583749618381262,-0.33263421058654785,0.4461367130279541,0.36841821670532227,0.0006966824876144528,-0.20832011103630066,0.0897374227643013,-0.3452693521976471,0.6970412135124207,0.1474286913871765,0.6089928150177002,-0.4006812572479248,1.0375192165374756,-0.23432452976703644,0.0015178355388343334,-0.16621455550193787,0.003608056576922536,-0.152023047208786,0.0025070575065910816,-0.1502808779478073,0.023379558697342873,-0.20302997529506683,0.04149574413895607,-0.19891981780529022,0.3064924478530884,0.730471134185791,0.009295802563428879,-0.22002911567687988,0.0033736536279320717,-0.19381727278232574
18,4350,23,3,3,neutrophil,macrophage_monocyte,1.4694445133209229,0.5490122437477112,0.9204322695732117,4,True,neutrophil,0.5490122437477112,6,-0.033500686287879944,2,-0.2405661940574646,0,-0.16928058862686157,0,-0.1996077299118042,0,-0.09945391118526459,1,1.4694445133209229,4,-0.2547098994255066,0,2.1224606037139893,2.013181209564209,3.159494400024414,1.5104986429214478,1.614686131477356,0.7248526811599731,1.6982978582382202,1.1434060335159302,2.433394432067871,1.5076050758361816,0.5213454365730286,0.0976792648434639,0.6914531588554382,0.2101641148328781,0.4123222529888153,0.04403921961784363,0.060929495841264725,-0.22006620466709137,0.09089834988117218,-0.12959855794906616,1.3620936870574951,1.670884132385254,0.30371415615081787,0.171939417719841,0.09980863332748413,-0.16888903081417084,0.03698953613638878,-0.15648740530014038,0.11901834607124329,-0.18402501940727234,1.0106093883514404,1.1339075565338135,0.00785887986421585,-0.20651856064796448,0.013677816838026047,-0.2902367413043976,0.011270876042544842,-0.3067261874675751,0.020669663324952126,-0.3772538900375366,0.03242384269833565,-0.32548367977142334,0.06785218417644501,-0.43544015288352966,0.03312566131353378,-0.31168219447135925,0.03742093965411186,-0.2887697219848633,0.013579831458628178,-0.2262120097875595,2.0133047103881836,1.5438873767852783,0.010386132635176182,-0.14007873833179474,0.14110395312309265,-0.2049020677804947,0.007285907864570618,-0.16023387014865875,0.0010085322428494692,-0.19479183852672577,0.0013024893123656511,-0.2119935154914856,0.0011689867824316025,-0.2055266946554184,0.0005302840145304799,-0.1590098738670349,0.0034437188878655434,-0.3129226565361023,0.027846984565258026,-0.3457929491996765,0.0017212277743965387,-0.1802625209093094,0.0018094797851517797,-0.24083252251148224,0.004301483277231455,-0.2353965938091278,0.0002919095568358898,-0.22763171792030334,0.03820972144603729,-0.2468603253364563,0.0,-0.24766848981380463,0.002511854749172926,-0.23973092436790466,0.020121172070503235,-0.3832038938999176,0.016906356438994408,-0.2663206458091736,0.0,-0.23144637048244476,0.4463510513305664,-0.2592829763889313,0.3399445116519928,-0.3002268970012665,0.48049524426460266,-0.29071515798568726,0.7289941906929016,-0.3355468213558197,1.207543969154358,-0.12338345497846603,0.7255181670188904,0.250527948141098,0.4109346270561218,-0.13092520833015442,0.3751335144042969,0.03471272066235542,0.3070244789123535,-0.3686853051185608,0.035843197256326675,-0.28353479504585266,0.0,-0.23596885800361633,0.03962196782231331,-0.2767035663127899,0.002972594927996397,-0.18884174525737762,1.1067816019058228,0.43953797221183777,2.2935240268707275,-0.41584330797195435,0.0395241342484951,-0.22662362456321716,0.08865326642990112,-0.18402476608753204,0.054146409034729004,-0.4244668185710907,0.0039679789915680885,-0.19261451065540314,0.009731949307024479,-0.17721101641654968,0.006813324522227049,-0.18216675519943237,0.019324813038110733,-0.2052469402551651,0.01302575133740902,-0.2506262958049774,0.0,-0.25350475311279297,0.11888256669044495,0.8852439522743225,0.12175144255161285,-0.2856878936290741,0.0,-0.2332710176706314,2.9557125568389893,2.9526803493499756,3.172916889190674,2.8311564922332764,4.723634243011475,2.464688539505005,5.042132377624512,2.5201754570007324,0.00613036286085844,-0.14736239612102509,0.0006628315895795822,-0.17125795781612396,0.0005212365067563951,-0.16396868228912354,0.01348713506013155,-0.23149429261684418,0.008165274746716022,-0.2876151502132416,0.00875841174274683,-0.32627955079078674,0.00833756010979414,-0.22249454259872437,0.0002063837309833616,-0.20566608011722565
19,9538,24,3,3,t_nk,mesenchymal_hsc_myofibroblast,1.0334722995758057,-0.24591223895549774,1.2793845385313034,7,True,t_nk,-0.49758246541023254,0,-0.3273743987083435,0,-0.24591223895549774,0,1.0334722995758057,7,-0.33580854535102844,0,-0.2574189603328705,0,-0.37098339200019836,0,-0.2615244388580322,0,0.17312702536582947,-0.7206869721412659,0.8621121048927307,-0.6246424913406372,0.2700343132019043,-0.8873745799064636,0.08402420580387115,-0.796063244342804,0.40919673442840576,-0.8763347268104553,0.12294568121433258,-0.4125426709651947,0.17396436631679535,-0.42441171407699585,0.08166894316673279,-0.39642220735549927,0.008812769316136837,-0.43048447370529175,0.00952090509235859,-0.3564909100532532,0.2772033214569092,-0.3110717236995697,0.049928370863199234,-0.31072211265563965,0.039210136979818344,-0.2975916266441345,0.008074203506112099,-0.24231944978237152,0.024374963715672493,-0.376577764749527,0.16390052437782288,-0.6849815249443054,0.0038654424715787172,-0.21944023668766022,0.008436927571892738,-0.3050016760826111,0.008196931332349777,-0.31533297896385193,0.00976675283163786,-0.40506744384765625,0.013073581270873547,-0.37709587812423706,0.04598506540060043,-0.4761142432689667,0.00900204200297594,-0.3775569498538971,0.017597969621419907,-0.3285980820655823,0.004770467057824135,-0.2542348802089691,1.3328983783721924,-0.02818046137690544,0.000640041776932776,-0.1708674132823944,0.055591508746147156,-0.3133956491947174,0.0001055292013916187,-0.19293640553951263,0.0,-0.19855982065200806,0.0,-0.21578949689865112,0.0,-0.20915177464485168,0.0,-0.16548258066177368,0.0017457567155361176,-0.3199966251850128,0.049645181745290756,-0.26836368441581726,0.0,-0.19772547483444214,0.0005546239553950727,-0.24634897708892822,0.004287010990083218,-0.23542116582393646,0.0,-0.2304268181324005,0.06405261158943176,-0.20877397060394287,0.0,-0.24766848981380463,0.001167474896647036,-0.2837924659252167,0.004517247900366783,-0.43565085530281067,0.008238975889980793,-0.29297298192977905,0.0,-0.23144637048244476,1.621464729309082,1.40878164768219,1.151583194732666,1.10709810256958,1.5306510925292969,1.609399676322937,2.0018434524536133,1.390335202217102,2.71657657623291,1.3292815685272217,0.7936428785324097,0.34238412976264954,1.2254033088684082,1.274307370185852,0.5339529514312744,0.3020220398902893,0.9202501177787781,0.5376408100128174,0.008384413085877895,-0.33068904280662537,7.661381823709235e-05,-0.23572377860546112,0.04974721372127533,-0.26094183325767517,0.00014563596050720662,-0.19967633485794067,0.5619789361953735,-0.4708743393421173,2.206974506378174,-0.48491278290748596,0.0038777084555476904,-0.30119913816452026,0.008417828008532524,-0.3205972909927368,0.056304190307855606,-0.41766247153282166,0.00037148440605960786,-0.2063073217868805,0.0024357771035283804,-0.20519255101680756,0.0008117760880850255,-0.20039218664169312,0.008956938050687313,-0.22674544155597687,0.00941824447363615,-0.25866931676864624,0.0,-0.25350475311279297,0.003883494297042489,-0.3509106934070587,0.07409872114658356,-0.3817771375179291,0.0,-0.2332710176706314,0.05268053710460663,-0.3879116177558899,0.062354784458875656,-0.540540337562561,0.38009509444236755,-0.5600818991661072,0.4989362955093384,-0.6047789454460144,0.0018691046861931682,-0.16477885842323303,0.0006670093862339854,-0.17123067378997803,0.0,-0.16756144165992737,0.00904456153512001,-0.24427731335163116,0.011394673958420753,-0.2790214419364929,0.004594904836267233,-0.3410571217536926,0.002362864790484309,-0.23786668479442596,0.0002776061010081321,-0.20539964735507965
20,9186,24,3,3,neutrophil,macrophage_monocyte,1.3963686227798462,0.009137074463069439,1.3872315483167768,4,True,neutrophil,0.009137074463069439,3,-0.31169673800468445,0,-0.25330501794815063,0,-0.6506802439689636,0,-0.46100473403930664,0,0.00434643542394042,1,1.3963686227798462,4,-0.2679048180580139,0,1.4496452808380127,1.0695825815200806,2.5975279808044434,0.9882183074951172,0.8384994268417358,-0.2057892382144928,1.0286222696304321,0.33882418274879456,1.8997055292129517,0.8790684938430786,0.12805278599262238,-0.40600210428237915,0.18337255716323853,-0.41287484765052795,0.08536477386951447,-0.39149898290634155,0.016452666372060776,-0.3996388018131256,0.0147792287170887,-0.34182992577552795,0.5329449772834778,0.15613554418087006,0.04194546490907669,-0.32590436935424805,0.06820646673440933,-0.23600755631923676,0.011743617244064808,-0.2314271777868271,0.040485888719558716,-0.3437999486923218,0.48813262581825256,0.011529727838933468,0.010117210447788239,-0.1992112249135971,0.009730982594192028,-0.3013559877872467,0.009348751977086067,-0.31210798025131226,0.009175403974950314,-0.406576007604599,0.017003778368234634,-0.3666130304336548,0.031087538227438927,-0.5038245320320129,0.006393454968929291,-0.38468027114868164,0.021093517541885376,-0.3215748369693756,0.0015712087042629719,-0.2644118070602417,1.110560655593872,-0.5418881773948669,0.0004580017412081361,-0.17144249379634857,0.07410977780818939,-0.28990066051483154,0.004694042727351189,-0.17203833162784576,0.0012073126854375005,-0.1940491646528244,0.001673770835623145,-0.21091143786907196,0.002265257528051734,-0.2021270990371704,0.0,-0.16548258066177368,0.0012811971828341484,-0.32193201780319214,0.010626070201396942,-0.4069632291793823,0.0022246232256293297,-0.17515523731708527,0.00163449312094599,-0.24160178005695343,0.006752632092684507,-0.23123770952224731,0.0,-0.2304268181324005,0.027440033853054047,-0.2627323269844055,0.0,-0.24766848981380463,0.0005415409686975181,-0.3043072521686554,0.00558324484154582,-0.43206787109375,0.01374637521803379,-0.27603766322135925,0.0,-0.23144637048244476,0.1959814429283142,-0.6146806478500366,0.1229623481631279,-0.6764588952064514,0.18497762084007263,-0.8254142999649048,0.32242944836616516,-0.8868160843849182,0.5036919116973877,-0.8009442090988159,0.19814413785934448,-0.4605584144592285,0.11046206206083298,-0.6493415236473083,0.07753434777259827,-0.4661770761013031,0.23459675908088684,-0.4757309556007385,0.011757767759263515,-0.32489606738090515,0.0,-0.23596885800361633,0.017079157754778862,-0.3117953836917877,0.0008240023162215948,-0.1970764398574829,0.3520042300224304,-0.8217602372169495,1.2639521360397339,-1.2374769449234009,0.01788933202624321,-0.27188557386398315,0.05926232039928436,-0.23405247926712036,0.025712423026561737,-0.5141306519508362,0.0017201866721734405,-0.20117245614528656,0.004191129002720118,-0.19846060872077942,0.004277421627193689,-0.1898677498102188,0.012499500997364521,-0.21939969062805176,0.008048196323215961,-0.2617238461971283,0.0,-0.25350475311279297,0.21479877829551697,1.9162719249725342,0.1048574224114418,-0.31975382566452026,0.0,-0.2332710176706314,2.7268600463867188,2.689333915710449,3.0804831981658936,2.7309632301330566,4.634331226348877,2.4024994373321533,4.853184223175049,2.3902108669281006,0.018661249428987503,-0.09614662826061249,0.0001327747304458171,-0.1747197061777115,0.0,-0.16756144165992737,0.007788345217704773,-0.24789191782474518,0.005263366270810366,-0.29533740878105164,0.002929108217358589,-0.3469695746898651,0.000411588087445125,-0.24288707971572876,0.0,-0.20643816888332367
21,9339,24,3,3,macrophage_monocyte,neutrophil,0.8371660113334656,0.4405093491077423,0.39665666222572327,8,False,ambiguous,0.8371660113334656,8,-0.1448480784893036,1,-0.24750454723834991,0,-0.5913082361221313,0,0.02680809050798416,2,-0.18762187659740448,0,0.4405093491077423,3,-0.13465049862861633,0,2.332259178161621,2.3074159622192383,3.403517007827759,1.7372883558273315,2.7492752075195312,2.0852162837982178,2.7794933319091797,2.442408323287964,3.3026952743530273,2.5313987731933594,0.3672870695590973,-0.09961995482444763,0.3724757432937622,-0.18098516762256622,0.19555164873600006,-0.24471968412399292,0.3462357223033905,0.9318411350250244,0.3491300046443939,0.5903894901275635,0.906777024269104,0.8390788435935974,0.2714989185333252,0.11067098379135132,0.0852891132235527,-0.1997264325618744,0.04299071803689003,-0.1386735439300537,0.13353416323661804,-0.15449248254299164,1.080055832862854,1.2830915451049805,0.011730501428246498,-0.1939910650253296,0.011762533336877823,-0.29563257098197937,0.013073225505650043,-0.30167973041534424,0.014820130541920662,-0.39217618107795715,0.02676290087401867,-0.34058287739753723,0.20442280173301697,-0.18141083419322968,0.016551554203033447,-0.3569413721561432,0.024095304310321808,-0.31554362177848816,0.013697833754122257,-0.2258366346359253,1.2790738344192505,-0.15254120528697968,0.002486912300810218,-0.1650329977273941,0.10969869047403336,-0.24474738538265228,0.0020612278021872044,-0.18402931094169617,0.0007187472656369209,-0.19587451219558716,0.0018767468864098191,-0.2103198766708374,0.0030941946897655725,-0.19955652952194214,0.00026750884717330337,-0.16221734881401062,0.005676891189068556,-0.3036189377307892,0.009880295023322105,-0.4096122980117798,0.0022554637398570776,-0.17484235763549805,0.007553227245807648,-0.21558253467082977,0.007139869034290314,-0.230580672621727,0.0007608626037836075,-0.2231413722038269,0.04766712337732315,-0.23292233049869537,0.00011452074977569282,-0.24445386230945587,0.0006231431616470218,-0.30163273215293884,0.013254404999315739,-0.40628403425216675,0.011255420744419098,-0.2836973965167999,0.00015763296687509865,-0.2292114943265915,0.20541025698184967,-0.6012965440750122,0.1454591304063797,-0.6374510526657104,0.2348889261484146,-0.7351065874099731,0.3731437027454376,-0.8180516362190247,0.7006703615188599,-0.6113235950469971,0.282448410987854,-0.3468865156173706,0.13509143888950348,-0.6068475842475891,0.12942726910114288,-0.3788359761238098,0.160005584359169,-0.5859741568565369,0.024757619947195053,-0.30257174372673035,0.003969518002122641,-0.22327059507369995,0.020649723708629608,-0.3062371611595154,0.00283899437636137,-0.18935377895832062,1.490159034729004,1.0801948308944702,3.9038939476013184,0.8692870140075684,0.038910623639822006,-0.22790715098381042,0.08518169075250626,-0.1899338960647583,0.10346836596727371,-0.2689347267150879,0.0031151422299444675,-0.19586148858070374,0.008261067792773247,-0.18285199999809265,0.018790530040860176,-0.14579451084136963,0.023011084645986557,-0.1976032257080078,0.02022702619433403,-0.23457090556621552,0.0016683608992025256,0.06045283004641533,0.009406632743775845,-0.29154103994369507,0.12727829813957214,-0.27454328536987305,0.0001951148296939209,-0.2262832075357437,0.16120977699756622,-0.26302430033683777,1.2260584831237793,0.7208575010299683,3.1682183742523193,1.3815221786499023,3.6386537551879883,1.5548183917999268,0.0044178166426718235,-0.15436185896396637,0.022248657420277596,-0.030283477157354355,0.006035123951733112,-0.12596271932125092,0.024859867990016937,-0.19877053797245026,0.0776260569691658,-0.10277381539344788,0.11689054220914841,0.057514987885951996,0.005415757652372122,-0.2300119698047638,0.0019318376434966922,-0.19921112060546875
22,4572,24,3,3,t_nk,b_plasma,0.6355082988739014,0.1997736543416977,0.4357346445322037,5,False,ambiguous,-0.3978891670703888,0,-0.32494455575942993,0,-0.2359907478094101,0,0.6355082988739014,5,0.1997736543416977,2,-0.24361726641654968,0,-0.29924628138542175,0,-0.23445172607898712,0,0.2988525331020355,-0.5443615317344666,1.005233883857727,-0.4916279911994934,0.5497769713401794,-0.5519652366638184,0.21424424648284912,-0.6396103501319885,0.6601109504699707,-0.5808278322219849,0.1887727677822113,-0.3282393515110016,0.2704385221004486,-0.30610933899879456,0.15610460937023163,-0.2972668707370758,0.02541039139032364,-0.36347252130508423,0.017779726535081863,-0.333464115858078,0.14453651010990143,-0.5534369945526123,0.08623796701431274,-0.24166685342788696,0.0666305273771286,-0.23935462534427643,0.025102220475673676,-0.19177360832691193,0.059478018432855606,-0.3051603138446808,0.23086592555046082,-0.5411272644996643,0.007518676575273275,-0.20761936902999878,0.01039676833897829,-0.29948028922080994,0.014793554320931435,-0.29686295986175537,0.014416800811886787,-0.39320507645606995,0.023040080443024635,-0.3505125939846039,0.07496333867311478,-0.42221298813819885,0.010684466920793056,-0.3729627728462219,0.024579880759119987,-0.31457000970840454,0.022418374195694923,-0.19809632003307343,1.1759064197540283,-0.3909078538417816,0.001883745426312089,-0.16693845391273499,0.0899655669927597,-0.26978370547294617,0.003319184295833111,-0.17830003798007965,0.001980731962248683,-0.19115959107875824,0.0026925017591565847,-0.2079424411058426,0.0013621867401525378,-0.20492756366729736,0.0,-0.16548258066177368,0.014740891754627228,-0.2658570408821106,0.05149262771010399,-0.2618013918399811,0.0009647274273447692,-0.18793770670890808,0.003317225957289338,-0.23420435190200806,0.00870178360491991,-0.22793053090572357,0.00025558637571521103,-0.22797952592372894,0.059541791677474976,-0.2154218554496765,0.0,-0.24766848981380463,0.0015794956125319004,-0.2702886462211609,0.008219566196203232,-0.42320680618286133,0.014952720142900944,-0.27232813835144043,0.00014391935837920755,-0.22940593957901,1.3563640117645264,1.0324733257293701,1.032496452331543,0.9006099700927734,1.1441664695739746,0.9101080894470215,1.7800935506820679,1.0896599292755127,1.8347035646438599,0.4803495705127716,0.49229663610458374,-0.06393700838088989,0.6723067164421082,0.320029616355896,0.4554474353790283,0.16988925635814667,1.1521575450897217,0.8803918957710266,0.06162785366177559,-0.23925548791885376,0.000377045595087111,-0.23476272821426392,0.07800853997468948,-0.21694815158843994,0.001510301255621016,-0.1944461315870285,0.780921459197998,-0.10500247776508331,2.543937921524048,-0.21600444614887238,1.0294839143753052,1.8444607257843018,0.9993727803230286,1.3661539554595947,0.12335240840911865,-0.20623229444026947,0.001087414799258113,-0.20358158648014069,0.00881899893283844,-0.1807122677564621,0.003500693943351507,-0.19222651422023773,0.017681842669844627,-0.2086537629365921,0.024285966530442238,-0.22552143037319183,0.0,-0.25350475311279297,0.005429075565189123,-0.334296852350235,0.08341154456138611,-0.3629983067512512,6.174232839839533e-05,-0.23105978965759277,0.07479174435138702,-0.3624677062034607,0.13539719581604004,-0.4613659083843231,0.6206510663032532,-0.3925626277923584,0.8186525106430054,-0.38486799597740173,0.0026767803356051445,-0.16147774457931519,0.0011852015741169453,-0.1678464263677597,0.0004970323643647134,-0.16413551568984985,0.03831665217876434,-0.160050168633461,0.01740812323987484,-0.2630191147327423,0.015366774052381516,-0.3028244376182556,0.0011589709902182221,-0.2409641593694687,0.00027731320005841553,-0.2054007351398468
23,2702,24,3,3,endothelial,mesenchymal_hsc_myofibroblast,0.9568259716033936,0.13160645961761475,0.8252195119857788,7,True,endothelial,-0.3792265057563782,0,0.9568259716033936,7,0.13160645961761475,2,-0.5258800387382507,0,-0.369495689868927,0,-0.16422051191329956,0,-0.2696651220321655,0,-0.24188312888145447,0,0.20421072840690613,-0.6770931482315063,0.7402276992797852,-0.7379194498062134,0.424261212348938,-0.7024576663970947,0.2893936038017273,-0.5493221879005432,0.5238261222839355,-0.7413333058357239,0.34617185592651367,-0.1266617476940155,0.4439331889152527,-0.09335975348949432,0.2437514215707779,-0.18051303923130035,0.040446534752845764,-0.30276498198509216,0.04537860304117203,-0.2565143406391144,0.13688528537750244,-0.5674148201942444,0.1772872805595398,-0.06850505620241165,0.0670468732714653,-0.23847036063671112,0.015571954660117626,-0.2200631946325302,0.09838514775037766,-0.22600343823432922,0.5068349242210388,0.05170576646924019,0.0057411957532167435,-0.21337082982063293,0.9991669058799744,2.4861397743225098,0.249558687210083,0.36046186089515686,0.3771319091320038,0.5320888757705688,0.9095208644866943,2.013963222503662,1.5419600009918213,2.3064863681793213,0.5865949988365173,1.1996862888336182,0.5279833674430847,0.6968701481819153,0.012055682949721813,-0.23106038570404053,1.2711542844772339,-0.17083919048309326,0.0034507063683122396,-0.1619882881641388,3.115297317504883,3.568593740463257,0.001254997099749744,-0.18770122528076172,0.006275264546275139,-0.17511476576328278,0.002791155595332384,-0.2076549082994461,0.007781174965202808,-0.1850219964981079,0.0002038041566265747,-0.16299493610858917,0.07116924226284027,-0.030768539756536484,0.2024676352739334,0.27447593212127686,0.005857334937900305,-0.13829907774925232,0.0016842918703332543,-0.24138286709785461,0.01422083843499422,-0.21856626868247986,0.0,-0.2304268181324005,0.06904077529907227,-0.2014225870370865,0.0,-0.24766848981380463,0.004526121541857719,-0.1737140715122223,0.4452962875366211,1.045867919921875,1.2385886907577515,3.490372657775879,0.00414566183462739,-0.1726704239845276,0.2773880362510681,-0.4991246461868286,0.19427604973316193,-0.5528059005737305,0.2695433497428894,-0.6724040508270264,0.4185001850128174,-0.7565519213676453,0.7061437964439392,-0.6060546040534973,0.33248448371887207,-0.2794201970100403,0.152158722281456,-0.5774007439613342,0.15346336364746094,-0.3383807837963104,0.2514802813529968,-0.45077770948410034,0.031353659927845,-0.2912445664405823,0.0041359285824000835,-0.22273826599121094,0.023343488574028015,-0.3020438551902771,0.004014660604298115,-0.18484795093536377,0.19892102479934692,-1.077575445175171,2.1553728580474854,-0.5260926485061646,0.029482465237379074,-0.24763169884681702,0.06841206550598145,-0.218478262424469,0.10794799029827118,-0.2548086643218994,0.003232276067137718,-0.19541552662849426,0.007560032419860363,-0.18554052710533142,0.00332500203512609,-0.19276005029678345,0.012271841987967491,-0.21987175941467285,0.022390274330973625,-0.22974790632724762,0.0,-0.25350475311279297,0.006530789192765951,-0.3224542438983917,0.42905256152153015,0.3339689075946808,0.0005755338934250176,-0.21265891194343567,0.10559923201799393,-0.32701677083969116,0.17543458938598633,-0.4179673492908478,0.7162880301475525,-0.3259626030921936,0.9142820835113525,-0.31909093260765076,0.002872952027246356,-0.16067597270011902,0.0009502581087872386,-0.1693808138370514,0.0,-0.16756144165992737,0.021364593878388405,-0.20882780849933624,0.017827888950705528,-0.2619020938873291,0.01421284768730402,-0.3069200813770294,0.003965345676988363,-0.23374369740486145,0.0022496904712170362,-0.1980220228433609
24,679,24,3,3,neutrophil,macrophage_monocyte,3.3703858852386475,-0.05316073074936867,3.423546615988016,6,True,neutrophil,-0.05316073074936867,1,-0.2853492200374603,0,-0.23513536155223846,0,-0.16585057973861694,0,-0.20143233239650726,0,-0.14684318006038666,0,3.3703858852386475,6,-0.21341800689697266,0,1.093774676322937,0.5704872608184814,1.9720267057418823,0.4068899154663086,1.3126624822616577,0.36272865533828735,0.8818451762199402,0.16247883439064026,1.1267883777618408,-0.031212113797664642,0.2700667083263397,-0.22412796318531036,0.3682393431663513,-0.18618009984493256,0.18709594011306763,-0.25598350167274475,0.05720890685915947,-0.23508785665035248,0.04927365109324455,-0.24565435945987701,0.2537919878959656,-0.35384124517440796,0.14400698244571686,-0.13179907202720642,0.07877730578184128,-0.21355658769607544,0.030615918338298798,-0.1754067987203598,0.08799312263727188,-0.2471460998058319,0.3122703731060028,-0.3662553131580353,0.007805017288774252,-0.20669284462928772,0.03218765929341316,-0.23808974027633667,0.02409367263317108,-0.27082329988479614,0.02799575962126255,-0.3585648536682129,0.026715025305747986,-0.3407105803489685,0.08758588880300522,-0.39873427152633667,0.02560916170477867,-0.3322076201438904,0.047944020479917526,-0.26762670278549194,0.013652840629220009,-0.2259797751903534,1.1479392051696777,-0.45552563667297363,0.04111846908926964,-0.042992815375328064,0.14076176285743713,-0.20533622801303864,0.003337609115988016,-0.1782161146402359,0.0024441611021757126,-0.1894281655550003,0.0,-0.21578949689865112,0.008366295136511326,-0.18320751190185547,0.0,-0.16548258066177368,0.00832553580403328,-0.29258430004119873,0.029039815068244934,-0.3415558934211731,0.004412684589624405,-0.15295597910881042,0.0,-0.24878716468811035,0.011092371307313442,-0.22387439012527466,0.0012020237045362592,-0.2189171463251114,0.038659002631902695,-0.24619819223880768,0.0,-0.24766848981380463,0.0026260127779096365,-0.23598942160606384,0.006240522488951683,-0.4298586845397949,0.03998896852135658,-0.19534125924110413,0.0,-0.23144637048244476,0.4327841103076935,-0.2785411477088928,0.31195637583732605,-0.3487563729286194,0.4636228680610657,-0.32124343514442444,0.7825278639793396,-0.26295945048332214,1.8012524843215942,0.4481480121612549,0.5320186614990234,-0.010377692058682442,0.3151099383831024,-0.29625505208969116,0.26831433176994324,-0.14507487416267395,0.36865663528442383,-0.2775951325893402,0.030680350959300995,-0.2924007773399353,0.00185267417691648,-0.2300422638654709,0.04059402644634247,-0.2751903831958771,0.009731944650411606,-0.16293592751026154,0.8782097101211548,0.057574592530727386,2.0407238006591797,-0.6175865530967712,0.08066175878047943,-0.14056004583835602,0.1135711669921875,-0.14161083102226257,0.18553709983825684,-0.010138806886970997,0.0,-0.20772166550159454,0.013731623999774456,-0.16187186539173126,0.016774015501141548,-0.1519182324409485,0.02740052156150341,-0.18850141763687134,0.015287645161151886,-0.24558335542678833,0.0019781929440796375,0.11875803023576736,0.044924650341272354,0.09025123715400696,0.0939587950706482,-0.3417303264141083,0.0,-0.2332710176706314,0.38089239597320557,-0.010229984298348427,1.2157483100891113,0.7096817493438721,4.32140588760376,2.1845831871032715,4.2523064613342285,1.9769080877304077,1.5698386430740356,6.243767738342285,0.9828361868858337,6.243200302124023,0.9303008317947388,6.244790077209473,0.028718378394842148,-0.1876680999994278,0.026780318468809128,-0.23807886242866516,0.022926630452275276,-0.27599215507507324,0.031562719494104385,-0.1627391278743744,0.0010228275787085295,-0.2026117593050003
25,3230,24,3,3,macrophage_monocyte,dendritic,2.4992563724517822,0.13318565487861633,2.366070717573166,14,True,macrophage_monocyte,2.4992563724517822,14,-0.13697269558906555,1,-0.21963386237621307,0,-0.608585774898529,0,0.0213283970952034,1,-0.161855086684227,0,-0.21062110364437103,0,0.13318565487861633,1,1.1488392353057861,0.6477132439613342,3.6226868629455566,1.9409804344177246,2.5486559867858887,1.8446754217147827,2.0707082748413086,1.5908385515213013,2.917545795440674,2.0778002738952637,2.684067487716675,2.8674306869506836,3.0963730812072754,3.1592214107513428,2.9105868339538574,3.3719632625579834,0.7847007513046265,2.702118396759033,0.8879110217094421,2.092590570449829,1.0912805795669556,1.1761432886123657,0.2351473718881607,0.041535936295986176,1.4144115447998047,2.623141288757324,2.1664726734161377,6.164653301239014,2.759491443634033,5.1880388259887695,0.6211618781089783,0.2973014712333679,0.019320281222462654,-0.1694325953722,0.02067406289279461,-0.2705264985561371,0.015017285943031311,-0.296236515045166,0.02409151941537857,-0.3685247004032135,0.058961983770132065,-0.2546994984149933,0.6238693594932556,0.5987842082977295,0.02615063264966011,-0.33072903752326965,0.04733995720744133,-0.26884037256240845,0.07122816145420074,-0.042830824851989746,1.2113946676254272,-0.30891281366348267,0.0015835202066227794,-0.167886883020401,0.14645659923553467,-0.1981109231710434,0.002587610622867942,-0.18163195252418518,0.003421928035095334,-0.18577513098716736,0.0050498140044510365,-0.20107223093509674,0.006368122063577175,-0.1894039362668991,0.0014160542050376534,-0.14819806814193726,0.04764232411980629,-0.12878501415252686,0.04513894021511078,-0.2843703031539917,0.0032465269323438406,-0.1647873818874359,0.003177751088514924,-0.2348174899816513,0.011820944026112556,-0.22263820469379425,0.0025979287456721067,-0.20555101335048676,0.039986275136470795,-0.2442421168088913,0.0,-0.24766848981380463,0.00021317624486982822,-0.3150692582130432,0.049063704907894135,-0.2859240770339966,0.018183087930083275,-0.2623946964740753,0.0,-0.23144637048244476,0.1956695318222046,-0.6151233911514282,0.1362621933221817,-0.6533979177474976,0.20536665618419647,-0.7885230779647827,0.3688391447067261,-0.8238883018493652,0.6080964803695679,-0.7004395127296448,0.27480843663215637,-0.3571878969669342,0.12195692211389542,-0.6295090317726135,0.13786892592906952,-0.36462780833244324,0.18801648914813995,-0.5445749759674072,0.026242904365062714,-0.30002108216285706,0.00031641440000385046,-0.23495668172836304,0.02113373763859272,-0.30548372864723206,0.004601521883159876,-0.18259873986244202,0.8191712498664856,-0.041083771735429764,5.1026930809021,1.8259698152542114,0.04848447069525719,-0.20787779986858368,0.0884876623749733,-0.18430665135383606,0.13240502774715424,-0.1776857227087021,0.004132512956857681,-0.19198808073997498,0.006828477140516043,-0.18834611773490906,0.008952220901846886,-0.17567136883735657,0.023687738925218582,-0.19620011746883392,0.01603063754737377,-0.24392683804035187,0.0,-0.25350475311279297,0.0073852017521858215,-0.3132699429988861,0.4237700402736664,0.3233169615268707,0.0004513705207500607,-0.2171056866645813,0.076143778860569,-0.36091190576553345,0.49517813324928284,-0.07138100266456604,0.6412996649742126,-0.3781832754611969,1.0861611366271973,-0.20086707174777985,0.0011013569310307503,-0.16791677474975586,0.005419443361461163,-0.14019310474395752,0.0018376946682110429,-0.1548946350812912,0.02715526707470417,-0.1921657919883728,0.12337111681699753,0.018957875669002533,0.45446640253067017,1.2556766271591187,0.010485070757567883,-0.21696928143501282,0.0018355748616158962,-0.19957125186920166
26,8884,24,3,3,t_nk,mesenchymal_hsc_myofibroblast,0.568017303943634,-0.2466641664505005,0.8146814703941345,4,True,t_nk,-0.6045963764190674,0,-0.466495543718338,0,-0.2466641664505005,0,0.568017303943634,4,-0.4850643575191498,0,-0.2560243606567383,0,-0.38298383355140686,0,-0.26307252049446106,0,0.24809235334396362,-0.6155508160591125,0.2361113578081131,-1.2064350843429565,0.0772213339805603,-1.1185559034347534,0.07622668147087097,-0.8054315447807312,0.31143882870674133,-0.9914662837982178,0.06113427132368088,-0.49170321226119995,0.08073072880506516,-0.5387403964996338,0.0484657846391201,-0.44065192341804504,0.009051680564880371,-0.4295198619365692,0.006053359713405371,-0.36615893244743347,0.03462015837430954,-0.754240095615387,0.023139657452702522,-0.3616701364517212,0.03013668954372406,-0.3168623745441437,0.005552956834435463,-0.24980349838733673,0.02163289487361908,-0.38215652108192444,0.061533015221357346,-0.9048861265182495,0.0061143976636230946,-0.21216322481632233,0.0069224294275045395,-0.30926841497421265,0.005196054000407457,-0.32373520731925964,0.006811338476836681,-0.41260677576065063,0.006713421083986759,-0.39406007528305054,0.028819246217608452,-0.5080437064170837,0.0052739595994353294,-0.38773733377456665,0.008647225797176361,-0.34658199548721313,0.0032433890737593174,-0.2590925693511963,0.692819356918335,-1.5070726871490479,0.000534157850779593,-0.1712018996477127,0.04408637806773186,-0.3279927372932434,0.0,-0.1934170424938202,0.0,-0.19855982065200806,0.0,-0.21578949689865112,0.0,-0.20915177464485168,0.0,-0.16548258066177368,0.0011929292231798172,-0.3222997486591339,0.04370949789881706,-0.2894478142261505,0.0,-0.19772547483444214,0.00042962608858942986,-0.24689848721027374,0.008399153128266335,-0.22844401001930237,0.0,-0.2304268181324005,0.06286653131246567,-0.21052198112010956,0.0,-0.24766848981380463,0.0012714520562440157,-0.2803846597671509,0.0025652246549725533,-0.4422118663787842,0.011347498744726181,-0.28341424465179443,0.0,-0.23144637048244476,1.580108642578125,1.3500770330429077,1.0487953424453735,0.9288710951805115,0.8559012413024902,0.3885311782360077,1.9224767684936523,1.2827202081680298,1.1370313167572021,-0.19126221537590027,0.14280176162719727,-0.5351794958114624,0.4361326992511749,-0.0874500498175621,0.057322610169649124,-0.5001955032348633,2.231785297393799,2.476043939590454,0.0018832165515050292,-0.3418533504009247,5.4214899137150496e-05,-0.23579542338848114,0.013448701240122318,-0.31744682788848877,0.0,-0.20023450255393982,0.25110235810279846,-0.9903759956359863,1.4506534337997437,-1.0884828567504883,0.0029044849798083305,-0.3032352030277252,0.009026900865137577,-0.31956055760383606,0.008440988138318062,-0.5685945153236389,0.0,-0.20772166550159454,0.0021786338184028864,-0.2061787247657776,0.0009232546435669065,-0.20005366206169128,0.008016698993742466,-0.2286950945854187,0.011296798475086689,-0.2544810175895691,0.0,-0.25350475311279297,0.0037539030890911818,-0.352303683757782,0.08092641830444336,-0.36800944805145264,0.0,-0.2332710176706314,0.05050650238990784,-0.3904133439064026,0.07959403842687607,-0.5218538045883179,0.33399924635887146,-0.5921823382377625,0.41029834747314453,-0.6657469272613525,0.0009464827016927302,-0.16854976117610931,0.0,-0.17558683454990387,0.0001462279469706118,-0.1665535271167755,0.007577741518616676,-0.24849791824817657,0.010495627298951149,-0.28141388297080994,0.005972119048237801,-0.33616897463798523,0.0004284776223357767,-0.2428436130285263,0.0,-0.20643816888332367
27,1366,24,3,3,neutrophil,macrophage_monocyte,1.5256776809692383,0.3355605900287628,1.1901170909404755,4,True,neutrophil,0.3355605900287628,6,0.30735838413238525,2,-0.14823001623153687,1,-0.592510461807251,0,-0.30747705698013306,0,0.1394193023443222,1,1.5256776809692383,4,-0.24355094134807587,0,2.0537240505218506,1.916780710220337,3.179816961288452,1.529386043548584,1.5310877561569214,0.6246188879013062,1.391364336013794,0.774640679359436,2.516737222671509,1.605759620666504,0.24331745505332947,-0.25838515162467957,0.3289296627044678,-0.2343839854001999,0.18128147721290588,-0.26372891664505005,0.036664195358753204,-0.31803596019744873,0.04083746671676636,-0.2691757082939148,0.8922709822654724,0.8125781416893005,0.1033567488193512,-0.20910955965518951,0.08823296427726746,-0.19347411394119263,0.025210585445165634,-0.19145195186138153,0.06564685702323914,-0.2926097512245178,0.8795826435089111,0.8524376153945923,0.01653684675693512,-0.17843902111053467,0.007771922741085291,-0.30687516927719116,0.01598316617310047,-0.293532133102417,0.015831518918275833,-0.3895961344242096,0.024873604997992516,-0.34562215209007263,0.05648219585418701,-0.4565889835357666,0.017595656216144562,-0.35409024357795715,0.024158595129847527,-0.31541645526885986,0.00828460045158863,-0.2430563122034073,1.3625599145889282,0.04035203903913498,2.030986785888672,6.243160724639893,0.09998247772455215,-0.2570748031139374,0.004454843699932098,-0.17312775552272797,0.0013306280598044395,-0.19358845055103302,0.0022576020564883947,-0.20920991897583008,0.0030327297281473875,-0.19974714517593384,0.0013706824975088239,-0.1487518846988678,0.0007185643771663308,-0.32427603006362915,0.010338126681745052,-0.407986044883728,0.010038722306489944,-0.09587625414133072,0.0035242014564573765,-0.23329445719718933,0.004390135873109102,-0.2352461814880371,0.0,-0.2304268181324005,0.028138481080532074,-0.2617029845714569,0.05769927427172661,1.3719635009765625,0.0015005433233454823,-0.2728762924671173,0.013879264704883099,-0.4041838049888611,0.015666361898183823,-0.2701336443424225,0.0,-0.23144637048244476,0.21432216465473175,-0.5886461734771729,0.15783600509166718,-0.6159903407096863,0.202981635928154,-0.792838454246521,0.3813597559928894,-0.8069113492965698,0.660829484462738,-0.6496762633323669,0.3108564615249634,-0.3085824251174927,0.13371610641479492,-0.6092204451560974,0.13018427789211273,-0.37756186723709106,0.16190506517887115,-0.583166778087616,0.011603140272200108,-0.32516157627105713,0.000524044968187809,-0.23429247736930847,0.014343158341944218,-0.31605443358421326,0.0,-0.20023450255393982,0.9142128825187683,0.1177390068769455,1.6906412839889526,-0.8969643712043762,0.03362339735031128,-0.23896850645542145,0.06578555703163147,-0.22294896841049194,0.04592003673315048,-0.45040786266326904,0.002417569048702717,-0.1985173374414444,0.014443493448197842,-0.15914177894592285,0.012034536339342594,-0.16631104052066803,0.029288746416568756,-0.1845860630273819,0.016105037182569504,-0.24376095831394196,0.0,-0.25350475311279297,0.31299063563346863,2.9717612266540527,0.125616192817688,-0.2778948247432709,0.0,-0.2332710176706314,2.850208282470703,2.8312740325927734,3.075167417526245,2.72520112991333,5.1477460861206055,2.760033369064331,5.382189750671387,2.754077672958374,0.027196761220693588,-0.06126060709357262,0.0014986279420554638,-0.16579946875572205,0.000548210518900305,-0.1637827605009079,0.02122226171195507,-0.20923733711242676,0.021210573613643646,-0.25290045142173767,0.005914678331464529,-0.33637285232543945,0.0114958006888628,-0.2143687903881073,0.0004177735245320946,-0.20487527549266815
28,11904,24,3,3,t_nk,macrophage_monocyte,1.7754688262939453,-0.02081001177430153,1.7962788380682468,5,True,t_nk,-0.02081001177430153,3,-0.2050832062959671,1,-0.2080511748790741,0,1.7754688262939453,5,-0.15611714124679565,1,-0.24935919046401978,0,-0.3266386389732361,0,-0.2506544888019562,0,0.14954538643360138,-0.7537593245506287,2.5266642570495605,0.9223589897155762,1.7672593593597412,0.9077868461608887,0.1451697051525116,-0.7225999236106873,0.6523420810699463,-0.5899773836135864,0.16842295229434967,-0.35430091619491577,0.24378347396850586,-0.33879536390304565,0.1406945288181305,-0.3177945613861084,0.012351993471384048,-0.4161950647830963,0.0180687103420496,-0.3326583802700043,1.9384814500808716,2.7238707542419434,0.09123577922582626,-0.2321617752313614,0.05225347727537155,-0.2698894441127777,0.018419094383716583,-0.21161174774169922,0.049027036875486374,-0.32642289996147156,0.19651561975479126,-0.6149181723594666,0.004600464832037687,-0.21706190705299377,0.007812330964952707,-0.30676132440567017,0.00603330135345459,-0.3213909864425659,0.007554371375590563,-0.41071128845214844,0.014569724909961224,-0.3731052577495575,0.07202106714248657,-0.42768576741218567,0.011867367662489414,-0.3697325587272644,0.01216321624815464,-0.33951762318611145,0.006755135487765074,-0.24792158603668213,1.964139699935913,1.4302924871444702,0.0014537206152454019,-0.1682969331741333,0.06672442704439163,-0.2992708086967468,0.002139175310730934,-0.18367432057857513,0.0007167809526436031,-0.19588185846805573,0.0016409665113314986,-0.2110070437192917,0.001520879683084786,-0.20443545281887054,7.924829697003588e-05,-0.16451527178287506,0.0032773197162896395,-0.3136158883571625,0.13578647375106812,0.03761821240186691,0.0012545088538900018,-0.18499769270420074,0.06722385436296463,0.046734608709812164,0.007585765328258276,-0.22982411086559296,0.0002124151651514694,-0.22839288413524628,0.06276702880859375,-0.21066860854625702,0.0,-0.24766848981380463,0.0007166856084950268,-0.29856693744659424,0.007854958064854145,-0.42443233728408813,0.00852426327764988,-0.29209575057029724,0.0,-0.23144637048244476,0.23631203174591064,-0.557431697845459,0.36352407932281494,-0.2593415677547455,1.5603291988372803,1.6630982160568237,1.2972661256790161,0.4349845051765442,3.965161085128784,2.5312271118164062,3.9566142559051514,4.607186317443848,2.5458595752716064,3.5525388717651367,3.100877046585083,4.622417449951172,0.140055850148201,-0.615459144115448,0.02540212869644165,-0.3014649450778961,0.0013636318035423756,-0.23160667717456818,0.016918452456593513,-0.31204554438591003,0.0021327196154743433,-0.192060649394989,0.9040185809135437,0.10070344805717468,2.1866259574890137,-0.5011516213417053,0.02982785925269127,-0.24690911173820496,0.054978832602500916,-0.24134360253810883,0.3539148271083832,0.5208243131637573,0.0025634467601776123,-0.1979619413614273,0.004342436790466309,-0.1978803277015686,0.004594015423208475,-0.18890632688999176,0.01299467496573925,-0.2183729112148285,0.010263891890645027,-0.25678393244743347,0.0002311371936229989,-0.21000860631465912,0.003406791016459465,-0.35603493452072144,0.07249423861503601,-0.3850124776363373,0.0,-0.2332710176706314,0.08038883656263351,-0.3560269773006439,0.10832322388887405,-0.4907127916812897,0.5163562297821045,-0.46519187092781067,0.6863561272621155,-0.4758656322956085,0.0011346243554726243,-0.167780801653862,0.0006951495888642967,-0.1710468977689743,0.0011194013059139252,-0.15984566509723663,0.013234743848443031,-0.23222053050994873,0.014923320151865482,-0.26963141560554504,0.012475254945456982,-0.3130873441696167,0.004124385770410299,-0.2333344966173172,0.0003848143096547574,-0.20499856770038605
29,696,24,3,3,mesenchymal_hsc_myofibroblast,endothelial,1.7045584917068481,0.06956078112125397,1.6349977105855942,10,True,mesenchymal_hsc_myofibroblast,-0.4356425404548645,0,0.06956078112125397,2,1.7045584917068481,10,-0.5035837292671204,0,-0.4383029639720917,0,-0.12922173738479614,0,-0.2380540370941162,0,-0.23762062191963196,0,0.21514520049095154,-0.6617579460144043,0.7051635980606079,-0.7705073356628418,0.4233413636684418,-0.7035605311393738,0.24591772258281708,-0.6015562415122986,0.42576587200164795,-0.8568208813667297,0.21526940166950226,-0.294305682182312,0.31195923686027527,-0.25519415736198425,0.15853416919708252,-0.29403045773506165,0.017445605248212814,-0.3956298828125,0.03206431493163109,-0.2936365306377411,0.1493385285139084,-0.5446643829345703,0.07802234590053558,-0.257291704416275,0.05758829787373543,-0.25855904817581177,0.020713770762085915,-0.20480026304721832,0.1395156979560852,-0.14232300221920013,0.23032759130001068,-0.5422837138175964,0.014987497590482235,-0.1834522932767868,0.02776675671339035,-0.25054457783699036,0.08642394840717316,-0.09630320221185684,0.8229202628135681,1.669304370880127,0.0715070366859436,-0.22123858332633972,0.30508801341056824,0.005832327995449305,0.05977055802941322,-0.23892250657081604,0.12670490145683289,-0.10938004404306412,0.03900386393070221,-0.14533734321594238,1.956976056098938,1.4137409925460815,0.00212617008946836,-0.16617262363433838,0.12057144194841385,-0.23095262050628662,0.12125978618860245,0.358852356672287,0.29373544454574585,0.8988667130470276,0.2886466979980469,0.6254468560218811,0.282776415348053,0.6677512526512146,0.0,-0.16548258066177368,0.6557732224464417,2.4047741889953613,0.8427619338035583,2.548861026763916,0.02090589888393879,0.014378159306943417,0.8354567885398865,3.4239518642425537,1.9401665925979614,3.0492212772369385,0.534218430519104,4.8848466873168945,3.584397315979004,4.97938871383667,0.21046438813209534,5.660115718841553,0.0011656286660581827,-0.2838529944419861,0.23189079761505127,0.3285828232765198,0.039251040667295456,-0.19761037826538086,0.0007653787033632398,-0.22059506177902222,0.2711457312107086,-0.507985532283783,0.2015812247991562,-0.5401391983032227,0.28069591522216797,-0.6522250175476074,0.4758850932121277,-0.678742527961731,0.705693244934082,-0.6064883470535278,0.3173021376132965,-0.2998913824558258,0.1838291883468628,-0.5227585434913635,0.1630626767873764,-0.3222241699695587,0.28461939096450806,-0.4017992615699768,0.026563119143247604,-0.2994711995124817,0.0,-0.23596885800361633,0.03178985416889191,-0.2888956069946289,0.0024288708809763193,-0.19092562794685364,0.27306750416755676,-0.9536703824996948,1.5330382585525513,-1.0227370262145996,0.02674805372953415,-0.2533523440361023,0.0629831925034523,-0.2277189940214157,0.039077069610357285,-0.4719865322113037,0.004707244224846363,-0.1897999346256256,0.01712745986878872,-0.1488485038280487,0.008412477560341358,-0.17731046676635742,0.03504683077335358,-0.17264626920223236,0.06643035262823105,-0.13155966997146606,0.0034454537089914083,0.39487192034721375,0.014401453547179699,-0.23785044252872467,0.13122688233852386,-0.26658114790916443,0.0,-0.2332710176706314,0.1618221253156662,-0.2623196542263031,0.23602266609668732,-0.35229286551475525,0.7868201732635498,-0.27684515714645386,0.9303281307220459,-0.30805397033691406,0.0016915573505684733,-0.16550451517105103,0.0034780085552483797,-0.15287236869335175,0.0027669162955135107,-0.14848971366882324,0.009996848180890083,-0.2415371984243393,0.02054336480796337,-0.254675954580307,0.023769797757267952,-0.27299949526786804,0.008607318624854088,-0.22180047631263733,0.002498811576515436,-0.1970900595188141
30,9626,24,3,3,t_nk,macrophage_monocyte,0.08834662288427353,-0.1863713264465332,0.27471794933080673,2,False,ambiguous,-0.1863713264465332,2,-0.33952727913856506,0,-0.2480349838733673,0,0.08834662288427353,2,-0.31720060110092163,0,-0.25361672043800354,0,-0.28462323546409607,0,-0.24997374415397644,0,0.21212886273860931,-0.6659882664680481,2.3852663040161133,0.7909465432167053,1.7454544305801392,0.8816428780555725,0.25517556071281433,-0.5904334187507629,0.6626710295677185,-0.5778127908706665,0.23625436425209045,-0.26743069291114807,0.303959459066391,-0.2650039494037628,0.18287338316440582,-0.2616083323955536,0.02152908220887184,-0.379143089056015,0.024562127888202667,-0.31455376744270325,0.3337220251560211,-0.20781928300857544,0.09390590339899063,-0.22708360850811005,0.06972558051347733,-0.23278117179870605,0.025081655010581017,-0.19183465838432312,0.06856831163167953,-0.28666603565216064,0.26075008511543274,-0.47693052887916565,0.01191465463489294,-0.19339518249034882,0.009563028812408447,-0.30182915925979614,0.01488284207880497,-0.296612948179245,0.012196563184261322,-0.39886894822120667,0.020988203585147858,-0.35598552227020264,0.09216728061437607,-0.39021262526512146,0.01548628881573677,-0.35985034704208374,0.022389953956007957,-0.31897005438804626,0.007228448521345854,-0.24641595780849457,1.0647401809692383,-0.6477556824684143,0.0007936871843412519,-0.17038202285766602,0.1003202423453331,-0.2566462457180023,0.0003361939452588558,-0.19188587367534637,0.00022387588978745043,-0.1977234035730362,0.0007038668263703585,-0.21373814344406128,0.0007398051675409079,-0.2068576067686081,0.0,-0.16548258066177368,0.0035461403895169497,-0.3124959468841553,0.02696213684976101,-0.34893599152565,0.0001813181152101606,-0.19588589668273926,0.0019850970711559057,-0.24006050825119019,0.008801317773759365,-0.2277616709470749,0.0,-0.2304268181324005,0.04357488453388214,-0.2389533370733261,0.0,-0.24766848981380463,0.0009032543166540563,-0.29245221614837646,0.008564237505197525,-0.4220483601093292,0.02074708230793476,-0.25451037287712097,0.00012266292469576,-0.22970730066299438,0.14138641953468323,-0.6921778917312622,0.211822047829628,-0.522382378578186,0.8531952500343323,0.3836350440979004,0.9146167039871216,-0.08385753631591797,2.7229058742523193,1.3353744745254517,0.7265704870223999,0.2519468665122986,0.8615409731864929,0.6465224027633667,0.41281718015670776,0.09813817590475082,0.13557642698287964,-0.6220795512199402,0.017420027405023575,-0.315172404050827,0.0,-0.23596885800361633,0.030453264713287354,-0.29097625613212585,0.0004565268463920802,-0.19848480820655823,0.4656984806060791,-0.6317673325538635,2.487926483154297,-0.26070350408554077,0.01421020645648241,-0.2795826196670532,0.03185587748885155,-0.28070226311683655,0.07413100451231003,-0.3614473044872284,0.0007349809748120606,-0.20492339134216309,0.004740685224533081,-0.1963530033826828,0.001068750279955566,-0.1996118128299713,0.009785562753677368,-0.22502723336219788,0.006860742345452309,-0.2643713057041168,0.0,-0.25350475311279297,0.0031833292450755835,-0.3584369719028473,0.09132015705108643,-0.3470509946346283,0.0,-0.2332710176706314,0.07364476472139359,-0.36378756165504456,0.16151224076747894,-0.4330584704875946,0.6731460094451904,-0.356005996465683,0.8815686106681824,-0.34159231185913086,0.002800339600071311,-0.16097275912761688,0.0003069496888201684,-0.17358219623565674,0.0006090602255426347,-0.16336332261562347,0.021721402183175087,-0.20780113339424133,0.014073452912271023,-0.2718929648399353,0.008614304475486279,-0.32679104804992676,0.002720968797802925,-0.23694533109664917,0.0,-0.20643816888332367
31,14241,24,3,3,t_nk,epithelial,1.2342545986175537,-0.24672549962997437,1.480980098247528,5,True,t_nk,-0.5203446745872498,0,-0.39097750186920166,0,-0.25182148814201355,0,1.2342545986175537,5,-0.3312728703022003,0,-0.24672549962997437,0,-0.3738670349121094,0,-0.26079100370407104,0,0.404283732175827,-0.3964982032775879,0.3781616985797882,-1.0744163990020752,0.12014883756637573,-1.067086100578308,0.12887956202030182,-0.7421717643737793,0.4947977364063263,-0.7755206823348999,0.15173323452472687,-0.3756750822067261,0.19648884236812592,-0.39679086208343506,0.11744159460067749,-0.3487696647644043,0.017442205920815468,-0.3956436216831207,0.022960539907217026,-0.31901922821998596,0.04106682911515236,-0.7424628734588623,0.06829023361206055,-0.2758006751537323,0.03443502262234688,-0.30773332715034485,0.009702559560537338,-0.2374858558177948,0.037391070276498795,-0.35009637475013733,0.10161256790161133,-0.818787693977356,0.002190099563449621,-0.22486120462417603,0.005620386451482773,-0.31293660402297974,0.005078719463199377,-0.3240637481212616,0.006407555658370256,-0.41363683342933655,0.009337068535387516,-0.387062132358551,0.03869596868753433,-0.4896724224090576,0.008533338084816933,-0.37883684039115906,0.01251290924847126,-0.33881503343582153,0.004044500645250082,-0.25654420256614685,1.0669310092926025,-0.6426937580108643,0.00175029959063977,-0.16736002266407013,0.044524285942316055,-0.3274371325969696,0.002605839865282178,-0.18154890835285187,4.44689103460405e-05,-0.19839367270469666,9.0160479885526e-05,-0.21552674472332,0.00047217492829076946,-0.20768754184246063,0.0,-0.16548258066177368,0.006761269643902779,-0.2991012632846832,0.031835075467824936,-0.33162686228752136,0.0010214481735602021,-0.18736222386360168,0.0,-0.24878716468811035,0.0027772781904786825,-0.23798274993896484,0.0,-0.2304268181324005,0.04267340525984764,-0.24028189480304718,0.0,-0.24766848981380463,7.939595525385812e-05,-0.3194538652896881,0.0032245719339698553,-0.4399957060813904,0.006541459355503321,-0.2981928884983063,0.0,-0.23144637048244476,2.305605888366699,2.3799147605895996,1.9776512384414673,2.539442777633667,1.4162483215332031,1.4024033546447754,2.4979665279388428,2.0630383491516113,1.6428463459014893,0.2956588864326477,0.1519089639186859,-0.5228997468948364,0.6661155223846436,0.3093477189540863,0.0543491393327713,-0.5052001476287842,2.6854777336120605,3.146585702896118,0.002086048712953925,-0.3415050506591797,0.0001230066700372845,-0.2355753630399704,0.014357822947204113,-0.3160316050052643,0.0,-0.20023450255393982,0.8321177959442139,-0.01944897510111332,1.8695873022079468,-0.7541593313217163,0.014280509203672409,-0.27943554520606995,0.029690712690353394,-0.2843877077102661,0.014122745022177696,-0.5506776571273804,0.001452322001568973,-0.2021922916173935,0.003971647471189499,-0.19930234551429749,0.003975815139710903,-0.19078366458415985,0.011366781778633595,-0.2217484563589096,0.018622511997818947,-0.23814821243286133,0.0,-0.25350475311279297,0.004701840691268444,-0.34211406111717224,0.09508232772350311,-0.33946478366851807,0.0,-0.2332710176706314,0.03976669907569885,-0.40277189016342163,0.06039988994598389,-0.542659342288971,0.3770957887172699,-0.5621705651283264,0.49436017870903015,-0.6079265475273132,0.0012689472641795874,-0.16723179817199707,0.0005988589255139232,-0.17167575657367706,0.0007149536395445466,-0.16263343393802643,0.008679763413965702,-0.245326966047287,0.009998179972171783,-0.2827376425266266,0.007172838319092989,-0.3319072425365448,0.0023044783156365156,-0.23801690340042114,0.00012617523316293955,-0.20596614480018616
32,3320,24,3,3,b_plasma,dendritic,1.4694815874099731,-0.1776667833328247,1.6471483707427979,5,True,b_plasma,-0.4322284162044525,0,-0.1809171736240387,1,-0.25339555740356445,0,-0.4449872374534607,0,1.4694815874099731,5,-0.24399246275424957,0,-0.33048582077026367,0,-0.1776667833328247,0,0.24142763018608093,-0.624897837638855,0.5441117286682129,-0.9201856851577759,0.3165825307369232,-0.8315635919570923,0.17992311716079712,-0.6808454990386963,1.039705753326416,-0.1337711364030838,0.1909642368555069,-0.32543277740478516,0.24367743730545044,-0.33892539143562317,0.14097532629966736,-0.31742051243782043,0.022628076374530792,-0.374705970287323,0.017283713445067406,-0.3348470628261566,0.10920000821352005,-0.6179922819137573,0.09738454967737198,-0.22046776115894318,0.062067627906799316,-0.24904558062553406,0.02199106477200985,-0.20100873708724976,0.05596035718917847,-0.31231701374053955,0.21389321982860565,-0.5775877833366394,0.005615806672722101,-0.21377654373645782,0.01310370210558176,-0.2918541729450226,0.010317174717783928,-0.3093964755535126,0.056283049285411835,-0.2864033877849579,0.014305615797638893,-0.37380969524383545,0.048388198018074036,-0.47164425253868103,0.013835877180099487,-0.3643571436405182,0.018396291881799698,-0.3269941210746765,0.003918916452676058,-0.2569437026977539,2.0287489891052246,1.5795711278915405,0.0027664608787745237,-0.16414988040924072,0.07042388617992401,-0.29457712173461914,0.005544421263039112,-0.16816535592079163,0.0002673612907528877,-0.19756093621253967,0.0,-0.21578949689865112,0.00047036376781761646,-0.2076931595802307,0.00031776929972693324,-0.16160385310649872,0.003094885963946581,-0.3143759071826935,0.010071844793856144,-0.4089319109916687,0.0018574661808088422,-0.17888028919696808,0.0020202966406941414,-0.23990577459335327,0.0053785876370966434,-0.23356905579566956,0.0,-0.2304268181324005,0.025698965415358543,-0.2652982473373413,0.0,-0.24766848981380463,0.0009554806747473776,-0.2907404899597168,0.007703486829996109,-0.42494145035743713,0.008969354443252087,-0.29072707891464233,0.0,-0.23144637048244476,0.2557227909564972,-0.5298782587051392,0.18896332383155823,-0.5620177984237671,0.31050175428390503,-0.5982953906059265,1.0099174976348877,0.04536272957921028,0.6417113542556763,-0.6680802702903748,0.3275994658470154,-0.2860069274902344,0.16253069043159485,-0.5595055818557739,0.1526251882314682,-0.33979150652885437,0.21366168558597565,-0.5066723227500916,2.371887445449829,3.7280914783477783,0.02870115451514721,-0.14415551722049713,2.7421698570251465,3.9302849769592285,0.13658392429351807,0.32323598861694336,2.5336616039276123,2.8239777088165283,4.840047359466553,1.6163694858551025,0.40996718406677246,0.5483763813972473,0.4150422513484955,0.37153735756874084,0.19750989973545074,0.02761627547442913,0.0034472502302378416,-0.194597065448761,0.0061216591857373714,-0.19105684757232666,0.006057132501155138,-0.18446314334869385,0.012863671407103539,-0.21864455938339233,0.03352819383144379,-0.20491568744182587,0.0,-0.25350475311279297,0.0061395298689603806,-0.3266599774360657,0.07060645520687103,-0.3888190984725952,0.0,-0.2332710176706314,0.07601770758628845,-0.36105695366859436,0.13545288145542145,-0.46130555868148804,0.49721163511276245,-0.4785238802433014,0.6289105415344238,-0.5153785347938538,0.0030200614128261805,-0.16007471084594727,0.0005754563608206809,-0.17182859778404236,0.00033785123378038406,-0.16523271799087524,0.014596945606172085,-0.22830094397068024,0.14182479679584503,0.06806477159261703,0.017150184139609337,-0.2964945435523987,0.005779837258160114,-0.22907523810863495,0.0010452339192852378,-0.20252792537212372
33,7456,24,3,3,t_nk,b_plasma,0.700084924697876,-0.05326354503631592,0.7533484697341919,5,True,t_nk,-0.491111695766449,0,-0.2961440682411194,0,-0.233390673995018,0,0.700084924697876,5,-0.05326354503631592,1,-0.20911037921905518,0,-0.30267205834388733,0,-0.24332407116889954,0,0.40102076530456543,-0.4010743796825409,0.5218155980110168,-0.9409072995185852,0.20686502754688263,-0.9631140828132629,0.22480913996696472,-0.6269171237945557,0.6996687650680542,-0.5342397689819336,0.1137542650103569,-0.4243139326572418,0.1599554419517517,-0.4415903389453888,0.0869792178273201,-0.38934841752052307,0.011319494806230068,-0.4203636944293976,0.01038916502147913,-0.3540700674057007,0.05553719773888588,-0.7160273790359497,0.04642581567168236,-0.31738343834877014,0.04231642559170723,-0.2909943461418152,0.016726596280932426,-0.21663574874401093,0.04741842299699783,-0.3296956419944763,0.18684303760528564,-0.6356967091560364,0.0041482714004814625,-0.21852508187294006,0.010536197572946548,-0.2990874946117401,0.009249189868569374,-0.31238675117492676,0.017584197223186493,-0.38512498140335083,0.0185988936573267,-0.3623583912849426,0.05019885301589966,-0.46827635169029236,0.010004942305386066,-0.374818354845047,0.01635546237230301,-0.33109453320503235,0.0042705535888671875,-0.25582513213157654,1.4612329006195068,0.26833438873291016,0.0007077993941493332,-0.1706533581018448,0.06271316856145859,-0.3043600618839264,0.0005532701034098864,-0.19089721143245697,0.0,-0.19855982065200806,0.0001607732119737193,-0.21532092988491058,0.000660350255202502,-0.20710399746894836,0.0,-0.16548258066177368,0.03816849738359451,-0.1682543158531189,0.03735235333442688,-0.3120289742946625,0.0,-0.19772547483444214,0.0016168034635484219,-0.24167956411838531,0.011750614270567894,-0.22275753319263458,0.0005739437765441835,-0.22493116557598114,0.0850493311882019,-0.17782972753047943,0.0,-0.24766848981380463,0.002262801630422473,-0.2478935420513153,0.006219088565558195,-0.429930716753006,0.009031527675688267,-0.29053589701652527,0.0001696184481261298,-0.22904157638549805,1.800410270690918,1.662793517112732,1.3832297325134277,1.5087571144104004,1.0170156955718994,0.6800459623336792,2.29433274269104,1.786927342414856,1.3387682437896729,0.002939141122624278,0.1811334788799286,-0.4834947884082794,0.3115241527557373,-0.3024417459964752,0.058934349566698074,-0.4974827468395233,1.8709355592727661,1.942720890045166,0.10012955963611603,-0.17313753068447113,0.0004213622014503926,-0.23462095856666565,0.447279155254364,0.3578861355781555,0.007338251452893019,-0.17210997641086578,1.618630051612854,1.294880986213684,2.2902331352233887,-0.41846954822540283,0.010044263675808907,-0.2882981598377228,0.022090617567300797,-0.29732421040534973,0.014915194362401962,-0.5481786727905273,0.0011480515822768211,-0.2033507227897644,0.004491510335355997,-0.19730861485004425,0.002958194352686405,-0.19387397170066833,0.016443118453025818,-0.2112223356962204,0.021491199731826782,-0.231752410531044,0.0017687882063910365,0.07935156673192978,0.00457604369148612,-0.34346631169319153,0.09129606187343597,-0.3470996022224426,0.0,-0.2332710176706314,0.08570173382759094,-0.3499132990837097,0.13410569727420807,-0.4627658426761627,0.6220773458480835,-0.3915694057941437,0.7610268592834473,-0.42450475692749023,0.00167899823281914,-0.16555584967136383,0.0015791439218446612,-0.16527363657951355,0.0012244649697095156,-0.15912148356437683,0.014231493696570396,-0.22935247421264648,0.028890077024698257,-0.23246462643146515,0.012331048958003521,-0.313599169254303,0.003238016739487648,-0.23561502993106842,0.00022698123939335346,-0.20558902621269226
34,2707,24,3,3,endothelial,mesenchymal_hsc_myofibroblast,2.0667121410369873,-0.08120681345462799,2.1479189544916153,12,True,endothelial,-0.42433205246925354,0,2.0667121410369873,12,-0.08120681345462799,1,-0.6102656126022339,0,-0.3630417585372925,0,-0.14835523068904877,0,-0.2953636646270752,0,-0.2457272708415985,0,0.19879138469696045,-0.6846935749053955,0.597385585308075,-0.8706740140914917,0.34700465202331543,-0.7950876951217651,0.22802162170410156,-0.6230575442314148,0.556434154510498,-0.7029301524162292,0.27667489647865295,-0.21566501259803772,0.3695806860923767,-0.18453526496887207,0.19900690019130707,-0.24011696875095367,0.03275734931230545,-0.33380961418151855,0.0337868258357048,-0.28883394598960876,0.12011396139860153,-0.5980538725852966,0.10391174256801605,-0.2080540508031845,0.09746382385492325,-0.1738690733909607,0.020912131294608116,-0.20421144366264343,0.0908232033252716,-0.24138827621936798,1.991462230682373,3.2409629821777344,0.5309947729110718,1.486207127571106,0.4533917307853699,0.9485505819320679,1.3419747352600098,3.419145107269287,1.4022048711776733,3.1470718383789062,1.0795561075210571,2.467491626739502,1.3982247114181519,2.039130210876465,1.1352670192718506,2.6979546546936035,2.1219751834869385,3.899524688720703,0.5391578078269958,1.445668339729309,2.0426416397094727,1.611669898033142,0.003106446238234639,-0.16307584941387177,0.7967585921287537,0.6269571185112,0.0009097433066926897,-0.1892736703157425,0.016808098182082176,-0.1357629895210266,0.030522312968969345,-0.12683480978012085,0.007201550994068384,-0.1868194192647934,0.0,-0.16548258066177368,0.1378265768289566,0.24693533778190613,0.16328564286231995,0.13529783487319946,0.00046147964894771576,-0.19304347038269043,0.004846959840506315,-0.2274795025587082,0.037872135639190674,-0.17843666672706604,0.001296404399909079,-0.21801342070102692,0.05203544721007347,-0.22648444771766663,0.0,-0.24766848981380463,0.0,-0.32205602526664734,0.4375864565372467,1.0199540853500366,0.053140342235565186,-0.15490056574344635,0.0014811495784670115,-0.21044708788394928,0.23636697232723236,-0.557353675365448,0.15425029397010803,-0.622207760810852,0.21471591293811798,-0.7716069221496582,0.34960997104644775,-0.849961519241333,0.5234249234199524,-0.7819483280181885,0.2864377498626709,-0.3415074646472931,0.13566383719444275,-0.6058599948883057,0.13237157464027405,-0.37388041615486145,0.15859107673168182,-0.5880646705627441,0.021265801042318344,-0.30856814980506897,0.002752294298261404,-0.22716443240642548,0.02602851763367653,-0.2978641390800476,0.003510782029479742,-0.18677911162376404,0.172856405377388,-1.1211317777633667,2.6329476833343506,-0.14497160911560059,0.023157507181167603,-0.2608640789985657,0.043125174939632416,-0.26152029633522034,0.04335000738501549,-0.45851221680641174,0.01497702393680811,-0.1507001519203186,0.05298450216650963,-0.011333192698657513,0.007404522504657507,-0.18037141859531403,0.03508242592215538,-0.17257247865200043,0.027667544782161713,-0.21798212826251984,0.0010711605427786708,-0.051930274814367294,0.008958482183516026,-0.2963583469390869,0.2484024167060852,-0.030302762985229492,0.0002687410160433501,-0.2236463576555252,0.09015682339668274,-0.34478673338890076,0.14849956333637238,-0.4471636116504669,0.6448197364807129,-0.3757319748401642,0.8045697808265686,-0.3945545554161072,0.0,-0.17241819202899933,0.0015706295380368829,-0.165329247713089,0.0,-0.16756144165992737,0.017349371686577797,-0.22038115561008453,0.014366825111210346,-0.2711122930049896,0.013100890442728996,-0.31086674332618713,0.007318229880183935,-0.22511714696884155,0.0014111344935372472,-0.20115907490253448
35,1440,24,3,3,t_nk,b_plasma,1.0093281269073486,0.22430014610290527,0.7850279808044434,7,True,t_nk,-0.36822688579559326,0,-0.3551621735095978,0,-0.2264629453420639,0,1.0093281269073486,7,0.22430014610290527,2,-0.25003349781036377,0,-0.38869398832321167,0,-0.265007346868515,0,0.35598212480545044,-0.4642394185066223,1.245337724685669,-0.2684802711009979,0.7999277114868164,-0.2520364224910736,0.16182292997837067,-0.7025919556617737,0.633825421333313,-0.6117848753929138,0.09554862976074219,-0.44762951135635376,0.09720247238874435,-0.5185417532920837,0.05305708199739456,-0.4345359206199646,0.04409532994031906,-0.2880331575870514,0.02126886136829853,-0.32373589277267456,0.5165939331054688,0.126264289021492,0.04815293848514557,-0.3140987157821655,0.005605361890047789,-0.36896345019340515,0.0028892536647617817,-0.25771039724349976,0.014196768403053284,-0.3972853720188141,0.18454208970069885,-0.6406395435333252,0.0022093772422522306,-0.22479881346225739,0.004868817515671253,-0.31505393981933594,0.0016022626077756286,-0.3337975740432739,0.005162485409528017,-0.4168130159378052,0.008286838419735432,-0.38986337184906006,0.0557253472507,-0.45799675583839417,0.0016275233356282115,-0.3976947069168091,0.003995656035840511,-0.3559279143810272,0.0009805324953049421,-0.2662907838821411,1.2172406911849976,-0.29540568590164185,0.0009252868476323783,-0.16996629536151886,0.02448642998933792,-0.35286009311676025,0.0022172247990965843,-0.1833188384771347,0.0006592717254534364,-0.19609670341014862,0.0008755953167565167,-0.21323765814304352,0.000741738302167505,-0.20685161650180817,0.0005980913992971182,-0.15818221867084503,0.013655663467943668,-0.2703782320022583,0.104055255651474,-0.07509404420852661,0.0,-0.19772547483444214,0.017043951898813248,-0.17386050522327423,0.012574552558362484,-0.22135953605175018,0.0,-0.2304268181324005,0.0814332515001297,-0.1831589788198471,0.0,-0.24766848981380463,0.0,-0.32205602526664734,0.004082914441823959,-0.43711066246032715,0.002137014176696539,-0.3117366433143616,0.0006939746672287583,-0.22160740196704865,1.4364672899246216,1.14617919921875,1.4427603483200073,1.6119790077209473,1.1784757375717163,0.9721860289573669,1.6412497758865356,0.9013988971710205,2.719118356704712,1.331728458404541,0.6594390273094177,0.16142994165420532,1.1983140707015991,1.227569341659546,0.5815334916114807,0.3821049630641937,1.4694756269454956,1.349376916885376,0.01714158244431019,-0.3156505823135376,1.0953869819641113,3.268110990524292,0.11356087028980255,-0.16160471737384796,0.002336877165362239,-0.19127818942070007,1.3225128650665283,0.800043523311615,1.501507043838501,-1.0478999614715576,0.04417665675282478,-0.2168901562690735,0.025204449892044067,-0.29202398657798767,0.2445315271615982,0.17589448392391205,0.0,-0.20772166550159454,0.0019460959592834115,-0.20707054436206818,0.0013116891495883465,-0.19887405633926392,0.00786746945232153,-0.22900453209877014,0.011656256392598152,-0.2536796033382416,0.0,-0.25350475311279297,0.0030537135899066925,-0.35983023047447205,0.1110113114118576,-0.30734482407569885,0.0,-0.2332710176706314,0.07484565675258636,-0.3624056577682495,0.06220433488488197,-0.5407034158706665,0.29806703329086304,-0.6172049641609192,0.37768346071243286,-0.6881805658340454,0.0007838144665583968,-0.16921460628509521,0.0,-0.17558683454990387,0.0,-0.16756144165992737,0.004105803556740284,-0.2584879994392395,0.0037974906153976917,-0.2992382347583771,0.008071091026067734,-0.3287190794944763,0.003784544998779893,-0.234208881855011,0.0005494712386280298,-0.20438258349895477
36,1601,23,2,3,epithelial,t_nk,1.4767725467681885,-0.09319736063480377,1.5699699074029922,7,True,epithelial,-0.28413882851600647,1,-0.3566243052482605,0,-0.10099110007286072,1,-0.09319736063480377,0,-0.3272373080253601,0,1.4767725467681885,7,-0.19164332747459412,0,-0.24256272614002228,0,0.37403735518455505,-0.4389176368713379,1.015000820159912,-0.48255079984664917,0.5901586413383484,-0.5035479664802551,0.36200278997421265,-0.4620858430862427,0.6438860297203064,-0.5999362468719482,0.26340845227241516,-0.23265504837036133,0.31717339158058167,-0.24880023300647736,0.16905681788921356,-0.2800132930278778,0.04016147926449776,-0.3039158880710602,0.037894319742918015,-0.27738162875175476,0.23053686320781708,-0.39632537961006165,0.14024969935417175,-0.1389448344707489,0.4295654594898224,0.5314677953720093,0.020398655906319618,-0.20573563873767853,0.09998921304941177,-0.22273994982242584,0.19814053177833557,-0.6114275455474854,0.011307576671242714,-0.19535952806472778,0.018504096195101738,-0.2766398787498474,0.04914030432701111,-0.20069462060928345,0.018672991544008255,-0.3823474645614624,0.030657919123768806,-0.3301938474178314,0.07215727120637894,-0.42743244767189026,0.02534310147166252,-0.3329341411590576,0.046464450657367706,-0.27059945464134216,0.020444277673959732,-0.2043759673833847,0.8845821619033813,-1.0640078783035278,0.002319445600733161,-0.16556204855442047,0.1650339663028717,-0.17454096674919128,0.002956878859549761,-0.17995013296604156,0.001414381549693644,-0.1932755410671234,0.003690871177241206,-0.20503278076648712,0.015387511812150478,-0.1614343822002411,0.0,-0.16548258066177368,0.04273472726345062,-0.1492307484149933,0.02412862330675125,-0.35900092124938965,0.0019703966099768877,-0.17773453891277313,0.00714091258123517,-0.2173950970172882,0.004100503399968147,-0.2357376217842102,0.0,-0.2304268181324005,0.06522814929485321,-0.20704150199890137,0.0,-0.24766848981380463,0.05717562511563301,1.5518540143966675,0.0961763858795166,-0.12757191061973572,0.04192746803164482,-0.18938033282756805,0.0006423562299460173,-0.22233925759792328,0.6246676445007324,-0.006163970101624727,0.4682060480117798,-0.07783032208681107,0.5582742691040039,-0.14998455345630646,0.9603276252746582,-0.021877175197005272,1.1820528507232666,-0.14792239665985107,0.4866212010383606,-0.07158949971199036,0.3374529182910919,-0.2577058970928192,0.2189146727323532,-0.22821955382823944,0.6393749713897705,0.12251712381839752,0.027161667123436928,-0.2984433174133301,0.0026455631013959646,-0.2275058776140213,0.056704796850681305,-0.2501111626625061,0.0008341676439158618,-0.197037473320961,0.4475840628147125,-0.6620380878448486,2.089016914367676,-0.5790469646453857,0.034806814044713974,-0.23649269342422485,0.06631523370742798,-0.22204738855361938,0.10236533731222153,-0.2724130153656006,0.2871045470237732,0.8853618502616882,0.22466179728507996,0.6470662355422974,0.34328097105026245,0.8396146297454834,0.6854740381240845,1.1760587692260742,0.7186042666435242,1.3224751949310303,0.0,-0.25350475311279297,0.013133874163031578,-0.251475989818573,2.047733783721924,3.5979557037353516,0.15526577830314636,5.327401161193848,0.19627080857753754,-0.22267869114875793,0.3190850019454956,-0.26225733757019043,0.9072809815406799,-0.19295819103717804,1.1515178680419922,-0.1559126377105713,0.0008510603802278638,-0.1689397692680359,0.0006724388804286718,-0.17119522392749786,0.0,-0.16756144165992737,0.026130439713597298,-0.1951146125793457,0.01927340216934681,-0.2580554485321045,0.00802148412913084,-0.3288951516151428,0.006689747795462608,-0.22673414647579193,0.0006479100557044148,-0.20401433110237122
37,2480,24,3,3,dendritic,macrophage_monocyte,3.2390542030334473,0.42237281799316406,2.816681385040283,3,True,dendritic,0.42237281799316406,5,-0.3170998990535736,0,-0.24963796138763428,0,-0.6250776648521423,0,0.0803542286157608,1,-0.23367269337177277,0,-0.21968913078308105,0,3.2390542030334473,3,1.9780513048171997,1.810652256011963,2.7119510173797607,1.0945607423782349,2.4986441135406494,1.7847115993499756,2.3457396030426025,1.9212749004364014,1.8776154518127441,0.85305255651474,0.37670159339904785,-0.08756297826766968,0.4397481083869934,-0.09849175065755844,0.26522719860076904,-0.15190528333187103,0.14612285792827606,0.12389706075191498,0.2341885268688202,0.2699156403541565,0.14819729328155518,-0.5467492341995239,0.10901582986116409,-0.19834685325622559,0.09141914546489716,-0.18670710921287537,0.07572322338819504,-0.04151064157485962,0.10566220432519913,-0.21119819581508636,0.4042249023914337,-0.16871976852416992,0.006054326426237822,-0.21235761046409607,0.00801297277212143,-0.30619606375694275,0.007948921993374825,-0.3160274028778076,0.013423175550997257,-0.3957398533821106,0.01666918583214283,-0.3675054609775543,0.18714705109596252,-0.21354474127292633,0.016659647226333618,-0.35664620995521545,0.022259382531046867,-0.31923237442970276,0.017572158947587013,-0.21351228654384613,0.9989099502563477,-0.7998553514480591,0.0008843765244819224,-0.1700955331325531,0.0796542838215828,-0.28286612033843994,0.0028600681107491255,-0.18039104342460632,0.0005051419720984995,-0.19667255878448486,0.0015723271062597632,-0.2112070918083191,0.0045964596793055534,-0.19489794969558716,0.0,-0.16548258066177368,0.003994016442447901,-0.31063002347946167,0.007949444465339184,-0.41647088527679443,0.002254738472402096,-0.1748497039079666,0.002815874991938472,-0.2364083230495453,0.008171989582479,-0.22882944345474243,0.0006453359383158386,-0.22424757480621338,0.04567063972353935,-0.23586468398571014,8.155272371368483e-05,-0.2453792691230774,0.0006694832700304687,-0.3001139760017395,0.01100931316614151,-0.41383010149002075,0.0105507243424654,-0.28586435317993164,0.0006164933438412845,-0.2227059304714203,0.18694765865802765,-0.6275040507316589,0.1222844272851944,-0.6776343584060669,0.21578393876552582,-0.7696744203567505,0.3359547555446625,-0.868476927280426,0.5728619694709778,-0.7343578934669495,0.2911930978298187,-0.3350955843925476,0.1152942031621933,-0.6410044431686401,0.12563247978687286,-0.38522300124168396,0.15949542820453644,-0.5867281556129456,0.02620657905936241,-0.3000834882259369,0.002023532288148999,-0.22949570417404175,0.019848952069878578,-0.3074837028980255,0.005261424463242292,-0.18006959557533264,1.1148027181625366,0.4529419541358948,5.311830997467041,1.9928690195083618,0.03189988434314728,-0.24257424473762512,0.07815790176391602,-0.20188941061496735,0.10597612708806992,-0.2610267400741577,0.00454732496291399,-0.19040879607200623,0.007594719994813204,-0.18540750443935394,0.010240194387733936,-0.17176006734371185,0.028814073652029037,-0.18557032942771912,0.038515862077474594,-0.1937955766916275,0.0,-0.25350475311279297,0.004294505808502436,-0.34649261832237244,0.09340663999319077,-0.3428437113761902,0.0,-0.2332710176706314,0.07226844131946564,-0.36537134647369385,0.5179725289344788,-0.0466729961335659,0.6507715582847595,-0.37158721685409546,0.9623511433601379,-0.2860275208950043,0.0026376652531325817,-0.16163761913776398,0.0035589905455708504,-0.1523434817790985,0.0019408478401601315,-0.15418362617492676,2.1253654956817627,5.8451972007751465,2.2075672149658203,5.565190315246582,1.5508030652999878,5.146916389465332,0.030719710513949394,-0.16490808129310608,0.002489049220457673,-0.1971265822649002
38,1090,24,3,3,epithelial,mesenchymal_hsc_myofibroblast,4.95986270904541,0.29020795226097107,4.669654756784439,8,True,epithelial,-0.07271602004766464,1,-0.36321720480918884,0,0.29020795226097107,2,-0.5928872227668762,0,-0.42773663997650146,0,4.95986270904541,8,-0.27918368577957153,0,-0.22870540618896484,0,0.19095897674560547,-0.6956782341003418,0.5744766592979431,-0.8919651508331299,0.35726937651634216,-0.7827803492546082,0.2037871778011322,-0.6521739959716797,0.5495277643203735,-0.7110639810562134,0.20477312803268433,-0.30774804949760437,0.2799054980278015,-0.29450035095214844,0.1537289321422577,-0.300431489944458,0.02552908845245838,-0.3629932999610901,0.028455067425966263,-0.30369967222213745,0.0971735268831253,-0.6399630904197693,0.08522116392850876,-0.24360066652297974,2.7855985164642334,5.535348415374756,0.03605642542243004,-0.15925724804401398,0.07173017412424088,-0.2802331745624542,0.07470270991325378,-0.8765950798988342,0.002577130915597081,-0.2236088663339615,0.022978900000452995,-0.2640331983566284,0.015647005289793015,-0.2944733500480652,0.03043980337679386,-0.3523300588130951,0.019306998699903488,-0.3604696989059448,0.03631015866994858,-0.4941101372241974,0.017489410936832428,-0.35438036918640137,0.03125780448317528,-0.30115270614624023,0.006151814013719559,-0.24984075129032135,1.107751727104187,-0.5483781695365906,0.012023624032735825,-0.13490575551986694,0.09172945469617844,-0.26754575967788696,0.010424071922898293,-0.14594131708145142,0.00046703830594196916,-0.1968149095773697,0.0018572164699435234,-0.2103768140077591,0.20169171690940857,0.41630375385284424,0.00031107821268960834,-0.1616855263710022,0.0971786379814148,0.07759027928113937,0.01192399486899376,-0.40235286951065063,0.0022270148620009422,-0.17513097822666168,0.0018123413901776075,-0.24081994593143463,0.0166122168302536,-0.2145087569952011,0.0,-0.2304268181324005,0.05738916993141174,-0.21859431266784668,0.0,-0.24766848981380463,0.1654333770275116,5.09996223449707,0.8125082850456238,2.2801177501678467,0.017442485317587852,-0.26467204093933105,0.0,-0.23144637048244476,0.23321625590324402,-0.5618261098861694,0.15560823678970337,-0.6198531985282898,0.20492322742938995,-0.789325475692749,0.37885862588882446,-0.8103026747703552,0.6003074049949646,-0.7079376578330994,0.3163670599460602,-0.30115219950675964,0.12412626296281815,-0.6257661581039429,0.12763191759586334,-0.3818577527999878,0.19248951971530914,-0.5379640460014343,0.018092012032866478,-0.3140184283256531,0.0,-0.23596885800361633,0.019185328856110573,-0.3085167407989502,0.0016260213451460004,-0.19400261342525482,0.16295437514781952,-1.137678861618042,1.8556729555130005,-0.7652634382247925,0.03373770788311958,-0.23872937262058258,0.09383988380432129,-0.17519637942314148,0.03645496442914009,-0.4802550971508026,1.670706033706665,6.153101444244385,1.669360876083374,6.1876301765441895,2.0966556072235107,6.164244174957275,3.0513370037078857,6.081836700439453,2.7823801040649414,5.923704624176025,0.03278058022260666,5.9152512550354,0.06552482396364212,0.31168779730796814,2.6376333236694336,4.7874579429626465,0.09345874190330505,3.1138503551483154,0.09447350353002548,-0.33981940150260925,0.15639176964759827,-0.4386088252067566,0.6973331570625305,-0.3391624689102173,0.8835988640785217,-0.34019583463668823,0.0011229888768866658,-0.16782835125923157,0.0003691039455588907,-0.17317625880241394,0.0017506488366052508,-0.15549463033676147,0.03379029035568237,-0.17307426035404205,0.026841524988412857,-0.2379160076379776,0.013625042513012886,-0.30900636315345764,0.006394301541149616,-0.22749429941177368,0.0027805615682154894,-0.19603604078292847
39,1307,24,3,3,dendritic,b_plasma,0.9415581822395325,0.02412174828350544,0.917436433956027,2,True,dendritic,-0.12320326268672943,1,-0.32308900356292725,0,-0.2370898276567459,0,-0.2559591829776764,0,0.02412174828350544,1,-0.19802211225032806,0,-0.03392627462744713,0,0.9415581822395325,2,0.7842958569526672,0.13645470142364502,1.2263869047164917,-0.2860927879810333,0.9647074937820435,-0.05446672812104225,1.314426302909851,0.682203471660614,1.2618398666381836,0.1278408318758011,0.24884948134422302,-0.2513004243373871,0.3365922272205353,-0.2249876856803894,0.19258010387420654,-0.2486780732870102,0.04448426142334938,-0.2864629030227661,0.03780443221330643,-0.2776322662830353,0.30411866307258606,-0.2619008421897888,0.11218392103910446,-0.19232162833213806,0.0712401419878006,-0.22956445813179016,0.02278098277747631,-0.19866394996643066,0.07062774151563644,-0.28247612714767456,0.4466833770275116,-0.0775110125541687,0.009031043387949467,-0.20272576808929443,0.02233373187482357,-0.2658507823944092,0.016228780150413513,-0.29284441471099854,0.025574563071131706,-0.36474138498306274,0.026101311668753624,-0.34234753251075745,0.07319788634777069,-0.42549681663513184,0.01969400979578495,-0.34836021065711975,0.02290872484445572,-0.31792768836021423,0.004170202184468508,-0.25614434480667114,0.9558513760566711,-0.8993414640426636,0.005385473370552063,-0.15587621927261353,0.10477829724550247,-0.2509901225566864,0.0015637961914762855,-0.18629483878612518,0.0,-0.19855982065200806,0.0009638777119107544,-0.21298037469387054,0.0005810706061311066,-0.20734985172748566,0.0,-0.16548258066177368,0.013181877322494984,-0.27235209941864014,0.03189212456345558,-0.3314242362976074,0.002105712890625,-0.17636168003082275,0.0007986972923390567,-0.24527601897716522,0.007622959557920694,-0.229761004447937,0.0,-0.2304268181324005,0.02874733880162239,-0.2608056664466858,0.0,-0.24766848981380463,0.004121989011764526,-0.186959370970726,0.010723882354795933,-0.41478946805000305,0.02787615917623043,-0.23258833587169647,0.0,-0.23144637048244476,0.465742290019989,-0.231757253408432,0.3624495565891266,-0.26120471954345703,0.4786301851272583,-0.29408973455429077,0.7248895764350891,-0.3411123752593994,0.9767727255821228,-0.3455345928668976,0.4125158488750458,-0.17150966823101044,0.3314206004142761,-0.2681136727333069,0.25557568669319153,-0.1665153205394745,0.405057817697525,-0.22379545867443085,0.04303686320781708,-0.27118128538131714,0.0005504589062184095,-0.23420798778533936,0.04340337589383125,-0.2708171308040619,0.006406444124877453,-0.1756812036037445,0.997563898563385,0.25702574849128723,4.258570671081543,1.1523312330245972,0.04384392499923706,-0.21758624911308289,0.07817352563142776,-0.20186282694339752,0.24554027616977692,0.1790754795074463,0.016429614275693893,-0.14516974985599518,0.006924751214683056,-0.1879768967628479,0.006599850952625275,-0.18281503021717072,0.02520439587533474,-0.19305522739887238,0.040797267109155655,-0.18870915472507477,0.0,-0.25350475311279297,0.029653815552592278,-0.07389888912439346,0.10285163670778275,-0.32379838824272156,0.0,-0.2332710176706314,0.5226826667785645,0.15293164551258087,0.6489073634147644,0.09525395184755325,1.1830852031707764,-0.0008925818838179111,1.3471535444259644,-0.021348215639591217,0.0017647758359089494,-0.16520527005195618,0.004578656051307917,-0.14568418264389038,0.0021794051863253117,-0.15253929793834686,0.019690094515681267,-0.21364597976207733,0.06208765134215355,-0.1441228985786438,0.01837403140962124,-0.29215073585510254,1.4985148906707764,3.611543893814087,0.5219447612762451,1.7461668252944946
