cluster,n_cells,n_donors,winner,second,top_score,second_score,top_minus_second_score,winner_anchors_z_gt_0_5,passes_automatic_rule,provisional_label,donors_healthy,donors_mash_fibrosis,donors_mash_cirrhosis,donors_masld_f0,donors_alcohol_cirrhosis,donors_alcohol_hepatitis,score_macrophage_monocyte,anchors_macrophage_monocyte,score_endothelial,anchors_endothelial,score_mesenchymal_hsc_myofibroblast,anchors_mesenchymal_hsc_myofibroblast,score_t_nk,anchors_t_nk,score_b_plasma,anchors_b_plasma,score_epithelial,anchors_epithelial,score_neutrophil,anchors_neutrophil,score_dendritic,anchors_dendritic,mean_log1p_cp10k_LST1,z_LST1,mean_log1p_cp10k_TYROBP,z_TYROBP,mean_log1p_cp10k_FCER1G,z_FCER1G,mean_log1p_cp10k_AIF1,z_AIF1,mean_log1p_cp10k_CTSS,z_CTSS,mean_log1p_cp10k_C1QA,z_C1QA,mean_log1p_cp10k_C1QB,z_C1QB,mean_log1p_cp10k_C1QC,z_C1QC,mean_log1p_cp10k_CD68,z_CD68,mean_log1p_cp10k_CD163,z_CD163,mean_log1p_cp10k_FCGR3A,z_FCGR3A,mean_log1p_cp10k_MARCO,z_MARCO,mean_log1p_cp10k_SPP1,z_SPP1,mean_log1p_cp10k_TREM2,z_TREM2,mean_log1p_cp10k_GPNMB,z_GPNMB,mean_log1p_cp10k_PECAM1,z_PECAM1,mean_log1p_cp10k_VWF,z_VWF,mean_log1p_cp10k_KDR,z_KDR,mean_log1p_cp10k_EMCN,z_EMCN,mean_log1p_cp10k_ESAM,z_ESAM,mean_log1p_cp10k_EGFL7,z_EGFL7,mean_log1p_cp10k_ENG,z_ENG,mean_log1p_cp10k_CDH5,z_CDH5,mean_log1p_cp10k_RAMP2,z_RAMP2,mean_log1p_cp10k_PLVAP,z_PLVAP,mean_log1p_cp10k_KLF2,z_KLF2,mean_log1p_cp10k_CA4,z_CA4,mean_log1p_cp10k_FCN3,z_FCN3,mean_log1p_cp10k_COL1A1,z_COL1A1,mean_log1p_cp10k_COL1A2,z_COL1A2,mean_log1p_cp10k_COL3A1,z_COL3A1,mean_log1p_cp10k_DCN,z_DCN,mean_log1p_cp10k_LUM,z_LUM,mean_log1p_cp10k_COL6A1,z_COL6A1,mean_log1p_cp10k_COL6A2,z_COL6A2,mean_log1p_cp10k_COL6A3,z_COL6A3,mean_log1p_cp10k_PDGFRB,z_PDGFRB,mean_log1p_cp10k_RGS5,z_RGS5,mean_log1p_cp10k_CSPG4,z_CSPG4,mean_log1p_cp10k_ACTA2,z_ACTA2,mean_log1p_cp10k_DES,z_DES,mean_log1p_cp10k_LRAT,z_LRAT,mean_log1p_cp10k_RBP1,z_RBP1,mean_log1p_cp10k_RELN,z_RELN,mean_log1p_cp10k_PDGFRA,z_PDGFRA,mean_log1p_cp10k_CD3D,z_CD3D,mean_log1p_cp10k_CD3E,z_CD3E,mean_log1p_cp10k_TRBC1,z_TRBC1,mean_log1p_cp10k_TRBC2,z_TRBC2,mean_log1p_cp10k_NKG7,z_NKG7,mean_log1p_cp10k_GNLY,z_GNLY,mean_log1p_cp10k_PRF1,z_PRF1,mean_log1p_cp10k_GZMB,z_GZMB,mean_log1p_cp10k_IL7R,z_IL7R,mean_log1p_cp10k_CD79A,z_CD79A,mean_log1p_cp10k_CD79B,z_CD79B,mean_log1p_cp10k_MS4A1,z_MS4A1,mean_log1p_cp10k_CD19,z_CD19,mean_log1p_cp10k_CD37,z_CD37,mean_log1p_cp10k_CD74,z_CD74,mean_log1p_cp10k_MZB1,z_MZB1,mean_log1p_cp10k_JCHAIN,z_JCHAIN,mean_log1p_cp10k_CD38,z_CD38,mean_log1p_cp10k_EPCAM,z_EPCAM,mean_log1p_cp10k_KRT19,z_KRT19,mean_log1p_cp10k_KRT7,z_KRT7,mean_log1p_cp10k_KRT8,z_KRT8,mean_log1p_cp10k_KRT18,z_KRT18,mean_log1p_cp10k_KRT17,z_KRT17,mean_log1p_cp10k_KRT23,z_KRT23,mean_log1p_cp10k_ALB,z_ALB,mean_log1p_cp10k_HNF4A,z_HNF4A,mean_log1p_cp10k_FCGR3B,z_FCGR3B,mean_log1p_cp10k_CSF3R,z_CSF3R,mean_log1p_cp10k_S100A8,z_S100A8,mean_log1p_cp10k_S100A9,z_S100A9,mean_log1p_cp10k_CEACAM8,z_CEACAM8,mean_log1p_cp10k_MPO,z_MPO,mean_log1p_cp10k_ELANE,z_ELANE,mean_log1p_cp10k_FCER1A,z_FCER1A,mean_log1p_cp10k_CD1C,z_CD1C,mean_log1p_cp10k_CLEC10A,z_CLEC10A,mean_log1p_cp10k_CLEC9A,z_CLEC9A,mean_log1p_cp10k_XCR1,z_XCR1
0,15614,26,epithelial,dendritic,0.45919835567474365,-0.17245514690876007,0.6316535025835037,2,True,epithelial,6,4,4,3.0,4,5,-0.38063734769821167,0,-0.3888362646102905,0,-0.38107481598854065,0,-0.22522155940532684,0,-0.32020479440689087,0,0.45919835567474365,2,-0.18866269290447235,0,-0.17245514690876007,0,0.00012048197822878137,-0.41723087430000305,0.00043549982365220785,-0.41069039702415466,0.0,-0.3869950771331787,0.00013377419963944703,-0.415044903755188,0.031424231827259064,-0.6842749714851379,0.0003366029413882643,-0.32918792963027954,0.0004929843125864863,-0.3245403468608856,0.0014260243624448776,-0.32797321677207947,0.007483108900487423,-0.36206865310668945,0.00740034319460392,-0.4100615382194519,0.0009421592694707215,-0.37424513697624207,0.0007784636691212654,-0.2544577717781067,0.0005735441809520125,-0.5004748106002808,0.0,-0.1652255803346634,4.293879828765057e-05,-0.3470887243747711,0.0025899140164256096,-0.6395594477653503,0.007869184017181396,-0.2796207070350647,0.0005088286707177758,-0.39483940601348877,0.0012673471355810761,-0.39840707182884216,3.452198507147841e-05,-0.4334481954574585,0.004792896099388599,-0.4475170373916626,0.004795274697244167,-0.735119104385376,0.0004550086450763047,-0.42134448885917664,2.1360050595831126e-05,-0.2696066200733185,0.0020674492698162794,-0.22533509135246277,0.0007680444978177547,-0.32600709795951843,0.0,-0.22824186086654663,3.84691302315332e-05,-0.2558254599571228,0.0005842353566549718,-0.37551814317703247,0.0011315749725326896,-0.386796772480011,0.0016663956921547651,-0.425277441740036,0.0017953244969248772,-0.4060134291648865,6.809522892581299e-05,-0.2441955804824829,0.0472286231815815,-0.38607466220855713,0.011081119067966938,-0.48427602648735046,0.0015223833033815026,-0.42693206667900085,0.006305785849690437,-0.41574591398239136,0.0018169545801356435,-0.28916025161743164,0.0,-0.16297446191310883,0.011924776248633862,-0.4466730058193207,0.0,-0.16371436417102814,0.02846418507397175,-0.3354513645172119,0.0020281830802559853,-0.5441122055053711,0.024540655314922333,-0.5178965926170349,0.029208995401859283,-0.46745947003364563,0.0,-0.21416066586971283,0.0,-0.23292170464992523,5.019412128604017e-05,-0.2139623761177063,0.0,-0.22822673618793488,3.447249036980793e-05,-0.17621639370918274,0.00033843034179881215,-0.17821097373962402,8.21598368929699e-05,-0.1984088271856308,6.292423495324329e-05,-0.16489547491073608,0.0002594211546238512,-0.4199908375740051,0.0,-0.1797712743282318,0.0,-0.19942384958267212,0.0003036529233213514,-0.17576521635055542,4.253927181707695e-05,-0.1689959168434143,0.0,-0.43455004692077637,0.006478040013462305,-0.7227262258529663,0.0,-0.1875450760126114,0.0,-0.18454816937446594,0.00432474073022604,-0.6285171508789062,0.00015353639901150018,-0.3237289488315582,0.0,-0.22786177694797516,9.098275768337771e-05,-0.3468005061149597,0.05244826525449753,-0.30817681550979614,0.052216242998838425,-0.3173462748527527,0.0,-0.1612008661031723,0.010875833220779896,-0.41864141821861267,4.178765773773193,2.489332914352417,1.8420428037643433,3.747208833694458,0.00029287769575603306,-0.16969303786754608,0.0012373391073197126,-0.30105501413345337,0.0001271849760087207,-0.17693236470222473,0.0003304691636003554,-0.17185010015964508,0.0,-0.17253991961479187,0.0,-0.1627659648656845,0.0,-0.1658024787902832,0.0,-0.16046853363513947,0.0,-0.16645683348178864,0.0006576955784112215,-0.21028003096580505,9.147956006927416e-05,-0.1642763614654541,0.0,-0.1607939600944519
1,2505,26,mesenchymal_hsc_myofibroblast,dendritic,2.0224711894989014,-0.17144431173801422,2.1939155012369156,12,True,mesenchymal_hsc_myofibroblast,6,4,4,3.0,4,5,-0.3082800805568695,0,-0.17298854887485504,1,2.0224711894989014,12,-0.2109740525484085,0,-0.2409481257200241,0,-0.3355814516544342,0,-0.18141134083271027,0,-0.17144431173801422,0,0.004888777621090412,-0.3664937913417816,0.02944270148873329,-0.22399118542671204,0.0036311205476522446,-0.35811394453048706,0.004789982456713915,-0.297881156206131,0.05235657840967178,-0.5903294682502747,0.009981244802474976,-0.2625378370285034,0.012241211719810963,-0.2702522277832031,0.018293393775820732,-0.2506248652935028,0.014475989155471325,-0.3155229389667511,0.046134404838085175,-0.3470357060432434,0.005324789322912693,-0.346638947725296,0.003833682043477893,-0.2414451539516449,0.022450240328907967,-0.4213866889476776,0.0,-0.1652255803346634,0.034962330013513565,-0.1667221486568451,0.03243149444460869,-0.580115795135498,0.016958530992269516,-0.26244890689849854,0.023920975625514984,-0.3371889591217041,0.028817176818847656,-0.33931630849838257,0.06138785183429718,0.0340631864964962,0.09313865751028061,-0.25326430797576904,0.5954488515853882,0.8264274001121521,0.013412988744676113,-0.3725484609603882,0.006848148535937071,-0.1398736834526062,0.007395357359200716,-0.20504194498062134,0.04757549986243248,-0.19087767601013184,0.0,-0.22824186086654663,0.01654888316988945,-0.20042367279529572,1.4113167524337769,2.271627426147461,1.504884123802185,2.5215606689453125,2.254732608795166,2.934096336364746,1.9205881357192993,3.2544615268707275,0.09491242468357086,0.26294323801994324,1.5515104532241821,2.9894652366638184,1.3470726013183594,2.828578472137451,1.860833764076233,2.726651668548584,0.9048055410385132,1.7389158010482788,0.2058497816324234,0.2781589925289154,0.0001988895091926679,-0.1614794135093689,0.8869521021842957,3.3963725566864014,0.0,-0.16371436417102814,0.15117435157299042,0.1040632501244545,1.0047879219055176,5.107163429260254,1.2808884382247925,1.266103744506836,2.285686731338501,3.0270442962646484,0.0001946830889210105,-0.21111227571964264,0.004953683819621801,-0.20914019644260406,0.0004287546908017248,-0.21122534573078156,0.001975574530661106,-0.21233238279819489,0.001421848894096911,-0.16682538390159607,0.001067901961505413,-0.17486384510993958,0.0020050641614943743,-0.1852039396762848,0.0,-0.1658288836479187,0.040713343769311905,-0.3622342646121979,0.0,-0.1797712743282318,0.001905494020320475,-0.1576075553894043,0.0011743172071874142,-0.17313252389431,0.0,-0.17024332284927368,0.0033714473247528076,-0.42109930515289307,0.200351744890213,-0.3490217328071594,0.0031888086814433336,-0.17457865178585052,0.0056898645125329494,-0.16139167547225952,0.06278108805418015,-0.3816870450973511,0.006464354228228331,-0.28445494174957275,0.002065033186227083,-0.2162230908870697,0.008254357613623142,-0.3226134777069092,0.08630011975765228,-0.23370592296123505,0.06093541532754898,-0.29856762290000916,0.0,-0.1612008661031723,0.004292340483516455,-0.44809162616729736,0.5138990879058838,-0.47487711906433105,0.018172001466155052,-0.580498456954956,0.0,-0.17096687853336334,0.002777691464871168,-0.29708051681518555,0.0003426521725486964,-0.17608201503753662,0.00039265703526325524,-0.17157474160194397,0.0005562418955378234,-0.1356433480978012,0.0,-0.1627659648656845,0.0007698014960624278,-0.15576589107513428,0.0,-0.16046853363513947,0.0,-0.16645683348178864,0.002111149253323674,-0.204519122838974,0.0,-0.16498307883739471,0.0,-0.1607939600944519
2,2524,26,endothelial,dendritic,0.14381803572177887,-0.17221219837665558,0.31603023409843445,3,False,ambiguous,6,4,4,3.0,4,5,-0.3365044593811035,0,0.14381803572177887,3,-0.20831628143787384,1,-0.22001728415489197,0,-0.24995313584804535,0,-0.2840360105037689,0,-0.18358954787254333,0,-0.17221219837665558,0,0.00335335498675704,-0.38283148407936096,0.003090661484748125,-0.3936009705066681,0.006459047086536884,-0.3356212377548218,0.000979905598796904,-0.3937537372112274,0.06882498413324356,-0.5164182782173157,0.0020391824655234814,-0.317422091960907,0.0071321045979857445,-0.2938612103462219,0.009004462510347366,-0.29322096705436707,0.007818430662155151,-0.3598366975784302,0.0447663851082325,-0.34926167130470276,0.009120820090174675,-0.3227277100086212,0.009621766395866871,-0.21679285168647766,0.03270452842116356,-0.3843156099319458,0.0,-0.1652255803346634,0.004769195802509785,-0.32267653942108154,0.4863758981227875,0.32413020730018616,0.10033218562602997,-0.10493767261505127,0.27730995416641235,0.28675997257232666,0.44536763429641724,0.5541298389434814,0.060354333370923996,0.026187794283032417,0.6008765697479248,0.8631387948989868,0.5058138370513916,0.5894538760185242,0.2102503478527069,0.3686842918395996,0.0012314507039263844,-0.24661065638065338,0.0029683418106287718,-0.2219037413597107,0.022147828713059425,-0.2642853558063507,0.0,-0.22824186086654663,0.05336916074156761,-0.07687078416347504,0.024936407804489136,-0.3298228979110718,0.013566046953201294,-0.3627476990222931,0.05884086340665817,-0.3400289714336395,0.025278514251112938,-0.36121463775634766,0.0025083301588892937,-0.23114746809005737,0.0689142495393753,-0.33741310238838196,0.11801565438508987,-0.21911074221134186,0.04714369773864746,-0.349553644657135,0.014077060855925083,-0.39710986614227295,0.004989547189325094,-0.28033876419067383,0.0,-0.16297446191310883,0.02869524620473385,-0.3730185031890869,0.0,-0.16371436417102814,0.025673139840364456,-0.3454481363296509,0.02497357316315174,-0.4147983193397522,1.4412108659744263,1.4937598705291748,0.09427456557750702,-0.3666954040527344,0.0,-0.21416066586971283,0.0005496316007338464,-0.23028303682804108,0.0,-0.21432529389858246,0.00022824267216492444,-0.22639042139053345,0.0011861552484333515,-0.16842077672481537,0.0016623801784589887,-0.1721361130475998,0.0,-0.19897302985191345,0.0,-0.1658288836479187,0.021519672125577927,-0.3896373510360718,0.0,-0.1797712743282318,0.0005951717612333596,-0.18636272847652435,0.001146218623034656,-0.17321747541427612,0.0,-0.17024332284927368,0.0018287007696926594,-0.42725425958633423,0.12799501419067383,-0.4884941577911377,0.0,-0.1875450760126114,0.0004753155808430165,-0.18261373043060303,0.09300293028354645,-0.2540762722492218,0.003779276506975293,-0.3011649250984192,0.0019486899254843593,-0.21687881648540497,0.01142469234764576,-0.31322020292282104,0.032303955405950546,-0.35249245166778564,0.03748238459229469,-0.349078893661499,0.0,-0.1612008661031723,0.017492620274424553,-0.38904228806495667,0.895958662033081,-0.16586045920848846,0.13327297568321228,-0.3073851466178894,0.0,-0.17096687853336334,0.014415321871638298,-0.26705247163772583,0.001203223131597042,-0.17268572747707367,0.0,-0.17331339418888092,0.0,-0.17253991961479187,0.0,-0.1627659648656845,0.0,-0.1658024787902832,0.0,-0.16046853363513947,0.0,-0.16645683348178864,0.0011424666736274958,-0.20835858583450317,0.0,-0.16498307883739471,0.0,-0.1607939600944519
3,2156,26,endothelial,dendritic,1.3732138872146606,-0.17265939712524414,1.5458732843399048,9,True,endothelial,6,4,4,3.0,4,5,-0.31542766094207764,0,1.3732138872146606,9,-0.27745240926742554,0,-0.19777698814868927,0,-0.22603249549865723,0,-0.31158217787742615,0,-0.177618607878685,0,-0.17265939712524414,0,0.006332931574434042,-0.3511272370815277,0.008727428503334522,-0.35732102394104004,0.007221629843115807,-0.32955583930015564,0.002327420050278306,-0.3598463833332062,0.05958149582147598,-0.5579035878181458,0.00947726983577013,-0.26602059602737427,0.01419858355075121,-0.2612072825431824,0.0174553319811821,-0.2544679641723633,0.009368477389216423,-0.34951937198638916,0.0366927832365036,-0.36239856481552124,0.009920424781739712,-0.31769099831581116,0.004716586787253618,-0.2376847267150879,0.06709728389978409,-0.2599796950817108,0.0002724799851421267,-0.16154460608959198,0.008162987418472767,-0.30514684319496155,1.8160886764526367,2.9728851318359375,2.22979998588562,3.9180972576141357,0.4260076880455017,0.6529155969619751,1.3918988704681396,2.584315299987793,0.24074043333530426,1.4007270336151123,0.982526957988739,1.702303409576416,0.7380908727645874,1.2035387754440308,0.5021690726280212,1.467966079711914,0.03776581212878227,0.4476703703403473,0.5005843639373779,1.6734366416931152,0.1498497724533081,0.10438001155853271,0.005512119736522436,-0.0857069343328476,0.01943158730864525,-0.19075056910514832,0.07329434901475906,-0.2390824407339096,0.054056838154792786,-0.28443580865859985,0.12670490145683289,-0.23884212970733643,0.06266461312770844,-0.2898932695388794,0.01388037484139204,-0.1703404039144516,0.08865593373775482,-0.293113648891449,0.17994345724582672,-0.06554854661226273,0.0413922443985939,-0.35930871963500977,0.030285557731986046,-0.35824084281921387,0.026065710932016373,-0.2217359095811844,0.0,-0.16297446191310883,0.02185540832579136,-0.4030584990978241,0.0,-0.16371436417102814,0.02309548109769821,-0.354680597782135,0.045519426465034485,-0.2990075945854187,0.08451090008020401,-0.4327394962310791,0.08569999039173126,-0.37997445464134216,0.0016131349839270115,-0.18890179693698883,0.004994864109903574,-0.2089424878358841,0.000798300898168236,-0.2085534930229187,0.00504154060035944,-0.18766535818576813,0.0006740001263096929,-0.17188750207424164,0.0074210381135344505,-0.14571282267570496,0.0,-0.19897302985191345,0.0005721061024814844,-0.1573423445224762,0.075888492166996,-0.31201425194740295,0.0,-0.1797712743282318,0.0009521790198050439,-0.17852817475795746,0.00031851109815761447,-0.17572028934955597,0.0,-0.17024332284927368,0.008883967064321041,-0.39910653233528137,0.34699252247810364,-0.06636185944080353,0.002021307125687599,-0.17932596802711487,0.004051310941576958,-0.16806022822856903,0.030693722888827324,-0.5171748995780945,0.026367874816060066,-0.16058968007564545,0.00793472770601511,-0.18314102292060852,0.030681047588586807,-0.25616613030433655,0.048179157078266144,-0.31756851077079773,0.04291478917002678,-0.33737900853157043,0.0,-0.1612008661031723,0.022364571690559387,-0.36724838614463806,0.4651690721511841,-0.5142908096313477,0.049292635172605515,-0.5066549181938171,0.0027154984418302774,-0.1591562032699585,0.009862644597887993,-0.27879953384399414,0.0,-0.1774342954158783,0.0,-0.17331339418888092,0.0004972778260707855,-0.13955454528331757,0.0010441902559250593,-0.1492697149515152,0.0,-0.1658024787902832,0.0,-0.16046853363513947,0.0,-0.16645683348178864,0.000578346720431,-0.2105945348739624,0.0,-0.16498307883739471,0.0,-0.1607939600944519
4,571,23,b_plasma,t_nk,3.3259153366088867,0.03656402975320816,3.2893513068556786,7,True,b_plasma,5,4,4,3.0,4,3,-0.17054341733455658,1,-0.251125305891037,0,-0.3451637029647827,0,0.03656402975320816,1,3.3259153366088867,7,-0.3588888347148895,0,-0.13884620368480682,0,-0.15892376005649567,0,0.02794867940247059,-0.1211245134472847,0.016120869666337967,-0.309734582901001,0.0014692278346046805,-0.37530916929244995,0.017350269481539726,0.0181721244007349,0.3228549361228943,0.6236823201179504,0.017252134159207344,-0.21229174733161926,0.02085704356431961,-0.23043878376483917,0.006985286250710487,-0.3024802505970001,0.03317667543888092,-0.19104820489883423,0.09006490558385849,-0.2755545675754547,0.03162297606468201,-0.18098655343055725,0.023322636261582375,-0.15843886137008667,0.042293839156627655,-0.34964853525161743,0.0,-0.1652255803346634,0.0037918847519904375,-0.3277245759963989,0.2800663411617279,-0.08683330565690994,0.013954052701592445,-0.2681250274181366,0.046624623239040375,-0.2812831401824951,0.028101181611418724,-0.3408520221710205,0.009076874703168869,-0.364545613527298,0.037922825664281845,-0.37467166781425476,0.06514932215213776,-0.5755574703216553,0.03407244011759758,-0.2947509288787842,0.0,-0.2700125277042389,0.006939512211829424,-0.20677818357944489,0.1426258534193039,0.08352512866258621,0.004233289044350386,-0.11877552419900894,0.02681695856153965,-0.16596846282482147,0.023863350972533226,-0.33183643221855164,0.037665560841560364,-0.3161376416683197,0.035082295536994934,-0.3754535913467407,0.028291471302509308,-0.3554668128490448,0.0017793284496292472,-0.23504549264907837,0.029375527054071426,-0.42613619565963745,0.03274521231651306,-0.4305556118488312,0.04768221825361252,-0.34864023327827454,0.0293987225741148,-0.3603675067424774,0.02937556430697441,-0.21253274381160736,0.0,-0.16297446191310883,0.01161318738013506,-0.4480414390563965,0.0,-0.16371436417102814,0.01794225163757801,-0.37313807010650635,0.012824712321162224,-0.4832659065723419,0.08695387840270996,-0.429270476102829,0.06294990330934525,-0.4152064919471741,0.013278472237288952,-0.0062431045807898045,0.07579116523265839,0.13093465566635132,0.021123062819242477,-0.06160349398851395,0.09385837614536285,0.5269045829772949,0.0,-0.1764497309923172,0.012204881757497787,-0.12376242876052856,0.011580714024603367,-0.1194465160369873,0.0,-0.1658288836479187,0.521766185760498,0.3245711624622345,0.3081358075141907,6.201569557189941,0.292892187833786,6.22813081741333,2.1208133697509766,6.236199855804443,0.21847501397132874,6.236220359802246,0.7556325793266296,2.5801265239715576,1.1686497926712036,1.517437219619751,0.15451958775520325,0.4407671093940735,0.031847260892391205,-0.05493677780032158,0.2828918993473053,0.5477238297462463,0.0,-0.3246844410896301,0.0022925795055925846,-0.21494060754776,0.017275791615247726,-0.2958841621875763,0.042999669909477234,-0.32896286249160767,0.017133520916104317,-0.3929046392440796,0.0,-0.1612008661031723,0.006060146726667881,-0.4401836395263672,0.4036793112754822,-0.5640248656272888,0.04905734211206436,-0.5072132349014282,0.0073787434957921505,-0.1388740986585617,0.014840793795883656,-0.2659546434879303,0.012553825974464417,-0.12789009511470795,0.0,-0.17331339418888092,0.003546065418049693,0.06267721951007843,0.0,-0.1627659648656845,0.0,-0.1658024787902832,0.0,-0.16046853363513947,0.014016498811542988,-0.09548633545637131,0.0,-0.21288686990737915,0.0,-0.16498307883739471,0.0,-0.1607939600944519
5,1940,26,endothelial,mesenchymal_hsc_myofibroblast,0.6346930265426636,-0.047059688717126846,0.6817527152597904,5,True,endothelial,6,4,4,3.0,4,5,-0.32416000962257385,0,0.6346930265426636,5,-0.047059688717126846,1,-0.21217890083789825,0,-0.22950264811515808,0,-0.33870264887809753,0,-0.174838587641716,0,-0.16976305842399597,0,0.0018516441341489553,-0.3988104462623596,0.01287518534809351,-0.3306247889995575,0.005825615953654051,-0.34065940976142883,0.0013685313751921058,-0.3839748203754425,0.0791545882821083,-0.4700584411621094,0.009849976748228073,-0.2634449601173401,0.008658471517264843,-0.28680792450904846,0.01864003762602806,-0.2490352839231491,0.015644734725356102,-0.3077436089515686,0.03695595636963844,-0.36197036504745483,0.005284224171191454,-0.3468944728374481,0.017538947984576225,-0.18307241797447205,0.010002302937209606,-0.46638819575309753,0.0,-0.1652255803346634,0.00767066515982151,-0.3076897859573364,0.3563103675842285,0.0650429055094719,0.01936732605099678,-0.2578981816768646,1.2094976902008057,2.582193613052368,0.4167548418045044,0.4927591383457184,0.07044190168380737,0.10305490344762802,1.029933214187622,1.8065391778945923,0.7922602891921997,1.3467496633529663,0.3536253273487091,0.9085931777954102,0.002141668926924467,-0.22931329905986786,0.0011943503050133586,-0.22866059839725494,0.05599048733711243,-0.16658428311347961,0.0,-0.22824186086654663,0.6892218589782715,2.0567750930786133,0.018999595195055008,-0.3409629464149475,0.017940687015652657,-0.3542868494987488,0.04938367009162903,-0.3541298806667328,0.039586540311574936,-0.3339192271232605,0.00194117845967412,-0.23418007791042328,0.07590768486261368,-0.3217201828956604,0.12375475466251373,-0.2048795223236084,0.02903074584901333,-0.38027507066726685,0.014095807448029518,-0.3970649242401123,0.017900517210364342,-0.24443945288658142,0.0,-0.16297446191310883,0.03196133300662041,-0.35867413878440857,0.0,-0.16371436417102814,0.01594780571758747,-0.3802816569805145,0.13400499522686005,0.19967250525951385,2.9468133449554443,3.631699323654175,0.07284396141767502,-0.3998839855194092,0.0005696152220480144,-0.20524148643016815,0.002329981653019786,-0.22173598408699036,0.0,-0.21432529389858246,0.0040949126705527306,-0.19528137147426605,0.000721425109077245,-0.17156648635864258,0.0024628203827887774,-0.1684633493423462,0.0015930394874885678,-0.18803338706493378,0.0,-0.1658288836479187,0.028876468539237976,-0.3791339099407196,0.0,-0.1797712743282318,0.0036765786353498697,-0.11874089390039444,0.001509445020928979,-0.1721191555261612,0.0,-0.17024332284927368,0.010960240848362446,-0.39082300662994385,0.08701861649751663,-0.5674788951873779,0.0,-0.1875450760126114,0.002569257514551282,-0.17409184575080872,0.12837699055671692,-0.1047104224562645,0.010966502130031586,-0.2564367949962616,0.004310995806008577,-0.20356465876102448,0.00630793534219265,-0.3283804655075073,0.021526291966438293,-0.3762022852897644,0.02438589185476303,-0.37728509306907654,0.0,-0.1612008661031723,0.00272041535936296,-0.4551233947277069,0.5724459886550903,-0.42752334475517273,0.06785616278648376,-0.46260711550712585,0.0024970865342766047,-0.16010615229606628,0.010546634905040264,-0.2770346999168396,0.001375032588839531,-0.17200767993927002,0.0010275753447785974,-0.16876336932182312,0.000831426412332803,-0.11738985776901245,0.0,-0.1627659648656845,0.0,-0.1658024787902832,0.0,-0.16046853363513947,0.0,-0.16645683348178864,0.0009801906999200583,-0.20900177955627441,0.001668398967012763,-0.15209420025348663,0.0,-0.1607939600944519
6,2388,18,epithelial,macrophage_monocyte,2.551682710647583,-0.03932105004787445,2.5910037606954575,6,True,epithelial,1,4,4,,4,5,-0.03932105004787445,1,-0.3636638820171356,0,-0.2363833785057068,1,-0.21726936101913452,0,-0.24844162166118622,0,2.551682710647583,6,-0.18867351114749908,0,-0.17090679705142975,0,0.00021047568588983268,-0.4162733256816864,0.00284009613096714,-0.3952137231826782,0.0014306678203865886,-0.3756158649921417,0.0,-0.4184110164642334,0.10051784664392471,-0.374178946018219,0.0013472213177010417,-0.32220396399497986,0.0027459643315523863,-0.31412941217422485,0.0013145549455657601,-0.3284843862056732,0.020137764513492584,-0.27783727645874023,0.008986866101622581,-0.40748003125190735,0.0,-0.38017982244491577,0.0009059601579792798,-0.2539147436618805,1.2920079231262207,4.168289661407471,0.00023758484167046845,-0.16201600432395935,0.0029317783191800117,-0.3321671783924103,0.017925510182976723,-0.6090113520622253,0.011451482772827148,-0.27285295724868774,0.004498050548136234,-0.3850162625312805,0.006706802640110254,-0.38674014806747437,0.005695609841495752,-0.39031079411506653,0.00705877598375082,-0.4425348937511444,0.03751850128173828,-0.6486067175865173,0.007571780122816563,-0.394544780254364,0.002083797939121723,-0.2304130643606186,0.00488734245300293,-0.21459457278251648,0.010916945524513721,-0.29670801758766174,0.0009466735064052045,-0.20376233756542206,0.0010191698092967272,-0.2525346577167511,0.03567683324217796,-0.3096691966056824,0.023162519559264183,-0.34418749809265137,0.03227320313453674,-0.37964197993278503,0.012670200318098068,-0.3852674663066864,0.004178289324045181,-0.2222180962562561,0.035555023699998856,-0.4122696816921234,0.025405481457710266,-0.4487559497356415,0.026158614084124565,-0.38514649868011475,0.011424516327679157,-0.40347087383270264,0.026716548949480057,-0.21992622315883636,0.000421498145442456,-0.15980608761310577,0.024944603443145752,-0.3894910216331482,0.0,-0.16371436417102814,0.43290793895721436,1.1131566762924194,0.10452128946781158,0.03351052477955818,0.04069829732179642,-0.494952917098999,0.042635176330804825,-0.446666955947876,0.0,-0.21416066586971283,0.002509078709408641,-0.22087617218494415,0.0003364465956110507,-0.2118927538394928,0.0005220764433033764,-0.2240263968706131,0.0,-0.1764497309923172,0.0,-0.17976385354995728,0.0007590369204990566,-0.19376060366630554,0.0004966245614923537,-0.1584620177745819,0.031049000099301338,-0.37603214383125305,0.0003961330803576857,-0.17156754434108734,0.00036218430614098907,-0.19147568941116333,0.0006928688380867243,-0.17458830773830414,0.0,-0.17024332284927368,0.003916189074516296,-0.4189260005950928,0.3056890368461609,-0.14597707986831665,0.0012578704627230763,-0.18243028223514557,0.0024281598161906004,-0.17466609179973602,0.009633690118789673,-0.6061002016067505,0.8579776287078857,5.014753341674805,1.1225472688674927,6.098904609680176,1.6192091703414917,4.450435161590576,1.2296684980392456,2.281597852706909,1.3498432636260986,2.4773783683776855,0.0016346771735697985,-0.12517841160297394,0.8562244176864624,3.3628909587860107,0.3236553370952606,-0.628749668598175,0.2767719030380249,0.03311120718717575,0.0002604387700557709,-0.16983413696289062,0.0008969384944066405,-0.30193331837654114,0.0,-0.1774342954158783,0.000656947260722518,-0.17040447890758514,0.0,-0.17253991961479187,0.0,-0.1627659648656845,0.0,-0.1658024787902832,0.0,-0.16046853363513947,0.0,-0.16645683348178864,0.002789213787764311,-0.20183153450489044,0.0,-0.16498307883739471,0.0,-0.1607939600944519
7,692,24,macrophage_monocyte,b_plasma,3.456129312515259,0.45192304253578186,3.004206269979477,15,True,macrophage_monocyte,6,4,4,3.0,3,4,3.456129312515259,15,-0.15497373044490814,1,-0.3620430827140808,0,-0.17517386376857758,0,0.45192304253578186,2,-0.39641937613487244,0,-0.044870760291814804,1,-0.08132915198802948,0,0.10679769515991211,0.7178696990013123,0.8860385417938232,5.289321422576904,0.7385773658752441,5.487488746643066,0.05036235973238945,0.8488521575927734,0.8833640813827515,3.1392788887023926,0.7013220191001892,4.515029430389404,0.9060339331626892,3.8599302768707275,1.1222020387649536,4.811545372009277,0.8928846120834351,5.531304359436035,2.0207414627075195,2.865928888320923,0.3049890697002411,1.5409475564956665,0.1891918033361435,0.5480220317840576,0.37599754333496094,0.8567495346069336,0.4744020104408264,6.243525505065918,1.1487306356430054,5.586143970489502,0.6104512214660645,0.5712851881980896,0.05318872630596161,-0.19400207698345184,0.028077585622668266,-0.326953649520874,0.01554205920547247,-0.36778968572616577,0.004363901447504759,-0.4004583954811096,0.028451886028051376,-0.3954961597919464,0.39203789830207825,0.2886575758457184,0.031396932899951935,-0.30482611060142517,0.0013855095021426678,-0.24368298053741455,0.03479469567537308,-0.10068221390247345,0.0392695814371109,-0.21485620737075806,0.005655852146446705,-0.08199023455381393,0.003603309625759721,-0.24386340379714966,0.023327358067035675,-0.3328421711921692,0.02341753989458084,-0.3436942398548126,0.032171670347452164,-0.3797933757305145,0.025471048429608345,-0.3608473241329193,0.006030134856700897,-0.21231615543365479,0.01892305724322796,-0.4495910704135895,0.014660402201116085,-0.47540047764778137,0.032444022595882416,-0.3744857907295227,0.012265874072909355,-0.4014532268047333,0.019418153911828995,-0.24021963775157928,0.0,-0.16297446191310883,0.00640910817310214,-0.4708973169326782,0.0,-0.16371436417102814,0.01350004319101572,-0.38904887437820435,0.02151959389448166,-0.43426400423049927,0.03507452458143234,-0.5029385685920715,0.03386329486966133,-0.4602515399456024,0.004097627010196447,-0.14999903738498688,0.0031918734312057495,-0.21759824454784393,0.0067343078553676605,-0.1656355857849121,0.0016004196368157864,-0.2153506577014923,0.012108190916478634,-0.09449059516191483,0.0,-0.17976385354995728,0.007917296141386032,-0.14460375905036926,0.0018922798335552216,-0.13775907456874847,0.10436078906059265,-0.2713639736175537,0.001330612925812602,-0.1522149294614792,0.0,-0.19942384958267212,0.0,-0.17668339610099792,0.0,-0.17024332284927368,0.3714950680732727,1.047568917274475,2.2231876850128174,3.5501291751861572,0.00468282587826252,-0.16850362718105316,0.011197792366147041,-0.138975590467453,0.26582375168800354,0.47565415501594543,0.002237944398075342,-0.3107570707798004,0.0032311801332980394,-0.20965059101581573,0.010293615981936455,-0.3165714144706726,0.010533933527767658,-0.40038445591926575,0.004634358454495668,-0.4198243021965027,0.0,-0.1612008661031723,0.007905288599431515,-0.43192967772483826,0.22698187828063965,-0.7069408893585205,0.005521897692233324,-0.610514760017395,0.00448060454800725,-0.15147913992404938,0.3493283987045288,0.5971077680587769,0.014149111695587635,-0.12159423530101776,0.002652557333931327,-0.16156810522079468,0.0,-0.17253991961479187,0.001899154856801033,-0.1382192224264145,0.0,-0.1658024787902832,0.0,-0.16046853363513947,0.004731048364192247,-0.1425018608570099,0.10580246895551682,0.20647220313549042,0.0020231574308127165,-0.14935360848903656,0.0,-0.1607939600944519
8,829,24,b_plasma,t_nk,1.9385484457015991,-0.10838928073644638,2.0469377264380455,4,True,b_plasma,5,4,4,3.0,4,4,-0.23523211479187012,0,-0.1955125331878662,1,-0.29328304529190063,0,-0.10838928073644638,0,1.9385484457015991,4,-0.32193195819854736,0,-0.18266604840755463,0,-0.16813471913337708,0,0.0,-0.41851288080215454,0.015231434255838394,-0.3154592514038086,0.015807243064045906,-0.26126769185066223,0.004765806253999472,-0.2984894812107086,0.22799189388751984,0.197931706905365,0.012205632403492928,-0.24716603755950928,0.018312430009245872,-0.24219733476638794,0.026138706132769585,-0.2146487981081009,0.01788613572716713,-0.29282447695732117,0.08536278456449509,-0.2832055985927582,0.011520138010382652,-0.30761441588401794,0.01909186691045761,-0.17645831406116486,0.0654095783829689,-0.2660810649394989,0.0,-0.1652255803346634,0.021305523812770844,-0.23726263642311096,0.8324443697929382,1.0134899616241455,0.03813374042510986,-0.22244426608085632,0.024754678830504417,-0.3351360559463501,0.025886476039886475,-0.34560227394104004,0.00465913163498044,-0.39820876717567444,0.036742933094501495,-0.3772660195827484,0.06392958015203476,-0.5787821412086487,0.01882658526301384,-0.3521624207496643,0.0,-0.2700125277042389,0.0012554973363876343,-0.2284276932477951,0.1233336329460144,0.02783002331852913,0.0,-0.22824186086654663,0.002758301328867674,-0.24669888615608215,0.05934900417923927,-0.26524996757507324,0.04729524999856949,-0.2975131571292877,0.09820818156003952,-0.2813313901424408,0.07734741270542145,-0.2618829607963562,0.016562234610319138,-0.15600033104419708,0.07692236453294754,-0.3194432854652405,0.041319478303194046,-0.4092940390110016,0.10173055529594421,-0.2569687068462372,0.04355832561850548,-0.3264118432998657,0.033587496727705,-0.20082134008407593,0.0,-0.16297446191310883,0.014584924094378948,-0.434989869594574,0.0,-0.16371436417102814,0.00893247127532959,-0.40540868043899536,0.037644919008016586,-0.34338614344596863,0.051187824457883835,-0.48005789518356323,0.1887645125389099,-0.22036315500736237,0.01038792822510004,-0.051503948867321014,0.0354362316429615,-0.0628003180027008,0.006261371076107025,-0.16905497014522552,0.016918731853365898,-0.09210820496082306,0.0031721703708171844,-0.15497763454914093,0.008042999543249607,-0.14285899698734283,0.01142824161797762,-0.1204935684800148,0.004715715069323778,-0.09587664902210236,0.2343132048845291,-0.0858292207121849,0.036465227603912354,0.5754056572914124,0.012072382494807243,0.06550603359937668,0.005400111898779869,-0.1603546142578125,0.011492122896015644,0.16674655675888062,0.0832841619849205,-0.10227904468774796,0.3971814513206482,0.030380642041563988,1.5742032527923584,6.213527679443359,1.5787760019302368,6.240725040435791,1.1993118524551392,4.417277812957764,0.010083109140396118,-0.26193439960479736,0.001967553747817874,-0.21677249670028687,0.014358071610331535,-0.30452898144721985,0.04273667186498642,-0.32954141497612,0.050639573484659195,-0.32074201107025146,0.0,-0.1612008661031723,0.006568132899701595,-0.4379112422466278,0.6682175993919373,-0.3500615358352661,0.04590440168976784,-0.5146945714950562,0.0,-0.17096687853336334,0.01100622396916151,-0.2758488357067108,0.002758301328867674,-0.16654855012893677,0.002060496946796775,-0.16418969631195068,0.0,-0.17253991961479187,0.0,-0.1627659648656845,0.0,-0.1658024787902832,0.0,-0.16046853363513947,0.0,-0.16645683348178864,0.0,-0.21288686990737915,0.0,-0.16498307883739471,0.0014603909803554416,-0.13587825000286102
9,14682,26,neutrophil,dendritic,-0.169602170586586,-0.17221492528915405,0.002612754702568054,0,False,ambiguous,6,4,4,3.0,4,5,-0.3364712595939636,0,-0.3648533225059509,0,-0.38823825120925903,0,-0.21966096758842468,0,-0.18989528715610504,0,-0.37837839126586914,0,-0.169602170586586,0,-0.17221492528915405,0,0.0065571339800953865,-0.3487416207790375,0.0015530853997915983,-0.40349727869033813,0.005323698278516531,-0.34465155005455017,0.0,-0.4184110164642334,0.08307155221700668,-0.45247891545295715,0.00043222264503128827,-0.3285271227359772,0.0008377117337659001,-0.32294735312461853,0.0008366585825569928,-0.33067587018013,0.002804166404530406,-0.3932124376296997,0.11157067120075226,-0.24056166410446167,0.004340020008385181,-0.3528420031070709,0.009889260865747929,-0.21565355360507965,0.022942153736948967,-0.41960832476615906,0.0,-0.1652255803346634,0.007216610945761204,-0.3100350797176361,0.10842374712228775,-0.42874109745025635,0.02734375186264515,-0.24282895028591156,0.0,-0.39609235525131226,0.0029735162388533354,-0.3947475850582123,0.0004940357175655663,-0.4299467206001282,0.0006597416358999908,-0.456604927778244,0.029051052406430244,-0.6709926128387451,0.0006242056260816753,-0.4207073748111725,0.0,-0.2700125277042389,0.001096971333026886,-0.2290314882993698,0.0031291907653212547,-0.31919065117836,0.0,-0.22824186086654663,0.0,-0.2559545338153839,0.002700875513255596,-0.3715463876724243,0.0008010853780433536,-0.3874359726905823,0.0028797932900488377,-0.4234682321548462,0.0024214349687099457,-0.40481898188591003,0.0,-0.24455967545509338,0.014360032975673676,-0.45983025431632996,0.010967915877699852,-0.48455673456192017,0.0047330125235021114,-0.4214865267276764,0.004622083622962236,-0.4197835326194763,0.0013336072443053126,-0.29050421714782715,0.0,-0.16297446191310883,0.009262030944228172,-0.4583675265312195,0.0,-0.16371436417102814,0.014447299763560295,-0.3856560289859772,0.0007101524388417602,-0.5515402555465698,0.026981081813573837,-0.5144311785697937,0.03701135888695717,-0.4553763270378113,3.8180103729246184e-05,-0.21356283128261566,4.059959246660583e-05,-0.2327268123626709,0.0,-0.21432529389858246,0.0,-0.22822673618793488,0.0008625884656794369,-0.1706109493970871,0.004061375744640827,-0.1611284613609314,0.0023630079813301563,-0.18274590373039246,0.0,-0.1658288836479187,0.008803152479231358,-0.407792866230011,5.7616725825937465e-05,-0.17857806384563446,0.0,-0.19942384958267212,0.000339085963787511,-0.17565807700157166,0.0,-0.17024332284927368,0.0057263984344899654,-0.4117039740085602,0.13666267693042755,-0.47178664803504944,0.001024640747345984,-0.1833786517381668,0.0017918157391250134,-0.17725586891174316,0.21450702846050262,0.2589709162712097,0.002830863231793046,-0.3070671856403351,0.0021248848643153906,-0.21588577330112457,0.040523823350667953,-0.2270032912492752,0.009243391454219818,-0.40322351455688477,0.00926136877387762,-0.4098590314388275,0.0,-0.1612008661031723,0.006581286434084177,-0.4378524124622345,0.18605294823646545,-0.7400450110435486,0.0507199652493,-0.5032681226730347,0.0026679541915655136,-0.15936298668384552,0.04185386002063751,-0.19625413417816162,0.00420853728428483,-0.16082511842250824,0.0005495496443472803,-0.1708800196647644,0.0,-0.17253991961479187,9.404167940374464e-05,-0.16155047714710236,0.0,-0.1658024787902832,8.924670692067593e-05,-0.15956474840641022,7.561722304672003e-05,-0.1660739630460739,0.0003962694900110364,-0.21131621301174164,0.00021453446242958307,-0.1633257418870926,0.0,-0.1607939600944519
10,446,25,mesenchymal_hsc_myofibroblast,endothelial,1.6140289306640625,0.0014455398777499795,1.6125833907863125,12,True,mesenchymal_hsc_myofibroblast,6,4,4,3.0,4,4,-0.299570232629776,0,0.0014455398777499795,1,1.6140289306640625,12,-0.19919976592063904,0,-0.23399072885513306,0,-0.31987661123275757,0,-0.17469683289527893,0,-0.16962993144989014,0,0.011280955746769905,-0.2984777092933655,0.021102923899888992,-0.2776685655117035,0.018540138378739357,-0.23953084647655487,0.005760763771831989,-0.2734534740447998,0.046270597726106644,-0.6176436543464661,0.006584197748452425,-0.2860133945941925,0.012825421057641506,-0.26755261421203613,0.006291888188570738,-0.3056599199771881,0.004691986367106438,-0.38064682483673096,0.04005374759435654,-0.35692980885505676,0.01363408099859953,-0.2942986786365509,0.01091831550002098,-0.21127066016197205,0.04972338303923607,-0.32278943061828613,0.004012733697891235,-0.11101709306240082,0.018723193556070328,-0.2506009638309479,0.11009874194860458,-0.42540454864501953,0.05750884488224983,-0.1858404278755188,0.04779810458421707,-0.27839353680610657,0.059023477137088776,-0.27452772855758667,0.2784508764743805,1.6880799531936646,0.0631944015622139,-0.3191051185131073,0.3467727601528168,0.16898740828037262,0.033862434327602386,-0.29554176330566406,0.029407629743218422,0.2888355851173401,0.0429675430059433,-0.06955313682556152,0.08044522255659103,-0.09598541259765625,0.010662893764674664,0.047484152019023895,0.007662234362214804,-0.23024339973926544,0.7131989598274231,0.9616557955741882,0.7997027635574341,1.1576929092407227,1.3825011253356934,1.6335790157318115,0.5454186201095581,0.6310549378395081,0.041308630257844925,-0.02367974817752838,0.9855053424835205,1.7193756103515625,0.9992097020149231,1.9659836292266846,0.7350941896438599,0.8172813653945923,1.9014403820037842,4.128911972045898,1.793880581855774,4.693725109100342,0.8524401783943176,6.2447614669799805,0.7230462431907654,2.6765120029449463,0.0,-0.16371436417102814,0.07266924530267715,-0.17712078988552094,0.25298476219177246,0.8702093958854675,0.48271727561950684,0.1327093094587326,0.44054245948791504,0.16955380141735077,0.0023898028302937746,-0.17674055695533752,0.009327377192676067,-0.1881430596113205,0.0,-0.21432529389858246,0.0,-0.22822673618793488,0.0,-0.1764497309923172,0.008444872684776783,-0.14101502299308777,0.0047708721831440926,-0.16621072590351105,0.0,-0.1658288836479187,0.059187836945056915,-0.33585798740386963,0.0,-0.1797712743282318,0.0028587114065885544,-0.13668908178806305,0.003126227529719472,-0.16723036766052246,0.0,-0.17024332284927368,0.016569409519433975,-0.36844462156295776,0.11741404980421066,-0.5088896751403809,0.009122997522354126,-0.15044887363910675,0.007870322093367577,-0.15251769125461578,0.08883348107337952,-0.27168163657188416,0.004645252600312233,-0.29577571153640747,0.009794303216040134,-0.17266030609607697,0.023775601759552956,-0.2766260802745819,0.08349981158971786,-0.23986634612083435,0.04259189963340759,-0.3380744457244873,0.0,-0.1612008661031723,0.019374461844563484,-0.3806241750717163,0.5386042594909668,-0.45489513874053955,0.027162184938788414,-0.5591663718223572,0.0033262171782553196,-0.1564999669790268,0.02968655712902546,-0.22764885425567627,0.0033262171782553196,-0.16430723667144775,0.0,-0.17331339418888092,0.0,-0.17253991961479187,0.0,-0.1627659648656845,0.0,-0.1658024787902832,0.0,-0.16046853363513947,0.0,-0.16645683348178864,0.004399944096803665,-0.19544723629951477,0.0,-0.16498307883739471,0.0,-0.1607939600944519
11,16317,26,epithelial,dendritic,0.03731437027454376,-0.17232653498649597,0.20964090526103973,1,False,ambiguous,6,4,4,3.0,4,5,-0.3688325583934784,0,-0.3873230814933777,0,-0.3848881125450134,0,-0.22420364618301392,0,-0.30711185932159424,0,0.03731437027454376,1,-0.18868672847747803,0,-0.17232653498649597,0,0.00028898866730742157,-0.4154379069805145,0.0,-0.41349342465400696,0.002306940034031868,-0.36864617466926575,0.0,-0.4184110164642334,0.06786824017763138,-0.5207121968269348,0.00021164282225072384,-0.3300514817237854,0.0005957188550382853,-0.32406559586524963,0.0004893875448033214,-0.3322683572769165,0.006380144506692886,-0.3694101870059967,0.012286298908293247,-0.40211135149002075,0.0008847602875903249,-0.3746066987514496,0.0011727532837539911,-0.25277841091156006,0.0006276185158640146,-0.5002793073654175,0.0,-0.1652255803346634,0.0004490869177971035,-0.34499087929725647,0.004054672550410032,-0.6366417407989502,0.011776169762015343,-0.2722395658493042,0.0002668709494173527,-0.3954352140426636,0.001284112106077373,-0.3983711302280426,0.0017731880070641637,-0.42019957304000854,0.0026286987122148275,-0.4522756338119507,0.004378886427730322,-0.7362199425697327,0.0006377737736329436,-0.4206562340259552,0.0,-0.2700125277042389,0.0023186078760772943,-0.22437846660614014,0.0012282744282856584,-0.3246784508228302,0.0,-0.22824186086654663,3.127206218778156e-05,-0.25584959983825684,0.0009435758111067116,-0.37484386563301086,0.0009357169037684798,-0.387175589799881,0.002321978798136115,-0.4242999255657196,0.0010487184626981616,-0.4074377417564392,9.90728076430969e-05,-0.2440299242734909,0.04400689899921417,-0.3933040499687195,0.010212701745331287,-0.4864294230937958,0.0033325746189802885,-0.4238618314266205,0.025112522765994072,-0.3706461191177368,0.004943637177348137,-0.2804664373397827,0.0,-0.16297446191310883,0.014461290091276169,-0.4355328381061554,0.0,-0.16371436417102814,0.0028299058321863413,-0.427266389131546,0.00024988732184283435,-0.55413419008255,0.011902903206646442,-0.5358420610427856,0.026833418756723404,-0.4711384177207947,0.0,-0.21416066586971283,6.803184805903584e-05,-0.23259510099887848,2.746293284872081e-05,-0.21412673592567444,9.57189331529662e-05,-0.22745662927627563,5.40770088264253e-05,-0.17608369886875153,0.0005645752535201609,-0.17717333137989044,0.00031609059078618884,-0.19680239260196686,9.815309022087604e-05,-0.16437289118766785,0.0037123116198927164,-0.4150611162185669,0.0,-0.1797712743282318,0.0,-0.19942384958267212,0.000229245240916498,-0.17599020898342133,0.0,-0.17024332284927368,0.0008459807140752673,-0.4311749041080475,0.01162092573940754,-0.7128129601478577,0.00017723759810905904,-0.18682438135147095,0.00020578847033903003,-0.18371064960956573,0.029064306989312172,-0.5240550637245178,0.00024964837939478457,-0.3231308162212372,0.0,-0.22786177694797516,0.00010294059029547498,-0.34676507115364075,0.042839571833610535,-0.32931506633758545,0.06818666309118271,-0.2829505205154419,0.0,-0.1612008661031723,0.002501352922990918,-0.4561033248901367,4.1226959228515625,2.4439826011657715,0.2708982825279236,0.01917419396340847,0.0,-0.17096687853336334,0.001422937959432602,-0.3005761206150055,5.5371358030242845e-05,-0.17721576988697052,0.00022124091628938913,-0.1723337471485138,0.0,-0.17253991961479187,0.00010783904872369021,-0.1613721400499344,0.0,-0.1658024787902832,6.864935858175159e-05,-0.1597733348608017,3.205815301043913e-05,-0.16629450023174286,0.0005048608290962875,-0.21088579297065735,0.0,-0.16498307883739471,6.435722025344148e-05,-0.15969595313072205
12,4074,25,t_nk,dendritic,0.37745946645736694,-0.17311784625053406,0.550577312707901,1,False,ambiguous,6,4,4,3.0,4,4,-0.31295067071914673,0,-0.3696196675300598,0,-0.38761842250823975,0,0.37745946645736694,1,-0.2438400834798813,0,-0.3997580111026764,0,-0.180601567029953,0,-0.17311784625053406,0,0.017571082338690758,-0.2315475046634674,0.007362116128206253,-0.36610859632492065,0.00674976222217083,-0.33330896496772766,0.000512469036038965,-0.40551578998565674,0.09969047456979752,-0.37789225578308105,0.008827349171042442,-0.2705118954181671,0.011596965603530407,-0.2732292413711548,0.012591110542416573,-0.27677372097969055,0.013886242173612118,-0.3194483816623688,0.03402579575777054,-0.36673814058303833,0.007078413851559162,-0.3355928659439087,0.004371680784970522,-0.23915372788906097,0.020121395587921143,-0.4298058748245239,0.0,-0.1652255803346634,0.008499732241034508,-0.3034074604511261,0.08366797119379044,-0.478054016828537,0.00468128826469183,-0.2856433391571045,0.00049756740918383,-0.3948671221733093,0.006818161346018314,-0.3865013122558594,0.0,-0.4337112605571747,0.0050482312217354774,-0.4469556212425232,0.026939338073134422,-0.6765755414962769,0.0029010693542659283,-0.4121333360671997,0.0,-0.2700125277042389,0.0008370029972866178,-0.230021670460701,0.007565552368760109,-0.3063832223415375,0.0,-0.22824186086654663,0.0,-0.2559545338153839,0.002546493196859956,-0.3718360960483551,0.003968982491642237,-0.38130906224250793,0.006500376854091883,-0.41806986927986145,0.005945250857621431,-0.39809662103652954,0.0002764241653494537,-0.24308162927627563,0.00913089420646429,-0.47156423330307007,0.012466244399547577,-0.48084133863449097,0.004454093985259533,-0.42195960879325867,0.004634039476513863,-0.41975486278533936,0.000986112980172038,-0.2914704382419586,0.0,-0.16297446191310883,0.025018680840730667,-0.38916563987731934,0.0,-0.16371436417102814,0.00432159285992384,-0.42192360758781433,0.0038694953545928,-0.5337350368499756,0.011315276846289635,-0.5366764664649963,0.018954789265990257,-0.48333969712257385,0.006385392043739557,-0.11417663842439651,0.09307003766298294,0.21388664841651917,0.0008978550904430449,-0.20783370733261108,0.03134172782301903,0.023931043222546577,0.002378870267421007,-0.16034740209579468,0.007038783747702837,-0.147466778755188,0.015796739608049393,-0.09049442410469055,0.0,-0.1658288836479187,3.127958059310913,4.045465469360352,0.0,-0.1797712743282318,0.0,-0.19942384958267212,0.0005679900641553104,-0.17496591806411743,0.0,-0.17024332284927368,0.007185585331171751,-0.4058823883533478,0.15510495007038116,-0.4362379312515259,0.0008863562252372503,-0.18394094705581665,0.0019794439431279898,-0.17649225890636444,0.0897994339466095,-0.26760292053222656,0.0010922962101176381,-0.3178867697715759,0.0010572043247520924,-0.22190329432487488,0.005673181731253862,-0.3302611708641052,0.006557960994541645,-0.4091312289237976,0.004864371847361326,-0.4193289577960968,0.0,-0.1612008661031723,0.003712813602760434,-0.4506840705871582,0.24524138867855072,-0.6921722888946533,0.011953583918511868,-0.5952535271644592,0.004036637954413891,-0.15341009199619293,0.00888808537274599,-0.2813141345977783,0.003522955346852541,-0.16353081166744232,0.0019119296921417117,-0.16484753787517548,0.0,-0.17253991961479187,0.0,-0.1627659648656845,0.0,-0.1658024787902832,0.0,-0.16046853363513947,0.0,-0.16645683348178864,0.0,-0.21288686990737915,0.0,-0.16498307883739471,0.0,-0.1607939600944519
13,3283,22,epithelial,macrophage_monocyte,1.2916133403778076,-0.09857699275016785,1.3901903331279755,5,True,epithelial,4,4,4,1.0,4,5,-0.09857699275016785,1,-0.3700060248374939,0,-0.2713848650455475,0,-0.21917584538459778,0,-0.27295759320259094,0,1.2916133403778076,5,-0.18851497769355774,0,-0.17018234729766846,0,0.0,-0.41851288080215454,0.0038896433543413877,-0.3884584903717041,0.001153823803178966,-0.377817839384079,0.0005500416154973209,-0.40457040071487427,0.11868533492088318,-0.2926422655582428,0.0006194647867232561,-0.3272331953048706,0.0029060998931527138,-0.3133894205093384,0.000993278925307095,-0.32995763421058655,0.027985921129584312,-0.22559870779514313,0.020183229818940163,-0.389261931180954,0.0007357919821515679,-0.37554505467414856,0.0008268786477856338,-0.25425153970718384,0.9962279200553894,3.098992347717285,0.0005456822691485286,-0.1578538864850998,0.004792944528162479,-0.3225538730621338,0.019521798938512802,-0.6058315634727478,0.011950105428695679,-0.2719109356403351,0.005686814431101084,-0.3820890188217163,0.007296335883438587,-0.38547566533088684,0.0031879800371825695,-0.40941891074180603,0.010944243520498276,-0.43399161100387573,0.02874400094151497,-0.6718043684959412,0.0014392739394679666,-0.41763803362846375,0.0016203074483200908,-0.2392210066318512,0.0035937547218054533,-0.2195216417312622,0.007397381588816643,-0.30686870217323303,0.0005934443324804306,-0.21289630234241486,0.0007581607787869871,-0.2534104883670807,0.02454022690653801,-0.33056631684303284,0.01714889518916607,-0.3558182120323181,0.024643050506711006,-0.39101868867874146,0.013215944170951843,-0.38422635197639465,0.001858305768109858,-0.23462320864200592,0.0295894593000412,-0.42565613985061646,0.018353473395109177,-0.4662427604198456,0.02046070620417595,-0.3948107361793518,0.014022210612893105,-0.39724141359329224,0.023566151037812233,-0.22868600487709045,9.111534018302336e-05,-0.1622895449399948,0.023073717951774597,-0.3977077901363373,0.0,-0.16371436417102814,0.23223230242729187,0.39439088106155396,0.110746368765831,0.0685933455824852,0.13165007531642914,-0.3658023774623871,0.08689557015895844,-0.3781229257583618,0.0004206395533401519,-0.20757420361042023,0.0007184901041910052,-0.22947239875793457,0.0003834819362964481,-0.2115526795387268,0.0014922228874638677,-0.2162211537361145,0.0,-0.1764497309923172,0.00046774998190812767,-0.17761759459972382,0.00036582487518899143,-0.19646085798740387,0.0,-0.1658288836479187,0.020281489938497543,-0.3914050757884979,0.00011620230361586437,-0.177364781498909,0.0,-0.19942384958267212,0.0,-0.17668339610099792,0.0,-0.17024332284927368,0.007875822484493256,-0.40312862396240234,0.1882726550102234,-0.3723049759864807,0.0011000486556440592,-0.183072030544281,0.001488307723775506,-0.17849107086658478,0.012047900818288326,-0.5959063172340393,0.3562615215778351,1.8924318552017212,0.09889669716358185,0.32952794432640076,0.8446761965751648,2.155595064163208,1.1412413120269775,2.087066173553467,1.2206456661224365,2.199122905731201,0.0,-0.1612008661031723,0.7796632051467896,3.020406484603882,0.9686278700828552,-0.10708429664373398,0.35075291991233826,0.20865444839000702,0.0,-0.17096687853336334,0.0014376272447407246,-0.30053821206092834,0.0,-0.1774342954158783,0.0008483323617838323,-0.16955706477165222,0.0,-0.17253991961479187,0.0,-0.1627659648656845,0.0,-0.1658024787902832,0.000422652781708166,-0.15618836879730225,0.00026922690449282527,-0.16509363055229187,0.001561465091072023,-0.20669783651828766,0.00036828857264481485,-0.1621379405260086,0.0,-0.1607939600944519
14,4290,26,epithelial,mesenchymal_hsc_myofibroblast,0.2182193100452423,-0.09236092120409012,0.31058023124933243,2,False,ambiguous,6,4,4,3.0,4,5,-0.3337197005748749,0,-0.37169715762138367,0,-0.09236092120409012,2,-0.22368298470973969,0,-0.3088153302669525,0,0.2182193100452423,2,-0.18721051514148712,0,-0.16901499032974243,0,0.0007600196404382586,-0.41042590141296387,0.0029139581602066755,-0.3947382867336273,0.0005304944352246821,-0.3827756345272064,0.0007184955175034702,-0.40033161640167236,0.09054502099752426,-0.4189375638961792,0.0046260966919362545,-0.299545019865036,0.001066167140379548,-0.3218916654586792,0.004078398458659649,-0.31581029295921326,0.04563864693045616,-0.10809934884309769,0.019414104521274567,-0.39051342010498047,0.0016535802278667688,-0.36976388096809387,0.004066532012075186,-0.24045340716838837,0.013193516992032528,-0.4548513889312744,0.0,-0.1652255803346634,0.0028804922476410866,-0.3324321210384369,0.00918236281722784,-0.6264274716377258,0.0037234427873045206,-0.28745293617248535,0.011108609847724438,-0.3687383234500885,0.004229916259646416,-0.3920527398586273,0.0026167030446231365,-0.41377201676368713,0.015376991592347622,-0.4242449998855591,0.022578362375497818,-0.6881049275398254,0.0028756284154951572,-0.41222915053367615,0.0010148710571229458,-0.2507264018058777,0.0003377153479959816,-0.23192337155342102,0.0019629690796136856,-0.3225574493408203,0.00010373206896474585,-0.2255595177412033,0.020169688388705254,-0.18827380239963531,0.009566650725901127,-0.3586632311344147,0.010116099379956722,-0.3694201111793518,0.03641653060913086,-0.3734641969203949,0.030164459720253944,-0.35189372301101685,0.00014834670582786202,-0.24376645684242249,0.0787452906370163,-0.3153527081012726,0.03509683161973953,-0.4247243106365204,0.02312997169792652,-0.39028340578079224,0.024267982691526413,-0.37267136573791504,0.028067542240023613,-0.21616972982883453,0.0,-0.16297446191310883,0.037920787930488586,-0.33250072598457336,0.0,-0.16371436417102814,0.11323969811201096,-0.031808413565158844,0.33157771825790405,1.3131375312805176,1.332332730293274,1.3391541242599487,0.2567868232727051,-0.11502012610435486,0.0,-0.21416066586971283,0.0,-0.23292170464992523,0.0,-0.21432529389858246,0.00028454040875658393,-0.22593748569488525,0.0003461099695414305,-0.17410695552825928,0.0006866970798000693,-0.1766129732131958,0.0,-0.19897302985191345,0.0,-0.1658288836479187,0.007061174605041742,-0.41027989983558655,0.0,-0.1797712743282318,0.00035689619835466146,-0.19159172475337982,0.00031695651705376804,-0.17572499811649323,0.0,-0.17024332284927368,0.0008043558336794376,-0.4313409924507141,0.029099540784955025,-0.679121732711792,0.00012561939365696162,-0.18703427910804749,0.0006829750491306186,-0.18176861107349396,0.015165779739618301,-0.5827411413192749,0.002227563876658678,-0.31082168221473694,0.0001228138862643391,-0.22716958820819855,0.0020288920495659113,-0.34105873107910156,0.10164991021156311,-0.1999378204345703,0.15070021152496338,-0.10523945838212967,0.0,-0.1612008661031723,0.10218407213687897,-0.010188571177423,3.1470823287963867,1.6548888683319092,0.9643900990486145,1.6647017002105713,0.0001418578322045505,-0.1703498810529709,0.0034638489596545696,-0.29531005024909973,0.00022941138013266027,-0.1765289157629013,0.0011027780128642917,-0.1684303879737854,0.0,-0.17253991961479187,9.702756506158039e-05,-0.1615118682384491,0.0,-0.1658024787902832,0.0,-0.16046853363513947,0.0,-0.16645683348178864,0.004762148018926382,-0.1940116137266159,0.0002121707220794633,-0.16334399580955505,0.0,-0.1607939600944519
15,1647,25,endothelial,mesenchymal_hsc_myofibroblast,1.86072838306427,-0.053317587822675705,1.9140459708869457,8,True,endothelial,6,4,4,3.0,4,4,-0.32016849517822266,0,1.86072838306427,8,-0.053317587822675705,1,-0.2120044082403183,0,-0.21111582219600677,0,-0.402355819940567,0,-0.18753106892108917,0,-0.16895446181297302,0,0.0042985002510249615,-0.3727746307849884,0.00485728494822979,-0.3822304308414459,0.008692559786140919,-0.3178563714027405,0.0027979393489658833,-0.3480067551136017,0.08334232121706009,-0.4512636661529541,0.013869165442883968,-0.2356700301170349,0.01443221140652895,-0.2601276934146881,0.013143016956746578,-0.2742428481578827,0.01278415322303772,-0.32678407430648804,0.03442726656794548,-0.36608487367630005,0.008474857546389103,-0.32679665088653564,0.01930815540254116,-0.175537109375,0.004650717135518789,-0.485735148191452,0.0,-0.1652255803346634,0.006411857437342405,-0.3141918182373047,0.8000741600990295,0.949009358882904,0.12096167355775833,-0.06596402078866959,1.8364086151123047,4.125908851623535,1.1287740468978882,2.019947052001953,0.3336103558540344,2.1083943843841553,1.6996731758117676,3.279148817062378,1.317232370376587,2.734650135040283,0.909268856048584,3.0009865760803223,0.035623811185359955,0.40696483850479126,0.014975183643400669,-0.17617158591747284,0.1916506290435791,0.2250557690858841,0.0,-0.22824186086654663,1.8076633214950562,5.809779644012451,0.018476616591215134,-0.34194427728652954,0.01779121719300747,-0.3545759320259094,0.031880322843790054,-0.3802277743816376,0.041366953402757645,-0.3305227756500244,0.0013368906220421195,-0.237411230802536,0.0827929750084877,-0.30626988410949707,0.1728329360485077,-0.0831804871559143,0.019039761275053024,-0.39722082018852234,0.0064175124280154705,-0.415477991104126,0.016578050330281258,-0.2481166124343872,0.0,-0.16297446191310883,0.04784022271633148,-0.2889353930950165,0.0,-0.16371436417102814,0.007356645539402962,-0.4110528528690338,0.11479539424180984,0.09141252934932709,2.889342784881592,3.5500917434692383,0.0558004155755043,-0.42627856135368347,0.0,-0.21416066586971283,0.0029584483709186316,-0.21871887147426605,0.0011953306384384632,-0.2056829333305359,0.0010707800975069404,-0.21961183845996857,0.004056470934301615,-0.1489918828010559,0.001164229353889823,-0.17442186176776886,0.0017891082679852843,-0.1866869479417801,0.0,-0.1658288836479187,0.03251730650663376,-0.37393584847450256,0.0,-0.1797712743282318,0.01202632486820221,0.06449529528617859,0.0007137933280318975,-0.17452505230903625,0.0,-0.17024332284927368,0.0042956010438501835,-0.41741228103637695,0.08354747295379639,-0.5741697549819946,0.0011711202096194029,-0.18278303742408752,0.0009735187632031739,-0.18058615922927856,0.1330339014530182,-0.08504676818847656,0.0029553270433098078,-0.3062925934791565,0.0,-0.22786177694797516,0.0016719117993488908,-0.34211641550064087,0.005048815626651049,-0.41245120763778687,0.006475177593529224,-0.4158596992492676,0.0,-0.1612008661031723,0.0018861296121031046,-0.45885542035102844,0.22390413284301758,-0.7094302773475647,0.01537543535232544,-0.5871341824531555,0.0,-0.17096687853336334,0.005562699865549803,-0.2898944914340973,0.0,-0.1774342954158783,0.0,-0.17331339418888092,0.0,-0.17253991961479187,0.0,-0.1627659648656845,0.0,-0.1658024787902832,0.0,-0.16046853363513947,0.0,-0.16645683348178864,0.0,-0.21288686990737915,0.002694644033908844,-0.14416617155075073,0.0,-0.1607939600944519
16,2253,24,t_nk,b_plasma,2.512531280517578,-0.09051468968391418,2.6030459702014923,5,True,t_nk,6,3,4,3.0,4,4,-0.2694534361362457,0,-0.34317663311958313,0,-0.38129645586013794,0,2.512531280517578,5,-0.09051468968391418,1,-0.4101526737213135,0,-0.17983324825763702,0,-0.17234940826892853,0,0.018945716321468353,-0.21692068874835968,0.008388486690819263,-0.35950255393981934,0.009141654707491398,-0.3142843544483185,0.006756099406629801,-0.24840795993804932,0.14452451467514038,-0.17667457461357117,0.010175896808505058,-0.26119264960289,0.025562159717082977,-0.2086966186761856,0.0266505628824234,-0.2123015969991684,0.018654225394129753,-0.2877119481563568,0.04601402208209038,-0.34723159670829773,0.013269280083477497,-0.29659655690193176,0.003549246583133936,-0.24265658855438232,0.012592367827892303,-0.4570246636867523,0.0,-0.1652255803346634,0.01934804953634739,-0.24737344682216644,0.11817747354507446,-0.4093119204044342,0.005225157365202904,-0.2846158742904663,0.0024628527462482452,-0.390027791261673,0.005389744881540537,-0.38956505060195923,0.00044130225433036685,-0.43034854531288147,0.007923233322799206,-0.4406341314315796,0.033516593277454376,-0.659186840057373,0.0035729329101741314,-0.4096032977104187,0.0,-0.2700125277042389,0.0023218716960400343,-0.22436603903770447,0.07606487721204758,-0.10863111913204193,0.0009401224670000374,-0.20393173396587372,0.004438340198248625,-0.24106140434741974,0.010696351528167725,-0.3565434217453003,0.006189478095620871,-0.3770144581794739,0.012628392316401005,-0.4089328348636627,0.009214072488248348,-0.391860693693161,0.0021606527734547853,-0.2330065220594406,0.01238244492560625,-0.46426787972450256,0.013393910601735115,-0.47854098677635193,0.010656509548425674,-0.4114396870136261,0.0062985667027533054,-0.4157631993293762,0.007022897247225046,-0.27468499541282654,0.0,-0.16297446191310883,0.03352703899145126,-0.3517976999282837,0.0,-0.16371436417102814,0.003004148369655013,-0.4266423285007477,0.003338772337883711,-0.5367260575294495,0.007569399196654558,-0.5419955849647522,0.017149940133094788,-0.486134797334671,0.408120334148407,6.1762871742248535,1.3280082941055298,6.142548084259033,0.11623531579971313,0.6260672807693481,0.7897089719772339,6.125324249267578,0.021637780591845512,-0.02998574823141098,0.025647679343819618,-0.06208089739084244,0.09156808257102966,0.4298388957977295,0.0005134288221597672,-0.15821275115013123,2.6499412059783936,3.362994432449341,0.0,-0.1797712743282318,0.0006147451349534094,-0.1859331876039505,0.017338890582323074,-0.12425432354211807,0.0,-0.17024332284927368,0.26879391074180603,0.6378318071365356,0.21127116680145264,-0.3279738128185272,0.004307955969125032,-0.1700279414653778,0.004287523217499256,-0.16709889471530914,0.12306002527475357,-0.1271611452102661,0.0005063113057985902,-0.32153353095054626,0.0,-0.22786177694797516,0.0009137564920820296,-0.344362735748291,0.0018669237615540624,-0.4194510877132416,0.002385552506893873,-0.424667626619339,0.0,-0.1612008661031723,0.0032161639537662268,-0.4529057443141937,0.19704043865203857,-0.7311580777168274,0.00648362934589386,-0.6082327961921692,0.002127755433320999,-0.16171251237392426,0.005289988126605749,-0.29059815406799316,0.007765097543597221,-0.14678901433944702,0.0033173186238855124,-0.15862460434436798,0.0,-0.17253991961479187,0.0,-0.1627659648656845,0.0,-0.1658024787902832,0.0,-0.16046853363513947,0.0,-0.16645683348178864,0.0009693785104900599,-0.20904463529586792,0.0,-0.16498307883739471,0.0,-0.1607939600944519
17,5648,26,epithelial,mesenchymal_hsc_myofibroblast,0.02659456618130207,0.0013967874692752957,0.025197778712026775,2,False,ambiguous,6,4,4,3.0,4,5,-0.3195006251335144,0,-0.38575154542922974,0,0.0013967874692752957,1,-0.22467276453971863,0,-0.3128570318222046,0,0.02659456618130207,2,-0.17818810045719147,0,-0.14281746745109558,0,0.0022176727652549744,-0.39491569995880127,0.0018846086459234357,-0.4013634920120239,0.00040117831667885184,-0.38380420207977295,0.01695553958415985,0.00823957473039627,0.0525200329720974,-0.5895957946777344,0.0007664203294552863,-0.3262176513671875,0.0005824043182656169,-0.3241271376609802,0.0015252633020281792,-0.32751816511154175,0.003464190289378166,-0.38881924748420715,0.012228069826960564,-0.4022061228752136,0.0007525574183091521,-0.37543946504592896,0.0005279732868075371,-0.2555246353149414,0.10579156130552292,-0.12009301781654358,0.0,-0.1652255803346634,0.0002732446591835469,-0.34589913487434387,0.00609890790656209,-0.6325696706771851,0.006434657610952854,-0.28233084082603455,0.0007024697260931134,-0.39436256885528564,0.0033111642114818096,-0.3940233588218689,0.0006983993807807565,-0.42838945984840393,0.0021288010757416487,-0.45337483286857605,0.010388356633484364,-0.7203323841094971,0.000870698073413223,-0.41977912187576294,0.0004984777770005167,-0.260539710521698,0.0018657813780009747,-0.22610321640968323,0.003275602823123336,-0.3187679648399353,0.0,-0.22824186086654663,0.0,-0.2559545338153839,0.006644701585173607,-0.36414608359336853,0.0034263147972524166,-0.3823586106300354,0.00960580911487341,-0.4134396016597748,0.011972500011324883,-0.38659846782684326,0.00027179039898328483,-0.243106409907341,0.04496392980217934,-0.39115652441978455,0.015544546768069267,-0.47320806980133057,0.007274839095771313,-0.4171753525733948,0.014559614472091198,-0.3959527015686035,0.008252098225057125,-0.2712671756744385,0.0,-0.16297446191310883,0.03176935389637947,-0.35951727628707886,0.0,-0.16371436417102814,1.6129926443099976,5.339900493621826,0.07829174399375916,-0.11431191116571426,0.13798438012599945,-0.35680773854255676,0.05958336219191551,-0.4204200804233551,0.0,-0.21416066586971283,0.0,-0.23292170464992523,0.000220269343117252,-0.2127327173948288,0.0,-0.22822673618793488,0.0,-0.1764497309923172,0.00016216374933719635,-0.1790197789669037,0.0,-0.19897302985191345,0.0,-0.1658288836479187,0.004636579193174839,-0.4137415289878845,0.0,-0.1797712743282318,0.0,-0.19942384958267212,0.0,-0.17668339610099792,0.0,-0.17024332284927368,0.0004648979811463505,-0.43269529938697815,0.02585514262318611,-0.6853755116462708,0.0,-0.1875450760126114,0.000488940451759845,-0.18255828320980072,0.010742820799350739,-0.6014170050621033,0.011137017048895359,-0.25537562370300293,0.0015807661693543196,-0.21895244717597961,0.09352298825979233,-0.06997368484735489,0.03788721188902855,-0.3402097821235657,0.0423833467066288,-0.33852359652519226,0.0,-0.1612008661031723,0.08484040945768356,-0.0877726823091507,1.8757439851760864,0.6266075372695923,0.7199759483337402,1.0847522020339966,0.0,-0.17096687853336334,0.0034388392232358456,-0.2953746020793915,0.0,-0.1774342954158783,0.0,-0.17331339418888092,0.0010685782181099057,-0.1016591265797615,0.0,-0.1627659648656845,0.0,-0.1658024787902832,0.0,-0.16046853363513947,0.00012461318692658097,-0.16582585871219635,0.03806409612298012,-0.062015872448682785,0.0,-0.16498307883739471,0.0,-0.1607939600944519
18,3548,26,mesenchymal_hsc_myofibroblast,dendritic,0.11762034893035889,-0.17269670963287354,0.2903170585632324,2,False,ambiguous,6,4,4,3.0,4,5,-0.33474984765052795,0,-0.31901201605796814,0,0.11762034893035889,2,-0.21759043633937836,0,-0.2663978934288025,0,-0.28608959913253784,0,-0.180820032954216,0,-0.17269670963287354,0,0.002964719897136092,-0.386966735124588,0.006148608401417732,-0.3739190995693207,0.012766603380441666,-0.28545230627059937,0.0,-0.4184110164642334,0.03726131469011307,-0.6580778360366821,0.0013246675953269005,-0.3223598003387451,0.0034856905695050955,-0.31071117520332336,0.0026945394929498434,-0.32215622067451477,0.013608171604573727,-0.321299284696579,0.04423141852021217,-0.35013213753700256,0.006748523097485304,-0.33767083287239075,0.005100731737911701,-0.2360486090183258,0.029338223859667778,-0.3964853882789612,0.0,-0.1652255803346634,0.04084600508213043,-0.13633161783218384,0.0528719536960125,-0.5393989086151123,0.029720058664679527,-0.2383395880460739,0.005012259352952242,-0.3837500810623169,0.009190081618726254,-0.38141384720802307,0.00765157351270318,-0.3754063844680786,0.012690824456512928,-0.4301512539386749,0.23662570118904114,-0.12221502512693405,0.0032007358968257904,-0.4110048711299896,0.0,-0.2700125277042389,0.0016091068973764777,-0.22708085179328918,0.014602071605622768,-0.2860693633556366,0.0,-0.22824186086654663,0.0005611481028608978,-0.25407156348228455,0.2788408696651459,0.14661186933517456,0.27692556381225586,0.14660711586475372,0.37950876355171204,0.13809427618980408,0.2923431694507599,0.14826375246047974,0.0382305346429348,-0.040138524025678635,0.4422999918460846,0.5004475116729736,0.3889707326889038,0.4527758061885834,0.5348595976829529,0.4776628315448761,0.38729771971702576,0.4978978633880615,0.0031010680831968784,-0.2855897545814514,0.0,-0.16297446191310883,0.13812388479709625,0.10758276283740997,0.0,-0.16371436417102814,0.01753384992480278,-0.3746008574962616,0.016405997797846794,-0.46308279037475586,0.13051798939704895,-0.36740991473197937,1.1324716806411743,1.2411128282546997,0.0,-0.21416066586971283,0.0006580567569471896,-0.22976252436637878,0.0001506926491856575,-0.2132357656955719,0.00015693697787355632,-0.2269641011953354,0.0,-0.1764497309923172,0.0006192186265252531,-0.17692260444164276,0.0005937419482506812,-0.19489571452140808,0.0,-0.1658288836479187,0.042212408035993576,-0.3600940406322479,0.0,-0.1797712743282318,0.0004162002296652645,-0.19029028713703156,0.0,-0.17668339610099792,0.0,-0.17024332284927368,0.0030760501977056265,-0.4222778379917145,0.1642257571220398,-0.41865697503089905,0.0006806627498008311,-0.18477734923362732,0.0018761544488370419,-0.17691263556480408,0.03997904807329178,-0.47796791791915894,0.002962227212265134,-0.3062496483325958,0.0024582925252616405,-0.21400664746761322,0.015335147269070148,-0.3016340136528015,0.047118935734033585,-0.31990087032318115,0.043062955141067505,-0.3370599150657654,0.0,-0.1612008661031723,0.009960993193089962,-0.4227338135242462,0.9473046660423279,-0.12433089315891266,0.09942933171987534,-0.38768982887268066,0.0008917455561459064,-0.1670883595943451,0.015342336148023605,-0.2646605372428894,0.0018966267816722393,-0.16994917392730713,0.0010070879943668842,-0.16885410249233246,0.0,-0.17253991961479187,0.00028933744761161506,-0.15902625024318695,0.00016724570014048368,-0.1636219471693039,0.0,-0.16046853363513947,0.0,-0.16645683348178864,0.0,-0.21288686990737915,0.00027257096371613443,-0.1628773957490921,0.0,-0.1607939600944519
19,5895,26,epithelial,dendritic,0.5307963490486145,-0.17046068608760834,0.7012570351362228,2,True,epithelial,6,4,4,3.0,4,5,-0.2351059466600418,1,-0.382892906665802,0,-0.2737903892993927,1,-0.22228558361530304,0,-0.301557332277298,0,0.5307963490486145,2,-0.18667085468769073,0,-0.17046068608760834,0,0.0008349725976586342,-0.40962836146354675,0.0015143906930461526,-0.4037463366985321,0.0005026161088608205,-0.38299739360809326,0.0,-0.4184110164642334,0.086899533867836,-0.43529871106147766,0.0005036460352130234,-0.32803356647491455,0.0005082112038508058,-0.32446998357772827,0.0,-0.33451250195503235,0.0389128215610981,-0.15286751091480255,0.014958091080188751,-0.3977639973163605,0.0010901025962084532,-0.3733132481575012,0.0009003308368846774,-0.2539387047290802,0.46900424361228943,1.1929851770401,9.711475286167115e-05,-0.16391363739967346,0.0012839101254940033,-0.3406788408756256,0.008687512949109077,-0.6274131536483765,0.012254595756530762,-0.2713356912136078,0.000501725182402879,-0.39485689997673035,0.006802080199122429,-0.38653579354286194,0.0009078458533622324,-0.42679348587989807,0.003189766313880682,-0.45104196667671204,0.017305631190538406,-0.7020447254180908,0.001624687691219151,-0.4169398248195648,9.02078827493824e-05,-0.26829826831817627,0.001518354518339038,-0.22742651402950287,0.0019631776958703995,-0.32255685329437256,0.0,-0.22824186086654663,0.0005458484520204365,-0.25412291288375854,0.00617779977619648,-0.3650221824645996,0.0044249072670936584,-0.3804272413253784,0.011650499887764454,-0.4103909134864807,0.0065339552238583565,-0.39697355031967163,0.0007470512064173818,-0.24056515097618103,0.022364541888237,-0.44186851382255554,0.018243055790662766,-0.4665165841579437,0.006471267435699701,-0.41853827238082886,0.011907704174518585,-0.40231215953826904,0.011436586268246174,-0.2624126076698303,0.0,-0.16297446191310883,0.013484286144375801,-0.4398237466812134,0.0,-0.16371436417102814,0.2856270968914032,0.5856366157531738,0.06847655028104782,-0.1696276217699051,0.21514740586280823,-0.24723704159259796,0.15563532710075378,-0.27166882157325745,0.0003603885998018086,-0.2085176259279251,0.0,-0.23292170464992523,0.0,-0.21432529389858246,0.0,-0.22822673618793488,0.0,-0.1764497309923172,0.0013029708061367273,-0.1737852394580841,0.0005978696863166988,-0.19486737251281738,0.0,-0.1658288836479187,0.010305625386536121,-0.40564778447151184,0.00025838142028078437,-0.1744203269481659,0.0,-0.19942384958267212,0.0009248726419173181,-0.17388677597045898,0.0,-0.17024332284927368,0.001919069793075323,-0.4268937408924103,0.05086842179298401,-0.6371607780456543,0.00034149334533140063,-0.1861564815044403,0.000458603142760694,-0.18268175423145294,0.019805725663900375,-0.563149094581604,0.07821083813905716,0.1620437651872635,0.008430032059550285,-0.1803494393825531,0.15138807892799377,0.10147301107645035,0.3719334900379181,0.3946608006954193,0.40175268054008484,0.43545711040496826,0.0,-0.1612008661031723,0.7768480181694031,3.0078132152557373,1.5552551746368408,0.3673904240131378,0.5367028713226318,0.6498792171478271,0.00026722278562374413,-0.1698046326637268,0.002855575643479824,-0.2968795597553253,0.0,-0.1774342954158783,0.0018583370838314295,-0.1650848388671875,0.0,-0.17253991961479187,0.0001862679491750896,-0.16035842895507812,9.26715656532906e-05,-0.16459424793720245,0.0,-0.16046853363513947,0.0,-0.16645683348178864,0.003351961961016059,-0.19960102438926697,0.0,-0.16498307883739471,0.0,-0.1607939600944519
20,527,15,neutrophil,macrophage_monocyte,3.4604744911193848,0.6204248070716858,2.840049684047699,4,True,neutrophil,5,3,2,,1,4,0.6204248070716858,6,0.2856331765651703,2,-0.3726966381072998,0,-0.1892821490764618,0,-0.11648101359605789,1,-0.3242042064666748,0,3.4604744911193848,4,-0.17311784625053406,0,0.21979516744613647,1.920221209526062,0.4138065576553345,2.249891996383667,0.1741032898426056,0.9977846145629883,0.09259320795536041,1.9115029573440552,0.7156638503074646,2.3866305351257324,0.008349305018782616,-0.27381548285484314,0.032892342656850815,-0.17482411861419678,0.04239025339484215,-0.14012442529201508,0.04148343950510025,-0.13575707376003265,0.38517293334007263,0.2046278566122055,0.22527681291103363,1.0388396978378296,0.12017786502838135,0.254081666469574,0.009205062873661518,-0.46927037835121155,0.0,-0.1652255803346634,0.009509795345366001,-0.29819026589393616,0.5340737104415894,0.41914308071136475,0.0,-0.294487327337265,0.009111601859331131,-0.3736557960510254,0.0044563282281160355,-0.3915671408176422,0.0,-0.4337112605571747,0.02157929725944996,-0.4106074869632721,0.03426928073167801,-0.6571969389915466,0.02588382363319397,-0.3255869150161743,0.0,-0.2700125277042389,0.009185307659208775,-0.19822430610656738,0.3762388527393341,0.7579473257064819,0.2447376251220703,6.1002960205078125,0.013961630873382092,-0.20910535752773285,0.011604439467191696,-0.3548394441604614,0.010244200937449932,-0.3691723644733429,0.015793077647686005,-0.40421420335769653,0.017374472692608833,-0.3762931525707245,0.0,-0.24455967545509338,0.01828806847333908,-0.4510159194469452,0.03176979720592499,-0.43297436833381653,0.0285633597522974,-0.38106778264045715,0.003274692688137293,-0.42301467061042786,0.004459582269191742,-0.2818123698234558,0.0,-0.16297446191310883,0.015387835912406445,-0.4314635396003723,0.0,-0.16371436417102814,0.0,-0.4374023675918579,0.00982919242233038,-0.500147819519043,0.05143139883875847,-0.47971203923225403,0.04599445313215256,-0.4414646029472351,0.0,-0.21416066586971283,0.020298520103096962,-0.1354730725288391,0.0,-0.21432529389858246,0.00834719929844141,-0.16106989979743958,0.0,-0.1764497309923172,0.01769784279167652,-0.09855828434228897,0.0036179753951728344,-0.17412784695625305,0.0,-0.1658288836479187,0.039794858545064926,-0.36354559659957886,0.0,-0.1797712743282318,0.0,-0.19942384958267212,0.0,-0.17668339610099792,0.0,-0.17024332284927368,0.2689111828804016,0.6382996439933777,0.23141437768936157,-0.28914642333984375,0.0,-0.1875450760126114,0.008411032147705555,-0.15031710267066956,0.07419353723526001,-0.3334983289241791,0.017239321023225784,-0.21739926934242249,0.0,-0.22786177694797516,0.007214029785245657,-0.32569584250450134,0.014766855165362358,-0.39107242226600647,0.010969683527946472,-0.406179815530777,0.0,-0.1612008661031723,0.13322578370571136,0.1286715865135193,0.1955699473619461,-0.7323474884033203,0.016379354521632195,-0.5847520232200623,1.4749996662139893,6.244330883026123,2.4413633346557617,5.995085716247559,1.626671552658081,6.2422943115234375,1.4489984512329102,6.242720603942871,0.0,-0.17253991961479187,0.0,-0.1627659648656845,0.0,-0.1658024787902832,0.0,-0.16046853363513947,0.0,-0.16645683348178864,0.0,-0.21288686990737915,0.0,-0.16498307883739471,0.0,-0.1607939600944519
21,6041,26,epithelial,dendritic,0.8347402215003967,-0.1723683625459671,1.0071085840463638,4,True,epithelial,6,4,4,3.0,4,5,-0.17996624112129211,1,-0.37765228748321533,0,-0.1788180023431778,1,-0.22104832530021667,0,-0.2995375394821167,0,0.8347402215003967,4,-0.18589963018894196,0,-0.1723683625459671,0,0.0020991144701838493,-0.3961772322654724,0.0017516529187560081,-0.4022192358970642,0.0007641558768227696,-0.38091713190078735,0.0001651368074817583,-0.41425570845603943,0.06464903801679611,-0.5351601839065552,0.0,-0.33151403069496155,0.0010925690876320004,-0.32176968455314636,0.002701476216316223,-0.3221244215965271,0.002374272095039487,-0.3960738778114319,0.015791699290275574,-0.3964075744152069,0.0009207059047184885,-0.37438029050827026,0.0020210901275277138,-0.24916525185108185,0.7779043912887573,2.3097140789031982,0.0,-0.1652255803346634,0.004548153840005398,-0.32381826639175415,0.018269212916493416,-0.6083266735076904,0.00990766379982233,-0.27576956152915955,0.0023283723276108503,-0.39035892486572266,0.007551882416009903,-0.38492757081985474,0.002812668913975358,-0.41227877140045166,0.005777725484222174,-0.44535163044929504,0.019905319437384605,-0.6951717734336853,0.0028653498739004135,-0.4122678339481354,0.0,-0.2700125277042389,0.0021358884405344725,-0.2250744253396988,0.0046631088480353355,-0.3147623538970947,0.00028672325424849987,-0.2208276242017746,0.0004782334144692868,-0.25434979796409607,0.02518743835389614,-0.32935187220573425,0.013826076872646809,-0.36224478483200073,0.0187460295855999,-0.399811327457428,0.012060454115271568,-0.38643068075180054,0.0006576832965947688,-0.24104300141334534,0.028183409944176674,-0.428811252117157,0.020456282421946526,-0.46102845668792725,0.015616167336702347,-0.40302759408950806,0.009911946021020412,-0.40709811449050903,0.03114820271730423,-0.20760387182235718,0.00025118826306425035,-0.1610862910747528,0.0344003364443779,-0.34796223044395447,0.0,-0.16371436417102814,0.7450668215751648,2.2312252521514893,0.08146771043539047,-0.09641304612159729,0.0775536298751831,-0.442618727684021,0.051534004509449005,-0.4328857660293579,0.0,-0.21416066586971283,0.00123277073726058,-0.22700345516204834,0.00028378728893585503,-0.2122734785079956,0.0005341471405699849,-0.2239292860031128,0.0005780297215096653,-0.17253711819648743,0.0005803375388495624,-0.1771010011434555,0.00012944710033480078,-0.19808410108089447,0.0,-0.1658288836479187,0.015300191938877106,-0.3985169529914856,0.0,-0.1797712743282318,0.0,-0.19942384958267212,0.000226737029151991,-0.175997793674469,0.0,-0.17024332284927368,0.0034261008258908987,-0.4208812713623047,0.07761838287115097,-0.5855984687805176,0.0005751950084231794,-0.18520618975162506,0.0004885800299234688,-0.1825597584247589,0.011988797225058079,-0.5961558222770691,0.5143853425979614,2.876481294631958,0.21235889196395874,0.9690099954605103,1.2888249158859253,3.4715497493743896,0.14357319474220276,-0.10771051049232483,0.16017121076583862,-0.08484158664941788,0.0,-0.1612008661031723,0.3670612573623657,1.1746972799301147,0.36520034074783325,-0.5951473116874695,0.25009995698928833,-0.030176376923918724,0.0,-0.17096687853336334,0.004017741419374943,-0.2938808798789978,0.0,-0.1774342954158783,0.00044774622074328363,-0.17133080959320068,0.00020237287390045822,-0.15911614894866943,0.0,-0.1627659648656845,0.0,-0.1658024787902832,0.0,-0.16046853363513947,0.0,-0.16645683348178864,0.0009454765822738409,-0.2091393917798996,0.0,-0.16498307883739471,0.0,-0.1607939600944519
22,4144,26,mesenchymal_hsc_myofibroblast,dendritic,0.8515060544013977,-0.17116482555866241,1.0226708799600601,11,True,mesenchymal_hsc_myofibroblast,6,4,4,3.0,4,5,-0.31710103154182434,0,-0.24719664454460144,0,0.8515060544013977,11,-0.21112029254436493,0,-0.24843505024909973,0,-0.2884276211261749,0,-0.1836588829755783,0,-0.17116482555866241,0,0.005082025192677975,-0.3644375205039978,0.016952164471149445,-0.30438411235809326,0.002322955522686243,-0.36851879954338074,0.0031820947770029306,-0.33834028244018555,0.049815598875284195,-0.6017335057258606,0.005853075068444014,-0.29106587171554565,0.010035370476543903,-0.2804453372955322,0.014250592328608036,-0.2691638767719269,0.020659537985920906,-0.27436426281929016,0.034552790224552155,-0.36588066816329956,0.00981531199067831,-0.3183531165122986,0.008767631836235523,-0.22043074667453766,0.02906077541410923,-0.39748841524124146,0.0,-0.1652255803346634,0.029161762446165085,-0.1966833919286728,0.03498294949531555,-0.5750333666801453,0.013527068309485912,-0.26893171668052673,0.02273886278271675,-0.3400998115539551,0.018496911972761154,-0.3614518940448761,0.03667588159441948,-0.1542416363954544,0.06513317674398422,-0.3148421347141266,0.3814474642276764,0.26065900921821594,0.009873863309621811,-0.38587579131126404,0.0017344733932986856,-0.23705144226551056,0.002733072731643915,-0.22279983758926392,0.049845580011606216,-0.18432416021823883,0.00031718489481136203,-0.22003993391990662,0.013836979866027832,-0.20952363312244415,0.45302221179008484,0.47345155477523804,0.5426183938980103,0.6604746580123901,1.030422568321228,1.1086218357086182,0.9416378140449524,1.3869210481643677,0.01883721351623535,-0.1438358724117279,0.846142590045929,1.4066518545150757,0.6856443285942078,1.188436508178711,1.1918220520019531,1.591938853263855,0.50347900390625,0.7765082716941833,0.049911729991436005,-0.1554313451051712,0.0,-0.16297446191310883,0.4679891765117645,1.5563230514526367,0.0,-0.16371436417102814,0.13427945971488953,0.043550316244363785,0.40849176049232483,1.7466037273406982,0.9300187230110168,0.7678726315498352,1.8770484924316406,2.39420485496521,0.000653774244710803,-0.20392370223999023,0.0026894037146121264,-0.22001048922538757,0.0008933631470426917,-0.20786617696285248,0.0016014178982004523,-0.21534262597560883,0.0,-0.1764497309923172,0.0012612835271283984,-0.17397652566432953,0.0022883466444909573,-0.18325860798358917,0.0,-0.1658288836479187,0.0468829870223999,-0.3534258008003235,0.0002209101221524179,-0.1751963347196579,0.001443451619707048,-0.1677471250295639,0.0019412823021411896,-0.17081338167190552,0.0,-0.17024332284927368,0.006057494319975376,-0.41038304567337036,0.1946491301059723,-0.3600139021873474,0.0016176552744582295,-0.180967316031456,0.012246333062648773,-0.13470827043056488,0.04285063222050667,-0.46584275364875793,0.005097464192658663,-0.2929614782333374,0.002051524119451642,-0.21629922091960907,0.02191677689552307,-0.2821335196495056,0.11596406251192093,-0.16844801604747772,0.06029793620109558,-0.2999405860900879,0.0,-0.1612008661031723,0.014992658980190754,-0.4002254605293274,0.6803221106529236,-0.3402711749076843,0.07975723594427109,-0.4343680739402771,0.001991064753383398,-0.1623070240020752,0.009479271247982979,-0.2797887623310089,0.0011826327536255121,-0.17276698350906372,0.0003414997481741011,-0.17180125415325165,0.0,-0.17253991961479187,0.0,-0.1627659648656845,0.00016568817954976112,-0.1636422574520111,0.0,-0.16046853363513947,0.0006887214258313179,-0.16296958923339844,0.0015838920371606946,-0.20660895109176636,0.0,-0.16498307883739471,0.0,-0.1607939600944519
23,979,23,t_nk,b_plasma,3.1414151191711426,0.27672672271728516,2.8646883964538574,9,True,t_nk,5,4,4,3.0,4,3,-0.026046494022011757,2,-0.2965241074562073,0,-0.35846734046936035,0,3.1414151191711426,9,0.27672672271728516,2,-0.397593230009079,0,-0.166541188955307,0,-0.17014595866203308,0,0.006907336413860321,-0.3450152575969696,0.13732478022575378,0.4703708589076996,0.12724940478801727,0.6251189708709717,0.007978933863341808,-0.21763788163661957,0.1899736225605011,0.02730357088148594,0.004509311635047197,-0.3003520667552948,0.02004351280629635,-0.23419806361198425,0.03207002952694893,-0.18744966387748718,0.027794403955340385,-0.2268734723329544,0.04927488788962364,-0.341925710439682,0.28525716066360474,1.4166561365127563,0.01853366382420063,-0.17883579432964325,0.015229335054755211,-0.44749152660369873,0.0,-0.1652255803346634,0.012035967782139778,-0.2851420044898987,0.1857626885175705,-0.2746838331222534,0.017734041437506676,-0.26098382472991943,0.017250949516892433,-0.35361331701278687,0.013328056782484055,-0.37253841757774353,0.003265019739046693,-0.4088318645954132,0.012467451393604279,-0.43064242601394653,0.06338249146938324,-0.5802285671234131,0.010434307157993317,-0.3837653398513794,0.0,-0.2700125277042389,0.011031689122319221,-0.19119173288345337,0.1521192491054535,0.11093181371688843,0.0,-0.22824186086654663,0.013393633998930454,-0.21101132035255432,0.007213170174509287,-0.36307936906814575,0.0043882024474442005,-0.3804982602596283,0.014874694868922234,-0.40558356046676636,0.009757859632372856,-0.3908233344554901,0.0,-0.24455967545509338,0.0074707698076963425,-0.4752894639968872,0.02361280843615532,-0.45320120453834534,0.02338307723402977,-0.3898541033267975,0.0462489053606987,-0.3199596703052521,0.012453833594918251,-0.25958412885665894,0.0,-0.16297446191310883,0.03966296464204788,-0.3248492181301117,0.0015501505695283413,-0.022331932559609413,0.0013570209266617894,-0.4325418770313263,0.007536199875175953,-0.5130705237388611,0.03735204413533211,-0.4997045397758484,0.03658294677734375,-0.45603975653648376,0.057147085666656494,0.6806623339653015,0.20825500786304474,0.7668638825416565,0.10277462750673294,0.5287452936172485,0.12626031041145325,0.7875921726226807,0.9482390284538269,6.242085933685303,1.3997739553451538,6.243021011352539,0.9335228204727173,6.211669921875,0.43213990330696106,6.244471549987793,0.6920046806335449,0.5676229000091553,0.0,-0.1797712743282318,0.010703396052122116,0.03546346351504326,0.007736806757748127,-0.15328896045684814,0.0,-0.17024332284927368,0.2822575271129608,0.6915463209152222,0.3507171869277954,-0.05918232351541519,0.01739460788667202,-0.11681459844112396,0.01732478104531765,-0.11404009908437729,0.7587149143218994,2.5568714141845703,0.0,-0.3246844410896301,0.0,-0.22786177694797516,0.0028085270896553993,-0.3387487828731537,0.00952286645770073,-0.4026086926460266,0.006078158970922232,-0.41671478748321533,0.0,-0.1612008661031723,0.005933105479925871,-0.44075194001197815,0.25656211376190186,-0.6830158829689026,0.017222248017787933,-0.582751989364624,0.008077080361545086,-0.13583678007125854,0.023393386974930763,-0.2438868135213852,0.010569953359663486,-0.13571953773498535,0.005437469109892845,-0.1492367684841156,0.0,-0.17253991961479187,0.0,-0.1627659648656845,0.0,-0.1658024787902832,0.0,-0.16046853363513947,0.0013415929861366749,-0.1596638709306717,0.002035139361396432,-0.20482037961483002,0.0,-0.16498307883739471,0.0,-0.1607939600944519
24,5213,26,macrophage_monocyte,b_plasma,0.9840395450592041,0.14779943227767944,0.8362401127815247,12,True,macrophage_monocyte,6,4,4,3.0,4,5,0.9840395450592041,12,-0.23838846385478973,0,-0.3708461821079254,0,-0.19803857803344727,0,0.14779943227767944,2,-0.36531394720077515,0,-0.02873937413096428,1,-0.16648702323436737,0,0.1394522339105606,1.0653308629989624,0.22798599302768707,1.0538941621780396,0.26396822929382324,1.7125507593154907,0.01508637610822916,-0.038794003427028656,0.5933964848518372,1.8378880023956299,0.13726957142353058,0.6170986294746399,0.2735520899295807,0.9372555613517761,0.24275104701519012,0.7786658406257629,0.2032921016216278,0.9412671327590942,1.8730360269546509,2.625591278076172,0.20499080419540405,0.9110580682754517,0.22672168910503387,0.7078673243522644,0.13522934913635254,-0.01367019210010767,0.0,-0.1652255803346634,0.41375255584716797,1.7898153066635132,0.47178196907043457,0.295059472322464,0.01885921321809292,-0.2588581144809723,0.008753539994359016,-0.37453749775886536,0.010928277857601643,-0.37768566608428955,0.0037167032714933157,-0.40539005398750305,0.023654617369174957,-0.4060443341732025,0.22776857018470764,-0.14563114941120148,0.030607277527451515,-0.307799756526947,0.0003965678915847093,-0.2624763548374176,0.00899401307106018,-0.19895291328430176,0.03184882923960686,-0.23627932369709015,0.001817895332351327,-0.18123389780521393,0.004986937157809734,-0.23922055959701538,0.01688678376376629,-0.34492748975753784,0.010443846695125103,-0.3687862157821655,0.026917394250631332,-0.38762760162353516,0.013503795489668846,-0.383677214384079,0.0007565412088297307,-0.24051441252231598,0.024324554949998856,-0.43747034668922424,0.026379773393273354,-0.4463399648666382,0.022434411570429802,-0.39146313071250916,0.008060242980718613,-0.41153860092163086,0.01074977871030569,-0.26432228088378906,0.0,-0.16297446191310883,0.01320558600127697,-0.4410477578639984,0.0,-0.16371436417102814,0.01159469224512577,-0.3958733081817627,0.010260925628244877,-0.49771472811698914,0.03602321073412895,-0.5015915036201477,0.030925139784812927,-0.46480172872543335,0.0005737902247346938,-0.20517611503601074,0.0050969356670975685,-0.20845246315002441,0.00021675965399481356,-0.21275809407234192,0.0015351861948147416,-0.21587549149990082,0.002114782342687249,-0.16213499009609222,0.004098768346011639,-0.16095687448978424,0.001286485348828137,-0.1901385337114334,0.0006179964984767139,-0.15666159987449646,0.10518090426921844,-0.27019309997558594,0.0,-0.1797712743282318,0.0007196634542196989,-0.18363074958324432,0.0014552954817190766,-0.17228290438652039,0.0,-0.17024332284927368,0.14736385643482208,0.15337370336055756,1.1985033750534058,1.5749820470809937,0.0007182931294664741,-0.1846243292093277,0.004522961098700762,-0.16614070534706116,0.3091345429420471,0.6585325598716736,0.0027339658699929714,-0.3076702058315277,0.0005532288341782987,-0.22474373877048492,0.005870589520782232,-0.3296762704849243,0.016579927876591682,-0.38708382844924927,0.013668350875377655,-0.4003676474094391,0.0,-0.1612008661031723,0.008081682026386261,-0.43114063143730164,0.43493878841400146,-0.5387416481971741,0.0490625761449337,-0.5072007775306702,0.009108372032642365,-0.1313513219356537,0.36119315028190613,0.6277217864990234,0.023866817355155945,-0.08324289321899414,0.012139851227402687,-0.11955922096967697,0.0,-0.17253991961479187,0.0004924069507978857,-0.15640155971050262,0.0,-0.1658024787902832,0.0,-0.16046853363513947,0.0009313272894360125,-0.1617411971092224,0.005146485287696123,-0.19248825311660767,0.0010407236404716969,-0.1569431871175766,0.0,-0.1607939600944519
25,8008,26,epithelial,dendritic,0.2102668136358261,-0.17097815871238708,0.3812449723482132,2,False,ambiguous,6,4,4,3.0,4,5,-0.385088175535202,0,-0.38883331418037415,0,-0.3195315897464752,1,-0.2252160906791687,0,-0.3178755044937134,0,0.2102668136358261,2,-0.18727007508277893,0,-0.17097815871238708,0,0.00031359540298581123,-0.4151760935783386,0.002292721765115857,-0.39873677492141724,0.00035973379272036254,-0.38413384556770325,3.851389919873327e-05,-0.4174419045448303,0.018770478665828705,-0.7410656809806824,0.0002867756993509829,-0.329532265663147,0.0005773077718913555,-0.3241506814956665,0.00011252147669438273,-0.3339965343475342,0.001257953466847539,-0.40350431203842163,0.005983647890388966,-0.412366658449173,0.0007286093896254897,-0.3755902945995331,0.000638941244687885,-0.25505203008651733,0.008162401616573334,-0.47303977608680725,0.0,-0.1652255803346634,0.0,-0.34731051325798035,0.0017514295177534223,-0.6412297487258911,0.012008924037218094,-0.27179983258247375,0.0,-0.39609235525131226,0.0018204005900770426,-0.3972208499908447,0.0,-0.4337112605571747,0.0014160326682031155,-0.4549420475959778,0.006075653247535229,-0.7317340970039368,0.0002769296697806567,-0.42201507091522217,0.0,-0.2700125277042389,0.001134161138907075,-0.2288898527622223,0.0017589704366400838,-0.32314637303352356,0.0,-0.22824186086654663,4.703418380813673e-05,-0.2557967007160187,0.0009988374076783657,-0.3747401535511017,0.0010203025303781033,-0.3870120048522949,0.001471683382987976,-0.42556774616241455,0.0021785018034279346,-0.4052824378013611,0.00014038269000593573,-0.2438090443611145,0.034985318779945374,-0.413548082113266,0.013329663313925266,-0.47870028018951416,0.002689510816708207,-0.42495253682136536,0.005467693787068129,-0.41775569319725037,0.003020540112629533,-0.28581365942955017,0.0,-0.16297446191310883,0.015196007676422596,-0.4323059916496277,0.0,-0.16371436417102814,0.313561350107193,0.6856895089149475,0.0017090042820200324,-0.5459109544754028,0.034070227295160294,-0.5043646693229675,0.039659976959228516,-0.4512745141983032,0.0,-0.21416066586971283,0.0,-0.23292170464992523,0.0,-0.21432529389858246,0.0,-0.22822673618793488,0.00022128308773972094,-0.17495189607143402,0.00043039460433647037,-0.17778901755809784,0.0,-0.19897302985191345,0.0,-0.1658288836479187,0.00041575360228307545,-0.41976767778396606,0.0,-0.1797712743282318,0.0,-0.19942384958267212,0.0004894782905466855,-0.1752033233642578,0.0,-0.17024332284927368,4.771073508891277e-05,-0.43435969948768616,0.007039356045424938,-0.7216442227363586,0.0,-0.1875450760126114,0.0,-0.18454816937446594,0.009150461293756962,-0.6081406474113464,0.0026683753821998835,-0.3080783784389496,0.0003880199510604143,-0.22567488253116608,0.004469011444598436,-0.33382895588874817,0.0191144198179245,-0.3815082013607025,0.025835728272795677,-0.3741625249385834,0.0,-0.1612008661031723,0.023247407749295235,-0.363299161195755,1.9653979539871216,0.6991212964057922,1.6708638668060303,3.3410329818725586,0.0,-0.17096687853336334,0.006025074981153011,-0.28870144486427307,0.0,-0.1774342954158783,0.00014315685257315636,-0.17267951369285583,0.0,-0.17253991961479187,0.0,-0.1627659648656845,0.0,-0.1658024787902832,0.0,-0.16046853363513947,0.0,-0.16645683348178864,0.0026991800405085087,-0.2021883875131607,0.0,-0.16498307883739471,0.0,-0.1607939600944519
26,14708,26,epithelial,dendritic,-0.15863734483718872,-0.17287223041057587,0.014234885573387146,1,False,ambiguous,6,4,4,3.0,4,5,-0.3879331946372986,0,-0.3875272572040558,0,-0.3820651173591614,0,-0.22470638155937195,0,-0.3168046772480011,0,-0.15863734483718872,1,-0.18889641761779785,0,-0.17287223041057587,0,0.0,-0.41851288080215454,0.00011857665958814323,-0.41273024678230286,0.0005666366778314114,-0.3824881911277771,0.0,-0.4184110164642334,0.01927652209997177,-0.7387945055961609,0.0,-0.33151403069496155,0.00041721321758814156,-0.32489049434661865,0.0003652215818874538,-0.3328377306461334,0.001464148866944015,-0.4021318256855011,0.004734376445412636,-0.4143994152545929,0.0,-0.38017982244491577,0.0004566685820464045,-0.2558283507823944,0.0019917646422982216,-0.4953477084636688,4.539427027339116e-05,-0.16461233794689178,0.00019186580902896821,-0.3463194668292999,0.0034810281358659267,-0.6377843618392944,0.011110731400549412,-0.27349668741226196,0.00025245273718610406,-0.39547067880630493,0.002354532713070512,-0.39607518911361694,0.00041600552503950894,-0.4305413067340851,0.0019351107766851783,-0.4538007080554962,0.010445882566273212,-0.7201802134513855,0.0006131074042059481,-0.42074912786483765,0.0,-0.2700125277042389,0.0005279233446344733,-0.23119890689849854,0.0013429258251562715,-0.32434746623039246,0.0,-0.22824186086654663,0.0,-0.2559545338153839,0.002242807997390628,-0.3724059462547302,0.0006999499164521694,-0.3876315653324127,0.0021033009979873896,-0.4246259927749634,0.0009965002536773682,-0.4075373411178589,0.0,-0.24455967545509338,0.038547612726688385,-0.40555447340011597,0.01725851558148861,-0.46895796060562134,0.0030651006381958723,-0.424315482378006,0.01540684700012207,-0.3939209580421448,0.002307191025465727,-0.28779715299606323,0.0,-0.16297446191310883,0.017876531928777695,-0.4205333888530731,0.0,-0.16371436417102814,0.0032281444873660803,-0.42584002017974854,0.0002991259971167892,-0.5538566708564758,0.03034042753279209,-0.5096609592437744,0.046151816844940186,-0.4412209093570709,0.0,-0.21416066586971283,0.0,-0.23292170464992523,0.0,-0.21432529389858246,0.0,-0.22822673618793488,0.0,-0.1764497309923172,6.65172774461098e-05,-0.1794586330652237,0.0,-0.19897302985191345,0.0,-0.1658288836479187,0.005847427528351545,-0.4120127856731415,0.0,-0.1797712743282318,0.0,-0.19942384958267212,0.00017147015023510903,-0.176164910197258,0.0,-0.17024332284927368,0.0006944361375644803,-0.43177953362464905,0.008455959148705006,-0.7189136147499084,0.0,-0.1875450760126114,2.455074900353793e-05,-0.1844482570886612,0.010379190556704998,-0.6029523611068726,0.00034593004966154695,-0.3225316107273102,0.0,-0.22786177694797516,0.0007532305316999555,-0.34483835101127625,0.015589123591780663,-0.3892635405063629,0.027238085865974426,-0.3711422383785248,0.0,-0.1612008661031723,0.0062676300294697285,-0.4392555058002472,2.161860227584839,0.858023464679718,0.25031518936157227,-0.029665671288967133,0.0,-0.17096687853336334,0.0015322765102609992,-0.3002939820289612,0.0,-0.1774342954158783,0.0,-0.17331339418888092,0.0,-0.17253991961479187,6.513998232549056e-05,-0.16192401945590973,0.0,-0.1658024787902832,2.4897064577089623e-05,-0.16021639108657837,0.0,-0.16645683348178864,0.00016381619207095355,-0.21223756670951843,4.227685712976381e-05,-0.16465647518634796,0.0,-0.1607939600944519
27,629,25,endothelial,mesenchymal_hsc_myofibroblast,0.26447686553001404,0.18870627880096436,0.07577058672904968,1,False,ambiguous,5,4,4,3.0,4,5,-0.09845646470785141,1,0.26447686553001404,1,0.18870627880096436,1,-0.008461568504571915,1,-0.1298254430294037,0,-0.35357019305229187,0,-0.12027399986982346,0,-0.17201337218284607,0,0.03175107389688492,-0.08066507428884506,0.023267008364200592,-0.26373985409736633,0.010494695045053959,-0.3035225570201874,0.0733942911028862,1.4284024238586426,0.16236691176891327,-0.09659688919782639,0.019703760743141174,-0.1953495889902115,0.015659736469388008,-0.2544553577899933,0.0099219074472785,-0.2890138328075409,0.014043363742530346,-0.31840255856513977,0.20966245234012604,-0.080952487885952,0.037201177328825,-0.14584945142269135,0.027389362454414368,-0.14111807942390442,0.05048874393105507,-0.3200225234031677,0.0,-0.1652255803346634,0.018774623051285744,-0.25033533573150635,0.28042447566986084,-0.08611991256475449,0.08985748887062073,-0.12472669035196304,0.04067982733249664,-0.2959217131137848,0.08657162636518478,-0.215440571308136,0.03508159518241882,-0.166390061378479,0.13743728399276733,-0.15586145222187042,0.13096486032009125,-0.40155696868896484,0.011663352139294147,-0.3791370987892151,0.004480573348701,-0.18486592173576355,0.011101643554866314,-0.19092528522014618,2.2229537963867188,6.089266300201416,0.0,-0.22824186086654663,0.010154838673770428,-0.22187931835651398,0.10450518876314163,-0.18051740527153015,0.15546028316020966,-0.08831481635570526,0.14390650391578674,-0.21319414675235748,0.078765369951725,-0.25917789340019226,0.0018786843866109848,-0.2345142364501953,0.14124096930027008,-0.17511524260044098,0.1320517361164093,-0.18430551886558533,0.15623149275779724,-0.164529487490654,0.07504492253065109,-0.25090491771698,0.0,-0.29421237111091614,0.004900823347270489,-0.12613528966903687,0.1768469363451004,0.2776511013507843,0.07024997472763062,6.2434773445129395,0.01654299907386303,-0.3781498074531555,0.03544440120458603,-0.35578763484954834,0.1861567497253418,-0.2884034514427185,0.2536620497703552,-0.11985932290554047,0.0,-0.21416066586971283,0.005613482557237148,-0.20597264170646667,0.031093209981918335,0.0104816360399127,0.004013055469840765,-0.19593995809555054,0.0,-0.1764497309923172,0.014535159803926945,-0.11307007819414139,0.006149143446236849,-0.15674592554569244,0.0016286007594317198,-0.14167045056819916,1.0770615339279175,1.1173735857009888,0.0,-0.1797712743282318,0.0,-0.19942384958267212,0.004732321482151747,-0.1623738706111908,0.0,-0.17024332284927368,0.1685442477464676,0.23787513375282288,0.250689297914505,-0.25199273228645325,0.008082293905317783,-0.15468060970306396,0.01613110862672329,-0.11889807879924774,0.11317025125026703,-0.1689203977584839,0.0,-0.3246844410896301,0.0,-0.22786177694797516,0.00816243328154087,-0.3228858411312103,0.03289744257926941,-0.3511868417263031,0.035250455141067505,-0.35388582944869995,0.0,-0.1612008661031723,0.0056653073988854885,-0.44194987416267395,0.4739604592323303,-0.5071802139282227,0.05576535686850548,-0.49129635095596313,0.007001456804573536,-0.1405150592327118,0.1366804987192154,0.04842251539230347,0.022810230031609535,-0.0874127596616745,0.0027121391613036394,-0.1613042801618576,0.0,-0.17253991961479187,0.0,-0.1627659648656845,0.0,-0.1658024787902832,0.0,-0.16046853363513947,0.0,-0.16645683348178864,0.001393296755850315,-0.20736439526081085,0.0,-0.16498307883739471,0.0,-0.1607939600944519
28,303,24,neutrophil,dendritic,2.6582999229431152,2.4427525997161865,0.2155473232269287,3,False,ambiguous,6,4,4,3.0,3,4,0.2683854401111603,2,-0.21330104768276215,0,0.03407413139939308,0,-0.16669298708438873,0,0.18018542230129242,2,-0.33925384283065796,0,2.6582999229431152,3,2.4427525997161865,2,0.08117421716451645,0.4452226758003235,0.10492467135190964,0.2618338465690613,0.09018048644065857,0.3302809000015259,0.06218859925866127,1.1464346647262573,0.35756564140319824,0.779465913772583,0.07559554278850555,0.1908951699733734,0.10665152221918106,0.16601426899433136,0.12519429624080658,0.23958832025527954,0.07737904787063599,0.10316979885101318,0.5118488669395447,0.4107474982738495,0.10471479594707489,0.27941909432411194,0.06921441853046417,0.03702092170715332,0.03268514946103096,-0.3843856751918793,0.0,-0.1652255803346634,0.10311461240053177,0.1852998584508896,0.3926028609275818,0.13733665645122528,0.03627815470099449,-0.22594988346099854,0.046533528715372086,-0.2815074622631073,0.03386348485946655,-0.3284926414489746,0.00932412687689066,-0.36266157031059265,0.06546144932508469,-0.314120352268219,0.29198169708251953,0.02413296513259411,0.03126530721783638,-0.3053218126296997,0.0,-0.2700125277042389,0.004147543106228113,-0.21741235256195068,0.04258374124765396,-0.20528849959373474,0.0,-0.22824186086654663,0.018053622916340828,-0.19537441432476044,0.21159586310386658,0.020431099459528923,0.25581905245780945,0.10578571259975433,0.3627614378929138,0.11312362551689148,0.3353824019432068,0.23036955296993256,0.07264689356088638,0.1438879817724228,0.22575852274894714,0.014538302086293697,0.2283858060836792,0.05457380786538124,0.36554113030433655,0.1904812455177307,0.2046297937631607,0.05984814092516899,0.0491328239440918,-0.1575971096754074,0.0,-0.16297446191310883,0.13291028141975403,0.0846850574016571,0.0,-0.16371436417102814,0.0385582260787487,-0.2992972135543823,0.14992018043994904,0.28936606645584106,0.2720787227153778,-0.1663951724767685,0.47450366616249084,0.22214795649051666,0.013425210490822792,-0.003945440985262394,0.005405523348599672,-0.20697100460529327,0.0,-0.21432529389858246,0.004136300180107355,-0.19494840502738953,0.01398382056504488,-0.08179464191198349,0.006252720952033997,-0.15107358992099762,0.0,-0.19897302985191345,0.0,-0.1658288836479187,0.09664728492498398,-0.28237664699554443,0.0,-0.1797712743282318,0.0,-0.19942384958267212,0.0,-0.17668339610099792,0.0,-0.17024332284927368,0.15018706023693085,0.16463717818260193,1.1562440395355225,1.4935243129730225,0.041974201798439026,-0.016868310049176216,0.04813607037067413,0.011355116032063961,0.3178047835826874,0.695142388343811,0.00418108468875289,-0.298664391040802,0.0,-0.22786177694797516,0.009514553472399712,-0.3188796937465668,0.020007949322462082,-0.3795424997806549,0.02408938854932785,-0.3779236674308777,0.0,-0.1612008661031723,0.010747365653514862,-0.4192160964012146,0.5670307874679565,-0.43190324306488037,0.0781877413392067,-0.4380922019481659,0.005888774525374174,-0.1453544944524765,0.20355252921581268,0.22096922993659973,0.023478914052248,-0.08477377146482468,0.014287237077951431,-0.11005079001188278,0.09667611867189407,6.240167140960693,0.4957546293735504,6.244905948638916,0.4914934039115906,6.242234706878662,0.0,-0.16046853363513947,0.019958769902586937,-0.06539850682020187,0.0411822646856308,-0.049656689167022705,0.8296539783477783,6.244336128234863,0.37546178698539734,6.244950771331787
29,697,26,dendritic,epithelial,1.1005550622940063,0.7633181810379028,0.3372368812561035,1,False,ambiguous,6,4,4,3.0,4,5,0.18409313261508942,3,-0.2124815285205841,1,-0.3263271152973175,0,-0.1887415647506714,0,0.00932327564805746,1,0.7633181810379028,1,-0.10760204493999481,0,1.1005550622940063,1,0.1056571751832962,0.7057340145111084,0.06733863055706024,0.019918598234653473,0.05781244486570358,0.07283253967761993,0.013915826566517353,-0.06824842840433121,0.3615993559360504,0.7975694537162781,0.10876179486513138,0.42009326815605164,0.10078705102205276,0.1389147788286209,0.09790400415658951,0.11444380134344101,0.0611693374812603,-0.004724603611975908,0.7497372031211853,0.7978254556655884,0.07188890874385834,0.07264871150255203,0.046288758516311646,-0.06062280014157295,0.12412959337234497,-0.053797777742147446,0.0,-0.1652255803346634,0.062213234603405,-0.02596503682434559,0.28811684250831604,-0.0707969069480896,0.020664600655436516,-0.2554473280906677,0.013703417032957077,-0.3623488247394562,0.008873874321579933,-0.38209205865859985,0.0021276413463056087,-0.4174986779689789,0.024394674226641655,-0.40441709756851196,0.11030475795269012,-0.45617732405662537,0.0032207041513174772,-0.41092967987060547,0.06226000189781189,0.913145899772644,0.012617049738764763,-0.18515333533287048,0.019828736782073975,-0.2709803879261017,0.0,-0.22824186086654663,0.00734072457998991,-0.2313222587108612,0.04598848894238472,-0.29032009840011597,0.024347521364688873,-0.34189558029174805,0.02857709489762783,-0.3851529657840729,0.031055670231580734,-0.3501935601234436,0.0038952836766839027,-0.22373135387897491,0.043253008276224136,-0.394995778799057,0.02182622067630291,-0.4576314091682434,0.03833775967359543,-0.3644894063472748,0.02181212231516838,-0.3785606920719147,0.013444710522890091,-0.2568289637565613,0.0,-0.16297446191310883,0.023018728941679,-0.39794930815696716,0.0,-0.16371436417102814,0.10225624591112137,-0.07114816457033157,0.026549959555268288,-0.4059142470359802,0.06001674756407738,-0.46752089262008667,0.05046606808900833,-0.4345396161079407,0.0,-0.21416066586971283,0.007361222058534622,-0.19758214056491852,0.007615908980369568,-0.1592615246772766,0.006062013562768698,-0.1794552057981491,0.0025887659285217524,-0.15892663598060608,0.008717580698430538,-0.1397637128829956,0.0023498903028666973,-0.18283598124980927,0.0,-0.1658288836479187,0.08370164036750793,-0.3008593022823334,0.0,-0.1797712743282318,0.0,-0.19942384958267212,0.0,-0.17668339610099792,0.0,-0.17024332284927368,0.07483438402414322,-0.13599033653736115,0.9198583960533142,1.0378752946853638,0.0,-0.1875450760126114,0.0023262326139956713,-0.17508091032505035,0.21730194985866547,0.27077236771583557,0.06569088995456696,0.08412858098745346,0.09556581825017929,0.31075483560562134,0.25488895177841187,0.4081325829029083,0.14914081990718842,-0.09546225517988205,0.2265290468931198,0.058074578642845154,0.2907049357891083,6.244897842407227,0.14011575281620026,0.15949276089668274,0.8837922215461731,-0.17570090293884277,0.21036727726459503,-0.12445466220378876,0.003156490856781602,-0.15723817050457,0.20199289917945862,0.21694499254226685,0.003074518172070384,-0.16530057787895203,0.00605279253795743,-0.14651216566562653,0.0,-0.17253991961479187,0.0,-0.1627659648656845,0.0,-0.1658024787902832,0.0,-0.16046853363513947,0.003325452795252204,-0.14961887896060944,1.6024624109268188,6.138639450073242,0.0,-0.16498307883739471,0.0,-0.1607939600944519
30,273,26,dendritic,macrophage_monocyte,2.6295042037963867,0.40163707733154297,2.2278671264648438,3,True,dendritic,6,4,4,3.0,4,5,0.40163707733154297,5,-0.26305845379829407,0,-0.3500605523586273,0,-0.14325153827667236,0,0.29509395360946655,1,-0.3020702600479126,0,-0.0566706657409668,0,2.6295042037963867,3,0.20997563004493713,1.8157362937927246,0.19916823506355286,0.8684142231941223,0.13619956374168396,0.696306586265564,0.04792982339859009,0.7876424789428711,0.5122860670089722,1.4738599061965942,0.09352083504199982,0.31476935744285583,0.07438541948795319,0.016913827508687973,0.10359643399715424,0.14054745435714722,0.07477378100156784,0.08582872897386551,0.4840540587902069,0.3655214309692383,0.06274601072072983,0.015057559125125408,0.038348373025655746,-0.09444205462932587,0.06556178629398346,-0.2655307948589325,0.009613954462110996,-0.035349562764167786,0.03612435236573219,-0.16072003543376923,0.3849624991416931,0.12211724370718002,0.019307542592287064,-0.258011132478714,0.003886936232447624,-0.3865211009979248,0.021124277263879776,-0.3558165729045868,0.004977594595402479,-0.3957820534706116,0.008652686141431332,-0.4390302300453186,0.23395338654518127,-0.1292799860239029,0.025210551917552948,-0.32812225818634033,0.0,-0.2700125277042389,0.0,-0.23320968449115753,0.01796647161245346,-0.27635660767555237,0.0,-0.22824186086654663,0.004309698473662138,-0.24149306118488312,0.00914032757282257,-0.3594631850719452,0.0,-0.3889853358268738,0.034344252198934555,-0.3765539824962616,0.026097159832715988,-0.35965287685394287,0.006155571434646845,-0.2116454392671585,0.03336026892066002,-0.4171946048736572,0.023219522088766098,-0.4541764557361603,0.013881312683224678,-0.4059700667858124,0.04679366201162338,-0.31865328550338745,0.019797567278146744,-0.23916466534137726,0.0,-0.16297446191310883,0.021546587347984314,-0.4044148027896881,0.0,-0.16371436417102814,0.036323048174381256,-0.3073030412197113,0.0035809946712106466,-0.5353609323501587,0.07705358415842056,-0.4433287978172302,0.07117185741662979,-0.402473509311676,0.009710198268294334,-0.06211601197719574,0.024556677788496017,-0.11503060907125473,0.0,-0.21432529389858246,0.009079664945602417,-0.15517689287662506,0.002291074488312006,-0.1609416902065277,0.0,-0.17976385354995728,0.008445111103355885,-0.14097917079925537,0.002291074488312006,-0.1318434178829193,0.20401468873023987,-0.12908680737018585,0.0,-0.1797712743282318,0.00729017099365592,-0.03944017365574837,0.059497345238924026,0.0032237691339105368,0.0,-0.17024332284927368,0.17804692685604095,0.2757870852947235,1.872326135635376,2.8738200664520264,0.0,-0.1875450760126114,0.007825367152690887,-0.15270063281059265,0.20828889310359955,0.23271504044532776,0.0023666962515562773,-0.3099558353424072,0.005060216411948204,-0.19934198260307312,0.017743362113833427,-0.2944988012313843,0.037917524576187134,-0.3401431143283844,0.04288465902209282,-0.33744388818740845,0.0,-0.1612008661031723,0.018892021849751472,-0.3827822804450989,0.6003637313842773,-0.40494295954704285,0.14130674302577972,-0.2883225083351135,0.005712555255740881,-0.14612095057964325,0.2929663062095642,0.4516793191432953,0.0,-0.1774342954158783,0.03378637135028839,-0.02371038682758808,0.0,-0.17253991961479187,0.0,-0.1627659648656845,0.0,-0.1658024787902832,0.6325188875198364,6.2449951171875,1.2660199403762817,6.243850231170654,0.27948832511901855,0.8948941230773926,0.01159298699349165,-0.07542386651039124,0.0,-0.1607939600944519
31,11594,26,epithelial,dendritic,0.6214876770973206,-0.17095302045345306,0.7924406975507736,4,True,epithelial,6,4,4,3.0,4,5,-0.3348885476589203,0,-0.3805208206176758,0,-0.3484305739402771,0,-0.2238914668560028,0,-0.2999593913555145,0,0.6214876770973206,4,-0.1864403486251831,0,-0.17095302045345306,0,0.0006161711062304676,-0.4119565188884735,0.0007533945026807487,-0.40864434838294983,0.001822871039621532,-0.3724963665008545,0.0,-0.4184110164642334,0.08023107796907425,-0.4652270972728729,0.0019406948704272509,-0.31810271739959717,0.0014612865634262562,-0.32006582617759705,0.002635010750964284,-0.32242920994758606,0.05846959352493286,-0.022694528102874756,0.019636915996670723,-0.39015087485313416,0.0010069122072309256,-0.37383726239204407,0.002182559110224247,-0.2484775185585022,0.014223186299204826,-0.45112892985343933,0.0,-0.1652255803346634,0.0024839143734425306,-0.33448055386543274,0.008182516321539879,-0.6284191012382507,0.011430062353610992,-0.27289339900016785,0.0018607863457873464,-0.39151033759117126,0.005511530674993992,-0.3893038332462311,0.0017608731286600232,-0.4202934205532074,0.01391258742660284,-0.42746487259864807,0.012191331945359707,-0.7155657410621643,0.0014891511527821422,-0.4174502193927765,0.00017198205750901252,-0.2667442858219147,0.002609387505799532,-0.2232709378004074,0.00415547750890255,-0.31622782349586487,9.03359250514768e-05,-0.22590592503547668,0.001261768746189773,-0.2517205774784088,0.010088649578392506,-0.3576837182044983,0.0061968169175088406,-0.37700027227401733,0.009813892655074596,-0.4131292998790741,0.005831229500472546,-0.39831414818763733,0.00013796714483760297,-0.24382196366786957,0.06218506768345833,-0.35251307487487793,0.017945576459169388,-0.46725425124168396,0.008119181729853153,-0.41574323177337646,0.020356694236397743,-0.38205090165138245,0.009261297062039375,-0.26846104860305786,0.0,-0.16297446191310883,0.015035306103527546,-0.4330118000507355,0.0,-0.16371436417102814,0.041916027665138245,-0.2872704863548279,0.023863350972533226,-0.42105522751808167,0.09542692452669144,-0.41723886132240295,0.09725316613912582,-0.3620825707912445,2.9930355594842695e-05,-0.21369202435016632,0.00015136606816668063,-0.23219503462314606,0.0,-0.21432529389858246,0.0001076539047062397,-0.22736060619354248,0.0,-0.1764497309923172,0.0,-0.17976385354995728,0.0003330373438075185,-0.1966860145330429,8.140856516547501e-05,-0.1646212786436081,0.007306682411581278,-0.4099293649196625,0.00024372932966798544,-0.1747237592935562,8.363075903616846e-05,-0.19758856296539307,0.0003919921291526407,-0.1754980981349945,0.0,-0.17024332284927368,0.001202392508275807,-0.42975300550460815,0.03164657577872276,-0.6742121577262878,0.0002023424458457157,-0.1867223083972931,0.0010100755607709289,-0.1804373860359192,0.0322849377989769,-0.5104560256004333,0.0043206061236560345,-0.2977960705757141,0.0002706284576561302,-0.2263365089893341,0.0032174151856452227,-0.3375372886657715,0.9327777028083801,1.6284656524658203,1.0175366401672363,1.7616829872131348,0.0,-0.1612008661031723,0.06518666446208954,-0.17569057643413544,3.7878425121307373,2.173147201538086,0.7806220650672913,1.2286542654037476,0.0,-0.17096687853336334,0.0046706353314220905,-0.29219624400138855,0.00018429516057949513,-0.17670698463916779,0.0010064034722745419,-0.1688571274280548,0.0,-0.17253991961479187,0.00011833340977318585,-0.1612364947795868,0.000247258780291304,-0.162578746676445,0.00025675605866126716,-0.1578683853149414,8.31430297694169e-05,-0.16603583097457886,0.0018946514464914799,-0.2053772211074829,3.797403405769728e-05,-0.16468971967697144,0.0,-0.1607939600944519
32,1296,23,endothelial,b_plasma,3.3069891929626465,-0.1463463306427002,3.4533355236053467,11,True,endothelial,5,4,4,1.0,4,5,-0.31471049785614014,0,3.3069891929626465,11,-0.20555078983306885,0,-0.1959657222032547,0,-0.1463463306427002,1,-0.35088038444519043,0,-0.1830250322818756,0,-0.16700920462608337,0,0.0039858100935816765,-0.3761017918586731,0.014647521078586578,-0.3192175030708313,0.006213525775820017,-0.3375740349292755,0.0,-0.4184110164642334,0.07188460975885391,-0.5026865005493164,0.0,-0.33151403069496155,0.014319490641355515,-0.26064857840538025,0.0208346676081419,-0.23897141218185425,0.0210372656583786,-0.271850049495697,0.031157735735177994,-0.37140488624572754,0.005567571148276329,-0.34510964155197144,0.00636051781475544,-0.23068299889564514,0.07295578718185425,-0.23880016803741455,0.0,-0.1652255803346634,0.0067472620867192745,-0.31245937943458557,2.357191562652588,4.050748348236084,2.6443979740142822,4.701364517211914,1.1487394571304321,2.432581663131714,2.0554471015930176,4.00753927230835,0.641645610332489,4.455617904663086,1.5255681276321411,2.8963305950164795,1.5373202562332153,3.316509485244751,1.1400083303451538,3.869884967803955,0.33178937435150146,6.035149574279785,1.627624273300171,5.966152667999268,0.22840076684951782,0.33115050196647644,0.03595981001853943,0.7016234397888184,0.14369069039821625,0.2262091040611267,0.12821808457374573,-0.13602173328399658,0.09973566234111786,-0.1960899382829666,0.18279817700386047,-0.15520575642585754,0.11303297430276871,-0.1938057243824005,0.02239840477705002,-0.12479395419359207,0.1510186791419983,-0.1531745046377182,0.28190627694129944,0.18728837370872498,0.0622175931930542,-0.3239867687225342,0.050971273332834244,-0.3086351454257965,0.08757198601961136,-0.050715893507003784,0.002874223282560706,-0.14136910438537598,0.04915709048509598,-0.2831518352031708,0.0,-0.16371436417102814,0.0029086496215313673,-0.42698436975479126,0.05728113651275635,-0.23272186517715454,0.08634200692176819,-0.43013933300971985,0.09786105155944824,-0.361141175031662,0.0021900967694818974,-0.17986759543418884,0.004928227514028549,-0.2092624008655548,0.0029455535113811493,-0.19302864372730255,0.0011720595648512244,-0.2187969982624054,0.003291300032287836,-0.15417125821113586,0.008805885910987854,-0.1393585354089737,0.003430830780416727,-0.17541299760341644,0.0008009046432562172,-0.15394838154315948,0.05639548972249031,-0.339844673871994,0.0,-0.1797712743282318,0.008862345479428768,-0.004938614554703236,0.00337596726603806,-0.16647520661354065,0.0,-0.17024332284927368,0.0031446644570678473,-0.4220040738582611,0.6551143527030945,0.5275635123252869,0.0006508536753244698,-0.18489855527877808,0.006483823526650667,-0.15816043317317963,0.020980432629585266,-0.5581889748573303,0.008780992589890957,-0.27003782987594604,0.006178699899464846,-0.19303813576698303,0.013783210888504982,-0.306232213973999,0.036909863352775574,-0.34235987067222595,0.03543778136372566,-0.3534823954105377,0.0,-0.1612008661031723,0.012566030956804752,-0.41108059883117676,0.44175973534584045,-0.5332247614860535,0.015319563448429108,-0.587266743183136,0.0,-0.17096687853336334,0.008273773826658726,-0.28289923071861267,0.000879403087310493,-0.17396369576454163,0.0,-0.17331339418888092,0.0,-0.17253991961479187,0.001102265901863575,-0.14851908385753632,0.0005238116136752069,-0.1589730829000473,0.0,-0.16046853363513947,0.0013371995883062482,-0.1596861034631729,0.001142843859270215,-0.2083570957183838,0.0024908750783652067,-0.14574034512043,0.0,-0.1607939600944519
33,1398,24,t_nk,b_plasma,0.9199895858764648,0.46365785598754883,0.456331729888916,2,False,ambiguous,6,4,4,3.0,4,3,-0.2815641462802887,0,-0.3366139531135559,0,-0.37874096632003784,0,0.9199895858764648,2,0.46365785598754883,1,-0.39884278178215027,0,-0.16438497602939606,0,-0.17311784625053406,0,0.014979382045567036,-0.2591245472431183,0.031071137636899948,-0.21351008117198944,0.01163772027939558,-0.2944311797618866,0.0005821587983518839,-0.40376222133636475,0.13150781393051147,-0.23509424924850464,0.016903212293982506,-0.2147030085325241,0.014175192452967167,-0.26131537556648254,0.014460910111665726,-0.2681994140148163,0.008638736791908741,-0.3543766438961029,0.0840912014245987,-0.2852746546268463,0.011822034604847431,-0.3057127892971039,0.0013267990434542298,-0.25212231278419495,0.017875613644719124,-0.4379247725009918,0.0,-0.1652255803346634,0.0144477104768157,-0.27268481254577637,0.1341579407453537,-0.37747922539711,0.005873887334018946,-0.28339025378227234,0.0037149523850530386,-0.38694459199905396,0.010569215752184391,-0.37845578789711,0.0,-0.4337112605571747,0.011608300730586052,-0.432531476020813,0.047012459486722946,-0.6235069632530212,0.002899583661928773,-0.4121389091014862,0.0,-0.2700125277042389,0.0022657583467662334,-0.22457976639270782,0.08978086709976196,-0.069034144282341,0.0,-0.22824186086654663,0.0,-0.2559545338153839,0.010973417200148106,-0.35602352023124695,0.011138983070850372,-0.3674417734146118,0.01928121969103813,-0.39901334047317505,0.010060462169349194,-0.39024606347084045,0.0016966670518741012,-0.23548749089241028,0.014618538320064545,-0.45925018191337585,0.014799497090280056,-0.4750555753707886,0.016232596710324287,-0.40198206901550293,0.007873469032347202,-0.41198650002479553,0.0018139550229534507,-0.2891685962677002,0.0,-0.16297446191310883,0.03589851036667824,-0.34138235449790955,0.0,-0.16371436417102814,0.0044600460678339005,-0.4214276969432831,0.0013427616795524955,-0.5479750633239746,0.01895119436085224,-0.5258335471153259,0.014890599995851517,-0.489633709192276,0.012817621231079102,-0.01345922239124775,0.07525216788053513,0.12834705412387848,0.880165696144104,6.14935827255249,0.012706107459962368,-0.12600058317184448,0.012384502217173576,-0.09262026846408844,0.005807356908917427,-0.1531171202659607,0.03413630276918411,0.03544614464044571,0.0007694439264014363,-0.1544150710105896,2.0499417781829834,2.5063674449920654,0.0,-0.1797712743282318,0.0,-0.19942384958267212,0.09760744869709015,0.1184605211019516,0.0,-0.17024332284927368,1.3878964185714722,5.102610111236572,0.3226814866065979,-0.11322300136089325,0.0040686908178031445,-0.17100083827972412,0.005036848597228527,-0.16404929757118225,0.14123013615608215,-0.050438426434993744,0.0009372302447445691,-0.3188517987728119,0.0,-0.22786177694797516,0.005194990895688534,-0.33167797327041626,0.006915111094713211,-0.4083455502986908,0.00767856789752841,-0.41326794028282166,0.0,-0.1612008661031723,0.0,-0.4672927260398865,0.27696821093559265,-0.666511058807373,0.012239458970725536,-0.5945752263069153,0.006133266258984804,-0.14429111778736115,0.04887983202934265,-0.17812535166740417,0.003774962155148387,-0.16253624856472015,0.0019602091051638126,-0.16463375091552734,0.0,-0.17253991961479187,0.0,-0.1627659648656845,0.0,-0.1658024787902832,0.0,-0.16046853363513947,0.0,-0.16645683348178864,0.0,-0.21288686990737915,0.0,-0.16498307883739471,0.0,-0.1607939600944519
34,2019,25,epithelial,macrophage_monocyte,1.6136058568954468,-0.11607757955789566,1.7296834364533424,5,True,epithelial,6,4,4,2.0,4,5,-0.11607757955789566,2,-0.3690641522407532,0,-0.29733800888061523,0,-0.21746182441711426,0,-0.2899085283279419,0,1.6136058568954468,5,-0.18423117697238922,0,-0.17123398184776306,0,0.0002812361635733396,-0.41552039980888367,0.0031851083040237427,-0.39299309253692627,0.0009208796545863152,-0.3796705901622772,0.0009164595394395292,-0.39535024762153625,0.21031033992767334,0.11857590079307556,0.0,-0.33151403069496155,0.0014143447624519467,-0.3202827572822571,0.006845989264547825,-0.3031190037727356,0.27949318289756775,1.448473572731018,0.02882257103919983,-0.37520450353622437,0.0010862370254471898,-0.37333759665489197,0.002198762958869338,-0.2484085112810135,0.33903732895851135,0.7231318354606628,0.0,-0.1652255803346634,0.0032122107222676277,-0.3307186961174011,0.017665239050984383,-0.6095297932624817,0.015046471729874611,-0.2660612165927887,0.007187452632933855,-0.37839382886886597,0.003160421270877123,-0.394346684217453,0.003873887239024043,-0.4041922986507416,0.048421841114759445,-0.3515866696834564,0.01028544083237648,-0.720604419708252,0.001857275259681046,-0.41606396436691284,0.0018136941362172365,-0.23554599285125732,0.0020711186807602644,-0.22532111406326294,0.002317765960469842,-0.3215331733226776,0.0,-0.22824186086654663,0.0028437345754355192,-0.24641218781471252,0.03598007187247276,-0.3091002106666565,0.01639155112206936,-0.35728299617767334,0.043708354234695435,-0.3625918924808502,0.008102578110992908,-0.39398109912872314,0.0011133503867313266,-0.2386065125465393,0.032804060727357864,-0.4184427261352539,0.016899380832910538,-0.46984851360321045,0.0082014761865139,-0.4156036674976349,0.021727129817008972,-0.3787645101547241,0.013841086998581886,-0.25572681427001953,0.0,-0.16297446191310883,0.005917342845350504,-0.4730571210384369,0.0,-0.16371436417102814,0.038586076349020004,-0.2991974651813507,0.15661247074604034,0.32708197832107544,0.15141046047210693,-0.33774280548095703,0.10815882682800293,-0.345193475484848,0.00022774087847210467,-0.21059463918209076,0.0,-0.23292170464992523,0.0,-0.21432529389858246,0.0003937342553399503,-0.22505897283554077,0.0007280521094799042,-0.1715216189622879,0.0,-0.17976385354995728,0.0016858334420248866,-0.18739615380764008,0.0,-0.1658288836479187,0.03545251116156578,-0.3697452247142792,0.0,-0.1797712743282318,0.0,-0.19942384958267212,0.0006041786400601268,-0.174856498837471,0.0,-0.17024332284927368,0.003833368420600891,-0.41925641894340515,0.10108748078346252,-0.5403602123260498,0.00021070493676234037,-0.18668830394744873,0.002048096852377057,-0.1762128621339798,0.019991636276245117,-0.5623641014099121,0.03625105321407318,-0.09908386319875717,0.0039301710203289986,-0.2057110220193863,0.03766452893614769,-0.23547500371932983,2.40566086769104,4.86867094039917,2.353433609008789,4.638830184936523,0.0,-0.1612008661031723,0.5368265509605408,1.9341152906417847,4.746182441711426,2.948269844055176,0.6143143177032471,0.8340367674827576,0.001358637004159391,-0.1650576889514923,0.003328930353745818,-0.2956581711769104,0.0,-0.1774342954158783,0.005183871369808912,-0.15035967528820038,0.0,-0.17253991961479187,0.0,-0.1627659648656845,0.0,-0.1658024787902832,0.00021237440523691475,-0.15831783413887024,0.0,-0.16645683348178864,0.0013771068770438433,-0.20742857456207275,0.00023434613831341267,-0.1631726771593094,0.0,-0.1607939600944519
35,1245,22,mesenchymal_hsc_myofibroblast,endothelial,2.8030147552490234,-0.11757965385913849,2.920594409108162,12,True,mesenchymal_hsc_myofibroblast,4,4,4,1.0,4,5,-0.29951924085617065,0,-0.11757965385913849,1,2.8030147552490234,12,-0.21344763040542603,0,-0.243504598736763,0,-0.35781028866767883,0,-0.1588624268770218,0,-0.17188476026058197,0,0.0038117882795631886,-0.37795349955558777,0.04656747728586197,-0.11377089470624924,0.004125669598579407,-0.35418039560317993,0.00036101561272516847,-0.40932682156562805,0.03509475290775299,-0.6678014397621155,0.0028021244797855616,-0.3121497333049774,0.004858820699155331,-0.30436596274375916,0.005939469672739506,-0.30727601051330566,0.002574348356574774,-0.3947421610355377,0.025803305208683014,-0.3801172971725464,0.003509565955027938,-0.35807305574417114,0.0063352580182254314,-0.23079057037830353,0.03329119086265564,-0.38219472765922546,0.0,-0.1652255803346634,0.11857931315898895,0.2651785612106323,0.05494276434183121,-0.5352739095687866,0.04798506200313568,-0.2038329541683197,0.021924380213022232,-0.3421054184436798,0.040725234895944595,-0.31377509236335754,0.015619102865457535,-0.31469395756721497,0.08927974849939346,-0.2617492079734802,0.9349938631057739,1.7241030931472778,0.009051743894815445,-0.3889716863632202,0.005678732879459858,-0.16209669411182404,0.03859316557645798,-0.08621444553136826,0.053997624665498734,-0.17233751714229584,0.0,-0.22824186086654663,0.003757556900382042,-0.24334581196308136,2.955169200897217,5.168563365936279,2.728795051574707,4.888685703277588,3.229867458343506,4.388044834136963,2.4875168800354004,4.335989475250244,1.175589919090271,6.041396141052246,2.0718283653259277,4.157034873962402,1.8542327880859375,4.086182117462158,2.6628313064575195,4.086922645568848,1.4694373607635498,3.092940092086792,0.061041153967380524,-0.12448564916849136,0.0,-0.16297446191310883,0.9318228960037231,3.5934412479400635,0.0,-0.16371436417102814,0.030326852574944496,-0.32877978682518005,0.3933713436126709,1.6613892316818237,0.18600274622440338,-0.2886221408843994,2.4097900390625,3.2192373275756836,0.0,-0.21416066586971283,0.0033474259544163942,-0.21685145795345306,0.0,-0.21432529389858246,0.0,-0.22822673618793488,0.0019558831118047237,-0.16321055591106415,0.0009534506243653595,-0.17538899183273315,0.0008039784734137356,-0.19345198571681976,0.0,-0.1658288836479187,0.04957374930381775,-0.34958416223526,0.0,-0.1797712743282318,0.0009628314292058349,-0.17829440534114838,0.0008916271035559475,-0.17398731410503387,0.0018146457150578499,-0.11703145503997803,0.0067095765843987465,-0.4077814817428589,0.1184839978814125,-0.5068272948265076,0.0030558903235942125,-0.17511913180351257,0.008899830281734467,-0.1483277976512909,0.08108455687761307,-0.3044012188911438,0.00405697338283062,-0.2994367480278015,0.0010503814555704594,-0.221941739320755,0.009973935782909393,-0.31751859188079834,0.055970776826143265,-0.30042764544487,0.05196197330951691,-0.317893922328949,0.0,-0.1612008661031723,0.006154311820864677,-0.4397623836994171,0.40939709544181824,-0.559400200843811,0.008811029605567455,-0.6027103066444397,0.0,-0.17096687853336334,0.002951710717752576,-0.29663148522377014,0.0,-0.1774342954158783,0.0,-0.17331339418888092,0.0,-0.17253991961479187,0.0012762517435476184,-0.14627030491828918,0.014643611386418343,0.025119321420788765,0.0,-0.16046853363513947,0.0,-0.16645683348178864,0.0,-0.21288686990737915,0.0007980809896253049,-0.15881767868995667,0.0,-0.1607939600944519
36,2457,24,macrophage_monocyte,b_plasma,3.099877119064331,0.34900522232055664,2.7508718967437744,13,True,macrophage_monocyte,6,4,4,3.0,4,3,3.099877119064331,13,-0.13831764459609985,1,-0.36576569080352783,0,-0.19901199638843536,0,0.34900522232055664,2,-0.38779816031455994,0,-0.008184407837688923,1,-0.14493058621883392,0,0.5206375122070312,5.121339321136475,0.20229819416999817,0.8885595798492432,0.1830397993326187,1.0688636302947998,0.22433923184871674,5.2266154289245605,0.8644236326217651,3.0542731285095215,0.6250124573707581,3.9876856803894043,1.0703572034835815,4.619261741638184,0.8680264353752136,3.6459779739379883,0.32923150062561035,1.779539704322815,2.9824564456939697,4.430775165557861,0.9289020895957947,5.470978260040283,1.496028184890747,6.114028453826904,0.052444830536842346,-0.31295090913772583,0.0,-0.1652255803346634,0.37089264392852783,1.568434238433838,0.5751523375511169,0.5009706616401672,0.012472066096961498,-0.270924836397171,0.015624097548425198,-0.35761934518814087,0.017468156293034554,-0.36365845799446106,0.00862174667418003,-0.3680137097835541,0.030394691973924637,-0.39122438430786133,0.3271133303642273,0.11701258271932602,0.1712004542350769,0.2216336578130722,0.0018138644518330693,-0.23554274439811707,0.02018367126584053,-0.15633328258991241,0.0689694806933403,-0.12911497056484222,0.0009679006179794669,-0.20321345329284668,0.02796955220401287,-0.16210085153579712,0.016298914328217506,-0.346030592918396,0.015098215080797672,-0.35978439450263977,0.021487761288881302,-0.3957233130931854,0.016235394403338432,-0.3784661591053009,0.0005552624352276325,-0.24159066379070282,0.0193010326474905,-0.44874292612075806,0.01905498467385769,-0.4645032584667206,0.013186203315854073,-0.4071490466594696,0.008089058101177216,-0.4114694893360138,0.021932536736130714,-0.23322831094264984,0.0006574621074832976,-0.1580323576927185,0.016958773136138916,-0.42456409335136414,0.0,-0.16371436417102814,0.015086164698004723,-0.3833678066730499,0.015296177007257938,-0.46933743357658386,0.06480784714221954,-0.4607175886631012,0.02653869427740574,-0.47159484028816223,0.0020769459661096334,-0.18163934350013733,0.003238219302147627,-0.2173757404088974,0.002841109409928322,-0.19378378987312317,0.006421428639441729,-0.176563560962677,0.002158787799999118,-0.1618371158838272,0.005375795532017946,-0.15509732067584991,0.003079828107729554,-0.17782337963581085,0.0,-0.1658288836479187,0.04146659001708031,-0.3611588478088379,0.0,-0.1797712743282318,0.0022188667207956314,-0.15073055028915405,0.0012165718944743276,-0.17300474643707275,0.0004030966083519161,-0.15842309594154358,0.10145564377307892,-0.02978198416531086,1.2722856998443604,1.7172024250030518,0.0025347222108393908,-0.1772383153438568,0.0031034050043672323,-0.17191798985004425,0.7368890047073364,2.464712381362915,0.0007867671665735543,-0.3197881877422333,0.0011585196480154991,-0.22133226692676544,0.0037470823153853416,-0.3359679579734802,0.008738554082810879,-0.4043341279029846,0.011011885479092598,-0.4060889184474945,0.0,-0.1612008661031723,0.0021531768143177032,-0.45766082406044006,0.35355937480926514,-0.6045627593994141,0.01869918964803219,-0.5792475342750549,0.015700694173574448,-0.10267897695302963,0.3966222107410431,0.7191376686096191,0.02692119963467121,-0.07118864357471466,0.014243783429265022,-0.11024320125579834,0.0,-0.17253991961479187,0.0006801211857236922,-0.15397533774375916,0.0,-0.1658024787902832,0.0002364272513659671,-0.1580742597579956,0.0009861636208370328,-0.16146354377269745,0.03211019188165665,-0.08561479300260544,0.0008124893647618592,-0.15870635211467743,0.0,-0.1607939600944519
37,3114,26,mesenchymal_hsc_myofibroblast,dendritic,1.1787935495376587,-0.17266657948493958,1.3514601290225983,11,True,mesenchymal_hsc_myofibroblast,6,4,4,3.0,4,5,-0.28773948550224304,0,-0.21180805563926697,1,1.1787935495376587,11,-0.21010836958885193,0,-0.23341409862041473,0,-0.3360743224620819,0,-0.1829005628824234,0,-0.17266657948493958,0,0.0025185144040733576,-0.39171457290649414,0.02842811867594719,-0.23052135109901428,0.014606871642172337,-0.2708152234554291,0.00042686733650043607,-0.4076697826385498,0.043656203895807266,-0.6293771862983704,0.001364746131002903,-0.32208284735679626,0.007305244915187359,-0.29306113719940186,0.011900169774889946,-0.2799421548843384,0.010914401151239872,-0.33922943472862244,0.04011781886219978,-0.3568255603313446,0.0056537133641541,-0.34456706047058105,0.008565054275095463,-0.22129355370998383,0.03888186067342758,-0.36198344826698303,0.0,-0.1652255803346634,0.1249755322933197,0.29821646213531494,0.04427792876958847,-0.5565179586410522,0.03084612637758255,-0.23621216416358948,0.0066606830805540085,-0.3796909749507904,0.015605436637997627,-0.3676537573337555,0.012348392978310585,-0.33961671590805054,0.0442964993417263,-0.36065739393234253,0.6541455984115601,0.9816075563430786,0.008626769296824932,-0.3905720114707947,0.000258489279076457,-0.2651003301143646,0.021468959748744965,-0.15143781900405884,0.04134202376008034,-0.20887324213981628,0.0,-0.22824186086654663,0.0016142401145771146,-0.25053784251213074,1.1670624017715454,1.8133002519607544,1.2154072523117065,1.9616931676864624,1.552185297012329,1.8865820169448853,1.2379484176635742,1.9521918296813965,0.2858395278453827,1.283842921257019,1.0566002130508423,1.8789092302322388,1.0290547609329224,2.0399904251098633,1.8652820587158203,2.734196424484253,1.0856698751449585,2.172640323638916,0.019930334761738777,-0.23879548907279968,0.00029030791483819485,-0.16079223155975342,0.32022029161453247,0.9073347449302673,0.0,-0.16371436417102814,0.022527232766151428,-0.3567159175872803,0.0718420073390007,-0.15066084265708923,0.18424969911575317,-0.29111143946647644,2.120094060897827,2.7705984115600586,0.0003786743327509612,-0.20823130011558533,0.003911141771823168,-0.21414519846439362,0.0012093506520614028,-0.20558157563209534,0.0015581289771944284,-0.21569091081619263,0.0018748694565147161,-0.16375893354415894,0.002427650149911642,-0.16862471401691437,0.0012184164952486753,-0.1906059831380844,0.0004826680524274707,-0.15866905450820923,0.03830849379301071,-0.3656677007675171,0.0,-0.1797712743282318,0.0002454334171488881,-0.1940377950668335,0.001439291867427528,-0.1723312884569168,0.0,-0.17024332284927368,0.007910076528787613,-0.4029919505119324,0.231342613697052,-0.28928476572036743,0.002754226792603731,-0.17634575068950653,0.00865694135427475,-0.14931631088256836,0.06640048325061798,-0.366404265165329,0.007005572784692049,-0.2810867726802826,0.0071334801614284515,-0.18765690922737122,0.016973063349723816,-0.29678109288215637,0.08247201144695282,-0.2421274036169052,0.050569694489240646,-0.32089248299598694,0.0002683320490177721,-0.15528777241706848,0.01406034454703331,-0.40439602732658386,0.4066455364227295,-0.5616257190704346,0.02056739665567875,-0.5748145580291748,0.00128008087631315,-0.16539934277534485,0.01245392207056284,-0.2721134126186371,0.0,-0.1774342954158783,0.00035309779923409224,-0.17174990475177765,0.0,-0.17253991961479187,0.0,-0.1627659648656845,0.0005753458826802671,-0.15830117464065552,0.0,-0.16046853363513947,0.0004456393944565207,-0.16420041024684906,0.0,-0.21288686990737915,0.0,-0.16498307883739471,0.0,-0.1607939600944519
38,2040,26,endothelial,dendritic,1.3784995079040527,-0.1710973083972931,1.5495968163013458,7,True,endothelial,6,4,4,3.0,4,5,-0.32893073558807373,0,1.3784995079040527,7,-0.2039850801229477,1,-0.20900778472423553,0,-0.2533220946788788,0,-0.3717274069786072,0,-0.1768835037946701,0,-0.1710973083972931,0,0.002926955698058009,-0.3873685598373413,0.009795183315873146,-0.3504486382007599,0.009311455301940441,-0.3129337728023529,0.002588056493550539,-0.35328802466392517,0.05947341024875641,-0.5583887100219727,0.004649693612009287,-0.29938194155693054,0.009789081290364265,-0.28158342838287354,0.01856694556772709,-0.24937047064304352,0.00922132283449173,-0.35049882531166077,0.04464440420269966,-0.3494601547718048,0.008946609683334827,-0.32382509112358093,0.0065640793181955814,-0.2298159897327423,0.021076275035738945,-0.4263538122177124,0.0,-0.1652255803346634,0.00993043277412653,-0.296017587184906,1.3621214628219604,2.068593740463257,0.40305203199386597,0.4669669568538666,1.0981379747390747,2.3079795837402344,1.5054153203964233,2.8277931213378906,0.3785506784915924,2.450838804244995,1.531578779220581,2.9095466136932373,0.9541000723838806,1.7746152877807617,0.8605917692184448,2.8176827430725098,0.0343000590801239,0.38180890679359436,0.03170771896839142,-0.11244001984596252,0.13930176198482513,0.07392874360084534,0.0009126068907789886,-0.20464324951171875,0.1233108714222908,0.15782326459884644,0.03829158470034599,-0.3047628104686737,0.03081427700817585,-0.32938846945762634,0.04808983579277992,-0.3560590147972107,0.027371102944016457,-0.3572225868701935,0.008889636024832726,-0.19702622294425964,0.06323414295911789,-0.3501589894294739,0.14470404386520386,-0.15293163061141968,0.023578159511089325,-0.3895232081413269,0.026189016178250313,-0.36806461215019226,0.027647459879517555,-0.21733780205249786,0.0,-0.16297446191310883,0.033203694969415665,-0.3532177805900574,0.0,-0.16371436417102814,0.0071642156690359116,-0.41174206137657166,0.04321974515914917,-0.31196796894073486,1.356250286102295,1.3731167316436768,0.06323102861642838,-0.41477110981941223,0.0,-0.21416066586971283,0.0015252637676894665,-0.2255992591381073,0.0008573394734412432,-0.20812663435935974,0.0013848518719896674,-0.21708498895168304,0.0011009583249688148,-0.16899745166301727,0.005975179374217987,-0.15234707295894623,0.0020709410309791565,-0.18475157022476196,0.0,-0.1658288836479187,0.05336345359683037,-0.34417352080345154,0.0,-0.1797712743282318,0.0017708841478452086,-0.16056159138679504,0.0005548812914639711,-0.17500555515289307,0.0,-0.17024332284927368,0.005802052561193705,-0.41140216588974,0.14701302349567413,-0.45183566212654114,0.0022521389182657003,-0.1783873587846756,0.001411742763593793,-0.17880268394947052,0.06462784111499786,-0.37388917803764343,0.004352837335318327,-0.2975955009460449,0.0037286863662302494,-0.20684659481048584,0.0048092203214764595,-0.33282098174095154,0.024371754378080368,-0.3699425458908081,0.016574503853917122,-0.3941085934638977,0.0,-0.1612008661031723,0.010008166544139385,-0.42252281308174133,0.3701609671115875,-0.5911351442337036,0.022860413417220116,-0.5693737268447876,0.0008495150250382721,-0.16727203130722046,0.009989123791456223,-0.2784731984138489,0.001449201605282724,-0.17171496152877808,0.0006138370372354984,-0.17059536278247833,0.0006683928077109158,-0.12820418179035187,0.0005140049615874887,-0.15612240135669708,0.0,-0.1658024787902832,0.0,-0.16046853363513947,0.0,-0.16645683348178864,0.0025488922838121653,-0.20278407633304596,0.0,-0.16498307883739471,0.0,-0.1607939600944519
39,1797,26,epithelial,mesenchymal_hsc_myofibroblast,0.11711953580379486,0.030682845041155815,0.08643669076263905,2,False,ambiguous,6,4,4,3.0,4,5,-0.3173585534095764,0,-0.24919821321964264,1,0.030682845041155815,1,-0.21302779018878937,0,-0.2886280417442322,0,0.11711953580379486,2,-0.1847764402627945,0,-0.16917730867862701,0,0.004091635812073946,-0.3749757707118988,0.003661541733890772,-0.38992661237716675,0.003987299744039774,-0.35528096556663513,0.00330757605843246,-0.335182785987854,0.07690455764532089,-0.48015671968460083,0.0006027392228133976,-0.3273487687110901,0.004161027725785971,-0.30759042501449585,0.006667654495686293,-0.30393680930137634,0.022207707166671753,-0.2640593945980072,0.02947414107620716,-0.3741443157196045,0.006800128147006035,-0.33734577894210815,0.003139596665278077,-0.24440136551856995,0.08824271708726883,-0.18353520333766937,0.0,-0.1652255803346634,0.005816231016069651,-0.31726834177970886,0.04087073355913162,-0.5633050203323364,0.03211158141493797,-0.23382145166397095,0.013473927043378353,-0.36291393637657166,0.021943189203739166,-0.3540600836277008,0.029299631714820862,-0.21044853329658508,0.02503732591867447,-0.4030040502548218,0.0578998327255249,-0.5947234034538269,0.013490085490047932,-0.37225812673568726,0.003911562729626894,-0.19567912817001343,0.00347964302636683,-0.21995626389980316,0.016565119847655296,-0.28040218353271484,0.039325159043073654,0.7886461615562439,0.005454707890748978,-0.23765091598033905,0.03215533867478371,-0.31627708673477173,0.03792481869459152,-0.31563621759414673,0.09891493618488312,-0.2802776098251343,0.05673008784651756,-0.3012145459651947,0.0,-0.24455967545509338,0.09890525788068771,-0.27011463046073914,0.06327951699495316,-0.3548397719860077,0.05077820643782616,-0.3433891236782074,0.08967634290456772,-0.21581780910491943,1.5281109809875488,3.954745054244995,0.005113489925861359,-0.12453669309616089,0.04240616783499718,-0.312801331281662,0.0,-0.16371436417102814,0.23518291115760803,0.40495917201042175,0.07581804692745209,-0.12825298309326172,0.2654978930950165,-0.17573988437652588,0.14320170879364014,-0.29092419147491455,0.0,-0.21416066586971283,0.0032316609285771847,-0.2174072414636612,0.0,-0.21432529389858246,0.0009853221708908677,-0.2202993780374527,0.0005431623430922627,-0.17277312278747559,0.0009800645057111979,-0.17526687681674957,0.0009090412640944123,-0.19273050129413605,0.0,-0.1658288836479187,0.05316408723592758,-0.3444581627845764,0.0,-0.1797712743282318,0.00046589699923060834,-0.18919968605041504,0.0,-0.17668339610099792,0.0,-0.17024332284927368,0.0015666800318285823,-0.4282996356487274,0.07215600460767746,-0.5961275696754456,0.0,-0.1875450760126114,0.0006122508784756064,-0.18205644190311432,0.03766799718141556,-0.48772627115249634,0.024591216817498207,-0.1716463267803192,0.006973854266107082,-0.18855656683444977,0.07055579125881195,-0.13802248239517212,0.15690924227237701,-0.07837244868278503,0.1728583425283432,-0.05751705914735794,0.0,-0.1612008661031723,0.07200885564088821,-0.1451725959777832,2.407114028930664,1.0563892126083374,0.6582023501396179,0.9381749629974365,0.0,-0.17096687853336334,0.013035740703344345,-0.2706121504306793,0.0,-0.1774342954158783,0.0,-0.17331339418888092,0.0,-0.17253991961479187,0.0,-0.1627659648656845,0.0,-0.1658024787902832,0.0,-0.16046853363513947,0.0006257458007894456,-0.16328845918178558,0.004171553533524275,-0.19635248184204102,0.0,-0.16498307883739471,0.0,-0.1607939600944519
