dataset_id,analysis_set,model,lineage,program_id,score_method,histology_axis,n_donors,standardized_beta,hc3_se,hc3_ci95_low,hc3_ci95_high,hc3_p_two_sided,model_r_squared,incremental_r_squared,vif,fdr_within_set_model_lineage_method_axis
GSE202379,non_end_stage_primary_exploratory,minimal_age_sex,endothelial,RAM2019_ENDO_1,singscore,fibrosis,37,0.055207595782694935,0.20677884373938005,-0.3500714907113256,0.4604866822767154,0.7894779318402847,0.08435562827415544,0.0027283897404297708,1.1158256855975226,0.8015704543889562
GSE202379,non_end_stage_primary_exploratory,minimal_age_sex,endothelial,RAM2019_ENDO_1,singscore,steatosis,37,0.11030890170616063,0.15476897369042597,-0.19303271265130145,0.41365051606362274,0.47601120483862436,0.09367130008818358,0.012044061554457919,1.0066072537427855,0.5712134458063491
GSE202379,non_end_stage_primary_exploratory,minimal_age_sex,endothelial,RAM2019_ENDO_1,singscore,ballooning,37,0.11109225346179472,0.19174089423098345,-0.2647129935944367,0.48689750051802605,0.5623278206459141,0.0917360418223655,0.010108803288639834,1.2180417726237092,0.6175890211228645
GSE202379,non_end_stage_primary_exploratory,minimal_age_sex,endothelial,RAM2019_ENDO_1,singscore,inflammation,37,-0.042973796154077475,0.187581740983294,-0.41062725263865474,0.3246796603304998,0.8187960855471684,0.0833558888946122,0.0017286503608865411,1.0682957214486233,0.8187960855471684
GSE202379,non_end_stage_primary_exploratory,joint_histology_age_sex,endothelial,RAM2019_ENDO_1,singscore,fibrosis,37,0.043654711798885554,0.26928294510942546,-0.48413016226646466,0.5714395858642358,0.871215565671115,0.11172448762607101,0.0012126838044872468,1.570640008002039,0.871215565671115
GSE202379,non_end_stage_primary_exploratory,joint_histology_age_sex,endothelial,RAM2019_ENDO_1,singscore,steatosis,37,0.12715268200481075,0.22950463220684103,-0.32266813140570905,0.5769734954153305,0.5795576269579878,0.11172448762607101,0.010973072287583596,1.4692848130231047,0.5795576269579878
GSE202379,non_end_stage_primary_exploratory,joint_histology_age_sex,endothelial,RAM2019_ENDO_1,singscore,ballooning,37,0.08900269332140326,0.32865416187531427,-0.5551476273234097,0.7331530139662161,0.7865374965420726,0.11172448762607101,0.0036491425407658706,2.1702455077693954,0.8971328725910275
GSE202379,non_end_stage_primary_exploratory,joint_histology_age_sex,endothelial,RAM2019_ENDO_1,singscore,inflammation,37,-0.14811161216505034,0.22320105110964766,-0.5855776336514437,0.28935440932134293,0.5069595667790678,0.11172448762607101,0.014930701999331775,1.4674931377034766,0.5069595667790678
GSE202379,non_end_stage_primary_exploratory,minimal_age_sex,endothelial,RAM2019_ENDO_1,standardized_mean,fibrosis,37,-0.016546722342617837,0.22567991470537496,-0.4588712271992241,0.4257777825139884,0.9415519316980545,0.05786908142682157,0.0002450940099991694,1.1158256855975226,0.9699206215549264
GSE202379,non_end_stage_primary_exploratory,minimal_age_sex,endothelial,RAM2019_ENDO_1,standardized_mean,steatosis,37,0.13192011291153025,0.15294103610809467,-0.16783880961857525,0.43167903544163577,0.38838197417759146,0.07484956821611233,0.01722558079928993,1.0066072537427855,0.4203901749246757
GSE202379,non_end_stage_primary_exploratory,minimal_age_sex,endothelial,RAM2019_ENDO_1,standardized_mean,ballooning,37,0.10593545217544446,0.21131994986576164,-0.30824403877625817,0.5201149431271471,0.616157470220903,0.06681608957165686,0.009192102154834458,1.2180417726237092,0.616157470220903
GSE202379,non_end_stage_primary_exploratory,minimal_age_sex,endothelial,RAM2019_ENDO_1,standardized_mean,inflammation,37,0.05016079601815261,0.1882648019448605,-0.3188314353503403,0.4191530273866455,0.7899023170485048,0.05997919158903209,0.0023552041722096906,1.0682957214486233,0.7899023170485048
GSE202379,non_end_stage_primary_exploratory,joint_histology_age_sex,endothelial,RAM2019_ENDO_1,standardized_mean,fibrosis,37,-0.07256142672738754,0.2953450042049345,-0.6514269979828899,0.5063041445281149,0.8059271609839975,0.07998269144093972,0.003350402264040153,1.570640008002039,0.9168764077109396
GSE202379,non_end_stage_primary_exploratory,joint_histology_age_sex,endothelial,RAM2019_ENDO_1,standardized_mean,steatosis,37,0.1047375105912312,0.2522939058219979,-0.38974945833882496,0.5992244795212873,0.6780387847926586,0.07998269144093972,0.007445291134827392,1.4692848130231047,0.6780387847926587
GSE202379,non_end_stage_primary_exploratory,joint_histology_age_sex,endothelial,RAM2019_ENDO_1,standardized_mean,ballooning,37,0.09310268464287397,0.3664200368664238,-0.6250673908291555,0.8112727601149035,0.7994281002552416,0.07998269144093972,0.003993088521513921,2.1702455077693954,0.9578427250416172
GSE202379,non_end_stage_primary_exploratory,joint_histology_age_sex,endothelial,RAM2019_ENDO_1,standardized_mean,inflammation,37,-0.01002863719722725,0.2272726320105553,-0.45547481060954065,0.43541753621508617,0.9648039502956016,0.07998269144093972,6.845195397708892e-05,1.4674931377034766,0.9648039502956016
GSE202379,non_end_stage_primary_exploratory,minimal_age_sex,endothelial,RAM2019_ENDO_2,singscore,fibrosis,37,0.17756360946436667,0.22709298726477853,-0.2675304667162124,0.6226576856449457,0.4342743732175167,0.06689121094562567,0.028223876811670934,1.1158256855975226,0.8015704543889562
GSE202379,non_end_stage_primary_exploratory,minimal_age_sex,endothelial,RAM2019_ENDO_2,singscore,steatosis,37,0.3571874734317666,0.14198943683906542,0.0788932910420736,0.6354816558214595,0.011883270103546208,0.16495015802971102,0.1262828238957563,1.0066072537427855,0.07129962062127725
GSE202379,non_end_stage_primary_exploratory,minimal_age_sex,endothelial,RAM2019_ENDO_2,singscore,ballooning,37,0.26200664256927597,0.1767785836161754,-0.0844730145564303,0.6084862996949822,0.13830901783291302,0.0948958728119772,0.056228538678022466,1.2180417726237092,0.41492705349873904
GSE202379,non_end_stage_primary_exploratory,minimal_age_sex,endothelial,RAM2019_ENDO_2,singscore,inflammation,37,0.04484827166771359,0.1732649107181487,-0.29474471312440587,0.38444125645983307,0.7957569918130534,0.04055007758073925,0.0018827434467845183,1.0682957214486233,0.8187960855471684
GSE202379,non_end_stage_primary_exploratory,joint_histology_age_sex,endothelial,RAM2019_ENDO_2,singscore,fibrosis,37,0.1576679937015978,0.26979761578811934,-0.3711256163578912,0.6864616037610868,0.5589555472317711,0.20800678688628982,0.015818758992279802,1.570640008002039,0.871215565671115
GSE202379,non_end_stage_primary_exploratory,joint_histology_age_sex,endothelial,RAM2019_ENDO_2,singscore,steatosis,37,0.3923581361551001,0.1729385869952939,0.05340473410707708,0.7313115382031232,0.02328222540911848,0.20800678688628982,0.10448224980756016,1.4692848130231047,0.13024659650537238
GSE202379,non_end_stage_primary_exploratory,joint_histology_age_sex,endothelial,RAM2019_ENDO_2,singscore,ballooning,37,0.06564694812036763,0.2585141825409501,-0.44103153915270776,0.572325435393443,0.7995423404116982,0.20800678688628982,0.0019852427167866837,2.1702455077693954,0.8971328725910275
GSE202379,non_end_stage_primary_exploratory,joint_histology_age_sex,endothelial,RAM2019_ENDO_2,singscore,inflammation,37,-0.2031345370084761,0.1929988574962315,-0.5814053467584681,0.17513627274151583,0.29256251368652275,0.20800678688628982,0.028084684300077822,1.4674931377034766,0.42004481963308143
GSE202379,non_end_stage_primary_exploratory,minimal_age_sex,endothelial,RAM2019_ENDO_2,standardized_mean,fibrosis,37,0.09454919158734308,0.23810633020498234,-0.3721306401054239,0.56122902328011,0.6913024908092325,0.045599510387574704,0.008002475963819755,1.1158256855975226,0.9699206215549264
GSE202379,non_end_stage_primary_exploratory,minimal_age_sex,endothelial,RAM2019_ENDO_2,standardized_mean,steatosis,37,0.3701741444359226,0.13400023649243406,0.107538506990902,0.6328097818809433,0.005736254036134376,0.17322960972657198,0.13563257530281703,1.0066072537427855,0.03441752421680626
GSE202379,non_end_stage_primary_exploratory,minimal_age_sex,endothelial,RAM2019_ENDO_2,standardized_mean,ballooning,37,0.20999777025108832,0.1627356014153523,-0.10895814752546759,0.5289536880276442,0.19690381517253752,0.0737181836801375,0.036121149256382545,1.2180417726237092,0.5241747620530561
GSE202379,non_end_stage_primary_exploratory,minimal_age_sex,endothelial,RAM2019_ENDO_2,standardized_mean,inflammation,37,0.07877094469440019,0.19039839229673464,-0.2944030469215282,0.4519449363103285,0.6790817870596957,0.04340510426765243,0.005808069843897479,1.0682957214486233,0.7899023170485048
GSE202379,non_end_stage_primary_exploratory,joint_histology_age_sex,endothelial,RAM2019_ENDO_2,standardized_mean,fibrosis,37,0.07117320412931938,0.28092532966880085,-0.47943032436657185,0.6217767326252106,0.7999956386448707,0.1861441217733253,0.0032234308797647326,1.570640008002039,0.9168764077109396
GSE202379,non_end_stage_primary_exploratory,joint_histology_age_sex,endothelial,RAM2019_ENDO_2,standardized_mean,steatosis,37,0.40688680416128115,0.17790788431218657,0.05819375834367696,0.7555798499788853,0.022192059353165292,0.1861441217733253,0.11236327807996493,1.4692848130231047,0.13315235611899176
GSE202379,non_end_stage_primary_exploratory,joint_histology_age_sex,endothelial,RAM2019_ENDO_2,standardized_mean,ballooning,37,0.017039405299912887,0.25384385961348715,-0.4804854172391635,0.5145642278389893,0.9464817644391075,0.1861441217733253,0.00013374987846737074,2.1702455077693954,0.9578427250416172
GSE202379,non_end_stage_primary_exploratory,joint_histology_age_sex,endothelial,RAM2019_ENDO_2,standardized_mean,inflammation,37,-0.12873305044810307,0.20506193963948074,-0.5306470667414118,0.2731809658452057,0.5301504148594116,0.1861441217733253,0.011279299532701015,1.4674931377034766,0.7894087278303845
GSE202379,non_end_stage_primary_exploratory,minimal_age_sex,endothelial,RAM2019_ENDO_3,singscore,fibrosis,37,0.040628931902766056,0.16166526415427104,-0.27622916339075937,0.3574870271962915,0.8015704543889564,0.05860742260373164,0.0014776771208827588,1.1158256855975226,0.8015704543889562
GSE202379,non_end_stage_primary_exploratory,minimal_age_sex,endothelial,RAM2019_ENDO_3,singscore,steatosis,37,0.3175422344179634,0.15739993280068817,0.009044034959589886,0.626040433876337,0.04365139581964827,0.1569353290134019,0.09980558353055302,1.0066072537427855,0.1309541874589448
GSE202379,non_end_stage_primary_exploratory,minimal_age_sex,endothelial,RAM2019_ENDO_3,singscore,ballooning,37,0.195001345039295,0.15512276262557906,-0.1090336828891959,0.4990363729677859,0.20872554938020116,0.08827611320825168,0.0311463677254028,1.2180417726237092,0.4174510987604023
GSE202379,non_end_stage_primary_exploratory,minimal_age_sex,endothelial,RAM2019_ENDO_3,singscore,inflammation,37,-0.14923527941528,0.1412801937452497,-0.42613937088481046,0.12766881205425043,0.2908279084467653,0.07797670525924316,0.02084695977639428,1.0682957214486233,0.7673029942993912
GSE202379,non_end_stage_primary_exploratory,joint_histology_age_sex,endothelial,RAM2019_ENDO_3,singscore,fibrosis,37,0.05175611613699418,0.2119320940975398,-0.3636231554623376,0.4671353877363259,0.8070675269197859,0.26806156875456844,0.001704545836223037,1.570640008002039,0.871215565671115
GSE202379,non_end_stage_primary_exploratory,joint_histology_age_sex,endothelial,RAM2019_ENDO_3,singscore,steatosis,37,0.4204863962914558,0.2081935121040256,0.012434610752661834,0.8285381818302497,0.043415532168457456,0.26806156875456844,0.11999995685449794,1.4692848130231047,0.13024659650537238
GSE202379,non_end_stage_primary_exploratory,joint_histology_age_sex,endothelial,RAM2019_ENDO_3,singscore,ballooning,37,0.12998262278987432,0.24643392123565808,-0.3530189874009959,0.6129842329807446,0.5978781684751421,0.26806156875456844,0.007783145001780012,2.1702455077693954,0.8971328725910275
GSE202379,non_end_stage_primary_exploratory,joint_histology_age_sex,endothelial,RAM2019_ENDO_3,singscore,inflammation,37,-0.4017879488831639,0.18634814770682007,-0.7670236069742815,-0.036552290792046305,0.031074723214092787,0.26806156875456844,0.1098742243335532,1.4674931377034766,0.18644833928455673
GSE202379,non_end_stage_primary_exploratory,minimal_age_sex,endothelial,RAM2019_ENDO_3,standardized_mean,fibrosis,37,0.006960258239597993,0.18458382754299182,-0.3548173958732184,0.36873791235241443,0.9699206215549264,0.07165771509593377,4.3367006471006775e-05,1.1158256855975226,0.9699206215549264
GSE202379,non_end_stage_primary_exploratory,minimal_age_sex,endothelial,RAM2019_ENDO_3,standardized_mean,steatosis,37,0.31405472401669154,0.14569357860345944,0.028500557175155594,0.5996088908582276,0.03111617531670192,0.16923967613977042,0.09762532805030766,1.0066072537427855,0.06223235063340384
GSE202379,non_end_stage_primary_exploratory,minimal_age_sex,endothelial,RAM2019_ENDO_3,standardized_mean,ballooning,37,0.12742314616960085,0.1702269671765738,-0.2062155786939657,0.4610618710331674,0.4541293638995003,0.08491364986255512,0.013299301773092354,1.2180417726237092,0.5449552366794004
GSE202379,non_end_stage_primary_exploratory,minimal_age_sex,endothelial,RAM2019_ENDO_3,standardized_mean,inflammation,37,-0.06860560974439486,0.14764551439862536,-0.35798550044459054,0.22077428095580084,0.6421718284923884,0.0760200892590045,0.0044057411695417326,1.0682957214486233,0.7899023170485048
GSE202379,non_end_stage_primary_exploratory,joint_histology_age_sex,endothelial,RAM2019_ENDO_3,standardized_mean,fibrosis,37,0.028306984611927544,0.27121985748052524,-0.5032741679419883,0.5598881371658433,0.9168764077109397,0.21887673077930214,0.0005098853621201549,1.570640008002039,0.9168764077109396
GSE202379,non_end_stage_primary_exploratory,joint_histology_age_sex,endothelial,RAM2019_ENDO_3,standardized_mean,steatosis,37,0.4131594393891667,0.21721796654700481,-0.01257995183798899,0.8388988306163224,0.05716461454355689,0.21887673077930214,0.11585440442499495,1.4692848130231047,0.17149384363067066
GSE202379,non_end_stage_primary_exploratory,joint_histology_age_sex,endothelial,RAM2019_ENDO_3,standardized_mean,ballooning,37,0.01579826851873855,0.29886482489426425,-0.5699660245198891,0.6015625615573662,0.9578427250416172,0.21887673077930214,0.00011497502481183641,2.1702455077693954,0.9578427250416172
GSE202379,non_end_stage_primary_exploratory,joint_histology_age_sex,endothelial,RAM2019_ENDO_3,standardized_mean,inflammation,37,-0.26479415441226034,0.1940835047987087,-0.6451908338110361,0.11560252498651546,0.17246339365345775,0.21887673077930214,0.04772201753332794,1.4674931377034766,0.3449267873069155
GSE202379,non_end_stage_primary_exploratory,minimal_age_sex,endothelial,RAM2019_ENDO_4,singscore,fibrosis,37,0.12267299240846667,0.2104697591615069,-0.2898401553829059,0.5351861401998392,0.5599920646709653,0.036547712912376795,0.013471211578171549,1.1158256855975226,0.8015704543889562
GSE202379,non_end_stage_primary_exploratory,minimal_age_sex,endothelial,RAM2019_ENDO_4,singscore,steatosis,37,0.21404257073384958,0.1752003220067848,-0.12934375047926883,0.557428891946968,0.22182036790281345,0.06842387735224287,0.04534737601803762,1.0066072537427855,0.4436407358056269
GSE202379,non_end_stage_primary_exploratory,minimal_age_sex,endothelial,RAM2019_ENDO_4,singscore,ballooning,37,0.13247259791697719,0.16664706248225838,-0.19414964267764528,0.45909483851159966,0.42665475086795934,0.037450721730092784,0.014374220395887538,1.2180417726237092,0.6175890211228645
GSE202379,non_end_stage_primary_exploratory,minimal_age_sex,endothelial,RAM2019_ENDO_4,singscore,inflammation,37,-0.1495981862409117,0.17171745006709616,-0.4861582038894752,0.18696183140765182,0.3836514971496956,0.0440249746780762,0.020948473343870955,1.0682957214486233,0.7673029942993912
GSE202379,non_end_stage_primary_exploratory,joint_histology_age_sex,endothelial,RAM2019_ENDO_4,singscore,fibrosis,37,0.1813015954962072,0.2521264340801029,-0.3128571348513065,0.675460325843721,0.47208547322023187,0.16651995701594013,0.020916478992460186,1.570640008002039,0.871215565671115
GSE202379,non_end_stage_primary_exploratory,joint_histology_age_sex,endothelial,RAM2019_ENDO_4,singscore,steatosis,37,0.32733556039726436,0.21423496123509114,-0.09255724785284891,0.7472283686473776,0.12653045645618896,0.16651995701594013,0.07272162347516942,1.4692848130231047,0.2530609129123779
GSE202379,non_end_stage_primary_exploratory,joint_histology_age_sex,endothelial,RAM2019_ENDO_4,singscore,ballooning,37,0.031178400609356675,0.24116195899306475,-0.44149035345817567,0.503847154676889,0.8971328725910275,0.16651995701594013,0.0004478083585670589,2.1702455077693954,0.8971328725910275
GSE202379,non_end_stage_primary_exploratory,joint_histology_age_sex,endothelial,RAM2019_ENDO_4,singscore,inflammation,37,-0.3627833134865517,0.20778310031814512,-0.7700307067061891,0.044464079733085804,0.08081595265759602,0.16651995701594013,0.08957702101504539,1.4674931377034766,0.24244785797278806
GSE202379,non_end_stage_primary_exploratory,minimal_age_sex,endothelial,RAM2019_ENDO_4,standardized_mean,fibrosis,37,0.12623008816719683,0.2246883878821862,-0.314151059826254,0.5666112361606477,0.5742518315827881,0.03939260256557353,0.014263775989206029,1.1158256855975226,0.9699206215549264
GSE202379,non_end_stage_primary_exploratory,minimal_age_sex,endothelial,RAM2019_ENDO_4,standardized_mean,steatosis,37,0.2218073666400054,0.173716802222918,-0.11867130922638147,0.5622860425063922,0.201661169793933,0.07382600259456551,0.04869717601819801,1.0066072537427855,0.3024917546908995
GSE202379,non_end_stage_primary_exploratory,minimal_age_sex,endothelial,RAM2019_ENDO_4,standardized_mean,ballooning,37,0.15262100141093252,0.1631164082704352,-0.16708128408665188,0.4723232869085169,0.34944984136870405,0.044208054247819595,0.019079227671452093,1.2180417726237092,0.5241747620530561
GSE202379,non_end_stage_primary_exploratory,minimal_age_sex,endothelial,RAM2019_ENDO_4,standardized_mean,inflammation,37,-0.09591373855959691,0.1627946914103016,-0.4149854705981001,0.2231579934789063,0.555747279914452,0.033739980675663195,0.008611154099295693,1.0682957214486233,0.7899023170485048
GSE202379,non_end_stage_primary_exploratory,joint_histology_age_sex,endothelial,RAM2019_ENDO_4,standardized_mean,fibrosis,37,0.16031482024954852,0.27753459104662187,-0.38364298266588287,0.7042726231649798,0.5635078302281293,0.14255991001608959,0.016354326791039875,1.570640008002039,0.9168764077109396
GSE202379,non_end_stage_primary_exploratory,joint_histology_age_sex,endothelial,RAM2019_ENDO_4,standardized_mean,steatosis,37,0.30526517118667706,0.2281928180933539,-0.1419845338069966,0.7525148761803507,0.18097761896763975,0.14255991001608959,0.06324580195933438,1.4692848130231047,0.35342063504488586
GSE202379,non_end_stage_primary_exploratory,joint_histology_age_sex,endothelial,RAM2019_ENDO_4,standardized_mean,ballooning,37,0.044292257297319046,0.25890504138040915,-0.4631522992241352,0.5517368138187733,0.8641645582859387,0.14255991001608959,0.0009037330353348638,2.1702455077693954,0.9578427250416172
GSE202379,non_end_stage_primary_exploratory,joint_histology_age_sex,endothelial,RAM2019_ENDO_4,standardized_mean,inflammation,37,-0.2980467649754761,0.2033914503670292,-0.6966866824582193,0.10059315250726708,0.14281592836535256,0.14255991001608959,0.060460374621162716,1.4674931377034766,0.3449267873069155
GSE202379,non_end_stage_primary_exploratory,minimal_age_sex,endothelial,RAM2019_ENDO_5,singscore,fibrosis,37,0.08757369065090023,0.20927333528181188,-0.3225945094260264,0.49774189072782693,0.6756067366686989,0.05780893379640617,0.00686524505554198,1.1158256855975226,0.8015704543889562
GSE202379,non_end_stage_primary_exploratory,minimal_age_sex,endothelial,RAM2019_ENDO_5,singscore,steatosis,37,0.06771053219673462,0.1738705472708436,-0.27306947842638785,0.4084905428198571,0.696957551700295,0.05548168673898912,0.004537997998124932,1.0066072537427855,0.696957551700295
GSE202379,non_end_stage_primary_exploratory,minimal_age_sex,endothelial,RAM2019_ENDO_5,singscore,ballooning,37,0.08339475115172569,0.16703329242908851,-0.24398448622843472,0.41077398853188607,0.6175890211228645,0.05664020874760389,0.005696520006739703,1.2180417726237092,0.6175890211228645
GSE202379,non_end_stage_primary_exploratory,minimal_age_sex,endothelial,RAM2019_ENDO_5,singscore,inflammation,37,-0.17646391454784657,0.1941536160234842,-0.5569980094220943,0.2040701803264012,0.3634091867248135,0.08009187529759343,0.02914818655672924,1.0682957214486233,0.7673029942993912
GSE202379,non_end_stage_primary_exploratory,joint_histology_age_sex,endothelial,RAM2019_ENDO_5,singscore,fibrosis,37,0.13192693342014136,0.2659957447453027,-0.38941514632156116,0.6532690131618439,0.6199128612870479,0.12858497409654324,0.011075217449828534,1.570640008002039,0.871215565671115
GSE202379,non_end_stage_primary_exploratory,joint_histology_age_sex,endothelial,RAM2019_ENDO_5,singscore,steatosis,37,0.1452463911567438,0.19070185673898699,-0.2285223798365877,0.5190151621500753,0.4462741776316257,0.12858497409654324,0.014318182418119774,1.4692848130231047,0.5795576269579878
GSE202379,non_end_stage_primary_exploratory,joint_histology_age_sex,endothelial,RAM2019_ENDO_5,singscore,ballooning,37,0.081919537854178,0.23520171931176334,-0.3790673610987771,0.5429064368071331,0.7276187920658029,0.12858497409654324,0.0030914307100915472,2.1702455077693954,0.8971328725910275
GSE202379,non_end_stage_primary_exploratory,joint_histology_age_sex,endothelial,RAM2019_ENDO_5,singscore,inflammation,37,-0.3146203442595576,0.21731490261498732,-0.740549726688762,0.11130903816964677,0.14768351263019747,0.12858497409654324,0.06737140632716054,1.4674931377034766,0.29536702526039493
GSE202379,non_end_stage_primary_exploratory,minimal_age_sex,endothelial,RAM2019_ENDO_5,standardized_mean,fibrosis,37,0.20833395171637203,0.21902201392600987,-0.22094130740003748,0.6376092108327815,0.34150236701979675,0.07900593931517841,0.038853383249742524,1.1158256855975226,0.9699206215549264
GSE202379,non_end_stage_primary_exploratory,minimal_age_sex,endothelial,RAM2019_ENDO_5,standardized_mean,steatosis,37,0.1480678486125072,0.18376525729322535,-0.21210543729195097,0.5082411345169654,0.4203901749246757,0.06185323781259533,0.021700681747159445,1.0066072537427855,0.4203901749246757
GSE202379,non_end_stage_primary_exploratory,minimal_age_sex,endothelial,RAM2019_ENDO_5,standardized_mean,ballooning,37,0.1658602868255402,0.15365351951003295,-0.13529507751194694,0.46701565116302735,0.28039008557224654,0.06268545231182521,0.022532896246389322,1.2180417726237092,0.5241747620530561
GSE202379,non_end_stage_primary_exploratory,minimal_age_sex,endothelial,RAM2019_ENDO_5,standardized_mean,inflammation,37,-0.11452764189297439,0.18518480793311967,-0.4774831959258562,0.24842791213990745,0.5362784005970245,0.05243035055821155,0.012277794492775662,1.0682957214486233,0.7899023170485048
GSE202379,non_end_stage_primary_exploratory,joint_histology_age_sex,endothelial,RAM2019_ENDO_5,standardized_mean,fibrosis,37,0.2510988760385056,0.27682048860331326,-0.2914593118067688,0.7936570638837801,0.36436344821316835,0.16145719739786535,0.040121287779539716,1.570640008002039,0.9168764077109396
GSE202379,non_end_stage_primary_exploratory,joint_histology_age_sex,endothelial,RAM2019_ENDO_5,standardized_mean,steatosis,37,0.2184093202939115,0.20789008181392224,-0.18904775280446137,0.6258663933922843,0.29344234032480443,0.16145719739786535,0.032375726651170944,1.4692848130231047,0.35342063504488586
GSE202379,non_end_stage_primary_exploratory,joint_histology_age_sex,endothelial,RAM2019_ENDO_5,standardized_mean,ballooning,37,0.0638599723849317,0.2262203071425227,-0.37952368218600196,0.5072436269558653,0.777720332953286,0.16145719739786535,0.0018786331541357226,2.1702455077693954,0.9578427250416172
GSE202379,non_end_stage_primary_exploratory,joint_histology_age_sex,endothelial,RAM2019_ENDO_5,standardized_mean,inflammation,37,-0.31519646259769385,0.2180743886004279,-0.7426144102051246,0.112221485009737,0.14835619501148503,0.16145719739786535,0.06761836708782809,1.4674931377034766,0.3449267873069155
GSE202379,non_end_stage_primary_exploratory,minimal_age_sex,endothelial,RAM2019_ENDO_6_SAENDO1,singscore,fibrosis,37,0.37403776762205254,0.20179478869092346,-0.021472750480028058,0.7695482857241331,0.06380283070550978,0.18246357357263865,0.1252390172981529,1.1158256855975226,0.38281698423305865
GSE202379,non_end_stage_primary_exploratory,minimal_age_sex,endothelial,RAM2019_ENDO_6_SAENDO1,singscore,steatosis,37,0.21026720117752418,0.21682283335817676,-0.21469774323043211,0.6352321455854805,0.3321636282502344,0.10098632969524124,0.04376177342075549,1.0066072537427855,0.49824544237535157
GSE202379,non_end_stage_primary_exploratory,minimal_age_sex,endothelial,RAM2019_ENDO_6_SAENDO1,singscore,ballooning,37,0.41403505110452105,0.2053794195672845,0.011498785586902538,0.8165713166221396,0.0438049955591347,0.1976372627759675,0.14041270650148174,1.2180417726237092,0.26282997335480823
GSE202379,non_end_stage_primary_exploratory,minimal_age_sex,endothelial,RAM2019_ENDO_6_SAENDO1,singscore,inflammation,37,0.0433566787006317,0.176378117706608,-0.30233807966528636,0.38905143706654977,0.8058241646743541,0.05898414728456891,0.0017595910100831613,1.0682957214486233,0.8187960855471684
GSE202379,non_end_stage_primary_exploratory,joint_histology_age_sex,endothelial,RAM2019_ENDO_6_SAENDO1,singscore,fibrosis,37,0.2890390871167499,0.2752817268236943,-0.2505031830596846,0.8285813572931844,0.2937293464663865,0.2732747754706337,0.05316165351085622,1.570640008002039,0.871215565671115
GSE202379,non_end_stage_primary_exploratory,joint_histology_age_sex,endothelial,RAM2019_ENDO_6_SAENDO1,singscore,steatosis,37,0.13857280132317198,0.2231879125116776,-0.29886746898439265,0.5760130716307366,0.5346789049701778,0.2732747754706337,0.013032663533255051,1.4692848130231047,0.5795576269579878
GSE202379,non_end_stage_primary_exploratory,joint_histology_age_sex,endothelial,RAM2019_ENDO_6_SAENDO1,singscore,ballooning,37,0.2937521393251462,0.28531077970345564,-0.2654467132946683,0.8529509919449607,0.30320413505161803,0.2732747754706337,0.039750867052934735,2.1702455077693954,0.8971328725910275
GSE202379,non_end_stage_primary_exploratory,joint_histology_age_sex,endothelial,RAM2019_ENDO_6_SAENDO1,singscore,inflammation,37,-0.2264429562280835,0.24231019150016297,-0.7013622046554064,0.24847629219923947,0.3500373496942345,0.2732747754706337,0.034899535053632524,1.4674931377034766,0.42004481963308143
GSE202379,non_end_stage_primary_exploratory,minimal_age_sex,endothelial,RAM2019_ENDO_6_SAENDO1,standardized_mean,fibrosis,37,0.29150515908654084,0.17670537388611038,-0.054831009604920045,0.6378413277780017,0.09901090680302627,0.08872948873262232,0.07606786538642163,1.1158256855975226,0.5940654408181576
GSE202379,non_end_stage_primary_exploratory,minimal_age_sex,endothelial,RAM2019_ENDO_6_SAENDO1,standardized_mean,steatosis,37,0.3736026992293221,0.1619404639206861,0.0562052223050693,0.6910001761535749,0.02105273784617864,0.15081829304740013,0.13815666970119944,1.0066072537427855,0.06223235063340384
GSE202379,non_end_stage_primary_exploratory,minimal_age_sex,endothelial,RAM2019_ENDO_6_SAENDO1,standardized_mean,ballooning,37,0.5377123166405875,0.17794936154207291,0.1889379769462276,0.8864866563349474,0.00251346786312809,0.24948914029127245,0.23682751694507176,1.2180417726237092,0.01508080717876854
GSE202379,non_end_stage_primary_exploratory,minimal_age_sex,endothelial,RAM2019_ENDO_6_SAENDO1,standardized_mean,inflammation,37,0.19170353962720635,0.17921481109529944,-0.15955103561572984,0.5429581148701426,0.28476075751383345,0.047061745593076965,0.034400122246876275,1.0682957214486233,0.7899023170485048
GSE202379,non_end_stage_primary_exploratory,joint_histology_age_sex,endothelial,RAM2019_ENDO_6_SAENDO1,standardized_mean,fibrosis,37,0.09404310481025697,0.2575098716847669,-0.41066696935541686,0.5987531789759308,0.7149606699587367,0.285049377886055,0.005627807635225079,1.570640008002039,0.9168764077109396
GSE202379,non_end_stage_primary_exploratory,joint_histology_age_sex,endothelial,RAM2019_ENDO_6_SAENDO1,standardized_mean,steatosis,37,0.22102279997178265,0.21084659374447226,-0.19222893003033126,0.6342745299738966,0.2945171958707382,0.285049377886055,0.03315517639012877,1.4692848130231047,0.35342063504488586
GSE202379,non_end_stage_primary_exploratory,joint_histology_age_sex,endothelial,RAM2019_ENDO_6_SAENDO1,standardized_mean,ballooning,37,0.41898138045611993,0.2832472094146642,-0.13617294871809643,0.9741357096303362,0.13908488083408713,0.285049377886055,0.08086749239688806,2.1702455077693954,0.8345092850045228
GSE202379,non_end_stage_primary_exploratory,joint_histology_age_sex,endothelial,RAM2019_ENDO_6_SAENDO1,standardized_mean,inflammation,37,-0.10265106872467815,0.23177214337207064,-0.5569161223535903,0.35161398490423407,0.6578406065253204,0.285049377886055,0.0071718130427592675,1.4674931377034766,0.7894087278303845
GSE202379,non_end_stage_primary_exploratory,minimal_age_sex,macrophage_monocyte,RAM2019_MAC_SIG_A_SAM,singscore,fibrosis,18,0.031926820243268705,0.2860048904591012,-0.5286324644588929,0.5924861049454304,0.9111165226233899,0.031940941073666074,0.0009032590155662046,1.1214426373292743,0.9750391700000737
GSE202379,non_end_stage_primary_exploratory,minimal_age_sex,macrophage_monocyte,RAM2019_MAC_SIG_A_SAM,singscore,steatosis,18,-0.15413862035580433,0.32460152152602356,-0.7903459118737135,0.4820686711621049,0.634890404915339,0.05150454873806609,0.020466866679966222,1.1554577667052146,0.8752447849965482
GSE202379,non_end_stage_primary_exploratory,minimal_age_sex,macrophage_monocyte,RAM2019_MAC_SIG_A_SAM,singscore,ballooning,18,0.2969630789988114,0.2454477669272989,-0.1841057042644758,0.7780318622620986,0.22632379383521262,0.11510536109242298,0.0840676790343231,1.0435539835515637,0.8175677606879196
GSE202379,non_end_stage_primary_exploratory,minimal_age_sex,macrophage_monocyte,RAM2019_MAC_SIG_A_SAM,singscore,inflammation,18,-0.2513515520923052,0.2529484822258817,-0.7471214671991033,0.24441836301449288,0.3203754014320501,0.09219542496055322,0.06115774290245335,1.0298848765249997,0.41751401110998526
GSE202379,non_end_stage_primary_exploratory,joint_histology_age_sex,macrophage_monocyte,RAM2019_MAC_SIG_A_SAM,singscore,fibrosis,18,-0.32549518920475456,0.5483400813009656,-1.4002219998344123,0.7492316214249031,0.5527790503406032,0.39916790519111345,0.04305646589569534,2.323343875966578,0.8837606456026553
GSE202379,non_end_stage_primary_exploratory,joint_histology_age_sex,macrophage_monocyte,RAM2019_MAC_SIG_A_SAM,singscore,steatosis,18,-0.4249045583890968,0.6480718975077041,-1.6951021368967303,0.8452930201185366,0.5120531016027676,0.39916790519111345,0.08760201181578442,1.9712886126230542,0.916857208329474
GSE202379,non_end_stage_primary_exploratory,joint_histology_age_sex,macrophage_monocyte,RAM2019_MAC_SIG_A_SAM,singscore,ballooning,18,0.8698605249345426,0.5115896241756841,-0.1328367133141799,1.872557763183265,0.0890727880820015,0.39916790519111345,0.2780864310047442,2.5762855040656354,0.37118212762901737
GSE202379,non_end_stage_primary_exploratory,joint_histology_age_sex,macrophage_monocyte,RAM2019_MAC_SIG_A_SAM,singscore,inflammation,18,-0.30688225733614766,0.4884678061600102,-1.2642615650170599,0.6504970503447647,0.5298370184661668,0.39916790519111345,0.057099765556581916,1.6151618824214482,0.6358044221594001
GSE202379,non_end_stage_primary_exploratory,minimal_age_sex,macrophage_monocyte,RAM2019_MAC_SIG_A_SAM,standardized_mean,fibrosis,18,0.1829493254882873,0.24288872668233033,-0.293103831059873,0.6590024820364475,0.4513160438404149,0.04107211212243744,0.029659416049978682,1.1214426373292743,0.9026320876808298
GSE202379,non_end_stage_primary_exploratory,minimal_age_sex,macrophage_monocyte,RAM2019_MAC_SIG_A_SAM,standardized_mean,steatosis,18,0.03810473585995808,0.35661310307804495,-0.6608441025880799,0.7370535743079961,0.9149065880448722,0.01266349164891789,0.0012507955764591294,1.1554577667052146,0.9496233664033582
GSE202379,non_end_stage_primary_exploratory,minimal_age_sex,macrophage_monocyte,RAM2019_MAC_SIG_A_SAM,standardized_mean,ballooning,18,0.4807355174612073,0.25373126872618157,-0.016568630993762712,0.9780396659161773,0.05813692115667969,0.2317238888744091,0.22031119280195033,1.0435539835515637,0.3488215269400782
GSE202379,non_end_stage_primary_exploratory,minimal_age_sex,macrophage_monocyte,RAM2019_MAC_SIG_A_SAM,standardized_mean,inflammation,18,-0.10187290236116442,0.2951010734001299,-0.68026037802453,0.47651457330220115,0.7299337991566188,0.021458985019902177,0.010046288947443416,1.0298848765249997,0.7299337991566187
GSE202379,non_end_stage_primary_exploratory,joint_histology_age_sex,macrophage_monocyte,RAM2019_MAC_SIG_A_SAM,standardized_mean,fibrosis,18,-0.26335855912796724,0.5392206657473843,-1.320211643712551,0.7934945254566166,0.6252623576176631,0.4126865089769529,0.028186691774975015,2.323343875966578,0.8846387008319126
GSE202379,non_end_stage_primary_exploratory,joint_histology_age_sex,macrophage_monocyte,RAM2019_MAC_SIG_A_SAM,standardized_mean,steatosis,18,-0.30147101551358063,0.664353957308852,-1.6035808448255913,1.00063881379843,0.6499866634444607,0.4126865089769529,0.044098358860817144,1.9712886126230542,0.9763316493847906
GSE202379,non_end_stage_primary_exploratory,joint_histology_age_sex,macrophage_monocyte,RAM2019_MAC_SIG_A_SAM,standardized_mean,ballooning,18,0.9322719908428865,0.5414261490093685,-0.12890376150369232,1.9934477431894653,0.08509087938042736,0.4126865089769529,0.3194227365896932,2.5762855040656354,0.5105452762825642
GSE202379,non_end_stage_primary_exploratory,joint_histology_age_sex,macrophage_monocyte,RAM2019_MAC_SIG_A_SAM,standardized_mean,inflammation,18,-0.2699748066686495,0.5293992163642203,-1.3075782041862487,0.7676285908489499,0.6100763327500707,0.4126865089769529,0.04419134732205654,1.6151618824214482,0.94381363840126
GSE202379,non_end_stage_primary_exploratory,minimal_age_sex,macrophage_monocyte,RAM2019_MAC_SIG_B_SAM,singscore,fibrosis,18,-0.0076612687821227664,0.2448560734712639,-0.48757035418169337,0.47224781661744786,0.9750391700000736,0.07003954512363186,5.201185809911024e-05,1.1214426373292743,0.9750391700000737
GSE202379,non_end_stage_primary_exploratory,minimal_age_sex,macrophage_monocyte,RAM2019_MAC_SIG_B_SAM,singscore,steatosis,18,0.05699151988472402,0.3216256193566345,-0.573383110559668,0.6873661503291161,0.859352614092038,0.07278554095731016,0.0027980076917774044,1.1554577667052146,0.8752447849965482
GSE202379,non_end_stage_primary_exploratory,minimal_age_sex,macrophage_monocyte,RAM2019_MAC_SIG_B_SAM,singscore,ballooning,18,0.3382709440687669,0.3689957411278634,-0.38494741899051055,1.0614893071280442,0.3592820416907746,0.1790696441415205,0.10908211087598774,1.0435539835515637,0.8175677606879196
GSE202379,non_end_stage_primary_exploratory,minimal_age_sex,macrophage_monocyte,RAM2019_MAC_SIG_B_SAM,singscore,inflammation,18,-0.24347962655787056,0.21535498329289654,-0.6655676377031728,0.1786083845874317,0.25822489056092435,0.12737453832505896,0.05738700505952621,1.0298848765249997,0.41751401110998526
GSE202379,non_end_stage_primary_exploratory,joint_histology_age_sex,macrophage_monocyte,RAM2019_MAC_SIG_B_SAM,singscore,fibrosis,18,-0.34531958160440895,0.5328080236265446,-1.3896041185864025,0.6989649553775845,0.5169121395240924,0.4215649973652231,0.04846091876511027,2.323343875966578,0.8837606456026553
GSE202379,non_end_stage_primary_exploratory,joint_histology_age_sex,macrophage_monocyte,RAM2019_MAC_SIG_B_SAM,singscore,steatosis,18,-0.13022625117828907,0.6237517944373763,-1.3527573035677778,1.0923048012111998,0.83462079657941,0.4215649973652231,0.00822864595801831,1.9712886126230542,0.916857208329474
GSE202379,non_end_stage_primary_exploratory,joint_histology_age_sex,macrophage_monocyte,RAM2019_MAC_SIG_B_SAM,singscore,ballooning,18,0.8124462835860881,0.5277972355847779,-0.22201728929987874,1.8469098564720547,0.12372737587633913,0.4215649973652231,0.2425883082994793,2.5762855040656354,0.37118212762901737
GSE202379,non_end_stage_primary_exploratory,joint_histology_age_sex,macrophage_monocyte,RAM2019_MAC_SIG_B_SAM,singscore,inflammation,18,-0.3972812530579841,0.49974472343262777,-1.3767629124498646,0.5822004063338964,0.42663189584001315,0.4215649973652231,0.09569448489053434,1.6151618824214482,0.6358044221594001
GSE202379,non_end_stage_primary_exploratory,minimal_age_sex,macrophage_monocyte,RAM2019_MAC_SIG_B_SAM,standardized_mean,fibrosis,18,-0.0109753849392192,0.26731086395038123,-0.5348950509582527,0.5129442810798143,0.9672492534247771,0.06190806141018146,0.0001067432676111757,1.1214426373292743,0.9672492534247771
GSE202379,non_end_stage_primary_exploratory,minimal_age_sex,macrophage_monocyte,RAM2019_MAC_SIG_B_SAM,standardized_mean,steatosis,18,-0.020785435484870926,0.32898886297091634,-0.6655917582226499,0.6240208872529082,0.9496233664033582,0.06217349270101902,0.0003721745584487346,1.1554577667052146,0.9496233664033582
GSE202379,non_end_stage_primary_exploratory,minimal_age_sex,macrophage_monocyte,RAM2019_MAC_SIG_B_SAM,standardized_mean,ballooning,18,0.269675756909497,0.3429272722987734,-0.402449346112659,0.941800859931653,0.4316370261854072,0.13112920377645298,0.0693278856338827,1.0435539835515637,0.6474555392781108
GSE202379,non_end_stage_primary_exploratory,minimal_age_sex,macrophage_monocyte,RAM2019_MAC_SIG_B_SAM,standardized_mean,inflammation,18,-0.1905085048746703,0.20042929054482356,-0.5833426957894389,0.20232568604009826,0.3418570776147468,0.0969344643919996,0.035133146249429315,1.0298848765249997,0.7299337991566187
GSE202379,non_end_stage_primary_exploratory,joint_histology_age_sex,macrophage_monocyte,RAM2019_MAC_SIG_B_SAM,standardized_mean,fibrosis,18,-0.3313238816232825,0.6357172057557017,-1.5773067092568969,0.9146589460103319,0.6022405214560519,0.3047115672813242,0.04461231016206724,2.323343875966578,0.8846387008319126
GSE202379,non_end_stage_primary_exploratory,joint_histology_age_sex,macrophage_monocyte,RAM2019_MAC_SIG_B_SAM,standardized_mean,steatosis,18,-0.2271324862013292,0.7195159616717643,-1.6373578573796892,1.183092884977031,0.7522499585594276,0.3047115672813242,0.025031669094035758,1.9712886126230542,0.9763316493847906
GSE202379,non_end_stage_primary_exploratory,joint_histology_age_sex,macrophage_monocyte,RAM2019_MAC_SIG_B_SAM,standardized_mean,ballooning,18,0.7250041711629511,0.6024474058444274,-0.45577104687171177,1.905779389197614,0.2288093933541835,0.3047115672813242,0.1931797339116894,2.5762855040656354,0.595704926277093
GSE202379,non_end_stage_primary_exploratory,joint_histology_age_sex,macrophage_monocyte,RAM2019_MAC_SIG_B_SAM,standardized_mean,inflammation,18,-0.266990880530326,0.5320007025307448,-1.3096930972405927,0.7757113361799406,0.615764671162698,0.3047115672813242,0.0432198863261819,1.6151618824214482,0.94381363840126
GSE202379,non_end_stage_primary_exploratory,minimal_age_sex,macrophage_monocyte,RAM2019_MAC_SIG_C_KC,singscore,fibrosis,18,-0.2419717127058264,0.26785523474361683,-0.7669583258738372,0.28301490046218436,0.3663308849652429,0.5570615659116762,0.05188360781414714,1.1214426373292743,0.9750391700000737
GSE202379,non_end_stage_primary_exploratory,minimal_age_sex,macrophage_monocyte,RAM2019_MAC_SIG_C_KC,singscore,steatosis,18,0.15004085354480468,0.21836187146596758,-0.27794055012525626,0.5780222572148657,0.4920069837247477,0.5245710688586764,0.01939311076114736,1.1554577667052146,0.8752447849965482
GSE202379,non_end_stage_primary_exploratory,minimal_age_sex,macrophage_monocyte,RAM2019_MAC_SIG_C_KC,singscore,ballooning,18,0.05681878674009974,0.24631595874605355,-0.42595162121961894,0.5395891946998185,0.8175677606879195,0.5082555289094235,0.0030775708118944145,1.0435539835515637,0.8175677606879196
GSE202379,non_end_stage_primary_exploratory,minimal_age_sex,macrophage_monocyte,RAM2019_MAC_SIG_C_KC,singscore,inflammation,18,-0.23451637650585863,0.2498535874053437,-0.7242204092284628,0.25518765621674544,0.3479283425916544,0.5584175425265412,0.05323958442901211,1.0298848765249997,0.41751401110998526
GSE202379,non_end_stage_primary_exploratory,joint_histology_age_sex,macrophage_monocyte,RAM2019_MAC_SIG_C_KC,singscore,fibrosis,18,-0.35891739175560267,0.3460902487271908,-1.0372418146614057,0.3194070311502005,0.2997064971749669,0.6966495236234307,0.052352597912201815,2.323343875966578,0.8837606456026553
GSE202379,non_end_stage_primary_exploratory,joint_histology_age_sex,macrophage_monocyte,RAM2019_MAC_SIG_C_KC,singscore,steatosis,18,0.2014185084124977,0.25659871833620923,-0.3015057380056099,0.7043427548306054,0.43247981264498314,0.6966495236234307,0.019684756664687497,1.9712886126230542,0.916857208329474
GSE202379,non_end_stage_primary_exploratory,joint_histology_age_sex,macrophage_monocyte,RAM2019_MAC_SIG_C_KC,singscore,ballooning,18,0.32761269442573826,0.3426230349441059,-0.34391611433851776,0.9991415031899943,0.33897628860347195,0.6966495236234307,0.03944591152382171,2.5762855040656354,0.5084644329052079
GSE202379,non_end_stage_primary_exploratory,joint_histology_age_sex,macrophage_monocyte,RAM2019_MAC_SIG_C_KC,singscore,inflammation,18,-0.31157633528402173,0.3180574437974861,-0.9349574701419668,0.3118047995739234,0.3272723280919376,0.6966495236234307,0.05885992370245419,1.6151618824214482,0.6358044221594001
GSE202379,non_end_stage_primary_exploratory,minimal_age_sex,macrophage_monocyte,RAM2019_MAC_SIG_C_KC,standardized_mean,fibrosis,18,-0.2749750482978755,0.20999555070716344,-0.6865587645975706,0.13660866800181953,0.19038780897928131,0.5916525055840509,0.06700196580737883,1.1214426373292743,0.9026320876808298
GSE202379,non_end_stage_primary_exploratory,minimal_age_sex,macrophage_monocyte,RAM2019_MAC_SIG_C_KC,standardized_mean,steatosis,18,-0.039566238730675926,0.18892512400443728,-0.4098526775541366,0.33072020009278474,0.8341140214214946,0.5259991236434136,0.0013485838667415262,1.1554577667052146,0.9496233664033582
GSE202379,non_end_stage_primary_exploratory,minimal_age_sex,macrophage_monocyte,RAM2019_MAC_SIG_C_KC,standardized_mean,ballooning,18,-0.16801287318841956,0.2001082107002593,-0.5602177591716805,0.22419201279484136,0.4011270389306584,0.5515602648060032,0.02690972502933109,1.0435539835515637,0.6474555392781108
GSE202379,non_end_stage_primary_exploratory,minimal_age_sex,macrophage_monocyte,RAM2019_MAC_SIG_C_KC,standardized_mean,inflammation,18,-0.0990443995318487,0.20731879843727716,-0.5053817777870308,0.3072929787233334,0.6328355564329617,0.5341467026099671,0.009496162833295019,1.0298848765249997,0.7299337991566187
GSE202379,non_end_stage_primary_exploratory,joint_histology_age_sex,macrophage_monocyte,RAM2019_MAC_SIG_C_KC,standardized_mean,fibrosis,18,-0.2927942774520268,0.4105275495009099,-1.0974134891352945,0.5118249342312409,0.4757129197536598,0.5926039561714416,0.034839699482678954,2.323343875966578,0.8846387008319126
GSE202379,non_end_stage_primary_exploratory,joint_histology_age_sex,macrophage_monocyte,RAM2019_MAC_SIG_C_KC,standardized_mean,steatosis,18,0.011486036201746652,0.38714935544240076,-0.7473127571032547,0.7702848295067481,0.9763316493847906,0.5926039561714416,6.401351293483515e-05,1.9712886126230542,0.9763316493847906
GSE202379,non_end_stage_primary_exploratory,joint_histology_age_sex,macrophage_monocyte,RAM2019_MAC_SIG_C_KC,standardized_mean,ballooning,18,0.0019089110276802046,0.43840537868657775,-0.857349841826656,0.8611676638820164,0.9965258505067844,0.5926039561714416,1.3392200008954802e-06,2.5762855040656354,0.9965258505067845
GSE202379,non_end_stage_primary_exploratory,joint_histology_age_sex,macrophage_monocyte,RAM2019_MAC_SIG_C_KC,standardized_mean,inflammation,18,0.028090437723227196,0.2880546859813551,-0.5364863723782236,0.592667247824678,0.9223152586064046,0.5926039561714416,0.00047841829439398964,1.6151618824214482,0.987407761226025
GSE202379,non_end_stage_primary_exploratory,minimal_age_sex,macrophage_monocyte,RAM2019_MAC_SIG_D_TMO,singscore,fibrosis,18,-0.011896058190103094,0.18979957684735482,-0.38389639309186085,0.3601042767116547,0.9500237542023008,0.082297248494002,0.0001254027702928262,1.1214426373292743,0.9750391700000737
GSE202379,non_end_stage_primary_exploratory,minimal_age_sex,macrophage_monocyte,RAM2019_MAC_SIG_D_TMO,singscore,steatosis,18,-0.07671527841650827,0.4886320973955207,-1.034416591001997,0.8809860341689802,0.8752447849965482,0.08724166124639077,0.005069815522681598,1.1554577667052146,0.8752447849965482
GSE202379,non_end_stage_primary_exploratory,minimal_age_sex,macrophage_monocyte,RAM2019_MAC_SIG_D_TMO,singscore,ballooning,18,0.14421768010842115,0.3084554725352453,-0.46034393689494346,0.7487792971117858,0.640107995827737,0.1019990350198331,0.019827189296123926,1.0435539835515637,0.8175677606879196
GSE202379,non_end_stage_primary_exploratory,minimal_age_sex,macrophage_monocyte,RAM2019_MAC_SIG_D_TMO,singscore,inflammation,18,-0.5190831146670583,0.3821883123739316,-1.268158442232108,0.22999221289799154,0.1744044232461317,0.3430045895664394,0.26083274384273025,1.0298848765249997,0.41751401110998526
GSE202379,non_end_stage_primary_exploratory,joint_histology_age_sex,macrophage_monocyte,RAM2019_MAC_SIG_D_TMO,singscore,fibrosis,18,0.05326278354591346,0.3643054971891528,-0.6607628703147839,0.7672884374066109,0.8837606456026553,0.5229095964617207,0.0011529140982500241,2.323343875966578,0.8837606456026553
GSE202379,non_end_stage_primary_exploratory,joint_histology_age_sex,macrophage_monocyte,RAM2019_MAC_SIG_D_TMO,singscore,steatosis,18,0.04781042509992838,0.45798348298931457,-0.8498207070733407,0.9454415572731975,0.916857208329474,0.5229095964617207,0.0011091148239419368,1.9712886126230542,0.916857208329474
GSE202379,non_end_stage_primary_exploratory,joint_histology_age_sex,macrophage_monocyte,RAM2019_MAC_SIG_D_TMO,singscore,ballooning,18,0.43843500256444884,0.3594049611837359,-0.26598577722068956,1.1428557823495873,0.2225060661245316,0.5229095964617207,0.07064655533134645,2.5762855040656354,0.4450121322490632
GSE202379,non_end_stage_primary_exploratory,joint_histology_age_sex,macrophage_monocyte,RAM2019_MAC_SIG_D_TMO,singscore,inflammation,18,-0.7645611058784327,0.4537407890251777,-1.653876710684568,0.12475449892770263,0.09198522244677504,0.5229095964617207,0.3544175077878501,1.6151618824214482,0.5519113346806502
GSE202379,non_end_stage_primary_exploratory,minimal_age_sex,macrophage_monocyte,RAM2019_MAC_SIG_D_TMO,standardized_mean,fibrosis,18,0.13455348252824806,0.1533370761176481,-0.1659816641570191,0.4350886292135152,0.3802144169555437,0.09827347291214272,0.016043194780265724,1.1214426373292743,0.9026320876808298
GSE202379,non_end_stage_primary_exploratory,minimal_age_sex,macrophage_monocyte,RAM2019_MAC_SIG_D_TMO,standardized_mean,steatosis,18,0.039748544588637025,0.4949747187139815,-0.9303840773486107,1.0098811665258847,0.9359953246649029,0.08359131813032739,0.0013610399984503863,1.1554577667052146,0.9496233664033582
GSE202379,non_end_stage_primary_exploratory,minimal_age_sex,macrophage_monocyte,RAM2019_MAC_SIG_D_TMO,standardized_mean,ballooning,18,0.2650182226981987,0.23245496649459046,-0.19058513965866358,0.720621585055061,0.25425124494850526,0.14918413765979022,0.06695385952791322,1.0435539835515637,0.6474555392781108
GSE202379,non_end_stage_primary_exploratory,minimal_age_sex,macrophage_monocyte,RAM2019_MAC_SIG_D_TMO,standardized_mean,inflammation,18,-0.3497340585167157,0.4416993955758469,-1.2154489658384862,0.5159808488050548,0.4284819536548644,0.2006336749052423,0.11840339677336531,1.0298848765249997,0.7299337991566187
GSE202379,non_end_stage_primary_exploratory,joint_histology_age_sex,macrophage_monocyte,RAM2019_MAC_SIG_D_TMO,standardized_mean,fibrosis,18,0.1417943229239441,0.34940302156402403,-0.5430230154310148,0.8266116612789031,0.684875727272864,0.43000552838782746,0.00817084398075929,2.323343875966578,0.8846387008319126
GSE202379,non_end_stage_primary_exploratory,joint_histology_age_sex,macrophage_monocyte,RAM2019_MAC_SIG_D_TMO,standardized_mean,steatosis,18,0.09346079167545507,0.4783588394011756,-0.8441053052372288,1.0310268885881388,0.8450970408790577,0.43000552838782746,0.004238285520724361,1.9712886126230542,0.9763316493847906
GSE202379,non_end_stage_primary_exploratory,joint_histology_age_sex,macrophage_monocyte,RAM2019_MAC_SIG_D_TMO,standardized_mean,ballooning,18,0.4255491750812067,0.40876930083916907,-0.37562393254918314,1.2267222827115964,0.2978524631385465,0.43000552838782746,0.0665549036547789,2.5762855040656354,0.595704926277093
GSE202379,non_end_stage_primary_exploratory,joint_histology_age_sex,macrophage_monocyte,RAM2019_MAC_SIG_D_TMO,standardized_mean,inflammation,18,-0.6502926374019745,0.48645870580745765,-1.6037341807505572,0.30314890594660815,0.18129152715511965,0.43000552838782746,0.2563943430665384,1.6151618824214482,0.94381363840126
GSE202379,non_end_stage_primary_exploratory,minimal_age_sex,macrophage_monocyte,RAM2019_MAC_SIG_E_TMO,singscore,fibrosis,18,-0.18331653360910166,0.244650114084433,-0.6628219460282058,0.29618887881000244,0.4536759074986513,0.13381018690457613,0.02977859778031433,1.1214426373292743,0.9750391700000737
GSE202379,non_end_stage_primary_exploratory,minimal_age_sex,macrophage_monocyte,RAM2019_MAC_SIG_E_TMO,singscore,steatosis,18,-0.14706526560660324,0.37126826798809504,-0.8747376994658346,0.580607168252628,0.6920195261941422,0.12266312465267559,0.01863153552841379,1.1554577667052146,0.8752447849965482
GSE202379,non_end_stage_primary_exploratory,minimal_age_sex,macrophage_monocyte,RAM2019_MAC_SIG_E_TMO,singscore,ballooning,18,-0.08227316199372275,0.20258566451764415,-0.47933376823241924,0.31478744424497374,0.6846577970934508,0.11048427494807578,0.006452685823813975,1.0435539835515637,0.8175677606879196
GSE202379,non_end_stage_primary_exploratory,minimal_age_sex,macrophage_monocyte,RAM2019_MAC_SIG_E_TMO,singscore,inflammation,18,-0.17810565946133702,0.23937500766663838,-0.6472720532869476,0.2910607343642735,0.4568495499598998,0.1347390385856615,0.030707449461399694,1.0298848765249997,0.45684954995989974
GSE202379,non_end_stage_primary_exploratory,joint_histology_age_sex,macrophage_monocyte,RAM2019_MAC_SIG_E_TMO,singscore,fibrosis,18,-0.24341676726565942,0.5725821354149543,-1.365657130870006,0.8788235963386871,0.6707483715971976,0.16315076473181178,0.024079652342048563,2.323343875966578,0.8837606456026553
GSE202379,non_end_stage_primary_exploratory,joint_histology_age_sex,macrophage_monocyte,RAM2019_MAC_SIG_E_TMO,singscore,steatosis,18,-0.16352860221436546,0.7099279846744873,-1.5549618837934638,1.227904679364733,0.8178234323206897,0.16315076473181178,0.012975340058440255,1.9712886126230542,0.916857208329474
GSE202379,non_end_stage_primary_exploratory,joint_histology_age_sex,macrophage_monocyte,RAM2019_MAC_SIG_E_TMO,singscore,ballooning,18,0.1985224122446086,0.5181300946390522,-0.8169939125542636,1.2140387370434806,0.7016073085804633,0.16315076473181178,0.014484371007728591,2.5762855040656354,0.707457752031062
GSE202379,non_end_stage_primary_exploratory,joint_histology_age_sex,macrophage_monocyte,RAM2019_MAC_SIG_E_TMO,singscore,inflammation,18,-0.08369827896512033,0.46740880275097146,-0.9998026984140105,0.8324061404837699,0.8578837714728151,0.16315076473181178,0.004247406437385304,1.6151618824214482,0.8578837714728151
GSE202379,non_end_stage_primary_exploratory,minimal_age_sex,macrophage_monocyte,RAM2019_MAC_SIG_E_TMO,standardized_mean,fibrosis,18,-0.11463238421830901,0.33647135544235035,-0.7741041227146908,0.5448393542780727,0.7333370613161664,0.09280140617963073,0.01164435994065749,1.1214426373292743,0.9672492534247771
GSE202379,non_end_stage_primary_exploratory,minimal_age_sex,macrophage_monocyte,RAM2019_MAC_SIG_E_TMO,standardized_mean,steatosis,18,-0.16034468460823803,0.3573908871062598,-0.8608179517393276,0.5401285825228516,0.6536816088881006,0.10330520159633039,0.022148155357357147,1.1554577667052146,0.9496233664033582
GSE202379,non_end_stage_primary_exploratory,minimal_age_sex,macrophage_monocyte,RAM2019_MAC_SIG_E_TMO,standardized_mean,ballooning,18,-0.03413516177608522,0.21213175241966226,-0.4499057564959907,0.38163543294382024,0.8721604191301859,0.08226782629498375,0.0011107800560105074,1.0435539835515637,0.937227253350665
GSE202379,non_end_stage_primary_exploratory,minimal_age_sex,macrophage_monocyte,RAM2019_MAC_SIG_E_TMO,standardized_mean,inflammation,18,-0.11038609597649195,0.1738388268458464,-0.45110393570904556,0.23033174375606164,0.525434264260638,0.09295256522771,0.011795518988736764,1.0298848765249997,0.7299337991566187
GSE202379,non_end_stage_primary_exploratory,joint_histology_age_sex,macrophage_monocyte,RAM2019_MAC_SIG_E_TMO,standardized_mean,fibrosis,18,-0.22449693710555788,0.7034697998983286,-1.6032724091178805,1.1542785349067648,0.7496294230508688,0.13068055432809178,0.02048189200109607,2.323343875966578,0.8846387008319126
GSE202379,non_end_stage_primary_exploratory,joint_histology_age_sex,macrophage_monocyte,RAM2019_MAC_SIG_E_TMO,standardized_mean,steatosis,18,-0.24458494376128095,0.7431026148265736,-1.7010393056389053,1.2118694181163432,0.7420497197516458,0.13068055432809178,0.029026237050439607,1.9712886126230542,0.9763316493847906
GSE202379,non_end_stage_primary_exploratory,joint_histology_age_sex,macrophage_monocyte,RAM2019_MAC_SIG_E_TMO,standardized_mean,ballooning,18,0.2413410771111849,0.5340938963302942,-0.8054637240588612,1.288145878281231,0.6513625457254756,0.13068055432809178,0.021406370922191997,2.5762855040656354,0.8839424462583441
GSE202379,non_end_stage_primary_exploratory,joint_histology_age_sex,macrophage_monocyte,RAM2019_MAC_SIG_E_TMO,standardized_mean,inflammation,18,-0.007377810362000907,0.4674622764181213,-0.9235870362726262,0.9088314155486243,0.987407761226025,0.13068055432809178,3.300241650761038e-05,1.6151618824214482,0.987407761226025
GSE202379,non_end_stage_primary_exploratory,minimal_age_sex,macrophage_monocyte,RAM2019_MAC_SIG_F_CDC1,singscore,fibrosis,18,-0.1092943184173007,0.26092186902304815,-0.6206917844813522,0.40210314764675087,0.6753056105008137,0.011354386883259626,0.01058512870573125,1.1214426373292743,0.9750391700000737
GSE202379,non_end_stage_primary_exploratory,minimal_age_sex,macrophage_monocyte,RAM2019_MAC_SIG_F_CDC1,singscore,steatosis,18,-0.390792398715857,0.3946775936294158,-1.1643462677344472,0.382761470302733,0.3220978611056442,0.1323282816282021,0.13155902345067372,1.1554577667052146,0.8752447849965482
GSE202379,non_end_stage_primary_exploratory,minimal_age_sex,macrophage_monocyte,RAM2019_MAC_SIG_F_CDC1,singscore,ballooning,18,-0.1224292629922627,0.44605768645544946,-0.9966862634722036,0.7518277374876781,0.7837237828724861,0.015058020515401171,0.014288762337872796,1.0435539835515637,0.8175677606879196
GSE202379,non_end_stage_primary_exploratory,minimal_age_sex,macrophage_monocyte,RAM2019_MAC_SIG_F_CDC1,singscore,inflammation,18,-0.5357164539996788,0.3609026520960772,-1.243072654032979,0.17163974603362153,0.13770830266074072,0.27858591270528466,0.2778166545277563,1.0298848765249997,0.41751401110998526
GSE202379,non_end_stage_primary_exploratory,joint_histology_age_sex,macrophage_monocyte,RAM2019_MAC_SIG_F_CDC1,singscore,fibrosis,18,0.06840144727136233,0.4532461737264087,-0.8199447293629832,0.9567476239057079,0.8800431141348046,0.3399779482693005,0.001901427685914947,2.323343875966578,0.8837606456026553
GSE202379,non_end_stage_primary_exploratory,joint_histology_age_sex,macrophage_monocyte,RAM2019_MAC_SIG_F_CDC1,singscore,steatosis,18,-0.2515465401186636,0.619706957033215,-1.4661498568726758,0.9630567766353486,0.6848072015596784,0.3399779482693005,0.030702093927721275,1.9712886126230542,0.916857208329474
GSE202379,non_end_stage_primary_exploratory,joint_histology_age_sex,macrophage_monocyte,RAM2019_MAC_SIG_F_CDC1,singscore,ballooning,18,0.21999682751762778,0.5862320769583691,-0.9289969299028888,1.3689905849381445,0.707457752031062,0.3399779482693005,0.017787437589787958,2.5762855040656354,0.707457752031062
GSE202379,non_end_stage_primary_exploratory,joint_histology_age_sex,macrophage_monocyte,RAM2019_MAC_SIG_F_CDC1,singscore,inflammation,18,-0.5530910234636957,0.5694988065612506,-1.66928817356229,0.5631061266348987,0.3314541294404334,0.3399779482693005,0.18547440436982743,1.6151618824214482,0.6358044221594001
GSE202379,non_end_stage_primary_exploratory,minimal_age_sex,macrophage_monocyte,RAM2019_MAC_SIG_F_CDC1,standardized_mean,fibrosis,18,0.012665272529680527,0.2561764499081629,-0.489431342977648,0.5147618880370091,0.9605689352912428,0.0018244078448309553,0.0001421444965115093,1.1214426373292743,0.9672492534247771
GSE202379,non_end_stage_primary_exploratory,minimal_age_sex,macrophage_monocyte,RAM2019_MAC_SIG_F_CDC1,standardized_mean,steatosis,18,-0.3509370884075353,0.38505073314623306,-1.1056226575948953,0.40374848077982467,0.3620821227457952,0.10777532020138048,0.10609305685306103,1.1554577667052146,0.9496233664033582
GSE202379,non_end_stage_primary_exploratory,minimal_age_sex,macrophage_monocyte,RAM2019_MAC_SIG_F_CDC1,standardized_mean,ballooning,18,-0.034240812802076775,0.43477467190829144,-0.8863835111325464,0.8179018855283928,0.937227253350665,0.002799929949348967,0.001117666601029521,1.0435539835515637,0.937227253350665
GSE202379,non_end_stage_primary_exploratory,minimal_age_sex,macrophage_monocyte,RAM2019_MAC_SIG_F_CDC1,standardized_mean,inflammation,18,-0.33468723661919536,0.39747285166842644,-1.1137197107217423,0.4443452374833516,0.3997666953745921,0.11011654524698378,0.10843428189866433,1.0298848765249997,0.7299337991566187
GSE202379,non_end_stage_primary_exploratory,joint_histology_age_sex,macrophage_monocyte,RAM2019_MAC_SIG_F_CDC1,standardized_mean,fibrosis,18,0.08346442928664696,0.5752541079977919,-1.0440129043477397,1.2109417629210335,0.8846387008319125,0.20431728977247687,0.002831079648139112,2.323343875966578,0.8846387008319126
GSE202379,non_end_stage_primary_exploratory,joint_histology_age_sex,macrophage_monocyte,RAM2019_MAC_SIG_F_CDC1,standardized_mean,steatosis,18,-0.34212842052974646,0.7732727057945802,-1.8577150741149606,1.173458233055468,0.6581693004489413,0.20431728977247687,0.05679493468137631,1.9712886126230542,0.9763316493847906
GSE202379,non_end_stage_primary_exploratory,joint_histology_age_sex,macrophage_monocyte,RAM2019_MAC_SIG_F_CDC1,standardized_mean,ballooning,18,0.24136133688577743,0.7176230874248022,-1.1651540689412734,1.6478767427128282,0.7366187052152868,0.20431728977247687,0.021409965059238534,2.5762855040656354,0.8839424462583441
GSE202379,non_end_stage_primary_exploratory,joint_histology_age_sex,macrophage_monocyte,RAM2019_MAC_SIG_F_CDC1,standardized_mean,inflammation,18,-0.32762613031582843,0.6785392409425887,-1.6575386046604481,1.0022863440287915,0.6292090922675067,0.20431728977247687,0.0650800427535253,1.6151618824214482,0.94381363840126
GSE202379,non_end_stage_primary_exploratory,minimal_age_sex,mesenchymal_hsc_myofibroblast,RAM2019_MES_HSC,singscore,fibrosis,22,0.03125147429572184,0.2419562871781055,-0.4429741344063954,0.505477082997839,0.8972297375111321,0.10394585691750768,0.0008688062527999474,1.1240890449893042,0.8972297375111321
GSE202379,non_end_stage_primary_exploratory,minimal_age_sex,mesenchymal_hsc_myofibroblast,RAM2019_MES_HSC,singscore,steatosis,22,-0.3611053976705759,0.23844403947625892,-0.8284471273722903,0.10623633203113847,0.12991831302733647,0.22469249306981454,0.1216154424051068,1.0482048807233735,0.19904875772644337
GSE202379,non_end_stage_primary_exploratory,minimal_age_sex,mesenchymal_hsc_myofibroblast,RAM2019_MES_HSC,singscore,ballooning,22,-0.20233638004959448,0.2253134766310892,-0.6439426794780364,0.23926991937884745,0.3691740073555798,0.13541238112797283,0.03233533046326509,1.2655929360986602,0.4430088088266958
GSE202379,non_end_stage_primary_exploratory,minimal_age_sex,mesenchymal_hsc_myofibroblast,RAM2019_MES_HSC,singscore,inflammation,22,-0.34922730718874856,0.24588179372527794,-0.8311467673444,0.13269215296690284,0.15551870951948235,0.21617373285013608,0.11309668218542834,1.0697923080738136,0.3110374190389647
GSE202379,non_end_stage_primary_exploratory,joint_histology_age_sex,mesenchymal_hsc_myofibroblast,RAM2019_MES_HSC,singscore,fibrosis,22,0.2201825022478916,0.3831898445721566,-0.5308557923550364,0.9712207968508196,0.5655589965106149,0.294396593950332,0.020141433095237415,2.4039614183454243,0.6786707958127379
GSE202379,non_end_stage_primary_exploratory,joint_histology_age_sex,mesenchymal_hsc_myofibroblast,RAM2019_MES_HSC,singscore,steatosis,22,-0.1777582855947467,0.3001211140596807,-0.7659848601517586,0.41046828896226517,0.5536574128415883,0.294396593950332,0.014657933695058412,2.112779310758981,0.5536574128415883
GSE202379,non_end_stage_primary_exploratory,joint_histology_age_sex,mesenchymal_hsc_myofibroblast,RAM2019_MES_HSC,singscore,ballooning,22,-0.11023338918851919,0.3474808455451604,-0.7912833317745589,0.5708165533975205,0.7510646323151018,0.294396593950332,0.0039807523803101486,3.033799178090028,0.8984086646238018
GSE202379,non_end_stage_primary_exploratory,joint_histology_age_sex,mesenchymal_hsc_myofibroblast,RAM2019_MES_HSC,singscore,inflammation,22,-0.33261059972350593,0.2748073222258236,-0.8712230539740137,0.20600185452700182,0.22614802863906192,0.294396593950332,0.06873129127472977,1.6085051660071523,0.8566255587764985
GSE202379,non_end_stage_primary_exploratory,minimal_age_sex,mesenchymal_hsc_myofibroblast,RAM2019_MES_HSC,standardized_mean,fibrosis,22,-0.06472043676697381,0.24577379631229243,-0.5464282258827502,0.4169873523488025,0.792293658046421,0.21651429699962876,0.0037261882890770037,1.1240890449893042,0.7922936580464212
GSE202379,non_end_stage_primary_exploratory,minimal_age_sex,mesenchymal_hsc_myofibroblast,RAM2019_MES_HSC,standardized_mean,steatosis,22,-0.24066856811352627,0.1935032257011855,-0.6199279213801752,0.13859078515312268,0.2135936212204168,0.2668087221866541,0.05402061347610232,1.0482048807233735,0.25631234546450016
GSE202379,non_end_stage_primary_exploratory,minimal_age_sex,mesenchymal_hsc_myofibroblast,RAM2019_MES_HSC,standardized_mean,ballooning,22,-0.21373677250190087,0.19800963154077594,-0.6018285189138681,0.17435497391006632,0.280397802691147,0.24886987974121144,0.03608177103065968,1.2655929360986602,0.31391849179104514
GSE202379,non_end_stage_primary_exploratory,minimal_age_sex,mesenchymal_hsc_myofibroblast,RAM2019_MES_HSC,standardized_mean,inflammation,22,-0.3324179154946445,0.20123020408777215,-0.7268218681083227,0.061986037119033666,0.09854912100017083,0.31525942567612186,0.1024713169655701,1.0697923080738136,0.2956473630005125
GSE202379,non_end_stage_primary_exploratory,joint_histology_age_sex,mesenchymal_hsc_myofibroblast,RAM2019_MES_HSC,standardized_mean,fibrosis,22,0.15205535177420187,0.4516101329844979,-0.7330842439287584,1.037194947477162,0.7363460348974288,0.3404733246694365,0.009605681507282693,2.4039614183454243,0.8836152418769145
GSE202379,non_end_stage_primary_exploratory,joint_histology_age_sex,mesenchymal_hsc_myofibroblast,RAM2019_MES_HSC,standardized_mean,steatosis,22,-0.03611716625221678,0.3600567127647805,-0.7418153556630698,0.6695810231586361,0.9200984890144448,0.3404733246694365,0.0006051184341777649,2.112779310758981,0.9200984890144448
GSE202379,non_end_stage_primary_exploratory,joint_histology_age_sex,mesenchymal_hsc_myofibroblast,RAM2019_MES_HSC,standardized_mean,ballooning,22,-0.16250248760284358,0.4288467096759791,-1.0030265934562674,0.6780216182505802,0.7047405316932545,0.3404733246694365,0.00865085176144198,3.033799178090028,0.8731281157805683
GSE202379,non_end_stage_primary_exploratory,joint_histology_age_sex,mesenchymal_hsc_myofibroblast,RAM2019_MES_HSC,standardized_mean,inflammation,22,-0.3273205631720269,0.2786777035956187,-0.8735188255137678,0.21887769916971406,0.2401752761941106,0.3404733246694365,0.06656239070805559,1.6085051660071523,0.8895093102229308
GSE202379,non_end_stage_primary_exploratory,minimal_age_sex,mesenchymal_hsc_myofibroblast,RAM2019_MES_MESOTHELIAL,singscore,fibrosis,22,0.47235214937115166,0.3048859488968261,-0.12521332985894684,1.0699176286012502,0.12131564978919934,0.20327764077448918,0.19847860983943622,1.1240890449893042,0.4222793582158757
GSE202379,non_end_stage_primary_exploratory,minimal_age_sex,mesenchymal_hsc_myofibroblast,RAM2019_MES_MESOTHELIAL,singscore,steatosis,22,0.30585211343151886,0.2040317994944708,-0.09404286527854155,0.7057470921415793,0.13386289342178326,0.09204467143868744,0.08724564050363448,1.0482048807233735,0.19904875772644337
GSE202379,non_end_stage_primary_exploratory,minimal_age_sex,mesenchymal_hsc_myofibroblast,RAM2019_MES_MESOTHELIAL,singscore,ballooning,22,0.41190344324932693,0.2804820904251936,-0.13783135229255927,0.9616382387912131,0.14195346321107297,0.1388037821486332,0.13400475121358024,1.2655929360986602,0.336006457048625
GSE202379,non_end_stage_primary_exploratory,minimal_age_sex,mesenchymal_hsc_myofibroblast,RAM2019_MES_MESOTHELIAL,singscore,inflammation,22,0.3385392271518321,0.27546593747648324,-0.2013640892696374,0.8784425435733016,0.2190832529368142,0.1110790126482647,0.10627998171321174,1.0697923080738136,0.3286248794052213
GSE202379,non_end_stage_primary_exploratory,joint_histology_age_sex,mesenchymal_hsc_myofibroblast,RAM2019_MES_MESOTHELIAL,singscore,fibrosis,22,0.5139201042049892,0.43015648903794096,-0.32917112202557364,1.3570113304355522,0.23219322599090786,0.30000489852121337,0.1097276244064539,2.4039614183454243,0.6786707958127379
GSE202379,non_end_stage_primary_exploratory,joint_histology_age_sex,mesenchymal_hsc_myofibroblast,RAM2019_MES_MESOTHELIAL,singscore,steatosis,22,0.3468626127342153,0.37579485650979405,-0.3896817716003785,1.0834069970688092,0.356001713520259,0.30000489852121337,0.055812056981319635,2.112779310758981,0.42720205622431084
GSE202379,non_end_stage_primary_exploratory,joint_histology_age_sex,mesenchymal_hsc_myofibroblast,RAM2019_MES_MESOTHELIAL,singscore,ballooning,22,-0.09239201652273209,0.4705934888939025,-1.0147383061138309,0.8299542730683668,0.8443512216827098,0.30000489852121337,0.0027964543550134113,3.033799178090028,0.8984086646238018
GSE202379,non_end_stage_primary_exploratory,joint_histology_age_sex,mesenchymal_hsc_myofibroblast,RAM2019_MES_MESOTHELIAL,singscore,inflammation,22,0.03304679740428403,0.25826773926076463,-0.473148669915396,0.5392422647239641,0.898184128984844,0.30000489852121337,0.0006784863089415172,1.6085051660071523,0.8981841289848441
GSE202379,non_end_stage_primary_exploratory,minimal_age_sex,mesenchymal_hsc_myofibroblast,RAM2019_MES_MESOTHELIAL,standardized_mean,fibrosis,22,0.6003622617982349,0.26782252519822203,0.07543975816114867,1.125284765435321,0.02498450936204302,0.3303353553374321,0.3206333464913773,1.1240890449893042,0.1499070561722581
GSE202379,non_end_stage_primary_exploratory,minimal_age_sex,mesenchymal_hsc_myofibroblast,RAM2019_MES_MESOTHELIAL,standardized_mean,steatosis,22,0.26396915883602184,0.20614224418801763,-0.140062215464754,0.6680005331367977,0.2003624990471634,0.07468910635570447,0.0649870975096497,1.0482048807233735,0.25631234546450016
GSE202379,non_end_stage_primary_exploratory,minimal_age_sex,mesenchymal_hsc_myofibroblast,RAM2019_MES_MESOTHELIAL,standardized_mean,ballooning,22,0.47329826815673215,0.23334235811225104,0.015955650189072412,0.9306408861243919,0.042525284035829856,0.18663107394837053,0.17692906510231576,1.2655929360986602,0.16022015637778259
GSE202379,non_end_stage_primary_exploratory,minimal_age_sex,mesenchymal_hsc_myofibroblast,RAM2019_MES_MESOTHELIAL,standardized_mean,inflammation,22,0.3258670561159133,0.2981440843468338,-0.258484611407553,0.9102187236393797,0.27440032079986076,0.1081743784131487,0.09847236956709393,1.0697923080738136,0.4386913015776652
GSE202379,non_end_stage_primary_exploratory,joint_histology_age_sex,mesenchymal_hsc_myofibroblast,RAM2019_MES_MESOTHELIAL,standardized_mean,fibrosis,22,0.6659626424609798,0.41001986386796213,-0.13766152366624185,1.4695868085882013,0.10432877065779686,0.404167291556787,0.184257213016505,2.4039614183454243,0.35600882066866013
GSE202379,non_end_stage_primary_exploratory,joint_histology_age_sex,mesenchymal_hsc_myofibroblast,RAM2019_MES_MESOTHELIAL,standardized_mean,steatosis,22,0.33094415677347777,0.3503148383878438,-0.3556603097166656,1.0175486232636213,0.3448095366558569,0.404167291556787,0.05080687480863799,2.112779310758981,0.4137714439870283
GSE202379,non_end_stage_primary_exploratory,joint_histology_age_sex,mesenchymal_hsc_myofibroblast,RAM2019_MES_MESOTHELIAL,standardized_mean,ballooning,22,-0.0858903878840189,0.437984157364897,-0.9443235621183405,0.7725427863503026,0.8445288679196532,0.404167291556787,0.002416729097512782,3.033799178090028,0.8731281157805683
GSE202379,non_end_stage_primary_exploratory,joint_histology_age_sex,mesenchymal_hsc_myofibroblast,RAM2019_MES_MESOTHELIAL,standardized_mean,inflammation,22,-0.0349823302275856,0.2377904329101792,-0.5010430145997248,0.4310783541445536,0.8830419451743496,0.404167291556787,0.0007602909182847783,1.6085051660071523,0.8895093102229308
GSE202379,non_end_stage_primary_exploratory,minimal_age_sex,mesenchymal_hsc_myofibroblast,RAM2019_MES_SAMES,singscore,fibrosis,22,0.36824012877788553,0.29448897124308127,-0.2089476487028054,0.9454279062585764,0.21113967910793785,0.13067424756962254,0.12062689394098403,1.1240890449893042,0.4222793582158757
GSE202379,non_end_stage_primary_exploratory,minimal_age_sex,mesenchymal_hsc_myofibroblast,RAM2019_MES_SAMES,singscore,steatosis,22,0.4655165016238152,0.20178874689371878,0.07001782522665767,0.8610151780209727,0.021057620931422716,0.21215880678578158,0.20211145315714307,1.0482048807233735,0.1263457255885363
GSE202379,non_end_stage_primary_exploratory,minimal_age_sex,mesenchymal_hsc_myofibroblast,RAM2019_MES_SAMES,singscore,ballooning,22,0.4898058082402717,0.21250973325748707,0.07329438469138333,0.9063172317891601,0.02117425084120449,0.1995333909534055,0.189486037324767,1.2655929360986602,0.12704550504722695
GSE202379,non_end_stage_primary_exploratory,minimal_age_sex,mesenchymal_hsc_myofibroblast,RAM2019_MES_SAMES,singscore,inflammation,22,0.4268077470391843,0.28825794396116794,-0.13816744138227005,0.9917829354606387,0.1387011384411646,0.17897396164573232,0.1689266080170938,1.0697923080738136,0.3110374190389647
GSE202379,non_end_stage_primary_exploratory,joint_histology_age_sex,mesenchymal_hsc_myofibroblast,RAM2019_MES_SAMES,singscore,fibrosis,22,0.29171408474684724,0.3961287966752978,-0.4846840899759264,1.0681122594696209,0.4614798729163009,0.3527474588500884,0.03535408154565578,2.4039614183454243,0.6786707958127379
GSE202379,non_end_stage_primary_exploratory,joint_histology_age_sex,mesenchymal_hsc_myofibroblast,RAM2019_MES_SAMES,singscore,steatosis,22,0.3926059831060258,0.3554241313266152,-0.30401251353057446,1.089224479742626,0.2693274776794886,0.3527474588500884,0.07150342982850277,2.112779310758981,0.42720205622431084
GSE202379,non_end_stage_primary_exploratory,joint_histology_age_sex,mesenchymal_hsc_myofibroblast,RAM2019_MES_SAMES,singscore,ballooning,22,0.04799181230688747,0.37589970389931615,-0.6887580691350428,0.7847416937488176,0.8984086646238019,0.3527474588500884,0.0007545241483712939,3.033799178090028,0.8984086646238018
GSE202379,non_end_stage_primary_exploratory,joint_histology_age_sex,mesenchymal_hsc_myofibroblast,RAM2019_MES_SAMES,singscore,inflammation,22,0.14684292904401414,0.3045951633722354,-0.45015262103066106,0.7438384791186894,0.6297405050798379,0.3527474588500884,0.013396409358829131,1.6085051660071523,0.8837653237263672
GSE202379,non_end_stage_primary_exploratory,minimal_age_sex,mesenchymal_hsc_myofibroblast,RAM2019_MES_SAMES,standardized_mean,fibrosis,22,0.3790511008254446,0.2450903315487458,-0.10131712196907816,0.8594193236199673,0.12196524873652638,0.14944026543035416,0.12781371029521404,1.1240890449893042,0.18294787310478958
GSE202379,non_end_stage_primary_exploratory,minimal_age_sex,mesenchymal_hsc_myofibroblast,RAM2019_MES_SAMES,standardized_mean,steatosis,22,0.31528010666471873,0.20496565189569504,-0.08644518911861743,0.7170054024480549,0.12399740638073822,0.1143338483826527,0.09270729324751259,1.0482048807233735,0.25631234546450016
GSE202379,non_end_stage_primary_exploratory,minimal_age_sex,mesenchymal_hsc_myofibroblast,RAM2019_MES_SAMES,standardized_mean,ballooning,22,0.3208067329905435,0.21418766248375612,-0.0989933714104394,0.7406068373915264,0.13418952580399035,0.10291265773898972,0.08128610260384961,1.2655929360986602,0.23170191975917248
GSE202379,non_end_stage_primary_exploratory,minimal_age_sex,mesenchymal_hsc_myofibroblast,RAM2019_MES_SAMES,standardized_mean,inflammation,22,0.3259701273880375,0.3096401753761752,-0.2809134645159321,0.932853719292007,0.2924608677184435,0.12016122788614358,0.09853467275100347,1.0697923080738136,0.4386913015776652
GSE202379,non_end_stage_primary_exploratory,joint_histology_age_sex,mesenchymal_hsc_myofibroblast,RAM2019_MES_SAMES,standardized_mean,fibrosis,22,0.4610799226578709,0.350405466625057,-0.22570217191319275,1.1478620172289347,0.18822545748656783,0.26131151992487434,0.08832368607780927,2.4039614183454243,0.37645091497313565
GSE202379,non_end_stage_primary_exploratory,joint_histology_age_sex,mesenchymal_hsc_myofibroblast,RAM2019_MES_SAMES,standardized_mean,steatosis,22,0.3909298440880058,0.32875249867999307,-0.25341321315233223,1.035272901328344,0.23438805357806558,0.26131151992487434,0.07089419890101845,2.112779310758981,0.4137714439870283
GSE202379,non_end_stage_primary_exploratory,joint_histology_age_sex,mesenchymal_hsc_myofibroblast,RAM2019_MES_SAMES,standardized_mean,ballooning,22,-0.18441736835940475,0.3042624998993147,-0.7807609100081834,0.4119261732893739,0.5444399115707195,0.26131151992487434,0.011141469702965479,3.033799178090028,0.8731281157805683
GSE202379,non_end_stage_primary_exploratory,joint_histology_age_sex,mesenchymal_hsc_myofibroblast,RAM2019_MES_SAMES,standardized_mean,inflammation,22,0.052889354922036835,0.38070400761750883,-0.6932767887783429,0.7990554986224165,0.8895093102229308,0.26131151992487434,0.0017378763483135717,1.6085051660071523,0.8895093102229308
GSE202379,non_end_stage_primary_exploratory,minimal_age_sex,mesenchymal_hsc_myofibroblast,RAM2019_MES_VSMC,singscore,fibrosis,22,0.3693384575135824,0.27493392113662957,-0.1695221260425871,0.9081990410697519,0.17915163582103977,0.26014096814298304,0.12134754090856614,1.1240890449893042,0.4222793582158757
GSE202379,non_end_stage_primary_exploratory,minimal_age_sex,mesenchymal_hsc_myofibroblast,RAM2019_MES_VSMC,singscore,steatosis,22,0.3539062207103422,0.26928409270595427,-0.1738809026028732,0.8816933440235577,0.1887625847211074,0.25560803539702337,0.11681460816260647,1.0482048807233735,0.19904875772644337
GSE202379,non_end_stage_primary_exploratory,minimal_age_sex,mesenchymal_hsc_myofibroblast,RAM2019_MES_VSMC,singscore,ballooning,22,0.30606433088370055,0.222003203605281,-0.1290539526351629,0.7411826144025639,0.1680032285243125,0.21278032035105576,0.07398689311663886,1.2655929360986602,0.336006457048625
GSE202379,non_end_stage_primary_exploratory,minimal_age_sex,mesenchymal_hsc_myofibroblast,RAM2019_MES_VSMC,singscore,inflammation,22,0.5090248004773827,0.20403421904053948,0.10912507954416883,0.9089245214105967,0.012602774035235952,0.37906996138322613,0.24027653414880923,1.0697923080738136,0.07561664421141572
GSE202379,non_end_stage_primary_exploratory,joint_histology_age_sex,mesenchymal_hsc_myofibroblast,RAM2019_MES_VSMC,singscore,fibrosis,22,0.35886169722189853,0.4095812622674249,-0.4439028255647085,1.1616262200085057,0.3809391057225533,0.46230327766443347,0.053503103665994645,2.4039614183454243,0.6786707958127379
GSE202379,non_end_stage_primary_exploratory,joint_histology_age_sex,mesenchymal_hsc_myofibroblast,RAM2019_MES_VSMC,singscore,steatosis,22,0.34145963209873054,0.35945463380949527,-0.36305850424391384,1.045977768441375,0.342143734013024,0.46230327766443347,0.054086861694979116,2.112779310758981,0.42720205622431084
GSE202379,non_end_stage_primary_exploratory,joint_histology_age_sex,mesenchymal_hsc_myofibroblast,RAM2019_MES_VSMC,singscore,ballooning,22,-0.20280443239706247,0.43344563119169416,-1.052342258789014,0.6467333939948892,0.6398639875958165,0.46230327766443347,0.013473912663050758,3.033799178090028,0.8984086646238018
GSE202379,non_end_stage_primary_exploratory,joint_histology_age_sex,mesenchymal_hsc_myofibroblast,RAM2019_MES_VSMC,singscore,inflammation,22,0.30066404501822974,0.28153311259449665,-0.25113071612244353,0.852458806158903,0.2855418529254995,0.46230327766443347,0.056162356838942995,1.6085051660071523,0.8566255587764985
GSE202379,non_end_stage_primary_exploratory,minimal_age_sex,mesenchymal_hsc_myofibroblast,RAM2019_MES_VSMC,standardized_mean,fibrosis,22,0.4502222525627182,0.27409736741406754,-0.08699871582609675,0.9874432209515331,0.10047333721876554,0.29224396366337413,0.18031665017469722,1.1240890449893042,0.18294787310478958
GSE202379,non_end_stage_primary_exploratory,minimal_age_sex,mesenchymal_hsc_myofibroblast,RAM2019_MES_VSMC,standardized_mean,steatosis,22,0.39696060522767423,0.2831124426362373,-0.15792958591451295,0.9518507963698615,0.16087626546926215,0.2588928762017394,0.1469655627130625,1.0482048807233735,0.25631234546450016
GSE202379,non_end_stage_primary_exploratory,minimal_age_sex,mesenchymal_hsc_myofibroblast,RAM2019_MES_VSMC,standardized_mean,ballooning,22,0.4476722675176035,0.23176029338924914,-0.006569560571761224,0.9019140956069682,0.0534067187925942,0.2702159488350203,0.1582886353463434,1.2655929360986602,0.16022015637778259
GSE202379,non_end_stage_primary_exploratory,minimal_age_sex,mesenchymal_hsc_myofibroblast,RAM2019_MES_VSMC,standardized_mean,inflammation,22,0.4764419988423979,0.2043477818098978,0.07592770617434907,0.8769562915104467,0.019725683897397636,0.32242801628849016,0.21050070279981326,1.0697923080738136,0.11835410338438582
GSE202379,non_end_stage_primary_exploratory,joint_histology_age_sex,mesenchymal_hsc_myofibroblast,RAM2019_MES_VSMC,standardized_mean,fibrosis,22,0.4095942161753661,0.40590159905836803,-0.3859582992462523,1.2051467315969846,0.31292796270797196,0.4740767275989194,0.0696999381977832,2.4039614183454243,0.46939194406195794
GSE202379,non_end_stage_primary_exploratory,joint_histology_age_sex,mesenchymal_hsc_myofibroblast,RAM2019_MES_VSMC,standardized_mean,steatosis,22,0.3590262586843134,0.3339596120225272,-0.2955225531708096,1.0135750705394364,0.2823483514699884,0.4740767275989194,0.05979508308331394,2.112779310758981,0.4137714439870283
GSE202379,non_end_stage_primary_exploratory,joint_histology_age_sex,mesenchymal_hsc_myofibroblast,RAM2019_MES_VSMC,standardized_mean,ballooning,22,-0.06289539947656742,0.3938682320049999,-0.8348629488608335,0.7090721499076986,0.8731281157805683,0.4740767275989194,0.0012959152563585263,3.033799178090028,0.8731281157805683
GSE202379,non_end_stage_primary_exploratory,joint_histology_age_sex,mesenchymal_hsc_myofibroblast,RAM2019_MES_VSMC,standardized_mean,inflammation,22,0.19786862146658749,0.2723920594052255,-0.3360100046423494,0.7317472475755243,0.46758677507906,0.4740767275989194,0.024324066874222727,1.6085051660071523,0.8895093102229308
GSE202379,non_end_stage_primary_exploratory,minimal_age_sex,mesenchymal_hsc_myofibroblast,RAM2019_SAMES_A,singscore,fibrosis,22,-0.048091727328846146,0.3600033983575374,-0.7536854224216455,0.6575019677639532,0.8937292670078069,0.06400872977449112,0.002057418638223174,1.1240890449893042,0.8972297375111321
GSE202379,non_end_stage_primary_exploratory,minimal_age_sex,mesenchymal_hsc_myofibroblast,RAM2019_SAMES_A,singscore,steatosis,22,0.32742904770356174,0.25495414870574673,-0.17227190146877108,0.8271299968758945,0.19904875772644337,0.16194099003197793,0.09998967889570998,1.0482048807233735,0.19904875772644337
GSE202379,non_end_stage_primary_exploratory,minimal_age_sex,mesenchymal_hsc_myofibroblast,RAM2019_SAMES_A,singscore,ballooning,22,-0.06247075730114482,0.2962042395225789,-0.6430203988334752,0.5180788842311855,0.8329619236359349,0.06503366782353193,0.0030823566872639763,1.2655929360986602,0.8329619236359349
GSE202379,non_end_stage_primary_exploratory,minimal_age_sex,mesenchymal_hsc_myofibroblast,RAM2019_SAMES_A,singscore,inflammation,22,0.22374770404379252,0.24089861183755093,-0.24840489908350166,0.6959003071710868,0.3529904349237406,0.108376176111045,0.04642486497477705,1.0697923080738136,0.42358852190848867
GSE202379,non_end_stage_primary_exploratory,joint_histology_age_sex,mesenchymal_hsc_myofibroblast,RAM2019_SAMES_A,singscore,fibrosis,22,0.17299787120897298,0.47565379372478445,-0.7592664336014485,1.1052621760193944,0.7160779824208137,0.2605423586497073,0.012433868795300285,2.4039614183454243,0.7160779824208138
GSE202379,non_end_stage_primary_exploratory,joint_histology_age_sex,mesenchymal_hsc_myofibroblast,RAM2019_SAMES_A,singscore,steatosis,22,0.5205690284371475,0.2878790610760914,-0.04366356317519826,1.0848016200494932,0.07056126877536702,0.2605423586497073,0.12570996302566395,2.112779310758981,0.42336761265220213
GSE202379,non_end_stage_primary_exploratory,joint_histology_age_sex,mesenchymal_hsc_myofibroblast,RAM2019_SAMES_A,singscore,ballooning,22,-0.49246563299933777,0.41525065994289784,-1.3063419710439068,0.3214107050452313,0.23564288952923407,0.2605423586497073,0.07944941426650465,3.033799178090028,0.8984086646238018
GSE202379,non_end_stage_primary_exploratory,joint_histology_age_sex,mesenchymal_hsc_myofibroblast,RAM2019_SAMES_A,singscore,inflammation,22,0.10951518206011493,0.2761651969120448,-0.43175865767090504,0.6507890217911348,0.691694327037333,0.2605423586497073,0.007451281855454739,1.6085051660071523,0.8837653237263672
GSE202379,non_end_stage_primary_exploratory,minimal_age_sex,mesenchymal_hsc_myofibroblast,RAM2019_SAMES_A,standardized_mean,fibrosis,22,-0.2433233671416626,0.2819991388682817,-0.7960315229948041,0.3093847887114789,0.3882191445258758,0.11247803735470618,0.052668330599781044,1.1240890449893042,0.465862973431051
GSE202379,non_end_stage_primary_exploratory,minimal_age_sex,mesenchymal_hsc_myofibroblast,RAM2019_SAMES_A,standardized_mean,steatosis,22,0.18745988449873674,0.27090081436318314,-0.3434959550356732,0.7184157240331467,0.48894539404257487,0.09258431082181862,0.032774604066893476,1.0482048807233735,0.4889453940425749
GSE202379,non_end_stage_primary_exploratory,minimal_age_sex,mesenchymal_hsc_myofibroblast,RAM2019_SAMES_A,standardized_mean,ballooning,22,-0.27445265660453305,0.27253567253265837,-0.8086127592709456,0.2597074460618794,0.31391849179104514,0.11930248218538864,0.059492775430463496,1.2655929360986602,0.31391849179104514
GSE202379,non_end_stage_primary_exploratory,minimal_age_sex,mesenchymal_hsc_myofibroblast,RAM2019_SAMES_A,standardized_mean,inflammation,22,0.10786417279755807,0.2774574109226834,-0.43594235985463164,0.6516707054497478,0.6974541471130233,0.07059887358830641,0.01078916683338127,1.0697923080738136,0.6974541471130232
GSE202379,non_end_stage_primary_exploratory,joint_histology_age_sex,mesenchymal_hsc_myofibroblast,RAM2019_SAMES_A,standardized_mean,fibrosis,22,-0.015741296926149846,0.42064672122468183,-0.8401937207413867,0.8087111268890869,0.9701488057202987,0.25774976229932245,0.00010294512476605178,2.4039614183454243,0.9701488057202988
GSE202379,non_end_stage_primary_exploratory,joint_histology_age_sex,mesenchymal_hsc_myofibroblast,RAM2019_SAMES_A,standardized_mean,steatosis,22,0.3850664107173877,0.3739797303961459,-0.3479203918070576,1.1180532132418328,0.3031766185084718,0.25774976229932245,0.06878350786169596,2.112779310758981,0.4137714439870283
GSE202379,non_end_stage_primary_exploratory,joint_histology_age_sex,mesenchymal_hsc_myofibroblast,RAM2019_SAMES_A,standardized_mean,ballooning,22,-0.5267576003390745,0.3704144143070252,-1.2527565117353419,0.199241311057193,0.15500407030189728,0.25774976229932245,0.09089928435886696,3.033799178090028,0.8731281157805683
GSE202379,non_end_stage_primary_exploratory,joint_histology_age_sex,mesenchymal_hsc_myofibroblast,RAM2019_SAMES_A,standardized_mean,inflammation,22,0.1302165183733796,0.4127842143125755,-0.6788256750659314,0.9392587118126907,0.7524131341028946,0.25774976229932245,0.010534513675436785,1.6085051660071523,0.8895093102229308
GSE202379,non_end_stage_primary_exploratory,minimal_age_sex,mesenchymal_hsc_myofibroblast,RAM2019_SAMES_B,singscore,fibrosis,22,0.3129205559484987,0.31021595990126083,-0.29509155288749406,0.9209326647844915,0.31310969055472915,0.10574416790710828,0.08710640776691403,1.1240890449893042,0.4696645358320937
GSE202379,non_end_stage_primary_exploratory,minimal_age_sex,mesenchymal_hsc_myofibroblast,RAM2019_SAMES_B,singscore,steatosis,22,0.32318466382523403,0.18598983404327016,-0.04134871239015714,0.6877180400406252,0.08227304547684632,0.11605195636755017,0.09741419622735592,1.0482048807233735,0.19904875772644337
GSE202379,non_end_stage_primary_exploratory,minimal_age_sex,mesenchymal_hsc_myofibroblast,RAM2019_SAMES_B,singscore,ballooning,22,0.34505026105621106,0.3170047462272311,-0.2762676244774215,0.9663681465898436,0.27638752739553407,0.11267374397280139,0.09403598383260714,1.2655929360986602,0.4145812910933011
GSE202379,non_end_stage_primary_exploratory,minimal_age_sex,mesenchymal_hsc_myofibroblast,RAM2019_SAMES_B,singscore,inflammation,22,0.18601605541194455,0.30815921122541523,-0.41796490009414045,0.7899970109180295,0.5460855395058192,0.05072514589929844,0.03208738575910419,1.0697923080738136,0.5460855395058192
GSE202379,non_end_stage_primary_exploratory,joint_histology_age_sex,mesenchymal_hsc_myofibroblast,RAM2019_SAMES_B,singscore,fibrosis,22,0.40565472224816157,0.4998158828250824,-0.5739664069900916,1.3852758514864147,0.41701642341080647,0.21490934178347587,0.06836563219595604,2.4039614183454243,0.6786707958127379
GSE202379,non_end_stage_primary_exploratory,joint_histology_age_sex,mesenchymal_hsc_myofibroblast,RAM2019_SAMES_B,singscore,steatosis,22,0.40900514185741826,0.37615827067187857,-0.328251521146333,1.1462618048611695,0.27689455421077647,0.21490934178347587,0.07760158333728384,2.112779310758981,0.42720205622431084
GSE202379,non_end_stage_primary_exploratory,joint_histology_age_sex,mesenchymal_hsc_myofibroblast,RAM2019_SAMES_B,singscore,ballooning,22,-0.08015534276219125,0.6033664316394006,-1.2627318182558651,1.1024211327314826,0.8943144848167685,0.21490934178347587,0.002104765876578374,3.033799178090028,0.8984086646238018
GSE202379,non_end_stage_primary_exploratory,joint_histology_age_sex,mesenchymal_hsc_myofibroblast,RAM2019_SAMES_B,singscore,inflammation,22,-0.10485007365603653,0.3115621790165573,-0.7155007234733097,0.5058005761612367,0.736471103105306,0.21490934178347587,0.0068299859822889,1.6085051660071523,0.8837653237263672
GSE202379,non_end_stage_primary_exploratory,minimal_age_sex,mesenchymal_hsc_myofibroblast,RAM2019_SAMES_B,standardized_mean,fibrosis,22,0.5104067414111495,0.2865529708857392,-0.051226761187854075,1.072040244010153,0.07488058742282995,0.24758763086035918,0.23174732047289637,1.1240890449893042,0.18294787310478958
GSE202379,non_end_stage_primary_exploratory,minimal_age_sex,mesenchymal_hsc_myofibroblast,RAM2019_SAMES_B,standardized_mean,steatosis,22,0.27223601892524185,0.19331135519416373,-0.10664727505794896,0.6511193129084327,0.1590489354861364,0.0849616161976352,0.0691213058101724,1.0482048807233735,0.25631234546450016
GSE202379,non_end_stage_primary_exploratory,minimal_age_sex,mesenchymal_hsc_myofibroblast,RAM2019_SAMES_B,standardized_mean,ballooning,22,0.36373959045716303,0.25544841259106543,-0.13693009812925333,0.8644092790435793,0.15446794650611498,0.12033891684882891,0.1044986064613661,1.2655929360986602,0.23170191975917248
GSE202379,non_end_stage_primary_exploratory,minimal_age_sex,mesenchymal_hsc_myofibroblast,RAM2019_SAMES_B,standardized_mean,inflammation,22,0.27661552242594173,0.32669368081450767,-0.3636923259473173,0.9169233707992008,0.3971555616686431,0.08679589267943255,0.07095558229196974,1.0697923080738136,0.4765866740023717
GSE202379,non_end_stage_primary_exploratory,joint_histology_age_sex,mesenchymal_hsc_myofibroblast,RAM2019_SAMES_B,standardized_mean,fibrosis,22,0.673688570511942,0.4317458913645161,-0.17251782703565222,1.5198949680595362,0.11866960688955337,0.34206556515700215,0.18855720022105849,2.4039614183454243,0.35600882066866013
GSE202379,non_end_stage_primary_exploratory,joint_histology_age_sex,mesenchymal_hsc_myofibroblast,RAM2019_SAMES_B,standardized_mean,steatosis,22,0.42679359461844896,0.3324465714516231,-0.22478971221055405,1.078376901447452,0.19921332673212366,0.34206556515700215,0.08449846750061496,2.112779310758981,0.4137714439870283
GSE202379,non_end_stage_primary_exploratory,joint_histology_age_sex,mesenchymal_hsc_myofibroblast,RAM2019_SAMES_B,standardized_mean,ballooning,22,-0.23789944968165166,0.5004969179752274,-1.218855383286395,0.7430564839230918,0.6345542716466313,0.34206556515700215,0.018540682538156106,3.033799178090028,0.8731281157805683
GSE202379,non_end_stage_primary_exploratory,joint_histology_age_sex,mesenchymal_hsc_myofibroblast,RAM2019_SAMES_B,standardized_mean,inflammation,22,-0.07670955841649173,0.2612744697936902,-0.5887981092919228,0.4353789924589393,0.7690654065775229,0.34206556515700215,0.003655790483522714,1.6085051660071523,0.8895093102229308
GSE202379,including_end_stage_sensitivity,minimal_age_sex,endothelial,RAM2019_ENDO_1,singscore,fibrosis,37,0.055207595782694935,0.20677884373938005,-0.3500714907113256,0.4604866822767154,0.7894779318402847,0.08435562827415544,0.0027283897404297708,1.1158256855975226,0.8015704543889562
GSE202379,including_end_stage_sensitivity,minimal_age_sex,endothelial,RAM2019_ENDO_1,singscore,steatosis,37,0.11030890170616063,0.15476897369042597,-0.19303271265130145,0.41365051606362274,0.47601120483862436,0.09367130008818358,0.012044061554457919,1.0066072537427855,0.5712134458063491
GSE202379,including_end_stage_sensitivity,minimal_age_sex,endothelial,RAM2019_ENDO_1,singscore,ballooning,37,0.11109225346179472,0.19174089423098345,-0.2647129935944367,0.48689750051802605,0.5623278206459141,0.0917360418223655,0.010108803288639834,1.2180417726237092,0.6175890211228645
GSE202379,including_end_stage_sensitivity,minimal_age_sex,endothelial,RAM2019_ENDO_1,singscore,inflammation,37,-0.042973796154077475,0.187581740983294,-0.41062725263865474,0.3246796603304998,0.8187960855471684,0.0833558888946122,0.0017286503608865411,1.0682957214486233,0.8187960855471684
GSE202379,including_end_stage_sensitivity,joint_histology_age_sex,endothelial,RAM2019_ENDO_1,singscore,fibrosis,37,0.043654711798885554,0.26928294510942546,-0.48413016226646466,0.5714395858642358,0.871215565671115,0.11172448762607101,0.0012126838044872468,1.570640008002039,0.871215565671115
GSE202379,including_end_stage_sensitivity,joint_histology_age_sex,endothelial,RAM2019_ENDO_1,singscore,steatosis,37,0.12715268200481075,0.22950463220684103,-0.32266813140570905,0.5769734954153305,0.5795576269579878,0.11172448762607101,0.010973072287583596,1.4692848130231047,0.5795576269579878
GSE202379,including_end_stage_sensitivity,joint_histology_age_sex,endothelial,RAM2019_ENDO_1,singscore,ballooning,37,0.08900269332140326,0.32865416187531427,-0.5551476273234097,0.7331530139662161,0.7865374965420726,0.11172448762607101,0.0036491425407658706,2.1702455077693954,0.8971328725910275
GSE202379,including_end_stage_sensitivity,joint_histology_age_sex,endothelial,RAM2019_ENDO_1,singscore,inflammation,37,-0.14811161216505034,0.22320105110964766,-0.5855776336514437,0.28935440932134293,0.5069595667790678,0.11172448762607101,0.014930701999331775,1.4674931377034766,0.5069595667790678
GSE202379,including_end_stage_sensitivity,minimal_age_sex,endothelial,RAM2019_ENDO_1,standardized_mean,fibrosis,37,-0.016546722342617837,0.22567991470537496,-0.4588712271992241,0.4257777825139884,0.9415519316980545,0.05786908142682157,0.0002450940099991694,1.1158256855975226,0.9699206215549264
GSE202379,including_end_stage_sensitivity,minimal_age_sex,endothelial,RAM2019_ENDO_1,standardized_mean,steatosis,37,0.13192011291153025,0.15294103610809467,-0.16783880961857525,0.43167903544163577,0.38838197417759146,0.07484956821611233,0.01722558079928993,1.0066072537427855,0.4203901749246757
GSE202379,including_end_stage_sensitivity,minimal_age_sex,endothelial,RAM2019_ENDO_1,standardized_mean,ballooning,37,0.10593545217544446,0.21131994986576164,-0.30824403877625817,0.5201149431271471,0.616157470220903,0.06681608957165686,0.009192102154834458,1.2180417726237092,0.616157470220903
GSE202379,including_end_stage_sensitivity,minimal_age_sex,endothelial,RAM2019_ENDO_1,standardized_mean,inflammation,37,0.05016079601815261,0.1882648019448605,-0.3188314353503403,0.4191530273866455,0.7899023170485048,0.05997919158903209,0.0023552041722096906,1.0682957214486233,0.7899023170485048
GSE202379,including_end_stage_sensitivity,joint_histology_age_sex,endothelial,RAM2019_ENDO_1,standardized_mean,fibrosis,37,-0.07256142672738754,0.2953450042049345,-0.6514269979828899,0.5063041445281149,0.8059271609839975,0.07998269144093972,0.003350402264040153,1.570640008002039,0.9168764077109396
GSE202379,including_end_stage_sensitivity,joint_histology_age_sex,endothelial,RAM2019_ENDO_1,standardized_mean,steatosis,37,0.1047375105912312,0.2522939058219979,-0.38974945833882496,0.5992244795212873,0.6780387847926586,0.07998269144093972,0.007445291134827392,1.4692848130231047,0.6780387847926587
GSE202379,including_end_stage_sensitivity,joint_histology_age_sex,endothelial,RAM2019_ENDO_1,standardized_mean,ballooning,37,0.09310268464287397,0.3664200368664238,-0.6250673908291555,0.8112727601149035,0.7994281002552416,0.07998269144093972,0.003993088521513921,2.1702455077693954,0.9578427250416172
GSE202379,including_end_stage_sensitivity,joint_histology_age_sex,endothelial,RAM2019_ENDO_1,standardized_mean,inflammation,37,-0.01002863719722725,0.2272726320105553,-0.45547481060954065,0.43541753621508617,0.9648039502956016,0.07998269144093972,6.845195397708892e-05,1.4674931377034766,0.9648039502956016
GSE202379,including_end_stage_sensitivity,minimal_age_sex,endothelial,RAM2019_ENDO_2,singscore,fibrosis,37,0.17756360946436667,0.22709298726477853,-0.2675304667162124,0.6226576856449457,0.4342743732175167,0.06689121094562567,0.028223876811670934,1.1158256855975226,0.8015704543889562
GSE202379,including_end_stage_sensitivity,minimal_age_sex,endothelial,RAM2019_ENDO_2,singscore,steatosis,37,0.3571874734317666,0.14198943683906542,0.0788932910420736,0.6354816558214595,0.011883270103546208,0.16495015802971102,0.1262828238957563,1.0066072537427855,0.07129962062127725
GSE202379,including_end_stage_sensitivity,minimal_age_sex,endothelial,RAM2019_ENDO_2,singscore,ballooning,37,0.26200664256927597,0.1767785836161754,-0.0844730145564303,0.6084862996949822,0.13830901783291302,0.0948958728119772,0.056228538678022466,1.2180417726237092,0.41492705349873904
GSE202379,including_end_stage_sensitivity,minimal_age_sex,endothelial,RAM2019_ENDO_2,singscore,inflammation,37,0.04484827166771359,0.1732649107181487,-0.29474471312440587,0.38444125645983307,0.7957569918130534,0.04055007758073925,0.0018827434467845183,1.0682957214486233,0.8187960855471684
GSE202379,including_end_stage_sensitivity,joint_histology_age_sex,endothelial,RAM2019_ENDO_2,singscore,fibrosis,37,0.1576679937015978,0.26979761578811934,-0.3711256163578912,0.6864616037610868,0.5589555472317711,0.20800678688628982,0.015818758992279802,1.570640008002039,0.871215565671115
GSE202379,including_end_stage_sensitivity,joint_histology_age_sex,endothelial,RAM2019_ENDO_2,singscore,steatosis,37,0.3923581361551001,0.1729385869952939,0.05340473410707708,0.7313115382031232,0.02328222540911848,0.20800678688628982,0.10448224980756016,1.4692848130231047,0.13024659650537238
GSE202379,including_end_stage_sensitivity,joint_histology_age_sex,endothelial,RAM2019_ENDO_2,singscore,ballooning,37,0.06564694812036763,0.2585141825409501,-0.44103153915270776,0.572325435393443,0.7995423404116982,0.20800678688628982,0.0019852427167866837,2.1702455077693954,0.8971328725910275
GSE202379,including_end_stage_sensitivity,joint_histology_age_sex,endothelial,RAM2019_ENDO_2,singscore,inflammation,37,-0.2031345370084761,0.1929988574962315,-0.5814053467584681,0.17513627274151583,0.29256251368652275,0.20800678688628982,0.028084684300077822,1.4674931377034766,0.42004481963308143
GSE202379,including_end_stage_sensitivity,minimal_age_sex,endothelial,RAM2019_ENDO_2,standardized_mean,fibrosis,37,0.09454919158734308,0.23810633020498234,-0.3721306401054239,0.56122902328011,0.6913024908092325,0.045599510387574704,0.008002475963819755,1.1158256855975226,0.9699206215549264
GSE202379,including_end_stage_sensitivity,minimal_age_sex,endothelial,RAM2019_ENDO_2,standardized_mean,steatosis,37,0.3701741444359226,0.13400023649243406,0.107538506990902,0.6328097818809433,0.005736254036134376,0.17322960972657198,0.13563257530281703,1.0066072537427855,0.03441752421680626
GSE202379,including_end_stage_sensitivity,minimal_age_sex,endothelial,RAM2019_ENDO_2,standardized_mean,ballooning,37,0.20999777025108832,0.1627356014153523,-0.10895814752546759,0.5289536880276442,0.19690381517253752,0.0737181836801375,0.036121149256382545,1.2180417726237092,0.5241747620530561
GSE202379,including_end_stage_sensitivity,minimal_age_sex,endothelial,RAM2019_ENDO_2,standardized_mean,inflammation,37,0.07877094469440019,0.19039839229673464,-0.2944030469215282,0.4519449363103285,0.6790817870596957,0.04340510426765243,0.005808069843897479,1.0682957214486233,0.7899023170485048
GSE202379,including_end_stage_sensitivity,joint_histology_age_sex,endothelial,RAM2019_ENDO_2,standardized_mean,fibrosis,37,0.07117320412931938,0.28092532966880085,-0.47943032436657185,0.6217767326252106,0.7999956386448707,0.1861441217733253,0.0032234308797647326,1.570640008002039,0.9168764077109396
GSE202379,including_end_stage_sensitivity,joint_histology_age_sex,endothelial,RAM2019_ENDO_2,standardized_mean,steatosis,37,0.40688680416128115,0.17790788431218657,0.05819375834367696,0.7555798499788853,0.022192059353165292,0.1861441217733253,0.11236327807996493,1.4692848130231047,0.13315235611899176
GSE202379,including_end_stage_sensitivity,joint_histology_age_sex,endothelial,RAM2019_ENDO_2,standardized_mean,ballooning,37,0.017039405299912887,0.25384385961348715,-0.4804854172391635,0.5145642278389893,0.9464817644391075,0.1861441217733253,0.00013374987846737074,2.1702455077693954,0.9578427250416172
GSE202379,including_end_stage_sensitivity,joint_histology_age_sex,endothelial,RAM2019_ENDO_2,standardized_mean,inflammation,37,-0.12873305044810307,0.20506193963948074,-0.5306470667414118,0.2731809658452057,0.5301504148594116,0.1861441217733253,0.011279299532701015,1.4674931377034766,0.7894087278303845
GSE202379,including_end_stage_sensitivity,minimal_age_sex,endothelial,RAM2019_ENDO_3,singscore,fibrosis,37,0.040628931902766056,0.16166526415427104,-0.27622916339075937,0.3574870271962915,0.8015704543889564,0.05860742260373164,0.0014776771208827588,1.1158256855975226,0.8015704543889562
GSE202379,including_end_stage_sensitivity,minimal_age_sex,endothelial,RAM2019_ENDO_3,singscore,steatosis,37,0.3175422344179634,0.15739993280068817,0.009044034959589886,0.626040433876337,0.04365139581964827,0.1569353290134019,0.09980558353055302,1.0066072537427855,0.1309541874589448
GSE202379,including_end_stage_sensitivity,minimal_age_sex,endothelial,RAM2019_ENDO_3,singscore,ballooning,37,0.195001345039295,0.15512276262557906,-0.1090336828891959,0.4990363729677859,0.20872554938020116,0.08827611320825168,0.0311463677254028,1.2180417726237092,0.4174510987604023
GSE202379,including_end_stage_sensitivity,minimal_age_sex,endothelial,RAM2019_ENDO_3,singscore,inflammation,37,-0.14923527941528,0.1412801937452497,-0.42613937088481046,0.12766881205425043,0.2908279084467653,0.07797670525924316,0.02084695977639428,1.0682957214486233,0.7673029942993912
GSE202379,including_end_stage_sensitivity,joint_histology_age_sex,endothelial,RAM2019_ENDO_3,singscore,fibrosis,37,0.05175611613699418,0.2119320940975398,-0.3636231554623376,0.4671353877363259,0.8070675269197859,0.26806156875456844,0.001704545836223037,1.570640008002039,0.871215565671115
GSE202379,including_end_stage_sensitivity,joint_histology_age_sex,endothelial,RAM2019_ENDO_3,singscore,steatosis,37,0.4204863962914558,0.2081935121040256,0.012434610752661834,0.8285381818302497,0.043415532168457456,0.26806156875456844,0.11999995685449794,1.4692848130231047,0.13024659650537238
GSE202379,including_end_stage_sensitivity,joint_histology_age_sex,endothelial,RAM2019_ENDO_3,singscore,ballooning,37,0.12998262278987432,0.24643392123565808,-0.3530189874009959,0.6129842329807446,0.5978781684751421,0.26806156875456844,0.007783145001780012,2.1702455077693954,0.8971328725910275
GSE202379,including_end_stage_sensitivity,joint_histology_age_sex,endothelial,RAM2019_ENDO_3,singscore,inflammation,37,-0.4017879488831639,0.18634814770682007,-0.7670236069742815,-0.036552290792046305,0.031074723214092787,0.26806156875456844,0.1098742243335532,1.4674931377034766,0.18644833928455673
GSE202379,including_end_stage_sensitivity,minimal_age_sex,endothelial,RAM2019_ENDO_3,standardized_mean,fibrosis,37,0.006960258239597993,0.18458382754299182,-0.3548173958732184,0.36873791235241443,0.9699206215549264,0.07165771509593377,4.3367006471006775e-05,1.1158256855975226,0.9699206215549264
GSE202379,including_end_stage_sensitivity,minimal_age_sex,endothelial,RAM2019_ENDO_3,standardized_mean,steatosis,37,0.31405472401669154,0.14569357860345944,0.028500557175155594,0.5996088908582276,0.03111617531670192,0.16923967613977042,0.09762532805030766,1.0066072537427855,0.06223235063340384
GSE202379,including_end_stage_sensitivity,minimal_age_sex,endothelial,RAM2019_ENDO_3,standardized_mean,ballooning,37,0.12742314616960085,0.1702269671765738,-0.2062155786939657,0.4610618710331674,0.4541293638995003,0.08491364986255512,0.013299301773092354,1.2180417726237092,0.5449552366794004
GSE202379,including_end_stage_sensitivity,minimal_age_sex,endothelial,RAM2019_ENDO_3,standardized_mean,inflammation,37,-0.06860560974439486,0.14764551439862536,-0.35798550044459054,0.22077428095580084,0.6421718284923884,0.0760200892590045,0.0044057411695417326,1.0682957214486233,0.7899023170485048
GSE202379,including_end_stage_sensitivity,joint_histology_age_sex,endothelial,RAM2019_ENDO_3,standardized_mean,fibrosis,37,0.028306984611927544,0.27121985748052524,-0.5032741679419883,0.5598881371658433,0.9168764077109397,0.21887673077930214,0.0005098853621201549,1.570640008002039,0.9168764077109396
GSE202379,including_end_stage_sensitivity,joint_histology_age_sex,endothelial,RAM2019_ENDO_3,standardized_mean,steatosis,37,0.4131594393891667,0.21721796654700481,-0.01257995183798899,0.8388988306163224,0.05716461454355689,0.21887673077930214,0.11585440442499495,1.4692848130231047,0.17149384363067066
GSE202379,including_end_stage_sensitivity,joint_histology_age_sex,endothelial,RAM2019_ENDO_3,standardized_mean,ballooning,37,0.01579826851873855,0.29886482489426425,-0.5699660245198891,0.6015625615573662,0.9578427250416172,0.21887673077930214,0.00011497502481183641,2.1702455077693954,0.9578427250416172
GSE202379,including_end_stage_sensitivity,joint_histology_age_sex,endothelial,RAM2019_ENDO_3,standardized_mean,inflammation,37,-0.26479415441226034,0.1940835047987087,-0.6451908338110361,0.11560252498651546,0.17246339365345775,0.21887673077930214,0.04772201753332794,1.4674931377034766,0.3449267873069155
GSE202379,including_end_stage_sensitivity,minimal_age_sex,endothelial,RAM2019_ENDO_4,singscore,fibrosis,37,0.12267299240846667,0.2104697591615069,-0.2898401553829059,0.5351861401998392,0.5599920646709653,0.036547712912376795,0.013471211578171549,1.1158256855975226,0.8015704543889562
GSE202379,including_end_stage_sensitivity,minimal_age_sex,endothelial,RAM2019_ENDO_4,singscore,steatosis,37,0.21404257073384958,0.1752003220067848,-0.12934375047926883,0.557428891946968,0.22182036790281345,0.06842387735224287,0.04534737601803762,1.0066072537427855,0.4436407358056269
GSE202379,including_end_stage_sensitivity,minimal_age_sex,endothelial,RAM2019_ENDO_4,singscore,ballooning,37,0.13247259791697719,0.16664706248225838,-0.19414964267764528,0.45909483851159966,0.42665475086795934,0.037450721730092784,0.014374220395887538,1.2180417726237092,0.6175890211228645
GSE202379,including_end_stage_sensitivity,minimal_age_sex,endothelial,RAM2019_ENDO_4,singscore,inflammation,37,-0.1495981862409117,0.17171745006709616,-0.4861582038894752,0.18696183140765182,0.3836514971496956,0.0440249746780762,0.020948473343870955,1.0682957214486233,0.7673029942993912
GSE202379,including_end_stage_sensitivity,joint_histology_age_sex,endothelial,RAM2019_ENDO_4,singscore,fibrosis,37,0.1813015954962072,0.2521264340801029,-0.3128571348513065,0.675460325843721,0.47208547322023187,0.16651995701594013,0.020916478992460186,1.570640008002039,0.871215565671115
GSE202379,including_end_stage_sensitivity,joint_histology_age_sex,endothelial,RAM2019_ENDO_4,singscore,steatosis,37,0.32733556039726436,0.21423496123509114,-0.09255724785284891,0.7472283686473776,0.12653045645618896,0.16651995701594013,0.07272162347516942,1.4692848130231047,0.2530609129123779
GSE202379,including_end_stage_sensitivity,joint_histology_age_sex,endothelial,RAM2019_ENDO_4,singscore,ballooning,37,0.031178400609356675,0.24116195899306475,-0.44149035345817567,0.503847154676889,0.8971328725910275,0.16651995701594013,0.0004478083585670589,2.1702455077693954,0.8971328725910275
GSE202379,including_end_stage_sensitivity,joint_histology_age_sex,endothelial,RAM2019_ENDO_4,singscore,inflammation,37,-0.3627833134865517,0.20778310031814512,-0.7700307067061891,0.044464079733085804,0.08081595265759602,0.16651995701594013,0.08957702101504539,1.4674931377034766,0.24244785797278806
GSE202379,including_end_stage_sensitivity,minimal_age_sex,endothelial,RAM2019_ENDO_4,standardized_mean,fibrosis,37,0.12623008816719683,0.2246883878821862,-0.314151059826254,0.5666112361606477,0.5742518315827881,0.03939260256557353,0.014263775989206029,1.1158256855975226,0.9699206215549264
GSE202379,including_end_stage_sensitivity,minimal_age_sex,endothelial,RAM2019_ENDO_4,standardized_mean,steatosis,37,0.2218073666400054,0.173716802222918,-0.11867130922638147,0.5622860425063922,0.201661169793933,0.07382600259456551,0.04869717601819801,1.0066072537427855,0.3024917546908995
GSE202379,including_end_stage_sensitivity,minimal_age_sex,endothelial,RAM2019_ENDO_4,standardized_mean,ballooning,37,0.15262100141093252,0.1631164082704352,-0.16708128408665188,0.4723232869085169,0.34944984136870405,0.044208054247819595,0.019079227671452093,1.2180417726237092,0.5241747620530561
GSE202379,including_end_stage_sensitivity,minimal_age_sex,endothelial,RAM2019_ENDO_4,standardized_mean,inflammation,37,-0.09591373855959691,0.1627946914103016,-0.4149854705981001,0.2231579934789063,0.555747279914452,0.033739980675663195,0.008611154099295693,1.0682957214486233,0.7899023170485048
GSE202379,including_end_stage_sensitivity,joint_histology_age_sex,endothelial,RAM2019_ENDO_4,standardized_mean,fibrosis,37,0.16031482024954852,0.27753459104662187,-0.38364298266588287,0.7042726231649798,0.5635078302281293,0.14255991001608959,0.016354326791039875,1.570640008002039,0.9168764077109396
GSE202379,including_end_stage_sensitivity,joint_histology_age_sex,endothelial,RAM2019_ENDO_4,standardized_mean,steatosis,37,0.30526517118667706,0.2281928180933539,-0.1419845338069966,0.7525148761803507,0.18097761896763975,0.14255991001608959,0.06324580195933438,1.4692848130231047,0.35342063504488586
GSE202379,including_end_stage_sensitivity,joint_histology_age_sex,endothelial,RAM2019_ENDO_4,standardized_mean,ballooning,37,0.044292257297319046,0.25890504138040915,-0.4631522992241352,0.5517368138187733,0.8641645582859387,0.14255991001608959,0.0009037330353348638,2.1702455077693954,0.9578427250416172
GSE202379,including_end_stage_sensitivity,joint_histology_age_sex,endothelial,RAM2019_ENDO_4,standardized_mean,inflammation,37,-0.2980467649754761,0.2033914503670292,-0.6966866824582193,0.10059315250726708,0.14281592836535256,0.14255991001608959,0.060460374621162716,1.4674931377034766,0.3449267873069155
GSE202379,including_end_stage_sensitivity,minimal_age_sex,endothelial,RAM2019_ENDO_5,singscore,fibrosis,37,0.08757369065090023,0.20927333528181188,-0.3225945094260264,0.49774189072782693,0.6756067366686989,0.05780893379640617,0.00686524505554198,1.1158256855975226,0.8015704543889562
GSE202379,including_end_stage_sensitivity,minimal_age_sex,endothelial,RAM2019_ENDO_5,singscore,steatosis,37,0.06771053219673462,0.1738705472708436,-0.27306947842638785,0.4084905428198571,0.696957551700295,0.05548168673898912,0.004537997998124932,1.0066072537427855,0.696957551700295
GSE202379,including_end_stage_sensitivity,minimal_age_sex,endothelial,RAM2019_ENDO_5,singscore,ballooning,37,0.08339475115172569,0.16703329242908851,-0.24398448622843472,0.41077398853188607,0.6175890211228645,0.05664020874760389,0.005696520006739703,1.2180417726237092,0.6175890211228645
GSE202379,including_end_stage_sensitivity,minimal_age_sex,endothelial,RAM2019_ENDO_5,singscore,inflammation,37,-0.17646391454784657,0.1941536160234842,-0.5569980094220943,0.2040701803264012,0.3634091867248135,0.08009187529759343,0.02914818655672924,1.0682957214486233,0.7673029942993912
GSE202379,including_end_stage_sensitivity,joint_histology_age_sex,endothelial,RAM2019_ENDO_5,singscore,fibrosis,37,0.13192693342014136,0.2659957447453027,-0.38941514632156116,0.6532690131618439,0.6199128612870479,0.12858497409654324,0.011075217449828534,1.570640008002039,0.871215565671115
GSE202379,including_end_stage_sensitivity,joint_histology_age_sex,endothelial,RAM2019_ENDO_5,singscore,steatosis,37,0.1452463911567438,0.19070185673898699,-0.2285223798365877,0.5190151621500753,0.4462741776316257,0.12858497409654324,0.014318182418119774,1.4692848130231047,0.5795576269579878
GSE202379,including_end_stage_sensitivity,joint_histology_age_sex,endothelial,RAM2019_ENDO_5,singscore,ballooning,37,0.081919537854178,0.23520171931176334,-0.3790673610987771,0.5429064368071331,0.7276187920658029,0.12858497409654324,0.0030914307100915472,2.1702455077693954,0.8971328725910275
GSE202379,including_end_stage_sensitivity,joint_histology_age_sex,endothelial,RAM2019_ENDO_5,singscore,inflammation,37,-0.3146203442595576,0.21731490261498732,-0.740549726688762,0.11130903816964677,0.14768351263019747,0.12858497409654324,0.06737140632716054,1.4674931377034766,0.29536702526039493
GSE202379,including_end_stage_sensitivity,minimal_age_sex,endothelial,RAM2019_ENDO_5,standardized_mean,fibrosis,37,0.20833395171637203,0.21902201392600987,-0.22094130740003748,0.6376092108327815,0.34150236701979675,0.07900593931517841,0.038853383249742524,1.1158256855975226,0.9699206215549264
GSE202379,including_end_stage_sensitivity,minimal_age_sex,endothelial,RAM2019_ENDO_5,standardized_mean,steatosis,37,0.1480678486125072,0.18376525729322535,-0.21210543729195097,0.5082411345169654,0.4203901749246757,0.06185323781259533,0.021700681747159445,1.0066072537427855,0.4203901749246757
GSE202379,including_end_stage_sensitivity,minimal_age_sex,endothelial,RAM2019_ENDO_5,standardized_mean,ballooning,37,0.1658602868255402,0.15365351951003295,-0.13529507751194694,0.46701565116302735,0.28039008557224654,0.06268545231182521,0.022532896246389322,1.2180417726237092,0.5241747620530561
GSE202379,including_end_stage_sensitivity,minimal_age_sex,endothelial,RAM2019_ENDO_5,standardized_mean,inflammation,37,-0.11452764189297439,0.18518480793311967,-0.4774831959258562,0.24842791213990745,0.5362784005970245,0.05243035055821155,0.012277794492775662,1.0682957214486233,0.7899023170485048
GSE202379,including_end_stage_sensitivity,joint_histology_age_sex,endothelial,RAM2019_ENDO_5,standardized_mean,fibrosis,37,0.2510988760385056,0.27682048860331326,-0.2914593118067688,0.7936570638837801,0.36436344821316835,0.16145719739786535,0.040121287779539716,1.570640008002039,0.9168764077109396
GSE202379,including_end_stage_sensitivity,joint_histology_age_sex,endothelial,RAM2019_ENDO_5,standardized_mean,steatosis,37,0.2184093202939115,0.20789008181392224,-0.18904775280446137,0.6258663933922843,0.29344234032480443,0.16145719739786535,0.032375726651170944,1.4692848130231047,0.35342063504488586
GSE202379,including_end_stage_sensitivity,joint_histology_age_sex,endothelial,RAM2019_ENDO_5,standardized_mean,ballooning,37,0.0638599723849317,0.2262203071425227,-0.37952368218600196,0.5072436269558653,0.777720332953286,0.16145719739786535,0.0018786331541357226,2.1702455077693954,0.9578427250416172
GSE202379,including_end_stage_sensitivity,joint_histology_age_sex,endothelial,RAM2019_ENDO_5,standardized_mean,inflammation,37,-0.31519646259769385,0.2180743886004279,-0.7426144102051246,0.112221485009737,0.14835619501148503,0.16145719739786535,0.06761836708782809,1.4674931377034766,0.3449267873069155
GSE202379,including_end_stage_sensitivity,minimal_age_sex,endothelial,RAM2019_ENDO_6_SAENDO1,singscore,fibrosis,37,0.37403776762205254,0.20179478869092346,-0.021472750480028058,0.7695482857241331,0.06380283070550978,0.18246357357263865,0.1252390172981529,1.1158256855975226,0.38281698423305865
GSE202379,including_end_stage_sensitivity,minimal_age_sex,endothelial,RAM2019_ENDO_6_SAENDO1,singscore,steatosis,37,0.21026720117752418,0.21682283335817676,-0.21469774323043211,0.6352321455854805,0.3321636282502344,0.10098632969524124,0.04376177342075549,1.0066072537427855,0.49824544237535157
GSE202379,including_end_stage_sensitivity,minimal_age_sex,endothelial,RAM2019_ENDO_6_SAENDO1,singscore,ballooning,37,0.41403505110452105,0.2053794195672845,0.011498785586902538,0.8165713166221396,0.0438049955591347,0.1976372627759675,0.14041270650148174,1.2180417726237092,0.26282997335480823
GSE202379,including_end_stage_sensitivity,minimal_age_sex,endothelial,RAM2019_ENDO_6_SAENDO1,singscore,inflammation,37,0.0433566787006317,0.176378117706608,-0.30233807966528636,0.38905143706654977,0.8058241646743541,0.05898414728456891,0.0017595910100831613,1.0682957214486233,0.8187960855471684
GSE202379,including_end_stage_sensitivity,joint_histology_age_sex,endothelial,RAM2019_ENDO_6_SAENDO1,singscore,fibrosis,37,0.2890390871167499,0.2752817268236943,-0.2505031830596846,0.8285813572931844,0.2937293464663865,0.2732747754706337,0.05316165351085622,1.570640008002039,0.871215565671115
GSE202379,including_end_stage_sensitivity,joint_histology_age_sex,endothelial,RAM2019_ENDO_6_SAENDO1,singscore,steatosis,37,0.13857280132317198,0.2231879125116776,-0.29886746898439265,0.5760130716307366,0.5346789049701778,0.2732747754706337,0.013032663533255051,1.4692848130231047,0.5795576269579878
GSE202379,including_end_stage_sensitivity,joint_histology_age_sex,endothelial,RAM2019_ENDO_6_SAENDO1,singscore,ballooning,37,0.2937521393251462,0.28531077970345564,-0.2654467132946683,0.8529509919449607,0.30320413505161803,0.2732747754706337,0.039750867052934735,2.1702455077693954,0.8971328725910275
GSE202379,including_end_stage_sensitivity,joint_histology_age_sex,endothelial,RAM2019_ENDO_6_SAENDO1,singscore,inflammation,37,-0.2264429562280835,0.24231019150016297,-0.7013622046554064,0.24847629219923947,0.3500373496942345,0.2732747754706337,0.034899535053632524,1.4674931377034766,0.42004481963308143
GSE202379,including_end_stage_sensitivity,minimal_age_sex,endothelial,RAM2019_ENDO_6_SAENDO1,standardized_mean,fibrosis,37,0.29150515908654084,0.17670537388611038,-0.054831009604920045,0.6378413277780017,0.09901090680302627,0.08872948873262232,0.07606786538642163,1.1158256855975226,0.5940654408181576
GSE202379,including_end_stage_sensitivity,minimal_age_sex,endothelial,RAM2019_ENDO_6_SAENDO1,standardized_mean,steatosis,37,0.3736026992293221,0.1619404639206861,0.0562052223050693,0.6910001761535749,0.02105273784617864,0.15081829304740013,0.13815666970119944,1.0066072537427855,0.06223235063340384
GSE202379,including_end_stage_sensitivity,minimal_age_sex,endothelial,RAM2019_ENDO_6_SAENDO1,standardized_mean,ballooning,37,0.5377123166405875,0.17794936154207291,0.1889379769462276,0.8864866563349474,0.00251346786312809,0.24948914029127245,0.23682751694507176,1.2180417726237092,0.01508080717876854
GSE202379,including_end_stage_sensitivity,minimal_age_sex,endothelial,RAM2019_ENDO_6_SAENDO1,standardized_mean,inflammation,37,0.19170353962720635,0.17921481109529944,-0.15955103561572984,0.5429581148701426,0.28476075751383345,0.047061745593076965,0.034400122246876275,1.0682957214486233,0.7899023170485048
GSE202379,including_end_stage_sensitivity,joint_histology_age_sex,endothelial,RAM2019_ENDO_6_SAENDO1,standardized_mean,fibrosis,37,0.09404310481025697,0.2575098716847669,-0.41066696935541686,0.5987531789759308,0.7149606699587367,0.285049377886055,0.005627807635225079,1.570640008002039,0.9168764077109396
GSE202379,including_end_stage_sensitivity,joint_histology_age_sex,endothelial,RAM2019_ENDO_6_SAENDO1,standardized_mean,steatosis,37,0.22102279997178265,0.21084659374447226,-0.19222893003033126,0.6342745299738966,0.2945171958707382,0.285049377886055,0.03315517639012877,1.4692848130231047,0.35342063504488586
GSE202379,including_end_stage_sensitivity,joint_histology_age_sex,endothelial,RAM2019_ENDO_6_SAENDO1,standardized_mean,ballooning,37,0.41898138045611993,0.2832472094146642,-0.13617294871809643,0.9741357096303362,0.13908488083408713,0.285049377886055,0.08086749239688806,2.1702455077693954,0.8345092850045228
GSE202379,including_end_stage_sensitivity,joint_histology_age_sex,endothelial,RAM2019_ENDO_6_SAENDO1,standardized_mean,inflammation,37,-0.10265106872467815,0.23177214337207064,-0.5569161223535903,0.35161398490423407,0.6578406065253204,0.285049377886055,0.0071718130427592675,1.4674931377034766,0.7894087278303845
GSE202379,including_end_stage_sensitivity,minimal_age_sex,macrophage_monocyte,RAM2019_MAC_SIG_A_SAM,singscore,fibrosis,18,0.031926820243268705,0.2860048904591012,-0.5286324644588929,0.5924861049454304,0.9111165226233899,0.031940941073666074,0.0009032590155662046,1.1214426373292743,0.9750391700000737
GSE202379,including_end_stage_sensitivity,minimal_age_sex,macrophage_monocyte,RAM2019_MAC_SIG_A_SAM,singscore,steatosis,18,-0.15413862035580433,0.32460152152602356,-0.7903459118737135,0.4820686711621049,0.634890404915339,0.05150454873806609,0.020466866679966222,1.1554577667052146,0.8752447849965482
GSE202379,including_end_stage_sensitivity,minimal_age_sex,macrophage_monocyte,RAM2019_MAC_SIG_A_SAM,singscore,ballooning,18,0.2969630789988114,0.2454477669272989,-0.1841057042644758,0.7780318622620986,0.22632379383521262,0.11510536109242298,0.0840676790343231,1.0435539835515637,0.8175677606879196
GSE202379,including_end_stage_sensitivity,minimal_age_sex,macrophage_monocyte,RAM2019_MAC_SIG_A_SAM,singscore,inflammation,18,-0.2513515520923052,0.2529484822258817,-0.7471214671991033,0.24441836301449288,0.3203754014320501,0.09219542496055322,0.06115774290245335,1.0298848765249997,0.41751401110998526
GSE202379,including_end_stage_sensitivity,joint_histology_age_sex,macrophage_monocyte,RAM2019_MAC_SIG_A_SAM,singscore,fibrosis,18,-0.32549518920475456,0.5483400813009656,-1.4002219998344123,0.7492316214249031,0.5527790503406032,0.39916790519111345,0.04305646589569534,2.323343875966578,0.8837606456026553
GSE202379,including_end_stage_sensitivity,joint_histology_age_sex,macrophage_monocyte,RAM2019_MAC_SIG_A_SAM,singscore,steatosis,18,-0.4249045583890968,0.6480718975077041,-1.6951021368967303,0.8452930201185366,0.5120531016027676,0.39916790519111345,0.08760201181578442,1.9712886126230542,0.916857208329474
GSE202379,including_end_stage_sensitivity,joint_histology_age_sex,macrophage_monocyte,RAM2019_MAC_SIG_A_SAM,singscore,ballooning,18,0.8698605249345426,0.5115896241756841,-0.1328367133141799,1.872557763183265,0.0890727880820015,0.39916790519111345,0.2780864310047442,2.5762855040656354,0.37118212762901737
GSE202379,including_end_stage_sensitivity,joint_histology_age_sex,macrophage_monocyte,RAM2019_MAC_SIG_A_SAM,singscore,inflammation,18,-0.30688225733614766,0.4884678061600102,-1.2642615650170599,0.6504970503447647,0.5298370184661668,0.39916790519111345,0.057099765556581916,1.6151618824214482,0.6358044221594001
GSE202379,including_end_stage_sensitivity,minimal_age_sex,macrophage_monocyte,RAM2019_MAC_SIG_A_SAM,standardized_mean,fibrosis,18,0.1829493254882873,0.24288872668233033,-0.293103831059873,0.6590024820364475,0.4513160438404149,0.04107211212243744,0.029659416049978682,1.1214426373292743,0.9026320876808298
GSE202379,including_end_stage_sensitivity,minimal_age_sex,macrophage_monocyte,RAM2019_MAC_SIG_A_SAM,standardized_mean,steatosis,18,0.03810473585995808,0.35661310307804495,-0.6608441025880799,0.7370535743079961,0.9149065880448722,0.01266349164891789,0.0012507955764591294,1.1554577667052146,0.9496233664033582
GSE202379,including_end_stage_sensitivity,minimal_age_sex,macrophage_monocyte,RAM2019_MAC_SIG_A_SAM,standardized_mean,ballooning,18,0.4807355174612073,0.25373126872618157,-0.016568630993762712,0.9780396659161773,0.05813692115667969,0.2317238888744091,0.22031119280195033,1.0435539835515637,0.3488215269400782
GSE202379,including_end_stage_sensitivity,minimal_age_sex,macrophage_monocyte,RAM2019_MAC_SIG_A_SAM,standardized_mean,inflammation,18,-0.10187290236116442,0.2951010734001299,-0.68026037802453,0.47651457330220115,0.7299337991566188,0.021458985019902177,0.010046288947443416,1.0298848765249997,0.7299337991566187
GSE202379,including_end_stage_sensitivity,joint_histology_age_sex,macrophage_monocyte,RAM2019_MAC_SIG_A_SAM,standardized_mean,fibrosis,18,-0.26335855912796724,0.5392206657473843,-1.320211643712551,0.7934945254566166,0.6252623576176631,0.4126865089769529,0.028186691774975015,2.323343875966578,0.8846387008319126
GSE202379,including_end_stage_sensitivity,joint_histology_age_sex,macrophage_monocyte,RAM2019_MAC_SIG_A_SAM,standardized_mean,steatosis,18,-0.30147101551358063,0.664353957308852,-1.6035808448255913,1.00063881379843,0.6499866634444607,0.4126865089769529,0.044098358860817144,1.9712886126230542,0.9763316493847906
GSE202379,including_end_stage_sensitivity,joint_histology_age_sex,macrophage_monocyte,RAM2019_MAC_SIG_A_SAM,standardized_mean,ballooning,18,0.9322719908428865,0.5414261490093685,-0.12890376150369232,1.9934477431894653,0.08509087938042736,0.4126865089769529,0.3194227365896932,2.5762855040656354,0.5105452762825642
GSE202379,including_end_stage_sensitivity,joint_histology_age_sex,macrophage_monocyte,RAM2019_MAC_SIG_A_SAM,standardized_mean,inflammation,18,-0.2699748066686495,0.5293992163642203,-1.3075782041862487,0.7676285908489499,0.6100763327500707,0.4126865089769529,0.04419134732205654,1.6151618824214482,0.94381363840126
GSE202379,including_end_stage_sensitivity,minimal_age_sex,macrophage_monocyte,RAM2019_MAC_SIG_B_SAM,singscore,fibrosis,18,-0.0076612687821227664,0.2448560734712639,-0.48757035418169337,0.47224781661744786,0.9750391700000736,0.07003954512363186,5.201185809911024e-05,1.1214426373292743,0.9750391700000737
GSE202379,including_end_stage_sensitivity,minimal_age_sex,macrophage_monocyte,RAM2019_MAC_SIG_B_SAM,singscore,steatosis,18,0.05699151988472402,0.3216256193566345,-0.573383110559668,0.6873661503291161,0.859352614092038,0.07278554095731016,0.0027980076917774044,1.1554577667052146,0.8752447849965482
GSE202379,including_end_stage_sensitivity,minimal_age_sex,macrophage_monocyte,RAM2019_MAC_SIG_B_SAM,singscore,ballooning,18,0.3382709440687669,0.3689957411278634,-0.38494741899051055,1.0614893071280442,0.3592820416907746,0.1790696441415205,0.10908211087598774,1.0435539835515637,0.8175677606879196
GSE202379,including_end_stage_sensitivity,minimal_age_sex,macrophage_monocyte,RAM2019_MAC_SIG_B_SAM,singscore,inflammation,18,-0.24347962655787056,0.21535498329289654,-0.6655676377031728,0.1786083845874317,0.25822489056092435,0.12737453832505896,0.05738700505952621,1.0298848765249997,0.41751401110998526
GSE202379,including_end_stage_sensitivity,joint_histology_age_sex,macrophage_monocyte,RAM2019_MAC_SIG_B_SAM,singscore,fibrosis,18,-0.34531958160440895,0.5328080236265446,-1.3896041185864025,0.6989649553775845,0.5169121395240924,0.4215649973652231,0.04846091876511027,2.323343875966578,0.8837606456026553
GSE202379,including_end_stage_sensitivity,joint_histology_age_sex,macrophage_monocyte,RAM2019_MAC_SIG_B_SAM,singscore,steatosis,18,-0.13022625117828907,0.6237517944373763,-1.3527573035677778,1.0923048012111998,0.83462079657941,0.4215649973652231,0.00822864595801831,1.9712886126230542,0.916857208329474
GSE202379,including_end_stage_sensitivity,joint_histology_age_sex,macrophage_monocyte,RAM2019_MAC_SIG_B_SAM,singscore,ballooning,18,0.8124462835860881,0.5277972355847779,-0.22201728929987874,1.8469098564720547,0.12372737587633913,0.4215649973652231,0.2425883082994793,2.5762855040656354,0.37118212762901737
GSE202379,including_end_stage_sensitivity,joint_histology_age_sex,macrophage_monocyte,RAM2019_MAC_SIG_B_SAM,singscore,inflammation,18,-0.3972812530579841,0.49974472343262777,-1.3767629124498646,0.5822004063338964,0.42663189584001315,0.4215649973652231,0.09569448489053434,1.6151618824214482,0.6358044221594001
GSE202379,including_end_stage_sensitivity,minimal_age_sex,macrophage_monocyte,RAM2019_MAC_SIG_B_SAM,standardized_mean,fibrosis,18,-0.0109753849392192,0.26731086395038123,-0.5348950509582527,0.5129442810798143,0.9672492534247771,0.06190806141018146,0.0001067432676111757,1.1214426373292743,0.9672492534247771
GSE202379,including_end_stage_sensitivity,minimal_age_sex,macrophage_monocyte,RAM2019_MAC_SIG_B_SAM,standardized_mean,steatosis,18,-0.020785435484870926,0.32898886297091634,-0.6655917582226499,0.6240208872529082,0.9496233664033582,0.06217349270101902,0.0003721745584487346,1.1554577667052146,0.9496233664033582
GSE202379,including_end_stage_sensitivity,minimal_age_sex,macrophage_monocyte,RAM2019_MAC_SIG_B_SAM,standardized_mean,ballooning,18,0.269675756909497,0.3429272722987734,-0.402449346112659,0.941800859931653,0.4316370261854072,0.13112920377645298,0.0693278856338827,1.0435539835515637,0.6474555392781108
GSE202379,including_end_stage_sensitivity,minimal_age_sex,macrophage_monocyte,RAM2019_MAC_SIG_B_SAM,standardized_mean,inflammation,18,-0.1905085048746703,0.20042929054482356,-0.5833426957894389,0.20232568604009826,0.3418570776147468,0.0969344643919996,0.035133146249429315,1.0298848765249997,0.7299337991566187
GSE202379,including_end_stage_sensitivity,joint_histology_age_sex,macrophage_monocyte,RAM2019_MAC_SIG_B_SAM,standardized_mean,fibrosis,18,-0.3313238816232825,0.6357172057557017,-1.5773067092568969,0.9146589460103319,0.6022405214560519,0.3047115672813242,0.04461231016206724,2.323343875966578,0.8846387008319126
GSE202379,including_end_stage_sensitivity,joint_histology_age_sex,macrophage_monocyte,RAM2019_MAC_SIG_B_SAM,standardized_mean,steatosis,18,-0.2271324862013292,0.7195159616717643,-1.6373578573796892,1.183092884977031,0.7522499585594276,0.3047115672813242,0.025031669094035758,1.9712886126230542,0.9763316493847906
GSE202379,including_end_stage_sensitivity,joint_histology_age_sex,macrophage_monocyte,RAM2019_MAC_SIG_B_SAM,standardized_mean,ballooning,18,0.7250041711629511,0.6024474058444274,-0.45577104687171177,1.905779389197614,0.2288093933541835,0.3047115672813242,0.1931797339116894,2.5762855040656354,0.595704926277093
GSE202379,including_end_stage_sensitivity,joint_histology_age_sex,macrophage_monocyte,RAM2019_MAC_SIG_B_SAM,standardized_mean,inflammation,18,-0.266990880530326,0.5320007025307448,-1.3096930972405927,0.7757113361799406,0.615764671162698,0.3047115672813242,0.0432198863261819,1.6151618824214482,0.94381363840126
GSE202379,including_end_stage_sensitivity,minimal_age_sex,macrophage_monocyte,RAM2019_MAC_SIG_C_KC,singscore,fibrosis,18,-0.2419717127058264,0.26785523474361683,-0.7669583258738372,0.28301490046218436,0.3663308849652429,0.5570615659116762,0.05188360781414714,1.1214426373292743,0.9750391700000737
GSE202379,including_end_stage_sensitivity,minimal_age_sex,macrophage_monocyte,RAM2019_MAC_SIG_C_KC,singscore,steatosis,18,0.15004085354480468,0.21836187146596758,-0.27794055012525626,0.5780222572148657,0.4920069837247477,0.5245710688586764,0.01939311076114736,1.1554577667052146,0.8752447849965482
GSE202379,including_end_stage_sensitivity,minimal_age_sex,macrophage_monocyte,RAM2019_MAC_SIG_C_KC,singscore,ballooning,18,0.05681878674009974,0.24631595874605355,-0.42595162121961894,0.5395891946998185,0.8175677606879195,0.5082555289094235,0.0030775708118944145,1.0435539835515637,0.8175677606879196
GSE202379,including_end_stage_sensitivity,minimal_age_sex,macrophage_monocyte,RAM2019_MAC_SIG_C_KC,singscore,inflammation,18,-0.23451637650585863,0.2498535874053437,-0.7242204092284628,0.25518765621674544,0.3479283425916544,0.5584175425265412,0.05323958442901211,1.0298848765249997,0.41751401110998526
GSE202379,including_end_stage_sensitivity,joint_histology_age_sex,macrophage_monocyte,RAM2019_MAC_SIG_C_KC,singscore,fibrosis,18,-0.35891739175560267,0.3460902487271908,-1.0372418146614057,0.3194070311502005,0.2997064971749669,0.6966495236234307,0.052352597912201815,2.323343875966578,0.8837606456026553
GSE202379,including_end_stage_sensitivity,joint_histology_age_sex,macrophage_monocyte,RAM2019_MAC_SIG_C_KC,singscore,steatosis,18,0.2014185084124977,0.25659871833620923,-0.3015057380056099,0.7043427548306054,0.43247981264498314,0.6966495236234307,0.019684756664687497,1.9712886126230542,0.916857208329474
GSE202379,including_end_stage_sensitivity,joint_histology_age_sex,macrophage_monocyte,RAM2019_MAC_SIG_C_KC,singscore,ballooning,18,0.32761269442573826,0.3426230349441059,-0.34391611433851776,0.9991415031899943,0.33897628860347195,0.6966495236234307,0.03944591152382171,2.5762855040656354,0.5084644329052079
GSE202379,including_end_stage_sensitivity,joint_histology_age_sex,macrophage_monocyte,RAM2019_MAC_SIG_C_KC,singscore,inflammation,18,-0.31157633528402173,0.3180574437974861,-0.9349574701419668,0.3118047995739234,0.3272723280919376,0.6966495236234307,0.05885992370245419,1.6151618824214482,0.6358044221594001
GSE202379,including_end_stage_sensitivity,minimal_age_sex,macrophage_monocyte,RAM2019_MAC_SIG_C_KC,standardized_mean,fibrosis,18,-0.2749750482978755,0.20999555070716344,-0.6865587645975706,0.13660866800181953,0.19038780897928131,0.5916525055840509,0.06700196580737883,1.1214426373292743,0.9026320876808298
GSE202379,including_end_stage_sensitivity,minimal_age_sex,macrophage_monocyte,RAM2019_MAC_SIG_C_KC,standardized_mean,steatosis,18,-0.039566238730675926,0.18892512400443728,-0.4098526775541366,0.33072020009278474,0.8341140214214946,0.5259991236434136,0.0013485838667415262,1.1554577667052146,0.9496233664033582
GSE202379,including_end_stage_sensitivity,minimal_age_sex,macrophage_monocyte,RAM2019_MAC_SIG_C_KC,standardized_mean,ballooning,18,-0.16801287318841956,0.2001082107002593,-0.5602177591716805,0.22419201279484136,0.4011270389306584,0.5515602648060032,0.02690972502933109,1.0435539835515637,0.6474555392781108
GSE202379,including_end_stage_sensitivity,minimal_age_sex,macrophage_monocyte,RAM2019_MAC_SIG_C_KC,standardized_mean,inflammation,18,-0.0990443995318487,0.20731879843727716,-0.5053817777870308,0.3072929787233334,0.6328355564329617,0.5341467026099671,0.009496162833295019,1.0298848765249997,0.7299337991566187
GSE202379,including_end_stage_sensitivity,joint_histology_age_sex,macrophage_monocyte,RAM2019_MAC_SIG_C_KC,standardized_mean,fibrosis,18,-0.2927942774520268,0.4105275495009099,-1.0974134891352945,0.5118249342312409,0.4757129197536598,0.5926039561714416,0.034839699482678954,2.323343875966578,0.8846387008319126
GSE202379,including_end_stage_sensitivity,joint_histology_age_sex,macrophage_monocyte,RAM2019_MAC_SIG_C_KC,standardized_mean,steatosis,18,0.011486036201746652,0.38714935544240076,-0.7473127571032547,0.7702848295067481,0.9763316493847906,0.5926039561714416,6.401351293483515e-05,1.9712886126230542,0.9763316493847906
GSE202379,including_end_stage_sensitivity,joint_histology_age_sex,macrophage_monocyte,RAM2019_MAC_SIG_C_KC,standardized_mean,ballooning,18,0.0019089110276802046,0.43840537868657775,-0.857349841826656,0.8611676638820164,0.9965258505067844,0.5926039561714416,1.3392200008954802e-06,2.5762855040656354,0.9965258505067845
GSE202379,including_end_stage_sensitivity,joint_histology_age_sex,macrophage_monocyte,RAM2019_MAC_SIG_C_KC,standardized_mean,inflammation,18,0.028090437723227196,0.2880546859813551,-0.5364863723782236,0.592667247824678,0.9223152586064046,0.5926039561714416,0.00047841829439398964,1.6151618824214482,0.987407761226025
GSE202379,including_end_stage_sensitivity,minimal_age_sex,macrophage_monocyte,RAM2019_MAC_SIG_D_TMO,singscore,fibrosis,18,-0.011896058190103094,0.18979957684735482,-0.38389639309186085,0.3601042767116547,0.9500237542023008,0.082297248494002,0.0001254027702928262,1.1214426373292743,0.9750391700000737
GSE202379,including_end_stage_sensitivity,minimal_age_sex,macrophage_monocyte,RAM2019_MAC_SIG_D_TMO,singscore,steatosis,18,-0.07671527841650827,0.4886320973955207,-1.034416591001997,0.8809860341689802,0.8752447849965482,0.08724166124639077,0.005069815522681598,1.1554577667052146,0.8752447849965482
GSE202379,including_end_stage_sensitivity,minimal_age_sex,macrophage_monocyte,RAM2019_MAC_SIG_D_TMO,singscore,ballooning,18,0.14421768010842115,0.3084554725352453,-0.46034393689494346,0.7487792971117858,0.640107995827737,0.1019990350198331,0.019827189296123926,1.0435539835515637,0.8175677606879196
GSE202379,including_end_stage_sensitivity,minimal_age_sex,macrophage_monocyte,RAM2019_MAC_SIG_D_TMO,singscore,inflammation,18,-0.5190831146670583,0.3821883123739316,-1.268158442232108,0.22999221289799154,0.1744044232461317,0.3430045895664394,0.26083274384273025,1.0298848765249997,0.41751401110998526
GSE202379,including_end_stage_sensitivity,joint_histology_age_sex,macrophage_monocyte,RAM2019_MAC_SIG_D_TMO,singscore,fibrosis,18,0.05326278354591346,0.3643054971891528,-0.6607628703147839,0.7672884374066109,0.8837606456026553,0.5229095964617207,0.0011529140982500241,2.323343875966578,0.8837606456026553
GSE202379,including_end_stage_sensitivity,joint_histology_age_sex,macrophage_monocyte,RAM2019_MAC_SIG_D_TMO,singscore,steatosis,18,0.04781042509992838,0.45798348298931457,-0.8498207070733407,0.9454415572731975,0.916857208329474,0.5229095964617207,0.0011091148239419368,1.9712886126230542,0.916857208329474
GSE202379,including_end_stage_sensitivity,joint_histology_age_sex,macrophage_monocyte,RAM2019_MAC_SIG_D_TMO,singscore,ballooning,18,0.43843500256444884,0.3594049611837359,-0.26598577722068956,1.1428557823495873,0.2225060661245316,0.5229095964617207,0.07064655533134645,2.5762855040656354,0.4450121322490632
GSE202379,including_end_stage_sensitivity,joint_histology_age_sex,macrophage_monocyte,RAM2019_MAC_SIG_D_TMO,singscore,inflammation,18,-0.7645611058784327,0.4537407890251777,-1.653876710684568,0.12475449892770263,0.09198522244677504,0.5229095964617207,0.3544175077878501,1.6151618824214482,0.5519113346806502
GSE202379,including_end_stage_sensitivity,minimal_age_sex,macrophage_monocyte,RAM2019_MAC_SIG_D_TMO,standardized_mean,fibrosis,18,0.13455348252824806,0.1533370761176481,-0.1659816641570191,0.4350886292135152,0.3802144169555437,0.09827347291214272,0.016043194780265724,1.1214426373292743,0.9026320876808298
GSE202379,including_end_stage_sensitivity,minimal_age_sex,macrophage_monocyte,RAM2019_MAC_SIG_D_TMO,standardized_mean,steatosis,18,0.039748544588637025,0.4949747187139815,-0.9303840773486107,1.0098811665258847,0.9359953246649029,0.08359131813032739,0.0013610399984503863,1.1554577667052146,0.9496233664033582
GSE202379,including_end_stage_sensitivity,minimal_age_sex,macrophage_monocyte,RAM2019_MAC_SIG_D_TMO,standardized_mean,ballooning,18,0.2650182226981987,0.23245496649459046,-0.19058513965866358,0.720621585055061,0.25425124494850526,0.14918413765979022,0.06695385952791322,1.0435539835515637,0.6474555392781108
GSE202379,including_end_stage_sensitivity,minimal_age_sex,macrophage_monocyte,RAM2019_MAC_SIG_D_TMO,standardized_mean,inflammation,18,-0.3497340585167157,0.4416993955758469,-1.2154489658384862,0.5159808488050548,0.4284819536548644,0.2006336749052423,0.11840339677336531,1.0298848765249997,0.7299337991566187
GSE202379,including_end_stage_sensitivity,joint_histology_age_sex,macrophage_monocyte,RAM2019_MAC_SIG_D_TMO,standardized_mean,fibrosis,18,0.1417943229239441,0.34940302156402403,-0.5430230154310148,0.8266116612789031,0.684875727272864,0.43000552838782746,0.00817084398075929,2.323343875966578,0.8846387008319126
GSE202379,including_end_stage_sensitivity,joint_histology_age_sex,macrophage_monocyte,RAM2019_MAC_SIG_D_TMO,standardized_mean,steatosis,18,0.09346079167545507,0.4783588394011756,-0.8441053052372288,1.0310268885881388,0.8450970408790577,0.43000552838782746,0.004238285520724361,1.9712886126230542,0.9763316493847906
GSE202379,including_end_stage_sensitivity,joint_histology_age_sex,macrophage_monocyte,RAM2019_MAC_SIG_D_TMO,standardized_mean,ballooning,18,0.4255491750812067,0.40876930083916907,-0.37562393254918314,1.2267222827115964,0.2978524631385465,0.43000552838782746,0.0665549036547789,2.5762855040656354,0.595704926277093
GSE202379,including_end_stage_sensitivity,joint_histology_age_sex,macrophage_monocyte,RAM2019_MAC_SIG_D_TMO,standardized_mean,inflammation,18,-0.6502926374019745,0.48645870580745765,-1.6037341807505572,0.30314890594660815,0.18129152715511965,0.43000552838782746,0.2563943430665384,1.6151618824214482,0.94381363840126
GSE202379,including_end_stage_sensitivity,minimal_age_sex,macrophage_monocyte,RAM2019_MAC_SIG_E_TMO,singscore,fibrosis,18,-0.18331653360910166,0.244650114084433,-0.6628219460282058,0.29618887881000244,0.4536759074986513,0.13381018690457613,0.02977859778031433,1.1214426373292743,0.9750391700000737
GSE202379,including_end_stage_sensitivity,minimal_age_sex,macrophage_monocyte,RAM2019_MAC_SIG_E_TMO,singscore,steatosis,18,-0.14706526560660324,0.37126826798809504,-0.8747376994658346,0.580607168252628,0.6920195261941422,0.12266312465267559,0.01863153552841379,1.1554577667052146,0.8752447849965482
GSE202379,including_end_stage_sensitivity,minimal_age_sex,macrophage_monocyte,RAM2019_MAC_SIG_E_TMO,singscore,ballooning,18,-0.08227316199372275,0.20258566451764415,-0.47933376823241924,0.31478744424497374,0.6846577970934508,0.11048427494807578,0.006452685823813975,1.0435539835515637,0.8175677606879196
GSE202379,including_end_stage_sensitivity,minimal_age_sex,macrophage_monocyte,RAM2019_MAC_SIG_E_TMO,singscore,inflammation,18,-0.17810565946133702,0.23937500766663838,-0.6472720532869476,0.2910607343642735,0.4568495499598998,0.1347390385856615,0.030707449461399694,1.0298848765249997,0.45684954995989974
GSE202379,including_end_stage_sensitivity,joint_histology_age_sex,macrophage_monocyte,RAM2019_MAC_SIG_E_TMO,singscore,fibrosis,18,-0.24341676726565942,0.5725821354149543,-1.365657130870006,0.8788235963386871,0.6707483715971976,0.16315076473181178,0.024079652342048563,2.323343875966578,0.8837606456026553
GSE202379,including_end_stage_sensitivity,joint_histology_age_sex,macrophage_monocyte,RAM2019_MAC_SIG_E_TMO,singscore,steatosis,18,-0.16352860221436546,0.7099279846744873,-1.5549618837934638,1.227904679364733,0.8178234323206897,0.16315076473181178,0.012975340058440255,1.9712886126230542,0.916857208329474
GSE202379,including_end_stage_sensitivity,joint_histology_age_sex,macrophage_monocyte,RAM2019_MAC_SIG_E_TMO,singscore,ballooning,18,0.1985224122446086,0.5181300946390522,-0.8169939125542636,1.2140387370434806,0.7016073085804633,0.16315076473181178,0.014484371007728591,2.5762855040656354,0.707457752031062
GSE202379,including_end_stage_sensitivity,joint_histology_age_sex,macrophage_monocyte,RAM2019_MAC_SIG_E_TMO,singscore,inflammation,18,-0.08369827896512033,0.46740880275097146,-0.9998026984140105,0.8324061404837699,0.8578837714728151,0.16315076473181178,0.004247406437385304,1.6151618824214482,0.8578837714728151
GSE202379,including_end_stage_sensitivity,minimal_age_sex,macrophage_monocyte,RAM2019_MAC_SIG_E_TMO,standardized_mean,fibrosis,18,-0.11463238421830901,0.33647135544235035,-0.7741041227146908,0.5448393542780727,0.7333370613161664,0.09280140617963073,0.01164435994065749,1.1214426373292743,0.9672492534247771
GSE202379,including_end_stage_sensitivity,minimal_age_sex,macrophage_monocyte,RAM2019_MAC_SIG_E_TMO,standardized_mean,steatosis,18,-0.16034468460823803,0.3573908871062598,-0.8608179517393276,0.5401285825228516,0.6536816088881006,0.10330520159633039,0.022148155357357147,1.1554577667052146,0.9496233664033582
GSE202379,including_end_stage_sensitivity,minimal_age_sex,macrophage_monocyte,RAM2019_MAC_SIG_E_TMO,standardized_mean,ballooning,18,-0.03413516177608522,0.21213175241966226,-0.4499057564959907,0.38163543294382024,0.8721604191301859,0.08226782629498375,0.0011107800560105074,1.0435539835515637,0.937227253350665
GSE202379,including_end_stage_sensitivity,minimal_age_sex,macrophage_monocyte,RAM2019_MAC_SIG_E_TMO,standardized_mean,inflammation,18,-0.11038609597649195,0.1738388268458464,-0.45110393570904556,0.23033174375606164,0.525434264260638,0.09295256522771,0.011795518988736764,1.0298848765249997,0.7299337991566187
GSE202379,including_end_stage_sensitivity,joint_histology_age_sex,macrophage_monocyte,RAM2019_MAC_SIG_E_TMO,standardized_mean,fibrosis,18,-0.22449693710555788,0.7034697998983286,-1.6032724091178805,1.1542785349067648,0.7496294230508688,0.13068055432809178,0.02048189200109607,2.323343875966578,0.8846387008319126
GSE202379,including_end_stage_sensitivity,joint_histology_age_sex,macrophage_monocyte,RAM2019_MAC_SIG_E_TMO,standardized_mean,steatosis,18,-0.24458494376128095,0.7431026148265736,-1.7010393056389053,1.2118694181163432,0.7420497197516458,0.13068055432809178,0.029026237050439607,1.9712886126230542,0.9763316493847906
GSE202379,including_end_stage_sensitivity,joint_histology_age_sex,macrophage_monocyte,RAM2019_MAC_SIG_E_TMO,standardized_mean,ballooning,18,0.2413410771111849,0.5340938963302942,-0.8054637240588612,1.288145878281231,0.6513625457254756,0.13068055432809178,0.021406370922191997,2.5762855040656354,0.8839424462583441
GSE202379,including_end_stage_sensitivity,joint_histology_age_sex,macrophage_monocyte,RAM2019_MAC_SIG_E_TMO,standardized_mean,inflammation,18,-0.007377810362000907,0.4674622764181213,-0.9235870362726262,0.9088314155486243,0.987407761226025,0.13068055432809178,3.300241650761038e-05,1.6151618824214482,0.987407761226025
GSE202379,including_end_stage_sensitivity,minimal_age_sex,macrophage_monocyte,RAM2019_MAC_SIG_F_CDC1,singscore,fibrosis,18,-0.1092943184173007,0.26092186902304815,-0.6206917844813522,0.40210314764675087,0.6753056105008137,0.011354386883259626,0.01058512870573125,1.1214426373292743,0.9750391700000737
GSE202379,including_end_stage_sensitivity,minimal_age_sex,macrophage_monocyte,RAM2019_MAC_SIG_F_CDC1,singscore,steatosis,18,-0.390792398715857,0.3946775936294158,-1.1643462677344472,0.382761470302733,0.3220978611056442,0.1323282816282021,0.13155902345067372,1.1554577667052146,0.8752447849965482
GSE202379,including_end_stage_sensitivity,minimal_age_sex,macrophage_monocyte,RAM2019_MAC_SIG_F_CDC1,singscore,ballooning,18,-0.1224292629922627,0.44605768645544946,-0.9966862634722036,0.7518277374876781,0.7837237828724861,0.015058020515401171,0.014288762337872796,1.0435539835515637,0.8175677606879196
GSE202379,including_end_stage_sensitivity,minimal_age_sex,macrophage_monocyte,RAM2019_MAC_SIG_F_CDC1,singscore,inflammation,18,-0.5357164539996788,0.3609026520960772,-1.243072654032979,0.17163974603362153,0.13770830266074072,0.27858591270528466,0.2778166545277563,1.0298848765249997,0.41751401110998526
GSE202379,including_end_stage_sensitivity,joint_histology_age_sex,macrophage_monocyte,RAM2019_MAC_SIG_F_CDC1,singscore,fibrosis,18,0.06840144727136233,0.4532461737264087,-0.8199447293629832,0.9567476239057079,0.8800431141348046,0.3399779482693005,0.001901427685914947,2.323343875966578,0.8837606456026553
GSE202379,including_end_stage_sensitivity,joint_histology_age_sex,macrophage_monocyte,RAM2019_MAC_SIG_F_CDC1,singscore,steatosis,18,-0.2515465401186636,0.619706957033215,-1.4661498568726758,0.9630567766353486,0.6848072015596784,0.3399779482693005,0.030702093927721275,1.9712886126230542,0.916857208329474
GSE202379,including_end_stage_sensitivity,joint_histology_age_sex,macrophage_monocyte,RAM2019_MAC_SIG_F_CDC1,singscore,ballooning,18,0.21999682751762778,0.5862320769583691,-0.9289969299028888,1.3689905849381445,0.707457752031062,0.3399779482693005,0.017787437589787958,2.5762855040656354,0.707457752031062
GSE202379,including_end_stage_sensitivity,joint_histology_age_sex,macrophage_monocyte,RAM2019_MAC_SIG_F_CDC1,singscore,inflammation,18,-0.5530910234636957,0.5694988065612506,-1.66928817356229,0.5631061266348987,0.3314541294404334,0.3399779482693005,0.18547440436982743,1.6151618824214482,0.6358044221594001
GSE202379,including_end_stage_sensitivity,minimal_age_sex,macrophage_monocyte,RAM2019_MAC_SIG_F_CDC1,standardized_mean,fibrosis,18,0.012665272529680527,0.2561764499081629,-0.489431342977648,0.5147618880370091,0.9605689352912428,0.0018244078448309553,0.0001421444965115093,1.1214426373292743,0.9672492534247771
GSE202379,including_end_stage_sensitivity,minimal_age_sex,macrophage_monocyte,RAM2019_MAC_SIG_F_CDC1,standardized_mean,steatosis,18,-0.3509370884075353,0.38505073314623306,-1.1056226575948953,0.40374848077982467,0.3620821227457952,0.10777532020138048,0.10609305685306103,1.1554577667052146,0.9496233664033582
GSE202379,including_end_stage_sensitivity,minimal_age_sex,macrophage_monocyte,RAM2019_MAC_SIG_F_CDC1,standardized_mean,ballooning,18,-0.034240812802076775,0.43477467190829144,-0.8863835111325464,0.8179018855283928,0.937227253350665,0.002799929949348967,0.001117666601029521,1.0435539835515637,0.937227253350665
GSE202379,including_end_stage_sensitivity,minimal_age_sex,macrophage_monocyte,RAM2019_MAC_SIG_F_CDC1,standardized_mean,inflammation,18,-0.33468723661919536,0.39747285166842644,-1.1137197107217423,0.4443452374833516,0.3997666953745921,0.11011654524698378,0.10843428189866433,1.0298848765249997,0.7299337991566187
GSE202379,including_end_stage_sensitivity,joint_histology_age_sex,macrophage_monocyte,RAM2019_MAC_SIG_F_CDC1,standardized_mean,fibrosis,18,0.08346442928664696,0.5752541079977919,-1.0440129043477397,1.2109417629210335,0.8846387008319125,0.20431728977247687,0.002831079648139112,2.323343875966578,0.8846387008319126
GSE202379,including_end_stage_sensitivity,joint_histology_age_sex,macrophage_monocyte,RAM2019_MAC_SIG_F_CDC1,standardized_mean,steatosis,18,-0.34212842052974646,0.7732727057945802,-1.8577150741149606,1.173458233055468,0.6581693004489413,0.20431728977247687,0.05679493468137631,1.9712886126230542,0.9763316493847906
GSE202379,including_end_stage_sensitivity,joint_histology_age_sex,macrophage_monocyte,RAM2019_MAC_SIG_F_CDC1,standardized_mean,ballooning,18,0.24136133688577743,0.7176230874248022,-1.1651540689412734,1.6478767427128282,0.7366187052152868,0.20431728977247687,0.021409965059238534,2.5762855040656354,0.8839424462583441
GSE202379,including_end_stage_sensitivity,joint_histology_age_sex,macrophage_monocyte,RAM2019_MAC_SIG_F_CDC1,standardized_mean,inflammation,18,-0.32762613031582843,0.6785392409425887,-1.6575386046604481,1.0022863440287915,0.6292090922675067,0.20431728977247687,0.0650800427535253,1.6151618824214482,0.94381363840126
GSE202379,including_end_stage_sensitivity,minimal_age_sex,mesenchymal_hsc_myofibroblast,RAM2019_MES_HSC,singscore,fibrosis,22,0.03125147429572184,0.2419562871781055,-0.4429741344063954,0.505477082997839,0.8972297375111321,0.10394585691750768,0.0008688062527999474,1.1240890449893042,0.8972297375111321
GSE202379,including_end_stage_sensitivity,minimal_age_sex,mesenchymal_hsc_myofibroblast,RAM2019_MES_HSC,singscore,steatosis,22,-0.3611053976705759,0.23844403947625892,-0.8284471273722903,0.10623633203113847,0.12991831302733647,0.22469249306981454,0.1216154424051068,1.0482048807233735,0.19904875772644337
GSE202379,including_end_stage_sensitivity,minimal_age_sex,mesenchymal_hsc_myofibroblast,RAM2019_MES_HSC,singscore,ballooning,22,-0.20233638004959448,0.2253134766310892,-0.6439426794780364,0.23926991937884745,0.3691740073555798,0.13541238112797283,0.03233533046326509,1.2655929360986602,0.4430088088266958
GSE202379,including_end_stage_sensitivity,minimal_age_sex,mesenchymal_hsc_myofibroblast,RAM2019_MES_HSC,singscore,inflammation,22,-0.34922730718874856,0.24588179372527794,-0.8311467673444,0.13269215296690284,0.15551870951948235,0.21617373285013608,0.11309668218542834,1.0697923080738136,0.3110374190389647
GSE202379,including_end_stage_sensitivity,joint_histology_age_sex,mesenchymal_hsc_myofibroblast,RAM2019_MES_HSC,singscore,fibrosis,22,0.2201825022478916,0.3831898445721566,-0.5308557923550364,0.9712207968508196,0.5655589965106149,0.294396593950332,0.020141433095237415,2.4039614183454243,0.6786707958127379
GSE202379,including_end_stage_sensitivity,joint_histology_age_sex,mesenchymal_hsc_myofibroblast,RAM2019_MES_HSC,singscore,steatosis,22,-0.1777582855947467,0.3001211140596807,-0.7659848601517586,0.41046828896226517,0.5536574128415883,0.294396593950332,0.014657933695058412,2.112779310758981,0.5536574128415883
GSE202379,including_end_stage_sensitivity,joint_histology_age_sex,mesenchymal_hsc_myofibroblast,RAM2019_MES_HSC,singscore,ballooning,22,-0.11023338918851919,0.3474808455451604,-0.7912833317745589,0.5708165533975205,0.7510646323151018,0.294396593950332,0.0039807523803101486,3.033799178090028,0.8984086646238018
GSE202379,including_end_stage_sensitivity,joint_histology_age_sex,mesenchymal_hsc_myofibroblast,RAM2019_MES_HSC,singscore,inflammation,22,-0.33261059972350593,0.2748073222258236,-0.8712230539740137,0.20600185452700182,0.22614802863906192,0.294396593950332,0.06873129127472977,1.6085051660071523,0.8566255587764985
GSE202379,including_end_stage_sensitivity,minimal_age_sex,mesenchymal_hsc_myofibroblast,RAM2019_MES_HSC,standardized_mean,fibrosis,22,-0.06472043676697381,0.24577379631229243,-0.5464282258827502,0.4169873523488025,0.792293658046421,0.21651429699962876,0.0037261882890770037,1.1240890449893042,0.7922936580464212
GSE202379,including_end_stage_sensitivity,minimal_age_sex,mesenchymal_hsc_myofibroblast,RAM2019_MES_HSC,standardized_mean,steatosis,22,-0.24066856811352627,0.1935032257011855,-0.6199279213801752,0.13859078515312268,0.2135936212204168,0.2668087221866541,0.05402061347610232,1.0482048807233735,0.25631234546450016
GSE202379,including_end_stage_sensitivity,minimal_age_sex,mesenchymal_hsc_myofibroblast,RAM2019_MES_HSC,standardized_mean,ballooning,22,-0.21373677250190087,0.19800963154077594,-0.6018285189138681,0.17435497391006632,0.280397802691147,0.24886987974121144,0.03608177103065968,1.2655929360986602,0.31391849179104514
GSE202379,including_end_stage_sensitivity,minimal_age_sex,mesenchymal_hsc_myofibroblast,RAM2019_MES_HSC,standardized_mean,inflammation,22,-0.3324179154946445,0.20123020408777215,-0.7268218681083227,0.061986037119033666,0.09854912100017083,0.31525942567612186,0.1024713169655701,1.0697923080738136,0.2956473630005125
GSE202379,including_end_stage_sensitivity,joint_histology_age_sex,mesenchymal_hsc_myofibroblast,RAM2019_MES_HSC,standardized_mean,fibrosis,22,0.15205535177420187,0.4516101329844979,-0.7330842439287584,1.037194947477162,0.7363460348974288,0.3404733246694365,0.009605681507282693,2.4039614183454243,0.8836152418769145
GSE202379,including_end_stage_sensitivity,joint_histology_age_sex,mesenchymal_hsc_myofibroblast,RAM2019_MES_HSC,standardized_mean,steatosis,22,-0.03611716625221678,0.3600567127647805,-0.7418153556630698,0.6695810231586361,0.9200984890144448,0.3404733246694365,0.0006051184341777649,2.112779310758981,0.9200984890144448
GSE202379,including_end_stage_sensitivity,joint_histology_age_sex,mesenchymal_hsc_myofibroblast,RAM2019_MES_HSC,standardized_mean,ballooning,22,-0.16250248760284358,0.4288467096759791,-1.0030265934562674,0.6780216182505802,0.7047405316932545,0.3404733246694365,0.00865085176144198,3.033799178090028,0.8731281157805683
GSE202379,including_end_stage_sensitivity,joint_histology_age_sex,mesenchymal_hsc_myofibroblast,RAM2019_MES_HSC,standardized_mean,inflammation,22,-0.3273205631720269,0.2786777035956187,-0.8735188255137678,0.21887769916971406,0.2401752761941106,0.3404733246694365,0.06656239070805559,1.6085051660071523,0.8895093102229308
GSE202379,including_end_stage_sensitivity,minimal_age_sex,mesenchymal_hsc_myofibroblast,RAM2019_MES_MESOTHELIAL,singscore,fibrosis,22,0.47235214937115166,0.3048859488968261,-0.12521332985894684,1.0699176286012502,0.12131564978919934,0.20327764077448918,0.19847860983943622,1.1240890449893042,0.4222793582158757
GSE202379,including_end_stage_sensitivity,minimal_age_sex,mesenchymal_hsc_myofibroblast,RAM2019_MES_MESOTHELIAL,singscore,steatosis,22,0.30585211343151886,0.2040317994944708,-0.09404286527854155,0.7057470921415793,0.13386289342178326,0.09204467143868744,0.08724564050363448,1.0482048807233735,0.19904875772644337
GSE202379,including_end_stage_sensitivity,minimal_age_sex,mesenchymal_hsc_myofibroblast,RAM2019_MES_MESOTHELIAL,singscore,ballooning,22,0.41190344324932693,0.2804820904251936,-0.13783135229255927,0.9616382387912131,0.14195346321107297,0.1388037821486332,0.13400475121358024,1.2655929360986602,0.336006457048625
GSE202379,including_end_stage_sensitivity,minimal_age_sex,mesenchymal_hsc_myofibroblast,RAM2019_MES_MESOTHELIAL,singscore,inflammation,22,0.3385392271518321,0.27546593747648324,-0.2013640892696374,0.8784425435733016,0.2190832529368142,0.1110790126482647,0.10627998171321174,1.0697923080738136,0.3286248794052213
GSE202379,including_end_stage_sensitivity,joint_histology_age_sex,mesenchymal_hsc_myofibroblast,RAM2019_MES_MESOTHELIAL,singscore,fibrosis,22,0.5139201042049892,0.43015648903794096,-0.32917112202557364,1.3570113304355522,0.23219322599090786,0.30000489852121337,0.1097276244064539,2.4039614183454243,0.6786707958127379
GSE202379,including_end_stage_sensitivity,joint_histology_age_sex,mesenchymal_hsc_myofibroblast,RAM2019_MES_MESOTHELIAL,singscore,steatosis,22,0.3468626127342153,0.37579485650979405,-0.3896817716003785,1.0834069970688092,0.356001713520259,0.30000489852121337,0.055812056981319635,2.112779310758981,0.42720205622431084
GSE202379,including_end_stage_sensitivity,joint_histology_age_sex,mesenchymal_hsc_myofibroblast,RAM2019_MES_MESOTHELIAL,singscore,ballooning,22,-0.09239201652273209,0.4705934888939025,-1.0147383061138309,0.8299542730683668,0.8443512216827098,0.30000489852121337,0.0027964543550134113,3.033799178090028,0.8984086646238018
GSE202379,including_end_stage_sensitivity,joint_histology_age_sex,mesenchymal_hsc_myofibroblast,RAM2019_MES_MESOTHELIAL,singscore,inflammation,22,0.03304679740428403,0.25826773926076463,-0.473148669915396,0.5392422647239641,0.898184128984844,0.30000489852121337,0.0006784863089415172,1.6085051660071523,0.8981841289848441
GSE202379,including_end_stage_sensitivity,minimal_age_sex,mesenchymal_hsc_myofibroblast,RAM2019_MES_MESOTHELIAL,standardized_mean,fibrosis,22,0.6003622617982349,0.26782252519822203,0.07543975816114867,1.125284765435321,0.02498450936204302,0.3303353553374321,0.3206333464913773,1.1240890449893042,0.1499070561722581
GSE202379,including_end_stage_sensitivity,minimal_age_sex,mesenchymal_hsc_myofibroblast,RAM2019_MES_MESOTHELIAL,standardized_mean,steatosis,22,0.26396915883602184,0.20614224418801763,-0.140062215464754,0.6680005331367977,0.2003624990471634,0.07468910635570447,0.0649870975096497,1.0482048807233735,0.25631234546450016
GSE202379,including_end_stage_sensitivity,minimal_age_sex,mesenchymal_hsc_myofibroblast,RAM2019_MES_MESOTHELIAL,standardized_mean,ballooning,22,0.47329826815673215,0.23334235811225104,0.015955650189072412,0.9306408861243919,0.042525284035829856,0.18663107394837053,0.17692906510231576,1.2655929360986602,0.16022015637778259
GSE202379,including_end_stage_sensitivity,minimal_age_sex,mesenchymal_hsc_myofibroblast,RAM2019_MES_MESOTHELIAL,standardized_mean,inflammation,22,0.3258670561159133,0.2981440843468338,-0.258484611407553,0.9102187236393797,0.27440032079986076,0.1081743784131487,0.09847236956709393,1.0697923080738136,0.4386913015776652
GSE202379,including_end_stage_sensitivity,joint_histology_age_sex,mesenchymal_hsc_myofibroblast,RAM2019_MES_MESOTHELIAL,standardized_mean,fibrosis,22,0.6659626424609798,0.41001986386796213,-0.13766152366624185,1.4695868085882013,0.10432877065779686,0.404167291556787,0.184257213016505,2.4039614183454243,0.35600882066866013
GSE202379,including_end_stage_sensitivity,joint_histology_age_sex,mesenchymal_hsc_myofibroblast,RAM2019_MES_MESOTHELIAL,standardized_mean,steatosis,22,0.33094415677347777,0.3503148383878438,-0.3556603097166656,1.0175486232636213,0.3448095366558569,0.404167291556787,0.05080687480863799,2.112779310758981,0.4137714439870283
GSE202379,including_end_stage_sensitivity,joint_histology_age_sex,mesenchymal_hsc_myofibroblast,RAM2019_MES_MESOTHELIAL,standardized_mean,ballooning,22,-0.0858903878840189,0.437984157364897,-0.9443235621183405,0.7725427863503026,0.8445288679196532,0.404167291556787,0.002416729097512782,3.033799178090028,0.8731281157805683
GSE202379,including_end_stage_sensitivity,joint_histology_age_sex,mesenchymal_hsc_myofibroblast,RAM2019_MES_MESOTHELIAL,standardized_mean,inflammation,22,-0.0349823302275856,0.2377904329101792,-0.5010430145997248,0.4310783541445536,0.8830419451743496,0.404167291556787,0.0007602909182847783,1.6085051660071523,0.8895093102229308
GSE202379,including_end_stage_sensitivity,minimal_age_sex,mesenchymal_hsc_myofibroblast,RAM2019_MES_SAMES,singscore,fibrosis,22,0.36824012877788553,0.29448897124308127,-0.2089476487028054,0.9454279062585764,0.21113967910793785,0.13067424756962254,0.12062689394098403,1.1240890449893042,0.4222793582158757
GSE202379,including_end_stage_sensitivity,minimal_age_sex,mesenchymal_hsc_myofibroblast,RAM2019_MES_SAMES,singscore,steatosis,22,0.4655165016238152,0.20178874689371878,0.07001782522665767,0.8610151780209727,0.021057620931422716,0.21215880678578158,0.20211145315714307,1.0482048807233735,0.1263457255885363
GSE202379,including_end_stage_sensitivity,minimal_age_sex,mesenchymal_hsc_myofibroblast,RAM2019_MES_SAMES,singscore,ballooning,22,0.4898058082402717,0.21250973325748707,0.07329438469138333,0.9063172317891601,0.02117425084120449,0.1995333909534055,0.189486037324767,1.2655929360986602,0.12704550504722695
GSE202379,including_end_stage_sensitivity,minimal_age_sex,mesenchymal_hsc_myofibroblast,RAM2019_MES_SAMES,singscore,inflammation,22,0.4268077470391843,0.28825794396116794,-0.13816744138227005,0.9917829354606387,0.1387011384411646,0.17897396164573232,0.1689266080170938,1.0697923080738136,0.3110374190389647
GSE202379,including_end_stage_sensitivity,joint_histology_age_sex,mesenchymal_hsc_myofibroblast,RAM2019_MES_SAMES,singscore,fibrosis,22,0.29171408474684724,0.3961287966752978,-0.4846840899759264,1.0681122594696209,0.4614798729163009,0.3527474588500884,0.03535408154565578,2.4039614183454243,0.6786707958127379
GSE202379,including_end_stage_sensitivity,joint_histology_age_sex,mesenchymal_hsc_myofibroblast,RAM2019_MES_SAMES,singscore,steatosis,22,0.3926059831060258,0.3554241313266152,-0.30401251353057446,1.089224479742626,0.2693274776794886,0.3527474588500884,0.07150342982850277,2.112779310758981,0.42720205622431084
GSE202379,including_end_stage_sensitivity,joint_histology_age_sex,mesenchymal_hsc_myofibroblast,RAM2019_MES_SAMES,singscore,ballooning,22,0.04799181230688747,0.37589970389931615,-0.6887580691350428,0.7847416937488176,0.8984086646238019,0.3527474588500884,0.0007545241483712939,3.033799178090028,0.8984086646238018
GSE202379,including_end_stage_sensitivity,joint_histology_age_sex,mesenchymal_hsc_myofibroblast,RAM2019_MES_SAMES,singscore,inflammation,22,0.14684292904401414,0.3045951633722354,-0.45015262103066106,0.7438384791186894,0.6297405050798379,0.3527474588500884,0.013396409358829131,1.6085051660071523,0.8837653237263672
GSE202379,including_end_stage_sensitivity,minimal_age_sex,mesenchymal_hsc_myofibroblast,RAM2019_MES_SAMES,standardized_mean,fibrosis,22,0.3790511008254446,0.2450903315487458,-0.10131712196907816,0.8594193236199673,0.12196524873652638,0.14944026543035416,0.12781371029521404,1.1240890449893042,0.18294787310478958
GSE202379,including_end_stage_sensitivity,minimal_age_sex,mesenchymal_hsc_myofibroblast,RAM2019_MES_SAMES,standardized_mean,steatosis,22,0.31528010666471873,0.20496565189569504,-0.08644518911861743,0.7170054024480549,0.12399740638073822,0.1143338483826527,0.09270729324751259,1.0482048807233735,0.25631234546450016
GSE202379,including_end_stage_sensitivity,minimal_age_sex,mesenchymal_hsc_myofibroblast,RAM2019_MES_SAMES,standardized_mean,ballooning,22,0.3208067329905435,0.21418766248375612,-0.0989933714104394,0.7406068373915264,0.13418952580399035,0.10291265773898972,0.08128610260384961,1.2655929360986602,0.23170191975917248
GSE202379,including_end_stage_sensitivity,minimal_age_sex,mesenchymal_hsc_myofibroblast,RAM2019_MES_SAMES,standardized_mean,inflammation,22,0.3259701273880375,0.3096401753761752,-0.2809134645159321,0.932853719292007,0.2924608677184435,0.12016122788614358,0.09853467275100347,1.0697923080738136,0.4386913015776652
GSE202379,including_end_stage_sensitivity,joint_histology_age_sex,mesenchymal_hsc_myofibroblast,RAM2019_MES_SAMES,standardized_mean,fibrosis,22,0.4610799226578709,0.350405466625057,-0.22570217191319275,1.1478620172289347,0.18822545748656783,0.26131151992487434,0.08832368607780927,2.4039614183454243,0.37645091497313565
GSE202379,including_end_stage_sensitivity,joint_histology_age_sex,mesenchymal_hsc_myofibroblast,RAM2019_MES_SAMES,standardized_mean,steatosis,22,0.3909298440880058,0.32875249867999307,-0.25341321315233223,1.035272901328344,0.23438805357806558,0.26131151992487434,0.07089419890101845,2.112779310758981,0.4137714439870283
GSE202379,including_end_stage_sensitivity,joint_histology_age_sex,mesenchymal_hsc_myofibroblast,RAM2019_MES_SAMES,standardized_mean,ballooning,22,-0.18441736835940475,0.3042624998993147,-0.7807609100081834,0.4119261732893739,0.5444399115707195,0.26131151992487434,0.011141469702965479,3.033799178090028,0.8731281157805683
GSE202379,including_end_stage_sensitivity,joint_histology_age_sex,mesenchymal_hsc_myofibroblast,RAM2019_MES_SAMES,standardized_mean,inflammation,22,0.052889354922036835,0.38070400761750883,-0.6932767887783429,0.7990554986224165,0.8895093102229308,0.26131151992487434,0.0017378763483135717,1.6085051660071523,0.8895093102229308
GSE202379,including_end_stage_sensitivity,minimal_age_sex,mesenchymal_hsc_myofibroblast,RAM2019_MES_VSMC,singscore,fibrosis,22,0.3693384575135824,0.27493392113662957,-0.1695221260425871,0.9081990410697519,0.17915163582103977,0.26014096814298304,0.12134754090856614,1.1240890449893042,0.4222793582158757
GSE202379,including_end_stage_sensitivity,minimal_age_sex,mesenchymal_hsc_myofibroblast,RAM2019_MES_VSMC,singscore,steatosis,22,0.3539062207103422,0.26928409270595427,-0.1738809026028732,0.8816933440235577,0.1887625847211074,0.25560803539702337,0.11681460816260647,1.0482048807233735,0.19904875772644337
GSE202379,including_end_stage_sensitivity,minimal_age_sex,mesenchymal_hsc_myofibroblast,RAM2019_MES_VSMC,singscore,ballooning,22,0.30606433088370055,0.222003203605281,-0.1290539526351629,0.7411826144025639,0.1680032285243125,0.21278032035105576,0.07398689311663886,1.2655929360986602,0.336006457048625
GSE202379,including_end_stage_sensitivity,minimal_age_sex,mesenchymal_hsc_myofibroblast,RAM2019_MES_VSMC,singscore,inflammation,22,0.5090248004773827,0.20403421904053948,0.10912507954416883,0.9089245214105967,0.012602774035235952,0.37906996138322613,0.24027653414880923,1.0697923080738136,0.07561664421141572
GSE202379,including_end_stage_sensitivity,joint_histology_age_sex,mesenchymal_hsc_myofibroblast,RAM2019_MES_VSMC,singscore,fibrosis,22,0.35886169722189853,0.4095812622674249,-0.4439028255647085,1.1616262200085057,0.3809391057225533,0.46230327766443347,0.053503103665994645,2.4039614183454243,0.6786707958127379
GSE202379,including_end_stage_sensitivity,joint_histology_age_sex,mesenchymal_hsc_myofibroblast,RAM2019_MES_VSMC,singscore,steatosis,22,0.34145963209873054,0.35945463380949527,-0.36305850424391384,1.045977768441375,0.342143734013024,0.46230327766443347,0.054086861694979116,2.112779310758981,0.42720205622431084
GSE202379,including_end_stage_sensitivity,joint_histology_age_sex,mesenchymal_hsc_myofibroblast,RAM2019_MES_VSMC,singscore,ballooning,22,-0.20280443239706247,0.43344563119169416,-1.052342258789014,0.6467333939948892,0.6398639875958165,0.46230327766443347,0.013473912663050758,3.033799178090028,0.8984086646238018
GSE202379,including_end_stage_sensitivity,joint_histology_age_sex,mesenchymal_hsc_myofibroblast,RAM2019_MES_VSMC,singscore,inflammation,22,0.30066404501822974,0.28153311259449665,-0.25113071612244353,0.852458806158903,0.2855418529254995,0.46230327766443347,0.056162356838942995,1.6085051660071523,0.8566255587764985
GSE202379,including_end_stage_sensitivity,minimal_age_sex,mesenchymal_hsc_myofibroblast,RAM2019_MES_VSMC,standardized_mean,fibrosis,22,0.4502222525627182,0.27409736741406754,-0.08699871582609675,0.9874432209515331,0.10047333721876554,0.29224396366337413,0.18031665017469722,1.1240890449893042,0.18294787310478958
GSE202379,including_end_stage_sensitivity,minimal_age_sex,mesenchymal_hsc_myofibroblast,RAM2019_MES_VSMC,standardized_mean,steatosis,22,0.39696060522767423,0.2831124426362373,-0.15792958591451295,0.9518507963698615,0.16087626546926215,0.2588928762017394,0.1469655627130625,1.0482048807233735,0.25631234546450016
GSE202379,including_end_stage_sensitivity,minimal_age_sex,mesenchymal_hsc_myofibroblast,RAM2019_MES_VSMC,standardized_mean,ballooning,22,0.4476722675176035,0.23176029338924914,-0.006569560571761224,0.9019140956069682,0.0534067187925942,0.2702159488350203,0.1582886353463434,1.2655929360986602,0.16022015637778259
GSE202379,including_end_stage_sensitivity,minimal_age_sex,mesenchymal_hsc_myofibroblast,RAM2019_MES_VSMC,standardized_mean,inflammation,22,0.4764419988423979,0.2043477818098978,0.07592770617434907,0.8769562915104467,0.019725683897397636,0.32242801628849016,0.21050070279981326,1.0697923080738136,0.11835410338438582
GSE202379,including_end_stage_sensitivity,joint_histology_age_sex,mesenchymal_hsc_myofibroblast,RAM2019_MES_VSMC,standardized_mean,fibrosis,22,0.4095942161753661,0.40590159905836803,-0.3859582992462523,1.2051467315969846,0.31292796270797196,0.4740767275989194,0.0696999381977832,2.4039614183454243,0.46939194406195794
GSE202379,including_end_stage_sensitivity,joint_histology_age_sex,mesenchymal_hsc_myofibroblast,RAM2019_MES_VSMC,standardized_mean,steatosis,22,0.3590262586843134,0.3339596120225272,-0.2955225531708096,1.0135750705394364,0.2823483514699884,0.4740767275989194,0.05979508308331394,2.112779310758981,0.4137714439870283
GSE202379,including_end_stage_sensitivity,joint_histology_age_sex,mesenchymal_hsc_myofibroblast,RAM2019_MES_VSMC,standardized_mean,ballooning,22,-0.06289539947656742,0.3938682320049999,-0.8348629488608335,0.7090721499076986,0.8731281157805683,0.4740767275989194,0.0012959152563585263,3.033799178090028,0.8731281157805683
GSE202379,including_end_stage_sensitivity,joint_histology_age_sex,mesenchymal_hsc_myofibroblast,RAM2019_MES_VSMC,standardized_mean,inflammation,22,0.19786862146658749,0.2723920594052255,-0.3360100046423494,0.7317472475755243,0.46758677507906,0.4740767275989194,0.024324066874222727,1.6085051660071523,0.8895093102229308
GSE202379,including_end_stage_sensitivity,minimal_age_sex,mesenchymal_hsc_myofibroblast,RAM2019_SAMES_A,singscore,fibrosis,22,-0.048091727328846146,0.3600033983575374,-0.7536854224216455,0.6575019677639532,0.8937292670078069,0.06400872977449112,0.002057418638223174,1.1240890449893042,0.8972297375111321
GSE202379,including_end_stage_sensitivity,minimal_age_sex,mesenchymal_hsc_myofibroblast,RAM2019_SAMES_A,singscore,steatosis,22,0.32742904770356174,0.25495414870574673,-0.17227190146877108,0.8271299968758945,0.19904875772644337,0.16194099003197793,0.09998967889570998,1.0482048807233735,0.19904875772644337
GSE202379,including_end_stage_sensitivity,minimal_age_sex,mesenchymal_hsc_myofibroblast,RAM2019_SAMES_A,singscore,ballooning,22,-0.06247075730114482,0.2962042395225789,-0.6430203988334752,0.5180788842311855,0.8329619236359349,0.06503366782353193,0.0030823566872639763,1.2655929360986602,0.8329619236359349
GSE202379,including_end_stage_sensitivity,minimal_age_sex,mesenchymal_hsc_myofibroblast,RAM2019_SAMES_A,singscore,inflammation,22,0.22374770404379252,0.24089861183755093,-0.24840489908350166,0.6959003071710868,0.3529904349237406,0.108376176111045,0.04642486497477705,1.0697923080738136,0.42358852190848867
GSE202379,including_end_stage_sensitivity,joint_histology_age_sex,mesenchymal_hsc_myofibroblast,RAM2019_SAMES_A,singscore,fibrosis,22,0.17299787120897298,0.47565379372478445,-0.7592664336014485,1.1052621760193944,0.7160779824208137,0.2605423586497073,0.012433868795300285,2.4039614183454243,0.7160779824208138
GSE202379,including_end_stage_sensitivity,joint_histology_age_sex,mesenchymal_hsc_myofibroblast,RAM2019_SAMES_A,singscore,steatosis,22,0.5205690284371475,0.2878790610760914,-0.04366356317519826,1.0848016200494932,0.07056126877536702,0.2605423586497073,0.12570996302566395,2.112779310758981,0.42336761265220213
GSE202379,including_end_stage_sensitivity,joint_histology_age_sex,mesenchymal_hsc_myofibroblast,RAM2019_SAMES_A,singscore,ballooning,22,-0.49246563299933777,0.41525065994289784,-1.3063419710439068,0.3214107050452313,0.23564288952923407,0.2605423586497073,0.07944941426650465,3.033799178090028,0.8984086646238018
GSE202379,including_end_stage_sensitivity,joint_histology_age_sex,mesenchymal_hsc_myofibroblast,RAM2019_SAMES_A,singscore,inflammation,22,0.10951518206011493,0.2761651969120448,-0.43175865767090504,0.6507890217911348,0.691694327037333,0.2605423586497073,0.007451281855454739,1.6085051660071523,0.8837653237263672
GSE202379,including_end_stage_sensitivity,minimal_age_sex,mesenchymal_hsc_myofibroblast,RAM2019_SAMES_A,standardized_mean,fibrosis,22,-0.2433233671416626,0.2819991388682817,-0.7960315229948041,0.3093847887114789,0.3882191445258758,0.11247803735470618,0.052668330599781044,1.1240890449893042,0.465862973431051
GSE202379,including_end_stage_sensitivity,minimal_age_sex,mesenchymal_hsc_myofibroblast,RAM2019_SAMES_A,standardized_mean,steatosis,22,0.18745988449873674,0.27090081436318314,-0.3434959550356732,0.7184157240331467,0.48894539404257487,0.09258431082181862,0.032774604066893476,1.0482048807233735,0.4889453940425749
GSE202379,including_end_stage_sensitivity,minimal_age_sex,mesenchymal_hsc_myofibroblast,RAM2019_SAMES_A,standardized_mean,ballooning,22,-0.27445265660453305,0.27253567253265837,-0.8086127592709456,0.2597074460618794,0.31391849179104514,0.11930248218538864,0.059492775430463496,1.2655929360986602,0.31391849179104514
GSE202379,including_end_stage_sensitivity,minimal_age_sex,mesenchymal_hsc_myofibroblast,RAM2019_SAMES_A,standardized_mean,inflammation,22,0.10786417279755807,0.2774574109226834,-0.43594235985463164,0.6516707054497478,0.6974541471130233,0.07059887358830641,0.01078916683338127,1.0697923080738136,0.6974541471130232
GSE202379,including_end_stage_sensitivity,joint_histology_age_sex,mesenchymal_hsc_myofibroblast,RAM2019_SAMES_A,standardized_mean,fibrosis,22,-0.015741296926149846,0.42064672122468183,-0.8401937207413867,0.8087111268890869,0.9701488057202987,0.25774976229932245,0.00010294512476605178,2.4039614183454243,0.9701488057202988
GSE202379,including_end_stage_sensitivity,joint_histology_age_sex,mesenchymal_hsc_myofibroblast,RAM2019_SAMES_A,standardized_mean,steatosis,22,0.3850664107173877,0.3739797303961459,-0.3479203918070576,1.1180532132418328,0.3031766185084718,0.25774976229932245,0.06878350786169596,2.112779310758981,0.4137714439870283
GSE202379,including_end_stage_sensitivity,joint_histology_age_sex,mesenchymal_hsc_myofibroblast,RAM2019_SAMES_A,standardized_mean,ballooning,22,-0.5267576003390745,0.3704144143070252,-1.2527565117353419,0.199241311057193,0.15500407030189728,0.25774976229932245,0.09089928435886696,3.033799178090028,0.8731281157805683
GSE202379,including_end_stage_sensitivity,joint_histology_age_sex,mesenchymal_hsc_myofibroblast,RAM2019_SAMES_A,standardized_mean,inflammation,22,0.1302165183733796,0.4127842143125755,-0.6788256750659314,0.9392587118126907,0.7524131341028946,0.25774976229932245,0.010534513675436785,1.6085051660071523,0.8895093102229308
GSE202379,including_end_stage_sensitivity,minimal_age_sex,mesenchymal_hsc_myofibroblast,RAM2019_SAMES_B,singscore,fibrosis,22,0.3129205559484987,0.31021595990126083,-0.29509155288749406,0.9209326647844915,0.31310969055472915,0.10574416790710828,0.08710640776691403,1.1240890449893042,0.4696645358320937
GSE202379,including_end_stage_sensitivity,minimal_age_sex,mesenchymal_hsc_myofibroblast,RAM2019_SAMES_B,singscore,steatosis,22,0.32318466382523403,0.18598983404327016,-0.04134871239015714,0.6877180400406252,0.08227304547684632,0.11605195636755017,0.09741419622735592,1.0482048807233735,0.19904875772644337
GSE202379,including_end_stage_sensitivity,minimal_age_sex,mesenchymal_hsc_myofibroblast,RAM2019_SAMES_B,singscore,ballooning,22,0.34505026105621106,0.3170047462272311,-0.2762676244774215,0.9663681465898436,0.27638752739553407,0.11267374397280139,0.09403598383260714,1.2655929360986602,0.4145812910933011
GSE202379,including_end_stage_sensitivity,minimal_age_sex,mesenchymal_hsc_myofibroblast,RAM2019_SAMES_B,singscore,inflammation,22,0.18601605541194455,0.30815921122541523,-0.41796490009414045,0.7899970109180295,0.5460855395058192,0.05072514589929844,0.03208738575910419,1.0697923080738136,0.5460855395058192
GSE202379,including_end_stage_sensitivity,joint_histology_age_sex,mesenchymal_hsc_myofibroblast,RAM2019_SAMES_B,singscore,fibrosis,22,0.40565472224816157,0.4998158828250824,-0.5739664069900916,1.3852758514864147,0.41701642341080647,0.21490934178347587,0.06836563219595604,2.4039614183454243,0.6786707958127379
GSE202379,including_end_stage_sensitivity,joint_histology_age_sex,mesenchymal_hsc_myofibroblast,RAM2019_SAMES_B,singscore,steatosis,22,0.40900514185741826,0.37615827067187857,-0.328251521146333,1.1462618048611695,0.27689455421077647,0.21490934178347587,0.07760158333728384,2.112779310758981,0.42720205622431084
GSE202379,including_end_stage_sensitivity,joint_histology_age_sex,mesenchymal_hsc_myofibroblast,RAM2019_SAMES_B,singscore,ballooning,22,-0.08015534276219125,0.6033664316394006,-1.2627318182558651,1.1024211327314826,0.8943144848167685,0.21490934178347587,0.002104765876578374,3.033799178090028,0.8984086646238018
GSE202379,including_end_stage_sensitivity,joint_histology_age_sex,mesenchymal_hsc_myofibroblast,RAM2019_SAMES_B,singscore,inflammation,22,-0.10485007365603653,0.3115621790165573,-0.7155007234733097,0.5058005761612367,0.736471103105306,0.21490934178347587,0.0068299859822889,1.6085051660071523,0.8837653237263672
GSE202379,including_end_stage_sensitivity,minimal_age_sex,mesenchymal_hsc_myofibroblast,RAM2019_SAMES_B,standardized_mean,fibrosis,22,0.5104067414111495,0.2865529708857392,-0.051226761187854075,1.072040244010153,0.07488058742282995,0.24758763086035918,0.23174732047289637,1.1240890449893042,0.18294787310478958
GSE202379,including_end_stage_sensitivity,minimal_age_sex,mesenchymal_hsc_myofibroblast,RAM2019_SAMES_B,standardized_mean,steatosis,22,0.27223601892524185,0.19331135519416373,-0.10664727505794896,0.6511193129084327,0.1590489354861364,0.0849616161976352,0.0691213058101724,1.0482048807233735,0.25631234546450016
GSE202379,including_end_stage_sensitivity,minimal_age_sex,mesenchymal_hsc_myofibroblast,RAM2019_SAMES_B,standardized_mean,ballooning,22,0.36373959045716303,0.25544841259106543,-0.13693009812925333,0.8644092790435793,0.15446794650611498,0.12033891684882891,0.1044986064613661,1.2655929360986602,0.23170191975917248
GSE202379,including_end_stage_sensitivity,minimal_age_sex,mesenchymal_hsc_myofibroblast,RAM2019_SAMES_B,standardized_mean,inflammation,22,0.27661552242594173,0.32669368081450767,-0.3636923259473173,0.9169233707992008,0.3971555616686431,0.08679589267943255,0.07095558229196974,1.0697923080738136,0.4765866740023717
GSE202379,including_end_stage_sensitivity,joint_histology_age_sex,mesenchymal_hsc_myofibroblast,RAM2019_SAMES_B,standardized_mean,fibrosis,22,0.673688570511942,0.4317458913645161,-0.17251782703565222,1.5198949680595362,0.11866960688955337,0.34206556515700215,0.18855720022105849,2.4039614183454243,0.35600882066866013
GSE202379,including_end_stage_sensitivity,joint_histology_age_sex,mesenchymal_hsc_myofibroblast,RAM2019_SAMES_B,standardized_mean,steatosis,22,0.42679359461844896,0.3324465714516231,-0.22478971221055405,1.078376901447452,0.19921332673212366,0.34206556515700215,0.08449846750061496,2.112779310758981,0.4137714439870283
GSE202379,including_end_stage_sensitivity,joint_histology_age_sex,mesenchymal_hsc_myofibroblast,RAM2019_SAMES_B,standardized_mean,ballooning,22,-0.23789944968165166,0.5004969179752274,-1.218855383286395,0.7430564839230918,0.6345542716466313,0.34206556515700215,0.018540682538156106,3.033799178090028,0.8731281157805683
GSE202379,including_end_stage_sensitivity,joint_histology_age_sex,mesenchymal_hsc_myofibroblast,RAM2019_SAMES_B,standardized_mean,inflammation,22,-0.07670955841649173,0.2612744697936902,-0.5887981092919228,0.4353789924589393,0.7690654065775229,0.34206556515700215,0.003655790483522714,1.6085051660071523,0.8895093102229308
