dataset_id,contrast,program_id,lineage,score_method,analysis_tier,cell_gate,coverage_tier,program_coverage,expected_direction,n_control,n_case,mean_control,mean_case,mean_difference,pooled_sd,cohens_d,hedges_g,robust_se_g_hc3,robust_ci95_low,robust_ci95_high,conventional_se_g,conventional_ci95_low,conventional_ci95_high,permutation_p_two_sided,permutation_mode,source_file,annotation_limitation,etiology_limitation,endpoint_limitation,uncertainty_status,permutation_status,assay,annotation_role,endpoint_family,expected_direction_observed,formal_primary_row,comparable_advanced_sensitivity_input
GSE202379,advanced_f3f4_vs_f0_non_end_stage,RAM2019_ENDO_1,endothelial,singscore,primary,30,primary,0.9625,positive_case_higher,5,15,0.7987728563931258,0.798159409544913,-0.0006134468482127,0.0423716741276509,-0.0144777580976536,-0.0138660218400063,0.5573527920676317,-1.1062774942925644,1.0785454506125516,0.5164029506155932,-1.026015805046569,0.9982837613665564,0.9771026831785344,exact_15504_allocations,results/primary/gse202379_primary_effects.csv,,,,,,snRNA-seq,author labels,advanced_f3f4_vs_f0,False,True,True
GSE202379,advanced_f3f4_vs_f0_non_end_stage,RAM2019_ENDO_1,endothelial,standardized_mean,primary,30,primary,0.9625,positive_case_higher,5,15,-0.0437810173438297,-0.0064365022561129,0.0373445150877167,0.4979834780594671,0.0749914740811083,0.0718228202466953,0.4866787931072298,-0.8820676142434751,1.0257132547368657,0.516536502891782,-0.9405887254211972,1.084234365914588,0.8888673890608875,exact_15504_allocations,results/primary/gse202379_primary_effects.csv,,,,,,snRNA-seq,author labels,advanced_f3f4_vs_f0,True,True,True
GSE202379,advanced_f3f4_vs_f0_non_end_stage,RAM2019_ENDO_2,endothelial,singscore,primary,30,primary,0.9555555555555556,positive_case_higher,5,15,0.2451501338844675,0.2987409247390979,0.0535907908546304,0.0624505508096578,0.858131596276373,0.8218725147435686,0.5563584513947725,-0.2685900499901854,1.9123350794773224,0.5342563479186881,-0.2252699271770601,1.8690149566641967,0.1142285861713106,exact_15504_allocations,results/primary/gse202379_primary_effects.csv,,,,,,snRNA-seq,author labels,advanced_f3f4_vs_f0,True,True,True
GSE202379,advanced_f3f4_vs_f0_non_end_stage,RAM2019_ENDO_2,endothelial,standardized_mean,primary,30,primary,0.9555555555555556,positive_case_higher,5,15,-0.3635092118715762,-0.1011453077231618,0.2623639041484144,0.3199618140682706,0.819985050129868,0.7853377944905778,0.4924202897023801,-0.1798059733260872,1.750481562307243,0.5327276626386372,-0.2588084242811511,1.8294840132623067,0.1297729618163054,exact_15504_allocations,results/primary/gse202379_primary_effects.csv,,,,,,snRNA-seq,author labels,advanced_f3f4_vs_f0,True,True,True
GSE202379,advanced_f3f4_vs_f0_non_end_stage,RAM2019_ENDO_3,endothelial,singscore,primary,30,primary,0.9487179487179488,positive_case_higher,5,15,0.5834955070381079,0.583052847851054,-0.0004426591870538,0.0614867994141091,-0.0071992556332718,-0.0068950617332744,0.3797339388442335,-0.7511735818679722,0.7373834584014233,0.5163990581656224,-1.0190372157378944,1.0052470922713452,0.9872291021671826,exact_15504_allocations,results/primary/gse202379_primary_effects.csv,,,,,,snRNA-seq,author labels,advanced_f3f4_vs_f0,False,True,True
GSE202379,advanced_f3f4_vs_f0_non_end_stage,RAM2019_ENDO_3,endothelial,standardized_mean,primary,30,primary,0.9487179487179488,positive_case_higher,5,15,-0.0689913140999599,-0.0372093045911869,0.031782009508773,0.375993140375974,0.0845281631388078,0.0809565506118159,0.3488297983292054,-0.6027498541134267,0.7646629553370586,0.5165740229597885,-0.9315285343893696,1.0934416356130017,0.8713880288957688,exact_15504_allocations,results/primary/gse202379_primary_effects.csv,,,,,,snRNA-seq,author labels,advanced_f3f4_vs_f0,True,True,True
GSE202379,advanced_f3f4_vs_f0_non_end_stage,RAM2019_ENDO_4,endothelial,singscore,primary,30,primary,0.9659090909090908,positive_case_higher,5,15,0.5743822887810328,0.6086950833201239,0.034312794539091,0.0738859087315015,0.4644024162141989,0.4447797789093736,0.3831968391989079,-0.3062860259204858,1.1958455837392332,0.5216914012167717,-0.5777353674754988,1.4672949252942462,0.3795794633642931,exact_15504_allocations,results/primary/gse202379_primary_effects.csv,,,,,,snRNA-seq,author labels,advanced_f3f4_vs_f0,True,True,True
GSE202379,advanced_f3f4_vs_f0_non_end_stage,RAM2019_ENDO_4,endothelial,standardized_mean,primary,30,primary,0.9659090909090908,positive_case_higher,5,15,-0.2320622879500406,-0.0127106033331567,0.2193516846168839,0.4113804105753192,0.5332088718325663,0.5106789195016128,0.3860881422119102,-0.2460538392337312,1.2674116782369569,0.5233649926417226,-0.5151164660761636,1.5364743050793892,0.3154024767801857,exact_15504_allocations,results/primary/gse202379_primary_effects.csv,,,,,,snRNA-seq,author labels,advanced_f3f4_vs_f0,True,True,True
GSE202379,advanced_f3f4_vs_f0_non_end_stage,RAM2019_ENDO_5,endothelial,singscore,primary,30,primary,0.96,positive_case_higher,5,15,0.4749740993516827,0.4791059648036,0.0041318654519173,0.0816712489244147,0.0505914321910433,0.0484537660421259,0.4946134152267142,-0.920988527802234,1.017896059886486,0.5164609205244776,-0.96380963818585,1.060717170270102,0.9220201238390092,exact_15504_allocations,results/primary/gse202379_primary_effects.csv,,,,,,snRNA-seq,author labels,advanced_f3f4_vs_f0,True,True,True
GSE202379,advanced_f3f4_vs_f0_non_end_stage,RAM2019_ENDO_5,endothelial,standardized_mean,primary,30,primary,0.96,positive_case_higher,5,15,-0.2135985052700262,-0.0588340225587992,0.154764482711227,0.3835679068856676,0.4034865272431631,0.3864378007399309,0.5466764105696249,-0.6850479639765339,1.4579235654563958,0.5203987299775452,-0.6335437100160577,1.4064193114959196,0.4370485036119711,exact_15504_allocations,results/primary/gse202379_primary_effects.csv,,,,,,snRNA-seq,author labels,advanced_f3f4_vs_f0,True,True,True
GSE202379,advanced_f3f4_vs_f0_non_end_stage,RAM2019_ENDO_6_SAENDO1,endothelial,singscore,primary,30,primary,1.0,positive_case_higher,5,15,0.4091694671147383,0.4654232677228356,0.0562538006080973,0.0689556311879346,0.8157970515095543,0.7813267535584464,0.7219482681469163,-0.6336918520095095,2.1963453591264024,0.5325638067099508,-0.2624983075930572,1.82515181470995,0.1294504643962848,exact_15504_allocations,results/primary/gse202379_primary_effects.csv,,,,,,snRNA-seq,author labels,advanced_f3f4_vs_f0,True,True,True
GSE202379,advanced_f3f4_vs_f0_non_end_stage,RAM2019_ENDO_6_SAENDO1,endothelial,standardized_mean,primary,30,primary,1.0,positive_case_higher,5,15,-0.2851181931995055,-0.1174729866826456,0.1676452065168598,0.4069534399388065,0.4119518108559757,0.3945453963127655,0.6385003975440521,-0.8569153828735767,1.6460061754991075,0.5205676941184179,-0.6257672841593336,1.4148580767848644,0.4336300309597523,exact_15504_allocations,results/primary/gse202379_primary_effects.csv,,,,,,snRNA-seq,author labels,advanced_f3f4_vs_f0,True,True,True
GSE202379,advanced_f3f4_vs_f0_non_end_stage,RAM2019_MES_HSC,mesenchymal_hsc_myofibroblast,singscore,primary,30,primary,0.8,positive_case_higher,3,7,0.2122116276837423,0.2072006801632757,-0.0050109475204666,0.0876418005666573,-0.0571753146109258,-0.0516422196485782,0.4505334304306617,-0.9346877432926752,0.8314033039955188,0.690186321668733,-1.4044074101192947,1.3011229708221383,0.9083333333333332,exact_120_allocations,results/primary/gse202379_primary_effects.csv,,,,,,snRNA-seq,author labels,advanced_f3f4_vs_f0,False,True,False
GSE202379,advanced_f3f4_vs_f0_non_end_stage,RAM2019_MES_HSC,mesenchymal_hsc_myofibroblast,standardized_mean,primary,30,primary,0.8,positive_case_higher,3,7,0.0818520163687613,0.0251346026311274,-0.0567174137376338,0.372222175528115,-0.1523751604996727,-0.1376291772255109,0.4378752649840987,-0.9958646965943444,0.7206063421433224,0.6909228163058171,-1.4918378971849124,1.2165795427338906,0.8333333333333334,exact_120_allocations,results/primary/gse202379_primary_effects.csv,,,,,,snRNA-seq,author labels,advanced_f3f4_vs_f0,False,True,False
GSE202379,advanced_f3f4_vs_f0_non_end_stage,RAM2019_MES_SAMES,mesenchymal_hsc_myofibroblast,singscore,primary,30,primary,0.8785714285714286,positive_case_higher,3,7,0.4997084026856199,0.5655965629667034,0.0658881602810834,0.0634618862588518,1.0382319871857446,0.9377579239097048,0.929291084259414,-0.8836526012387463,2.759168449058156,0.7288019939815211,-0.4906939842940766,2.366209832113486,0.1833333333333333,exact_120_allocations,results/primary/gse202379_primary_effects.csv,,,,,,snRNA-seq,author labels,advanced_f3f4_vs_f0,True,True,False
GSE202379,advanced_f3f4_vs_f0_non_end_stage,RAM2019_MES_SAMES,mesenchymal_hsc_myofibroblast,standardized_mean,primary,30,primary,0.8785714285714286,positive_case_higher,3,7,-0.2092949810627172,0.0926043164813818,0.3018992975440991,0.2745264432069938,1.099709354105703,0.993285868224506,0.7664549133220847,-0.5089657618867801,2.495537498335792,0.7333853197272108,-0.4441493584408272,2.4307210948898392,0.1583333333333333,exact_120_allocations,results/primary/gse202379_primary_effects.csv,,,,,,snRNA-seq,author labels,advanced_f3f4_vs_f0,True,True,False
GSE202379,advanced_f3f4_vs_f0_non_end_stage,RAM2019_MES_VSMC,mesenchymal_hsc_myofibroblast,singscore,primary,30,primary,1.0,positive_case_higher,3,7,0.381202613618173,0.3757878586916525,-0.0054147549265205,0.0918914079468692,-0.0589255845296364,-0.0532231086074135,0.9939483613538838,-2.0013618968610256,1.8949156796461983,0.6901938277731053,-1.4060030110427,1.299556793827873,0.9166666666666666,exact_120_allocations,results/primary/gse202379_primary_effects.csv,,,,,,snRNA-seq,author labels,advanced_f3f4_vs_f0,False,True,False
GSE202379,advanced_f3f4_vs_f0_non_end_stage,RAM2019_MES_VSMC,mesenchymal_hsc_myofibroblast,standardized_mean,primary,30,primary,1.0,positive_case_higher,3,7,0.0403233621961743,0.0666766380778386,0.0263532758816643,0.3657850110440133,0.0720458058312656,0.0650736310734012,1.0589560407226737,-2.010480208743039,2.140627470889841,0.6902572978837627,-1.2878306727787736,1.417977934925576,0.9,exact_120_allocations,results/primary/gse202379_primary_effects.csv,,,,,,snRNA-seq,author labels,advanced_f3f4_vs_f0,True,True,False
GSE202379,advanced_f3f4_vs_f0_non_end_stage,RAM2019_SAMES_A,mesenchymal_hsc_myofibroblast,singscore,primary,30,primary,0.8297872340425532,positive_case_higher,3,7,0.6563110368607198,0.6509384437502831,-0.0053725931104366,0.0572468771378204,-0.0938495404299925,-0.0847673268399933,0.8941989853038451,-1.8373973380355293,1.667862684355543,0.6903908819804191,-1.4379334555216148,1.268398801841628,0.9,exact_120_allocations,results/primary/gse202379_primary_effects.csv,,,,,,snRNA-seq,author labels,advanced_f3f4_vs_f0,False,True,False
GSE202379,advanced_f3f4_vs_f0_non_end_stage,RAM2019_SAMES_A,mesenchymal_hsc_myofibroblast,standardized_mean,primary,30,primary,0.8297872340425532,positive_case_higher,3,7,0.1392273388373754,-0.0062354028217893,-0.1454627416591648,0.3274752243103881,-0.4441946469858499,-0.4012080682452838,0.7364059612007936,-1.84456375219884,1.0421476157082716,0.6973169801582675,-1.767949349355488,0.9655332128649204,0.5083333333333333,exact_120_allocations,results/primary/gse202379_primary_effects.csv,,,,,,snRNA-seq,author labels,advanced_f3f4_vs_f0,False,True,False
GSE202379,advanced_f3f4_vs_f0_non_end_stage,RAM2019_SAMES_B,mesenchymal_hsc_myofibroblast,singscore,primary,30,primary,0.9491525423728814,positive_case_higher,3,7,0.2962498531029988,0.3295027828124294,0.0332529297094306,0.062570629131044,0.5314463058983747,0.48001601823079,0.9885006891936408,-1.457445332588746,2.417477369050326,0.700422327813984,-0.8928117442846186,1.8528437807461984,0.4416666666666666,exact_120_allocations,results/primary/gse202379_primary_effects.csv,,,,,,snRNA-seq,author labels,advanced_f3f4_vs_f0,True,True,False
GSE202379,advanced_f3f4_vs_f0_non_end_stage,RAM2019_SAMES_B,mesenchymal_hsc_myofibroblast,standardized_mean,primary,30,primary,0.9491525423728814,positive_case_higher,3,7,-0.2739148313466659,0.0704454808474986,0.3443603121941645,0.2084735896534801,1.651817444917373,1.491964143796337,1.0059484415576017,-0.4796948016565623,3.463623089249236,0.7844187587563465,-0.0454966233661022,3.029424910958776,0.0333333333333333,exact_120_allocations,results/primary/gse202379_primary_effects.csv,,,,,,snRNA-seq,author labels,advanced_f3f4_vs_f0,True,True,False
GSE202379,clinical_cirrhosis_vs_healthy,RAM2019_ENDO_1,endothelial,singscore,primary,30,primary,0.9625,positive_case_higher,4,4,0.8139687445332089,0.8051514873836875,-0.0088172571495214,0.0385893885703707,-0.2284891644096012,-0.1986862299213923,0.7099970268936756,-1.5902804026329964,1.1929079427902118,0.709429126009097,-1.5891673168992224,1.1917948570564378,0.7428571428571429,exact_70_allocations,results/primary/gse202379_primary_effects.csv,,,,,,snRNA-seq,author labels,clinical_cirrhosis_vs_healthy,False,True,False
GSE202379,clinical_cirrhosis_vs_healthy,RAM2019_ENDO_1,endothelial,standardized_mean,primary,30,primary,0.9625,positive_case_higher,4,4,0.1519743754758865,-0.0995052897634411,-0.2514796652393277,0.4657326328747994,-0.5399657388983772,-0.4695354251290236,0.7099970268936755,-1.861129597840628,0.9220587475825804,0.7199805272512059,-1.880697258541387,0.94162640828334,0.4,exact_70_allocations,results/primary/gse202379_primary_effects.csv,,,,,,snRNA-seq,author labels,clinical_cirrhosis_vs_healthy,False,True,False
GSE202379,clinical_cirrhosis_vs_healthy,RAM2019_ENDO_2,endothelial,singscore,primary,30,primary,0.9555555555555556,positive_case_higher,4,4,0.2808284446007382,0.3100418193386688,0.0292133747379306,0.0673578072526381,0.4337043607782593,0.3771342267637038,0.7099970268936755,-1.0144599459479,1.7687283994753078,0.715438689721014,-1.0251256050894837,1.7793940586168913,0.5428571428571428,exact_70_allocations,results/primary/gse202379_primary_effects.csv,,,,,,snRNA-seq,author labels,clinical_cirrhosis_vs_healthy,True,True,False
GSE202379,clinical_cirrhosis_vs_healthy,RAM2019_ENDO_2,endothelial,standardized_mean,primary,30,primary,0.9555555555555556,positive_case_higher,4,4,-0.1734745719724376,-0.0524626870582611,0.1210118849141764,0.346706082183449,0.3490330603722915,0.3035070090193839,0.7099970268936754,-1.0880871636922198,1.6951011817309876,0.7125141229316028,-1.0930206719265576,1.7000346899653254,0.7142857142857143,exact_70_allocations,results/primary/gse202379_primary_effects.csv,,,,,,snRNA-seq,author labels,clinical_cirrhosis_vs_healthy,True,True,False
GSE202379,clinical_cirrhosis_vs_healthy,RAM2019_ENDO_3,endothelial,singscore,primary,30,primary,0.9487179487179488,positive_case_higher,4,4,0.5864159322679502,0.6005865089945808,0.0141705767266305,0.0501260550651594,0.2826988221636448,0.2458250627509955,0.7099970268936755,-1.1457691099606084,1.6374192354625994,0.7106587297170451,-1.147066047494413,1.638716172996404,0.8285714285714286,exact_70_allocations,results/primary/gse202379_primary_effects.csv,,,,,,snRNA-seq,author labels,clinical_cirrhosis_vs_healthy,True,True,False
GSE202379,clinical_cirrhosis_vs_healthy,RAM2019_ENDO_3,endothelial,standardized_mean,primary,30,primary,0.9487179487179488,positive_case_higher,4,4,0.0153868302007663,-0.0913605773856231,-0.1067474075863894,0.3569897276893715,-0.2990209502030095,-0.2600182175678343,0.7099970268936756,-1.6516123902794384,1.13157595514377,0.7110795474410226,-1.6537341305522386,1.13369769541657,0.6857142857142857,exact_70_allocations,results/primary/gse202379_primary_effects.csv,,,,,,snRNA-seq,author labels,clinical_cirrhosis_vs_healthy,False,True,False
GSE202379,clinical_cirrhosis_vs_healthy,RAM2019_ENDO_4,endothelial,singscore,primary,30,primary,0.9659090909090908,positive_case_higher,4,4,0.5757986994361456,0.6404913723477329,0.0646926729115873,0.0777600800340464,0.8319522418606348,0.7234367320527259,0.7099970268936756,-0.6681574406588783,2.11503090476433,0.7373014255424488,-0.7216740620104739,2.1685475261159257,0.3142857142857143,exact_70_allocations,results/primary/gse202379_primary_effects.csv,,,,,,snRNA-seq,author labels,clinical_cirrhosis_vs_healthy,True,True,False
GSE202379,clinical_cirrhosis_vs_healthy,RAM2019_ENDO_4,endothelial,standardized_mean,primary,30,primary,0.9659090909090908,positive_case_higher,4,4,-0.2034397337904545,0.1614755457988479,0.3649152795893025,0.4853676483093124,0.751832720743578,0.6537675832552852,0.7099970268936756,-0.737826589456319,2.0453617559668893,0.7318590513727954,-0.7806761574353938,2.088211323945964,0.3428571428571428,exact_70_allocations,results/primary/gse202379_primary_effects.csv,,,,,,snRNA-seq,author labels,clinical_cirrhosis_vs_healthy,True,True,False
GSE202379,clinical_cirrhosis_vs_healthy,RAM2019_ENDO_5,endothelial,singscore,primary,30,primary,0.96,positive_case_higher,4,4,0.5161083007572602,0.5095924185865188,-0.0065158821707413,0.0708763465704534,-0.0919330987844356,-0.079941825029944,0.7099970268936754,-1.4715359977415476,1.3116523476816595,0.7074832563029977,-1.4666090073838194,1.3067253573239317,0.9714285714285714,exact_70_allocations,results/primary/gse202379_primary_effects.csv,,,,,,snRNA-seq,author labels,clinical_cirrhosis_vs_healthy,False,True,False
GSE202379,clinical_cirrhosis_vs_healthy,RAM2019_ENDO_5,endothelial,standardized_mean,primary,30,primary,0.96,positive_case_higher,4,4,-0.0707277380343102,0.1696326636028434,0.2403604016371537,0.3964002356014257,0.6063578677557406,0.5272677110919484,0.7099970268936755,-0.8643264616196555,1.9188618838035525,0.7233032581589448,-0.8904066748995834,1.94494209708348,0.4,exact_70_allocations,results/primary/gse202379_primary_effects.csv,,,,,,snRNA-seq,author labels,clinical_cirrhosis_vs_healthy,True,True,False
GSE202379,clinical_cirrhosis_vs_healthy,RAM2019_ENDO_6_SAENDO1,endothelial,singscore,primary,30,primary,1.0,positive_case_higher,4,4,0.4331232997279564,0.4969021710140289,0.0637788712860725,0.0837974699335955,0.761107362031496,0.66183248872304,0.7099970268936753,-0.7297616839885634,2.0534266614346435,0.7324628684063862,-0.7737947333534769,2.0974597107995567,0.4285714285714285,exact_70_allocations,results/primary/gse202379_primary_effects.csv,,,,,,snRNA-seq,author labels,clinical_cirrhosis_vs_healthy,True,True,False
GSE202379,clinical_cirrhosis_vs_healthy,RAM2019_ENDO_6_SAENDO1,endothelial,standardized_mean,primary,30,primary,1.0,positive_case_higher,4,4,-0.1014786219311615,0.0173520701809145,0.1188306921120761,0.476868359558985,0.2491897181477347,0.2166867114328128,0.7099970268936754,-1.1749074612787909,1.6082808841444165,0.7098681292390139,-1.1746548218756545,1.60802824474128,0.7142857142857143,exact_70_allocations,results/primary/gse202379_primary_effects.csv,,,,,,snRNA-seq,author labels,clinical_cirrhosis_vs_healthy,True,True,False
GSE202379,advanced_f3f4_vs_f0_non_end_stage,RAM2019_MES_MESOTHELIAL,mesenchymal_hsc_myofibroblast,singscore,sensitivity,20,evaluable_flagged,0.795045045045045,positive_case_higher,3,12,0.241832363012987,0.2863625609490487,0.0445301979360617,0.056357477339723,0.7901382396453545,0.7436595196662159,0.86440922138812,-0.9505825542544994,2.437901593586932,0.661768109935669,-0.5534059758076955,2.0407250151401275,0.2461538461538461,exact_455_allocations,results/sensitivity/gse202379_sensitivity_effects.csv,,,,,,snRNA-seq,author labels,advanced_f3f4_vs_f0,True,False,False
GSE202379,advanced_f3f4_vs_f0_non_end_stage,RAM2019_MES_MESOTHELIAL,mesenchymal_hsc_myofibroblast,standardized_mean,sensitivity,20,evaluable_flagged,0.795045045045045,positive_case_higher,3,12,-0.3813292937347197,-0.0283533225952294,0.3529759711394903,0.2385020919528883,1.4799701262545493,1.3929130600042816,0.736850938720298,-0.0513147798875026,2.837140899896066,0.7009208263767089,0.0191082403059321,2.766717879702631,0.0461538461538461,exact_455_allocations,results/sensitivity/gse202379_sensitivity_effects.csv,,,,,,snRNA-seq,author labels,advanced_f3f4_vs_f0,True,False,False
GSE202379,advanced_f3f4_vs_f0_pooled_end_stage_sensitivity,RAM2019_ENDO_1,endothelial,singscore,sensitivity,20,primary,0.9625,positive_case_higher,5,20,0.7987728563931258,0.7954643960914005,-0.0033084603017252,0.0434760920106194,-0.0760983830128325,-0.0735896451113106,0.5363989121650035,-1.1249315129547175,0.9777522227320962,0.5001177130103344,-1.053820362611566,0.9066410723889448,0.8808770939205722,exact_53130_allocations,results/sensitivity/gse202379_sensitivity_effects.csv,,,,,,snRNA-seq,author labels,unmapped,False,False,False
GSE202379,advanced_f3f4_vs_f0_pooled_end_stage_sensitivity,RAM2019_ENDO_1,endothelial,standardized_mean,sensitivity,20,primary,0.9625,positive_case_higher,5,20,-0.0437810173438297,-0.1611145545723479,-0.1173335372285182,0.5734602544944103,-0.2046062238994488,-0.1978609637708955,0.4262350738916922,-1.0332817085986123,0.6375597810568212,0.5008503412889173,-1.1795276326971735,0.7838057051553823,0.6903444381705252,exact_53130_allocations,results/sensitivity/gse202379_sensitivity_effects.csv,,,,,,snRNA-seq,author labels,unmapped,False,False,False
GSE202379,advanced_f3f4_vs_f0_pooled_end_stage_sensitivity,RAM2019_ENDO_2,endothelial,singscore,sensitivity,20,primary,0.9555555555555556,positive_case_higher,5,20,0.2451501338844675,0.3446850399567278,0.0995349060722602,0.0937620744080175,1.06156894139438,1.0265721631066531,0.406957815016822,0.228934845673682,1.8242094805396245,0.5224076869995367,0.0026530965875612,2.050491229625745,0.0437794089968003,exact_53130_allocations,results/sensitivity/gse202379_sensitivity_effects.csv,,,,,,snRNA-seq,author labels,unmapped,True,False,False
GSE202379,advanced_f3f4_vs_f0_pooled_end_stage_sensitivity,RAM2019_ENDO_2,endothelial,standardized_mean,sensitivity,20,primary,0.9555555555555556,positive_case_higher,5,20,-0.3635092118715762,0.0498577078350211,0.4133669197065974,0.3804347734297926,1.086564500873321,1.0507436931522225,0.4222884591002998,0.2230583133156347,1.8784290729888096,0.5234513869853995,0.0247789746608393,2.076708411643605,0.0408996800301148,exact_53130_allocations,results/sensitivity/gse202379_sensitivity_effects.csv,,,,,,snRNA-seq,author labels,unmapped,True,False,False
GSE202379,advanced_f3f4_vs_f0_pooled_end_stage_sensitivity,RAM2019_ENDO_3,endothelial,singscore,sensitivity,20,primary,0.9487179487179488,positive_case_higher,5,20,0.5834955070381079,0.5987289419464308,0.0152334349083228,0.0610342079337076,0.24958847544755,0.2413602839492791,0.3523309076013465,-0.44920829494936,0.9319288628479184,0.501264808664869,-0.741118741033864,1.2238393089324224,0.6250517598343686,exact_53130_allocations,results/sensitivity/gse202379_sensitivity_effects.csv,,,,,,snRNA-seq,author labels,unmapped,True,False,False
GSE202379,advanced_f3f4_vs_f0_pooled_end_stage_sensitivity,RAM2019_ENDO_3,endothelial,standardized_mean,sensitivity,20,primary,0.9487179487179488,positive_case_higher,5,20,-0.0689913140999599,-0.0559983378259034,0.0129929762740564,0.3607203947120356,0.0360195222242113,0.0348320654475889,0.3205278801132099,-0.5934025795743023,0.6630667104694803,0.5000263747996601,-0.9452196291597448,1.0148837600549223,0.943459439111613,exact_53130_allocations,results/sensitivity/gse202379_sensitivity_effects.csv,,,,,,snRNA-seq,author labels,unmapped,True,False,False
GSE202379,advanced_f3f4_vs_f0_pooled_end_stage_sensitivity,RAM2019_ENDO_4,endothelial,singscore,sensitivity,20,primary,0.9659090909090908,positive_case_higher,5,20,0.5743822887810328,0.6168076931786445,0.0424254043976116,0.0732725146151302,0.5790084402105553,0.5599202498739436,0.3565243933173521,-0.1388675610280665,1.2587080607759538,0.5067696219194782,-0.4333482090882335,1.553188708836121,0.2594391116130246,exact_53130_allocations,results/sensitivity/gse202379_sensitivity_effects.csv,,,,,,snRNA-seq,author labels,unmapped,True,False,False
GSE202379,advanced_f3f4_vs_f0_pooled_end_stage_sensitivity,RAM2019_ENDO_4,endothelial,standardized_mean,sensitivity,20,primary,0.9659090909090908,positive_case_higher,5,20,-0.2320622879500406,-0.0188300188914569,0.2132322690585837,0.4292687522715962,0.4967337313284632,0.4803578940319205,0.3503433523254003,-0.2063150765258641,1.1670308645897052,0.5049912549040219,-0.5094249655799623,1.4701407536438034,0.3318464144551101,exact_53130_allocations,results/sensitivity/gse202379_sensitivity_effects.csv,,,,,,snRNA-seq,author labels,unmapped,True,False,False
GSE202379,advanced_f3f4_vs_f0_pooled_end_stage_sensitivity,RAM2019_ENDO_5,endothelial,singscore,sensitivity,20,primary,0.96,positive_case_higher,5,20,0.4749740993516827,0.5008882320270863,0.0259141326754036,0.0831302967296585,0.3117291011203399,0.3014523175669221,0.4731081865342966,-0.6258397280402993,1.2287443631741437,0.5019716235650064,-0.6824120646204903,1.2853166997543346,0.540617353660832,exact_53130_allocations,results/sensitivity/gse202379_sensitivity_effects.csv,,,,,,snRNA-seq,author labels,unmapped,True,False,False
GSE202379,advanced_f3f4_vs_f0_pooled_end_stage_sensitivity,RAM2019_ENDO_5,endothelial,standardized_mean,sensitivity,20,primary,0.96,positive_case_higher,5,20,-0.2135985052700262,0.0263650623418967,0.239963567611923,0.4025383498371714,0.5961259783297402,0.576473473549639,0.5160545126821243,-0.4349933713073247,1.5879403184066023,0.5071729330682931,-0.4175854752642156,1.5705324223634936,0.2449463579898362,exact_53130_allocations,results/sensitivity/gse202379_sensitivity_effects.csv,,,,,,snRNA-seq,author labels,unmapped,True,False,False
GSE202379,advanced_f3f4_vs_f0_pooled_end_stage_sensitivity,RAM2019_ENDO_6_SAENDO1,endothelial,singscore,sensitivity,20,primary,1.0,positive_case_higher,5,20,0.4091694671147383,0.5239982397183549,0.1148287726036165,0.1138676788105512,1.0084404442340862,0.9751951548637317,0.4791526438282794,0.0360559729603039,1.91433433676716,0.5202634280503796,-0.0445211641150122,1.994911473842476,0.0531150009410879,exact_53130_allocations,results/sensitivity/gse202379_sensitivity_effects.csv,,,,,,snRNA-seq,author labels,unmapped,True,False,False
GSE202379,advanced_f3f4_vs_f0_pooled_end_stage_sensitivity,RAM2019_ENDO_6_SAENDO1,endothelial,standardized_mean,sensitivity,20,primary,1.0,positive_case_higher,5,20,-0.2851181931995055,0.2059775550868689,0.4910957482863744,0.6459431458968459,0.7602770482292572,0.7352129697162048,0.4424701466673373,-0.1320285177517763,1.602454457184186,0.5116158993781353,-0.2675541930649404,1.7379801324973498,0.1416149068322981,exact_53130_allocations,results/sensitivity/gse202379_sensitivity_effects.csv,,,,,,snRNA-seq,author labels,unmapped,True,False,False
GSE202379,advanced_f3f4_vs_f0_pooled_end_stage_sensitivity,RAM2019_MES_HSC,mesenchymal_hsc_myofibroblast,singscore,sensitivity,20,primary,0.8,positive_case_higher,3,17,0.2122116276837423,0.2044415500817804,-0.0077700776019619,0.1117405263313442,-0.0695367907872688,-0.0665986165286518,0.284795902996036,-0.6247985864008825,0.4916013533435788,0.6263226545689587,-1.2941910194838109,1.1609937864265072,0.9157894736842104,exact_1140_allocations,results/sensitivity/gse202379_sensitivity_effects.csv,,,,,,snRNA-seq,author labels,unmapped,False,False,False
GSE202379,advanced_f3f4_vs_f0_pooled_end_stage_sensitivity,RAM2019_MES_HSC,mesenchymal_hsc_myofibroblast,standardized_mean,sensitivity,20,primary,0.8,positive_case_higher,3,17,0.0818520163687613,-0.0981748991222779,-0.1800269154910393,0.5223801223377516,-0.344628188923775,-0.330066434462207,0.2666413488565446,-0.8526834782210345,0.1925506092966203,0.6286358889157035,-1.562192776736986,0.902059907812572,0.5947368421052631,exact_1140_allocations,results/sensitivity/gse202379_sensitivity_effects.csv,,,,,,snRNA-seq,author labels,unmapped,False,False,False
GSE202379,advanced_f3f4_vs_f0_pooled_end_stage_sensitivity,RAM2019_MES_MESOTHELIAL,mesenchymal_hsc_myofibroblast,singscore,sensitivity,20,evaluable_flagged,0.795045045045045,positive_case_higher,3,17,0.241832363012987,0.3086434263285915,0.0668110633156044,0.0624931541142058,1.0690941153891458,1.023921124598055,0.7896301458284536,-0.523753961225714,2.5715962104218244,0.6490604647450394,-0.2482373863022222,2.2960796354983324,0.1070175438596491,exact_1140_allocations,results/sensitivity/gse202379_sensitivity_effects.csv,,,,,,snRNA-seq,author labels,unmapped,True,False,False
GSE202379,advanced_f3f4_vs_f0_pooled_end_stage_sensitivity,RAM2019_MES_MESOTHELIAL,mesenchymal_hsc_myofibroblast,standardized_mean,sensitivity,20,evaluable_flagged,0.795045045045045,positive_case_higher,3,17,-0.3813292937347197,0.0142201701634517,0.3955494638981715,0.2399941734720362,1.6481627790195517,1.5785220982159087,0.7284843845241407,0.150692704548593,3.0063514918832244,0.6792434327449974,0.2472049700357137,2.9098392263961035,0.019298245614035,exact_1140_allocations,results/sensitivity/gse202379_sensitivity_effects.csv,,,,,,snRNA-seq,author labels,unmapped,True,False,False
GSE202379,advanced_f3f4_vs_f0_pooled_end_stage_sensitivity,RAM2019_MES_SAMES,mesenchymal_hsc_myofibroblast,singscore,sensitivity,20,primary,0.8785714285714286,positive_case_higher,3,17,0.4997084026856199,0.5643416770512688,0.0646332743656488,0.0917991159570753,0.7040729498514015,0.6743233885900747,0.6859360802846894,-0.6701113287679167,2.018758105948066,0.6362293238557744,-0.572686086167243,1.9213328633473925,0.2710526315789474,exact_1140_allocations,results/sensitivity/gse202379_sensitivity_effects.csv,,,,,,snRNA-seq,author labels,unmapped,True,False,False
GSE202379,advanced_f3f4_vs_f0_pooled_end_stage_sensitivity,RAM2019_MES_SAMES,mesenchymal_hsc_myofibroblast,standardized_mean,sensitivity,20,primary,0.8785714285714286,positive_case_higher,3,17,-0.2092949810627172,0.027469882371056,0.2367648634337732,0.3734632420091562,0.63397099580678,0.6071834889417048,0.5811764626447341,-0.531922377841974,1.7462893557253838,0.6343482842884006,-0.6361391482635604,1.85050612614697,0.3324561403508771,exact_1140_allocations,results/sensitivity/gse202379_sensitivity_effects.csv,,,,,,snRNA-seq,author labels,unmapped,True,False,False
GSE202379,advanced_f3f4_vs_f0_pooled_end_stage_sensitivity,RAM2019_MES_VSMC,mesenchymal_hsc_myofibroblast,singscore,sensitivity,20,primary,1.0,positive_case_higher,3,17,0.381202613618173,0.372899505131447,-0.0083031084867259,0.146609927232111,-0.0566340127403557,-0.0542410262865378,0.6775446480775773,-1.3822285365185891,1.2737464839455137,0.626289539620191,-1.2817685239421122,1.1732864713690363,0.9307017543859648,exact_1140_allocations,results/sensitivity/gse202379_sensitivity_effects.csv,,,,,,snRNA-seq,author labels,unmapped,False,False,False
GSE202379,advanced_f3f4_vs_f0_pooled_end_stage_sensitivity,RAM2019_MES_VSMC,mesenchymal_hsc_myofibroblast,standardized_mean,sensitivity,20,primary,1.0,positive_case_higher,3,17,0.0403233621961743,0.0031457450104312,-0.037177617185743,0.5635835069765959,-0.0659664747557755,-0.0631791589210244,0.7467187869617744,-1.5267479813661022,1.4003896635240534,0.6263128137703479,-1.2907522739109063,1.1643939560688574,0.9289473684210526,exact_1140_allocations,results/sensitivity/gse202379_sensitivity_effects.csv,,,,,,snRNA-seq,author labels,unmapped,False,False,False
GSE202379,advanced_f3f4_vs_f0_pooled_end_stage_sensitivity,RAM2019_SAMES_A,mesenchymal_hsc_myofibroblast,singscore,sensitivity,20,primary,0.8297872340425532,positive_case_higher,3,17,0.6563110368607198,0.6549148801978052,-0.0013961566629145,0.069354380336279,-0.0201307639999815,-0.0192801683380104,0.7674848684020049,-1.52355051040594,1.4849901737299191,0.6262325354343374,-1.2466959377893116,1.2081356011132909,0.9728070175438596,exact_1140_allocations,results/sensitivity/gse202379_sensitivity_effects.csv,,,,,,snRNA-seq,author labels,unmapped,False,False,False
GSE202379,advanced_f3f4_vs_f0_pooled_end_stage_sensitivity,RAM2019_SAMES_A,mesenchymal_hsc_myofibroblast,standardized_mean,sensitivity,20,primary,0.8297872340425532,positive_case_higher,3,17,0.1392273388373754,-0.0493179390329795,-0.188545277870355,0.4604175983314914,-0.4095092771293382,-0.3922060682365493,0.540270583146474,-1.4511364112036385,0.6667242747305397,0.6296267116930189,-1.6262744231548665,0.8418622866817675,0.4850877192982456,exact_1140_allocations,results/sensitivity/gse202379_sensitivity_effects.csv,,,,,,snRNA-seq,author labels,unmapped,False,False,False
GSE202379,advanced_f3f4_vs_f0_pooled_end_stage_sensitivity,RAM2019_SAMES_B,mesenchymal_hsc_myofibroblast,singscore,sensitivity,20,primary,0.9491525423728814,positive_case_higher,3,17,0.2962498531029988,0.3432166511038889,0.04696679800089,0.0981058453989892,0.4787359795930561,0.4585076987651805,0.6838007300058382,-0.8817417320462623,1.7987571295766234,0.6308696900278586,-0.7779968936894225,1.6950122912197836,0.4517543859649123,exact_1140_allocations,results/sensitivity/gse202379_sensitivity_effects.csv,,,,,,snRNA-seq,author labels,unmapped,True,False,False
GSE202379,advanced_f3f4_vs_f0_pooled_end_stage_sensitivity,RAM2019_SAMES_B,mesenchymal_hsc_myofibroblast,standardized_mean,sensitivity,20,primary,0.9491525423728814,positive_case_higher,3,17,-0.2739148313466659,0.0430659638904629,0.3169807952371288,0.3270580650634394,0.9691881323141937,0.9282365210896502,0.6962224190149309,-0.4363594201796144,2.2928324623589145,0.6450510336810601,-0.3360635049252276,2.192536547104528,0.1421052631578947,exact_1140_allocations,results/sensitivity/gse202379_sensitivity_effects.csv,,,,,,snRNA-seq,author labels,unmapped,True,False,False
GSE202379,all_f1f4_vs_f0_non_end_stage_sensitivity,RAM2019_ENDO_1,endothelial,singscore,sensitivity,20,primary,0.9625,positive_case_higher,5,35,0.7987728563931258,0.8063981597070574,0.0076253033139316,0.0351079602986998,0.2171958509994673,0.212880701641862,0.6343872617086008,-1.0305183313069954,1.4562797345907197,0.4787146546600773,-0.7254000214918895,1.1511614247756137,0.6563343665633437,monte_carlo_10000,results/sensitivity/gse202379_sensitivity_effects.csv,,,,,,snRNA-seq,author labels,unmapped,True,False,False
GSE202379,all_f1f4_vs_f0_non_end_stage_sensitivity,RAM2019_ENDO_1,endothelial,standardized_mean,sensitivity,20,primary,0.9625,positive_case_higher,5,35,-0.0437810173438297,0.0955613898378402,0.1393424071816699,0.3857332060780545,0.3612403728432795,0.354063411793413,0.5635938613470736,-0.7505805564468513,1.4587073800336772,0.4798134159150793,-0.5863708834001424,1.2944977069869683,0.4565543445655434,monte_carlo_10000,results/sensitivity/gse202379_sensitivity_effects.csv,,,,,,snRNA-seq,author labels,unmapped,True,False,False
GSE202379,all_f1f4_vs_f0_non_end_stage_sensitivity,RAM2019_ENDO_2,endothelial,singscore,sensitivity,20,primary,0.9555555555555556,positive_case_higher,5,35,0.2451501338844675,0.3069564151191208,0.0618062812346532,0.0599617955179926,1.0307610154220144,1.0102823197513784,0.5535474386423398,-0.0746706599876076,2.0952352994903647,0.4919362781936668,0.0460872144917913,1.974477425010965,0.0367963203679632,monte_carlo_10000,results/sensitivity/gse202379_sensitivity_effects.csv,,,,,,snRNA-seq,author labels,unmapped,True,False,False
GSE202379,all_f1f4_vs_f0_non_end_stage_sensitivity,RAM2019_ENDO_2,endothelial,standardized_mean,sensitivity,20,primary,0.9555555555555556,positive_case_higher,5,35,-0.3635092118715762,-0.019908220376856,0.3436009914947202,0.2996376710570747,1.1467216064073311,1.1239390579356623,0.4842450027247396,0.1748188525951729,2.073059263276152,0.4951696622767142,0.1534065198733026,2.0944715959980225,0.0191980801919808,monte_carlo_10000,results/sensitivity/gse202379_sensitivity_effects.csv,,,,,,snRNA-seq,author labels,unmapped,True,False,False
GSE202379,all_f1f4_vs_f0_non_end_stage_sensitivity,RAM2019_ENDO_3,endothelial,singscore,sensitivity,20,primary,0.9487179487179488,positive_case_higher,5,35,0.5834955070381079,0.5969138929356738,0.0134183858975658,0.06654472079596,0.2016446344212546,0.1976384496314284,0.2985749481563933,-0.3875684487551025,0.7828453480179594,0.478628654103538,-0.7404737124115062,1.135750611674363,0.676032396760324,monte_carlo_10000,results/sensitivity/gse202379_sensitivity_effects.csv,,,,,,snRNA-seq,author labels,unmapped,True,False,False
GSE202379,all_f1f4_vs_f0_non_end_stage_sensitivity,RAM2019_ENDO_3,endothelial,standardized_mean,sensitivity,20,primary,0.9487179487179488,positive_case_higher,5,35,-0.0689913140999599,0.0259081073757161,0.0948994214756761,0.3928555085660334,0.2415631686623655,0.2367639004107953,0.2648573131534979,-0.2823564333700605,0.7558842341916512,0.4788622166954749,-0.7018060443123356,1.1753338451339264,0.6097390260973903,monte_carlo_10000,results/sensitivity/gse202379_sensitivity_effects.csv,,,,,,snRNA-seq,author labels,unmapped,True,False,False
GSE202379,all_f1f4_vs_f0_non_end_stage_sensitivity,RAM2019_ENDO_4,endothelial,singscore,sensitivity,20,primary,0.9659090909090908,positive_case_higher,5,35,0.5743822887810328,0.6175454377824529,0.04316314900142,0.0658707445802604,0.6552703977534026,0.642251780579494,0.3466320662186372,-0.0371470692090349,1.3216506303680229,0.4837343213981217,-0.3058674893608246,1.5903710505198123,0.1796820317968203,monte_carlo_10000,results/sensitivity/gse202379_sensitivity_effects.csv,,,,,,snRNA-seq,author labels,unmapped,True,False,False
GSE202379,all_f1f4_vs_f0_non_end_stage_sensitivity,RAM2019_ENDO_4,endothelial,standardized_mean,sensitivity,20,primary,0.9659090909090908,positive_case_higher,5,35,-0.2320622879500406,0.0384643647880573,0.270526652738098,0.3608556923510099,0.7496809901365018,0.7347866658291541,0.3554205642740877,0.0381623598519421,1.431410971806366,0.4854642381499233,-0.2167232409446956,1.6862965726030037,0.118988101189881,monte_carlo_10000,results/sensitivity/gse202379_sensitivity_effects.csv,,,,,,snRNA-seq,author labels,unmapped,True,False,False
GSE202379,all_f1f4_vs_f0_non_end_stage_sensitivity,RAM2019_ENDO_5,endothelial,singscore,sensitivity,20,primary,0.96,positive_case_higher,5,35,0.4749740993516827,0.4963396547699152,0.0213655554182324,0.074239380559072,0.2877927490414871,0.2820750123055635,0.4998920019530598,-0.6977133115224337,1.2618633361335607,0.4791850934000203,-0.6571277707584764,1.2212777953696037,0.5574442555744425,monte_carlo_10000,results/sensitivity/gse202379_sensitivity_effects.csv,,,,,,snRNA-seq,author labels,unmapped,True,False,False
GSE202379,all_f1f4_vs_f0_non_end_stage_sensitivity,RAM2019_ENDO_5,endothelial,standardized_mean,sensitivity,20,primary,0.96,positive_case_higher,5,35,-0.2135985052700262,-0.0097662588248511,0.2038322464451751,0.3593505052001425,0.5672240430875405,0.5559546912381191,0.5536812034478249,-0.5292604675196176,1.641169849995856,0.4823259733904884,-0.3894042166072382,1.5013135990834765,0.2442755724427557,monte_carlo_10000,results/sensitivity/gse202379_sensitivity_effects.csv,,,,,,snRNA-seq,author labels,unmapped,True,False,False
GSE202379,all_f1f4_vs_f0_non_end_stage_sensitivity,RAM2019_ENDO_6_SAENDO1,endothelial,singscore,sensitivity,20,primary,1.0,positive_case_higher,5,35,0.4091694671147383,0.4644439110257641,0.0552744439110257,0.0640701449527035,0.862717634739694,0.8455775492812895,0.77511040240622,-0.6736388394349017,2.3647939379974807,0.4878312634734139,-0.1105717271266018,1.8017268256891807,0.0808919108089191,monte_carlo_10000,results/sensitivity/gse202379_sensitivity_effects.csv,,,,,,snRNA-seq,author labels,unmapped,True,False,False
GSE202379,all_f1f4_vs_f0_non_end_stage_sensitivity,RAM2019_ENDO_6_SAENDO1,endothelial,standardized_mean,sensitivity,20,primary,1.0,positive_case_higher,5,35,-0.2851181931995055,-0.1273158553137002,0.1578023378858052,0.3774479275452724,0.4180771077803252,0.4097709400760803,0.6741029651437443,-0.9114708716056584,1.731012751757819,0.4803965028297404,-0.5318062054702108,1.3513480856223716,0.3924607539246075,monte_carlo_10000,results/sensitivity/gse202379_sensitivity_effects.csv,,,,,,snRNA-seq,author labels,unmapped,True,False,False
GSE202379,all_f1f4_vs_f0_non_end_stage_sensitivity,RAM2019_MES_HSC,mesenchymal_hsc_myofibroblast,singscore,sensitivity,20,primary,0.8,positive_case_higher,3,29,0.2122116276837423,0.1900013460776731,-0.0222102816060692,0.104761736829945,-0.2120075733578398,-0.2066628446177262,0.2369553247560836,-0.6710952811396501,0.2577695919041978,0.6070650026780063,-1.3965102498666184,0.983184560631166,0.7330645161290322,exact_4960_allocations,results/sensitivity/gse202379_sensitivity_effects.csv,,,,,,snRNA-seq,author labels,unmapped,False,False,False
GSE202379,all_f1f4_vs_f0_non_end_stage_sensitivity,RAM2019_MES_HSC,mesenchymal_hsc_myofibroblast,standardized_mean,sensitivity,20,primary,0.8,positive_case_higher,3,29,0.0818520163687613,-0.0479678912538389,-0.1298199076226003,0.4699648648304237,-0.2762332194119296,-0.2692693567376793,0.2118952273542914,-0.6845840023520904,0.1460452888767318,0.607473888378742,-1.459918177960014,0.9213794644846552,0.6558467741935484,exact_4960_allocations,results/sensitivity/gse202379_sensitivity_effects.csv,,,,,,snRNA-seq,author labels,unmapped,False,False,False
GSE202379,all_f1f4_vs_f0_non_end_stage_sensitivity,RAM2019_MES_MESOTHELIAL,mesenchymal_hsc_myofibroblast,singscore,sensitivity,20,evaluable_flagged,0.795045045045045,positive_case_higher,3,29,0.241832363012987,0.2972695574627636,0.0554371944497765,0.0534122622902929,1.037911372270251,1.0117455393558752,0.9151912165825202,-0.7820292451458644,2.805520323857615,0.62038421634833,-0.2042075246868515,2.227698603398602,0.0969758064516129,exact_4960_allocations,results/sensitivity/gse202379_sensitivity_effects.csv,,,,,,snRNA-seq,author labels,unmapped,True,False,False
GSE202379,all_f1f4_vs_f0_non_end_stage_sensitivity,RAM2019_MES_MESOTHELIAL,mesenchymal_hsc_myofibroblast,standardized_mean,sensitivity,20,evaluable_flagged,0.795045045045045,positive_case_higher,3,29,-0.3813292937347197,0.0193794868028525,0.4007087805375722,0.2268597889816595,1.7663279258801017,1.7217986504377458,0.7632890229265705,0.2257521655016676,3.217845135373824,0.64593028661369,0.4557752886749133,2.9878220122005783,0.0064516129032258,exact_4960_allocations,results/sensitivity/gse202379_sensitivity_effects.csv,,,,,,snRNA-seq,author labels,unmapped,True,False,False
GSE202379,all_f1f4_vs_f0_non_end_stage_sensitivity,RAM2019_MES_SAMES,mesenchymal_hsc_myofibroblast,singscore,sensitivity,20,primary,0.8785714285714286,positive_case_higher,3,29,0.4997084026856199,0.5376851094419198,0.0379767067562998,0.0757558861260883,0.5013037098277923,0.4886658011766714,0.8127471975156003,-1.1043187059539052,2.081650308307248,0.6097507657844176,-0.706445699760787,1.6837773021141298,0.4211693548387096,exact_4960_allocations,results/sensitivity/gse202379_sensitivity_effects.csv,,,,,,snRNA-seq,author labels,unmapped,True,False,False
GSE202379,all_f1f4_vs_f0_non_end_stage_sensitivity,RAM2019_MES_SAMES,mesenchymal_hsc_myofibroblast,standardized_mean,sensitivity,20,primary,0.8785714285714286,positive_case_higher,3,29,-0.2092949810627172,-0.0054276144199361,0.2038673666427811,0.338276790156219,0.6026643641398911,0.5874711448758603,0.6205517598522551,-0.6288103044345597,1.80375259418628,0.6112022014481396,-0.6104851699624934,1.785427459714214,0.3348790322580645,exact_4960_allocations,results/sensitivity/gse202379_sensitivity_effects.csv,,,,,,snRNA-seq,author labels,unmapped,True,False,False
GSE202379,all_f1f4_vs_f0_non_end_stage_sensitivity,RAM2019_MES_VSMC,mesenchymal_hsc_myofibroblast,singscore,sensitivity,20,primary,1.0,positive_case_higher,3,29,0.381202613618173,0.3382319187191043,-0.0429706948990687,0.1160133956091305,-0.3703942520900306,-0.3610565818692735,0.8343274264552809,-1.996338337721624,1.274225173983077,0.6082670380207542,-1.5532599763899515,0.8311468126514048,0.5538306451612903,exact_4960_allocations,results/sensitivity/gse202379_sensitivity_effects.csv,,,,,,snRNA-seq,author labels,unmapped,False,False,False
GSE202379,all_f1f4_vs_f0_non_end_stage_sensitivity,RAM2019_MES_VSMC,mesenchymal_hsc_myofibroblast,standardized_mean,sensitivity,20,primary,1.0,positive_case_higher,3,29,0.0403233621961743,-0.0682359323286506,-0.1085592945248249,0.4651159643383848,-0.233402641165516,-0.227518540968066,0.8912614941200638,-1.974391069443391,1.519353987507259,0.607189292337044,-1.4176095539486722,0.96257247201254,0.7040322580645161,exact_4960_allocations,results/sensitivity/gse202379_sensitivity_effects.csv,,,,,,snRNA-seq,author labels,unmapped,False,False,False
GSE202379,all_f1f4_vs_f0_non_end_stage_sensitivity,RAM2019_SAMES_A,mesenchymal_hsc_myofibroblast,singscore,sensitivity,20,primary,0.8297872340425532,positive_case_higher,3,29,0.6563110368607198,0.6479941206922324,-0.0083169161684873,0.0570343776012187,-0.1458228618998672,-0.1421466552973496,0.9210985330586268,-1.947499780092258,1.6632064694975588,0.606756007920449,-1.3313884308214297,1.0470951202267305,0.8098790322580646,exact_4960_allocations,results/sensitivity/gse202379_sensitivity_effects.csv,,,,,,snRNA-seq,author labels,unmapped,False,False,False
GSE202379,all_f1f4_vs_f0_non_end_stage_sensitivity,RAM2019_SAMES_A,mesenchymal_hsc_myofibroblast,standardized_mean,sensitivity,20,primary,0.8297872340425532,positive_case_higher,3,29,0.1392273388373754,-0.0380577934219249,-0.1772851322593004,0.3987128846867251,-0.4446435996132807,-0.4334340971020216,0.5948379700539885,-1.599316518407839,0.7324483242037958,0.6090543302773027,-1.627180584445535,0.7603123902414917,0.4377016129032258,exact_4960_allocations,results/sensitivity/gse202379_sensitivity_effects.csv,,,,,,snRNA-seq,author labels,unmapped,False,False,False
GSE202379,all_f1f4_vs_f0_non_end_stage_sensitivity,RAM2019_SAMES_B,mesenchymal_hsc_myofibroblast,singscore,sensitivity,20,primary,0.9491525423728814,positive_case_higher,3,29,0.2962498531029988,0.311639211860552,0.0153893587575531,0.0672117527550715,0.2289682700826742,0.2231959607528588,0.9672233626768066,-1.6725618300936822,2.1189537515994,0.6071625531126703,-0.9668426433479748,1.4132345648536926,0.708266129032258,exact_4960_allocations,results/sensitivity/gse202379_sensitivity_effects.csv,,,,,,snRNA-seq,author labels,unmapped,True,False,False
GSE202379,all_f1f4_vs_f0_non_end_stage_sensitivity,RAM2019_SAMES_B,mesenchymal_hsc_myofibroblast,standardized_mean,sensitivity,20,primary,0.9491525423728814,positive_case_higher,3,29,-0.2739148313466659,-0.0274363896627507,0.2464784416839151,0.2596004269442035,0.9494531445315814,0.9255173509719616,0.857144208337578,-0.7544852973696912,2.605519999313614,0.618136283303711,-0.2860297643033118,2.137064466247235,0.1258064516129032,exact_4960_allocations,results/sensitivity/gse202379_sensitivity_effects.csv,,,,,,snRNA-seq,author labels,unmapped,True,False,False
GSE202379,clinical_cirrhosis_vs_healthy,RAM2019_MES_HSC,mesenchymal_hsc_myofibroblast,singscore,sensitivity,20,primary,0.8,positive_case_higher,3,4,0.2370812402009407,0.1413124340063354,-0.0957688061946053,0.1028671854080559,-0.9309947172629188,-0.7839955513793,0.6661868617582023,-2.0897218004253766,0.5217306976667764,0.8029932974761288,-2.357862414432512,0.7898713116739124,0.3142857142857143,exact_35_allocations,results/sensitivity/gse202379_sensitivity_effects.csv,,,,,,snRNA-seq,author labels,clinical_cirrhosis_vs_healthy,False,False,False
GSE202379,clinical_cirrhosis_vs_healthy,RAM2019_MES_HSC,mesenchymal_hsc_myofibroblast,standardized_mean,sensitivity,20,primary,0.8,positive_case_higher,3,4,0.2080825543264944,-0.4346214031949499,-0.6427039575214444,0.5484400083874942,-1.171876500058962,-0.9868433684707048,0.6651860464398383,-2.290608019492788,0.3169212825513783,0.8250571596700401,-2.6039554014239834,0.6302686644825739,0.2285714285714285,exact_35_allocations,results/sensitivity/gse202379_sensitivity_effects.csv,,,,,,snRNA-seq,author labels,clinical_cirrhosis_vs_healthy,False,False,False
GSE202379,clinical_cirrhosis_vs_healthy,RAM2019_MES_MESOTHELIAL,mesenchymal_hsc_myofibroblast,singscore,sensitivity,20,evaluable_flagged,0.795045045045045,positive_case_higher,3,4,0.2767938093097464,0.2980585175035328,0.0212647081937864,0.0402188943100518,0.5287243361255659,0.4452415462110028,0.8052870549771491,-1.1331210815442094,2.0236041739662154,0.7766320472273661,-1.0769572663546347,1.9674403587766405,0.5428571428571428,exact_35_allocations,results/sensitivity/gse202379_sensitivity_effects.csv,,,,,,snRNA-seq,author labels,clinical_cirrhosis_vs_healthy,True,False,False
GSE202379,clinical_cirrhosis_vs_healthy,RAM2019_MES_MESOTHELIAL,mesenchymal_hsc_myofibroblast,standardized_mean,sensitivity,20,evaluable_flagged,0.795045045045045,positive_case_higher,3,4,-0.2028161659420176,0.0427448692281031,0.2455610351701208,0.2245881550977278,1.0933837319393211,0.920744195317323,0.785226868512544,-0.6183004669672632,2.459788857601909,0.8173801567535071,-0.6813209119195509,2.522809302554197,0.2857142857142857,exact_35_allocations,results/sensitivity/gse202379_sensitivity_effects.csv,,,,,,snRNA-seq,author labels,clinical_cirrhosis_vs_healthy,True,False,False
GSE202379,clinical_cirrhosis_vs_healthy,RAM2019_MES_SAMES,mesenchymal_hsc_myofibroblast,singscore,sensitivity,20,primary,0.8785714285714286,positive_case_higher,3,4,0.5328546611090829,0.5664414273262024,0.0335867662171195,0.0415664052725934,0.8080267224662981,0.6804435557610932,0.8707735674284716,-1.0262726363987111,2.387159747920897,0.7934945977075164,-0.874805855745639,2.235692967267825,0.3714285714285714,exact_35_allocations,results/sensitivity/gse202379_sensitivity_effects.csv,,,,,,snRNA-seq,author labels,clinical_cirrhosis_vs_healthy,True,False,False
GSE202379,clinical_cirrhosis_vs_healthy,RAM2019_MES_SAMES,mesenchymal_hsc_myofibroblast,standardized_mean,sensitivity,20,primary,0.8785714285714286,positive_case_higher,3,4,-0.1349149124275197,0.2524115135845534,0.3873264260120732,0.191319050638026,2.024505268661883,1.7048465420310592,0.890819254884224,-0.0411591975420198,3.4508522816041385,0.9348708501824514,-0.1275003243265455,3.537193408388664,0.0285714285714285,exact_35_allocations,results/sensitivity/gse202379_sensitivity_effects.csv,,,,,,snRNA-seq,author labels,clinical_cirrhosis_vs_healthy,True,False,False
GSE202379,clinical_cirrhosis_vs_healthy,RAM2019_MES_VSMC,mesenchymal_hsc_myofibroblast,singscore,sensitivity,20,primary,1.0,positive_case_higher,3,4,0.4382360502738283,0.318558726370476,-0.1196773239033523,0.1439847574483376,-0.8311805084388402,-0.6999414807906023,0.642163433253858,-1.958581809968164,0.5586988483869596,0.79518874551044,-2.2585114219910647,0.8586284604098603,0.4,exact_35_allocations,results/sensitivity/gse202379_sensitivity_effects.csv,,,,,,snRNA-seq,author labels,clinical_cirrhosis_vs_healthy,False,False,False
GSE202379,clinical_cirrhosis_vs_healthy,RAM2019_MES_VSMC,mesenchymal_hsc_myofibroblast,standardized_mean,sensitivity,20,primary,1.0,positive_case_higher,3,4,0.2484353787083832,-0.0587930799268063,-0.3072284586351895,0.634633402146953,-0.4841038268642044,-0.4076663805172247,0.6658636419554264,-1.7127591187498603,0.8974263577154109,0.7745660211458639,-1.9258157819631176,1.1104830209286685,0.8571428571428571,exact_35_allocations,results/sensitivity/gse202379_sensitivity_effects.csv,,,,,,snRNA-seq,author labels,clinical_cirrhosis_vs_healthy,False,False,False
GSE202379,clinical_cirrhosis_vs_healthy,RAM2019_SAMES_A,mesenchymal_hsc_myofibroblast,singscore,sensitivity,20,primary,0.8297872340425532,positive_case_higher,3,4,0.6811775257864053,0.6459568444240749,-0.0352206813623304,0.055747282342126,-0.6317918987723561,-0.5320352831767209,0.7824396549246126,-2.065617006828961,1.00154644047552,0.7820738376827515,-2.064900005034914,1.000829438681472,0.4571428571428571,exact_35_allocations,results/sensitivity/gse202379_sensitivity_effects.csv,,,,,,snRNA-seq,author labels,clinical_cirrhosis_vs_healthy,False,False,False
GSE202379,clinical_cirrhosis_vs_healthy,RAM2019_SAMES_A,mesenchymal_hsc_myofibroblast,standardized_mean,sensitivity,20,primary,0.8297872340425532,positive_case_higher,3,4,0.1448978935733816,0.0490416746151593,-0.0958562189582223,0.2789765635608947,-0.343599540171764,-0.289346981197275,0.8124461402251737,-1.881741416038616,1.3030474536440653,0.7692239601612335,-1.7970259431132924,1.2183319807187427,0.6,exact_35_allocations,results/sensitivity/gse202379_sensitivity_effects.csv,,,,,,snRNA-seq,author labels,clinical_cirrhosis_vs_healthy,False,False,False
GSE202379,clinical_cirrhosis_vs_healthy,RAM2019_SAMES_B,mesenchymal_hsc_myofibroblast,singscore,sensitivity,20,primary,0.9491525423728814,positive_case_higher,3,4,0.3628909177208911,0.2930570849377538,-0.0698338327831373,0.0338644214546506,-2.0621593337023345,-1.7365552283809131,0.797715224312624,-3.300077068033656,-0.1730333887281701,0.9406889706247448,-3.5803056108054125,0.1071951540435864,0.0285714285714285,exact_35_allocations,results/sensitivity/gse202379_sensitivity_effects.csv,,,,,,snRNA-seq,author labels,clinical_cirrhosis_vs_healthy,False,False,False
GSE202379,clinical_cirrhosis_vs_healthy,RAM2019_SAMES_B,mesenchymal_hsc_myofibroblast,standardized_mean,sensitivity,20,primary,0.9491525423728814,positive_case_higher,3,4,-0.0169762011343497,-0.0066491899992731,0.0103270111350766,0.2063597863375481,0.0500437188774002,0.0421420790546528,0.7992447837308966,-1.5243776970579046,1.60866185516721,0.7638788705128833,-1.4550605071505984,1.539344665259904,0.9142857142857144,exact_35_allocations,results/sensitivity/gse202379_sensitivity_effects.csv,,,,,,snRNA-seq,author labels,clinical_cirrhosis_vs_healthy,True,False,False
GSE202379,end_stage_vs_healthy_separate_stratum,RAM2019_ENDO_1,endothelial,singscore,sensitivity,20,primary,0.9625,positive_case_higher,4,5,0.8139687445332089,0.7873793557308633,-0.0265893888023456,0.0451423103471271,-0.5890125826056164,-0.5235667400938813,0.6422299712082192,-1.782337483661991,0.7352040034742284,0.6852591861755946,-1.8666747449980463,0.819541264810284,0.4682539682539682,exact_126_allocations,results/sensitivity/gse202379_sensitivity_effects.csv,,,,,,snRNA-seq,author labels,unmapped,False,False,False
GSE202379,end_stage_vs_healthy_separate_stratum,RAM2019_ENDO_1,endothelial,standardized_mean,sensitivity,20,primary,0.9625,positive_case_higher,4,5,0.1519743754758865,-0.6251487115210527,-0.7771230869969392,0.5384362679574332,-1.4432963253849307,-1.2829300670088273,0.6277209763515526,-2.5132631806578702,-0.0525969533597843,0.7533690784372403,-2.759533460745818,0.1936733267281636,0.0634920634920634,exact_126_allocations,results/sensitivity/gse202379_sensitivity_effects.csv,,,,,,snRNA-seq,author labels,unmapped,False,False,False
GSE202379,end_stage_vs_healthy_separate_stratum,RAM2019_ENDO_2,endothelial,singscore,sensitivity,20,primary,0.9555555555555556,positive_case_higher,4,5,0.2808284446007382,0.4825173856096175,0.2016889410088793,0.0450134478101278,4.480637472153384,3.982788864136341,0.7163609135546685,2.578721473569191,5.386856254703491,1.2581905129501438,1.516735458754059,6.448842269518623,0.0079365079365079,exact_126_allocations,results/sensitivity/gse202379_sensitivity_effects.csv,,,,,,snRNA-seq,author labels,unmapped,True,False,False
GSE202379,end_stage_vs_healthy_separate_stratum,RAM2019_ENDO_2,endothelial,standardized_mean,sensitivity,20,primary,0.9555555555555556,positive_case_higher,4,5,-0.1734745719724376,0.5028667545095701,0.6763413264820077,0.1657336514951067,4.080893170340706,3.627460595858405,0.6705493541893744,2.313183861647232,4.941737330069579,1.178936275222754,1.3167454964218073,5.938175695295003,0.0079365079365079,exact_126_allocations,results/sensitivity/gse202379_sensitivity_effects.csv,,,,,,snRNA-seq,author labels,unmapped,True,False,False
GSE202379,end_stage_vs_healthy_separate_stratum,RAM2019_ENDO_3,endothelial,singscore,sensitivity,20,primary,0.9487179487179488,positive_case_higher,4,5,0.5864159322679502,0.6457572242325605,0.0593412919646103,0.0323401694228058,1.8349097430133985,1.6310308826785764,0.7131995599948161,0.2331597450887368,3.028902020268416,0.800011684747312,0.063007980573845,3.199053784783308,0.0317460317460317,exact_126_allocations,results/sensitivity/gse202379_sensitivity_effects.csv,,,,,,snRNA-seq,author labels,unmapped,True,False,False
GSE202379,end_stage_vs_healthy_separate_stratum,RAM2019_ENDO_3,endothelial,standardized_mean,sensitivity,20,primary,0.9487179487179488,positive_case_higher,4,5,0.0153868302007663,-0.1123654375300531,-0.1277522677308194,0.2757589730684743,-0.4632751069140985,-0.4118000950347542,0.6316042977566415,-1.6497445186377715,0.826144328568263,0.6797887969420373,-1.7441861370411471,0.9205859469716388,0.5793650793650794,exact_126_allocations,results/sensitivity/gse202379_sensitivity_effects.csv,,,,,,snRNA-seq,author labels,unmapped,False,False,False
GSE202379,end_stage_vs_healthy_separate_stratum,RAM2019_ENDO_4,endothelial,singscore,sensitivity,20,primary,0.9659090909090908,positive_case_higher,4,5,0.5757986994361456,0.6411455227542063,0.0653468233180607,0.0598420615284943,1.091988171011542,0.9706561520102596,0.6216125598371407,-0.2477044652705362,2.189016769291056,0.7192343828899571,-0.4390432384540566,2.380355542474576,0.1507936507936507,exact_126_allocations,results/sensitivity/gse202379_sensitivity_effects.csv,,,,,,snRNA-seq,author labels,unmapped,True,False,False
GSE202379,end_stage_vs_healthy_separate_stratum,RAM2019_ENDO_4,endothelial,standardized_mean,sensitivity,20,primary,0.9659090909090908,positive_case_higher,4,5,-0.2034397337904545,-0.0371882655663573,0.1662514682240971,0.431161571405674,0.3855897168249101,0.3427464149554757,0.6072215572540357,-0.8474078372624343,1.5329006671733858,0.6770458469897437,-0.984263445144422,1.6697562750553734,0.5793650793650794,exact_126_allocations,results/sensitivity/gse202379_sensitivity_effects.csv,,,,,,snRNA-seq,author labels,unmapped,True,False,False
GSE202379,end_stage_vs_healthy_separate_stratum,RAM2019_ENDO_5,endothelial,singscore,sensitivity,20,primary,0.96,positive_case_higher,4,5,0.5161083007572602,0.5662350336975445,0.0501267329402842,0.0487882571278761,1.027434384649156,0.9132750085770276,0.6682132278195111,-0.396422917949214,2.222972935103269,0.713846284038166,-0.4858637081377777,2.312413725291833,0.2222222222222222,exact_126_allocations,results/sensitivity/gse202379_sensitivity_effects.csv,,,,,,snRNA-seq,author labels,unmapped,True,False,False
GSE202379,end_stage_vs_healthy_separate_stratum,RAM2019_ENDO_5,endothelial,standardized_mean,sensitivity,20,primary,0.96,positive_case_higher,4,5,-0.0707277380343102,0.2819623170439851,0.3526900550782954,0.3565067836186475,0.9892940928034772,0.8793725269364241,0.6482288793554921,-0.3911560766003403,2.1499011304731885,0.7107991499075706,-0.5137938068824144,2.2725388607552626,0.1904761904761904,exact_126_allocations,results/sensitivity/gse202379_sensitivity_effects.csv,,,,,,snRNA-seq,author labels,unmapped,True,False,False
GSE202379,end_stage_vs_healthy_separate_stratum,RAM2019_ENDO_6_SAENDO1,endothelial,singscore,sensitivity,20,primary,1.0,positive_case_higher,4,5,0.4331232997279564,0.699723155704913,0.2665998559769565,0.0778440284121465,3.424795214418234,3.044262412816208,0.7560825820912125,1.5623405519174312,4.526184273714984,1.0544983112526465,0.9774457227610212,5.111079102871394,0.0079365079365079,exact_126_allocations,results/sensitivity/gse202379_sensitivity_effects.csv,,,,,,snRNA-seq,author labels,unmapped,True,False,False
GSE202379,end_stage_vs_healthy_separate_stratum,RAM2019_ENDO_6_SAENDO1,endothelial,standardized_mean,sensitivity,20,primary,1.0,positive_case_higher,4,5,-0.1014786219311615,1.1763291803954126,1.2778078023265742,0.4210952670240327,3.034486260928806,2.697321120825605,0.7356962710042081,1.2553564296573574,4.139285811993853,0.9847240813276398,0.7672619214234313,4.627380320227779,0.0079365079365079,exact_126_allocations,results/sensitivity/gse202379_sensitivity_effects.csv,,,,,,snRNA-seq,author labels,unmapped,True,False,False
GSE202379,end_stage_vs_healthy_separate_stratum,RAM2019_MAC_SIG_A_SAM,macrophage_monocyte,singscore,sensitivity,20,primary,0.9393939393939394,positive_case_higher,3,5,0.2706661358399386,0.3479189696446391,0.0772528338047005,0.0625173199814797,1.235702903252827,1.0745242636981105,0.6668665542763287,-0.2325341826834936,2.381582710079715,0.7934419950063545,-0.4806220465143442,2.629670573910565,0.1607142857142857,exact_56_allocations,results/sensitivity/gse202379_sensitivity_effects.csv,,,,,,snRNA-seq,author labels,unmapped,True,False,False
GSE202379,end_stage_vs_healthy_separate_stratum,RAM2019_MAC_SIG_A_SAM,macrophage_monocyte,standardized_mean,sensitivity,20,primary,0.9393939393939394,positive_case_higher,3,5,-0.2082225189855282,0.0274088750040604,0.2356313939895887,0.2027258893732135,1.162315255925685,1.010708918196248,0.7755909501270513,-0.5094493440527725,2.5308671804452683,0.7864229416224575,-0.530680047383769,2.5520978837762645,0.1607142857142857,exact_56_allocations,results/sensitivity/gse202379_sensitivity_effects.csv,,,,,,snRNA-seq,author labels,unmapped,True,False,False
GSE202379,end_stage_vs_healthy_separate_stratum,RAM2019_MAC_SIG_B_SAM,macrophage_monocyte,singscore,sensitivity,20,primary,0.845360824742268,positive_case_higher,3,5,0.5686101210372614,0.6100821358477342,0.0414720148104728,0.0237427314605491,1.7467246714803035,1.518891018678525,0.819087687641891,-0.0865208490995814,3.124302886456632,0.8518132584190762,-0.1506629678228643,3.188445005179914,0.0535714285714285,exact_56_allocations,results/sensitivity/gse202379_sensitivity_effects.csv,,,,,,snRNA-seq,author labels,unmapped,True,False,False
GSE202379,end_stage_vs_healthy_separate_stratum,RAM2019_MAC_SIG_B_SAM,macrophage_monocyte,standardized_mean,sensitivity,20,primary,0.845360824742268,positive_case_higher,3,5,0.102892293833915,0.1383531249185784,0.0354608310846634,0.1437372961092956,0.2467058449304594,0.2145268216786603,0.7395570641852064,-1.235005024124344,1.6640586674816649,0.7329177851357516,-1.221992037187413,1.6510456805447336,0.6071428571428571,exact_56_allocations,results/sensitivity/gse202379_sensitivity_effects.csv,,,,,,snRNA-seq,author labels,unmapped,True,False,False
GSE202379,end_stage_vs_healthy_separate_stratum,RAM2019_MAC_SIG_C_KC,macrophage_monocyte,singscore,sensitivity,20,primary,0.9427710843373494,positive_case_higher,3,5,0.7693657744988234,0.8130612323281714,0.043695457829348,0.0147374917300288,2.964918225556312,2.578189761353315,0.8671387585985199,0.8785977945002161,4.277781728206414,1.0427153033285683,0.5344677668293207,4.62191175587731,0.0178571428571428,exact_56_allocations,results/sensitivity/gse202379_sensitivity_effects.csv,,,,,,snRNA-seq,author labels,unmapped,True,False,False
GSE202379,end_stage_vs_healthy_separate_stratum,RAM2019_MAC_SIG_C_KC,macrophage_monocyte,standardized_mean,sensitivity,20,primary,0.9427710843373494,positive_case_higher,3,5,0.3807592890089296,0.5234654973454058,0.1427062083364762,0.1119266520333286,1.274997560848888,1.108693531172946,0.7953860571798516,-0.450263140899563,2.667650203245455,0.7973498472055588,-0.4541121693499492,2.671499231695841,0.1607142857142857,exact_56_allocations,results/sensitivity/gse202379_sensitivity_effects.csv,,,,,,snRNA-seq,author labels,unmapped,True,False,False
GSE202379,end_stage_vs_healthy_separate_stratum,RAM2019_MAC_SIG_D_TMO,macrophage_monocyte,singscore,sensitivity,20,evaluable_flagged,0.7909090909090909,positive_case_higher,3,5,0.2490025903725557,0.227014757558632,-0.0219878328139237,0.0285299389673953,-0.7706933000821333,-0.670168087027942,0.7036383873280196,-2.0492993261908605,0.7089631521349765,0.7554868885289964,-2.150922388544775,0.810586214488891,0.3571428571428571,exact_56_allocations,results/sensitivity/gse202379_sensitivity_effects.csv,,,,,,snRNA-seq,author labels,unmapped,False,False,False
GSE202379,end_stage_vs_healthy_separate_stratum,RAM2019_MAC_SIG_D_TMO,macrophage_monocyte,standardized_mean,sensitivity,20,evaluable_flagged,0.7909090909090909,positive_case_higher,3,5,-0.0136452802761717,-0.172770489641551,-0.1591252093653792,0.1772563655980554,-0.8977122419750486,-0.7806193408478683,0.6752588767190238,-2.104126739217155,0.5428880575214183,0.7642734324891932,-2.278595268526688,0.7173565868309504,0.2321428571428571,exact_56_allocations,results/sensitivity/gse202379_sensitivity_effects.csv,,,,,,snRNA-seq,author labels,unmapped,False,False,False
GSE202379,end_stage_vs_healthy_separate_stratum,RAM2019_MAC_SIG_E_TMO,macrophage_monocyte,singscore,sensitivity,20,primary,0.9368029739776952,positive_case_higher,3,5,0.5488554926710063,0.57867699270215,0.0298215000311437,0.0248504593839981,1.2000381791874046,1.0435114601629605,0.898165620515775,-0.7168931560479583,2.80391607637388,0.7899850297891428,-0.5048591982237594,2.5918821185496803,0.1428571428571428,exact_56_allocations,results/sensitivity/gse202379_sensitivity_effects.csv,,,,,,snRNA-seq,author labels,unmapped,True,False,False
GSE202379,end_stage_vs_healthy_separate_stratum,RAM2019_MAC_SIG_E_TMO,macrophage_monocyte,standardized_mean,sensitivity,20,primary,0.9368029739776952,positive_case_higher,3,5,0.0429756035674632,0.0833987002447454,0.0404230966772822,0.1791307540029185,0.2256625162010069,0.1962282749573973,0.6123534678785686,-1.003984522084597,1.3964410719993918,0.7324903603400272,-1.239452831309056,1.6319093812238508,0.6964285714285714,exact_56_allocations,results/sensitivity/gse202379_sensitivity_effects.csv,,,,,,snRNA-seq,author labels,unmapped,True,False,False
GSE202379,end_stage_vs_healthy_separate_stratum,RAM2019_MAC_SIG_F_CDC1,macrophage_monocyte,singscore,sensitivity,20,primary,0.9384615384615383,positive_case_higher,3,5,0.4345173188152071,0.4429709330335635,0.0084536142183563,0.0557968544524026,0.1515070034201957,0.1317452203653875,0.7779025680086061,-1.3929438129314804,1.6564342536622554,0.7312863553976379,-1.3015760362139828,1.5650664769447578,0.8214285714285714,exact_56_allocations,results/sensitivity/gse202379_sensitivity_effects.csv,,,,,,snRNA-seq,author labels,unmapped,True,False,False
GSE202379,end_stage_vs_healthy_separate_stratum,RAM2019_MAC_SIG_F_CDC1,macrophage_monocyte,standardized_mean,sensitivity,20,primary,0.9384615384615383,positive_case_higher,3,5,0.0640776159913495,0.0041717607214023,-0.0599058552699472,0.3270848957538255,-0.1831507845444331,-0.1592615517777679,0.7369643266671398,-1.6037116320453622,1.285188528489826,0.7317424547996528,-1.5934767631850877,1.2749536596295514,0.7857142857142857,exact_56_allocations,results/sensitivity/gse202379_sensitivity_effects.csv,,,,,,snRNA-seq,author labels,unmapped,False,False,False
GSE202379,end_stage_vs_healthy_separate_stratum,RAM2019_MES_HSC,mesenchymal_hsc_myofibroblast,singscore,sensitivity,20,primary,0.8,positive_case_higher,3,5,0.2370812402009407,0.2872860205420279,0.0502047803410872,0.1073147368420151,0.4678274561209325,0.4068064835834196,0.5911605719807919,-0.7518682374989325,1.5654812046657716,0.7396785064633096,-1.0429633890846672,1.8565763562515063,0.5714285714285714,exact_56_allocations,results/sensitivity/gse202379_sensitivity_effects.csv,,,,,,snRNA-seq,author labels,unmapped,True,False,False
GSE202379,end_stage_vs_healthy_separate_stratum,RAM2019_MES_HSC,mesenchymal_hsc_myofibroblast,standardized_mean,sensitivity,20,primary,0.8,positive_case_higher,3,5,0.2080825543264944,0.2291025594510051,0.0210200051245106,0.4889093311599142,0.0429936673015459,0.0373857976535181,0.6094378661864585,-1.1571124200719405,1.2318840153789767,0.7303764838461845,-1.3941521106850034,1.4689237059920397,0.9642857142857144,exact_56_allocations,results/sensitivity/gse202379_sensitivity_effects.csv,,,,,,snRNA-seq,author labels,unmapped,True,False,False
GSE202379,end_stage_vs_healthy_separate_stratum,RAM2019_MES_MESOTHELIAL,mesenchymal_hsc_myofibroblast,singscore,sensitivity,20,evaluable_flagged,0.795045045045045,positive_case_higher,3,5,0.2767938093097464,0.3621175032394937,0.0853236939297473,0.0464262374880483,1.837833486974094,1.5981160756296469,0.7473339484304932,0.1333415367058803,3.0628906145534134,0.8638081862304995,-0.094947969382132,3.291180120641425,0.0714285714285714,exact_56_allocations,results/sensitivity/gse202379_sensitivity_effects.csv,,,,,,snRNA-seq,author labels,unmapped,True,False,False
GSE202379,end_stage_vs_healthy_separate_stratum,RAM2019_MES_MESOTHELIAL,mesenchymal_hsc_myofibroblast,standardized_mean,sensitivity,20,evaluable_flagged,0.795045045045045,positive_case_higher,3,5,-0.2028161659420176,0.1163965527842867,0.3192127187263044,0.2371085539440169,1.346272470632472,1.170671713593454,0.7556805975015326,-0.3104622575095499,2.6518056846964577,0.804698300659313,-0.4065369556987996,2.7478803828857075,0.1607142857142857,exact_56_allocations,results/sensitivity/gse202379_sensitivity_effects.csv,,,,,,snRNA-seq,author labels,unmapped,True,False,False
GSE202379,end_stage_vs_healthy_separate_stratum,RAM2019_MES_SAMES,mesenchymal_hsc_myofibroblast,singscore,sensitivity,20,primary,0.8785714285714286,positive_case_higher,3,5,0.5328546611090829,0.6416341426856165,0.1087794815765336,0.0631018404873832,1.72387177198553,1.4990189321613303,0.7149020195179404,0.0978109739061674,2.9002268904164934,0.848874635374098,-0.1647753531719016,3.1628132174945627,0.0892857142857142,exact_56_allocations,results/sensitivity/gse202379_sensitivity_effects.csv,,,,,,snRNA-seq,author labels,unmapped,True,False,False
GSE202379,end_stage_vs_healthy_separate_stratum,RAM2019_MES_SAMES,mesenchymal_hsc_myofibroblast,standardized_mean,sensitivity,20,primary,0.8785714285714286,positive_case_higher,3,5,-0.1349149124275197,0.1570571522732599,0.2919720647007797,0.3183648788052898,0.9170988514701968,0.7974772621479973,0.7009125478957516,-0.5763113317276758,2.1712658560236706,0.7657224248840147,-0.7033386906246715,2.2982932149206663,0.2321428571428571,exact_56_allocations,results/sensitivity/gse202379_sensitivity_effects.csv,,,,,,snRNA-seq,author labels,unmapped,True,False,False
GSE202379,end_stage_vs_healthy_separate_stratum,RAM2019_MES_VSMC,mesenchymal_hsc_myofibroblast,singscore,sensitivity,20,primary,1.0,positive_case_higher,3,5,0.4382360502738283,0.5014252659458357,0.0631892156720073,0.0749000985121619,0.8436466296736178,0.7336057649335807,0.617630859944046,-0.4769507205567495,1.9441622504239109,0.7603824376776785,-0.7567438129146692,2.2239553427818306,0.2678571428571428,exact_56_allocations,results/sensitivity/gse202379_sensitivity_effects.csv,,,,,,snRNA-seq,author labels,unmapped,True,False,False
GSE202379,end_stage_vs_healthy_separate_stratum,RAM2019_MES_VSMC,mesenchymal_hsc_myofibroblast,standardized_mean,sensitivity,20,primary,1.0,positive_case_higher,3,5,0.2484353787083832,0.3715743901884686,0.1231390114800854,0.3877368649613463,0.3175839663643054,0.2761599707515699,0.6885382028708509,-1.0733749068752978,1.6256948483784377,0.7346350754765654,-1.163724777182498,1.7160447186856382,0.6964285714285714,exact_56_allocations,results/sensitivity/gse202379_sensitivity_effects.csv,,,,,,snRNA-seq,author labels,unmapped,True,False,False
GSE202379,end_stage_vs_healthy_separate_stratum,RAM2019_SAMES_A,mesenchymal_hsc_myofibroblast,singscore,sensitivity,20,primary,0.8297872340425532,positive_case_higher,3,5,0.6811775257864053,0.7073885710249346,0.0262110452385292,0.0595644232307726,0.4400453125681891,0.3826480978853818,0.7474872221689921,-1.082426857565843,1.8477230533366065,0.7386033874152454,-1.065014541448499,1.8303107372192629,0.5535714285714286,exact_56_allocations,results/sensitivity/gse202379_sensitivity_effects.csv,,,,,,snRNA-seq,author labels,unmapped,True,False,False
GSE202379,end_stage_vs_healthy_separate_stratum,RAM2019_SAMES_A,mesenchymal_hsc_myofibroblast,standardized_mean,sensitivity,20,primary,0.8297872340425532,positive_case_higher,3,5,0.1448978935733816,0.1371987985447394,-0.0076990950286422,0.3717422649764621,-0.0207108412306298,-0.0180094271570694,0.7065979130637571,-1.4029413367620334,1.3669224824478945,0.730315248110164,-1.449427313452991,1.413408459138852,0.9821428571428572,exact_56_allocations,results/sensitivity/gse202379_sensitivity_effects.csv,,,,,,snRNA-seq,author labels,unmapped,False,False,False
GSE202379,end_stage_vs_healthy_separate_stratum,RAM2019_SAMES_B,mesenchymal_hsc_myofibroblast,singscore,sensitivity,20,primary,0.9491525423728814,positive_case_higher,3,5,0.3628909177208911,0.4540454289468744,0.0911545112259832,0.0704100127830796,1.2946242675287332,1.125760232633681,0.6035423362826701,-0.0571827464803522,2.3087032117477144,0.7993401498204337,-0.4409464610143689,2.692466926281731,0.125,exact_56_allocations,results/sensitivity/gse202379_sensitivity_effects.csv,,,,,,snRNA-seq,author labels,unmapped,True,False,False
GSE202379,end_stage_vs_healthy_separate_stratum,RAM2019_SAMES_B,mesenchymal_hsc_myofibroblast,standardized_mean,sensitivity,20,primary,0.9491525423728814,positive_case_higher,3,5,-0.0169762011343497,0.323479958851955,0.3404561599863048,0.313839715050608,1.0848090399629784,0.9433122086634594,0.6602441695549435,-0.3507663636642296,2.2373907809911486,0.7794141989882281,-0.5843396213534676,2.4709640386803864,0.1964285714285714,exact_56_allocations,results/sensitivity/gse202379_sensitivity_effects.csv,,,,,,snRNA-seq,author labels,unmapped,True,False,False
GSE290642_human,all_fibrosis_vs_f0_reconstructed_label_sensitivity,RAM2019_ENDO_1,endothelial,singscore,sensitivity,20,primary,0.9625,positive_case_higher,3,21,0.892445399513027,0.8851034954733082,-0.0073419040397187,0.0348381069941832,-0.2107434838794377,-0.2034764671939399,1.6191932925319716,-3.377095320556604,2.9701423861687246,0.6179752024041993,-1.4147078639061708,1.0077549295182908,0.7218379446640316,exact_2024_allocations,results/sensitivity/gse290642_sensitivity_effects.csv,reconstructed broad lineage; no author processed labels,unresolved,,,,scRNA-seq,reconstructed broad labels; sensitivity only,all_fibrosis_vs_f0_sensitivity,False,False,False
GSE290642_human,all_fibrosis_vs_f0_reconstructed_label_sensitivity,RAM2019_ENDO_1,endothelial,standardized_mean,sensitivity,20,primary,0.9625,positive_case_higher,3,21,-0.665756010556989,0.0951080015081413,0.7608640120651303,0.5908415421293483,1.2877632289074223,1.2433576003244078,1.266353399648968,-1.2386950629875697,3.725410263636385,0.6450483224356358,-0.0209371116494383,2.507652312298254,0.0469367588932806,exact_2024_allocations,results/sensitivity/gse290642_sensitivity_effects.csv,reconstructed broad lineage; no author processed labels,unresolved,,,,scRNA-seq,reconstructed broad labels; sensitivity only,all_fibrosis_vs_f0_sensitivity,True,False,False
GSE290642_human,all_fibrosis_vs_f0_reconstructed_label_sensitivity,RAM2019_ENDO_2,endothelial,singscore,sensitivity,20,primary,0.9555555555555556,positive_case_higher,3,21,0.6493007810572696,0.6583162766590023,0.0090154956017326,0.0889267848317214,0.1013811037787199,0.0978852036484193,0.4521745370861374,-0.7883768890404099,0.9841472963372486,0.6173897817534658,-1.1121987685883736,1.307969175885212,0.866106719367589,exact_2024_allocations,results/sensitivity/gse290642_sensitivity_effects.csv,reconstructed broad lineage; no author processed labels,unresolved,,,,scRNA-seq,reconstructed broad labels; sensitivity only,all_fibrosis_vs_f0_sensitivity,True,False,False
GSE290642_human,all_fibrosis_vs_f0_reconstructed_label_sensitivity,RAM2019_ENDO_2,endothelial,standardized_mean,sensitivity,20,primary,0.9555555555555556,positive_case_higher,3,21,-0.2801601217121945,0.0400228745303134,0.320182996242508,0.4678093644507931,0.6844304979196002,0.6608294462672002,0.2849267456176496,0.102373024856607,1.2192858676777931,0.625201791405248,-0.5645660648870858,1.8862249574214864,0.2297430830039525,exact_2024_allocations,results/sensitivity/gse290642_sensitivity_effects.csv,reconstructed broad lineage; no author processed labels,unresolved,,,,scRNA-seq,reconstructed broad labels; sensitivity only,all_fibrosis_vs_f0_sensitivity,True,False,False
GSE290642_human,all_fibrosis_vs_f0_reconstructed_label_sensitivity,RAM2019_ENDO_3,endothelial,singscore,sensitivity,20,primary,0.9743589743589745,positive_case_higher,3,21,0.8627203296663293,0.9100584957113124,0.0473381660449829,0.0413221789670541,1.1455873632105744,1.1060843506860718,0.900464540537384,-0.6588261487672009,2.8709948501393443,0.6393414110120982,-0.1470248148976405,2.359193516269784,0.0800395256916996,exact_2024_allocations,results/sensitivity/gse290642_sensitivity_effects.csv,reconstructed broad lineage; no author processed labels,unresolved,,,,scRNA-seq,reconstructed broad labels; sensitivity only,all_fibrosis_vs_f0_sensitivity,True,False,False
GSE290642_human,all_fibrosis_vs_f0_reconstructed_label_sensitivity,RAM2019_ENDO_3,endothelial,standardized_mean,sensitivity,20,primary,0.9743589743589745,positive_case_higher,3,21,-0.7136547680308157,0.1019506811472595,0.8156054491780753,0.4179304749977601,1.951533802799249,1.884239533737206,0.7428678294615259,0.4282185879926152,3.3402604794817967,0.6794426757277374,0.5525318893108406,3.215947178163572,0.0098814229249011,exact_2024_allocations,results/sensitivity/gse290642_sensitivity_effects.csv,reconstructed broad lineage; no author processed labels,unresolved,,,,scRNA-seq,reconstructed broad labels; sensitivity only,all_fibrosis_vs_f0_sensitivity,True,False,False
GSE290642_human,all_fibrosis_vs_f0_reconstructed_label_sensitivity,RAM2019_ENDO_4,endothelial,singscore,sensitivity,20,primary,0.9659090909090908,positive_case_higher,3,21,0.7266168315755138,0.7765905807794469,0.049973749203933,0.0504304845149471,0.9909432694250891,0.9567728118587068,1.049202573579445,-1.0996642323570054,3.013209856074419,0.633843237276608,-0.2855599332034446,2.199105556920858,0.1146245059288537,exact_2024_allocations,results/sensitivity/gse290642_sensitivity_effects.csv,reconstructed broad lineage; no author processed labels,unresolved,,,,scRNA-seq,reconstructed broad labels; sensitivity only,all_fibrosis_vs_f0_sensitivity,True,False,False
GSE290642_human,all_fibrosis_vs_f0_reconstructed_label_sensitivity,RAM2019_ENDO_4,endothelial,standardized_mean,sensitivity,20,primary,0.9659090909090908,positive_case_higher,3,21,-0.5820465544817474,0.0831495077831072,0.6651960622648546,0.3495669456449797,1.9029146506901944,1.8372969041146705,1.0284304049414252,-0.1784266895705231,3.853020497799864,0.6765145411958353,0.5113284033708332,3.163265404858508,0.0093873517786561,exact_2024_allocations,results/sensitivity/gse290642_sensitivity_effects.csv,reconstructed broad lineage; no author processed labels,unresolved,,,,scRNA-seq,reconstructed broad labels; sensitivity only,all_fibrosis_vs_f0_sensitivity,True,False,False
GSE290642_human,all_fibrosis_vs_f0_reconstructed_label_sensitivity,RAM2019_ENDO_5,endothelial,singscore,sensitivity,20,primary,0.94,positive_case_higher,3,21,0.9408486166646708,0.9289246223602656,-0.0119239943044053,0.0867118351419317,-0.1375128814294834,-0.132771057931915,0.4911804754395115,-1.0954847897933575,0.8299426739295275,0.6175378699416137,-1.343145283017478,1.077603167153648,0.7974308300395256,exact_2024_allocations,results/sensitivity/gse290642_sensitivity_effects.csv,reconstructed broad lineage; no author processed labels,unresolved,,,,scRNA-seq,reconstructed broad labels; sensitivity only,all_fibrosis_vs_f0_sensitivity,False,False,False
GSE290642_human,all_fibrosis_vs_f0_reconstructed_label_sensitivity,RAM2019_ENDO_5,endothelial,standardized_mean,sensitivity,20,primary,0.94,positive_case_higher,3,21,-0.0546741752348251,0.007810596462118,0.0624847716969432,0.8322762783068638,0.0750769586080943,0.0724880979664359,0.8253611534983739,-1.5452197628903768,1.6901959588232487,0.6173101343411289,-1.1374397653421766,1.2824159612750483,0.8868577075098815,exact_2024_allocations,results/sensitivity/gse290642_sensitivity_effects.csv,reconstructed broad lineage; no author processed labels,unresolved,,,,scRNA-seq,reconstructed broad labels; sensitivity only,all_fibrosis_vs_f0_sensitivity,True,False,False
GSE290642_human,all_fibrosis_vs_f0_reconstructed_label_sensitivity,RAM2019_ENDO_6_SAENDO1,endothelial,singscore,sensitivity,20,primary,1.0,positive_case_higher,3,21,0.8793426365157586,0.8301540515191325,-0.0491885849966261,0.0980790726547723,-0.5015196786144647,-0.4842258965932762,0.3361497409521766,-1.1430793888595423,0.1746275956729898,0.6215153673379196,-1.7023960165755985,0.7339442233890461,0.2677865612648221,exact_2024_allocations,results/sensitivity/gse290642_sensitivity_effects.csv,reconstructed broad lineage; no author processed labels,unresolved,,,,scRNA-seq,reconstructed broad labels; sensitivity only,all_fibrosis_vs_f0_sensitivity,False,False,False
GSE290642_human,all_fibrosis_vs_f0_reconstructed_label_sensitivity,RAM2019_ENDO_6_SAENDO1,endothelial,standardized_mean,sensitivity,20,primary,1.0,positive_case_higher,3,21,-0.2968469329773834,0.0424067047110544,0.3392536376884379,0.507462126219054,0.6685299654106478,0.6454772079826945,0.6454611763065424,-0.6196266975781286,1.9105811135435176,0.6248371712972671,-0.5792036477599491,1.870158063725338,0.2722332015810276,exact_2024_allocations,results/sensitivity/gse290642_sensitivity_effects.csv,reconstructed broad lineage; no author processed labels,unresolved,,,,scRNA-seq,reconstructed broad labels; sensitivity only,all_fibrosis_vs_f0_sensitivity,True,False,False
GSE290642_human,all_fibrosis_vs_f0_reconstructed_label_sensitivity,RAM2019_ENDO_7_SAENDO2,endothelial,singscore,sensitivity,20,primary,1.0,positive_case_higher,3,21,0.9609198679702624,0.8542162884813348,-0.1067035794889276,0.0229095858486428,-4.657595305034675,-4.496988570378306,0.4506389789730343,-5.380240969165453,-3.613736171591159,0.9168227121673312,-6.293961086226275,-2.7000160545303373,0.000494071146245,exact_2024_allocations,results/sensitivity/gse290642_sensitivity_effects.csv,reconstructed broad lineage; no author processed labels,unresolved,,,,scRNA-seq,reconstructed broad labels; sensitivity only,all_fibrosis_vs_f0_sensitivity,False,False,False
GSE290642_human,all_fibrosis_vs_f0_reconstructed_label_sensitivity,RAM2019_ENDO_7_SAENDO2,endothelial,standardized_mean,sensitivity,20,primary,1.0,positive_case_higher,3,21,0.9328369034831028,-0.1332624147833003,-1.0660993182664031,0.6774891085923036,-1.5736036266052442,-1.5193414325843737,0.6070036839920284,-2.7090686532087496,-0.329614211959998,0.658343360790627,-2.8096944197340026,-0.2289884454347446,0.050395256916996,exact_2024_allocations,results/sensitivity/gse290642_sensitivity_effects.csv,reconstructed broad lineage; no author processed labels,unresolved,,,,scRNA-seq,reconstructed broad labels; sensitivity only,all_fibrosis_vs_f0_sensitivity,False,False,False
GSE290642_human,f4_vs_f0_reconstructed_label_sensitivity,RAM2019_ENDO_1,endothelial,singscore,sensitivity,20,primary,0.9625,positive_case_higher,3,3,0.892445399513027,0.8687994531952402,-0.0236459463177868,0.0611441055901594,-0.3867248705260708,-0.3093798964208567,0.8000000000000002,-1.877379896420857,1.2586201035791436,0.8237907238524473,-1.924009715171653,1.30524992232994,0.7,exact_20_allocations,results/sensitivity/gse290642_sensitivity_effects.csv,reconstructed broad lineage; no author processed labels,unresolved,,,,scRNA-seq,reconstructed broad labels; sensitivity only,advanced_f3f4_vs_f0_reconstructed_sensitivity,False,False,True
GSE290642_human,f4_vs_f0_reconstructed_label_sensitivity,RAM2019_ENDO_1,endothelial,standardized_mean,sensitivity,20,primary,0.9625,positive_case_higher,3,3,-0.665756010556989,-0.130257202305491,0.535498808251498,0.8216271232541246,0.6517540537496,0.5214032429996801,0.8000000000000002,-1.0465967570003205,2.0894032429996803,0.8370479881064106,-1.1192108136888843,2.162017299688245,0.6,exact_20_allocations,results/sensitivity/gse290642_sensitivity_effects.csv,reconstructed broad lineage; no author processed labels,unresolved,,,,scRNA-seq,reconstructed broad labels; sensitivity only,advanced_f3f4_vs_f0_reconstructed_sensitivity,True,False,True
GSE290642_human,f4_vs_f0_reconstructed_label_sensitivity,RAM2019_ENDO_2,endothelial,singscore,sensitivity,20,primary,0.9555555555555556,positive_case_higher,3,3,0.6493007810572696,0.746898259478623,0.0975974784213533,0.060661688585602,1.608881663154328,1.2871053305234623,0.7999999999999997,-0.2808946694765368,2.855105330523462,0.934744180591356,-0.5449932634355952,3.1192039244825205,0.2,exact_20_allocations,results/sensitivity/gse290642_sensitivity_effects.csv,reconstructed broad lineage; no author processed labels,unresolved,,,,scRNA-seq,reconstructed broad labels; sensitivity only,advanced_f3f4_vs_f0_reconstructed_sensitivity,True,False,True
GSE290642_human,f4_vs_f0_reconstructed_label_sensitivity,RAM2019_ENDO_2,endothelial,standardized_mean,sensitivity,20,primary,0.9555555555555556,positive_case_higher,3,3,-0.2801601217121945,0.5180138586336877,0.7981739803458823,0.2788232472018238,2.8626521940192844,2.290121755215428,0.7999999999999996,0.7221217552154284,3.8581217552154254,1.149890809329538,0.0363357689295327,4.5439077415013225,0.1,exact_20_allocations,results/sensitivity/gse290642_sensitivity_effects.csv,reconstructed broad lineage; no author processed labels,unresolved,,,,scRNA-seq,reconstructed broad labels; sensitivity only,advanced_f3f4_vs_f0_reconstructed_sensitivity,True,False,True
GSE290642_human,f4_vs_f0_reconstructed_label_sensitivity,RAM2019_ENDO_3,endothelial,singscore,sensitivity,20,primary,0.9743589743589745,positive_case_higher,3,3,0.8627203296663293,0.909828347324252,0.0471080176579228,0.0414760277569781,1.1357890378014102,0.908631230241128,0.8000000000000002,-0.6593687697588722,2.4766312302411286,0.8774212248047427,-0.8111143703761676,2.628376830858424,0.3,exact_20_allocations,results/sensitivity/gse290642_sensitivity_effects.csv,reconstructed broad lineage; no author processed labels,unresolved,,,,scRNA-seq,reconstructed broad labels; sensitivity only,advanced_f3f4_vs_f0_reconstructed_sensitivity,True,False,True
GSE290642_human,f4_vs_f0_reconstructed_label_sensitivity,RAM2019_ENDO_3,endothelial,standardized_mean,sensitivity,20,primary,0.9743589743589745,positive_case_higher,3,3,-0.7136547680308157,0.2132190440267127,0.9268738120575284,0.3879793121394012,2.3889774095081187,1.911181927606495,0.8,0.3431819276064949,3.479181927606496,1.059831926164652,-0.1660886476762229,3.9884525028892126,0.1,exact_20_allocations,results/sensitivity/gse290642_sensitivity_effects.csv,reconstructed broad lineage; no author processed labels,unresolved,,,,scRNA-seq,reconstructed broad labels; sensitivity only,advanced_f3f4_vs_f0_reconstructed_sensitivity,True,False,True
GSE290642_human,f4_vs_f0_reconstructed_label_sensitivity,RAM2019_ENDO_4,endothelial,singscore,sensitivity,20,primary,0.9659090909090908,positive_case_higher,3,3,0.7266168315755138,0.8095938893117322,0.0829770577362183,0.0575835582688163,1.4409852435456996,1.1527881948365597,0.8000000000000003,-0.4152118051634408,2.72078819483656,0.9125687614837488,-0.635846577671588,2.941422967344708,0.2,exact_20_allocations,results/sensitivity/gse290642_sensitivity_effects.csv,reconstructed broad lineage; no author processed labels,unresolved,,,,scRNA-seq,reconstructed broad labels; sensitivity only,advanced_f3f4_vs_f0_reconstructed_sensitivity,True,False,True
GSE290642_human,f4_vs_f0_reconstructed_label_sensitivity,RAM2019_ENDO_4,endothelial,standardized_mean,sensitivity,20,primary,0.9659090909090908,positive_case_higher,3,3,-0.5820465544817474,0.2278530043768278,0.8098995588585751,0.3709369833252407,2.183388541089332,1.7467108328714656,0.8000000000000003,0.178710832871465,3.314710832871466,1.023738984495307,-0.2598175767393365,3.753239242482268,0.1,exact_20_allocations,results/sensitivity/gse290642_sensitivity_effects.csv,reconstructed broad lineage; no author processed labels,unresolved,,,,scRNA-seq,reconstructed broad labels; sensitivity only,advanced_f3f4_vs_f0_reconstructed_sensitivity,True,False,True
GSE290642_human,f4_vs_f0_reconstructed_label_sensitivity,RAM2019_ENDO_5,endothelial,singscore,sensitivity,20,primary,0.94,positive_case_higher,3,3,0.9408486166646708,0.9584770388516908,0.0176284221870197,0.0426192848153736,0.4136254811263477,0.3309003849010782,0.8000000000000002,-1.2370996150989222,1.8989003849010784,0.8248354682951181,-1.285777132957353,1.9475779027595097,0.9,exact_20_allocations,results/sensitivity/gse290642_sensitivity_effects.csv,reconstructed broad lineage; no author processed labels,unresolved,,,,scRNA-seq,reconstructed broad labels; sensitivity only,advanced_f3f4_vs_f0_reconstructed_sensitivity,True,False,True
GSE290642_human,f4_vs_f0_reconstructed_label_sensitivity,RAM2019_ENDO_5,endothelial,standardized_mean,sensitivity,20,primary,0.94,positive_case_higher,3,3,-0.0546741752348251,0.2436600716772166,0.2983342469120418,0.8054883793762811,0.3703768478237425,0.296301478258994,0.8000000000000002,-1.2716985217410062,1.8643014782589944,0.8231895209603769,-1.3171499828233446,1.9097529393413328,0.7,exact_20_allocations,results/sensitivity/gse290642_sensitivity_effects.csv,reconstructed broad lineage; no author processed labels,unresolved,,,,scRNA-seq,reconstructed broad labels; sensitivity only,advanced_f3f4_vs_f0_reconstructed_sensitivity,True,False,True
GSE290642_human,f4_vs_f0_reconstructed_label_sensitivity,RAM2019_ENDO_6_SAENDO1,endothelial,singscore,sensitivity,20,primary,1.0,positive_case_higher,3,3,0.8793426365157586,0.9266299758976956,0.047287339381937,0.0285503898059223,1.656276488810952,1.3250211910487617,0.8,-0.2429788089512383,2.8930211910487618,0.9413430890263664,-0.5200112634429164,3.17005364554044,0.2,exact_20_allocations,results/sensitivity/gse290642_sensitivity_effects.csv,reconstructed broad lineage; no author processed labels,unresolved,,,,scRNA-seq,reconstructed broad labels; sensitivity only,advanced_f3f4_vs_f0_reconstructed_sensitivity,True,False,True
GSE290642_human,f4_vs_f0_reconstructed_label_sensitivity,RAM2019_ENDO_6_SAENDO1,endothelial,standardized_mean,sensitivity,20,primary,1.0,positive_case_higher,3,3,-0.2968469329773834,0.8309611161185381,1.1278080490959217,0.3744854989023693,3.011620082490692,2.409296065992554,0.7999999999999999,0.8412960659925541,3.9772960659925536,1.179938603643243,0.0966164028517977,4.721975729133311,0.1,exact_20_allocations,results/sensitivity/gse290642_sensitivity_effects.csv,reconstructed broad lineage; no author processed labels,unresolved,,,,scRNA-seq,reconstructed broad labels; sensitivity only,advanced_f3f4_vs_f0_reconstructed_sensitivity,True,False,True
GSE290642_human,f4_vs_f0_reconstructed_label_sensitivity,RAM2019_ENDO_7_SAENDO2,endothelial,singscore,sensitivity,20,primary,1.0,positive_case_higher,3,3,0.9609198679702624,0.8806175269036961,-0.0803023410665663,0.0110888796065328,-7.241700146086671,-5.793360116869337,0.8,-7.361360116869337,-4.2253601168693375,2.205004387100671,-10.115168715586652,-1.4715515181520225,0.1,exact_20_allocations,results/sensitivity/gse290642_sensitivity_effects.csv,reconstructed broad lineage; no author processed labels,unresolved,,,,scRNA-seq,reconstructed broad labels; sensitivity only,advanced_f3f4_vs_f0_reconstructed_sensitivity,False,False,True
GSE290642_human,f4_vs_f0_reconstructed_label_sensitivity,RAM2019_ENDO_7_SAENDO2,endothelial,standardized_mean,sensitivity,20,primary,1.0,positive_case_higher,3,3,0.9328369034831028,0.3478093344805377,-0.5850275690025651,0.4488648959263436,-1.3033489014444228,-1.0426791211555384,0.7999999999999998,-2.6106791211555382,0.5253208788444612,0.8958594395207193,-2.7985636226161485,0.7132053803050715,0.3,exact_20_allocations,results/sensitivity/gse290642_sensitivity_effects.csv,reconstructed broad lineage; no author processed labels,unresolved,,,,scRNA-seq,reconstructed broad labels; sensitivity only,advanced_f3f4_vs_f0_reconstructed_sensitivity,False,False,True
GSE244832,mash_f2f4_group_vs_normal_sensitivity,RAM2019_ENDO_1,endothelial,singscore,sensitivity,30,primary,0.95,positive_case_higher,5,9,0.7901639837316342,0.7610693169166342,-0.029094666815,0.0577356110231479,-0.5039293132852639,-0.4717636124372683,0.4163682411179518,-1.2878453650284538,0.3443181401539172,0.5660251603906596,-1.5811729268029613,0.6376457019284245,0.4090909090909091,exact_2002_allocations,results/sensitivity/gse244832_sensitivity_effects.csv,,,MASH group spans F2-F4; donor-level stage unavailable,,,snRNA-seq,author cluster mapping; mixed-stage MASH sensitivity,mash_f2f4_group_vs_normal_sensitivity,False,False,False
GSE244832,mash_f2f4_group_vs_normal_sensitivity,RAM2019_ENDO_1,endothelial,standardized_mean,sensitivity,30,primary,0.95,positive_case_higher,5,9,0.1978276953594218,-0.1589818245938077,-0.3568095199532295,0.5934225189051442,-0.601273980319348,-0.5628947900861981,0.4107856781747929,-1.3680347193087925,0.2422451391363959,0.5694850455811246,-1.6790854794252024,0.553295899252806,0.3796203796203796,exact_2002_allocations,results/sensitivity/gse244832_sensitivity_effects.csv,,,MASH group spans F2-F4; donor-level stage unavailable,,,snRNA-seq,author cluster mapping; mixed-stage MASH sensitivity,mash_f2f4_group_vs_normal_sensitivity,False,False,False
GSE244832,mash_f2f4_group_vs_normal_sensitivity,RAM2019_ENDO_2,endothelial,singscore,sensitivity,30,primary,0.9555555555555556,positive_case_higher,5,9,0.294380565719918,0.4278354051696142,0.1334548394496961,0.0960274472780994,1.3897572332960746,1.3010493247878143,0.4602059401382897,0.3990456821167667,2.2030529674588624,0.6177713982600919,0.0902173841980344,2.5118812653775944,0.0304695304695304,exact_2002_allocations,results/sensitivity/gse244832_sensitivity_effects.csv,,,MASH group spans F2-F4; donor-level stage unavailable,,,snRNA-seq,author cluster mapping; mixed-stage MASH sensitivity,mash_f2f4_group_vs_normal_sensitivity,True,False,False
GSE244832,mash_f2f4_group_vs_normal_sensitivity,RAM2019_ENDO_2,endothelial,standardized_mean,sensitivity,30,primary,0.9555555555555556,positive_case_higher,5,9,-0.2615490039454131,0.1935202730957866,0.4550692770411997,0.3916017833184605,1.162071513528134,1.0878967360688914,0.5081937151464947,0.0918370543817618,2.083956417756021,0.6003535755083559,-0.0887962719274861,2.264589744065269,0.0594405594405594,exact_2002_allocations,results/sensitivity/gse244832_sensitivity_effects.csv,,,MASH group spans F2-F4; donor-level stage unavailable,,,snRNA-seq,author cluster mapping; mixed-stage MASH sensitivity,mash_f2f4_group_vs_normal_sensitivity,True,False,False
GSE244832,mash_f2f4_group_vs_normal_sensitivity,RAM2019_ENDO_3,endothelial,singscore,sensitivity,30,primary,0.9743589743589745,positive_case_higher,5,9,0.5867409577621987,0.6176284291220406,0.0308874713598419,0.0358373633574409,0.8618790130225554,0.8068654589998392,0.4822974974250413,-0.1384376359532418,1.75216855395292,0.5815818420334926,-0.3330349513858064,1.9467658693854848,0.1468531468531468,exact_2002_allocations,results/sensitivity/gse244832_sensitivity_effects.csv,,,MASH group spans F2-F4; donor-level stage unavailable,,,snRNA-seq,author cluster mapping; mixed-stage MASH sensitivity,mash_f2f4_group_vs_normal_sensitivity,True,False,False
GSE244832,mash_f2f4_group_vs_normal_sensitivity,RAM2019_ENDO_3,endothelial,standardized_mean,sensitivity,30,primary,0.9743589743589745,positive_case_higher,5,9,0.008124999981732,0.0676732512184956,0.0595482512367635,0.3015314194833145,0.1974860574689089,0.1848805644389786,0.4477518050574656,-0.692712973473654,1.062474102351611,0.5590485775618379,-0.9108546475822236,1.2806157764601809,0.7017982017982018,exact_2002_allocations,results/sensitivity/gse244832_sensitivity_effects.csv,,,MASH group spans F2-F4; donor-level stage unavailable,,,snRNA-seq,author cluster mapping; mixed-stage MASH sensitivity,mash_f2f4_group_vs_normal_sensitivity,True,False,False
GSE244832,mash_f2f4_group_vs_normal_sensitivity,RAM2019_ENDO_4,endothelial,singscore,sensitivity,30,primary,0.9772727272727272,positive_case_higher,5,9,0.5538624172529081,0.5823168099319954,0.0284543926790873,0.0518074139537334,0.5492339900327492,0.5141765013072546,0.4795587968467696,-0.4257587405124138,1.4541117431269228,0.5675621897335436,-0.5982453905704908,1.626598393185,0.3406593406593406,exact_2002_allocations,results/sensitivity/gse244832_sensitivity_effects.csv,,,MASH group spans F2-F4; donor-level stage unavailable,,,snRNA-seq,author cluster mapping; mixed-stage MASH sensitivity,mash_f2f4_group_vs_normal_sensitivity,True,False,False
GSE244832,mash_f2f4_group_vs_normal_sensitivity,RAM2019_ENDO_4,endothelial,standardized_mean,sensitivity,30,primary,0.9772727272727272,positive_case_higher,5,9,-0.0338008555257033,0.0338993886663644,0.0677002441920677,0.3764612206163084,0.1798332483787705,0.1683545303971469,0.4514073364934269,-0.7164038491299698,1.0531129099242635,0.5588309939273497,-0.9269542177004584,1.2636632784947524,0.7512487512487512,exact_2002_allocations,results/sensitivity/gse244832_sensitivity_effects.csv,,,MASH group spans F2-F4; donor-level stage unavailable,,,snRNA-seq,author cluster mapping; mixed-stage MASH sensitivity,mash_f2f4_group_vs_normal_sensitivity,True,False,False
GSE244832,mash_f2f4_group_vs_normal_sensitivity,RAM2019_ENDO_5,endothelial,singscore,sensitivity,30,primary,0.96,positive_case_higher,5,9,0.5237427261343548,0.5887980252460768,0.065055299111722,0.0624247271894695,1.04213990257848,0.97562033432879,0.5300378649361872,-0.0632538809461369,2.0144945496037168,0.5922591529974613,-0.1852076055462344,2.136448274203814,0.0869130869130869,exact_2002_allocations,results/sensitivity/gse244832_sensitivity_effects.csv,,,MASH group spans F2-F4; donor-level stage unavailable,,,snRNA-seq,author cluster mapping; mixed-stage MASH sensitivity,mash_f2f4_group_vs_normal_sensitivity,True,False,False
GSE244832,mash_f2f4_group_vs_normal_sensitivity,RAM2019_ENDO_5,endothelial,standardized_mean,sensitivity,30,primary,0.96,positive_case_higher,5,9,-0.1615717709437986,0.1927383957238087,0.3543101666676074,0.450350478482856,0.7867431780270558,0.7365255283657545,0.5381477044692509,-0.3182439723939773,1.7912950291254863,0.5776798609019648,-0.3957269990020965,1.8687780557336056,0.1808191808191808,exact_2002_allocations,results/sensitivity/gse244832_sensitivity_effects.csv,,,MASH group spans F2-F4; donor-level stage unavailable,,,snRNA-seq,author cluster mapping; mixed-stage MASH sensitivity,mash_f2f4_group_vs_normal_sensitivity,True,False,False
GSE244832,mash_f2f4_group_vs_normal_sensitivity,RAM2019_ENDO_6_SAENDO1,endothelial,singscore,sensitivity,30,primary,1.0,positive_case_higher,5,9,0.511467681820411,0.6667633868972695,0.1552957050768585,0.1057632512208221,1.4683333131714915,1.3746099102030986,0.4894864893136864,0.4152163911482733,2.334003429257924,0.6243736552169448,0.150837545977887,2.5983822744283103,0.0244755244755244,exact_2002_allocations,results/sensitivity/gse244832_sensitivity_effects.csv,,,MASH group spans F2-F4; donor-level stage unavailable,,,snRNA-seq,author cluster mapping; mixed-stage MASH sensitivity,mash_f2f4_group_vs_normal_sensitivity,True,False,False
GSE244832,mash_f2f4_group_vs_normal_sensitivity,RAM2019_ENDO_6_SAENDO1,endothelial,standardized_mean,sensitivity,30,primary,1.0,positive_case_higher,5,9,-0.3524294678964411,0.3076883574787349,0.660117825375176,0.5061453088637078,1.304206151504467,1.2209589503446074,0.5194535627616229,0.2028299673318265,2.2390879333573883,0.6109216884174978,0.0235524410463117,2.418365459642903,0.0399600399600399,exact_2002_allocations,results/sensitivity/gse244832_sensitivity_effects.csv,,,MASH group spans F2-F4; donor-level stage unavailable,,,snRNA-seq,author cluster mapping; mixed-stage MASH sensitivity,mash_f2f4_group_vs_normal_sensitivity,True,False,False
GSE244832,mash_f2f4_group_vs_normal_sensitivity,RAM2019_ENDO_7_SAENDO2,endothelial,singscore,sensitivity,30,primary,0.9821428571428572,positive_case_higher,5,9,0.3446742242837287,0.4136416662480394,0.0689674419643106,0.075423567038718,0.9144017536177628,0.8560356842379055,0.5556719503515757,-0.2330813384511827,1.9451527069269936,0.5845034844262881,-0.289591145237619,2.00166251371343,0.1273726273726273,exact_2002_allocations,results/sensitivity/gse244832_sensitivity_effects.csv,,,MASH group spans F2-F4; donor-level stage unavailable,,,snRNA-seq,author cluster mapping; mixed-stage MASH sensitivity,mash_f2f4_group_vs_normal_sensitivity,True,False,False
GSE244832,mash_f2f4_group_vs_normal_sensitivity,RAM2019_ENDO_7_SAENDO2,endothelial,standardized_mean,sensitivity,30,primary,0.9821428571428572,positive_case_higher,5,9,-0.1588926701943725,0.122006280496308,0.2808989506906806,0.6593662899013606,0.4260135147835695,0.3988211627761076,0.6311812390297145,-0.8382940657221327,1.635936391274348,0.5636830147396952,-0.7059975461136949,1.50363987166591,0.4555444555444555,exact_2002_allocations,results/sensitivity/gse244832_sensitivity_effects.csv,,,MASH group spans F2-F4; donor-level stage unavailable,,,snRNA-seq,author cluster mapping; mixed-stage MASH sensitivity,mash_f2f4_group_vs_normal_sensitivity,True,False,False
GSE244832,mash_f2f4_group_vs_normal_sensitivity,RAM2019_MAC_SIG_A_SAM,macrophage_monocyte,singscore,sensitivity,30,primary,0.8787878787878788,positive_case_higher,4,9,0.2109724971351181,0.3629376055714927,0.1519651084363746,0.0911820185258352,1.6666126818997469,1.5503373785113923,0.5239719924732461,0.5233522732638303,2.577322483758955,0.6858303007587366,0.2061099890242688,2.8945647679985163,0.0265734265734265,exact_715_allocations,results/sensitivity/gse244832_sensitivity_effects.csv,,,MASH group spans F2-F4; donor-level stage unavailable,,,snRNA-seq,author cluster mapping; mixed-stage MASH sensitivity,mash_f2f4_group_vs_normal_sensitivity,True,False,False
GSE244832,mash_f2f4_group_vs_normal_sensitivity,RAM2019_MAC_SIG_A_SAM,macrophage_monocyte,standardized_mean,sensitivity,30,primary,0.8787878787878788,positive_case_higher,4,9,-0.30452921025129,0.2042797961017529,0.5088090063530429,0.3424166439008526,1.4859353814015233,1.3822654710711844,0.4507426885947702,0.4988098014254348,2.2657211407169338,0.66929753802571,0.0704422965407927,2.694088645601576,0.0349650349650349,exact_715_allocations,results/sensitivity/gse244832_sensitivity_effects.csv,,,MASH group spans F2-F4; donor-level stage unavailable,,,snRNA-seq,author cluster mapping; mixed-stage MASH sensitivity,mash_f2f4_group_vs_normal_sensitivity,True,False,False
GSE244832,mash_f2f4_group_vs_normal_sensitivity,RAM2019_MAC_SIG_B_SAM,macrophage_monocyte,singscore,sensitivity,30,primary,0.9455081001472754,positive_case_higher,4,9,0.4752847262641995,0.53594777873521,0.0606630524710105,0.0462559149730985,1.31146584185592,1.2199682249822512,0.6219073621794354,0.0010297951105577,2.4389066548539446,0.6547993070195002,-0.0634384167759691,2.5033748667404714,0.0601398601398601,exact_715_allocations,results/sensitivity/gse244832_sensitivity_effects.csv,,,MASH group spans F2-F4; donor-level stage unavailable,,,snRNA-seq,author cluster mapping; mixed-stage MASH sensitivity,mash_f2f4_group_vs_normal_sensitivity,True,False,False
GSE244832,mash_f2f4_group_vs_normal_sensitivity,RAM2019_MAC_SIG_B_SAM,macrophage_monocyte,standardized_mean,sensitivity,30,primary,0.9455081001472754,positive_case_higher,4,9,-0.0438601390628177,0.1250032886207552,0.168863427683573,0.1842019599717345,0.916729809549718,0.8527719158602027,0.5336945450826224,-0.193269392501737,1.8988132242221425,0.6278268574623944,-0.3777687247660903,2.083312556486496,0.1468531468531468,exact_715_allocations,results/sensitivity/gse244832_sensitivity_effects.csv,,,MASH group spans F2-F4; donor-level stage unavailable,,,snRNA-seq,author cluster mapping; mixed-stage MASH sensitivity,mash_f2f4_group_vs_normal_sensitivity,True,False,False
GSE244832,mash_f2f4_group_vs_normal_sensitivity,RAM2019_MAC_SIG_C_KC,macrophage_monocyte,singscore,sensitivity,30,primary,0.9698795180722892,positive_case_higher,4,9,0.7588443687811363,0.7554902886344148,-0.0033540801467214,0.0378005050284756,-0.0887310935183214,-0.0825405521100664,0.6450879664939632,-1.3469129664382342,1.1818318622181014,0.601182826041035,-1.260858891150495,1.0957777869303622,0.8937062937062937,exact_715_allocations,results/sensitivity/gse244832_sensitivity_effects.csv,,,MASH group spans F2-F4; donor-level stage unavailable,,,snRNA-seq,author cluster mapping; mixed-stage MASH sensitivity,mash_f2f4_group_vs_normal_sensitivity,False,False,False
GSE244832,mash_f2f4_group_vs_normal_sensitivity,RAM2019_MAC_SIG_C_KC,macrophage_monocyte,standardized_mean,sensitivity,30,primary,0.9698795180722892,positive_case_higher,4,9,0.1235241636473119,0.0470232382719505,-0.0765009253753614,0.2259765800554758,-0.3385347515064656,-0.3149160479129913,0.5958939590662485,-1.4828682076828383,0.8530361118568557,0.6046643156510133,-1.500058106588977,0.8702260107629947,0.5776223776223777,exact_715_allocations,results/sensitivity/gse244832_sensitivity_effects.csv,,,MASH group spans F2-F4; donor-level stage unavailable,,,snRNA-seq,author cluster mapping; mixed-stage MASH sensitivity,mash_f2f4_group_vs_normal_sensitivity,False,False,False
GSE244832,mash_f2f4_group_vs_normal_sensitivity,RAM2019_MAC_SIG_D_TMO,macrophage_monocyte,singscore,sensitivity,30,primary,0.8,positive_case_higher,4,9,0.1971151033651034,0.2086195211195211,0.0115044177544176,0.033095744205096,0.3476101846546856,0.3233583113066843,0.8895482060550115,-1.4201561725611382,2.0668727951745067,0.6048668163674754,-0.8621806487735675,1.508897271386936,0.5916083916083916,exact_715_allocations,results/sensitivity/gse244832_sensitivity_effects.csv,,,MASH group spans F2-F4; donor-level stage unavailable,,,snRNA-seq,author cluster mapping; mixed-stage MASH sensitivity,mash_f2f4_group_vs_normal_sensitivity,True,False,False
GSE244832,mash_f2f4_group_vs_normal_sensitivity,RAM2019_MAC_SIG_D_TMO,macrophage_monocyte,standardized_mean,sensitivity,30,primary,0.8,positive_case_higher,4,9,0.0302687330101137,0.0043017319536068,-0.0259670010565068,0.1828489237464198,-0.1420134202841613,-0.1321055072410803,0.7253211218586627,-1.5537349060840593,1.2895238916018985,0.6015848881945041,-1.3112118881023085,1.0470008736201477,0.8111888111888111,exact_715_allocations,results/sensitivity/gse244832_sensitivity_effects.csv,,,MASH group spans F2-F4; donor-level stage unavailable,,,snRNA-seq,author cluster mapping; mixed-stage MASH sensitivity,mash_f2f4_group_vs_normal_sensitivity,False,False,False
GSE244832,mash_f2f4_group_vs_normal_sensitivity,RAM2019_MAC_SIG_E_TMO,macrophage_monocyte,singscore,sensitivity,30,primary,0.933085501858736,positive_case_higher,4,9,0.4833151345783884,0.543659098931497,0.0603439643531086,0.0356215715922424,1.694028692609683,1.5758406442880772,0.7030713662858437,0.1978207663678237,2.9538605222083305,0.6884672759317253,0.2264447834618956,2.925236505114259,0.0125874125874125,exact_715_allocations,results/sensitivity/gse244832_sensitivity_effects.csv,,,MASH group spans F2-F4; donor-level stage unavailable,,,snRNA-seq,author cluster mapping; mixed-stage MASH sensitivity,mash_f2f4_group_vs_normal_sensitivity,True,False,False
GSE244832,mash_f2f4_group_vs_normal_sensitivity,RAM2019_MAC_SIG_E_TMO,macrophage_monocyte,standardized_mean,sensitivity,30,primary,0.933085501858736,positive_case_higher,4,9,-0.1658408834674389,0.1120440965240216,0.2778849799914605,0.1724427383266829,1.6114623479535763,1.4990347422823966,0.6364246886889611,0.251642352452033,2.7464271321127605,0.6806263693704931,0.1650070583162302,2.833062426248563,0.0223776223776223,exact_715_allocations,results/sensitivity/gse244832_sensitivity_effects.csv,,,MASH group spans F2-F4; donor-level stage unavailable,,,snRNA-seq,author cluster mapping; mixed-stage MASH sensitivity,mash_f2f4_group_vs_normal_sensitivity,True,False,False
GSE244832,mash_f2f4_group_vs_normal_sensitivity,RAM2019_MAC_SIG_F_CDC1,macrophage_monocyte,singscore,sensitivity,30,primary,0.9384615384615383,positive_case_higher,4,9,0.3354324604451741,0.3796091800372693,0.0441767195920952,0.0420746510599767,1.0499604507503113,0.9767073960468012,0.5646700331614513,-0.1300458689496432,2.0834606610432456,0.6359817672464063,-0.2698168677561551,2.2232316598497577,0.1118881118881118,exact_715_allocations,results/sensitivity/gse244832_sensitivity_effects.csv,,,MASH group spans F2-F4; donor-level stage unavailable,,,snRNA-seq,author cluster mapping; mixed-stage MASH sensitivity,mash_f2f4_group_vs_normal_sensitivity,True,False,False
GSE244832,mash_f2f4_group_vs_normal_sensitivity,RAM2019_MAC_SIG_F_CDC1,macrophage_monocyte,standardized_mean,sensitivity,30,primary,0.9384615384615383,positive_case_higher,4,9,-0.0443850303851634,0.0742776366853824,0.1186626670705459,0.2237896329097528,0.5302420202744547,0.493248390952981,0.4774777054943812,-0.4426079118160061,1.4291046937219682,0.6100573154750651,-0.7024639473781467,1.688960729284109,0.4027972027972028,exact_715_allocations,results/sensitivity/gse244832_sensitivity_effects.csv,,,MASH group spans F2-F4; donor-level stage unavailable,,,snRNA-seq,author cluster mapping; mixed-stage MASH sensitivity,mash_f2f4_group_vs_normal_sensitivity,True,False,False
GSE244832,mash_f2f4_group_vs_normal_sensitivity,RAM2019_MES_HSC,mesenchymal_hsc_myofibroblast,singscore,sensitivity,30,primary,0.8,positive_case_higher,5,9,0.097529048389469,0.202470543053717,0.104941494664248,0.1010792188383663,1.0382103845901085,0.9719416366375484,0.6597903936870657,-0.3212475349891004,2.265130808264197,0.592007080887282,-0.1883922419015244,2.1322755151766213,0.0894105894105894,exact_2002_allocations,results/sensitivity/gse244832_sensitivity_effects.csv,,,MASH group spans F2-F4; donor-level stage unavailable,,,snRNA-seq,author cluster mapping; mixed-stage MASH sensitivity,mash_f2f4_group_vs_normal_sensitivity,True,False,False
GSE244832,mash_f2f4_group_vs_normal_sensitivity,RAM2019_MES_HSC,mesenchymal_hsc_myofibroblast,standardized_mean,sensitivity,30,primary,0.8,positive_case_higher,5,9,-0.0042083766694739,0.2275820576732869,0.2317904343427609,0.4080612064965203,0.5680285963295496,0.5317714518829826,0.6771887962639404,-0.7955185887943406,1.8590614925603053,0.5682373163162994,-0.5819736880969641,1.645516591862929,0.3361638361638361,exact_2002_allocations,results/sensitivity/gse244832_sensitivity_effects.csv,,,MASH group spans F2-F4; donor-level stage unavailable,,,snRNA-seq,author cluster mapping; mixed-stage MASH sensitivity,mash_f2f4_group_vs_normal_sensitivity,True,False,False
GSE244832,mash_f2f4_group_vs_normal_sensitivity,RAM2019_MES_MESOTHELIAL,mesenchymal_hsc_myofibroblast,singscore,sensitivity,30,primary,0.954954954954955,positive_case_higher,5,9,0.2655685040391001,0.3241903654920486,0.0586218614529484,0.033443090275227,1.752884107614079,1.6409978879791378,0.4373461286665104,0.7837994757927774,2.4981963001654983,0.6506260041624866,0.365770919820664,2.916224856137612,0.0124875124875124,exact_2002_allocations,results/sensitivity/gse244832_sensitivity_effects.csv,,,MASH group spans F2-F4; donor-level stage unavailable,,,snRNA-seq,author cluster mapping; mixed-stage MASH sensitivity,mash_f2f4_group_vs_normal_sensitivity,True,False,False
GSE244832,mash_f2f4_group_vs_normal_sensitivity,RAM2019_MES_MESOTHELIAL,mesenchymal_hsc_myofibroblast,standardized_mean,sensitivity,30,primary,0.954954954954955,positive_case_higher,5,9,-0.1244008490237065,0.1314892271277605,0.255890076151467,0.2243586209924855,1.1405404214890305,1.0677399690535605,0.5659301414131318,-0.0414831081161777,2.1769630462232987,0.5988438620994752,-0.1059940006614108,2.241473938768532,0.0679320679320679,exact_2002_allocations,results/sensitivity/gse244832_sensitivity_effects.csv,,,MASH group spans F2-F4; donor-level stage unavailable,,,snRNA-seq,author cluster mapping; mixed-stage MASH sensitivity,mash_f2f4_group_vs_normal_sensitivity,True,False,False
GSE244832,mash_f2f4_group_vs_normal_sensitivity,RAM2019_MES_SAMES,mesenchymal_hsc_myofibroblast,singscore,sensitivity,30,primary,0.9714285714285714,positive_case_higher,5,9,0.5421279190067987,0.6172467730810918,0.075118854074293,0.0551692587823753,1.3616070930119328,1.274696001968618,0.5409197549332024,0.2144932822995413,2.3348987216376944,0.6154780176179272,0.0683590874374806,2.481032916499755,0.0339660339660339,exact_2002_allocations,results/sensitivity/gse244832_sensitivity_effects.csv,,,MASH group spans F2-F4; donor-level stage unavailable,,,snRNA-seq,author cluster mapping; mixed-stage MASH sensitivity,mash_f2f4_group_vs_normal_sensitivity,True,False,False
GSE244832,mash_f2f4_group_vs_normal_sensitivity,RAM2019_MES_SAMES,mesenchymal_hsc_myofibroblast,standardized_mean,sensitivity,30,primary,0.9714285714285714,positive_case_higher,5,9,-0.1943707263798555,0.1534799530669701,0.3478506794468256,0.3361900902779557,1.0346845118463457,0.9686408196008344,0.5904480515105622,-0.1886373613598677,2.1259190005615363,0.5917816216048944,-0.1912511587447587,2.128532797946427,0.0884115884115884,exact_2002_allocations,results/sensitivity/gse244832_sensitivity_effects.csv,,,MASH group spans F2-F4; donor-level stage unavailable,,,snRNA-seq,author cluster mapping; mixed-stage MASH sensitivity,mash_f2f4_group_vs_normal_sensitivity,True,False,False
GSE244832,mash_f2f4_group_vs_normal_sensitivity,RAM2019_MES_VSMC,mesenchymal_hsc_myofibroblast,singscore,sensitivity,30,primary,1.0,positive_case_higher,5,9,0.4751704252771292,0.4633045816171873,-0.0118658436599418,0.0517638133371388,-0.2292304777211709,-0.2145987451006706,0.5544428965928498,-1.3013068224226565,0.8721093322213151,0.5594908134509988,-1.3112007394646283,0.8820032492632872,0.6883116883116883,exact_2002_allocations,results/sensitivity/gse244832_sensitivity_effects.csv,,,MASH group spans F2-F4; donor-level stage unavailable,,,snRNA-seq,author cluster mapping; mixed-stage MASH sensitivity,mash_f2f4_group_vs_normal_sensitivity,False,False,False
GSE244832,mash_f2f4_group_vs_normal_sensitivity,RAM2019_MES_VSMC,mesenchymal_hsc_myofibroblast,standardized_mean,sensitivity,30,primary,1.0,positive_case_higher,5,9,0.1998275459467915,0.0654529047234089,-0.1343746412233827,0.3402761218049598,-0.3948988266076566,-0.3696925185263168,0.5066075494027037,-1.362643315355616,0.6232582783029823,0.5628550444282923,-1.4728884056057696,0.7335033685531358,0.496003996003996,exact_2002_allocations,results/sensitivity/gse244832_sensitivity_effects.csv,,,MASH group spans F2-F4; donor-level stage unavailable,,,snRNA-seq,author cluster mapping; mixed-stage MASH sensitivity,mash_f2f4_group_vs_normal_sensitivity,False,False,False
GSE244832,mash_f2f4_group_vs_normal_sensitivity,RAM2019_SAMES_A,mesenchymal_hsc_myofibroblast,singscore,sensitivity,30,primary,0.8085106382978723,positive_case_higher,5,9,0.6677752200248801,0.715198736108366,0.0474235160834859,0.046105403158925,1.0285891204555218,0.9629344957455948,0.6064230538168154,-0.2256546897353631,2.151523681226553,0.5913934642634113,-0.1961966942106913,2.122065685701881,0.0849150849150849,exact_2002_allocations,results/sensitivity/gse244832_sensitivity_effects.csv,,,MASH group spans F2-F4; donor-level stage unavailable,,,snRNA-seq,author cluster mapping; mixed-stage MASH sensitivity,mash_f2f4_group_vs_normal_sensitivity,True,False,False
GSE244832,mash_f2f4_group_vs_normal_sensitivity,RAM2019_SAMES_A,mesenchymal_hsc_myofibroblast,standardized_mean,sensitivity,30,primary,0.8085106382978723,positive_case_higher,5,9,-0.1705631883096293,0.154826080390883,0.3253892687005123,0.3238294688978372,1.0048167321151589,0.9406794938950424,0.5547925778730507,-0.1467139587361369,2.0280729465262217,0.5898991642963687,-0.2155228681258402,2.096881855915925,0.0984015984015984,exact_2002_allocations,results/sensitivity/gse244832_sensitivity_effects.csv,,,MASH group spans F2-F4; donor-level stage unavailable,,,snRNA-seq,author cluster mapping; mixed-stage MASH sensitivity,mash_f2f4_group_vs_normal_sensitivity,True,False,False
GSE244832,mash_f2f4_group_vs_normal_sensitivity,RAM2019_SAMES_B,mesenchymal_hsc_myofibroblast,singscore,sensitivity,30,primary,1.0,positive_case_higher,5,9,0.4036709737410222,0.4722964839194021,0.0686255101783799,0.0519865665882642,1.320062367686191,1.2358030676211147,0.5221700743911626,0.2123497218144361,2.259256413427793,0.612164053740513,0.0359615222897093,2.43564461295252,0.0384615384615384,exact_2002_allocations,results/sensitivity/gse244832_sensitivity_effects.csv,,,MASH group spans F2-F4; donor-level stage unavailable,,,snRNA-seq,author cluster mapping; mixed-stage MASH sensitivity,mash_f2f4_group_vs_normal_sensitivity,True,False,False
GSE244832,mash_f2f4_group_vs_normal_sensitivity,RAM2019_SAMES_B,mesenchymal_hsc_myofibroblast,standardized_mean,sensitivity,30,primary,1.0,positive_case_higher,5,9,-0.0766743371411789,0.1067793754445927,0.1834537125857717,0.2854168392907065,0.6427571443986108,0.6017300926284866,0.6059261249496583,-0.5858851122728436,1.7893452975298167,0.5711372343492029,-0.517698886695951,1.7211590719529242,0.2647352647352647,exact_2002_allocations,results/sensitivity/gse244832_sensitivity_effects.csv,,,MASH group spans F2-F4; donor-level stage unavailable,,,snRNA-seq,author cluster mapping; mixed-stage MASH sensitivity,mash_f2f4_group_vs_normal_sensitivity,True,False,False
GSE210077_Watson6,mixed_f2f4_fibrosis_vs_healthy_sensitivity,RAM2019_ENDO_1,endothelial,singscore,sensitivity,30,primary,0.9,positive_case_higher,3,3,0.8056430308437866,-0.0361103457023391,-0.8417533765461258,0.0203990538620967,-41.26433423023503,-33.01146738418802,0.7999999999999998,-34.57946738418802,-31.443467384188025,11.699841410199983,-55.94315654817999,-10.079778220196054,0.1,exact_20_allocations,results/sensitivity/gse210077_watson6_sensitivity_effects.csv,,,"case donors are one each F2, F3, F4; not a cirrhosis cohort",,,snRNA-seq,author labels; mixed F2/F3/F4 sensitivity,mixed_f2f4_vs_healthy_sensitivity,False,False,False
GSE210077_Watson6,mixed_f2f4_fibrosis_vs_healthy_sensitivity,RAM2019_ENDO_1,endothelial,standardized_mean,sensitivity,30,primary,0.9,positive_case_higher,3,3,0.7323273971619533,-0.7323273971619529,-1.464654794323906,0.08924719173827,-16.411214356404756,-13.128971485123806,0.7999999999999999,-14.696971485123806,-11.560971485123806,4.713056672565684,-22.366562563352545,-3.891380406895065,0.1,exact_20_allocations,results/sensitivity/gse210077_watson6_sensitivity_effects.csv,,,"case donors are one each F2, F3, F4; not a cirrhosis cohort",,,snRNA-seq,author labels; mixed F2/F3/F4 sensitivity,mixed_f2f4_vs_healthy_sensitivity,False,False,False
GSE210077_Watson6,mixed_f2f4_fibrosis_vs_healthy_sensitivity,RAM2019_ENDO_2,endothelial,singscore,sensitivity,30,primary,0.8222222222222222,positive_case_higher,3,3,0.3533260450985204,0.0269250342366424,-0.326401010861878,0.0366270106954199,-8.91148375651341,-7.129187005210729,0.7999999999999997,-8.697187005210727,-5.561187005210729,2.649496194765121,-12.322199546950364,-1.936174463471092,0.1,exact_20_allocations,results/sensitivity/gse210077_watson6_sensitivity_effects.csv,,,"case donors are one each F2, F3, F4; not a cirrhosis cohort",,,snRNA-seq,author labels; mixed F2/F3/F4 sensitivity,mixed_f2f4_vs_healthy_sensitivity,False,False,False
GSE210077_Watson6,mixed_f2f4_fibrosis_vs_healthy_sensitivity,RAM2019_ENDO_2,endothelial,standardized_mean,sensitivity,30,primary,0.8222222222222222,positive_case_higher,3,3,0.2913901774967534,-0.2913901774967533,-0.5827803549935067,0.1208531404777112,-4.822219370467976,-3.857775496374381,0.8,-5.425775496374381,-2.289775496374381,1.5896448154289031,-6.973479334615031,-0.7420716581337308,0.1,exact_20_allocations,results/sensitivity/gse210077_watson6_sensitivity_effects.csv,,,"case donors are one each F2, F3, F4; not a cirrhosis cohort",,,snRNA-seq,author labels; mixed F2/F3/F4 sensitivity,mixed_f2f4_vs_healthy_sensitivity,False,False,False
GSE210077_Watson6,mixed_f2f4_fibrosis_vs_healthy_sensitivity,RAM2019_ENDO_3,endothelial,singscore,sensitivity,30,primary,0.8974358974358975,positive_case_higher,3,3,0.6228408961163178,0.0319173587441344,-0.5909235373721834,0.0306479794798481,-19.280994943263075,-15.42479595461046,0.7999999999999996,-16.992795954610457,-13.85679595461046,5.514273111375385,-26.23277125290621,-4.616820656314706,0.1,exact_20_allocations,results/sensitivity/gse210077_watson6_sensitivity_effects.csv,,,"case donors are one each F2, F3, F4; not a cirrhosis cohort",,,snRNA-seq,author labels; mixed F2/F3/F4 sensitivity,mixed_f2f4_vs_healthy_sensitivity,False,False,False
GSE210077_Watson6,mixed_f2f4_fibrosis_vs_healthy_sensitivity,RAM2019_ENDO_3,endothelial,standardized_mean,sensitivity,30,primary,0.8974358974358975,positive_case_higher,3,3,0.5725595308711962,-0.5725595308711963,-1.1451190617423923,0.1046899711388544,-10.93819254399808,-8.750554035198466,0.7999999999999997,-10.318554035198463,-7.182554035198466,3.199717355803897,-15.022000052574104,-2.479108017822828,0.1,exact_20_allocations,results/sensitivity/gse210077_watson6_sensitivity_effects.csv,,,"case donors are one each F2, F3, F4; not a cirrhosis cohort",,,snRNA-seq,author labels; mixed F2/F3/F4 sensitivity,mixed_f2f4_vs_healthy_sensitivity,False,False,False
GSE210077_Watson6,mixed_f2f4_fibrosis_vs_healthy_sensitivity,RAM2019_ENDO_4,endothelial,singscore,sensitivity,30,primary,0.8522727272727273,positive_case_higher,3,3,0.6030121298811507,0.0044629913957893,-0.5985491384853614,0.02474834473202,-24.1854210843824,-19.34833686750592,0.8000000000000004,-20.91633686750592,-17.78033686750592,6.889225944108508,-32.8512197179586,-5.845454017053244,0.1,exact_20_allocations,results/sensitivity/gse210077_watson6_sensitivity_effects.csv,,,"case donors are one each F2, F3, F4; not a cirrhosis cohort",,,snRNA-seq,author labels; mixed F2/F3/F4 sensitivity,mixed_f2f4_vs_healthy_sensitivity,False,False,False
GSE210077_Watson6,mixed_f2f4_fibrosis_vs_healthy_sensitivity,RAM2019_ENDO_4,endothelial,standardized_mean,sensitivity,30,primary,0.8522727272727273,positive_case_higher,3,3,0.5055654676274223,-0.5055654676274224,-1.0111309352548448,0.093123956481976,-10.85790352400402,-8.686322819203216,0.7999999999999999,-10.254322819203216,-7.118322819203216,3.1777652810730026,-14.9147427701063,-2.457902868300131,0.1,exact_20_allocations,results/sensitivity/gse210077_watson6_sensitivity_effects.csv,,,"case donors are one each F2, F3, F4; not a cirrhosis cohort",,,snRNA-seq,author labels; mixed F2/F3/F4 sensitivity,mixed_f2f4_vs_healthy_sensitivity,False,False,False
GSE210077_Watson6,mixed_f2f4_fibrosis_vs_healthy_sensitivity,RAM2019_ENDO_5,endothelial,singscore,sensitivity,30,primary,0.9,positive_case_higher,3,3,0.6353304584518459,0.0147469478050265,-0.6205835106468194,0.0459572385416187,-13.50349869444008,-10.802798955552063,0.8,-12.370798955552065,-9.234798955552064,3.90566573402362,-18.45790379423836,-3.147694116865769,0.1,exact_20_allocations,results/sensitivity/gse210077_watson6_sensitivity_effects.csv,,,"case donors are one each F2, F3, F4; not a cirrhosis cohort",,,snRNA-seq,author labels; mixed F2/F3/F4 sensitivity,mixed_f2f4_vs_healthy_sensitivity,False,False,False
GSE210077_Watson6,mixed_f2f4_fibrosis_vs_healthy_sensitivity,RAM2019_ENDO_5,endothelial,standardized_mean,sensitivity,30,primary,0.9,positive_case_higher,3,3,0.4685188089413379,-0.468518808941338,-0.937037617882676,0.2028629467293435,-4.619067370311131,-3.6952538962489054,0.8000000000000002,-5.263253896248906,-2.127253896248905,1.5406262805705042,-6.714881406167094,-0.675626386330717,0.1,exact_20_allocations,results/sensitivity/gse210077_watson6_sensitivity_effects.csv,,,"case donors are one each F2, F3, F4; not a cirrhosis cohort",,,snRNA-seq,author labels; mixed F2/F3/F4 sensitivity,mixed_f2f4_vs_healthy_sensitivity,False,False,False
GSE210077_Watson6,mixed_f2f4_fibrosis_vs_healthy_sensitivity,RAM2019_ENDO_6_SAENDO1,endothelial,singscore,sensitivity,30,primary,1.0,positive_case_higher,3,3,0.5829155321674172,0.2653430114846231,-0.317572520682794,0.0631236623668243,-5.030958419955358,-4.024766735964287,0.8,-5.592766735964286,-2.4567667359642864,1.6405822370525178,-7.240307920587221,-0.8092255513413518,0.1,exact_20_allocations,results/sensitivity/gse210077_watson6_sensitivity_effects.csv,,,"case donors are one each F2, F3, F4; not a cirrhosis cohort",,,snRNA-seq,author labels; mixed F2/F3/F4 sensitivity,mixed_f2f4_vs_healthy_sensitivity,False,False,False
GSE210077_Watson6,mixed_f2f4_fibrosis_vs_healthy_sensitivity,RAM2019_ENDO_6_SAENDO1,endothelial,standardized_mean,sensitivity,30,primary,1.0,positive_case_higher,3,3,0.2176731771833906,-0.2176731771833902,-0.4353463543667809,0.1733681880097871,-2.51110863742894,-2.008886909943152,0.7999999999999998,-3.5768869099431515,-0.4408869099431522,1.0821829761109183,-4.129965543120552,0.1121917232342482,0.1,exact_20_allocations,results/sensitivity/gse210077_watson6_sensitivity_effects.csv,,,"case donors are one each F2, F3, F4; not a cirrhosis cohort",,,snRNA-seq,author labels; mixed F2/F3/F4 sensitivity,mixed_f2f4_vs_healthy_sensitivity,False,False,False
GSE210077_Watson6,mixed_f2f4_fibrosis_vs_healthy_sensitivity,RAM2019_ENDO_7_SAENDO2,endothelial,singscore,sensitivity,30,primary,0.8928571428571429,positive_case_higher,3,3,0.4416749259288392,0.050562940821731,-0.3911119851071082,0.1464790216380694,-2.670088731705861,-2.136070985364689,0.8,-3.704070985364689,-0.568070985364689,1.112212467778201,-4.316007422209963,0.0438654514805847,0.1,exact_20_allocations,results/sensitivity/gse210077_watson6_sensitivity_effects.csv,,,"case donors are one each F2, F3, F4; not a cirrhosis cohort",,,snRNA-seq,author labels; mixed F2/F3/F4 sensitivity,mixed_f2f4_vs_healthy_sensitivity,False,False,False
GSE210077_Watson6,mixed_f2f4_fibrosis_vs_healthy_sensitivity,RAM2019_ENDO_7_SAENDO2,endothelial,standardized_mean,sensitivity,30,primary,0.8928571428571429,positive_case_higher,3,3,0.294764843015139,-0.2947648430151391,-0.5895296860302781,0.5073138877956213,-1.162061004463924,-0.9296488035711392,0.8000000000000003,-2.49764880357114,0.6383511964288612,0.8801690342850759,-2.654780110769888,0.7954825036276093,0.4,exact_20_allocations,results/sensitivity/gse210077_watson6_sensitivity_effects.csv,,,"case donors are one each F2, F3, F4; not a cirrhosis cohort",,,snRNA-seq,author labels; mixed F2/F3/F4 sensitivity,mixed_f2f4_vs_healthy_sensitivity,False,False,False
GSE210077_Watson6,mixed_f2f4_fibrosis_vs_healthy_sensitivity,RAM2019_MAC_SIG_A_SAM,macrophage_monocyte,singscore,sensitivity,30,evaluable_flagged,0.7727272727272727,positive_case_higher,3,3,0.2636085886337491,-0.0908932461873638,-0.3545018348211129,0.0357032786412277,-9.92911150775262,-7.943289206202095,0.8000000000000003,-9.511289206202097,-6.375289206202095,2.924661876753877,-13.675626484639691,-2.210951927764498,0.1,exact_20_allocations,results/sensitivity/gse210077_watson6_sensitivity_effects.csv,,,"case donors are one each F2, F3, F4; not a cirrhosis cohort",,,snRNA-seq,author labels; mixed F2/F3/F4 sensitivity,mixed_f2f4_vs_healthy_sensitivity,False,False,False
GSE210077_Watson6,mixed_f2f4_fibrosis_vs_healthy_sensitivity,RAM2019_MAC_SIG_A_SAM,macrophage_monocyte,standardized_mean,sensitivity,30,evaluable_flagged,0.7727272727272727,positive_case_higher,3,3,0.2494120771996562,-0.2494120771996561,-0.4988241543993124,0.0846792185006373,-5.890750567042111,-4.712600453633689,0.7999999999999996,-6.280600453633689,-3.14460045363369,1.85546275794348,-8.349307459202908,-1.0758934480644693,0.1,exact_20_allocations,results/sensitivity/gse210077_watson6_sensitivity_effects.csv,,,"case donors are one each F2, F3, F4; not a cirrhosis cohort",,,snRNA-seq,author labels; mixed F2/F3/F4 sensitivity,mixed_f2f4_vs_healthy_sensitivity,False,False,False
GSE210077_Watson6,mixed_f2f4_fibrosis_vs_healthy_sensitivity,RAM2019_MAC_SIG_B_SAM,macrophage_monocyte,singscore,sensitivity,30,primary,0.8512518409425626,positive_case_higher,3,3,0.5517529050243564,0.0239033619335284,-0.527849543090828,0.0305882705079762,-17.256599811786856,-13.805279849429484,0.8000000000000002,-15.373279849429483,-12.237279849429486,4.948725657358634,-23.50478213785241,-4.105777561006564,0.1,exact_20_allocations,results/sensitivity/gse210077_watson6_sensitivity_effects.csv,,,"case donors are one each F2, F3, F4; not a cirrhosis cohort",,,snRNA-seq,author labels; mixed F2/F3/F4 sensitivity,mixed_f2f4_vs_healthy_sensitivity,False,False,False
GSE210077_Watson6,mixed_f2f4_fibrosis_vs_healthy_sensitivity,RAM2019_MAC_SIG_B_SAM,macrophage_monocyte,standardized_mean,sensitivity,30,primary,0.8512518409425626,positive_case_higher,3,3,0.450525370165746,-0.4505253701657462,-0.9010507403314922,0.1135669363682195,-7.934093928623767,-6.347275142899014,0.7999999999999998,-7.915275142899014,-4.779275142899015,2.388023112142056,-11.027800442697444,-1.6667498431005852,0.1,exact_20_allocations,results/sensitivity/gse210077_watson6_sensitivity_effects.csv,,,"case donors are one each F2, F3, F4; not a cirrhosis cohort",,,snRNA-seq,author labels; mixed F2/F3/F4 sensitivity,mixed_f2f4_vs_healthy_sensitivity,False,False,False
GSE210077_Watson6,mixed_f2f4_fibrosis_vs_healthy_sensitivity,RAM2019_MAC_SIG_C_KC,macrophage_monocyte,singscore,sensitivity,30,primary,0.8975903614457831,positive_case_higher,3,3,0.7824013382657314,0.016036246977449,-0.7663650912882825,0.0235553795719771,-32.53461014909706,-26.02768811927765,0.8000000000000002,-27.595688119277654,-24.45968811927765,9.238329679707531,-44.13481429150441,-7.920561947050892,0.1,exact_20_allocations,results/sensitivity/gse210077_watson6_sensitivity_effects.csv,,,"case donors are one each F2, F3, F4; not a cirrhosis cohort",,,snRNA-seq,author labels; mixed F2/F3/F4 sensitivity,mixed_f2f4_vs_healthy_sensitivity,False,False,False
GSE210077_Watson6,mixed_f2f4_fibrosis_vs_healthy_sensitivity,RAM2019_MAC_SIG_C_KC,macrophage_monocyte,standardized_mean,sensitivity,30,primary,0.8975903614457831,positive_case_higher,3,3,0.6590217022509558,-0.6590217022509557,-1.3180434045019114,0.0979260599754065,-13.459577612261011,-10.767662089808807,0.8000000000000002,-12.335662089808809,-9.19966208980881,3.8935183352213576,-18.39895802684267,-3.136366152774948,0.1,exact_20_allocations,results/sensitivity/gse210077_watson6_sensitivity_effects.csv,,,"case donors are one each F2, F3, F4; not a cirrhosis cohort",,,snRNA-seq,author labels; mixed F2/F3/F4 sensitivity,mixed_f2f4_vs_healthy_sensitivity,False,False,False
GSE210077_Watson6,mixed_f2f4_fibrosis_vs_healthy_sensitivity,RAM2019_MAC_SIG_D_TMO,macrophage_monocyte,singscore,sensitivity,30,evaluable_flagged,0.7333333333333333,positive_case_higher,3,3,0.1723724888214357,0.1214543170688198,-0.0509181717526159,0.0304139090735782,-1.6741738666158708,-1.3393390932926967,0.8000000000000002,-2.907339093292697,0.2286609067073035,0.9438725112637986,-3.189329215369742,0.5106510287843484,0.2,exact_20_allocations,results/sensitivity/gse210077_watson6_sensitivity_effects.csv,,,"case donors are one each F2, F3, F4; not a cirrhosis cohort",,,snRNA-seq,author labels; mixed F2/F3/F4 sensitivity,mixed_f2f4_vs_healthy_sensitivity,False,False,False
GSE210077_Watson6,mixed_f2f4_fibrosis_vs_healthy_sensitivity,RAM2019_MAC_SIG_D_TMO,macrophage_monocyte,standardized_mean,sensitivity,30,evaluable_flagged,0.7333333333333333,positive_case_higher,3,3,0.007874096388528,-0.007874096388528,-0.0157481927770561,0.1322422661642574,-0.119085926412478,-0.0952687411299824,0.8000000000000003,-1.663268741129983,1.472731258870018,0.8171910323151057,-1.6969631644675895,1.5064256822076247,0.9,exact_20_allocations,results/sensitivity/gse210077_watson6_sensitivity_effects.csv,,,"case donors are one each F2, F3, F4; not a cirrhosis cohort",,,snRNA-seq,author labels; mixed F2/F3/F4 sensitivity,mixed_f2f4_vs_healthy_sensitivity,False,False,False
GSE210077_Watson6,mixed_f2f4_fibrosis_vs_healthy_sensitivity,RAM2019_MAC_SIG_E_TMO,macrophage_monocyte,singscore,sensitivity,30,primary,0.8178438661710037,positive_case_higher,3,3,0.5802864125896277,-0.0098778808036014,-0.5901642933932291,0.0227528533320463,-25.93803444256412,-20.7504275540513,0.7999999999999999,-22.3184275540513,-19.18242755405129,7.381679830916408,-35.21852002264746,-6.28233508545514,0.1,exact_20_allocations,results/sensitivity/gse210077_watson6_sensitivity_effects.csv,,,"case donors are one each F2, F3, F4; not a cirrhosis cohort",,,snRNA-seq,author labels; mixed F2/F3/F4 sensitivity,mixed_f2f4_vs_healthy_sensitivity,False,False,False
GSE210077_Watson6,mixed_f2f4_fibrosis_vs_healthy_sensitivity,RAM2019_MAC_SIG_E_TMO,macrophage_monocyte,standardized_mean,sensitivity,30,primary,0.8178438661710037,positive_case_higher,3,3,0.5310780279685721,-0.5310780279685722,-1.062156055937144,0.112447615477486,-9.445785501336898,-7.556628401069519,0.7999999999999999,-9.124628401069518,-5.988628401069519,2.793652763971925,-13.032187818454492,-2.081068983684545,0.1,exact_20_allocations,results/sensitivity/gse210077_watson6_sensitivity_effects.csv,,,"case donors are one each F2, F3, F4; not a cirrhosis cohort",,,snRNA-seq,author labels; mixed F2/F3/F4 sensitivity,mixed_f2f4_vs_healthy_sensitivity,False,False,False
GSE210077_Watson6,mixed_f2f4_fibrosis_vs_healthy_sensitivity,RAM2019_MAC_SIG_F_CDC1,macrophage_monocyte,singscore,sensitivity,30,primary,0.8153846153846154,positive_case_higher,3,3,0.3679706383263549,0.1173476571893213,-0.2506229811370336,0.0168440509165656,-14.879020633365132,-11.903216506692107,0.8000000000000003,-13.471216506692109,-10.335216506692106,4.28689713747777,-20.305534896148536,-3.5008981172356783,0.1,exact_20_allocations,results/sensitivity/gse210077_watson6_sensitivity_effects.csv,,,"case donors are one each F2, F3, F4; not a cirrhosis cohort",,,snRNA-seq,author labels; mixed F2/F3/F4 sensitivity,mixed_f2f4_vs_healthy_sensitivity,False,False,False
GSE210077_Watson6,mixed_f2f4_fibrosis_vs_healthy_sensitivity,RAM2019_MAC_SIG_F_CDC1,macrophage_monocyte,standardized_mean,sensitivity,30,primary,0.8153846153846154,positive_case_higher,3,3,0.1904188175466334,-0.1904188175466334,-0.3808376350932668,0.077058586315368,-4.942182997423029,-3.953746397938424,0.8000000000000004,-5.521746397938425,-2.385746397938423,1.618851595751769,-7.126695525611892,-0.7807972702649564,0.1,exact_20_allocations,results/sensitivity/gse210077_watson6_sensitivity_effects.csv,,,"case donors are one each F2, F3, F4; not a cirrhosis cohort",,,snRNA-seq,author labels; mixed F2/F3/F4 sensitivity,mixed_f2f4_vs_healthy_sensitivity,False,False,False
GSE210077_Watson6,mixed_f2f4_fibrosis_vs_healthy_sensitivity,RAM2019_MES_HSC,mesenchymal_hsc_myofibroblast,singscore,sensitivity,30,evaluable_flagged,0.6,positive_case_higher,3,3,0.4374959107028358,0.2820982565417851,-0.1553976541610506,0.105679886201643,-1.4704562972801027,-1.1763650378240822,0.8000000000000005,-2.744365037824083,0.3916349621759187,0.9163219982318024,-2.972356154358415,0.6196260787102505,0.3,exact_20_allocations,results/sensitivity/gse210077_watson6_sensitivity_effects.csv,,,"case donors are one each F2, F3, F4; not a cirrhosis cohort",,,snRNA-seq,author labels; mixed F2/F3/F4 sensitivity,mixed_f2f4_vs_healthy_sensitivity,False,False,False
GSE210077_Watson6,mixed_f2f4_fibrosis_vs_healthy_sensitivity,RAM2019_MES_HSC,mesenchymal_hsc_myofibroblast,standardized_mean,sensitivity,30,evaluable_flagged,0.6,positive_case_higher,3,3,0.1885277108821203,-0.1885277108821207,-0.377055421764241,0.3062759174182954,-1.231097191521195,-0.984877753216956,0.8000000000000005,-2.552877753216957,0.5831222467830449,0.8876455882075777,-2.724663106103808,0.7549075996698961,0.4,exact_20_allocations,results/sensitivity/gse210077_watson6_sensitivity_effects.csv,,,"case donors are one each F2, F3, F4; not a cirrhosis cohort",,,snRNA-seq,author labels; mixed F2/F3/F4 sensitivity,mixed_f2f4_vs_healthy_sensitivity,False,False,False
GSE210077_Watson6,mixed_f2f4_fibrosis_vs_healthy_sensitivity,RAM2019_MES_MESOTHELIAL,mesenchymal_hsc_myofibroblast,singscore,sensitivity,30,primary,0.8445945945945946,positive_case_higher,3,3,0.3620132354178009,0.0147501516097189,-0.3472630838080819,0.0783256269111158,-4.433581925902196,-3.546865540721757,0.8000000000000004,-5.114865540721758,-1.9788655407217564,1.496395189166818,-6.47980011148872,-0.6139309699547941,0.1,exact_20_allocations,results/sensitivity/gse210077_watson6_sensitivity_effects.csv,,,"case donors are one each F2, F3, F4; not a cirrhosis cohort",,,snRNA-seq,author labels; mixed F2/F3/F4 sensitivity,mixed_f2f4_vs_healthy_sensitivity,False,False,False
GSE210077_Watson6,mixed_f2f4_fibrosis_vs_healthy_sensitivity,RAM2019_MES_MESOTHELIAL,mesenchymal_hsc_myofibroblast,standardized_mean,sensitivity,30,primary,0.8445945945945946,positive_case_higher,3,3,0.2801724618082735,-0.2801724618082736,-0.5603449236165472,0.1889156237180108,-2.966112132964496,-2.372889706371596,0.8000000000000003,-3.9408897063715966,-0.8048897063715956,1.1706802985837772,-4.667423091595799,-0.078356321147393,0.1,exact_20_allocations,results/sensitivity/gse210077_watson6_sensitivity_effects.csv,,,"case donors are one each F2, F3, F4; not a cirrhosis cohort",,,snRNA-seq,author labels; mixed F2/F3/F4 sensitivity,mixed_f2f4_vs_healthy_sensitivity,False,False,False
GSE210077_Watson6,mixed_f2f4_fibrosis_vs_healthy_sensitivity,RAM2019_MES_SAMES,mesenchymal_hsc_myofibroblast,singscore,sensitivity,30,primary,0.9071428571428573,positive_case_higher,3,3,0.6347704160160381,0.015010402290585,-0.6197600137254531,0.0978800833328366,-6.331829649327003,-5.065463719461603,0.8000000000000004,-6.633463719461603,-3.497463719461602,1.9682560817420045,-8.923245639675931,-1.2076817992472737,0.1,exact_20_allocations,results/sensitivity/gse210077_watson6_sensitivity_effects.csv,,,"case donors are one each F2, F3, F4; not a cirrhosis cohort",,,snRNA-seq,author labels; mixed F2/F3/F4 sensitivity,mixed_f2f4_vs_healthy_sensitivity,False,False,False
GSE210077_Watson6,mixed_f2f4_fibrosis_vs_healthy_sensitivity,RAM2019_MES_SAMES,mesenchymal_hsc_myofibroblast,standardized_mean,sensitivity,30,primary,0.9071428571428573,positive_case_higher,3,3,0.5253094273981985,-0.5253094273981987,-1.0506188547963973,0.294559967311866,-3.566740125565169,-2.8533921004521354,0.8000000000000004,-4.421392100452136,-1.2853921004521347,1.297843394455586,-5.397165153585084,-0.3096190473191869,0.1,exact_20_allocations,results/sensitivity/gse210077_watson6_sensitivity_effects.csv,,,"case donors are one each F2, F3, F4; not a cirrhosis cohort",,,snRNA-seq,author labels; mixed F2/F3/F4 sensitivity,mixed_f2f4_vs_healthy_sensitivity,False,False,False
GSE210077_Watson6,mixed_f2f4_fibrosis_vs_healthy_sensitivity,RAM2019_MES_VSMC,mesenchymal_hsc_myofibroblast,singscore,sensitivity,30,primary,0.9090909090909092,positive_case_higher,3,3,0.4715423999580977,0.0215685889377749,-0.4499738110203227,0.0873798118208183,-5.149631266579539,-4.119705013263632,0.7999999999999999,-5.687705013263631,-2.551705013263632,1.6697792791879271,-7.392472400471969,-0.8469376260552943,0.1,exact_20_allocations,results/sensitivity/gse210077_watson6_sensitivity_effects.csv,,,"case donors are one each F2, F3, F4; not a cirrhosis cohort",,,snRNA-seq,author labels; mixed F2/F3/F4 sensitivity,mixed_f2f4_vs_healthy_sensitivity,False,False,False
GSE210077_Watson6,mixed_f2f4_fibrosis_vs_healthy_sensitivity,RAM2019_MES_VSMC,mesenchymal_hsc_myofibroblast,standardized_mean,sensitivity,30,primary,0.9090909090909092,positive_case_higher,3,3,0.4146312599130027,-0.4146312599130028,-0.8292625198260055,0.3247687043542829,-2.5533941808671985,-2.0427153446937587,0.7999999999999999,-3.610715344693759,-0.4747153446937588,1.0900699124815731,-4.179252373157642,0.0938216837701246,0.1,exact_20_allocations,results/sensitivity/gse210077_watson6_sensitivity_effects.csv,,,"case donors are one each F2, F3, F4; not a cirrhosis cohort",,,snRNA-seq,author labels; mixed F2/F3/F4 sensitivity,mixed_f2f4_vs_healthy_sensitivity,False,False,False
GSE210077_Watson6,mixed_f2f4_fibrosis_vs_healthy_sensitivity,RAM2019_SAMES_A,mesenchymal_hsc_myofibroblast,singscore,sensitivity,30,primary,0.8085106382978723,positive_case_higher,3,3,0.7334661640341912,-0.0529433103948644,-0.7864094744290556,0.0584457083288052,-13.455384439946457,-10.764307551957163,0.8,-12.332307551957165,-9.196307551957164,3.892358706595131,-18.39333061688362,-3.1352844870307086,0.1,exact_20_allocations,results/sensitivity/gse210077_watson6_sensitivity_effects.csv,,,"case donors are one each F2, F3, F4; not a cirrhosis cohort",,,snRNA-seq,author labels; mixed F2/F3/F4 sensitivity,mixed_f2f4_vs_healthy_sensitivity,False,False,False
GSE210077_Watson6,mixed_f2f4_fibrosis_vs_healthy_sensitivity,RAM2019_SAMES_A,mesenchymal_hsc_myofibroblast,standardized_mean,sensitivity,30,primary,0.8085106382978723,positive_case_higher,3,3,0.7031677429762714,-0.7031677429762713,-1.4063354859525423,0.1828344530568593,-7.691851631022676,-6.153481304818141,0.8000000000000003,-7.721481304818141,-4.58548130481814,2.323754115167946,-10.708039370547317,-1.5989232390889665,0.1,exact_20_allocations,results/sensitivity/gse210077_watson6_sensitivity_effects.csv,,,"case donors are one each F2, F3, F4; not a cirrhosis cohort",,,snRNA-seq,author labels; mixed F2/F3/F4 sensitivity,mixed_f2f4_vs_healthy_sensitivity,False,False,False
GSE210077_Watson6,mixed_f2f4_fibrosis_vs_healthy_sensitivity,RAM2019_SAMES_B,mesenchymal_hsc_myofibroblast,singscore,sensitivity,30,primary,0.864406779661017,positive_case_higher,3,3,0.5013587316276887,0.0481058605021817,-0.4532528711255069,0.0706103030066329,-6.419075571491735,-5.135260457193389,0.7999999999999998,-6.703260457193388,-3.567260457193389,1.990735834325696,-9.037102692471752,-1.2334182219150254,0.1,exact_20_allocations,results/sensitivity/gse210077_watson6_sensitivity_effects.csv,,,"case donors are one each F2, F3, F4; not a cirrhosis cohort",,,snRNA-seq,author labels; mixed F2/F3/F4 sensitivity,mixed_f2f4_vs_healthy_sensitivity,False,False,False
GSE210077_Watson6,mixed_f2f4_fibrosis_vs_healthy_sensitivity,RAM2019_SAMES_B,mesenchymal_hsc_myofibroblast,standardized_mean,sensitivity,30,primary,0.864406779661017,positive_case_higher,3,3,0.2435642961138359,-0.2435642961138359,-0.4871285922276719,0.1660047722117214,-2.934425232103515,-2.347540185682812,0.8000000000000003,-3.9155401856828127,-0.7795401856828117,1.1642743585990067,-4.629517928536865,-0.0655624428287589,0.1,exact_20_allocations,results/sensitivity/gse210077_watson6_sensitivity_effects.csv,,,"case donors are one each F2, F3, F4; not a cirrhosis cohort",,,snRNA-seq,author labels; mixed F2/F3/F4 sensitivity,mixed_f2f4_vs_healthy_sensitivity,False,False,False
GSE181483_human,cirrhosis_vs_healthy_directional,RAM2019_ENDO_1,endothelial,singscore,directional,30,primary,1.0,positive_case_higher,2,2,0.9461723868374032,0.8913977814175105,-0.0547746054198928,0.0576822461674473,-0.9495921025836302,-0.5426240586192173,,,,,,,,,results/sensitivity/gse181483_directional_effects.csv,,,two donors per group; no standalone inferential claim,not estimated: n=2 per group directional display only,not tested: frozen no standalone p-value boundary,scRNA-seq,reconstructed broad labels; 2+2 directional only,clinical_cirrhosis_vs_healthy_directional,False,False,False
GSE181483_human,cirrhosis_vs_healthy_directional,RAM2019_ENDO_1,endothelial,standardized_mean,directional,30,primary,1.0,positive_case_higher,2,2,0.2609630274764834,-0.2609630274764833,-0.5219260549529667,0.8561527626030437,-0.6096179066993893,-0.3483530895425081,,,,,,,,,results/sensitivity/gse181483_directional_effects.csv,,,two donors per group; no standalone inferential claim,not estimated: n=2 per group directional display only,not tested: frozen no standalone p-value boundary,scRNA-seq,reconstructed broad labels; 2+2 directional only,clinical_cirrhosis_vs_healthy_directional,False,False,False
GSE181483_human,cirrhosis_vs_healthy_directional,RAM2019_ENDO_2,endothelial,singscore,directional,30,primary,0.9777777777777776,positive_case_higher,2,2,0.7718446437843453,0.7525528968889273,-0.0192917468954179,0.0479262480128459,-0.4025298807085216,-0.2300170746905837,,,,,,,,,results/sensitivity/gse181483_directional_effects.csv,,,two donors per group; no standalone inferential claim,not estimated: n=2 per group directional display only,not tested: frozen no standalone p-value boundary,scRNA-seq,reconstructed broad labels; 2+2 directional only,clinical_cirrhosis_vs_healthy_directional,False,False,False
GSE181483_human,cirrhosis_vs_healthy_directional,RAM2019_ENDO_2,endothelial,standardized_mean,directional,30,primary,0.9777777777777776,positive_case_higher,2,2,-0.1902248442987676,0.1902248442987677,0.3804496885975353,0.1204490745974809,3.1585937033466585,1.8049106876266616,,,,,,,,,results/sensitivity/gse181483_directional_effects.csv,,,two donors per group; no standalone inferential claim,not estimated: n=2 per group directional display only,not tested: frozen no standalone p-value boundary,scRNA-seq,reconstructed broad labels; 2+2 directional only,clinical_cirrhosis_vs_healthy_directional,True,False,False
GSE181483_human,cirrhosis_vs_healthy_directional,RAM2019_ENDO_3,endothelial,singscore,directional,30,primary,1.0,positive_case_higher,2,2,0.925908639212824,0.8806675315107545,-0.0452411077020695,0.0058205830052412,-7.772607599845434,-4.4414900570545335,,,,,,,,,results/sensitivity/gse181483_directional_effects.csv,,,two donors per group; no standalone inferential claim,not estimated: n=2 per group directional display only,not tested: frozen no standalone p-value boundary,scRNA-seq,reconstructed broad labels; 2+2 directional only,clinical_cirrhosis_vs_healthy_directional,False,False,False
GSE181483_human,cirrhosis_vs_healthy_directional,RAM2019_ENDO_3,endothelial,standardized_mean,directional,30,primary,1.0,positive_case_higher,2,2,0.1226899540309775,-0.1226899540309778,-0.2453799080619553,0.1792387846529371,-1.3690112245354056,-0.782292128305946,,,,,,,,,results/sensitivity/gse181483_directional_effects.csv,,,two donors per group; no standalone inferential claim,not estimated: n=2 per group directional display only,not tested: frozen no standalone p-value boundary,scRNA-seq,reconstructed broad labels; 2+2 directional only,clinical_cirrhosis_vs_healthy_directional,False,False,False
GSE181483_human,cirrhosis_vs_healthy_directional,RAM2019_ENDO_4,endothelial,singscore,directional,30,primary,1.0,positive_case_higher,2,2,0.8392664206102488,0.8222554915893115,-0.0170109290209372,0.0287532957281978,-0.591616668285262,-0.3380666675915783,,,,,,,,,results/sensitivity/gse181483_directional_effects.csv,,,two donors per group; no standalone inferential claim,not estimated: n=2 per group directional display only,not tested: frozen no standalone p-value boundary,scRNA-seq,reconstructed broad labels; 2+2 directional only,clinical_cirrhosis_vs_healthy_directional,False,False,False
GSE181483_human,cirrhosis_vs_healthy_directional,RAM2019_ENDO_4,endothelial,standardized_mean,directional,30,primary,1.0,positive_case_higher,2,2,0.0751475412735789,-0.0751475412735789,-0.1502950825471578,0.1860030907141433,-0.8080246514727925,-0.4617283722701671,,,,,,,,,results/sensitivity/gse181483_directional_effects.csv,,,two donors per group; no standalone inferential claim,not estimated: n=2 per group directional display only,not tested: frozen no standalone p-value boundary,scRNA-seq,reconstructed broad labels; 2+2 directional only,clinical_cirrhosis_vs_healthy_directional,False,False,False
GSE181483_human,cirrhosis_vs_healthy_directional,RAM2019_ENDO_5,endothelial,singscore,directional,30,primary,1.0,positive_case_higher,2,2,0.9458806902707526,0.978414757512645,0.0325340672418923,0.0316419171464996,1.0281951972524952,0.5875401127157115,,,,,,,,,results/sensitivity/gse181483_directional_effects.csv,,,two donors per group; no standalone inferential claim,not estimated: n=2 per group directional display only,not tested: frozen no standalone p-value boundary,scRNA-seq,reconstructed broad labels; 2+2 directional only,clinical_cirrhosis_vs_healthy_directional,True,False,False
GSE181483_human,cirrhosis_vs_healthy_directional,RAM2019_ENDO_5,endothelial,standardized_mean,directional,30,primary,1.0,positive_case_higher,2,2,-0.4075349117719911,0.4075349117719911,0.8150698235439822,0.8951681777592395,0.9105214459077876,0.5202979690901643,,,,,,,,,results/sensitivity/gse181483_directional_effects.csv,,,two donors per group; no standalone inferential claim,not estimated: n=2 per group directional display only,not tested: frozen no standalone p-value boundary,scRNA-seq,reconstructed broad labels; 2+2 directional only,clinical_cirrhosis_vs_healthy_directional,True,False,False
GSE181483_human,cirrhosis_vs_healthy_directional,RAM2019_ENDO_6_SAENDO1,endothelial,singscore,directional,30,primary,1.0,positive_case_higher,2,2,0.8997773517990173,0.950798214851799,0.0510208630527817,0.009486985325669,5.377984818289341,3.073134181879623,,,,,,,,,results/sensitivity/gse181483_directional_effects.csv,,,two donors per group; no standalone inferential claim,not estimated: n=2 per group directional display only,not tested: frozen no standalone p-value boundary,scRNA-seq,reconstructed broad labels; 2+2 directional only,clinical_cirrhosis_vs_healthy_directional,True,False,False
GSE181483_human,cirrhosis_vs_healthy_directional,RAM2019_ENDO_6_SAENDO1,endothelial,standardized_mean,directional,30,primary,1.0,positive_case_higher,2,2,-0.5869380640733186,0.5869380640733197,1.1738761281466383,0.4339655370897077,2.7049985029202426,1.5457134302401383,,,,,,,,,results/sensitivity/gse181483_directional_effects.csv,,,two donors per group; no standalone inferential claim,not estimated: n=2 per group directional display only,not tested: frozen no standalone p-value boundary,scRNA-seq,reconstructed broad labels; 2+2 directional only,clinical_cirrhosis_vs_healthy_directional,True,False,False
GSE181483_human,cirrhosis_vs_healthy_directional,RAM2019_ENDO_7_SAENDO2,endothelial,singscore,directional,30,primary,1.0,positive_case_higher,2,2,0.979399773836448,0.9769253128879214,-0.0024744609485266,0.0058758791010775,-0.4211218280636333,-0.2406410446077904,,,,,,,,,results/sensitivity/gse181483_directional_effects.csv,,,two donors per group; no standalone inferential claim,not estimated: n=2 per group directional display only,not tested: frozen no standalone p-value boundary,scRNA-seq,reconstructed broad labels; 2+2 directional only,clinical_cirrhosis_vs_healthy_directional,False,False,False
GSE181483_human,cirrhosis_vs_healthy_directional,RAM2019_ENDO_7_SAENDO2,endothelial,standardized_mean,directional,30,primary,1.0,positive_case_higher,2,2,-0.2314298158124591,0.2314298158124598,0.462859631624919,0.7477106401106849,0.6190357697148742,0.3537347255513566,,,,,,,,,results/sensitivity/gse181483_directional_effects.csv,,,two donors per group; no standalone inferential claim,not estimated: n=2 per group directional display only,not tested: frozen no standalone p-value boundary,scRNA-seq,reconstructed broad labels; 2+2 directional only,clinical_cirrhosis_vs_healthy_directional,True,False,False
GSE181483_human,cirrhosis_vs_healthy_directional,RAM2019_MAC_SIG_A_SAM,macrophage_monocyte,singscore,directional,30,primary,1.0,positive_case_higher,2,2,0.5642974214370892,0.621772737195134,0.0574753157580448,0.0016193941983438,35.49186221416811,20.28106412238177,,,,,,,,,results/sensitivity/gse181483_directional_effects.csv,,,two donors per group; no standalone inferential claim,not estimated: n=2 per group directional display only,not tested: frozen no standalone p-value boundary,scRNA-seq,reconstructed broad labels; 2+2 directional only,clinical_cirrhosis_vs_healthy_directional,True,False,False
GSE181483_human,cirrhosis_vs_healthy_directional,RAM2019_MAC_SIG_A_SAM,macrophage_monocyte,standardized_mean,directional,30,primary,1.0,positive_case_higher,2,2,-0.2590599450984932,0.259059945098493,0.5181198901969863,0.1244468298467363,4.163383597919543,2.37907634166831,,,,,,,,,results/sensitivity/gse181483_directional_effects.csv,,,two donors per group; no standalone inferential claim,not estimated: n=2 per group directional display only,not tested: frozen no standalone p-value boundary,scRNA-seq,reconstructed broad labels; 2+2 directional only,clinical_cirrhosis_vs_healthy_directional,True,False,False
GSE181483_human,cirrhosis_vs_healthy_directional,RAM2019_MAC_SIG_B_SAM,macrophage_monocyte,singscore,directional,30,primary,1.0,positive_case_higher,2,2,0.946702834527971,0.954072097296703,0.0073692627687319,0.0003692088392528,19.95960547327303,11.405488841870302,,,,,,,,,results/sensitivity/gse181483_directional_effects.csv,,,two donors per group; no standalone inferential claim,not estimated: n=2 per group directional display only,not tested: frozen no standalone p-value boundary,scRNA-seq,reconstructed broad labels; 2+2 directional only,clinical_cirrhosis_vs_healthy_directional,True,False,False
GSE181483_human,cirrhosis_vs_healthy_directional,RAM2019_MAC_SIG_B_SAM,macrophage_monocyte,standardized_mean,directional,30,primary,1.0,positive_case_higher,2,2,-0.2344220743097165,0.234422074309717,0.4688441486194336,0.2499350250794373,1.8758641309693185,1.071922360553896,,,,,,,,,results/sensitivity/gse181483_directional_effects.csv,,,two donors per group; no standalone inferential claim,not estimated: n=2 per group directional display only,not tested: frozen no standalone p-value boundary,scRNA-seq,reconstructed broad labels; 2+2 directional only,clinical_cirrhosis_vs_healthy_directional,True,False,False
GSE181483_human,cirrhosis_vs_healthy_directional,RAM2019_MAC_SIG_C_KC,macrophage_monocyte,singscore,directional,30,primary,1.0,positive_case_higher,2,2,0.9542109116976788,0.927178032220095,-0.0270328794775839,0.0064615382102712,-4.183660081838205,-2.390662903907545,,,,,,,,,results/sensitivity/gse181483_directional_effects.csv,,,two donors per group; no standalone inferential claim,not estimated: n=2 per group directional display only,not tested: frozen no standalone p-value boundary,scRNA-seq,reconstructed broad labels; 2+2 directional only,clinical_cirrhosis_vs_healthy_directional,False,False,False
GSE181483_human,cirrhosis_vs_healthy_directional,RAM2019_MAC_SIG_C_KC,macrophage_monocyte,standardized_mean,directional,30,primary,1.0,positive_case_higher,2,2,0.4573373822331407,-0.4573373822331408,-0.9146747644662816,0.2186828255638677,-4.182654774593376,-2.3900884426247857,,,,,,,,,results/sensitivity/gse181483_directional_effects.csv,,,two donors per group; no standalone inferential claim,not estimated: n=2 per group directional display only,not tested: frozen no standalone p-value boundary,scRNA-seq,reconstructed broad labels; 2+2 directional only,clinical_cirrhosis_vs_healthy_directional,False,False,False
GSE181483_human,cirrhosis_vs_healthy_directional,RAM2019_MAC_SIG_D_TMO,macrophage_monocyte,singscore,directional,30,primary,1.0,positive_case_higher,2,2,0.2725117057160261,0.2739720790260844,0.0014603733100583,0.0406199223506585,0.0359521443062199,0.0205440824606971,,,,,,,,,results/sensitivity/gse181483_directional_effects.csv,,,two donors per group; no standalone inferential claim,not estimated: n=2 per group directional display only,not tested: frozen no standalone p-value boundary,scRNA-seq,reconstructed broad labels; 2+2 directional only,clinical_cirrhosis_vs_healthy_directional,True,False,False
GSE181483_human,cirrhosis_vs_healthy_directional,RAM2019_MAC_SIG_D_TMO,macrophage_monocyte,standardized_mean,directional,30,primary,1.0,positive_case_higher,2,2,0.012301702920511,-0.012301702920511,-0.0246034058410221,0.1934999057958974,-0.1271494460931348,-0.0726568263389341,,,,,,,,,results/sensitivity/gse181483_directional_effects.csv,,,two donors per group; no standalone inferential claim,not estimated: n=2 per group directional display only,not tested: frozen no standalone p-value boundary,scRNA-seq,reconstructed broad labels; 2+2 directional only,clinical_cirrhosis_vs_healthy_directional,False,False,False
GSE181483_human,cirrhosis_vs_healthy_directional,RAM2019_MAC_SIG_E_TMO,macrophage_monocyte,singscore,directional,30,primary,1.0,positive_case_higher,2,2,0.79100438768811,0.7717637334994103,-0.0192406541886996,0.0224090607593874,-0.8586104699028728,-0.490634554230213,,,,,,,,,results/sensitivity/gse181483_directional_effects.csv,,,two donors per group; no standalone inferential claim,not estimated: n=2 per group directional display only,not tested: frozen no standalone p-value boundary,scRNA-seq,reconstructed broad labels; 2+2 directional only,clinical_cirrhosis_vs_healthy_directional,False,False,False
GSE181483_human,cirrhosis_vs_healthy_directional,RAM2019_MAC_SIG_E_TMO,macrophage_monocyte,standardized_mean,directional,30,primary,1.0,positive_case_higher,2,2,0.134537490066548,-0.1345374900665477,-0.2690749801330958,0.3278893671164116,-0.8206273429951306,-0.4689299102829317,,,,,,,,,results/sensitivity/gse181483_directional_effects.csv,,,two donors per group; no standalone inferential claim,not estimated: n=2 per group directional display only,not tested: frozen no standalone p-value boundary,scRNA-seq,reconstructed broad labels; 2+2 directional only,clinical_cirrhosis_vs_healthy_directional,False,False,False
GSE181483_human,cirrhosis_vs_healthy_directional,RAM2019_MAC_SIG_F_CDC1,macrophage_monocyte,singscore,directional,30,primary,1.0,positive_case_higher,2,2,0.639280323017275,0.6966187570258552,0.0573384340085801,0.0291635276709225,1.9661007631031324,1.123486150344647,,,,,,,,,results/sensitivity/gse181483_directional_effects.csv,,,two donors per group; no standalone inferential claim,not estimated: n=2 per group directional display only,not tested: frozen no standalone p-value boundary,scRNA-seq,reconstructed broad labels; 2+2 directional only,clinical_cirrhosis_vs_healthy_directional,True,False,False
GSE181483_human,cirrhosis_vs_healthy_directional,RAM2019_MAC_SIG_F_CDC1,macrophage_monocyte,standardized_mean,directional,30,primary,1.0,positive_case_higher,2,2,-0.3315672135690293,0.3315672135690294,0.6631344271380588,0.2340614247090288,2.8331641062273625,1.618950917844207,,,,,,,,,results/sensitivity/gse181483_directional_effects.csv,,,two donors per group; no standalone inferential claim,not estimated: n=2 per group directional display only,not tested: frozen no standalone p-value boundary,scRNA-seq,reconstructed broad labels; 2+2 directional only,clinical_cirrhosis_vs_healthy_directional,True,False,False
GSE181483_human,cirrhosis_vs_healthy_directional,RAM2019_MES_HSC,mesenchymal_hsc_myofibroblast,singscore,directional,20,primary,1.0,positive_case_higher,2,2,0.9483197147526372,0.9640439756351212,0.0157242608824839,0.0162310308490058,0.9687777091155616,0.5535872623517495,,,,,,,,,results/sensitivity/gse181483_directional_effects.csv,,,two donors per group; no standalone inferential claim,not estimated: n=2 per group directional display only,not tested: frozen no standalone p-value boundary,scRNA-seq,reconstructed broad labels; 2+2 directional only,clinical_cirrhosis_vs_healthy_directional,True,False,False
GSE181483_human,cirrhosis_vs_healthy_directional,RAM2019_MES_HSC,mesenchymal_hsc_myofibroblast,standardized_mean,directional,20,primary,1.0,positive_case_higher,2,2,-0.1545529467152412,0.1545529467152405,0.3091058934304818,0.4052616347022946,0.7627316946928645,0.4358466826816368,,,,,,,,,results/sensitivity/gse181483_directional_effects.csv,,,two donors per group; no standalone inferential claim,not estimated: n=2 per group directional display only,not tested: frozen no standalone p-value boundary,scRNA-seq,reconstructed broad labels; 2+2 directional only,clinical_cirrhosis_vs_healthy_directional,True,False,False
GSE181483_human,cirrhosis_vs_healthy_directional,RAM2019_MES_MESOTHELIAL,mesenchymal_hsc_myofibroblast,singscore,directional,20,primary,1.0,positive_case_higher,2,2,0.6279528602844173,0.6680131630908365,0.0400603028064191,0.0710676325679359,0.5636926594976149,0.3221100911414942,,,,,,,,,results/sensitivity/gse181483_directional_effects.csv,,,two donors per group; no standalone inferential claim,not estimated: n=2 per group directional display only,not tested: frozen no standalone p-value boundary,scRNA-seq,reconstructed broad labels; 2+2 directional only,clinical_cirrhosis_vs_healthy_directional,True,False,False
GSE181483_human,cirrhosis_vs_healthy_directional,RAM2019_MES_MESOTHELIAL,mesenchymal_hsc_myofibroblast,standardized_mean,directional,20,primary,1.0,positive_case_higher,2,2,-0.0246687528169214,0.0246687528169213,0.0493375056338427,0.201575232831016,0.2447597601199511,0.1398627200685435,,,,,,,,,results/sensitivity/gse181483_directional_effects.csv,,,two donors per group; no standalone inferential claim,not estimated: n=2 per group directional display only,not tested: frozen no standalone p-value boundary,scRNA-seq,reconstructed broad labels; 2+2 directional only,clinical_cirrhosis_vs_healthy_directional,True,False,False
GSE181483_human,cirrhosis_vs_healthy_directional,RAM2019_MES_SAMES,mesenchymal_hsc_myofibroblast,singscore,directional,20,primary,1.0,positive_case_higher,2,2,0.7111225707466757,0.7726476730310263,0.0615251022843506,0.1128791865281691,0.5450526724782601,0.3114586699875771,,,,,,,,,results/sensitivity/gse181483_directional_effects.csv,,,two donors per group; no standalone inferential claim,not estimated: n=2 per group directional display only,not tested: frozen no standalone p-value boundary,scRNA-seq,reconstructed broad labels; 2+2 directional only,clinical_cirrhosis_vs_healthy_directional,True,False,False
GSE181483_human,cirrhosis_vs_healthy_directional,RAM2019_MES_SAMES,mesenchymal_hsc_myofibroblast,standardized_mean,directional,20,primary,1.0,positive_case_higher,2,2,-0.0229128663041624,0.022912866304162,0.0458257326083245,0.46678232821018,0.098173666479701,0.0560992379884005,,,,,,,,,results/sensitivity/gse181483_directional_effects.csv,,,two donors per group; no standalone inferential claim,not estimated: n=2 per group directional display only,not tested: frozen no standalone p-value boundary,scRNA-seq,reconstructed broad labels; 2+2 directional only,clinical_cirrhosis_vs_healthy_directional,True,False,False
GSE181483_human,cirrhosis_vs_healthy_directional,RAM2019_MES_VSMC,mesenchymal_hsc_myofibroblast,singscore,directional,20,primary,1.0,positive_case_higher,2,2,0.9492430097995233,0.92887305482436,-0.0203699549751633,0.061219373956247,-0.3327370676760203,-0.1901354672434401,,,,,,,,,results/sensitivity/gse181483_directional_effects.csv,,,two donors per group; no standalone inferential claim,not estimated: n=2 per group directional display only,not tested: frozen no standalone p-value boundary,scRNA-seq,reconstructed broad labels; 2+2 directional only,clinical_cirrhosis_vs_healthy_directional,False,False,False
GSE181483_human,cirrhosis_vs_healthy_directional,RAM2019_MES_VSMC,mesenchymal_hsc_myofibroblast,standardized_mean,directional,20,primary,1.0,positive_case_higher,2,2,-0.1332228629332595,0.1332228629332597,0.2664457258665192,0.9299784542746192,0.2865074181469572,0.1637185246554041,,,,,,,,,results/sensitivity/gse181483_directional_effects.csv,,,two donors per group; no standalone inferential claim,not estimated: n=2 per group directional display only,not tested: frozen no standalone p-value boundary,scRNA-seq,reconstructed broad labels; 2+2 directional only,clinical_cirrhosis_vs_healthy_directional,True,False,False
GSE181483_human,cirrhosis_vs_healthy_directional,RAM2019_SAMES_A,mesenchymal_hsc_myofibroblast,singscore,directional,20,primary,0.851063829787234,positive_case_higher,2,2,0.7663436942296253,0.8254747917906008,0.0591310975609754,0.076830889546965,0.7696266164513156,0.4397866379721803,,,,,,,,,results/sensitivity/gse181483_directional_effects.csv,,,two donors per group; no standalone inferential claim,not estimated: n=2 per group directional display only,not tested: frozen no standalone p-value boundary,scRNA-seq,reconstructed broad labels; 2+2 directional only,clinical_cirrhosis_vs_healthy_directional,True,False,False
GSE181483_human,cirrhosis_vs_healthy_directional,RAM2019_SAMES_A,mesenchymal_hsc_myofibroblast,standardized_mean,directional,20,primary,0.851063829787234,positive_case_higher,2,2,-0.1524846725087985,0.1524846725087979,0.3049693450175965,0.1489883761759877,2.046933813530267,1.1696764648744382,,,,,,,,,results/sensitivity/gse181483_directional_effects.csv,,,two donors per group; no standalone inferential claim,not estimated: n=2 per group directional display only,not tested: frozen no standalone p-value boundary,scRNA-seq,reconstructed broad labels; 2+2 directional only,clinical_cirrhosis_vs_healthy_directional,True,False,False
GSE181483_human,cirrhosis_vs_healthy_directional,RAM2019_SAMES_B,mesenchymal_hsc_myofibroblast,singscore,directional,20,primary,1.0,positive_case_higher,2,2,0.6143453660327906,0.5846612716832984,-0.0296840943494921,0.1051182652676543,-0.28238759718789,-0.1613643412502228,,,,,,,,,results/sensitivity/gse181483_directional_effects.csv,,,two donors per group; no standalone inferential claim,not estimated: n=2 per group directional display only,not tested: frozen no standalone p-value boundary,scRNA-seq,reconstructed broad labels; 2+2 directional only,clinical_cirrhosis_vs_healthy_directional,False,False,False
GSE181483_human,cirrhosis_vs_healthy_directional,RAM2019_SAMES_B,mesenchymal_hsc_myofibroblast,standardized_mean,directional,20,primary,1.0,positive_case_higher,2,2,-0.0105101573922116,0.0105101573922114,0.021020314784423,0.2409386802153595,0.0872434212955525,0.0498533835974586,,,,,,,,,results/sensitivity/gse181483_directional_effects.csv,,,two donors per group; no standalone inferential claim,not estimated: n=2 per group directional display only,not tested: frozen no standalone p-value boundary,scRNA-seq,reconstructed broad labels; 2+2 directional only,clinical_cirrhosis_vs_healthy_directional,True,False,False
GSE256398_human,alcohol_cirrhosis_vs_healthy,RAM2019_ENDO_1,endothelial,singscore,post_lock_external,30,primary,0.9625,positive_case_higher,6,4,0.8470662236679103,0.7404447280350795,-0.1066214956328307,0.054631362854397,-1.9516535935044728,-1.7627838909072662,0.8222780510527162,-3.37444887097059,-0.1511189108439423,0.7815878754460701,-3.2946961267815635,-0.2308716550329688,0.0095238095238095,exact_210_allocations,results/phase3/gse256398_program_effects.csv,,,,,,snRNA-seq,post-lock reconstructed broad labels,,,False,
GSE256398_human,alcohol_cirrhosis_vs_healthy,RAM2019_ENDO_1,endothelial,standardized_mean,post_lock_external,30,primary,0.9625,positive_case_higher,6,4,0.5013351128391863,-0.3044804819864937,-0.80581559482568,0.2357985064857768,-3.417390579928402,-3.086675362515976,0.8245769705850707,-4.702846224862714,-1.4705045001692374,1.0060514232703823,-5.058536152125926,-1.114814572906026,0.0047619047619047,exact_210_allocations,results/phase3/gse256398_program_effects.csv,,,,,,snRNA-seq,post-lock reconstructed broad labels,,,False,
GSE256398_human,alcohol_cirrhosis_vs_healthy,RAM2019_ENDO_2,endothelial,singscore,post_lock_external,30,primary,0.9555555555555556,positive_case_higher,6,4,0.4445852422676761,0.6078539421906191,0.1632686999229429,0.0645316014215979,2.530058085127558,2.285213754308762,0.6485839452349891,1.0139892216481832,3.5564382869693407,0.8620059661027807,0.5956820607473117,3.974745447870212,0.0047619047619047,exact_210_allocations,results/phase3/gse256398_program_effects.csv,,,,,,snRNA-seq,post-lock reconstructed broad labels,,,False,
GSE256398_human,alcohol_cirrhosis_vs_healthy,RAM2019_ENDO_2,endothelial,standardized_mean,post_lock_external,30,primary,0.9555555555555556,positive_case_higher,6,4,-0.2277356982504049,0.4058623890144243,0.6335980872648292,0.2140936922654607,2.959443038981332,2.6730453255315254,0.6194709656302689,1.4588822328961983,3.887208418166853,0.9291070302652368,0.8519955462116611,4.4940951048513895,0.0095238095238095,exact_210_allocations,results/phase3/gse256398_program_effects.csv,,,,,,snRNA-seq,post-lock reconstructed broad labels,,,False,
GSE256398_human,alcohol_cirrhosis_vs_healthy,RAM2019_ENDO_3,endothelial,singscore,post_lock_external,30,primary,0.9743589743589745,positive_case_higher,6,4,0.7008947785869236,0.6875089067607892,-0.0133858718261343,0.0431901418297935,-0.3099288693907573,-0.2799357529981034,0.7950431009161243,-1.838220230793707,1.2783487247975,0.6492799228988835,-1.5525244018799151,0.9926528958837082,0.6142857142857143,exact_210_allocations,results/phase3/gse256398_program_effects.csv,,,,,,snRNA-seq,post-lock reconstructed broad labels,,,False,
GSE256398_human,alcohol_cirrhosis_vs_healthy,RAM2019_ENDO_3,endothelial,standardized_mean,post_lock_external,30,primary,0.9743589743589745,positive_case_higher,6,4,0.1825094426612972,-0.036262263131322,-0.2187717057926192,0.2750464280622821,-0.795399188907409,-0.7184250738518533,0.7380633028967212,-2.1650291475294265,0.7281789998257201,0.6700187149161259,-2.03166175508746,0.5948116073837534,0.2904761904761905,exact_210_allocations,results/phase3/gse256398_program_effects.csv,,,,,,snRNA-seq,post-lock reconstructed broad labels,,,False,
GSE256398_human,alcohol_cirrhosis_vs_healthy,RAM2019_ENDO_4,endothelial,singscore,post_lock_external,30,primary,0.9659090909090908,positive_case_higher,6,4,0.6745242483015773,0.5925386454285954,-0.0819856028729819,0.072844030471281,-1.125495148230506,-1.0165762629178765,0.8146812982759042,-2.6133516075386485,0.5801990817028959,0.6937260790918642,-2.37627937793793,0.3431268521021775,0.0666666666666666,exact_210_allocations,results/phase3/gse256398_program_effects.csv,,,,,,snRNA-seq,post-lock reconstructed broad labels,,,False,
GSE256398_human,alcohol_cirrhosis_vs_healthy,RAM2019_ENDO_4,endothelial,standardized_mean,post_lock_external,30,primary,0.9659090909090908,positive_case_higher,6,4,0.1321950986594264,-0.2410169851667769,-0.3732120838262034,0.3173548362138985,-1.176008811709606,-1.062201507350612,0.8178419534782736,-2.665171736168028,0.5407687214668042,0.6979854363131699,-2.430252962524425,0.3058499478232011,0.0714285714285714,exact_210_allocations,results/phase3/gse256398_program_effects.csv,,,,,,snRNA-seq,post-lock reconstructed broad labels,,,False,
GSE256398_human,alcohol_cirrhosis_vs_healthy,RAM2019_ENDO_5,endothelial,singscore,post_lock_external,30,primary,0.96,positive_case_higher,6,4,0.6494565919501971,0.6610411309149271,0.0115845389647299,0.0705462360015245,0.1642120064985416,0.1483205219986827,0.7371284343133637,-1.29645120925551,1.5930922532528755,0.6465613681194843,-1.1189397595155064,1.415580803512872,0.7904761904761904,exact_210_allocations,results/phase3/gse256398_program_effects.csv,,,,,,snRNA-seq,post-lock reconstructed broad labels,,,False,
GSE256398_human,alcohol_cirrhosis_vs_healthy,RAM2019_ENDO_5,endothelial,standardized_mean,post_lock_external,30,primary,0.96,positive_case_higher,6,4,-0.2894460958708192,0.0589674400213322,0.3484135358921515,0.3302463063502865,1.0550111513513654,0.9529132979947816,0.6780520338898934,-0.3760686884294095,2.281895284418973,0.6880547952453514,-0.3956741006861071,2.3015006966756704,0.1285714285714285,exact_210_allocations,results/phase3/gse256398_program_effects.csv,,,,,,snRNA-seq,post-lock reconstructed broad labels,,,False,
GSE256398_human,alcohol_cirrhosis_vs_healthy,RAM2019_ENDO_6_SAENDO1,endothelial,singscore,post_lock_external,30,primary,1.0,positive_case_higher,6,4,0.6350781655688867,0.8123343081253929,0.1772561425565061,0.1006936043122982,1.7603515512936787,1.5899949495555807,0.6706018489234353,0.2756153256656475,2.904374573445514,0.7580711793047092,0.1041754381183506,3.075814460992811,0.0380952380952381,exact_210_allocations,results/phase3/gse256398_program_effects.csv,,,,,,snRNA-seq,post-lock reconstructed broad labels,,,False,
GSE256398_human,alcohol_cirrhosis_vs_healthy,RAM2019_ENDO_6_SAENDO1,endothelial,standardized_mean,post_lock_external,30,primary,1.0,positive_case_higher,6,4,-0.5209975078986476,0.4728657268199131,0.9938632347185608,0.4289265023314349,2.3170944889541816,2.0928595384102286,0.7349248432077531,0.6524068457230325,3.5333122310974248,0.830915448247494,0.4642652598451404,3.721453816975317,0.0095238095238095,exact_210_allocations,results/phase3/gse256398_program_effects.csv,,,,,,snRNA-seq,post-lock reconstructed broad labels,,,False,
GSE256398_human,alcohol_cirrhosis_vs_healthy,RAM2019_ENDO_7_SAENDO2,endothelial,singscore,post_lock_external,30,primary,1.0,positive_case_higher,6,4,0.4754185967724071,0.3152304888298184,-0.1601881079425887,0.1875640124236205,-0.8540450050769745,-0.7713954884566221,0.7613147053730546,-2.2635723109878088,0.7207813340745648,0.6736893602710143,-2.09182663458781,0.5490356576745661,0.238095238095238,exact_210_allocations,results/phase3/gse256398_program_effects.csv,,,,,,snRNA-seq,post-lock reconstructed broad labels,,,False,
GSE256398_human,alcohol_cirrhosis_vs_healthy,RAM2019_ENDO_7_SAENDO2,endothelial,standardized_mean,post_lock_external,30,primary,1.0,positive_case_higher,6,4,0.0798083785904984,-0.2302254389038957,-0.3100338174943942,0.597518061629272,-0.5188693654699155,-0.468656201069601,0.6992764924341193,-1.839238126240475,0.9019257241012728,0.6560442678217138,-1.75450296600016,0.8171905638609579,0.4523809523809524,exact_210_allocations,results/phase3/gse256398_program_effects.csv,,,,,,snRNA-seq,post-lock reconstructed broad labels,,,False,
GSE256398_human,alcohol_cirrhosis_vs_healthy,RAM2019_MAC_SIG_A_SAM,macrophage_monocyte,singscore,post_lock_external,30,primary,0.9393939393939394,positive_case_higher,6,4,0.4138782187952363,0.4485949171411191,0.0347166983458828,0.0946443236101586,0.3668122611228272,0.3313143003690052,0.7019680076516103,-1.0445429946281508,1.7071715953661617,0.6507897045271072,-0.9442335205041248,1.606862121242135,0.5952380952380952,exact_210_allocations,results/phase3/gse256398_program_effects.csv,,,,,,snRNA-seq,post-lock reconstructed broad labels,,,False,
GSE256398_human,alcohol_cirrhosis_vs_healthy,RAM2019_MAC_SIG_A_SAM,macrophage_monocyte,standardized_mean,post_lock_external,30,primary,0.9393939393939394,positive_case_higher,6,4,-0.2757112138781851,-0.0074944784194124,0.2682167354587727,0.3150852572990602,0.8512513018157412,0.7688721435755081,0.6886798666785584,-0.5809403951144663,2.1186846822654823,0.6735090496716184,-0.551205593780864,2.0889498809318803,0.2666666666666666,exact_210_allocations,results/phase3/gse256398_program_effects.csv,,,,,,snRNA-seq,post-lock reconstructed broad labels,,,False,
GSE256398_human,alcohol_cirrhosis_vs_healthy,RAM2019_MAC_SIG_B_SAM,macrophage_monocyte,singscore,post_lock_external,30,primary,0.9587628865979382,positive_case_higher,6,4,0.6396692439220143,0.541706917142558,-0.0979623267794562,0.0765391872787707,-1.279897661085142,-1.1560365971091604,0.7336689490557331,-2.594027737258397,0.2819545430400765,0.7072432078377633,-2.5422332844711764,0.2301600902528555,0.0904761904761904,exact_210_allocations,results/phase3/gse256398_program_effects.csv,,,,,,snRNA-seq,post-lock reconstructed broad labels,,,False,
GSE256398_human,alcohol_cirrhosis_vs_healthy,RAM2019_MAC_SIG_B_SAM,macrophage_monocyte,standardized_mean,post_lock_external,30,primary,0.9587628865979382,positive_case_higher,6,4,-0.0107356782188835,-0.0970418048022699,-0.0863061265833864,0.2653618060415255,-0.325239445234559,-0.2937646602118597,0.6142054686066123,-1.49760737868082,0.9100780582571004,0.6496616591665261,-1.5671015121782508,0.9795721917545313,0.6238095238095238,exact_210_allocations,results/phase3/gse256398_program_effects.csv,,,,,,snRNA-seq,post-lock reconstructed broad labels,,,False,
GSE256398_human,alcohol_cirrhosis_vs_healthy,RAM2019_MAC_SIG_C_KC,macrophage_monocyte,singscore,post_lock_external,30,primary,0.9759036144578314,positive_case_higher,6,4,0.8275366291671388,0.7273291464135525,-0.1002074827535862,0.0609155548244751,-1.64502290165999,-1.4858271369832168,0.820331534032589,-3.093676943687091,0.1220226697206574,0.7447461374380538,-2.9455295663618024,-0.0261247076046313,0.0238095238095238,exact_210_allocations,results/phase3/gse256398_program_effects.csv,,,,,,snRNA-seq,post-lock reconstructed broad labels,,,False,
GSE256398_human,alcohol_cirrhosis_vs_healthy,RAM2019_MAC_SIG_C_KC,macrophage_monocyte,standardized_mean,post_lock_external,30,primary,0.9759036144578314,positive_case_higher,6,4,0.1153020781575503,-0.234152907370979,-0.3494549855285294,0.353615112787059,-0.9882354370384764,-0.8925997495831398,0.8028258995396164,-2.466138512680788,0.6809390135145083,0.6829806448402542,-2.2312418134700382,0.4460423143037585,0.1476190476190476,exact_210_allocations,results/phase3/gse256398_program_effects.csv,,,,,,snRNA-seq,post-lock reconstructed broad labels,,,False,
GSE256398_human,alcohol_cirrhosis_vs_healthy,RAM2019_MAC_SIG_D_TMO,macrophage_monocyte,singscore,post_lock_external,30,primary,0.806060606060606,positive_case_higher,6,4,0.3095966143513455,0.2484314715507635,-0.0611651428005819,0.0608552274275297,-1.005092666417546,-0.90782563418359,0.7654873729200811,-2.408180885106949,0.592529616739769,0.6842337890273462,-2.2489238606771886,0.4332725923100088,0.1666666666666666,exact_210_allocations,results/phase3/gse256398_program_effects.csv,,,,,,snRNA-seq,post-lock reconstructed broad labels,,,False,
GSE256398_human,alcohol_cirrhosis_vs_healthy,RAM2019_MAC_SIG_D_TMO,macrophage_monocyte,standardized_mean,post_lock_external,30,primary,0.806060606060606,positive_case_higher,6,4,0.123112378796731,-0.1226539942607492,-0.2457663730574802,0.2111782594285055,-1.163786337299009,-1.051161853044266,0.7080825502087899,-2.4390036514534943,0.336679945364962,0.696940093729463,-2.417164436754013,0.3148407306654812,0.119047619047619,exact_210_allocations,results/phase3/gse256398_program_effects.csv,,,,,,snRNA-seq,post-lock reconstructed broad labels,,,False,
GSE256398_human,alcohol_cirrhosis_vs_healthy,RAM2019_MAC_SIG_E_TMO,macrophage_monocyte,singscore,post_lock_external,30,primary,0.9442379182156134,positive_case_higher,6,4,0.6212272281891799,0.6006460800304328,-0.020581148158747,0.066997577659026,-0.3071924221423588,-0.2774641232253564,0.6257901174340886,-1.5040127533961702,0.9490845069454572,0.6492136111454324,-1.5499228010704038,0.9949945546196912,0.6428571428571429,exact_210_allocations,results/phase3/gse256398_program_effects.csv,,,,,,snRNA-seq,post-lock reconstructed broad labels,,,False,
GSE256398_human,alcohol_cirrhosis_vs_healthy,RAM2019_MAC_SIG_E_TMO,macrophage_monocyte,standardized_mean,post_lock_external,30,primary,0.9442379182156134,positive_case_higher,6,4,-0.0285858279932872,0.0018091343213009,0.0303949623145881,0.413391088121282,0.0735259254202179,0.0664105132827775,0.5408790203941268,-0.9937123666897112,1.126533393255266,0.6457107045216316,-1.1991824675796203,1.3320034941451753,0.9047619047619048,exact_210_allocations,results/phase3/gse256398_program_effects.csv,,,,,,snRNA-seq,post-lock reconstructed broad labels,,,False,
GSE256398_human,alcohol_cirrhosis_vs_healthy,RAM2019_MAC_SIG_F_CDC1,macrophage_monocyte,singscore,post_lock_external,30,primary,0.9384615384615383,positive_case_higher,6,4,0.4990249274341087,0.4637277274731161,-0.0352971999609926,0.0647973286126613,-0.5447323325933465,-0.4920163004068936,0.6741313092460065,-1.8133136665290663,0.8292810657152792,0.6571123717891005,-1.7799565491135303,0.7959239482997433,0.4095238095238095,exact_210_allocations,results/phase3/gse256398_program_effects.csv,,,,,,snRNA-seq,post-lock reconstructed broad labels,,,False,
GSE256398_human,alcohol_cirrhosis_vs_healthy,RAM2019_MAC_SIG_F_CDC1,macrophage_monocyte,standardized_mean,post_lock_external,30,primary,0.9384615384615383,positive_case_higher,6,4,-0.0309748788961262,-0.0185488814550958,0.0124259974410303,0.2508964055743778,0.0495264067756711,0.0447335287006061,0.6768150242254852,-1.281823918781345,1.3712909761825571,0.6455940943840349,-1.2206308962921024,1.3100979536933146,0.938095238095238,exact_210_allocations,results/phase3/gse256398_program_effects.csv,,,,,,snRNA-seq,post-lock reconstructed broad labels,,,False,
GSE256398_human,alcohol_cirrhosis_vs_healthy,RAM2019_MES_HSC,mesenchymal_hsc_myofibroblast,singscore,post_lock_external,30,primary,0.8,positive_case_higher,6,4,0.4136689255039119,0.4836171680738858,0.0699482425699739,0.1667430503358541,0.4194971990081986,0.3789006958783729,0.6679242468386908,-0.930230827925461,1.6880322196822068,0.6524105496159887,-0.8998239813689648,1.657625373125711,0.5095238095238095,exact_210_allocations,results/phase3/gse256398_program_effects.csv,,,,,,snRNA-seq,post-lock reconstructed broad labels,,,False,
GSE256398_human,alcohol_cirrhosis_vs_healthy,RAM2019_MES_HSC,mesenchymal_hsc_myofibroblast,standardized_mean,post_lock_external,30,primary,0.8,positive_case_higher,6,4,-0.1239916857061926,-0.0577627035989857,0.0662289821072068,0.6118824729123068,0.1082380768188772,0.097763424223502,0.7084179749194601,-1.2907358066186396,1.486262655065644,0.6459597681832907,-1.1683177214157476,1.363844569862752,0.8380952380952381,exact_210_allocations,results/phase3/gse256398_program_effects.csv,,,,,,snRNA-seq,post-lock reconstructed broad labels,,,False,
GSE256398_human,alcohol_cirrhosis_vs_healthy,RAM2019_MES_MESOTHELIAL,mesenchymal_hsc_myofibroblast,singscore,post_lock_external,30,primary,0.9594594594594594,positive_case_higher,6,4,0.4286168998943365,0.3380330682551888,-0.0905838316391477,0.0933883659548428,-0.9699691253078444,-0.8761011454393433,0.6686320365281596,-2.186619937034536,0.4344176461558495,0.6816441467009563,-2.2121236729732177,0.4599213820945311,0.1714285714285714,exact_210_allocations,results/phase3/gse256398_program_effects.csv,,,,,,snRNA-seq,post-lock reconstructed broad labels,,,False,
GSE256398_human,alcohol_cirrhosis_vs_healthy,RAM2019_MES_MESOTHELIAL,mesenchymal_hsc_myofibroblast,standardized_mean,post_lock_external,30,primary,0.9594594594594594,positive_case_higher,6,4,0.0466878100530921,-0.235412990421351,-0.2821008004744432,0.3311021181364367,-0.8520054237714011,-0.769553285987072,0.5721542143883318,-1.8909755461882023,0.3518689742140584,0.6735576685889713,-2.089726316421456,0.5506197444473118,0.238095238095238,exact_210_allocations,results/phase3/gse256398_program_effects.csv,,,,,,snRNA-seq,post-lock reconstructed broad labels,,,False,
GSE256398_human,alcohol_cirrhosis_vs_healthy,RAM2019_MES_SAMES,mesenchymal_hsc_myofibroblast,singscore,post_lock_external,30,primary,0.9857142857142858,positive_case_higher,6,4,0.6757749003986703,0.6340093312776462,-0.041765569121024,0.062693477457039,-0.6661868317903411,-0.6017171383912758,0.6150218295007458,-1.8071599242127376,0.603725647430186,0.6627938113254214,-1.9007930085891016,0.69735873180655,0.3047619047619048,exact_210_allocations,results/phase3/gse256398_program_effects.csv,,,,,,snRNA-seq,post-lock reconstructed broad labels,,,False,
GSE256398_human,alcohol_cirrhosis_vs_healthy,RAM2019_MES_SAMES,mesenchymal_hsc_myofibroblast,standardized_mean,post_lock_external,30,primary,0.9857142857142858,positive_case_higher,6,4,-0.071393009893196,0.0241230164306549,0.0955160263238509,0.2595237061529868,0.3680435507789223,0.3324264329616073,0.6175100209080182,-0.8778932080181083,1.542746073941323,0.6508251493295955,-0.9431908597243996,1.6080437256476143,0.5904761904761905,exact_210_allocations,results/phase3/gse256398_program_effects.csv,,,,,,snRNA-seq,post-lock reconstructed broad labels,,,False,
GSE256398_human,alcohol_cirrhosis_vs_healthy,RAM2019_MES_VSMC,mesenchymal_hsc_myofibroblast,singscore,post_lock_external,30,primary,1.0,positive_case_higher,6,4,0.4891362157621488,0.571074685177039,0.0819384694148901,0.0786715514605344,1.0415260395111767,0.940733196977837,0.590566294155012,-0.2167767395659865,2.0982431335216605,0.6870064416802623,-0.4057994287154771,2.2872658226711517,0.1714285714285714,exact_210_allocations,results/phase3/gse256398_program_effects.csv,,,,,,snRNA-seq,post-lock reconstructed broad labels,,,False,
GSE256398_human,alcohol_cirrhosis_vs_healthy,RAM2019_MES_VSMC,mesenchymal_hsc_myofibroblast,standardized_mean,post_lock_external,30,primary,1.0,positive_case_higher,6,4,-0.2740525720779524,0.2881494814434537,0.5622020535214062,0.3551418985391373,1.583034994840099,1.429838059855573,0.5816508621818126,0.2898023699792207,2.5698737497319257,0.7378644668940825,-0.0163762952568282,2.876052414967975,0.0476190476190476,exact_210_allocations,results/phase3/gse256398_program_effects.csv,,,,,,snRNA-seq,post-lock reconstructed broad labels,,,False,
GSE256398_human,alcohol_cirrhosis_vs_healthy,RAM2019_SAMES_A,mesenchymal_hsc_myofibroblast,singscore,post_lock_external,30,primary,0.8297872340425532,positive_case_higher,6,4,0.7468052160082136,0.7629413121932679,0.0161360961850542,0.0463604211348882,0.3480575842507002,0.3143745922264389,0.6769383964454176,-1.0124246648065796,1.6411738492594574,0.6502642756460737,-0.9601433880398657,1.5888925724927434,0.5714285714285714,exact_210_allocations,results/phase3/gse256398_program_effects.csv,,,,,,snRNA-seq,post-lock reconstructed broad labels,,,False,
GSE256398_human,alcohol_cirrhosis_vs_healthy,RAM2019_SAMES_A,mesenchymal_hsc_myofibroblast,standardized_mean,post_lock_external,30,primary,0.8297872340425532,positive_case_higher,6,4,-0.1082654498129681,0.1600498282586926,0.2683152780716608,0.1678095035751,1.5989277863013358,1.444192839239916,0.772943388372613,-0.0707762019704052,2.959161880450237,0.7396096784613201,-0.0054421305442711,2.893827809024104,0.0095238095238095,exact_210_allocations,results/phase3/gse256398_program_effects.csv,,,,,,snRNA-seq,post-lock reconstructed broad labels,,,False,
GSE256398_human,alcohol_cirrhosis_vs_healthy,RAM2019_SAMES_B,mesenchymal_hsc_myofibroblast,singscore,post_lock_external,30,primary,1.0,positive_case_higher,6,4,0.5271083471167146,0.5545375463014928,0.0274291991847781,0.0716196300174148,0.3829843742296428,0.3459213702719354,0.6388784763782072,-0.9062804434293504,1.5981231839732215,0.6512645517125453,-0.9305571510846532,1.6223998916285245,0.5761904761904761,exact_210_allocations,results/phase3/gse256398_program_effects.csv,,,,,,snRNA-seq,post-lock reconstructed broad labels,,,False,
GSE256398_human,alcohol_cirrhosis_vs_healthy,RAM2019_SAMES_B,mesenchymal_hsc_myofibroblast,standardized_mean,post_lock_external,30,primary,1.0,positive_case_higher,6,4,-0.1165272037880779,0.0199028291611405,0.1364300329492185,0.3569292392695072,0.3822327171302546,0.3452424541821655,0.6007878768059953,-0.8323017843575853,1.5227866927219162,0.6512420354040995,-0.9311919352098696,1.6216768435742006,0.5428571428571428,exact_210_allocations,results/phase3/gse256398_program_effects.csv,,,,,,snRNA-seq,post-lock reconstructed broad labels,,,False,
GSE256398_human,mash_cirrhosis_vs_healthy,RAM2019_ENDO_1,endothelial,singscore,post_lock_external,30,primary,0.9625,positive_case_higher,6,4,0.8470662236679103,0.7838691193266268,-0.0631971043412834,0.0272085553916025,-2.3226923822934054,-2.097915700135979,0.7262959444047528,-3.5214557511692943,-0.6743756491026636,0.8317119750679807,-3.728071171269221,-0.4677602290027369,0.0095238095238095,exact_210_allocations,results/phase3/gse256398_program_effects.csv,,,,,,snRNA-seq,post-lock reconstructed broad labels,,,False,
GSE256398_human,mash_cirrhosis_vs_healthy,RAM2019_ENDO_1,endothelial,standardized_mean,post_lock_external,30,primary,0.9625,positive_case_higher,6,4,0.5013351128391863,-0.1809747861898239,-0.6823098990290102,0.1550639558926918,-4.400183750640193,-3.974359516707271,0.7877502248045192,-5.518349957324128,-2.4303690760904133,1.1848575925693643,-6.296680398143225,-1.6520386352713166,0.0047619047619047,exact_210_allocations,results/phase3/gse256398_program_effects.csv,,,,,,snRNA-seq,post-lock reconstructed broad labels,,,False,
GSE256398_human,mash_cirrhosis_vs_healthy,RAM2019_ENDO_2,endothelial,singscore,post_lock_external,30,primary,0.9555555555555556,positive_case_higher,6,4,0.4445852422676761,0.6253600522648306,0.1807748099971544,0.059899376698358,3.0179748097797803,2.725912731413995,0.6097069042528815,1.530887199078347,3.9209382637496426,0.9386581807942512,0.8861426970572623,4.565682765770728,0.0047619047619047,exact_210_allocations,results/phase3/gse256398_program_effects.csv,,,,,,snRNA-seq,post-lock reconstructed broad labels,,,False,
GSE256398_human,mash_cirrhosis_vs_healthy,RAM2019_ENDO_2,endothelial,standardized_mean,post_lock_external,30,primary,0.9555555555555556,positive_case_higher,6,4,-0.2277356982504049,0.3046328223551243,0.5323685206055292,0.2264493168714818,2.350938956056412,2.123428734502565,0.6480632092643777,0.8532248443443853,3.3936326246607456,0.8357487756937575,0.4853611341428008,3.76149633486233,0.0142857142857142,exact_210_allocations,results/phase3/gse256398_program_effects.csv,,,,,,snRNA-seq,post-lock reconstructed broad labels,,,False,
GSE256398_human,mash_cirrhosis_vs_healthy,RAM2019_ENDO_3,endothelial,singscore,post_lock_external,30,primary,0.9743589743589745,positive_case_higher,6,4,0.7008947785869236,0.7397732392683429,0.0388784606814193,0.0270214655518409,1.4387991134985134,1.2995604896115605,0.6981263376226178,-0.0687671321287703,2.6678881113518917,0.7226480874544895,-0.1168297617992388,2.71595074102236,0.0380952380952381,exact_210_allocations,results/phase3/gse256398_program_effects.csv,,,,,,snRNA-seq,post-lock reconstructed broad labels,,,False,
GSE256398_human,mash_cirrhosis_vs_healthy,RAM2019_ENDO_3,endothelial,standardized_mean,post_lock_external,30,primary,0.9743589743589745,positive_case_higher,6,4,0.1825094426612972,0.2345751586323116,0.0520657159710143,0.1910356098686381,0.2725445586130059,0.2461692787472311,0.5925761146114515,-0.9152799058912138,1.407618463385676,0.6484243392864737,-1.0247424262542573,1.5170809837487196,0.6714285714285714,exact_210_allocations,results/phase3/gse256398_program_effects.csv,,,,,,snRNA-seq,post-lock reconstructed broad labels,,,False,
GSE256398_human,mash_cirrhosis_vs_healthy,RAM2019_ENDO_4,endothelial,singscore,post_lock_external,30,primary,0.9659090909090908,positive_case_higher,6,4,0.6745242483015773,0.6939990850102775,0.0194748367087002,0.0420865197022758,0.46273336085918,0.4179527130340981,0.7355532281125897,-1.0237316140665778,1.859637040134774,0.6538994158603079,-0.8636901420521053,1.6995955681203014,0.5,exact_210_allocations,results/phase3/gse256398_program_effects.csv,,,,,,snRNA-seq,post-lock reconstructed broad labels,,,False,
GSE256398_human,mash_cirrhosis_vs_healthy,RAM2019_ENDO_4,endothelial,standardized_mean,post_lock_external,30,primary,0.9659090909090908,positive_case_higher,6,4,0.1321950986594264,0.1347543944923681,0.0025592958329416,0.1698432241699242,0.0150685777748846,0.013610328312799,0.7270416905333599,-1.4113913851325863,1.4386120417581845,0.6455061922487386,-1.2515818084947286,1.2788024651203267,0.9761904761904762,exact_210_allocations,results/phase3/gse256398_program_effects.csv,,,,,,snRNA-seq,post-lock reconstructed broad labels,,,False,
GSE256398_human,mash_cirrhosis_vs_healthy,RAM2019_ENDO_5,endothelial,singscore,post_lock_external,30,primary,0.96,positive_case_higher,6,4,0.6494565919501971,0.730022729552522,0.0805661376023249,0.0509186805776724,1.5822510852265226,1.4291300124626656,0.6133333074552434,0.2269967298503885,2.631263295074943,0.7377787294977153,-0.0169162973528562,2.8751763222781874,0.0238095238095238,exact_210_allocations,results/phase3/gse256398_program_effects.csv,,,,,,snRNA-seq,post-lock reconstructed broad labels,,,False,
GSE256398_human,mash_cirrhosis_vs_healthy,RAM2019_ENDO_5,endothelial,standardized_mean,post_lock_external,30,primary,0.96,positive_case_higher,6,4,-0.2894460958708192,0.2351703827554666,0.5246164786262859,0.2941851395426064,1.783286808578944,1.6107106658132395,0.6250577358958088,0.3855975034574546,2.835823828169025,0.7607995594944504,0.1195435292041169,3.1018778024223623,0.0238095238095238,exact_210_allocations,results/phase3/gse256398_program_effects.csv,,,,,,snRNA-seq,post-lock reconstructed broad labels,,,False,
GSE256398_human,mash_cirrhosis_vs_healthy,RAM2019_ENDO_6_SAENDO1,endothelial,singscore,post_lock_external,30,primary,1.0,positive_case_higher,6,4,0.6350781655688867,0.8238108903404484,0.1887327247715616,0.0808790646201332,2.3335176495671344,2.107693360899347,0.5460787183607038,1.0373790729123678,3.1780076488863265,0.8332555869241837,0.4745124105279472,3.7408743112707463,0.0142857142857142,exact_210_allocations,results/phase3/gse256398_program_effects.csv,,,,,,snRNA-seq,post-lock reconstructed broad labels,,,False,
GSE256398_human,mash_cirrhosis_vs_healthy,RAM2019_ENDO_6_SAENDO1,endothelial,standardized_mean,post_lock_external,30,primary,1.0,positive_case_higher,6,4,-0.5209975078986476,0.4321596840232285,0.9531571919218762,0.2931216565241508,3.251746060746432,2.9370609580935514,0.5735128596718186,1.812975753136787,4.061146163050315,0.9776564369138092,1.0208543417424856,4.853267574444617,0.0047619047619047,exact_210_allocations,results/phase3/gse256398_program_effects.csv,,,,,,snRNA-seq,post-lock reconstructed broad labels,,,False,
GSE256398_human,mash_cirrhosis_vs_healthy,RAM2019_ENDO_7_SAENDO2,endothelial,singscore,post_lock_external,30,primary,1.0,positive_case_higher,6,4,0.4754185967724071,0.5267945097042784,0.0513759129318713,0.133629324570723,0.3844658580510951,0.3472594846913117,0.6621007593860575,-0.9504580037053608,1.6449769730879844,0.6513090576089214,-0.9293062682221742,1.6238252376047977,0.5523809523809524,exact_210_allocations,results/phase3/gse256398_program_effects.csv,,,,,,snRNA-seq,post-lock reconstructed broad labels,,,False,
GSE256398_human,mash_cirrhosis_vs_healthy,RAM2019_ENDO_7_SAENDO2,endothelial,standardized_mean,post_lock_external,30,primary,1.0,positive_case_higher,6,4,0.0798083785904984,0.357722360643451,0.2779139820529525,0.5123633852706324,0.5424157737308986,0.4899239246601664,0.6355757911859357,-0.7558046260642673,1.7356524753846,0.6570146554026158,-0.7978247999289606,1.7776726492492934,0.4809523809523809,exact_210_allocations,results/phase3/gse256398_program_effects.csv,,,,,,snRNA-seq,post-lock reconstructed broad labels,,,False,
GSE256398_human,mash_cirrhosis_vs_healthy,RAM2019_MAC_SIG_A_SAM,macrophage_monocyte,singscore,post_lock_external,30,primary,0.9393939393939394,positive_case_higher,6,4,0.4138782187952363,0.5226595047801333,0.108781285984897,0.0794631020480908,1.3689534284612108,1.2364740644165777,0.6288664772911452,0.0038957689259329,2.469052359907222,0.7156961112546965,-0.1662903136426274,2.6392384424757824,0.0619047619047619,exact_210_allocations,results/phase3/gse256398_program_effects.csv,,,,,,snRNA-seq,post-lock reconstructed broad labels,,,False,
GSE256398_human,mash_cirrhosis_vs_healthy,RAM2019_MAC_SIG_A_SAM,macrophage_monocyte,standardized_mean,post_lock_external,30,primary,0.9393939393939394,positive_case_higher,6,4,-0.2757112138781851,0.1715708860845628,0.447282099962748,0.260397721241146,1.7176882264209,1.551460333541458,0.598190838583897,0.3790062899170199,2.7239143771658965,0.7530643993551962,0.0754541108052735,3.0274665562776426,0.019047619047619,exact_210_allocations,results/phase3/gse256398_program_effects.csv,,,,,,snRNA-seq,post-lock reconstructed broad labels,,,False,
GSE256398_human,mash_cirrhosis_vs_healthy,RAM2019_MAC_SIG_B_SAM,macrophage_monocyte,singscore,post_lock_external,30,primary,0.9587628865979382,positive_case_higher,6,4,0.6396692439220143,0.6056349063920063,-0.0340343375300079,0.0505730101004808,-0.6729743288443173,-0.6078477808916414,0.5450461916799262,-1.676138316584297,0.4604427548010139,0.6631433475973332,-1.9076087421824144,0.6919131803991316,0.3428571428571428,exact_210_allocations,results/phase3/gse256398_program_effects.csv,,,,,,snRNA-seq,post-lock reconstructed broad labels,,,False,
GSE256398_human,mash_cirrhosis_vs_healthy,RAM2019_MAC_SIG_B_SAM,macrophage_monocyte,standardized_mean,post_lock_external,30,primary,0.9587628865979382,positive_case_higher,6,4,-0.0107356782188835,0.0081148948459906,0.0188505730648742,0.2388832595700327,0.0789112351313501,0.0712746639896066,0.543915636168122,-0.9947999828999124,1.1373493108791255,0.6457431157392184,-1.1943818428592614,1.3369311708384748,0.9095238095238096,exact_210_allocations,results/phase3/gse256398_program_effects.csv,,,,,,snRNA-seq,post-lock reconstructed broad labels,,,False,
GSE256398_human,mash_cirrhosis_vs_healthy,RAM2019_MAC_SIG_C_KC,macrophage_monocyte,singscore,post_lock_external,30,primary,0.9759036144578314,positive_case_higher,6,4,0.8275366291671388,0.7967410267771611,-0.0307956023899776,0.0236874661071213,-1.3000800613586685,-1.1742658618723456,0.6162619876889422,-2.3821393577426724,0.0336076339979811,0.7091177168242885,-2.564136586847951,0.2156048631032598,0.0857142857142857,exact_210_allocations,results/phase3/gse256398_program_effects.csv,,,,,,snRNA-seq,post-lock reconstructed broad labels,,,False,
GSE256398_human,mash_cirrhosis_vs_healthy,RAM2019_MAC_SIG_C_KC,macrophage_monocyte,standardized_mean,post_lock_external,30,primary,0.9759036144578314,positive_case_higher,6,4,0.1153020781575503,0.0227727252127717,-0.0925293529447785,0.1568091685366541,-0.5900761658789729,-0.532972020793911,0.5613236547734778,-1.6331663841499275,0.5672223425621055,0.6591057313519495,-1.824819254243732,0.75887521265591,0.4476190476190476,exact_210_allocations,results/phase3/gse256398_program_effects.csv,,,,,,snRNA-seq,post-lock reconstructed broad labels,,,False,
GSE256398_human,mash_cirrhosis_vs_healthy,RAM2019_MAC_SIG_D_TMO,macrophage_monocyte,singscore,post_lock_external,30,primary,0.806060606060606,positive_case_higher,6,4,0.3095966143513455,0.2835974706961431,-0.0259991436552023,0.0435197111382125,-0.5974107588313878,-0.5395968144283503,0.6730431037735716,-1.8587612978245505,0.7795676689678499,0.6594425386646612,-1.8321041902110864,0.7529105613543856,0.3761904761904762,exact_210_allocations,results/phase3/gse256398_program_effects.csv,,,,,,snRNA-seq,post-lock reconstructed broad labels,,,False,
GSE256398_human,mash_cirrhosis_vs_healthy,RAM2019_MAC_SIG_D_TMO,macrophage_monocyte,standardized_mean,post_lock_external,30,primary,0.806060606060606,positive_case_higher,6,4,0.123112378796731,-0.0564937919009133,-0.1796061706976444,0.1607539316905096,-1.1172738906531374,-1.0091506109125112,0.5822095378858315,-2.150281305168741,0.1319800833437185,0.6930481414633006,-2.367524968180581,0.3492237463555578,0.1285714285714285,exact_210_allocations,results/phase3/gse256398_program_effects.csv,,,,,,snRNA-seq,post-lock reconstructed broad labels,,,False,
GSE256398_human,mash_cirrhosis_vs_healthy,RAM2019_MAC_SIG_E_TMO,macrophage_monocyte,singscore,post_lock_external,30,primary,0.9442379182156134,positive_case_higher,6,4,0.6212272281891799,0.6320249978932291,0.0107977697040492,0.0650219506784322,0.1660634538242303,0.1499927970025306,0.6091270202079845,-1.043896162605119,1.3438817566101802,0.6465854789691049,-1.1173147417769151,1.4173003357819762,0.8142857142857143,exact_210_allocations,results/phase3/gse256398_program_effects.csv,,,,,,snRNA-seq,post-lock reconstructed broad labels,,,False,
GSE256398_human,mash_cirrhosis_vs_healthy,RAM2019_MAC_SIG_E_TMO,macrophage_monocyte,standardized_mean,post_lock_external,30,primary,0.9442379182156134,positive_case_higher,6,4,-0.0285858279932872,0.0673282313616345,0.0959140593549218,0.4263149482245194,0.2249840399788386,0.2032113909486284,0.5642539802548936,-0.9027264103509632,1.30914919224822,0.6474933173437942,-1.0658755110452085,1.472298292942465,0.7380952380952381,exact_210_allocations,results/phase3/gse256398_program_effects.csv,,,,,,snRNA-seq,post-lock reconstructed broad labels,,,False,
GSE256398_human,mash_cirrhosis_vs_healthy,RAM2019_MAC_SIG_F_CDC1,macrophage_monocyte,singscore,post_lock_external,30,primary,0.9384615384615383,positive_case_higher,6,4,0.4990249274341087,0.5135998411841711,0.0145749137500624,0.0557271716365295,0.2615405254213273,0.2362301519934569,0.5992975044471296,-0.938392956722917,1.4108532607098307,0.6481932269478715,-1.0342285728243712,1.506688876811285,0.7047619047619048,exact_210_allocations,results/phase3/gse256398_program_effects.csv,,,,,,snRNA-seq,post-lock reconstructed broad labels,,,False,
GSE256398_human,mash_cirrhosis_vs_healthy,RAM2019_MAC_SIG_F_CDC1,macrophage_monocyte,standardized_mean,post_lock_external,30,primary,0.9384615384615383,positive_case_higher,6,4,-0.0309748788961262,0.0875995024840856,0.1185743813802118,0.2047463129845814,0.5791282863742763,0.5230836134993463,0.5693004438430912,-0.5927452564331125,1.6389124834318052,0.6586104279740319,-0.7677928253297562,1.813960052328449,0.3904761904761905,exact_210_allocations,results/phase3/gse256398_program_effects.csv,,,,,,snRNA-seq,post-lock reconstructed broad labels,,,False,
GSE256398_human,mash_cirrhosis_vs_healthy,RAM2019_MES_HSC,mesenchymal_hsc_myofibroblast,singscore,post_lock_external,30,primary,0.8,positive_case_higher,6,4,0.4136689255039119,0.4861173730087165,0.0724484475048046,0.1328136287858613,0.5454895568105816,0.4927002448611705,0.5341691029345146,-0.554271196890478,1.5396716866128188,0.6571443999396614,-0.7953027790205659,1.780703268742907,0.5238095238095238,exact_210_allocations,results/phase3/gse256398_program_effects.csv,,,,,,snRNA-seq,post-lock reconstructed broad labels,,,False,
GSE256398_human,mash_cirrhosis_vs_healthy,RAM2019_MES_HSC,mesenchymal_hsc_myofibroblast,standardized_mean,post_lock_external,30,primary,0.8,positive_case_higher,6,4,-0.1239916857061926,-0.05634476881137,0.0676469168948226,0.4563843187099488,0.1482235785095303,0.1338793612344145,0.5689968672283566,-0.9813544985331646,1.2491132210019935,0.6463643685081581,-1.1329948010415756,1.4007535235104045,0.8523809523809524,exact_210_allocations,results/phase3/gse256398_program_effects.csv,,,,,,snRNA-seq,post-lock reconstructed broad labels,,,False,
GSE256398_human,mash_cirrhosis_vs_healthy,RAM2019_MES_MESOTHELIAL,mesenchymal_hsc_myofibroblast,singscore,post_lock_external,30,primary,0.9594594594594594,positive_case_higher,6,4,0.4286168998943365,0.4626817667117656,0.034064866817429,0.0805010413687536,0.4231605733072084,0.3822095500839301,0.5923676793146521,-0.7788311013727878,1.5432502015406482,0.6525311681656492,-0.8967515395207422,1.6611706396886026,0.5523809523809524,exact_210_allocations,results/phase3/gse256398_program_effects.csv,,,,,,snRNA-seq,post-lock reconstructed broad labels,,,False,
GSE256398_human,mash_cirrhosis_vs_healthy,RAM2019_MES_MESOTHELIAL,mesenchymal_hsc_myofibroblast,standardized_mean,post_lock_external,30,primary,0.9594594594594594,positive_case_higher,6,4,0.0466878100530921,0.06626948761698,0.0195816775638878,0.3375367695081249,0.0580134649994522,0.0523992587091827,0.5851352184604012,-1.0944657694732034,1.199264286891569,0.6456301354577915,-1.2130358067880884,1.317834324206454,0.9333333333333332,exact_210_allocations,results/phase3/gse256398_program_effects.csv,,,,,,snRNA-seq,post-lock reconstructed broad labels,,,False,
GSE256398_human,mash_cirrhosis_vs_healthy,RAM2019_MES_SAMES,mesenchymal_hsc_myofibroblast,singscore,post_lock_external,30,primary,0.9857142857142858,positive_case_higher,6,4,0.6757749003986703,0.7239534457601849,0.0481785453615146,0.0614967144571739,0.7834328351812352,0.7076167543572447,0.6038360500494205,-0.4759019037396195,1.8911354124541089,0.6692994536133353,-0.6042101747248925,2.019443683439382,0.2809523809523809,exact_210_allocations,results/phase3/gse256398_program_effects.csv,,,,,,snRNA-seq,post-lock reconstructed broad labels,,,False,
GSE256398_human,mash_cirrhosis_vs_healthy,RAM2019_MES_SAMES,mesenchymal_hsc_myofibroblast,standardized_mean,post_lock_external,30,primary,0.9857142857142858,positive_case_higher,6,4,-0.071393009893196,0.1547491361537529,0.226142146046949,0.2802413023700846,0.806955092395008,0.7288626640987168,0.6559571141560392,-0.5568132796471199,2.0145386078445533,0.6707229052384331,-0.5857542301686121,2.043479558366045,0.238095238095238,exact_210_allocations,results/phase3/gse256398_program_effects.csv,,,,,,snRNA-seq,post-lock reconstructed broad labels,,,False,
GSE256398_human,mash_cirrhosis_vs_healthy,RAM2019_MES_VSMC,mesenchymal_hsc_myofibroblast,singscore,post_lock_external,30,primary,1.0,positive_case_higher,6,4,0.4891362157621488,0.5491650698736732,0.0600288541115244,0.0781283700553174,0.768336189133627,0.6939810740561793,0.5861028432930363,-0.4547804987981719,1.8427426469105304,0.6684065191658645,-0.6160957035089151,2.004057851621273,0.3,exact_210_allocations,results/phase3/gse256398_program_effects.csv,,,,,,snRNA-seq,post-lock reconstructed broad labels,,,False,
GSE256398_human,mash_cirrhosis_vs_healthy,RAM2019_MES_VSMC,mesenchymal_hsc_myofibroblast,standardized_mean,post_lock_external,30,primary,1.0,positive_case_higher,6,4,-0.2740525720779524,-0.0034535950210093,0.270598977056943,0.3548074613435852,0.7626642800358217,0.6888580593871937,0.5810233181707065,-0.449947644227391,1.8276637630017785,0.6680752246495786,-0.6205693809259804,1.998285499700368,0.3142857142857143,exact_210_allocations,results/phase3/gse256398_program_effects.csv,,,,,,snRNA-seq,post-lock reconstructed broad labels,,,False,
GSE256398_human,mash_cirrhosis_vs_healthy,RAM2019_SAMES_A,mesenchymal_hsc_myofibroblast,singscore,post_lock_external,30,primary,0.8297872340425532,positive_case_higher,6,4,0.7468052160082136,0.8059320381676927,0.059126822159479,0.0403403283510104,1.465700071774405,1.323858129344624,0.6104369394956969,0.1274017279330579,2.52031453075619,0.725399330252763,-0.0979245579507916,2.7456408166400394,0.0619047619047619,exact_210_allocations,results/phase3/gse256398_program_effects.csv,,,,,,snRNA-seq,post-lock reconstructed broad labels,,,False,
GSE256398_human,mash_cirrhosis_vs_healthy,RAM2019_SAMES_A,mesenchymal_hsc_myofibroblast,standardized_mean,post_lock_external,30,primary,0.8297872340425532,positive_case_higher,6,4,-0.1082654498129681,0.1520645404359286,0.2603299902488967,0.1767956710492071,1.4724907499371953,1.3299916451045637,0.7810863695081393,-0.2009376391313895,2.8609209293405167,0.7261002187505958,-0.0931647836466043,2.7531480738557312,0.0428571428571428,exact_210_allocations,results/phase3/gse256398_program_effects.csv,,,,,,snRNA-seq,post-lock reconstructed broad labels,,,False,
GSE256398_human,mash_cirrhosis_vs_healthy,RAM2019_SAMES_B,mesenchymal_hsc_myofibroblast,singscore,post_lock_external,30,primary,1.0,positive_case_higher,6,4,0.5271083471167146,0.6034776328886473,0.0763692857719327,0.0649305887317016,1.1761680783073862,1.0623453610518327,0.5826549444481637,-0.079658330066568,2.2043490521702336,0.6979991194843576,-0.3057329131375079,2.4304236352411737,0.1142857142857142,exact_210_allocations,results/phase3/gse256398_program_effects.csv,,,,,,snRNA-seq,post-lock reconstructed broad labels,,,False,
GSE256398_human,mash_cirrhosis_vs_healthy,RAM2019_SAMES_B,mesenchymal_hsc_myofibroblast,standardized_mean,post_lock_external,30,primary,1.0,positive_case_higher,6,4,-0.1165272037880779,0.1185641804372359,0.2350913842253138,0.3358269633607519,0.7000372509481142,0.6322917105337805,0.5601201499902092,-0.4655437834470294,1.7301272045145906,0.6645703251855857,-0.6702661268299673,1.9348495478975285,0.3,exact_210_allocations,results/phase3/gse256398_program_effects.csv,,,,,,snRNA-seq,post-lock reconstructed broad labels,,,False,
GSE256398_human,mash_cirrhosis_vs_masld_f0,RAM2019_ENDO_1,endothelial,singscore,post_lock_external,30,primary,0.9625,positive_case_higher,3,4,0.8759394878111338,0.7838691193266268,-0.092070368484507,0.0266562906946385,-3.453982759237595,-2.908617060410606,0.6443109079435239,-4.171466439979913,-1.645767680841299,1.1955495195701835,-5.251894118768165,-0.5653400020530461,0.0285714285714285,exact_35_allocations,results/phase3/gse256398_program_effects.csv,,,,,,snRNA-seq,post-lock reconstructed broad labels,,,False,
GSE256398_human,mash_cirrhosis_vs_masld_f0,RAM2019_ENDO_1,endothelial,standardized_mean,post_lock_external,30,primary,0.9625,positive_case_higher,3,4,0.7058274391772859,-0.1809747861898239,-0.8868022253671097,0.1757539495687407,-5.045702970221242,-4.24901302755473,0.6413626099214328,-5.5060837430007386,-2.9919423121087214,1.5455563736617033,-7.278303519931669,-1.2197225351777914,0.0285714285714285,exact_35_allocations,results/phase3/gse256398_program_effects.csv,,,,,,snRNA-seq,post-lock reconstructed broad labels,,,False,
GSE256398_human,mash_cirrhosis_vs_masld_f0,RAM2019_ENDO_2,endothelial,singscore,post_lock_external,30,primary,0.9555555555555556,positive_case_higher,3,4,0.4204734029943286,0.6253600522648306,0.2048866492705019,0.0685251225039785,2.989949405177734,2.5178521306759865,0.861886509666079,0.8285545717304716,4.2071496896215015,1.1033092352229694,0.3553660296389664,4.680338231713007,0.0285714285714285,exact_35_allocations,results/phase3/gse256398_program_effects.csv,,,,,,snRNA-seq,post-lock reconstructed broad labels,,,False,
GSE256398_human,mash_cirrhosis_vs_masld_f0,RAM2019_ENDO_2,endothelial,standardized_mean,post_lock_external,30,primary,0.9555555555555556,positive_case_higher,3,4,-0.324176093615916,0.3046328223551243,0.6288089159710403,0.2308778983891613,2.7235561323030475,2.293520953518356,0.7917488442074696,0.7416932188717154,3.845348688164997,1.0532602573704697,0.2291308490722352,4.357911057964476,0.0571428571428571,exact_35_allocations,results/phase3/gse256398_program_effects.csv,,,,,,snRNA-seq,post-lock reconstructed broad labels,,,False,
GSE256398_human,mash_cirrhosis_vs_masld_f0,RAM2019_ENDO_3,endothelial,singscore,post_lock_external,30,primary,0.9743589743589745,positive_case_higher,3,4,0.6263898745304307,0.7397732392683429,0.1133833647379122,0.0366269370139083,3.0956278078851374,2.6068444697980104,0.8229828328729094,0.993798117367108,4.219890822228913,1.123786964822506,0.4042220187458984,4.809466920850122,0.0285714285714285,exact_35_allocations,results/phase3/gse256398_program_effects.csv,,,,,,snRNA-seq,post-lock reconstructed broad labels,,,False,
GSE256398_human,mash_cirrhosis_vs_masld_f0,RAM2019_ENDO_3,endothelial,standardized_mean,post_lock_external,30,primary,0.9743589743589745,positive_case_higher,3,4,0.0141167951520438,0.2345751586323116,0.2204583634802678,0.1088425548485557,2.0254794991445677,1.7056669466480563,0.644423875806398,0.4425961500675164,2.968737743228597,0.9350204846002592,-0.1269732031684518,3.538307096464565,0.0571428571428571,exact_35_allocations,results/phase3/gse256398_program_effects.csv,,,,,,snRNA-seq,post-lock reconstructed broad labels,,,False,
GSE256398_human,mash_cirrhosis_vs_masld_f0,RAM2019_ENDO_4,endothelial,singscore,post_lock_external,30,primary,0.9659090909090908,positive_case_higher,3,4,0.6999904420087676,0.6939990850102775,-0.00599135699849,0.0449562120448338,-0.1332709480174846,-0.112228166751566,0.6854529259325078,-1.4557159015792815,1.2312595680761491,0.7645867180866898,-1.610818134201478,1.3863618006983458,0.9142857142857144,exact_35_allocations,results/phase3/gse256398_program_effects.csv,,,,,,snRNA-seq,post-lock reconstructed broad labels,,,False,
GSE256398_human,mash_cirrhosis_vs_masld_f0,RAM2019_ENDO_4,endothelial,standardized_mean,post_lock_external,30,primary,0.9659090909090908,positive_case_higher,3,4,0.3270296072156417,0.1347543944923681,-0.1922752127232736,0.1755563151109966,-1.0952338148685017,-0.9223021598892645,0.6792015025364755,-2.253537104860756,0.4089327850822276,0.8175557844862781,-2.524711497482369,0.6801071777038407,0.2,exact_35_allocations,results/phase3/gse256398_program_effects.csv,,,,,,snRNA-seq,post-lock reconstructed broad labels,,,False,
GSE256398_human,mash_cirrhosis_vs_masld_f0,RAM2019_ENDO_5,endothelial,singscore,post_lock_external,30,primary,0.96,positive_case_higher,3,4,0.5876328360341301,0.730022729552522,0.1423898935183919,0.0642400513540163,2.216528326443962,1.8665501696370204,0.8738651851142346,0.1537744068131206,3.57932593246092,0.965263843159233,-0.0253669629550761,3.758467302229117,0.0285714285714285,exact_35_allocations,results/phase3/gse256398_program_effects.csv,,,,,,snRNA-seq,post-lock reconstructed broad labels,,,False,
GSE256398_human,mash_cirrhosis_vs_masld_f0,RAM2019_ENDO_5,endothelial,standardized_mean,post_lock_external,30,primary,0.96,positive_case_higher,3,4,-0.4714606683241716,0.2351703827554666,0.7066310510796383,0.3522848051861848,2.005851631057942,1.6891382156277406,0.8561236496648564,0.011135862284622,3.367140568970859,0.9320150881196828,-0.1376113570868378,3.5158877883423187,0.0857142857142857,exact_35_allocations,results/phase3/gse256398_program_effects.csv,,,,,,snRNA-seq,post-lock reconstructed broad labels,,,False,
GSE256398_human,mash_cirrhosis_vs_masld_f0,RAM2019_ENDO_6_SAENDO1,endothelial,singscore,post_lock_external,30,primary,1.0,positive_case_higher,3,4,0.6032687419716308,0.8238108903404484,0.2205421483688175,0.1155802804752533,1.9081295482410372,1.6068459353608735,0.9249596853180554,-0.206075047862515,3.419766918584262,0.9173487446614343,-0.1911576041755378,3.4048494748972846,0.0571428571428571,exact_35_allocations,results/phase3/gse256398_program_effects.csv,,,,,,snRNA-seq,post-lock reconstructed broad labels,,,False,
GSE256398_human,mash_cirrhosis_vs_masld_f0,RAM2019_ENDO_6_SAENDO1,endothelial,standardized_mean,post_lock_external,30,primary,1.0,positive_case_higher,3,4,-0.5966291094007862,0.4321596840232285,1.0287887934240147,0.4819557980112149,2.1346123392836023,1.797568285712507,0.918593527784816,-0.0028750287457324,3.5980116001707465,0.9520811454457406,-0.0685107593611444,3.663647330786159,0.0571428571428571,exact_35_allocations,results/phase3/gse256398_program_effects.csv,,,,,,snRNA-seq,post-lock reconstructed broad labels,,,False,
GSE256398_human,mash_cirrhosis_vs_masld_f0,RAM2019_ENDO_7_SAENDO2,endothelial,singscore,post_lock_external,30,primary,1.0,positive_case_higher,3,4,0.4206083172083993,0.5267945097042784,0.106186192495879,0.1484642270291379,0.7152308311620331,0.6022996472943436,0.8015894020811776,-0.9688155807847644,2.173414875373452,0.7871529837626371,-0.940520200880425,2.145119495469112,0.4,exact_35_allocations,results/phase3/gse256398_program_effects.csv,,,,,,snRNA-seq,post-lock reconstructed broad labels,,,False,
GSE256398_human,mash_cirrhosis_vs_masld_f0,RAM2019_ENDO_7_SAENDO2,endothelial,standardized_mean,post_lock_external,30,primary,1.0,positive_case_higher,3,4,-0.1366540792778964,0.357722360643451,0.4943764399213474,0.54628277978633,0.9049826540655648,0.7620906560552124,0.8203776432737997,-0.8458495247614349,2.37003083687186,0.800881732928152,-0.8076375404839654,2.3318188525943904,0.3142857142857143,exact_35_allocations,results/phase3/gse256398_program_effects.csv,,,,,,snRNA-seq,post-lock reconstructed broad labels,,,False,
GSE256398_human,mash_cirrhosis_vs_masld_f0,RAM2019_MAC_SIG_A_SAM,macrophage_monocyte,singscore,post_lock_external,30,primary,0.9393939393939394,positive_case_higher,3,4,0.4027116997098696,0.5226595047801333,0.1199478050702637,0.0738098525311664,1.6250920569122582,1.3684985742419016,0.7886295107668644,-0.1772152668611526,2.914212415344956,0.8778451845875473,-0.3520779875496911,3.089075136033494,0.1142857142857142,exact_35_allocations,results/phase3/gse256398_program_effects.csv,,,,,,snRNA-seq,post-lock reconstructed broad labels,,,False,
GSE256398_human,mash_cirrhosis_vs_masld_f0,RAM2019_MAC_SIG_A_SAM,macrophage_monocyte,standardized_mean,post_lock_external,30,primary,0.9393939393939394,positive_case_higher,3,4,-0.2422432841054557,0.1715708860845628,0.4138141701900186,0.1872519418014297,2.2099325978090287,1.860995871839182,0.7541302648387372,0.3829005527552569,3.339091190923107,0.9641907989778687,-0.0288180941574409,3.750809837835805,0.0285714285714285,exact_35_allocations,results/phase3/gse256398_program_effects.csv,,,,,,snRNA-seq,post-lock reconstructed broad labels,,,False,
GSE256398_human,mash_cirrhosis_vs_masld_f0,RAM2019_MAC_SIG_B_SAM,macrophage_monocyte,singscore,post_lock_external,30,primary,0.9587628865979382,positive_case_higher,3,4,0.6747816240767922,0.6056349063920063,-0.0691467176847858,0.0497623415225474,-1.389539068483249,-1.170138162933262,0.9073456171479608,-2.948535572543265,0.6082592466767409,0.8486787763156425,-2.833548564511921,0.4932722386453971,0.1714285714285714,exact_35_allocations,results/phase3/gse256398_program_effects.csv,,,,,,snRNA-seq,post-lock reconstructed broad labels,,,False,
GSE256398_human,mash_cirrhosis_vs_masld_f0,RAM2019_MAC_SIG_B_SAM,macrophage_monocyte,standardized_mean,post_lock_external,30,primary,0.9587628865979382,positive_case_higher,3,4,0.2271326887148158,0.0081148948459906,-0.2190177938688252,0.2052535074034828,-1.0670599330528607,-0.8985767857287248,0.8980192199735157,-2.658694456876816,0.861540885419366,0.8149094166337691,-2.4957992423309125,0.6986456708734627,0.2571428571428571,exact_35_allocations,results/phase3/gse256398_program_effects.csv,,,,,,snRNA-seq,post-lock reconstructed broad labels,,,False,
GSE256398_human,mash_cirrhosis_vs_masld_f0,RAM2019_MAC_SIG_C_KC,macrophage_monocyte,singscore,post_lock_external,30,primary,0.9759036144578314,positive_case_higher,3,4,0.8446690649938499,0.7967410267771611,-0.0479280382166887,0.021638792602561,-2.214912777111989,-1.8651897070416747,0.8030598219023656,-3.439186957970312,-0.2911924561130383,0.9650008278021084,-3.756591329533807,0.0262119154504574,0.0857142857142857,exact_35_allocations,results/phase3/gse256398_program_effects.csv,,,,,,snRNA-seq,post-lock reconstructed broad labels,,,False,
GSE256398_human,mash_cirrhosis_vs_masld_f0,RAM2019_MAC_SIG_C_KC,macrophage_monocyte,standardized_mean,post_lock_external,30,primary,0.9759036144578314,positive_case_higher,3,4,0.3639993764396432,0.0227727252127717,-0.3412266512268714,0.1182111403444209,-2.8865862407948244,-2.430809465932484,0.8514914396837184,-4.099732687712572,-0.7618862441523957,1.0836128456695362,-4.554690643444775,-0.3069282884201927,0.0285714285714285,exact_35_allocations,results/phase3/gse256398_program_effects.csv,,,,,,snRNA-seq,post-lock reconstructed broad labels,,,False,
GSE256398_human,mash_cirrhosis_vs_masld_f0,RAM2019_MAC_SIG_D_TMO,macrophage_monocyte,singscore,post_lock_external,30,primary,0.806060606060606,positive_case_higher,3,4,0.2337257758404543,0.2835974706961431,0.0498716948556887,0.0427501659933394,1.1665848236345784,0.9823872199028028,0.7407773901099334,-0.4695364647126667,2.4343109045182723,0.8245251956830483,-0.6336821636359717,2.5984566034415773,0.2,exact_35_allocations,results/phase3/gse256398_program_effects.csv,,,,,,snRNA-seq,post-lock reconstructed broad labels,,,False,
GSE256398_human,mash_cirrhosis_vs_masld_f0,RAM2019_MAC_SIG_D_TMO,macrophage_monocyte,standardized_mean,post_lock_external,30,primary,0.806060606060606,positive_case_higher,3,4,-0.1909100486225296,-0.0564937919009133,0.1344162567216162,0.1215106597438601,1.1062095869198685,0.9315449153009416,0.8092794462633605,-0.6546427993752448,2.517732629977128,0.8186030333779842,-0.6729170301199074,2.5360068607217907,0.2285714285714285,exact_35_allocations,results/phase3/gse256398_program_effects.csv,,,,,,snRNA-seq,post-lock reconstructed broad labels,,,False,
GSE256398_human,mash_cirrhosis_vs_masld_f0,RAM2019_MAC_SIG_E_TMO,macrophage_monocyte,singscore,post_lock_external,30,primary,0.9442379182156134,positive_case_higher,3,4,0.576839983688863,0.6320249978932291,0.055185014204366,0.0487758277999192,1.1314008740300123,0.9527586307621158,0.7447347338123037,-0.5069214475099996,2.412438709034231,0.8210409454969365,-0.6564816224118798,2.5619988839361114,0.2285714285714285,exact_35_allocations,results/phase3/gse256398_program_effects.csv,,,,,,snRNA-seq,post-lock reconstructed broad labels,,,False,
GSE256398_human,mash_cirrhosis_vs_masld_f0,RAM2019_MAC_SIG_E_TMO,macrophage_monocyte,standardized_mean,post_lock_external,30,primary,0.9442379182156134,positive_case_higher,3,4,-0.2554486506368569,0.0673282313616345,0.3227768819984914,0.2106198346060475,1.5325094267699304,1.2905342541220466,0.6983732978955125,-0.078277409753158,2.659345917997251,0.8659568115325198,-0.4067410964816922,2.9878096047257854,0.1142857142857142,exact_35_allocations,results/phase3/gse256398_program_effects.csv,,,,,,snRNA-seq,post-lock reconstructed broad labels,,,False,
GSE256398_human,mash_cirrhosis_vs_masld_f0,RAM2019_MAC_SIG_F_CDC1,macrophage_monocyte,singscore,post_lock_external,30,primary,0.9384615384615383,positive_case_higher,3,4,0.4998513254950037,0.5135998411841711,0.0137485156891674,0.0425623657653008,0.3230204769391825,0.2720172437382589,0.7751952893587298,-1.2473655234048515,1.7914000108813692,0.7685913552873395,-1.2344218126249265,1.7784563001014442,0.6571428571428571,exact_35_allocations,results/phase3/gse256398_program_effects.csv,,,,,,snRNA-seq,post-lock reconstructed broad labels,,,False,
GSE256398_human,mash_cirrhosis_vs_masld_f0,RAM2019_MAC_SIG_F_CDC1,macrophage_monocyte,standardized_mean,post_lock_external,30,primary,0.9384615384615383,positive_case_higher,3,4,0.0819492422656067,0.0875995024840856,0.0056502602184788,0.1126876701944411,0.050140891268134,0.0422239084363234,0.7301367419733513,-1.3888441058314451,1.473291922704092,0.7638793223917618,-1.4549795634515297,1.5394273803241765,0.8857142857142857,exact_35_allocations,results/phase3/gse256398_program_effects.csv,,,,,,snRNA-seq,post-lock reconstructed broad labels,,,False,
GSE256398_human,mash_cirrhosis_vs_masld_f0,RAM2019_MES_HSC,mesenchymal_hsc_myofibroblast,singscore,post_lock_external,30,primary,0.8,positive_case_higher,3,4,0.518018325727974,0.4861173730087165,-0.0319009527192574,0.0958434310785383,-0.332844435557784,-0.2802900509960286,0.8984914770811465,-2.041333346075076,1.4807532440830184,0.7688885384775019,-1.7873115864119324,1.2267314844198751,0.7714285714285715,exact_35_allocations,results/phase3/gse256398_program_effects.csv,,,,,,snRNA-seq,post-lock reconstructed broad labels,,,False,
GSE256398_human,mash_cirrhosis_vs_masld_f0,RAM2019_MES_HSC,mesenchymal_hsc_myofibroblast,standardized_mean,post_lock_external,30,primary,0.8,positive_case_higher,3,4,0.7563700625540507,-0.05634476881137,-0.8127148313654207,0.3717812965790408,-2.186002466621226,-1.8408441824178745,0.8520736250288405,-3.510908487474402,-0.1707798773613469,0.9603145649876954,-3.723060729793757,0.0413723649580086,0.0571428571428571,exact_35_allocations,results/phase3/gse256398_program_effects.csv,,,,,,snRNA-seq,post-lock reconstructed broad labels,,,False,
GSE256398_human,mash_cirrhosis_vs_masld_f0,RAM2019_MES_MESOTHELIAL,mesenchymal_hsc_myofibroblast,singscore,post_lock_external,30,primary,0.9594594594594594,positive_case_higher,3,4,0.423994341538751,0.4626817667117656,0.0386874251730146,0.0779852248209804,0.496086601812379,0.4177571383683191,0.850826547322578,-1.2498628943839336,2.085377171120572,0.7751035001850411,-1.1014457219943614,1.936959998731,0.6,exact_35_allocations,results/phase3/gse256398_program_effects.csv,,,,,,snRNA-seq,post-lock reconstructed broad labels,,,False,
GSE256398_human,mash_cirrhosis_vs_masld_f0,RAM2019_MES_MESOTHELIAL,mesenchymal_hsc_myofibroblast,standardized_mean,post_lock_external,30,primary,0.9594594594594594,positive_case_higher,3,4,-0.0118666790582256,0.06626948761698,0.0781361666752056,0.3063103353155547,0.2550882476580863,0.2148111559225989,0.8478086188120523,-1.4468937369490236,1.8765160487942212,0.7667774883264464,-1.288072721197236,1.717695033042434,0.7714285714285715,exact_35_allocations,results/phase3/gse256398_program_effects.csv,,,,,,snRNA-seq,post-lock reconstructed broad labels,,,False,
GSE256398_human,mash_cirrhosis_vs_masld_f0,RAM2019_MES_SAMES,mesenchymal_hsc_myofibroblast,singscore,post_lock_external,30,primary,0.9857142857142858,positive_case_higher,3,4,0.6783137058663531,0.7239534457601849,0.0456397398938318,0.0633769937244533,0.7201310319681861,0.6064261321837356,0.8490536752131865,-1.05771907123411,2.270571335601581,0.7874697446333199,-0.9370145672975714,2.149866831665043,0.4285714285714285,exact_35_allocations,results/phase3/gse256398_program_effects.csv,,,,,,snRNA-seq,post-lock reconstructed broad labels,,,False,
GSE256398_human,mash_cirrhosis_vs_masld_f0,RAM2019_MES_SAMES,mesenchymal_hsc_myofibroblast,standardized_mean,post_lock_external,30,primary,0.9857142857142858,positive_case_higher,3,4,-0.1295661470684982,0.1547491361537529,0.2843152832222511,0.2818933733642001,1.0085915813810988,0.8493402790577674,0.7762061904055835,-0.6720238541371762,2.370704412252711,0.8096117738128108,-0.7374987976153417,2.4361793557308764,0.2571428571428571,exact_35_allocations,results/phase3/gse256398_program_effects.csv,,,,,,snRNA-seq,post-lock reconstructed broad labels,,,False,
GSE256398_human,mash_cirrhosis_vs_masld_f0,RAM2019_MES_VSMC,mesenchymal_hsc_myofibroblast,singscore,post_lock_external,30,primary,1.0,positive_case_higher,3,4,0.4352381354759769,0.5491650698736732,0.1139269343976962,0.097295917280985,1.1709323225627426,0.9860482716317832,0.8922792472490113,-0.7628190529762789,2.734915596239845,0.8249620916939978,-0.6308774280884525,2.602973971352019,0.2,exact_35_allocations,results/phase3/gse256398_program_effects.csv,,,,,,snRNA-seq,post-lock reconstructed broad labels,,,False,
GSE256398_human,mash_cirrhosis_vs_masld_f0,RAM2019_MES_VSMC,mesenchymal_hsc_myofibroblast,standardized_mean,post_lock_external,30,primary,1.0,positive_case_higher,3,4,-0.2210967847299411,-0.0034535950210093,0.2176431897089317,0.4479924861349247,0.4858188394779968,0.4091106016656815,0.8971801981976507,-1.3493625868017138,2.167583790133077,0.7746421636942176,-1.1091880391749849,1.927409242506348,0.6,exact_35_allocations,results/phase3/gse256398_program_effects.csv,,,,,,snRNA-seq,post-lock reconstructed broad labels,,,False,
GSE256398_human,mash_cirrhosis_vs_masld_f0,RAM2019_SAMES_A,mesenchymal_hsc_myofibroblast,singscore,post_lock_external,30,primary,0.8297872340425532,positive_case_higher,3,4,0.7811849395734303,0.8059320381676927,0.0247470985942623,0.0288451007615533,0.8579307383542566,0.7224679901930582,0.7182973239660411,-0.6853947647803822,2.1303307451664986,0.7972009364135827,-0.8400458451775639,2.28498182556368,0.3714285714285714,exact_35_allocations,results/phase3/gse256398_program_effects.csv,,,,,,snRNA-seq,post-lock reconstructed broad labels,,,False,
GSE256398_human,mash_cirrhosis_vs_masld_f0,RAM2019_SAMES_A,mesenchymal_hsc_myofibroblast,standardized_mean,post_lock_external,30,primary,0.8297872340425532,positive_case_higher,3,4,0.0183645308942539,0.1520645404359286,0.1337000095416746,0.2148192012159502,0.6223838874033925,0.5241127472870672,0.6964662394372525,-0.8409610820099476,1.889186576584082,0.7815387069878325,-1.0077031184090843,2.0559286129832186,0.4285714285714285,exact_35_allocations,results/phase3/gse256398_program_effects.csv,,,,,,snRNA-seq,post-lock reconstructed broad labels,,,False,
GSE256398_human,mash_cirrhosis_vs_masld_f0,RAM2019_SAMES_B,mesenchymal_hsc_myofibroblast,singscore,post_lock_external,30,primary,1.0,positive_case_higher,3,4,0.4704066244337063,0.6034776328886473,0.1330710084549409,0.0810815982462081,1.6411986361056246,1.3820620093521048,0.8950093453351956,-0.3721563075048786,3.1362803262090884,0.8799675409370342,-0.3426743708844821,3.1067983895886915,0.1142857142857142,exact_35_allocations,results/phase3/gse256398_program_effects.csv,,,,,,snRNA-seq,post-lock reconstructed broad labels,,,False,
GSE256398_human,mash_cirrhosis_vs_masld_f0,RAM2019_SAMES_B,mesenchymal_hsc_myofibroblast,standardized_mean,post_lock_external,30,primary,1.0,positive_case_higher,3,4,-0.3449934425238362,0.1185641804372359,0.4635576229610721,0.3039397889032114,1.525162679864499,1.2843475198858938,0.8816197977111112,-0.443627283627884,3.012322323399672,0.8650365243832413,-0.411124067905259,2.979819107677047,0.1142857142857142,exact_35_allocations,results/phase3/gse256398_program_effects.csv,,,,,,snRNA-seq,post-lock reconstructed broad labels,,,False,
GSE256398_human,mash_fibrosis_vs_masld_f0,RAM2019_ENDO_1,endothelial,singscore,post_lock_external,30,primary,0.9625,positive_case_higher,3,4,0.8759394878111338,0.8014768264809333,-0.0744626613302005,0.0628424832031629,-1.1849095951455446,-0.9978186064383532,0.6306950520499304,-2.2339809084562168,0.2383436955795103,0.8263761434533254,-2.617515847606871,0.6218786347301645,0.2,exact_35_allocations,results/phase3/gse256398_program_effects.csv,,,,,,snRNA-seq,post-lock reconstructed broad labels,,,False,
GSE256398_human,mash_fibrosis_vs_masld_f0,RAM2019_ENDO_1,endothelial,standardized_mean,post_lock_external,30,primary,0.9625,positive_case_higher,3,4,0.7058274391772859,0.1952199761335274,-0.5106074630437585,0.4995510042049261,-1.022132792739411,-0.8607434044121356,0.6293794568358744,-2.0943271398104493,0.3728403309861781,0.8108151787906,-2.449941154841712,0.7284543460174404,0.2571428571428571,exact_35_allocations,results/phase3/gse256398_program_effects.csv,,,,,,snRNA-seq,post-lock reconstructed broad labels,,,False,
GSE256398_human,mash_fibrosis_vs_masld_f0,RAM2019_ENDO_2,endothelial,singscore,post_lock_external,30,primary,0.9555555555555556,positive_case_higher,3,4,0.4204734029943286,0.5732437592000987,0.15277035620577,0.0925018123600041,1.651539059701979,1.390769734485877,0.7651317979547485,-0.1088885895054301,2.890428058477184,0.8813384019600672,-0.3366535333558547,3.1181930023276085,0.0857142857142857,exact_35_allocations,results/phase3/gse256398_program_effects.csv,,,,,,snRNA-seq,post-lock reconstructed broad labels,,,False,
GSE256398_human,mash_fibrosis_vs_masld_f0,RAM2019_ENDO_2,endothelial,standardized_mean,post_lock_external,30,primary,0.9555555555555556,positive_case_higher,3,4,-0.324176093615916,0.1524613460342657,0.4766374396501817,0.3436449955626501,1.3870053276049694,1.1680044864041847,0.7064657334719762,-0.2166683512008884,2.5526773240092577,0.8483848073600586,-0.4948297360215301,2.8308387088299,0.1428571428571428,exact_35_allocations,results/phase3/gse256398_program_effects.csv,,,,,,snRNA-seq,post-lock reconstructed broad labels,,,False,
GSE256398_human,mash_fibrosis_vs_masld_f0,RAM2019_ENDO_3,endothelial,singscore,post_lock_external,30,primary,0.9743589743589745,positive_case_higher,3,4,0.6263898745304307,0.7155941727112684,0.0892042981808376,0.0399958905515889,2.2303365908499275,1.87817818176836,0.7947196196696822,0.3205277272157827,3.435828636320937,0.9675167500257572,-0.0181546482821242,3.774511011818844,0.0285714285714285,exact_35_allocations,results/phase3/gse256398_program_effects.csv,,,,,,snRNA-seq,post-lock reconstructed broad labels,,,False,
GSE256398_human,mash_fibrosis_vs_masld_f0,RAM2019_ENDO_3,endothelial,standardized_mean,post_lock_external,30,primary,0.9743589743589745,positive_case_higher,3,4,0.0141167951520438,0.2770838595852068,0.262967064433163,0.1225688938872325,2.1454633071511715,1.8067059428641443,0.6409176419271965,0.5505073646868393,3.0629045210414496,0.953809189372484,-0.0627600683059244,3.676171954034213,0.0571428571428571,exact_35_allocations,results/phase3/gse256398_program_effects.csv,,,,,,snRNA-seq,post-lock reconstructed broad labels,,,False,
GSE256398_human,mash_fibrosis_vs_masld_f0,RAM2019_ENDO_4,endothelial,singscore,post_lock_external,30,primary,0.9659090909090908,positive_case_higher,3,4,0.6999904420087676,0.7087197876192868,0.0087293456105191,0.0291498328122331,0.2994646887599225,0.2521807905346716,0.7579219750698527,-1.2333462806022395,1.7377078616715829,0.7679146101258931,-1.252931845312079,1.7572934263814222,0.7714285714285715,exact_35_allocations,results/phase3/gse256398_program_effects.csv,,,,,,snRNA-seq,post-lock reconstructed broad labels,,,False,
GSE256398_human,mash_fibrosis_vs_masld_f0,RAM2019_ENDO_4,endothelial,standardized_mean,post_lock_external,30,primary,0.9659090909090908,positive_case_higher,3,4,0.3270296072156417,0.3044338288128526,-0.022595778402789,0.1906832462761949,-0.1184990230870113,-0.0997886510206411,0.6716049223693338,-1.4161342988645351,1.216556996823253,0.7644142272489343,-1.5980405364285524,1.39846323438727,0.8857142857142857,exact_35_allocations,results/phase3/gse256398_program_effects.csv,,,,,,snRNA-seq,post-lock reconstructed broad labels,,,False,
GSE256398_human,mash_fibrosis_vs_masld_f0,RAM2019_ENDO_5,endothelial,singscore,post_lock_external,30,primary,0.96,positive_case_higher,3,4,0.5876328360341301,0.747160800755068,0.1595279647209379,0.0708855118578138,2.2505016968901628,1.895159323696979,0.8352103251151038,0.2581470864713755,3.5321715609225826,0.9708224449161096,-0.0076526683385957,3.797971315732554,0.0285714285714285,exact_35_allocations,results/phase3/gse256398_program_effects.csv,,,,,,snRNA-seq,post-lock reconstructed broad labels,,,False,
GSE256398_human,mash_fibrosis_vs_masld_f0,RAM2019_ENDO_5,endothelial,standardized_mean,post_lock_external,30,primary,0.96,positive_case_higher,3,4,-0.4714606683241716,0.3537217556736571,0.8251824239978287,0.4519399374402296,1.8258674563518995,1.5375725948226522,0.7745552971856158,0.0194442123388451,3.055700977306459,0.9053984105178778,-0.2370082897923884,3.312153479437693,0.0285714285714285,exact_35_allocations,results/phase3/gse256398_program_effects.csv,,,,,,snRNA-seq,post-lock reconstructed broad labels,,,False,
GSE256398_human,mash_fibrosis_vs_masld_f0,RAM2019_ENDO_6_SAENDO1,endothelial,singscore,post_lock_external,30,primary,1.0,positive_case_higher,3,4,0.6032687419716308,0.7665834221578434,0.1633146801862125,0.1262222086423738,1.2938664434951623,1.089571741890663,0.883741140951801,-0.6425608943748671,2.821704378156193,0.8378842350862074,-0.5526813588783035,2.7318248426596297,0.2,exact_35_allocations,results/phase3/gse256398_program_effects.csv,,,,,,snRNA-seq,post-lock reconstructed broad labels,,,False,
GSE256398_human,mash_fibrosis_vs_masld_f0,RAM2019_ENDO_6_SAENDO1,endothelial,standardized_mean,post_lock_external,30,primary,1.0,positive_case_higher,3,4,-0.5966291094007862,0.1944993397619892,0.7911284491627755,0.5918889946182759,1.3366162512837294,1.1255715800284036,0.832003434954299,-0.5051551524820224,2.7562983125388296,0.8426294983621788,-0.5259822367614668,2.777125396818274,0.2,exact_35_allocations,results/phase3/gse256398_program_effects.csv,,,,,,snRNA-seq,post-lock reconstructed broad labels,,,False,
GSE256398_human,mash_fibrosis_vs_masld_f0,RAM2019_ENDO_7_SAENDO2,endothelial,singscore,post_lock_external,30,primary,1.0,positive_case_higher,3,4,0.4206083172083993,0.251708387897504,-0.1688999293108953,0.2003121936788617,-0.8431834638168549,-0.7100492326878778,0.728366278540253,-2.137647138626773,0.7175486732510181,0.7960843702883493,-2.270374598453042,0.8502761330772868,0.3428571428571428,exact_35_allocations,results/phase3/gse256398_program_effects.csv,,,,,,snRNA-seq,post-lock reconstructed broad labels,,,False,
GSE256398_human,mash_fibrosis_vs_masld_f0,RAM2019_ENDO_7_SAENDO2,endothelial,standardized_mean,post_lock_external,30,primary,1.0,positive_case_higher,3,4,-0.1366540792778964,-0.5279965797586625,-0.3913425004807661,0.6632782801125648,-0.590012536539492,-0.4968526623490459,0.763713200821792,-1.993730535959758,1.0000252112616663,0.7797561093968208,-2.025174636766814,1.0314693120687228,0.5142857142857142,exact_35_allocations,results/phase3/gse256398_program_effects.csv,,,,,,snRNA-seq,post-lock reconstructed broad labels,,,False,
GSE256398_human,mash_fibrosis_vs_masld_f0,RAM2019_MAC_SIG_A_SAM,macrophage_monocyte,singscore,post_lock_external,30,primary,0.9393939393939394,positive_case_higher,3,4,0.4027116997098696,0.5086069105127617,0.1058952108028921,0.1138148545229957,0.9304164315519684,0.7835085739384997,0.6998876294359613,-0.5882711797559843,2.1552883276329835,0.8029457652150906,-0.790265125883078,2.3572822737600774,0.2,exact_35_allocations,results/phase3/gse256398_program_effects.csv,,,,,,snRNA-seq,post-lock reconstructed broad labels,,,False,
GSE256398_human,mash_fibrosis_vs_masld_f0,RAM2019_MAC_SIG_A_SAM,macrophage_monocyte,standardized_mean,post_lock_external,30,primary,0.9393939393939394,positive_case_higher,3,4,-0.2422432841054557,0.2321328967408029,0.4743761808462586,0.3512481066831996,1.3505444494085534,1.1373005889756238,0.6660555500234641,-0.1681682890703657,2.4427694670216136,0.8442029354970069,-0.5173371645985096,2.791938342549757,0.2,exact_35_allocations,results/phase3/gse256398_program_effects.csv,,,,,,snRNA-seq,post-lock reconstructed broad labels,,,False,
GSE256398_human,mash_fibrosis_vs_masld_f0,RAM2019_MAC_SIG_B_SAM,macrophage_monocyte,singscore,post_lock_external,30,primary,0.9587628865979382,positive_case_higher,3,4,0.6747816240767922,0.602200508899329,-0.0725811151774632,0.0624231640192724,-1.1627272714829813,-0.9791387549330368,0.8165718569613679,-2.579619594577318,0.6213420847112443,0.824138704026522,-2.59445061482502,0.6361731049589463,0.2,exact_35_allocations,results/phase3/gse256398_program_effects.csv,,,,,,snRNA-seq,post-lock reconstructed broad labels,,,False,
GSE256398_human,mash_fibrosis_vs_masld_f0,RAM2019_MAC_SIG_B_SAM,macrophage_monocyte,standardized_mean,post_lock_external,30,primary,0.9587628865979382,positive_case_higher,3,4,0.2271326887148158,-0.0058496609543258,-0.2329823496691417,0.2135707531730696,-1.0908907058090564,-0.918644804891837,0.8803054778148776,-2.6440435414089967,0.8067539316253229,0.8171439047614621,-2.5202468582243025,0.6829572484406288,0.2,exact_35_allocations,results/phase3/gse256398_program_effects.csv,,,,,,snRNA-seq,post-lock reconstructed broad labels,,,False,
GSE256398_human,mash_fibrosis_vs_masld_f0,RAM2019_MAC_SIG_C_KC,macrophage_monocyte,singscore,post_lock_external,30,primary,0.9759036144578314,positive_case_higher,3,4,0.8446690649938499,0.782098505940403,-0.0625705590534468,0.0312140380057691,-2.004564710335851,-1.6880544929144006,0.7173305651865179,-3.094022400679976,-0.2820865851488254,0.9318187218757642,-3.5144191877908986,0.1383102019620972,0.0857142857142857,exact_35_allocations,results/phase3/gse256398_program_effects.csv,,,,,,snRNA-seq,post-lock reconstructed broad labels,,,False,
GSE256398_human,mash_fibrosis_vs_masld_f0,RAM2019_MAC_SIG_C_KC,macrophage_monocyte,standardized_mean,post_lock_external,30,primary,0.9759036144578314,positive_case_higher,3,4,0.3639993764396432,-0.068204312399108,-0.4322036888387512,0.1766103490007263,-2.4472160962491145,-2.060813554736096,0.7364028030900316,-3.504163048792558,-0.6174640606796342,1.0040062669484369,-4.028665837955033,-0.0929612715171599,0.0857142857142857,exact_35_allocations,results/phase3/gse256398_program_effects.csv,,,,,,snRNA-seq,post-lock reconstructed broad labels,,,False,
GSE256398_human,mash_fibrosis_vs_masld_f0,RAM2019_MAC_SIG_D_TMO,macrophage_monocyte,singscore,post_lock_external,30,primary,0.806060606060606,positive_case_higher,3,4,0.2337257758404543,0.3211871359974175,0.0874613601569631,0.0452107396577948,1.934526194859185,1.629074690407735,0.7296311023959257,0.1989977297117204,3.0591516511037486,0.9212609662989304,-0.1765968035381688,3.434746184353638,0.0857142857142857,exact_35_allocations,results/phase3/gse256398_program_effects.csv,,,,,,snRNA-seq,post-lock reconstructed broad labels,,,False,
GSE256398_human,mash_fibrosis_vs_masld_f0,RAM2019_MAC_SIG_D_TMO,macrophage_monocyte,standardized_mean,post_lock_external,30,primary,0.806060606060606,positive_case_higher,3,4,-0.1909100486225296,0.2049858924115074,0.395895941034037,0.1292309240511328,3.063476826006389,2.5797699587422223,0.7903697498137039,1.0306452491073623,4.128894668377082,1.1175216496051512,0.3894275255161261,4.770112391968318,0.0285714285714285,exact_35_allocations,results/phase3/gse256398_program_effects.csv,,,,,,snRNA-seq,post-lock reconstructed broad labels,,,False,
GSE256398_human,mash_fibrosis_vs_masld_f0,RAM2019_MAC_SIG_E_TMO,macrophage_monocyte,singscore,post_lock_external,30,primary,0.9442379182156134,positive_case_higher,3,4,0.576839983688863,0.6381396432765627,0.0612996595876996,0.0386464674731278,1.5861646250158126,1.335717578960684,0.806155868886416,-0.2443479240566912,2.9157830819780592,0.872781460852482,-0.3749340843101805,3.046369242231549,0.1428571428571428,exact_35_allocations,results/phase3/gse256398_program_effects.csv,,,,,,snRNA-seq,post-lock reconstructed broad labels,,,False,
GSE256398_human,mash_fibrosis_vs_masld_f0,RAM2019_MAC_SIG_E_TMO,macrophage_monocyte,standardized_mean,post_lock_external,30,primary,0.9442379182156134,positive_case_higher,3,4,-0.2554486506368569,0.1435826344906613,0.3990312851275182,0.1189267253031571,3.3552700968629567,2.825490607884595,0.829478840864805,1.1997120797895773,4.451269135979612,1.17544589448334,0.5216166546972487,5.129364561071942,0.0285714285714285,exact_35_allocations,results/phase3/gse256398_program_effects.csv,,,,,,snRNA-seq,post-lock reconstructed broad labels,,,False,
GSE256398_human,mash_fibrosis_vs_masld_f0,RAM2019_MAC_SIG_F_CDC1,macrophage_monocyte,singscore,post_lock_external,30,primary,0.9384615384615383,positive_case_higher,3,4,0.4998513254950037,0.4979267209205026,-0.0019246045745011,0.0496739217899169,-0.0387447679818945,-0.0326271730373849,0.7388577394643685,-1.480788342387547,1.415533996312777,0.76383230265247,-1.529738486236226,1.4644841401614563,0.9428571428571428,exact_35_allocations,results/phase3/gse256398_program_effects.csv,,,,,,snRNA-seq,post-lock reconstructed broad labels,,,False,
GSE256398_human,mash_fibrosis_vs_masld_f0,RAM2019_MAC_SIG_F_CDC1,macrophage_monocyte,standardized_mean,post_lock_external,30,primary,0.9384615384615383,positive_case_higher,3,4,0.0819492422656067,0.0425602602710609,-0.0393889819945458,0.1514291147592842,-0.2601149855307522,-0.219044198341686,0.6863056745711817,-1.5642033205012025,1.1261149238178303,0.7668972352382349,-1.7221627794086265,1.2840743827252543,0.7428571428571429,exact_35_allocations,results/phase3/gse256398_program_effects.csv,,,,,,snRNA-seq,post-lock reconstructed broad labels,,,False,
GSE256398_human,mash_fibrosis_vs_masld_f0,RAM2019_MES_HSC,mesenchymal_hsc_myofibroblast,singscore,post_lock_external,30,primary,0.8,positive_case_higher,3,4,0.518018325727974,0.4899069595868514,-0.0281113661411226,0.1172719295967037,-0.2397109541711915,-0.2018618561441612,0.8185593906359042,-1.8062382617905333,1.402514549502211,0.766425569921783,-1.7040559731908558,1.3003322609025334,0.8,exact_35_allocations,results/phase3/gse256398_program_effects.csv,,,,,,snRNA-seq,post-lock reconstructed broad labels,,,False,
GSE256398_human,mash_fibrosis_vs_masld_f0,RAM2019_MES_HSC,mesenchymal_hsc_myofibroblast,standardized_mean,post_lock_external,30,primary,0.8,positive_case_higher,3,4,0.7563700625540507,0.180551437523506,-0.5758186250305447,0.4627340157692692,-1.2443836100384338,-1.0479019874007862,0.7799495739731196,-2.576603152388101,0.4807991775865281,0.8325522150911527,-2.679704328979445,0.5839003541778731,0.2571428571428571,exact_35_allocations,results/phase3/gse256398_program_effects.csv,,,,,,snRNA-seq,post-lock reconstructed broad labels,,,False,
GSE256398_human,mash_fibrosis_vs_masld_f0,RAM2019_MES_MESOTHELIAL,mesenchymal_hsc_myofibroblast,singscore,post_lock_external,30,primary,0.9594594594594594,positive_case_higher,3,4,0.423994341538751,0.4294144595747718,0.0054201180360207,0.0922415530929599,0.0587600474436769,0.0494821452157279,0.793599557072329,-1.505972986646037,1.6049372770774928,0.7639228898277943,-1.447806718846749,1.5467710092782048,0.9428571428571428,exact_35_allocations,results/phase3/gse256398_program_effects.csv,,,,,,snRNA-seq,post-lock reconstructed broad labels,,,False,
GSE256398_human,mash_fibrosis_vs_masld_f0,RAM2019_MES_MESOTHELIAL,mesenchymal_hsc_myofibroblast,standardized_mean,post_lock_external,30,primary,0.9594594594594594,positive_case_higher,3,4,-0.0118666790582256,0.0747926454939678,0.0866593245521935,0.3587345208808255,0.2415695159178239,0.2034269607729043,0.79421806421631,-1.3532404450910631,1.760094366636872,0.7664669504748808,-1.298848262157862,1.7057021837036708,0.6285714285714286,exact_35_allocations,results/phase3/gse256398_program_effects.csv,,,,,,snRNA-seq,post-lock reconstructed broad labels,,,False,
GSE256398_human,mash_fibrosis_vs_masld_f0,RAM2019_MES_SAMES,mesenchymal_hsc_myofibroblast,singscore,post_lock_external,30,primary,0.9857142857142858,positive_case_higher,3,4,0.6783137058663531,0.7001801409171179,0.0218664350507648,0.0746402145094504,0.2929578270169122,0.2467013280142418,0.7935177991772059,-1.3085935583730817,1.801996214401565,0.7677366005719231,-1.2580624091067274,1.751465065135211,0.5428571428571428,exact_35_allocations,results/phase3/gse256398_program_effects.csv,,,,,,snRNA-seq,post-lock reconstructed broad labels,,,False,
GSE256398_human,mash_fibrosis_vs_masld_f0,RAM2019_MES_SAMES,mesenchymal_hsc_myofibroblast,standardized_mean,post_lock_external,30,primary,0.9857142857142858,positive_case_higher,3,4,-0.1295661470684982,0.193898478549874,0.3234646256183723,0.3118665619189818,1.0371891863880025,0.8734224727477914,0.7512251631127926,-0.5989788469532821,2.345823792448865,0.8121699421447584,-0.718430613855935,2.4652755593515177,0.2285714285714285,exact_35_allocations,results/phase3/gse256398_program_effects.csv,,,,,,snRNA-seq,post-lock reconstructed broad labels,,,False,
GSE256398_human,mash_fibrosis_vs_masld_f0,RAM2019_MES_VSMC,mesenchymal_hsc_myofibroblast,singscore,post_lock_external,30,primary,1.0,positive_case_higher,3,4,0.4352381354759769,0.5803289393566602,0.1450908038806832,0.1209443043494609,1.1996497450715202,1.010231364270754,0.8088608312303155,-0.5751358649406644,2.595598593482172,0.82788288680765,-0.61241909387224,2.632881822413748,0.2,exact_35_allocations,results/phase3/gse256398_program_effects.csv,,,,,,snRNA-seq,post-lock reconstructed broad labels,,,False,
GSE256398_human,mash_fibrosis_vs_masld_f0,RAM2019_MES_VSMC,mesenchymal_hsc_myofibroblast,standardized_mean,post_lock_external,30,primary,1.0,positive_case_higher,3,4,-0.2210967847299411,0.3548338408765087,0.5759306256064498,0.6158751196636981,0.9351418935724174,0.7874879103767725,0.7819323007971868,-0.7450993991857136,2.3200752199392585,0.8033349576809731,-0.7870486066779347,2.3620244274314794,0.2285714285714285,exact_35_allocations,results/phase3/gse256398_program_effects.csv,,,,,,snRNA-seq,post-lock reconstructed broad labels,,,False,
GSE256398_human,mash_fibrosis_vs_masld_f0,RAM2019_SAMES_A,mesenchymal_hsc_myofibroblast,singscore,post_lock_external,30,primary,0.8297872340425532,positive_case_higher,3,4,0.7811849395734303,0.7952224461715189,0.0140375065980886,0.030989878027234,0.4529706953267917,0.3814490065909824,0.7068596794916152,-1.0039959652125834,1.766893978394548,0.7732293759268708,-1.1340805702256844,1.896978583407649,0.5428571428571428,exact_35_allocations,results/phase3/gse256398_program_effects.csv,,,,,,snRNA-seq,post-lock reconstructed broad labels,,,False,
GSE256398_human,mash_fibrosis_vs_masld_f0,RAM2019_SAMES_A,mesenchymal_hsc_myofibroblast,standardized_mean,post_lock_external,30,primary,0.8297872340425532,positive_case_higher,3,4,0.0183645308942539,0.311441675176589,0.293077144282335,0.1206374432788323,2.429404472746811,2.0458142928394194,0.8263347638564115,0.4261981556808529,3.665430429997986,1.0009340364938837,0.0839835813114078,4.007645004367431,0.0571428571428571,exact_35_allocations,results/phase3/gse256398_program_effects.csv,,,,,,snRNA-seq,post-lock reconstructed broad labels,,,False,
GSE256398_human,mash_fibrosis_vs_masld_f0,RAM2019_SAMES_B,mesenchymal_hsc_myofibroblast,singscore,post_lock_external,30,primary,1.0,positive_case_higher,3,4,0.4704066244337063,0.5701126124663609,0.0997059880326545,0.0971244699361156,1.0265794819599727,0.8644879848083981,0.823206216518868,-0.7489961995685833,2.4779721691853798,0.8112134619945245,-0.7254904007008699,2.454466370317666,0.2857142857142857,exact_35_allocations,results/phase3/gse256398_program_effects.csv,,,,,,snRNA-seq,post-lock reconstructed broad labels,,,False,
GSE256398_human,mash_fibrosis_vs_masld_f0,RAM2019_SAMES_B,mesenchymal_hsc_myofibroblast,standardized_mean,post_lock_external,30,primary,1.0,positive_case_higher,3,4,-0.3449934425238362,0.0814044296440536,0.4263978721678898,0.3948339238850742,1.0799423412563784,0.9094251294790556,0.7880955729855428,-0.6352421935726084,2.4540924525307197,0.8161119653246931,-0.6901543225573429,2.509004581515454,0.2571428571428571,exact_35_allocations,results/phase3/gse256398_program_effects.csv,,,,,,snRNA-seq,post-lock reconstructed broad labels,,,False,
GSE256398_human,mash_vs_alcohol_cirrhosis_etiology,RAM2019_ENDO_1,endothelial,singscore,post_lock_external,30,primary,0.9625,positive_case_higher,4,4,0.7404447280350795,0.7838691193266268,0.0434243912915472,0.0642318403666972,0.6760570932366102,0.5878757332492263,0.7099970268936754,-0.8037184394623774,1.9794699059608296,0.7271862369058398,-0.8374092910862198,2.0131607575846724,0.4571428571428571,exact_70_allocations,results/phase3/gse256398_program_effects.csv,,,,,,snRNA-seq,post-lock reconstructed broad labels,,,False,
GSE256398_human,mash_vs_alcohol_cirrhosis_etiology,RAM2019_ENDO_1,endothelial,standardized_mean,post_lock_external,30,primary,0.9625,positive_case_higher,4,4,-0.3044804819864937,-0.1809747861898239,0.1235056957966697,0.3028868401490526,0.4077618418016833,0.3545755146101594,0.7099970268936754,-1.0370186581014442,1.7461696873217631,0.7144767196791101,-1.0457988559608964,1.7549498851812153,0.5714285714285714,exact_70_allocations,results/phase3/gse256398_program_effects.csv,,,,,,snRNA-seq,post-lock reconstructed broad labels,,,False,
GSE256398_human,mash_vs_alcohol_cirrhosis_etiology,RAM2019_ENDO_2,endothelial,singscore,post_lock_external,30,primary,0.9555555555555556,positive_case_higher,4,4,0.6078539421906191,0.6253600522648306,0.0175061100742115,0.0552292137864743,0.3169719225389153,0.2756277587294916,0.7099970268936754,-1.1159664139821122,1.6672219314410952,0.7115693138749873,-1.1190480964654836,1.6703036139244667,0.6571428571428571,exact_70_allocations,results/phase3/gse256398_program_effects.csv,,,,,,snRNA-seq,post-lock reconstructed broad labels,,,False,
GSE256398_human,mash_vs_alcohol_cirrhosis_etiology,RAM2019_ENDO_2,endothelial,standardized_mean,post_lock_external,30,primary,0.9555555555555556,positive_case_higher,4,4,0.4058623890144243,0.3046328223551243,-0.1012295666593,0.1989166384239429,-0.5089044710455725,-0.4425256269961499,0.7099970268936754,-1.8341197997077536,0.9490685457154536,0.718553461856315,-1.8508904122345275,0.9658391582422274,0.4857142857142857,exact_70_allocations,results/phase3/gse256398_program_effects.csv,,,,,,snRNA-seq,post-lock reconstructed broad labels,,,False,
GSE256398_human,mash_vs_alcohol_cirrhosis_etiology,RAM2019_ENDO_3,endothelial,singscore,post_lock_external,30,primary,0.9743589743589745,positive_case_higher,4,4,0.6875089067607892,0.7397732392683429,0.0522643325075536,0.0496298477313805,1.053082668930039,0.9157240599391644,0.7099970268936753,-0.4758701127724392,2.3073182326507675,0.7549034460308741,-0.563886694281349,2.395334814159677,0.2571428571428571,exact_70_allocations,results/phase3/gse256398_program_effects.csv,,,,,,snRNA-seq,post-lock reconstructed broad labels,,,False,
GSE256398_human,mash_vs_alcohol_cirrhosis_etiology,RAM2019_ENDO_3,endothelial,standardized_mean,post_lock_external,30,primary,0.9743589743589745,positive_case_higher,4,4,-0.036262263131322,0.2345751586323116,0.2708374217636336,0.2666417577351039,1.0157352099092365,0.8832480086167274,0.7099970268936753,-0.5083461640948761,2.2748421813283306,0.7516718612935109,-0.590028839518554,2.3565248567520087,0.2,exact_70_allocations,results/phase3/gse256398_program_effects.csv,,,,,,snRNA-seq,post-lock reconstructed broad labels,,,False,
GSE256398_human,mash_vs_alcohol_cirrhosis_etiology,RAM2019_ENDO_4,endothelial,singscore,post_lock_external,30,primary,0.9659090909090908,positive_case_higher,4,4,0.5925386454285954,0.6939990850102775,0.1014604395816821,0.0869639495794631,1.166695395877494,1.014517735545647,0.7099970268936755,-0.3770764371659569,2.406111908257251,0.7653564657365366,-0.4855809372979647,2.5146164083892586,0.1142857142857142,exact_70_allocations,results/phase3/gse256398_program_effects.csv,,,,,,snRNA-seq,post-lock reconstructed broad labels,,,False,
GSE256398_human,mash_vs_alcohol_cirrhosis_etiology,RAM2019_ENDO_4,endothelial,standardized_mean,post_lock_external,30,primary,0.9659090909090908,positive_case_higher,4,4,-0.2410169851667769,0.1347543944923681,0.3757713796591451,0.3743862967589675,1.0036996089658412,0.8727822686659489,0.7099970268936755,-0.518811904045655,2.2643764413775527,0.7506524322490892,-0.5984964985422659,2.344061035874164,0.2,exact_70_allocations,results/phase3/gse256398_program_effects.csv,,,,,,snRNA-seq,post-lock reconstructed broad labels,,,False,
GSE256398_human,mash_vs_alcohol_cirrhosis_etiology,RAM2019_ENDO_5,endothelial,singscore,post_lock_external,30,primary,0.96,positive_case_higher,4,4,0.6610411309149271,0.730022729552522,0.0689815986375949,0.0699546296451695,0.9860905416480634,0.8574700362157073,0.7099970268936754,-0.5341241364958964,2.2490642089273107,0.7491803778690287,-0.6109235044075889,2.3258635768390032,0.2285714285714285,exact_70_allocations,results/phase3/gse256398_program_effects.csv,,,,,,snRNA-seq,post-lock reconstructed broad labels,,,False,
GSE256398_human,mash_vs_alcohol_cirrhosis_etiology,RAM2019_ENDO_5,endothelial,standardized_mean,post_lock_external,30,primary,0.96,positive_case_higher,4,4,0.0589674400213322,0.2351703827554666,0.1762029427341344,0.3073878556616613,0.5732267540461299,0.4984580469966346,0.7099970268936753,-0.8931361257149688,1.890052219708238,0.7215989435861458,-0.9158758824322112,1.9127919764254804,0.4285714285714285,exact_70_allocations,results/phase3/gse256398_program_effects.csv,,,,,,snRNA-seq,post-lock reconstructed broad labels,,,False,
GSE256398_human,mash_vs_alcohol_cirrhosis_etiology,RAM2019_ENDO_6_SAENDO1,endothelial,singscore,post_lock_external,30,primary,1.0,positive_case_higher,4,4,0.8123343081253929,0.8238108903404484,0.0114765822150555,0.0786955342037306,0.1458352412392859,0.126813253251553,0.7099970268936753,-1.2647809194600503,1.5184074259631566,0.7080537645075786,-1.2609721251833013,1.514598631686407,0.9714285714285714,exact_70_allocations,results/phase3/gse256398_program_effects.csv,,,,,,snRNA-seq,post-lock reconstructed broad labels,,,False,
GSE256398_human,mash_vs_alcohol_cirrhosis_etiology,RAM2019_ENDO_6_SAENDO1,endothelial,standardized_mean,post_lock_external,30,primary,1.0,positive_case_higher,4,4,0.4728657268199131,0.4321596840232285,-0.0407060427966846,0.4052682913626346,-0.1004422099242419,-0.0873410521080365,0.7099970268936753,-1.47893522481964,1.304253120603567,0.7075561496790284,-1.474151105478932,1.2994690012628591,0.9714285714285714,exact_70_allocations,results/phase3/gse256398_program_effects.csv,,,,,,snRNA-seq,post-lock reconstructed broad labels,,,False,
GSE256398_human,mash_vs_alcohol_cirrhosis_etiology,RAM2019_ENDO_7_SAENDO2,endothelial,singscore,post_lock_external,30,primary,1.0,positive_case_higher,4,4,0.3152304888298184,0.5267945097042784,0.21156402087446,0.2032013147599595,1.041154783493302,0.9053519856463496,0.7099970268936754,-0.486242187065254,2.2969461583579536,0.7538601891771106,-0.572213985140787,2.382917956433486,0.1714285714285714,exact_70_allocations,results/phase3/gse256398_program_effects.csv,,,,,,snRNA-seq,post-lock reconstructed broad labels,,,False,
GSE256398_human,mash_vs_alcohol_cirrhosis_etiology,RAM2019_ENDO_7_SAENDO2,endothelial,standardized_mean,post_lock_external,30,primary,1.0,positive_case_higher,4,4,-0.2302254389038957,0.357722360643451,0.5879477995473467,0.5844251354931699,1.0060275710954905,0.874806583561296,0.7099970268936753,-0.5167875891503074,2.2664007562728994,0.7508487729808506,-0.5968570114811712,2.3464701786037634,0.2,exact_70_allocations,results/phase3/gse256398_program_effects.csv,,,,,,snRNA-seq,post-lock reconstructed broad labels,,,False,
GSE256398_human,mash_vs_alcohol_cirrhosis_etiology,RAM2019_MAC_SIG_A_SAM,macrophage_monocyte,singscore,post_lock_external,30,primary,0.9393939393939394,positive_case_higher,4,4,0.4485949171411191,0.5226595047801333,0.0740645876390141,0.0916559400990523,0.8080718779270911,0.7026711981974705,0.7099970268936753,-0.688922974514133,2.094265370909074,0.7356259699951843,-0.7391557029930906,2.144498099388032,0.2857142857142857,exact_70_allocations,results/phase3/gse256398_program_effects.csv,,,,,,snRNA-seq,post-lock reconstructed broad labels,,,False,
GSE256398_human,mash_vs_alcohol_cirrhosis_etiology,RAM2019_MAC_SIG_A_SAM,macrophage_monocyte,standardized_mean,post_lock_external,30,primary,0.9393939393939394,positive_case_higher,4,4,-0.0074944784194124,0.1715708860845628,0.1790653645039752,0.2822492048469386,0.6344229192818486,0.5516721037233465,0.7099970268936753,-0.8399220689882569,1.94326627643495,0.7248184893490314,-0.8689721354007549,1.972316342847448,0.4,exact_70_allocations,results/phase3/gse256398_program_effects.csv,,,,,,snRNA-seq,post-lock reconstructed broad labels,,,False,
GSE256398_human,mash_vs_alcohol_cirrhosis_etiology,RAM2019_MAC_SIG_B_SAM,macrophage_monocyte,singscore,post_lock_external,30,primary,0.9587628865979382,positive_case_higher,4,4,0.541706917142558,0.6056349063920063,0.0639279892494483,0.070214451038417,0.9104676929606822,0.7917110373571149,0.7099970268936753,-0.5998831353544886,2.1833052100687182,0.7431243932811137,-0.6648127734738679,2.2482348481880976,0.3714285714285714,exact_70_allocations,results/phase3/gse256398_program_effects.csv,,,,,,snRNA-seq,post-lock reconstructed broad labels,,,False,
GSE256398_human,mash_vs_alcohol_cirrhosis_etiology,RAM2019_MAC_SIG_B_SAM,macrophage_monocyte,standardized_mean,post_lock_external,30,primary,0.9587628865979382,positive_case_higher,4,4,-0.0970418048022699,0.0081148948459906,0.1051566996482606,0.1709004449142164,0.6153096892231268,0.5350519036722842,0.7099970268936754,-0.8565422690393195,1.926646076383888,0.7237794633970198,-0.8835558445858746,1.953659651930443,0.4285714285714285,exact_70_allocations,results/phase3/gse256398_program_effects.csv,,,,,,snRNA-seq,post-lock reconstructed broad labels,,,False,
GSE256398_human,mash_vs_alcohol_cirrhosis_etiology,RAM2019_MAC_SIG_C_KC,macrophage_monocyte,singscore,post_lock_external,30,primary,0.9759036144578314,positive_case_higher,4,4,0.7273291464135525,0.7967410267771611,0.0694118803636085,0.0676920621161542,1.0254064980987474,0.8916578244336933,0.7099970268936754,-0.4999363482779103,2.283251997145297,0.7524988192611903,-0.5832398613182396,2.366555510185626,0.2,exact_70_allocations,results/phase3/gse256398_program_effects.csv,,,,,,snRNA-seq,post-lock reconstructed broad labels,,,False,
GSE256398_human,mash_vs_alcohol_cirrhosis_etiology,RAM2019_MAC_SIG_C_KC,macrophage_monocyte,standardized_mean,post_lock_external,30,primary,0.9759036144578314,positive_case_higher,4,4,-0.234152907370979,0.0227727252127717,0.2569256325837508,0.3762604357118883,0.6828398848197927,0.5937738128867763,0.7099970268936752,-0.7978203598248269,1.9853679855983797,0.7275854669653422,-0.8322937023652944,2.019841328138847,0.5142857142857142,exact_70_allocations,results/phase3/gse256398_program_effects.csv,,,,,,snRNA-seq,post-lock reconstructed broad labels,,,False,
GSE256398_human,mash_vs_alcohol_cirrhosis_etiology,RAM2019_MAC_SIG_D_TMO,macrophage_monocyte,singscore,post_lock_external,30,primary,0.806060606060606,positive_case_higher,4,4,0.2484314715507635,0.2835974706961431,0.0351659991453796,0.0670903602693021,0.524158746565417,0.4557902144047104,0.7099970268936754,-0.9358039583068932,1.847384387116314,0.7192440892786383,-0.9539282005814206,1.8655086293908412,0.4571428571428571,exact_70_allocations,results/phase3/gse256398_program_effects.csv,,,,,,snRNA-seq,post-lock reconstructed broad labels,,,False,
GSE256398_human,mash_vs_alcohol_cirrhosis_etiology,RAM2019_MAC_SIG_D_TMO,macrophage_monocyte,standardized_mean,post_lock_external,30,primary,0.806060606060606,positive_case_higher,4,4,-0.1226539942607492,-0.0564937919009133,0.0661602023598358,0.1912421894932989,0.3459498269452417,0.3008259364741232,0.7099970268936754,-1.0907682362374804,1.692420109185727,0.7124193664347527,-1.095516021737992,1.6971678946862383,0.6857142857142857,exact_70_allocations,results/phase3/gse256398_program_effects.csv,,,,,,snRNA-seq,post-lock reconstructed broad labels,,,False,
GSE256398_human,mash_vs_alcohol_cirrhosis_etiology,RAM2019_MAC_SIG_E_TMO,macrophage_monocyte,singscore,post_lock_external,30,primary,0.9442379182156134,positive_case_higher,4,4,0.6006460800304328,0.6320249978932291,0.0313789178627962,0.0549480755671668,0.5710649106252976,0.4965781831524327,0.7099970268936753,-0.8950159895591707,1.888172355864036,0.7214909269458956,-0.9175440336615226,1.910700399966388,0.4571428571428571,exact_70_allocations,results/phase3/gse256398_program_effects.csv,,,,,,snRNA-seq,post-lock reconstructed broad labels,,,False,
GSE256398_human,mash_vs_alcohol_cirrhosis_etiology,RAM2019_MAC_SIG_E_TMO,macrophage_monocyte,standardized_mean,post_lock_external,30,primary,0.9442379182156134,positive_case_higher,4,4,0.0018091343213009,0.0673282313616345,0.0655190970403336,0.2130462065117587,0.3075346804483816,0.2674214612594623,0.7099970268936756,-1.1241727114521418,1.6590156339710664,0.7113083155907234,-1.1267428372983554,1.66158575981728,0.6857142857142857,exact_70_allocations,results/phase3/gse256398_program_effects.csv,,,,,,snRNA-seq,post-lock reconstructed broad labels,,,False,
GSE256398_human,mash_vs_alcohol_cirrhosis_etiology,RAM2019_MAC_SIG_F_CDC1,macrophage_monocyte,singscore,post_lock_external,30,primary,0.9384615384615383,positive_case_higher,4,4,0.4637277274731161,0.5135998411841711,0.049872113711055,0.0566388237387062,0.8805287684139017,0.7656771899251319,0.7099970268936753,-0.6259169827864716,2.1572713626367355,0.7408475753695699,-0.6863840577992252,2.217738437649489,0.3428571428571428,exact_70_allocations,results/phase3/gse256398_program_effects.csv,,,,,,snRNA-seq,post-lock reconstructed broad labels,,,False,
GSE256398_human,mash_vs_alcohol_cirrhosis_etiology,RAM2019_MAC_SIG_F_CDC1,macrophage_monocyte,standardized_mean,post_lock_external,30,primary,0.9384615384615383,positive_case_higher,4,4,-0.0185488814550958,0.0875995024840856,0.1061483839391814,0.2078990971033767,0.5105764547231282,0.4439795258461984,0.7099970268936755,-0.9476146468654054,1.8355736985578024,0.7186281965992924,-0.9645317394884148,1.852490791180812,0.6285714285714286,exact_70_allocations,results/phase3/gse256398_program_effects.csv,,,,,,snRNA-seq,post-lock reconstructed broad labels,,,False,
GSE256398_human,mash_vs_alcohol_cirrhosis_etiology,RAM2019_MES_HSC,mesenchymal_hsc_myofibroblast,singscore,post_lock_external,30,primary,0.8,positive_case_higher,4,4,0.4836171680738858,0.4861173730087165,0.0025002049348307,0.1265387914587522,0.0197584069359925,0.0171812234226021,0.7099970268936755,-1.3744129492890018,1.408775396134206,0.7071241754716951,-1.3687821605019204,1.4031446073471243,0.9714285714285714,exact_70_allocations,results/phase3/gse256398_program_effects.csv,,,,,,snRNA-seq,post-lock reconstructed broad labels,,,False,
GSE256398_human,mash_vs_alcohol_cirrhosis_etiology,RAM2019_MES_HSC,mesenchymal_hsc_myofibroblast,standardized_mean,post_lock_external,30,primary,0.8,positive_case_higher,4,4,-0.0577627035989857,-0.05634476881137,0.0014179347876157,0.5445340319777686,0.002603941543315,0.0022642969941869,0.7099970268936755,-1.3893298757174168,1.393858469705791,0.7071070833002641,-1.3836655862743306,1.3881941802627047,1.0,exact_70_allocations,results/phase3/gse256398_program_effects.csv,,,,,,snRNA-seq,post-lock reconstructed broad labels,,,False,
GSE256398_human,mash_vs_alcohol_cirrhosis_etiology,RAM2019_MES_MESOTHELIAL,mesenchymal_hsc_myofibroblast,singscore,post_lock_external,30,primary,0.9594594594594594,positive_case_higher,4,4,0.3380330682551888,0.4626817667117656,0.1246486984565768,0.0795806604312963,1.5663189747487547,1.3620164997815258,0.7099970268936754,-0.0295776729300778,2.7536106724931297,0.809067825014129,-0.2237564372461669,2.9477894368092183,0.0285714285714285,exact_70_allocations,results/phase3/gse256398_program_effects.csv,,,,,,snRNA-seq,post-lock reconstructed broad labels,,,False,
GSE256398_human,mash_vs_alcohol_cirrhosis_etiology,RAM2019_MES_MESOTHELIAL,mesenchymal_hsc_myofibroblast,standardized_mean,post_lock_external,30,primary,0.9594594594594594,positive_case_higher,4,4,-0.235412990421351,0.06626948761698,0.301682478038331,0.2179414391284312,1.3842364226132866,1.203683845750684,0.7099970268936755,-0.1879103269609199,2.595278018462288,0.7878692150626458,-0.3405398157721018,2.74790750727347,0.1428571428571428,exact_70_allocations,results/phase3/gse256398_program_effects.csv,,,,,,snRNA-seq,post-lock reconstructed broad labels,,,False,
GSE256398_human,mash_vs_alcohol_cirrhosis_etiology,RAM2019_MES_SAMES,mesenchymal_hsc_myofibroblast,singscore,post_lock_external,30,primary,0.9857142857142858,positive_case_higher,4,4,0.6340093312776462,0.7239534457601849,0.0899441144825387,0.0494814613425908,1.8177335923811908,1.5806379064184268,0.7099970268936754,0.1890437337068231,2.9722320791300305,0.8415469976580249,-0.0687942089913018,3.230070021828156,0.0857142857142857,exact_70_allocations,results/phase3/gse256398_program_effects.csv,,,,,,snRNA-seq,post-lock reconstructed broad labels,,,False,
GSE256398_human,mash_vs_alcohol_cirrhosis_etiology,RAM2019_MES_SAMES,mesenchymal_hsc_myofibroblast,standardized_mean,post_lock_external,30,primary,0.9857142857142858,positive_case_higher,4,4,0.0241230164306549,0.1547491361537529,0.130626119723098,0.2478887618000685,0.5269545854944923,0.4582213786908628,0.7099970268936754,-0.9333727940207408,1.8498155514024663,0.7193728073751325,-0.9517493237643968,1.8681920811461223,0.4857142857142857,exact_70_allocations,results/phase3/gse256398_program_effects.csv,,,,,,snRNA-seq,post-lock reconstructed broad labels,,,False,
GSE256398_human,mash_vs_alcohol_cirrhosis_etiology,RAM2019_MES_VSMC,mesenchymal_hsc_myofibroblast,singscore,post_lock_external,30,primary,1.0,positive_case_higher,4,4,0.571074685177039,0.5491650698736732,-0.0219096153033657,0.0548221245103122,-0.3996491471111176,-0.3475209974879283,0.7099970268936756,-1.7391151701995324,1.0440731752236758,0.714187816316257,-1.747329117467792,1.0522871224919357,0.6571428571428571,exact_70_allocations,results/phase3/gse256398_program_effects.csv,,,,,,snRNA-seq,post-lock reconstructed broad labels,,,False,
GSE256398_human,mash_vs_alcohol_cirrhosis_etiology,RAM2019_MES_VSMC,mesenchymal_hsc_myofibroblast,standardized_mean,post_lock_external,30,primary,1.0,positive_case_higher,4,4,0.2881494814434537,-0.0034535950210093,-0.2916030764644631,0.235945615361261,-1.2358910591238743,-1.0746878774990212,0.7099970268936755,-2.466282050210625,0.3169062952125827,0.7721697802320501,-2.588140646753839,0.4387648917557969,0.1142857142857142,exact_70_allocations,results/phase3/gse256398_program_effects.csv,,,,,,snRNA-seq,post-lock reconstructed broad labels,,,False,
GSE256398_human,mash_vs_alcohol_cirrhosis_etiology,RAM2019_SAMES_A,mesenchymal_hsc_myofibroblast,singscore,post_lock_external,30,primary,0.8297872340425532,positive_case_higher,4,4,0.7629413121932679,0.8059320381676927,0.0429907259744247,0.0417032820947197,1.0308715241352189,0.8964100209871466,0.7099970268936753,-0.4951841517244568,2.2880041936987503,0.7529691740993438,-0.5794095602475673,2.3722296022218607,0.1714285714285714,exact_70_allocations,results/phase3/gse256398_program_effects.csv,,,,,,snRNA-seq,post-lock reconstructed broad labels,,,False,
GSE256398_human,mash_vs_alcohol_cirrhosis_etiology,RAM2019_SAMES_A,mesenchymal_hsc_myofibroblast,standardized_mean,post_lock_external,30,primary,0.8297872340425532,positive_case_higher,4,4,0.1600498282586926,0.1520645404359286,-0.007985287822764,0.2419826538714498,-0.0329994224586284,-0.0286951499640247,0.7099970268936755,-1.4202893226756286,1.3628990227475792,0.7071552995176906,-1.4147195370186982,1.357329237090649,0.9714285714285714,exact_70_allocations,results/phase3/gse256398_program_effects.csv,,,,,,snRNA-seq,post-lock reconstructed broad labels,,,False,
GSE256398_human,mash_vs_alcohol_cirrhosis_etiology,RAM2019_SAMES_B,mesenchymal_hsc_myofibroblast,singscore,post_lock_external,30,primary,1.0,positive_case_higher,4,4,0.5545375463014928,0.6034776328886473,0.0489400865871545,0.0558357976423579,0.8765001782660625,0.7621740680574457,0.7099970268936754,-0.629420104654158,2.153768240769049,0.7405464935898823,-0.6892970593787237,2.213645195493615,0.2857142857142857,exact_70_allocations,results/phase3/gse256398_program_effects.csv,,,,,,snRNA-seq,post-lock reconstructed broad labels,,,False,
GSE256398_human,mash_vs_alcohol_cirrhosis_etiology,RAM2019_SAMES_B,mesenchymal_hsc_myofibroblast,standardized_mean,post_lock_external,30,primary,1.0,positive_case_higher,4,4,0.0199028291611405,0.1185641804372359,0.0986613512760953,0.2315690837599504,0.4260558001705005,0.3704833044960874,0.7099970268936753,-1.021110868215516,1.7620774772076908,0.715149045008005,-1.0312088237196024,1.7721754327117771,0.5428571428571428,exact_70_allocations,results/phase3/gse256398_program_effects.csv,,,,,,snRNA-seq,post-lock reconstructed broad labels,,,False,
