lineage,pathway_name,direction,significant_contexts,contexts,median_nes,minimum_absolute_nes
mesenchymal_hsc_myofibroblast,Xenobiotics,negative,4,GSE244832::mash_f2f4_group_vs_normal_sensitivity;GSE256398_human::alcohol_cirrhosis_vs_healthy;GSE256398_human::mash_cirrhosis_vs_healthy;GSE256398_human::mash_fibrosis_vs_masld_f0,-2.3580297755498894,2.33177408820763
mesenchymal_hsc_myofibroblast,Synthesis of bile acids and bile salts via 7alpha-hydroxycholesterol,negative,4,GSE244832::mash_f2f4_group_vs_normal_sensitivity;GSE256398_human::alcohol_cirrhosis_vs_healthy;GSE256398_human::mash_cirrhosis_vs_healthy;GSE256398_human::mash_fibrosis_vs_masld_f0,-2.3276083875589215,2.127502084132928
macrophage_monocyte,Aspirin ADME,negative,4,GSE244832::mash_f2f4_group_vs_normal_sensitivity;GSE256398_human::alcohol_cirrhosis_vs_healthy;GSE256398_human::mash_cirrhosis_vs_healthy;GSE256398_human::mash_fibrosis_vs_masld_f0,-2.197392887342407,2.050390558892464
mesenchymal_hsc_myofibroblast,Phase I - Functionalization of compounds,negative,4,GSE244832::mash_f2f4_group_vs_normal_sensitivity;GSE256398_human::alcohol_cirrhosis_vs_healthy;GSE256398_human::mash_cirrhosis_vs_healthy;GSE256398_human::mash_fibrosis_vs_masld_f0,-2.2032418654298116,1.9563334707470261
mesenchymal_hsc_myofibroblast,Cytochrome P450 - arranged by substrate type,negative,4,GSE244832::mash_f2f4_group_vs_normal_sensitivity;GSE256398_human::alcohol_cirrhosis_vs_healthy;GSE256398_human::mash_cirrhosis_vs_healthy;GSE256398_human::mash_fibrosis_vs_masld_f0,-2.117702746799524,1.8932513849981984
macrophage_monocyte,Drug ADME,negative,4,GSE244832::mash_f2f4_group_vs_normal_sensitivity;GSE256398_human::alcohol_cirrhosis_vs_healthy;GSE256398_human::mash_cirrhosis_vs_healthy;GSE256398_human::mash_fibrosis_vs_masld_f0,-2.2509774007730137,1.803712789354943
macrophage_monocyte,FASTK family proteins regulate processing and stability of mitochondrial RNAs,negative,3,GSE256398_human::alcohol_cirrhosis_vs_healthy;GSE256398_human::mash_cirrhosis_vs_healthy;GSE256398_human::mash_fibrosis_vs_masld_f0,-2.2813202523059197,2.269179132007382
mesenchymal_hsc_myofibroblast,FASTK family proteins regulate processing and stability of mitochondrial RNAs,negative,3,GSE256398_human::alcohol_cirrhosis_vs_healthy;GSE256398_human::mash_cirrhosis_vs_healthy;GSE256398_human::mash_fibrosis_vs_masld_f0,-2.320605512795363,2.2580251935343765
mesenchymal_hsc_myofibroblast,tRNA processing in the mitochondrion,negative,3,GSE256398_human::alcohol_cirrhosis_vs_healthy;GSE256398_human::mash_cirrhosis_vs_healthy;GSE256398_human::mash_fibrosis_vs_masld_f0,-2.3266196896423446,2.252852800241825
macrophage_monocyte,Mitochondrial RNA degradation,negative,3,GSE256398_human::alcohol_cirrhosis_vs_healthy;GSE256398_human::mash_cirrhosis_vs_healthy;GSE256398_human::mash_fibrosis_vs_masld_f0,-2.3299873111571414,2.2317074952857405
macrophage_monocyte,Eukaryotic Translation Elongation,negative,3,GSE256398_human::alcohol_cirrhosis_vs_healthy;GSE256398_human::mash_cirrhosis_vs_healthy;GSE256398_human::mash_fibrosis_vs_masld_f0,-2.3506132261507093,2.1276740207662703
mesenchymal_hsc_myofibroblast,Mitochondrial RNA degradation,negative,3,GSE256398_human::alcohol_cirrhosis_vs_healthy;GSE256398_human::mash_cirrhosis_vs_healthy;GSE256398_human::mash_fibrosis_vs_masld_f0,-2.2342424230961555,2.1251599083972668
macrophage_monocyte,Metabolism of amino acids and derivatives,negative,3,GSE256398_human::alcohol_cirrhosis_vs_healthy;GSE256398_human::mash_cirrhosis_vs_healthy;GSE256398_human::mash_fibrosis_vs_masld_f0,-2.2524250644353767,2.124447403239446
macrophage_monocyte,Peptide chain elongation,negative,3,GSE256398_human::alcohol_cirrhosis_vs_healthy;GSE256398_human::mash_cirrhosis_vs_healthy;GSE256398_human::mash_fibrosis_vs_masld_f0,-2.3642074497273744,2.1144119922954014
macrophage_monocyte,SRP-dependent cotranslational protein targeting to membrane,negative,3,GSE256398_human::alcohol_cirrhosis_vs_healthy;GSE256398_human::mash_cirrhosis_vs_healthy;GSE256398_human::mash_fibrosis_vs_masld_f0,-2.213660331933242,2.1064561766108687
macrophage_monocyte,Eukaryotic Translation Termination,negative,3,GSE256398_human::alcohol_cirrhosis_vs_healthy;GSE256398_human::mash_cirrhosis_vs_healthy;GSE256398_human::mash_fibrosis_vs_masld_f0,-2.4102472686034626,2.0993686940658436
macrophage_monocyte,Selenocysteine synthesis,negative,3,GSE256398_human::alcohol_cirrhosis_vs_healthy;GSE256398_human::mash_cirrhosis_vs_healthy;GSE256398_human::mash_fibrosis_vs_masld_f0,-2.3137812565391904,2.0985588106705126
macrophage_monocyte,Selenoamino acid metabolism,negative,3,GSE256398_human::alcohol_cirrhosis_vs_healthy;GSE256398_human::mash_cirrhosis_vs_healthy;GSE256398_human::mash_fibrosis_vs_masld_f0,-2.437497223067156,2.0963201090696018
macrophage_monocyte,Phase I - Functionalization of compounds,negative,3,GSE256398_human::alcohol_cirrhosis_vs_healthy;GSE256398_human::mash_cirrhosis_vs_healthy;GSE256398_human::mash_fibrosis_vs_masld_f0,-2.1279991801810083,2.089778094904572
macrophage_monocyte,Respiratory electron transport,negative,3,GSE256398_human::alcohol_cirrhosis_vs_healthy;GSE256398_human::mash_cirrhosis_vs_healthy;GSE256398_human::mash_fibrosis_vs_masld_f0,-2.12975445020078,2.0874529259518715
macrophage_monocyte,Aerobic respiration and respiratory electron transport,negative,3,GSE256398_human::alcohol_cirrhosis_vs_healthy;GSE256398_human::mash_cirrhosis_vs_healthy;GSE256398_human::mash_fibrosis_vs_masld_f0,-2.120127175488394,2.0800017236626536
macrophage_monocyte,PELO:HBS1L and ABCE1 dissociate a ribosome on a non-stop mRNA,negative,3,GSE256398_human::alcohol_cirrhosis_vs_healthy;GSE256398_human::mash_cirrhosis_vs_healthy;GSE256398_human::mash_fibrosis_vs_masld_f0,-2.39257744523988,2.0723632963091254
macrophage_monocyte,Viral mRNA Translation,negative,3,GSE256398_human::alcohol_cirrhosis_vs_healthy;GSE256398_human::mash_cirrhosis_vs_healthy;GSE256398_human::mash_fibrosis_vs_masld_f0,-2.396854453159895,2.0684504925930796
macrophage_monocyte,tRNA processing in the mitochondrion,negative,3,GSE256398_human::alcohol_cirrhosis_vs_healthy;GSE256398_human::mash_cirrhosis_vs_healthy;GSE256398_human::mash_fibrosis_vs_masld_f0,-2.3119585511112475,2.067792787003337
macrophage_monocyte,Nonsense Mediated Decay (NMD) independent of the Exon Junction Complex (EJC),negative,3,GSE256398_human::alcohol_cirrhosis_vs_healthy;GSE256398_human::mash_cirrhosis_vs_healthy;GSE256398_human::mash_fibrosis_vs_masld_f0,-2.3293960078472895,2.031824577794139
mesenchymal_hsc_myofibroblast,Biological oxidations,negative,3,GSE244832::mash_f2f4_group_vs_normal_sensitivity;GSE256398_human::alcohol_cirrhosis_vs_healthy;GSE256398_human::mash_cirrhosis_vs_healthy,-2.2028666338653364,2.0182763041166747
mesenchymal_hsc_myofibroblast,Aspirin ADME,negative,3,GSE244832::mash_f2f4_group_vs_normal_sensitivity;GSE256398_human::alcohol_cirrhosis_vs_healthy;GSE256398_human::mash_cirrhosis_vs_healthy,-2.485974772107554,2.0149084143243825
macrophage_monocyte,Mitochondrial mRNA modification,negative,3,GSE256398_human::alcohol_cirrhosis_vs_healthy;GSE256398_human::mash_cirrhosis_vs_healthy;GSE256398_human::mash_fibrosis_vs_masld_f0,-2.210597850772452,2.0137713555764156
macrophage_monocyte,Response of EIF2AK4 (GCN2) to amino acid deficiency,negative,3,GSE256398_human::alcohol_cirrhosis_vs_healthy;GSE256398_human::mash_cirrhosis_vs_healthy;GSE256398_human::mash_fibrosis_vs_masld_f0,-2.3391451356762367,2.0124243934022883
mesenchymal_hsc_myofibroblast,Plasma lipoprotein assembly,negative,3,GSE256398_human::alcohol_cirrhosis_vs_healthy;GSE256398_human::mash_cirrhosis_vs_healthy;GSE256398_human::mash_fibrosis_vs_masld_f0,-2.0564439605346108,2.0122482015665204
mesenchymal_hsc_myofibroblast,Bile acid and bile salt metabolism,negative,3,GSE244832::mash_f2f4_group_vs_normal_sensitivity;GSE256398_human::alcohol_cirrhosis_vs_healthy;GSE256398_human::mash_cirrhosis_vs_healthy,-2.1840365521198986,2.0115036677712275
mesenchymal_hsc_myofibroblast,Recycling of bile acids and salts,negative,3,GSE244832::mash_f2f4_group_vs_normal_sensitivity;GSE256398_human::alcohol_cirrhosis_vs_healthy;GSE256398_human::mash_cirrhosis_vs_healthy,-2.050792663421833,1.9841098947929938
mesenchymal_hsc_myofibroblast,Biosynthesis of specialized proresolving mediators (SPMs),negative,3,GSE256398_human::alcohol_cirrhosis_vs_healthy;GSE256398_human::mash_cirrhosis_vs_healthy;GSE256398_human::mash_fibrosis_vs_masld_f0,-2.0565028322532655,1.9683750258388926
macrophage_monocyte,ZNF598 and the Ribosome-associated Quality Trigger (RQT) complex dissociate a ribosome stalled on a no-go mRNA,negative,3,GSE256398_human::alcohol_cirrhosis_vs_healthy;GSE256398_human::mash_cirrhosis_vs_healthy;GSE256398_human::mash_fibrosis_vs_masld_f0,-2.2949367081747543,1.9607891337055043
mesenchymal_hsc_myofibroblast,Biosynthesis of DHA-derived SPMs,negative,3,GSE256398_human::alcohol_cirrhosis_vs_healthy;GSE256398_human::mash_cirrhosis_vs_healthy;GSE256398_human::mash_fibrosis_vs_masld_f0,-1.9700489509474788,1.957439273442332
macrophage_monocyte,Translation,negative,3,GSE256398_human::alcohol_cirrhosis_vs_healthy;GSE256398_human::mash_cirrhosis_vs_healthy;GSE256398_human::mash_fibrosis_vs_masld_f0,-2.1152092831458815,1.939371880692096
macrophage_monocyte,Synthesis of bile acids and bile salts via 7alpha-hydroxycholesterol,negative,3,GSE256398_human::alcohol_cirrhosis_vs_healthy;GSE256398_human::mash_cirrhosis_vs_healthy;GSE256398_human::mash_fibrosis_vs_masld_f0,-2.072791011836081,1.9182458298781737
macrophage_monocyte,Formation of a pool of free 40S subunits,negative,3,GSE256398_human::alcohol_cirrhosis_vs_healthy;GSE256398_human::mash_cirrhosis_vs_healthy;GSE256398_human::mash_fibrosis_vs_masld_f0,-2.307243345010178,1.9040565104965437
macrophage_monocyte,Mitochondrial protein degradation,negative,3,GSE256398_human::alcohol_cirrhosis_vs_healthy;GSE256398_human::mash_cirrhosis_vs_healthy;GSE256398_human::mash_fibrosis_vs_masld_f0,-1.9998776368727977,1.8958720588821585
macrophage_monocyte,Complex IV assembly,negative,3,GSE256398_human::alcohol_cirrhosis_vs_healthy;GSE256398_human::mash_cirrhosis_vs_healthy;GSE256398_human::mash_fibrosis_vs_masld_f0,-2.074310499154402,1.8884289160409373
macrophage_monocyte,Nonsense Mediated Decay (NMD) enhanced by the Exon Junction Complex (EJC),negative,3,GSE256398_human::alcohol_cirrhosis_vs_healthy;GSE256398_human::mash_cirrhosis_vs_healthy;GSE256398_human::mash_fibrosis_vs_masld_f0,-2.092074581670166,1.8829206608758104
macrophage_monocyte,Nonsense-Mediated Decay (NMD),negative,3,GSE256398_human::alcohol_cirrhosis_vs_healthy;GSE256398_human::mash_cirrhosis_vs_healthy;GSE256398_human::mash_fibrosis_vs_masld_f0,-2.092074581670166,1.8829206608758104
macrophage_monocyte,Formation of ATP by chemiosmotic coupling,negative,3,GSE256398_human::alcohol_cirrhosis_vs_healthy;GSE256398_human::mash_cirrhosis_vs_healthy;GSE256398_human::mash_fibrosis_vs_masld_f0,-2.2256697187977386,1.881613572601857
mesenchymal_hsc_myofibroblast,Metabolism of steroids,negative,3,GSE244832::mash_f2f4_group_vs_normal_sensitivity;GSE256398_human::alcohol_cirrhosis_vs_healthy;GSE256398_human::mash_cirrhosis_vs_healthy,-2.080194946473657,1.8677939487799349
macrophage_monocyte,rRNA processing,negative,3,GSE256398_human::alcohol_cirrhosis_vs_healthy;GSE256398_human::mash_cirrhosis_vs_healthy;GSE256398_human::mash_fibrosis_vs_masld_f0,-2.295490626277614,1.862590856764305
macrophage_monocyte,Cellular response to starvation,negative,3,GSE256398_human::alcohol_cirrhosis_vs_healthy;GSE256398_human::mash_cirrhosis_vs_healthy;GSE256398_human::mash_fibrosis_vs_masld_f0,-2.0101516855922323,1.8324382281442209
macrophage_monocyte,Nuclear Receptor transcription pathway,negative,3,GSE256398_human::alcohol_cirrhosis_vs_healthy;GSE256398_human::mash_cirrhosis_vs_healthy;GSE256398_human::mash_fibrosis_vs_masld_f0,-1.854474185433028,1.8118776387665694
macrophage_monocyte,Ribosome Quality Control (RQC) complex extracts and degrades nascent peptide,negative,3,GSE256398_human::alcohol_cirrhosis_vs_healthy;GSE256398_human::mash_cirrhosis_vs_healthy;GSE256398_human::mash_fibrosis_vs_masld_f0,-2.204480379867129,1.8027918435873007
macrophage_monocyte,Regulation of expression of SLITs and ROBOs,negative,3,GSE256398_human::alcohol_cirrhosis_vs_healthy;GSE256398_human::mash_cirrhosis_vs_healthy;GSE256398_human::mash_fibrosis_vs_masld_f0,-2.0023960223792154,1.787633615421256
macrophage_monocyte,Ribosome-associated quality control,negative,3,GSE256398_human::alcohol_cirrhosis_vs_healthy;GSE256398_human::mash_cirrhosis_vs_healthy;GSE256398_human::mash_fibrosis_vs_masld_f0,-2.179766914279381,1.761367450370529
macrophage_monocyte,Biological oxidations,negative,3,GSE256398_human::alcohol_cirrhosis_vs_healthy;GSE256398_human::mash_cirrhosis_vs_healthy;GSE256398_human::mash_fibrosis_vs_masld_f0,-2.2960724291552355,1.7545644229977333
macrophage_monocyte,Complex I biogenesis,negative,3,GSE256398_human::alcohol_cirrhosis_vs_healthy;GSE256398_human::mash_cirrhosis_vs_healthy;GSE256398_human::mash_fibrosis_vs_masld_f0,-1.8497656235319746,1.7520973290228905
macrophage_monocyte,Major pathway of rRNA processing in the nucleolus and cytosol,negative,3,GSE256398_human::alcohol_cirrhosis_vs_healthy;GSE256398_human::mash_cirrhosis_vs_healthy;GSE256398_human::mash_fibrosis_vs_masld_f0,-2.1097852134563584,1.7433780482442323
macrophage_monocyte,Influenza Viral RNA Transcription and Replication,negative,3,GSE256398_human::alcohol_cirrhosis_vs_healthy;GSE256398_human::mash_cirrhosis_vs_healthy;GSE256398_human::mash_fibrosis_vs_masld_f0,-1.7714989183113283,1.7354991715058317
macrophage_monocyte,Bile acid and bile salt metabolism,negative,3,GSE256398_human::alcohol_cirrhosis_vs_healthy;GSE256398_human::mash_cirrhosis_vs_healthy;GSE256398_human::mash_fibrosis_vs_masld_f0,-2.173699922709511,1.7278679645942772
macrophage_monocyte,GTP hydrolysis and joining of the 60S ribosomal subunit,negative,3,GSE256398_human::alcohol_cirrhosis_vs_healthy;GSE256398_human::mash_cirrhosis_vs_healthy;GSE256398_human::mash_fibrosis_vs_masld_f0,-2.1678265578013582,1.7221017778487597
macrophage_monocyte,L13a-mediated translational silencing of Ceruloplasmin expression,negative,3,GSE256398_human::alcohol_cirrhosis_vs_healthy;GSE256398_human::mash_cirrhosis_vs_healthy;GSE256398_human::mash_fibrosis_vs_masld_f0,-2.122212571804031,1.7194885488898701
macrophage_monocyte,Plasma lipoprotein clearance,negative,3,GSE256398_human::alcohol_cirrhosis_vs_healthy;GSE256398_human::mash_cirrhosis_vs_healthy;GSE256398_human::mash_fibrosis_vs_masld_f0,-1.8043107499483972,1.7065340432693077
macrophage_monocyte,Cap-dependent Translation Initiation,negative,3,GSE256398_human::alcohol_cirrhosis_vs_healthy;GSE256398_human::mash_cirrhosis_vs_healthy;GSE256398_human::mash_fibrosis_vs_masld_f0,-2.1139641279655264,1.6746757922304807
macrophage_monocyte,Eukaryotic Translation Initiation,negative,3,GSE256398_human::alcohol_cirrhosis_vs_healthy;GSE256398_human::mash_cirrhosis_vs_healthy;GSE256398_human::mash_fibrosis_vs_masld_f0,-2.1139641279655264,1.6746757922304807
macrophage_monocyte,rRNA processing in the nucleus and cytosol,negative,3,GSE256398_human::alcohol_cirrhosis_vs_healthy;GSE256398_human::mash_cirrhosis_vs_healthy;GSE256398_human::mash_fibrosis_vs_masld_f0,-2.1475260287285076,1.6564287322808058
mesenchymal_hsc_myofibroblast,Drug ADME,negative,2,GSE256398_human::alcohol_cirrhosis_vs_healthy;GSE256398_human::mash_cirrhosis_vs_healthy,-2.5439372412630217,2.464213588329606
endothelial,Extracellular matrix organization,positive,2,GSE256398_human::alcohol_cirrhosis_vs_healthy;GSE256398_human::mash_cirrhosis_vs_healthy,2.2839601854260527,2.278376973113477
mesenchymal_hsc_myofibroblast,Peroxisomal lipid metabolism,negative,2,GSE256398_human::alcohol_cirrhosis_vs_healthy;GSE256398_human::mash_cirrhosis_vs_healthy,-2.3022387811968517,2.2768203553395643
macrophage_monocyte,Role of LAT2/NTAL/LAB on calcium mobilization,positive,2,GSE256398_human::alcohol_cirrhosis_vs_healthy;GSE256398_human::mash_cirrhosis_vs_healthy,2.324627302958053,2.2488374897603767
macrophage_monocyte,rRNA processing in the mitochondrion,negative,2,GSE256398_human::alcohol_cirrhosis_vs_healthy;GSE256398_human::mash_cirrhosis_vs_healthy,-2.2600499477614235,2.2350931131622294
mesenchymal_hsc_myofibroblast,Peroxisomal protein import,negative,2,GSE256398_human::alcohol_cirrhosis_vs_healthy;GSE256398_human::mash_cirrhosis_vs_healthy,-2.2550379558878815,2.2346459221574992
macrophage_monocyte,Mitochondrial translation termination,negative,2,GSE256398_human::alcohol_cirrhosis_vs_healthy;GSE256398_human::mash_cirrhosis_vs_healthy,-2.3510645302691033,2.232991150305832
macrophage_monocyte,Generation of second messenger molecules,positive,2,GSE256398_human::alcohol_cirrhosis_vs_healthy;GSE256398_human::mash_cirrhosis_vs_healthy,2.341636156086627,2.228361978035803
endothelial,Laminin interactions,positive,2,GSE256398_human::alcohol_cirrhosis_vs_healthy;GSE256398_human::mash_cirrhosis_vs_healthy,2.3763763066465806,2.218845389838678
macrophage_monocyte,Complement cascade,negative,2,GSE256398_human::alcohol_cirrhosis_vs_healthy;GSE256398_human::mash_cirrhosis_vs_healthy,-2.211366102618179,2.2020832354770947
macrophage_monocyte,Role of phospholipids in phagocytosis,positive,2,GSE256398_human::alcohol_cirrhosis_vs_healthy;GSE256398_human::mash_cirrhosis_vs_healthy,2.2458610463318367,2.2016324140983667
macrophage_monocyte,Mitochondrial translation elongation,negative,2,GSE256398_human::alcohol_cirrhosis_vs_healthy;GSE256398_human::mash_cirrhosis_vs_healthy,-2.3460179780169947,2.201211931601045
macrophage_monocyte,Phosphorylation of CD3 and TCR zeta chains,positive,2,GSE256398_human::alcohol_cirrhosis_vs_healthy;GSE256398_human::mash_cirrhosis_vs_healthy,2.2317024304606337,2.1973007803836455
endothelial,ECM proteoglycans,positive,2,GSE256398_human::alcohol_cirrhosis_vs_healthy;GSE256398_human::mash_cirrhosis_vs_healthy,2.204140605289718,2.196435296066016
macrophage_monocyte,Mitochondrial translation initiation,negative,2,GSE256398_human::alcohol_cirrhosis_vs_healthy;GSE256398_human::mash_cirrhosis_vs_healthy,-2.313546732253114,2.19456702828542
macrophage_monocyte,Phase II - Conjugation of compounds,negative,2,GSE256398_human::alcohol_cirrhosis_vs_healthy;GSE256398_human::mash_cirrhosis_vs_healthy,-2.301760202943343,2.1931985789372788
mesenchymal_hsc_myofibroblast,Mitochondrial mRNA modification,negative,2,GSE256398_human::alcohol_cirrhosis_vs_healthy;GSE256398_human::mash_cirrhosis_vs_healthy,-2.2056340777603287,2.1844704863997455
macrophage_monocyte,Regulation of Complement cascade,negative,2,GSE256398_human::alcohol_cirrhosis_vs_healthy;GSE256398_human::mash_cirrhosis_vs_healthy,-2.2017278180050575,2.1762923914921295
macrophage_monocyte,FCERI mediated MAPK activation,positive,2,GSE256398_human::alcohol_cirrhosis_vs_healthy;GSE256398_human::mash_cirrhosis_vs_healthy,2.1882347072338177,2.1677196924932574
macrophage_monocyte,Mitochondrial translation,negative,2,GSE256398_human::alcohol_cirrhosis_vs_healthy;GSE256398_human::mash_cirrhosis_vs_healthy,-2.2877738728779295,2.1657554890357593
macrophage_monocyte,Translocation of ZAP-70 to Immunological synapse,positive,2,GSE256398_human::alcohol_cirrhosis_vs_healthy;GSE256398_human::mash_cirrhosis_vs_healthy,2.3110520626671924,2.160884618369168
mesenchymal_hsc_myofibroblast,Selenocysteine synthesis,negative,2,GSE256398_human::alcohol_cirrhosis_vs_healthy;GSE256398_human::mash_fibrosis_vs_masld_f0,-2.93533646312507,2.1591688721232734
endothelial,"Cell Cycle, Mitotic",negative,2,GSE202379::advanced_f3f4_vs_f0_non_end_stage;GSE244832::mash_f2f4_group_vs_normal_sensitivity,-2.1717756646570203,2.1582115612257247
mesenchymal_hsc_myofibroblast,Attenuation phase,negative,2,GSE202379::advanced_f3f4_vs_f0_non_end_stage;GSE256398_human::mash_fibrosis_vs_masld_f0,-2.2985417605366445,2.138683291335559
endothelial,Attachment of bacteria to epithelial cells,positive,2,GSE256398_human::alcohol_cirrhosis_vs_healthy;GSE256398_human::mash_cirrhosis_vs_healthy,2.2966099196446077,2.128854054454822
endothelial,Biofilm formation,positive,2,GSE256398_human::alcohol_cirrhosis_vs_healthy;GSE256398_human::mash_cirrhosis_vs_healthy,2.2966099196446077,2.128854054454822
mesenchymal_hsc_myofibroblast,Eukaryotic Translation Termination,negative,2,GSE256398_human::alcohol_cirrhosis_vs_healthy;GSE256398_human::mash_fibrosis_vs_masld_f0,-2.951668015340072,2.1251425153816395
mesenchymal_hsc_myofibroblast,Eukaryotic Translation Elongation,negative,2,GSE256398_human::alcohol_cirrhosis_vs_healthy;GSE256398_human::mash_fibrosis_vs_masld_f0,-3.01289960018873,2.1233670132953595
endothelial,M Phase,negative,2,GSE202379::advanced_f3f4_vs_f0_non_end_stage;GSE244832::mash_f2f4_group_vs_normal_sensitivity,-2.133841597931403,2.1201294983556602
mesenchymal_hsc_myofibroblast,Selenoamino acid metabolism,negative,2,GSE256398_human::alcohol_cirrhosis_vs_healthy;GSE256398_human::mash_fibrosis_vs_masld_f0,-2.730502029174028,2.118913298309293
mesenchymal_hsc_myofibroblast,rRNA processing in the mitochondrion,negative,2,GSE256398_human::alcohol_cirrhosis_vs_healthy;GSE256398_human::mash_cirrhosis_vs_healthy,-2.1327524508966667,2.11596380074404
mesenchymal_hsc_myofibroblast,Peptide chain elongation,negative,2,GSE256398_human::alcohol_cirrhosis_vs_healthy;GSE256398_human::mash_fibrosis_vs_masld_f0,-3.001793354295123,2.115648225630247
endothelial,MET activates PTK2 signaling,positive,2,GSE256398_human::alcohol_cirrhosis_vs_healthy;GSE256398_human::mash_cirrhosis_vs_healthy,2.2226419721949533,2.1107210148818076
endothelial,Attenuation phase,negative,2,GSE202379::advanced_f3f4_vs_f0_non_end_stage;GSE256398_human::mash_fibrosis_vs_masld_f0,-2.096142139202799,2.0940459830446274
endothelial,Mitotic Spindle Checkpoint,negative,2,GSE202379::advanced_f3f4_vs_f0_non_end_stage;GSE244832::mash_f2f4_group_vs_normal_sensitivity,-2.1063349034475998,2.092292077713539
endothelial,Mitotic Prometaphase,negative,2,GSE202379::advanced_f3f4_vs_f0_non_end_stage;GSE244832::mash_f2f4_group_vs_normal_sensitivity,-2.1510700244535714,2.0913249423860347
mesenchymal_hsc_myofibroblast,Viral mRNA Translation,negative,2,GSE256398_human::alcohol_cirrhosis_vs_healthy;GSE256398_human::mash_fibrosis_vs_masld_f0,-2.9436350029127505,2.0839667417616603
mesenchymal_hsc_myofibroblast,SRP-dependent cotranslational protein targeting to membrane,negative,2,GSE256398_human::alcohol_cirrhosis_vs_healthy;GSE256398_human::mash_fibrosis_vs_masld_f0,-2.7810865893842376,2.0820422264915193
endothelial,Non-integrin membrane-ECM interactions,positive,2,GSE256398_human::alcohol_cirrhosis_vs_healthy;GSE256398_human::mash_cirrhosis_vs_healthy,2.1127980875631995,2.078661347793147
macrophage_monocyte,FCERI mediated Ca+2 mobilization,positive,2,GSE256398_human::alcohol_cirrhosis_vs_healthy;GSE256398_human::mash_cirrhosis_vs_healthy,2.1105790567481524,2.0760440881354763
endothelial,Cell Cycle Checkpoints,negative,2,GSE202379::advanced_f3f4_vs_f0_non_end_stage;GSE244832::mash_f2f4_group_vs_normal_sensitivity,-2.1867939789723985,2.0708989420995825
endothelial,Resolution of Sister Chromatid Cohesion,negative,2,GSE202379::advanced_f3f4_vs_f0_non_end_stage;GSE244832::mash_f2f4_group_vs_normal_sensitivity,-2.14241881632728,2.070712198996827
mesenchymal_hsc_myofibroblast,HSF1 activation,negative,2,GSE202379::advanced_f3f4_vs_f0_non_end_stage;GSE256398_human::mash_fibrosis_vs_masld_f0,-2.1353861423883016,2.0696363018358697
endothelial,HSF1-dependent transactivation,negative,2,GSE202379::advanced_f3f4_vs_f0_non_end_stage;GSE256398_human::mash_fibrosis_vs_masld_f0,-2.0992683481460404,2.0694549698963445
mesenchymal_hsc_myofibroblast,Coagulation pathway,negative,2,GSE256398_human::alcohol_cirrhosis_vs_healthy;GSE256398_human::mash_cirrhosis_vs_healthy,-2.3833395769687185,2.0691705954374333
mesenchymal_hsc_myofibroblast,Nonsense Mediated Decay (NMD) independent of the Exon Junction Complex (EJC),negative,2,GSE256398_human::alcohol_cirrhosis_vs_healthy;GSE256398_human::mash_fibrosis_vs_masld_f0,-2.904371296786229,2.064586616441498
macrophage_monocyte,Peroxisomal protein import,negative,2,GSE256398_human::alcohol_cirrhosis_vs_healthy;GSE256398_human::mash_cirrhosis_vs_healthy,-2.093953376045868,2.060657260915049
mesenchymal_hsc_myofibroblast,Response of EIF2AK4 (GCN2) to amino acid deficiency,negative,2,GSE256398_human::alcohol_cirrhosis_vs_healthy;GSE256398_human::mash_fibrosis_vs_masld_f0,-2.8723423724013806,2.0605385976113686
mesenchymal_hsc_myofibroblast,Protein localization,negative,2,GSE256398_human::alcohol_cirrhosis_vs_healthy;GSE256398_human::mash_cirrhosis_vs_healthy,-2.1586798203481097,2.060288362664469
macrophage_monocyte,RA biosynthesis pathway,negative,2,GSE256398_human::mash_cirrhosis_vs_healthy;GSE256398_human::mash_fibrosis_vs_masld_f0,-2.2155641161968083,2.037122209533484
macrophage_monocyte,Cristae formation,negative,2,GSE256398_human::alcohol_cirrhosis_vs_healthy;GSE256398_human::mash_fibrosis_vs_masld_f0,-2.142139561635151,2.035291345743755
mesenchymal_hsc_myofibroblast,PELO:HBS1L and ABCE1 dissociate a ribosome on a non-stop mRNA,negative,2,GSE256398_human::alcohol_cirrhosis_vs_healthy;GSE256398_human::mash_fibrosis_vs_masld_f0,-2.9128790923677528,2.026242313760186
macrophage_monocyte,Regulation of Insulin-like Growth Factor (IGF) transport and uptake by Insulin-like Growth Factor Binding Proteins (IGFBPs),negative,2,GSE256398_human::alcohol_cirrhosis_vs_healthy;GSE256398_human::mash_cirrhosis_vs_healthy,-2.0548023754395226,2.017289087914213
macrophage_monocyte,Synthesis of bile acids and bile salts,negative,2,GSE256398_human::alcohol_cirrhosis_vs_healthy;GSE256398_human::mash_cirrhosis_vs_healthy,-2.049234947236175,2.0166922366752598
endothelial,Mitotic Anaphase,negative,2,GSE202379::advanced_f3f4_vs_f0_non_end_stage;GSE244832::mash_f2f4_group_vs_normal_sensitivity,-2.0192634223670862,2.0111117286577804
mesenchymal_hsc_myofibroblast,Fatty acid metabolism,negative,2,GSE256398_human::alcohol_cirrhosis_vs_healthy;GSE256398_human::mash_cirrhosis_vs_healthy,-2.1671788253375857,2.010366972050259
endothelial,Infection with Enterobacteria,positive,2,GSE256398_human::alcohol_cirrhosis_vs_healthy;GSE256398_human::mash_cirrhosis_vs_healthy,2.1026826680611475,2.0095919362429004
endothelial,Amplification  of signal from unattached  kinetochores via a MAD2  inhibitory signal,negative,2,GSE202379::advanced_f3f4_vs_f0_non_end_stage;GSE244832::mash_f2f4_group_vs_normal_sensitivity,-2.1476041767019356,2.009137459898428
endothelial,Amplification of signal from the kinetochores,negative,2,GSE202379::advanced_f3f4_vs_f0_non_end_stage;GSE244832::mash_f2f4_group_vs_normal_sensitivity,-2.1476041767019356,2.009137459898428
mesenchymal_hsc_myofibroblast,Synthesis of bile acids and bile salts,negative,2,GSE256398_human::alcohol_cirrhosis_vs_healthy;GSE256398_human::mash_cirrhosis_vs_healthy,-2.1030449903790958,2.0036416901126057
macrophage_monocyte,Post-translational protein phosphorylation,negative,2,GSE256398_human::alcohol_cirrhosis_vs_healthy;GSE256398_human::mash_cirrhosis_vs_healthy,-2.029223397002691,2.0015045182303246
macrophage_monocyte,Plasma lipoprotein assembly,negative,2,GSE256398_human::mash_cirrhosis_vs_healthy;GSE256398_human::mash_fibrosis_vs_masld_f0,-2.0832169082794723,1.9991818488115032
endothelial,Mitotic Metaphase and Anaphase,negative,2,GSE202379::advanced_f3f4_vs_f0_non_end_stage;GSE244832::mash_f2f4_group_vs_normal_sensitivity,-2.0260112973616735,1.996570170731071
mesenchymal_hsc_myofibroblast,Formation of a pool of free 40S subunits,negative,2,GSE256398_human::alcohol_cirrhosis_vs_healthy;GSE256398_human::mash_fibrosis_vs_masld_f0,-2.8491430625672307,1.9941951062998495
macrophage_monocyte,Regulation of clotting cascade,negative,2,GSE256398_human::alcohol_cirrhosis_vs_healthy;GSE256398_human::mash_cirrhosis_vs_healthy,-1.9819390305442162,1.9807705894869712
macrophage_monocyte,Antigen activates B Cell Receptor (BCR) leading to generation of second messengers,positive,2,GSE256398_human::alcohol_cirrhosis_vs_healthy;GSE256398_human::mash_cirrhosis_vs_healthy,2.034493844913943,1.9795752312914494
endothelial,Separation of Sister Chromatids,negative,2,GSE202379::advanced_f3f4_vs_f0_non_end_stage;GSE244832::mash_f2f4_group_vs_normal_sensitivity,-1.9932929864194857,1.9776995685942498
macrophage_monocyte,Coagulation pathway,negative,2,GSE256398_human::alcohol_cirrhosis_vs_healthy;GSE256398_human::mash_cirrhosis_vs_healthy,-2.0144373458453275,1.9687776265794754
endothelial,MET promotes cell motility,positive,2,GSE256398_human::alcohol_cirrhosis_vs_healthy;GSE256398_human::mash_cirrhosis_vs_healthy,2.1098945314746844,1.965608095312347
mesenchymal_hsc_myofibroblast,HSF1-dependent transactivation,negative,2,GSE202379::advanced_f3f4_vs_f0_non_end_stage;GSE256398_human::mash_fibrosis_vs_masld_f0,-2.0946416952284848,1.9603287018631645
endothelial,EML4 and NUDC in mitotic spindle formation,negative,2,GSE202379::advanced_f3f4_vs_f0_non_end_stage;GSE244832::mash_f2f4_group_vs_normal_sensitivity,-2.051885630290664,1.9514766357560618
macrophage_monocyte,Peroxisomal lipid metabolism,negative,2,GSE256398_human::alcohol_cirrhosis_vs_healthy;GSE256398_human::mash_cirrhosis_vs_healthy,-1.9540616771269992,1.947408673051439
macrophage_monocyte,Fcgamma receptor (FCGR) dependent phagocytosis,positive,2,GSE256398_human::alcohol_cirrhosis_vs_healthy;GSE256398_human::mash_cirrhosis_vs_healthy,2.0491205704991855,1.9439372962026213
macrophage_monocyte,Heme degradation,negative,2,GSE256398_human::alcohol_cirrhosis_vs_healthy;GSE256398_human::mash_cirrhosis_vs_healthy,-2.029337259387351,1.9404612127605698
mesenchymal_hsc_myofibroblast,Metabolism of amino acids and derivatives,negative,2,GSE256398_human::alcohol_cirrhosis_vs_healthy;GSE256398_human::mash_cirrhosis_vs_healthy,-2.227739133998748,1.939859559757494
mesenchymal_hsc_myofibroblast,Mitochondrial translation termination,negative,2,GSE256398_human::alcohol_cirrhosis_vs_healthy;GSE256398_human::mash_cirrhosis_vs_healthy,-1.9813958230765967,1.936023130235327
macrophage_monocyte,Mitochondrial ribosome-associated quality control,negative,2,GSE256398_human::alcohol_cirrhosis_vs_healthy;GSE256398_human::mash_cirrhosis_vs_healthy,-2.078987979024893,1.9323325621130159
macrophage_monocyte,Metabolism of porphyrins,negative,2,GSE256398_human::alcohol_cirrhosis_vs_healthy;GSE256398_human::mash_cirrhosis_vs_healthy,-1.954029328913551,1.9294899857144547
endothelial,SUMOylation of DNA replication proteins,negative,2,GSE202379::advanced_f3f4_vs_f0_non_end_stage;GSE244832::mash_f2f4_group_vs_normal_sensitivity,-1.957854154157007,1.9239768442848513
macrophage_monocyte,FCGR activation,positive,2,GSE256398_human::alcohol_cirrhosis_vs_healthy;GSE256398_human::mash_cirrhosis_vs_healthy,1.9954499278050073,1.9207941361589411
macrophage_monocyte,Initiation of coagulation cascade,negative,2,GSE256398_human::alcohol_cirrhosis_vs_healthy;GSE256398_human::mash_cirrhosis_vs_healthy,-1.9210699840332564,1.918709354215569
macrophage_monocyte,Cytochrome P450 - arranged by substrate type,negative,2,GSE256398_human::alcohol_cirrhosis_vs_healthy;GSE256398_human::mash_cirrhosis_vs_healthy,-2.0523363761314455,1.9182027827347832
macrophage_monocyte,Protein localization,negative,2,GSE256398_human::alcohol_cirrhosis_vs_healthy;GSE256398_human::mash_cirrhosis_vs_healthy,-1.965041605141979,1.916519063436116
mesenchymal_hsc_myofibroblast,Mitochondrial translation,negative,2,GSE256398_human::alcohol_cirrhosis_vs_healthy;GSE256398_human::mash_cirrhosis_vs_healthy,-1.928378347702519,1.9146495081904382
macrophage_monocyte,Regulation of actin dynamics for phagocytic cup formation,positive,2,GSE256398_human::alcohol_cirrhosis_vs_healthy;GSE256398_human::mash_cirrhosis_vs_healthy,2.0330083519513154,1.9096246883074743
mesenchymal_hsc_myofibroblast,ZNF598 and the Ribosome-associated Quality Trigger (RQT) complex dissociate a ribosome stalled on a no-go mRNA,negative,2,GSE256398_human::alcohol_cirrhosis_vs_healthy;GSE256398_human::mash_fibrosis_vs_masld_f0,-2.778901846446039,1.9084582102179064
mesenchymal_hsc_myofibroblast,Mitochondrial translation initiation,negative,2,GSE256398_human::alcohol_cirrhosis_vs_healthy;GSE256398_human::mash_cirrhosis_vs_healthy,-1.9478022467615526,1.9074164521750445
macrophage_monocyte,Xenobiotics,negative,2,GSE256398_human::alcohol_cirrhosis_vs_healthy;GSE256398_human::mash_cirrhosis_vs_healthy,-2.0622271857092436,1.9010922431333586
macrophage_monocyte,Cholesterol biosynthesis,negative,2,GSE256398_human::mash_cirrhosis_vs_healthy;GSE256398_human::mash_fibrosis_vs_masld_f0,-1.909037842552451,1.8993982876155036
mesenchymal_hsc_myofibroblast,Mitochondrial translation elongation,negative,2,GSE256398_human::alcohol_cirrhosis_vs_healthy;GSE256398_human::mash_cirrhosis_vs_healthy,-1.956468921362803,1.8910346578191748
endothelial,Synthesis of bile acids and bile salts via 7alpha-hydroxycholesterol,negative,2,GSE244832::mash_f2f4_group_vs_normal_sensitivity;GSE256398_human::alcohol_cirrhosis_vs_healthy,-1.898635875260731,1.8873976910997843
macrophage_monocyte,Chromatin modifying enzymes,positive,2,GSE256398_human::alcohol_cirrhosis_vs_healthy;GSE256398_human::mash_cirrhosis_vs_healthy,1.9895725082782074,1.8865419616487855
macrophage_monocyte,Metabolic disorders of biological oxidation enzymes,negative,2,GSE256398_human::alcohol_cirrhosis_vs_healthy;GSE256398_human::mash_cirrhosis_vs_healthy,-1.9503481651725445,1.8836570586034012
macrophage_monocyte,Diseases of metabolism,negative,2,GSE256398_human::alcohol_cirrhosis_vs_healthy;GSE256398_human::mash_cirrhosis_vs_healthy,-1.8841721872795485,1.8832773067808537
endothelial,Chromosome Maintenance,negative,2,GSE202379::advanced_f3f4_vs_f0_non_end_stage;GSE244832::mash_f2f4_group_vs_normal_sensitivity,-1.9626225194825402,1.8734140211422157
mesenchymal_hsc_myofibroblast,Regulation of clotting cascade,negative,2,GSE256398_human::alcohol_cirrhosis_vs_healthy;GSE256398_human::mash_cirrhosis_vs_healthy,-2.158085289272928,1.8667619110525724
macrophage_monocyte,"Plasma lipoprotein assembly, remodeling, and clearance",negative,2,GSE256398_human::alcohol_cirrhosis_vs_healthy;GSE256398_human::mash_cirrhosis_vs_healthy,-2.062113986233881,1.8644934463910254
endothelial,Xenobiotics,negative,2,GSE244832::mash_f2f4_group_vs_normal_sensitivity;GSE256398_human::mash_fibrosis_vs_masld_f0,-1.9408919582641255,1.8642531434961074
endothelial,Deposition of new CENPA-containing nucleosomes at the centromere,negative,2,GSE202379::advanced_f3f4_vs_f0_non_end_stage;GSE244832::mash_f2f4_group_vs_normal_sensitivity,-1.9289597849440048,1.8549060878375583
endothelial,Nucleosome assembly,negative,2,GSE202379::advanced_f3f4_vs_f0_non_end_stage;GSE244832::mash_f2f4_group_vs_normal_sensitivity,-1.9289597849440048,1.8549060878375583
endothelial,S Phase,negative,2,GSE202379::advanced_f3f4_vs_f0_non_end_stage;GSE244832::mash_f2f4_group_vs_normal_sensitivity,-1.8724924156414424,1.8525920327763974
mesenchymal_hsc_myofibroblast,Selenoamino acid metabolism,positive,2,GSE202379::advanced_f3f4_vs_f0_non_end_stage;GSE244832::mash_f2f4_group_vs_normal_sensitivity,1.8802410155596887,1.8523228241249403
macrophage_monocyte,Amplification and propagation of coagulation cascade,negative,2,GSE256398_human::alcohol_cirrhosis_vs_healthy;GSE256398_human::mash_cirrhosis_vs_healthy,-2.0386535752361548,1.8520654946114656
mesenchymal_hsc_myofibroblast,L13a-mediated translational silencing of Ceruloplasmin expression,negative,2,GSE256398_human::alcohol_cirrhosis_vs_healthy;GSE256398_human::mash_fibrosis_vs_masld_f0,-2.5906534800825867,1.8514659426456042
mesenchymal_hsc_myofibroblast,GTP hydrolysis and joining of the 60S ribosomal subunit,negative,2,GSE256398_human::alcohol_cirrhosis_vs_healthy;GSE256398_human::mash_fibrosis_vs_masld_f0,-2.533410604038645,1.8456365084138158
macrophage_monocyte,Influenza Infection,negative,2,GSE256398_human::mash_cirrhosis_vs_healthy;GSE256398_human::mash_fibrosis_vs_masld_f0,-2.568253485081357,1.8401802994910896
endothelial,Mitotic G2-G2/M phases,negative,2,GSE202379::advanced_f3f4_vs_f0_non_end_stage;GSE244832::mash_f2f4_group_vs_normal_sensitivity,-1.9041811893799634,1.8393112262397275
mesenchymal_hsc_myofibroblast,Glyoxylate metabolism and glycine degradation,negative,2,GSE256398_human::alcohol_cirrhosis_vs_healthy;GSE256398_human::mash_cirrhosis_vs_healthy,-1.9418878631209378,1.8377085847860564
macrophage_monocyte,Defects of Coagulation cascade,negative,2,GSE256398_human::alcohol_cirrhosis_vs_healthy;GSE256398_human::mash_cirrhosis_vs_healthy,-2.053250970059834,1.8372988029724173
macrophage_monocyte,TP53 Regulates Transcription of Cell Cycle Genes,positive,2,GSE256398_human::alcohol_cirrhosis_vs_healthy;GSE256398_human::mash_cirrhosis_vs_healthy,1.8795754623580905,1.8366666839412313
mesenchymal_hsc_myofibroblast,Cellular response to starvation,negative,2,GSE256398_human::alcohol_cirrhosis_vs_healthy;GSE256398_human::mash_fibrosis_vs_masld_f0,-2.4946573939117638,1.8362875297517007
endothelial,AURKA Activation by TPX2,negative,2,GSE202379::advanced_f3f4_vs_f0_non_end_stage;GSE244832::mash_f2f4_group_vs_normal_sensitivity,-1.8410563644140197,1.8354621086516927
macrophage_monocyte,Metabolism of steroids,negative,2,GSE256398_human::alcohol_cirrhosis_vs_healthy;GSE256398_human::mash_cirrhosis_vs_healthy,-1.9691548678642747,1.8352592902721099
mesenchymal_hsc_myofibroblast,Plasma lipoprotein assembly,positive,2,GSE202379::advanced_f3f4_vs_f0_non_end_stage;GSE244832::mash_f2f4_group_vs_normal_sensitivity,1.9890911499106354,1.8349866657350673
mesenchymal_hsc_myofibroblast,rRNA processing,negative,2,GSE256398_human::mash_cirrhosis_vs_healthy;GSE256398_human::mash_fibrosis_vs_masld_f0,-2.0194399400257734,1.8336176640195998
mesenchymal_hsc_myofibroblast,Phase II - Conjugation of compounds,negative,2,GSE256398_human::alcohol_cirrhosis_vs_healthy;GSE256398_human::mash_cirrhosis_vs_healthy,-2.096537019330295,1.830898458771452
macrophage_monocyte,Plasma lipoprotein remodeling,negative,2,GSE256398_human::alcohol_cirrhosis_vs_healthy;GSE256398_human::mash_cirrhosis_vs_healthy,-2.0166879331655956,1.8299376004885
mesenchymal_hsc_myofibroblast,Formation of ATP by chemiosmotic coupling,negative,2,GSE256398_human::alcohol_cirrhosis_vs_healthy;GSE256398_human::mash_fibrosis_vs_masld_f0,-1.8386786359336886,1.8271409155875136
endothelial,G2/M Transition,negative,2,GSE202379::advanced_f3f4_vs_f0_non_end_stage;GSE244832::mash_f2f4_group_vs_normal_sensitivity,-1.9073830553642432,1.82483191162888
mesenchymal_hsc_myofibroblast,Respiratory electron transport,negative,2,GSE256398_human::alcohol_cirrhosis_vs_healthy;GSE256398_human::mash_fibrosis_vs_masld_f0,-1.9762912161725823,1.8227904722329746
macrophage_monocyte,Recycling of bile acids and salts,negative,2,GSE256398_human::alcohol_cirrhosis_vs_healthy;GSE256398_human::mash_cirrhosis_vs_healthy,-1.8378880801188726,1.8211961569065493
macrophage_monocyte,Biosynthesis of DHA-derived SPMs,negative,2,GSE256398_human::alcohol_cirrhosis_vs_healthy;GSE256398_human::mash_cirrhosis_vs_healthy,-1.9159890736024636,1.8208914947629204
endothelial,Phase I - Functionalization of compounds,negative,2,GSE244832::mash_f2f4_group_vs_normal_sensitivity;GSE256398_human::alcohol_cirrhosis_vs_healthy,-1.995588270386825,1.8199969002093133
mesenchymal_hsc_myofibroblast,MyD88 deficiency (TLR2/4),negative,2,GSE256398_human::alcohol_cirrhosis_vs_healthy;GSE256398_human::mash_cirrhosis_vs_healthy,-1.8629009056241816,1.8194800907896829
macrophage_monocyte,Glycogen metabolism,negative,2,GSE256398_human::alcohol_cirrhosis_vs_healthy;GSE256398_human::mash_cirrhosis_vs_healthy,-1.8816110050899715,1.8174018511534276
endothelial,RHO GTPases Activate Formins,negative,2,GSE202379::advanced_f3f4_vs_f0_non_end_stage;GSE244832::mash_f2f4_group_vs_normal_sensitivity,-1.9316800967739756,1.8130706194648054
mesenchymal_hsc_myofibroblast,Diseases of hemostasis,negative,2,GSE256398_human::alcohol_cirrhosis_vs_healthy;GSE256398_human::mash_cirrhosis_vs_healthy,-1.9853132574092496,1.81265227688449
macrophage_monocyte,IFIT antiviral response,negative,2,GSE256398_human::mash_cirrhosis_vs_healthy;GSE256398_human::mash_fibrosis_vs_masld_f0,-2.5421769539836614,1.807437388327304
macrophage_monocyte,SUMOylation of intracellular receptors,negative,2,GSE256398_human::alcohol_cirrhosis_vs_healthy;GSE256398_human::mash_cirrhosis_vs_healthy,-1.9749024188050224,1.8057900574724073
macrophage_monocyte,Diseases of hemostasis,negative,2,GSE256398_human::alcohol_cirrhosis_vs_healthy;GSE256398_human::mash_cirrhosis_vs_healthy,-1.9998999301866918,1.8034884771473063
mesenchymal_hsc_myofibroblast,Amplification and propagation of coagulation cascade,negative,2,GSE256398_human::alcohol_cirrhosis_vs_healthy;GSE256398_human::mash_cirrhosis_vs_healthy,-1.932265147954149,1.8019834402770207
mesenchymal_hsc_myofibroblast,Plasma lipoprotein remodeling,negative,2,GSE256398_human::alcohol_cirrhosis_vs_healthy;GSE256398_human::mash_cirrhosis_vs_healthy,-2.013151976496629,1.8002804005667783
endothelial,Viral mRNA Translation,negative,2,GSE256398_human::alcohol_cirrhosis_vs_healthy;GSE256398_human::mash_fibrosis_vs_masld_f0,-2.2737143553096764,1.7999214171817404
endothelial,Eukaryotic Translation Elongation,negative,2,GSE256398_human::alcohol_cirrhosis_vs_healthy;GSE256398_human::mash_fibrosis_vs_masld_f0,-2.3073100797651014,1.7993599818883779
endothelial,Biological oxidations,negative,2,GSE244832::mash_f2f4_group_vs_normal_sensitivity;GSE256398_human::alcohol_cirrhosis_vs_healthy,-1.992331062250197,1.7982617217181394
macrophage_monocyte,SARS-CoV-2 modulates host translation machinery,negative,2,GSE256398_human::mash_cirrhosis_vs_healthy;GSE256398_human::mash_fibrosis_vs_masld_f0,-2.4834378616017467,1.796324860771543
macrophage_monocyte,Biosynthesis of specialized proresolving mediators (SPMs),negative,2,GSE256398_human::alcohol_cirrhosis_vs_healthy;GSE256398_human::mash_cirrhosis_vs_healthy,-1.8875948409565826,1.7880170350197007
endothelial,Peptide chain elongation,negative,2,GSE256398_human::alcohol_cirrhosis_vs_healthy;GSE256398_human::mash_fibrosis_vs_masld_f0,-2.3272314583022355,1.7843241581654343
mesenchymal_hsc_myofibroblast,SLC-mediated transport of organic anions,negative,2,GSE256398_human::alcohol_cirrhosis_vs_healthy;GSE256398_human::mash_cirrhosis_vs_healthy,-1.8623508806648217,1.7835831668957143
macrophage_monocyte,Paracetamol ADME,negative,2,GSE256398_human::alcohol_cirrhosis_vs_healthy;GSE256398_human::mash_cirrhosis_vs_healthy,-1.798112025689726,1.7829600328053992
mesenchymal_hsc_myofibroblast,Defects of Coagulation cascade,negative,2,GSE256398_human::alcohol_cirrhosis_vs_healthy;GSE256398_human::mash_cirrhosis_vs_healthy,-1.9917592509409692,1.7794560939132027
macrophage_monocyte,Glucuronidation,negative,2,GSE256398_human::alcohol_cirrhosis_vs_healthy;GSE256398_human::mash_cirrhosis_vs_healthy,-1.9444270675629265,1.7777774917327591
endothelial,Selenocysteine synthesis,negative,2,GSE256398_human::alcohol_cirrhosis_vs_healthy;GSE256398_human::mash_fibrosis_vs_masld_f0,-2.303477644383344,1.7734017824045658
endothelial,Eukaryotic Translation Termination,negative,2,GSE256398_human::alcohol_cirrhosis_vs_healthy;GSE256398_human::mash_fibrosis_vs_masld_f0,-2.24758768805955,1.7718506002789274
macrophage_monocyte,Affinity selection of immunoglobulins,positive,2,GSE256398_human::alcohol_cirrhosis_vs_healthy;GSE256398_human::mash_cirrhosis_vs_healthy,1.8331134722131122,1.7714806518893418
macrophage_monocyte,Immunoglobulin maturation,positive,2,GSE256398_human::alcohol_cirrhosis_vs_healthy;GSE256398_human::mash_cirrhosis_vs_healthy,1.8331134722131122,1.7714806518893418
mesenchymal_hsc_myofibroblast,Sialic acid metabolism,negative,2,GSE256398_human::alcohol_cirrhosis_vs_healthy;GSE256398_human::mash_cirrhosis_vs_healthy,-1.920073881952677,1.7709602093630712
macrophage_monocyte,Metabolism of vitamins and cofactors,negative,2,GSE256398_human::alcohol_cirrhosis_vs_healthy;GSE256398_human::mash_cirrhosis_vs_healthy,-1.8695107680705731,1.7673964162257079
macrophage_monocyte,Glyoxylate metabolism and glycine degradation,negative,2,GSE256398_human::alcohol_cirrhosis_vs_healthy;GSE256398_human::mash_cirrhosis_vs_healthy,-1.9968285436548363,1.7665048200920763
endothelial,WNT5A-dependent internalization of FZD4,negative,2,GSE244832::mash_f2f4_group_vs_normal_sensitivity;GSE256398_human::mash_cirrhosis_vs_healthy,-1.917886593705238,1.7646097703092278
endothelial,SUMO E3 ligases SUMOylate target proteins,negative,2,GSE202379::advanced_f3f4_vs_f0_non_end_stage;GSE244832::mash_f2f4_group_vs_normal_sensitivity,-1.818435165996807,1.7516882937905134
macrophage_monocyte,Metabolism of steroid hormones,negative,2,GSE256398_human::alcohol_cirrhosis_vs_healthy;GSE256398_human::mash_cirrhosis_vs_healthy,-1.7998360581848802,1.745068089622374
macrophage_monocyte,SARS-CoV-1 modulates host translation machinery,negative,2,GSE256398_human::mash_cirrhosis_vs_healthy;GSE256398_human::mash_fibrosis_vs_masld_f0,-2.593263650701304,1.742319793229938
mesenchymal_hsc_myofibroblast,Cap-dependent Translation Initiation,negative,2,GSE256398_human::alcohol_cirrhosis_vs_healthy;GSE256398_human::mash_fibrosis_vs_masld_f0,-2.4437479302970946,1.734351269238355
mesenchymal_hsc_myofibroblast,Eukaryotic Translation Initiation,negative,2,GSE256398_human::alcohol_cirrhosis_vs_healthy;GSE256398_human::mash_fibrosis_vs_masld_f0,-2.4437479302970946,1.734351269238355
macrophage_monocyte,Fatty acid metabolism,negative,2,GSE256398_human::alcohol_cirrhosis_vs_healthy;GSE256398_human::mash_cirrhosis_vs_healthy,-1.8123893703721363,1.7307483971502953
macrophage_monocyte,Glycogen storage diseases,negative,2,GSE256398_human::alcohol_cirrhosis_vs_healthy;GSE256398_human::mash_cirrhosis_vs_healthy,-1.831591266111913,1.7199649567778943
macrophage_monocyte,ABC transporter disorders,negative,2,GSE256398_human::alcohol_cirrhosis_vs_healthy;GSE256398_human::mash_cirrhosis_vs_healthy,-1.7594803271420847,1.7184208862145773
macrophage_monocyte,Detoxification of Reactive Oxygen Species,negative,2,GSE256398_human::alcohol_cirrhosis_vs_healthy;GSE256398_human::mash_cirrhosis_vs_healthy,-1.7563982426738272,1.7166529778737267
macrophage_monocyte,Aflatoxin activation and detoxification,negative,2,GSE256398_human::alcohol_cirrhosis_vs_healthy;GSE256398_human::mash_cirrhosis_vs_healthy,-1.791619450344955,1.711221980761406
macrophage_monocyte,"Formation of the ternary complex, and subsequently, the 43S complex",negative,2,GSE256398_human::mash_cirrhosis_vs_healthy;GSE256398_human::mash_fibrosis_vs_masld_f0,-2.4217220207751313,1.6959863449360562
endothelial,Drug ADME,negative,2,GSE244832::mash_f2f4_group_vs_normal_sensitivity;GSE256398_human::alcohol_cirrhosis_vs_healthy,-1.74626657359333,1.6952997244572086
macrophage_monocyte,Triglyceride metabolism,negative,2,GSE256398_human::alcohol_cirrhosis_vs_healthy;GSE256398_human::mash_cirrhosis_vs_healthy,-1.7855823643012831,1.6932688319287583
macrophage_monocyte,Complex III assembly,negative,2,GSE256398_human::alcohol_cirrhosis_vs_healthy;GSE256398_human::mash_cirrhosis_vs_healthy,-1.739124064526833,1.6869312802501466
macrophage_monocyte,PD-L1(CD274) glycosylation and translocation to plasma membrane,negative,2,GSE256398_human::alcohol_cirrhosis_vs_healthy;GSE256398_human::mash_fibrosis_vs_masld_f0,-1.7134547578703307,1.6836405569927646
macrophage_monocyte,Retinoid metabolism and transport,negative,2,GSE256398_human::alcohol_cirrhosis_vs_healthy;GSE256398_human::mash_cirrhosis_vs_healthy,-1.7463142635039384,1.6811015177789708
macrophage_monocyte,Signaling by ROBO receptors,negative,2,GSE256398_human::mash_cirrhosis_vs_healthy;GSE256398_human::mash_fibrosis_vs_masld_f0,-2.283771772248459,1.6781173009560488
mesenchymal_hsc_myofibroblast,Nonsense Mediated Decay (NMD) enhanced by the Exon Junction Complex (EJC),negative,2,GSE256398_human::alcohol_cirrhosis_vs_healthy;GSE256398_human::mash_fibrosis_vs_masld_f0,-2.553764164739786,1.6744426715804193
mesenchymal_hsc_myofibroblast,Nonsense-Mediated Decay (NMD),negative,2,GSE256398_human::alcohol_cirrhosis_vs_healthy;GSE256398_human::mash_fibrosis_vs_masld_f0,-2.553764164739786,1.6744426715804193
endothelial,rRNA processing in the mitochondrion,negative,2,GSE244832::mash_f2f4_group_vs_normal_sensitivity;GSE256398_human::alcohol_cirrhosis_vs_healthy,-1.770512925034593,1.6728499602347033
mesenchymal_hsc_myofibroblast,Degradation of cysteine and homocysteine,negative,2,GSE256398_human::alcohol_cirrhosis_vs_healthy;GSE256398_human::mash_fibrosis_vs_masld_f0,-1.8016103540404398,1.6697662352153149
endothelial,Peroxisomal lipid metabolism,negative,2,GSE244832::mash_f2f4_group_vs_normal_sensitivity;GSE256398_human::alcohol_cirrhosis_vs_healthy,-1.7563389572758652,1.662443570775818
macrophage_monocyte,Arachidonate metabolism,negative,2,GSE256398_human::alcohol_cirrhosis_vs_healthy;GSE256398_human::mash_cirrhosis_vs_healthy,-1.6835278904045587,1.6616308049006603
macrophage_monocyte,SARS-CoV-1-host interactions,negative,2,GSE256398_human::mash_cirrhosis_vs_healthy;GSE256398_human::mash_fibrosis_vs_masld_f0,-2.2873234331625776,1.6541438466107643
macrophage_monocyte,Hh mutants are degraded by ERAD,negative,2,GSE256398_human::alcohol_cirrhosis_vs_healthy;GSE256398_human::mash_cirrhosis_vs_healthy,-1.6766274941787538,1.6525167617476442
endothelial,Cyclin A/B1/B2 associated events during G2/M transition,negative,2,GSE202379::advanced_f3f4_vs_f0_non_end_stage;GSE244832::mash_f2f4_group_vs_normal_sensitivity,-2.017888359106945,1.6524347694135797
endothelial,Nonhomologous End-Joining (NHEJ),negative,2,GSE202379::advanced_f3f4_vs_f0_non_end_stage;GSE244832::mash_f2f4_group_vs_normal_sensitivity,-1.7595279167434326,1.6490538281701073
macrophage_monocyte,Tight junction interactions,negative,2,GSE256398_human::alcohol_cirrhosis_vs_healthy;GSE256398_human::mash_cirrhosis_vs_healthy,-1.7136771389560161,1.6470234415938978
macrophage_monocyte,NOTCH3 Activation and Transmission of Signal to the Nucleus,negative,2,GSE256398_human::alcohol_cirrhosis_vs_healthy;GSE256398_human::mash_cirrhosis_vs_healthy,-1.7218898810390177,1.645914399002542
macrophage_monocyte,Signaling by Retinoic Acid,negative,2,GSE256398_human::mash_cirrhosis_vs_healthy;GSE256398_human::mash_fibrosis_vs_masld_f0,-1.8111988874851992,1.643817178827202
macrophage_monocyte,Cytoprotection by HMOX1,negative,2,GSE256398_human::mash_cirrhosis_vs_healthy;GSE256398_human::mash_fibrosis_vs_masld_f0,-1.7009361716354587,1.6431936582091158
mesenchymal_hsc_myofibroblast,SARS-CoV-1 modulates host translation machinery,negative,1,GSE256398_human::mash_fibrosis_vs_masld_f0,-3.2768682859863847,3.2768682859863847
macrophage_monocyte,Translation initiation complex formation,negative,1,GSE256398_human::mash_fibrosis_vs_masld_f0,-3.1572052285359034,3.1572052285359034
macrophage_monocyte,"Activation of the mRNA upon binding of the cap-binding complex and eIFs, and subsequent binding to 43S",negative,1,GSE256398_human::mash_fibrosis_vs_masld_f0,-3.1335631785096214,3.1335631785096214
mesenchymal_hsc_myofibroblast,Influenza Viral RNA Transcription and Replication,negative,1,GSE256398_human::mash_fibrosis_vs_masld_f0,-3.131975962903353,3.131975962903353
macrophage_monocyte,Ribosomal scanning and start codon recognition,negative,1,GSE256398_human::mash_fibrosis_vs_masld_f0,-3.0866349092241325,3.0866349092241325
mesenchymal_hsc_myofibroblast,Regulation of expression of SLITs and ROBOs,negative,1,GSE256398_human::mash_fibrosis_vs_masld_f0,-2.939802805504997,2.939802805504997
mesenchymal_hsc_myofibroblast,Influenza Infection,negative,1,GSE256398_human::mash_fibrosis_vs_masld_f0,-2.9269450747013095,2.9269450747013095
mesenchymal_hsc_myofibroblast,SARS-CoV-2 modulates host translation machinery,negative,1,GSE256398_human::mash_fibrosis_vs_masld_f0,-2.8209408618594383,2.8209408618594383
mesenchymal_hsc_myofibroblast,Cell-extracellular matrix interactions,negative,1,GSE202379::advanced_f3f4_vs_f0_non_end_stage,-2.8142593092748154,2.8142593092748154
mesenchymal_hsc_myofibroblast,IFIT antiviral response,negative,1,GSE256398_human::mash_fibrosis_vs_masld_f0,-2.751858686767201,2.751858686767201
mesenchymal_hsc_myofibroblast,Collagen biosynthesis and modifying enzymes,negative,1,GSE202379::advanced_f3f4_vs_f0_non_end_stage,-2.7068149665596137,2.7068149665596137
mesenchymal_hsc_myofibroblast,Ribosome-associated quality control,negative,1,GSE256398_human::mash_fibrosis_vs_masld_f0,-2.6910333566284828,2.6910333566284828
macrophage_monocyte,Mitochondrial unfolded protein response (UPRmt),negative,1,GSE256398_human::mash_fibrosis_vs_masld_f0,-2.6662278305937965,2.6662278305937965
endothelial,PELO:HBS1L and ABCE1 dissociate a ribosome on a non-stop mRNA,negative,1,GSE256398_human::mash_fibrosis_vs_masld_f0,-2.64165134832594,2.64165134832594
mesenchymal_hsc_myofibroblast,"Formation of the ternary complex, and subsequently, the 43S complex",negative,1,GSE256398_human::mash_fibrosis_vs_masld_f0,-2.634930711724708,2.634930711724708
macrophage_monocyte,Interferon alpha/beta signaling,negative,1,GSE256398_human::mash_fibrosis_vs_masld_f0,-2.6285070417662872,2.6285070417662872
mesenchymal_hsc_myofibroblast,SARS-CoV-1-host interactions,negative,1,GSE256398_human::mash_fibrosis_vs_masld_f0,-2.6204541927275162,2.6204541927275162
endothelial,ZNF598 and the Ribosome-associated Quality Trigger (RQT) complex dissociate a ribosome stalled on a no-go mRNA,negative,1,GSE256398_human::mash_fibrosis_vs_masld_f0,-2.619601926173848,2.619601926173848
macrophage_monocyte,SARS-CoV-1 Infection,negative,1,GSE256398_human::mash_fibrosis_vs_masld_f0,-2.5606056783930375,2.5606056783930375
mesenchymal_hsc_myofibroblast,Regulation of MECP2 expression and activity,negative,1,GSE202379::advanced_f3f4_vs_f0_non_end_stage,-2.5576203890043265,2.5576203890043265
endothelial,SARS-CoV-1 modulates host translation machinery,negative,1,GSE256398_human::mash_fibrosis_vs_masld_f0,-2.537180834300382,2.537180834300382
endothelial,Nonsense Mediated Decay (NMD) independent of the Exon Junction Complex (EJC),negative,1,GSE256398_human::mash_fibrosis_vs_masld_f0,-2.4792797978168224,2.4792797978168224
mesenchymal_hsc_myofibroblast,Complement cascade,negative,1,GSE256398_human::alcohol_cirrhosis_vs_healthy,-2.4681180915376384,2.4681180915376384
macrophage_monocyte,Translocation of ZAP-70 to Immunological synapse,negative,1,GSE256398_human::mash_fibrosis_vs_masld_f0,-2.445542178239488,2.445542178239488
endothelial,Translocation of ZAP-70 to Immunological synapse,negative,1,GSE256398_human::mash_fibrosis_vs_masld_f0,-2.4432985002113767,2.4432985002113767
mesenchymal_hsc_myofibroblast,Opioid Signalling,negative,1,GSE202379::advanced_f3f4_vs_f0_non_end_stage,-2.406949796951643,2.406949796951643
endothelial,SRP-dependent cotranslational protein targeting to membrane,negative,1,GSE256398_human::mash_fibrosis_vs_masld_f0,-2.3968443437238003,2.3968443437238003
mesenchymal_hsc_myofibroblast,Regulation of cholesterol biosynthesis by SREBP (SREBF),negative,1,GSE244832::mash_f2f4_group_vs_normal_sensitivity,-2.389315312231516,2.389315312231516
mesenchymal_hsc_myofibroblast,Signaling by PDGF,negative,1,GSE202379::advanced_f3f4_vs_f0_non_end_stage,-2.370885701336892,2.370885701336892
macrophage_monocyte,Attenuation phase,negative,1,GSE256398_human::mash_fibrosis_vs_masld_f0,-2.3509559100949358,2.3509559100949358
mesenchymal_hsc_myofibroblast,Signaling by ROBO receptors,negative,1,GSE256398_human::mash_fibrosis_vs_masld_f0,-2.3497817550625832,2.3497817550625832
mesenchymal_hsc_myofibroblast,Translation initiation complex formation,negative,1,GSE256398_human::mash_fibrosis_vs_masld_f0,-2.3412789344585936,2.3412789344585936
mesenchymal_hsc_myofibroblast,CTNNB1 S33 mutants aren't phosphorylated,negative,1,GSE202379::advanced_f3f4_vs_f0_non_end_stage,-2.341225296528276,2.341225296528276
mesenchymal_hsc_myofibroblast,CTNNB1 S37 mutants aren't phosphorylated,negative,1,GSE202379::advanced_f3f4_vs_f0_non_end_stage,-2.341225296528276,2.341225296528276
mesenchymal_hsc_myofibroblast,CTNNB1 S45 mutants aren't phosphorylated,negative,1,GSE202379::advanced_f3f4_vs_f0_non_end_stage,-2.341225296528276,2.341225296528276
mesenchymal_hsc_myofibroblast,CTNNB1 T41 mutants aren't phosphorylated,negative,1,GSE202379::advanced_f3f4_vs_f0_non_end_stage,-2.341225296528276,2.341225296528276
mesenchymal_hsc_myofibroblast,Signaling by CTNNB1 phospho-site mutants,negative,1,GSE202379::advanced_f3f4_vs_f0_non_end_stage,-2.341225296528276,2.341225296528276
mesenchymal_hsc_myofibroblast,Signaling by GSK3beta mutants,negative,1,GSE202379::advanced_f3f4_vs_f0_non_end_stage,-2.341225296528276,2.341225296528276
mesenchymal_hsc_myofibroblast,Activation of gene expression by SREBF (SREBP),negative,1,GSE244832::mash_f2f4_group_vs_normal_sensitivity,-2.3389184341924225,2.3389184341924225
endothelial,Homology Directed Repair,negative,1,GSE244832::mash_f2f4_group_vs_normal_sensitivity,-2.332706983189356,2.332706983189356
mesenchymal_hsc_myofibroblast,ECM proteoglycans,negative,1,GSE202379::advanced_f3f4_vs_f0_non_end_stage,-2.3316861307363235,2.3316861307363235
mesenchymal_hsc_myofibroblast,"Activation of the mRNA upon binding of the cap-binding complex and eIFs, and subsequent binding to 43S",negative,1,GSE256398_human::mash_fibrosis_vs_masld_f0,-2.3286610518972357,2.3286610518972357
mesenchymal_hsc_myofibroblast,Ribosome Quality Control (RQC) complex extracts and degrades nascent peptide,negative,1,GSE256398_human::mash_fibrosis_vs_masld_f0,-2.3260068180875,2.3260068180875
endothelial,Response of EIF2AK4 (GCN2) to amino acid deficiency,negative,1,GSE256398_human::mash_fibrosis_vs_masld_f0,-2.3200768277035273,2.3200768277035273
mesenchymal_hsc_myofibroblast,Nephrin family interactions,negative,1,GSE202379::advanced_f3f4_vs_f0_non_end_stage,-2.319990439102502,2.319990439102502
macrophage_monocyte,Phosphorylation of CD3 and TCR zeta chains,negative,1,GSE256398_human::mash_fibrosis_vs_masld_f0,-2.3150874719023933,2.3150874719023933
mesenchymal_hsc_myofibroblast,rRNA processing in the nucleus and cytosol,negative,1,GSE256398_human::mash_fibrosis_vs_masld_f0,-2.314082835984512,2.314082835984512
mesenchymal_hsc_myofibroblast,Beta-catenin phosphorylation cascade,negative,1,GSE202379::advanced_f3f4_vs_f0_non_end_stage,-2.307319889422555,2.307319889422555
mesenchymal_hsc_myofibroblast,MET activates PTK2 signaling,negative,1,GSE202379::advanced_f3f4_vs_f0_non_end_stage,-2.3056609786579165,2.3056609786579165
endothelial,HDR through Homologous Recombination (HRR) or Single Strand Annealing (SSA),negative,1,GSE244832::mash_f2f4_group_vs_normal_sensitivity,-2.3034064381376558,2.3034064381376558
mesenchymal_hsc_myofibroblast,PLC beta mediated events,negative,1,GSE202379::advanced_f3f4_vs_f0_non_end_stage,-2.301282834079805,2.301282834079805
macrophage_monocyte,Interleukin-37 signaling,positive,1,GSE256398_human::alcohol_cirrhosis_vs_healthy,2.301079568352999,2.301079568352999
mesenchymal_hsc_myofibroblast,VEGFA-VEGFR2 Pathway,negative,1,GSE202379::advanced_f3f4_vs_f0_non_end_stage,-2.3000089321261505,2.3000089321261505
mesenchymal_hsc_myofibroblast,ESR-mediated signaling,negative,1,GSE202379::advanced_f3f4_vs_f0_non_end_stage,-2.2988497184438055,2.2988497184438055
mesenchymal_hsc_myofibroblast,Regulation of PD-L1(CD274) transcription,negative,1,GSE202379::advanced_f3f4_vs_f0_non_end_stage,-2.298627073526197,2.298627073526197
mesenchymal_hsc_myofibroblast,Extra-nuclear estrogen signaling,negative,1,GSE202379::advanced_f3f4_vs_f0_non_end_stage,-2.297171235061192,2.297171235061192
endothelial,DNA Double-Strand Break Repair,negative,1,GSE244832::mash_f2f4_group_vs_normal_sensitivity,-2.2770324014344916,2.2770324014344916
mesenchymal_hsc_myofibroblast,G-protein mediated events,negative,1,GSE202379::advanced_f3f4_vs_f0_non_end_stage,-2.274109844381812,2.274109844381812
mesenchymal_hsc_myofibroblast,Ribosomal scanning and start codon recognition,negative,1,GSE256398_human::mash_fibrosis_vs_masld_f0,-2.270752960522505,2.270752960522505
endothelial,Scavenging of heme from plasma,positive,1,GSE256398_human::mash_cirrhosis_vs_healthy,2.27058791981326,2.27058791981326
endothelial,Cytochrome P450 - arranged by substrate type,negative,1,GSE244832::mash_f2f4_group_vs_normal_sensitivity,-2.2651509169549664,2.2651509169549664
macrophage_monocyte,HSF1-dependent transactivation,negative,1,GSE256398_human::mash_fibrosis_vs_masld_f0,-2.2638257466928846,2.2638257466928846
mesenchymal_hsc_myofibroblast,Collagen chain trimerization,negative,1,GSE202379::advanced_f3f4_vs_f0_non_end_stage,-2.2622125866983294,2.2622125866983294
mesenchymal_hsc_myofibroblast,Mitochondrial protein degradation,negative,1,GSE256398_human::alcohol_cirrhosis_vs_healthy,-2.2612307628690402,2.2612307628690402
mesenchymal_hsc_myofibroblast,Eukaryotic Translation Elongation,positive,1,GSE244832::mash_f2f4_group_vs_normal_sensitivity,2.2605013721299243,2.2605013721299243
macrophage_monocyte,HSF1 activation,negative,1,GSE256398_human::mash_fibrosis_vs_masld_f0,-2.255756538600776,2.255756538600776
mesenchymal_hsc_myofibroblast,Major pathway of rRNA processing in the nucleolus and cytosol,negative,1,GSE256398_human::mash_fibrosis_vs_masld_f0,-2.250954134776416,2.250954134776416
mesenchymal_hsc_myofibroblast,Peptide chain elongation,positive,1,GSE244832::mash_f2f4_group_vs_normal_sensitivity,2.250751314209667,2.250751314209667
endothelial,Integrin cell surface interactions,positive,1,GSE256398_human::mash_cirrhosis_vs_healthy,2.249189507594656,2.249189507594656
mesenchymal_hsc_myofibroblast,Regulation of Complement cascade,negative,1,GSE256398_human::alcohol_cirrhosis_vs_healthy,-2.2479885328498472,2.2479885328498472
endothelial,G2/M Checkpoints,negative,1,GSE244832::mash_f2f4_group_vs_normal_sensitivity,-2.247191568313021,2.247191568313021
macrophage_monocyte,Generation of second messenger molecules,negative,1,GSE256398_human::mash_fibrosis_vs_masld_f0,-2.246149136935985,2.246149136935985
macrophage_monocyte,XBP1(S) activates chaperone genes,negative,1,GSE244832::mash_f2f4_group_vs_normal_sensitivity,-2.2446161162248903,2.2446161162248903
mesenchymal_hsc_myofibroblast,"Plasma lipoprotein assembly, remodeling, and clearance",negative,1,GSE256398_human::alcohol_cirrhosis_vs_healthy,-2.2426886665112673,2.2426886665112673
mesenchymal_hsc_myofibroblast,Signaling by VEGF,negative,1,GSE202379::advanced_f3f4_vs_f0_non_end_stage,-2.2407117069292553,2.2407117069292553
endothelial,Antimicrobial peptides,positive,1,GSE244832::mash_f2f4_group_vs_normal_sensitivity,2.23718432338539,2.23718432338539
endothelial,G1/S-Specific Transcription,negative,1,GSE244832::mash_f2f4_group_vs_normal_sensitivity,-2.2336617712795985,2.2336617712795985
macrophage_monocyte,IRE1alpha activates chaperones,negative,1,GSE244832::mash_f2f4_group_vs_normal_sensitivity,-2.2320474186092425,2.2320474186092425
macrophage_monocyte,Differentiation of T cells,positive,1,GSE256398_human::alcohol_cirrhosis_vs_healthy,2.23178332308257,2.23178332308257
endothelial,Formation of a pool of free 40S subunits,negative,1,GSE256398_human::mash_fibrosis_vs_masld_f0,-2.2219078908336134,2.2219078908336134
mesenchymal_hsc_myofibroblast,Viral mRNA Translation,positive,1,GSE244832::mash_f2f4_group_vs_normal_sensitivity,2.2197979219539485,2.2197979219539485
mesenchymal_hsc_myofibroblast,Laminin interactions,positive,1,GSE256398_human::alcohol_cirrhosis_vs_healthy,2.208605381115725,2.208605381115725
mesenchymal_hsc_myofibroblast,Sema4D induced cell migration and growth-cone collapse,negative,1,GSE202379::advanced_f3f4_vs_f0_non_end_stage,-2.20802564337137,2.20802564337137
mesenchymal_hsc_myofibroblast,Heme degradation,positive,1,GSE202379::advanced_f3f4_vs_f0_non_end_stage,2.204611437976779,2.204611437976779
endothelial,Selenoamino acid metabolism,negative,1,GSE256398_human::mash_fibrosis_vs_masld_f0,-2.1970883978852984,2.1970883978852984
macrophage_monocyte,Interferon Signaling,negative,1,GSE256398_human::mash_fibrosis_vs_masld_f0,-2.1856922060080612,2.1856922060080612
mesenchymal_hsc_myofibroblast,NCAM signaling for neurite out-growth,negative,1,GSE202379::advanced_f3f4_vs_f0_non_end_stage,-2.1834904355816995,2.1834904355816995
mesenchymal_hsc_myofibroblast,PELO:HBS1L and ABCE1 dissociate a ribosome on a non-stop mRNA,positive,1,GSE244832::mash_f2f4_group_vs_normal_sensitivity,2.181363149376694,2.181363149376694
macrophage_monocyte,Differentiation of naive CD4+ T cells to T helper 2 cells (Th2 cells),positive,1,GSE256398_human::alcohol_cirrhosis_vs_healthy,2.1782632060899334,2.1782632060899334
macrophage_monocyte,Downstream signaling of activated FGFR4,positive,1,GSE244832::mash_f2f4_group_vs_normal_sensitivity,2.176031052183352,2.176031052183352
mesenchymal_hsc_myofibroblast,MET promotes cell motility,negative,1,GSE202379::advanced_f3f4_vs_f0_non_end_stage,-2.174533194866095,2.174533194866095
mesenchymal_hsc_myofibroblast,RHOC GTPase cycle,negative,1,GSE202379::advanced_f3f4_vs_f0_non_end_stage,-2.17311431568551,2.17311431568551
mesenchymal_hsc_myofibroblast,Plasma lipoprotein remodeling,positive,1,GSE202379::advanced_f3f4_vs_f0_non_end_stage,2.1721505170870326,2.1721505170870326
mesenchymal_hsc_myofibroblast,Chromatin modifying enzymes,negative,1,GSE202379::advanced_f3f4_vs_f0_non_end_stage,-2.171978077512249,2.171978077512249
endothelial,tRNA processing in the mitochondrion,negative,1,GSE256398_human::alcohol_cirrhosis_vs_healthy,-2.1708464737096005,2.1708464737096005
mesenchymal_hsc_myofibroblast,RHO GTPases Activate ROCKs,negative,1,GSE202379::advanced_f3f4_vs_f0_non_end_stage,-2.1707382406171005,2.1707382406171005
mesenchymal_hsc_myofibroblast,Aspirin ADME,positive,1,GSE202379::advanced_f3f4_vs_f0_non_end_stage,2.169802626822963,2.169802626822963
mesenchymal_hsc_myofibroblast,Aerobic respiration and respiratory electron transport,negative,1,GSE256398_human::alcohol_cirrhosis_vs_healthy,-2.1684717570548675,2.1684717570548675
endothelial,Nonsense Mediated Decay (NMD) enhanced by the Exon Junction Complex (EJC),negative,1,GSE256398_human::mash_fibrosis_vs_masld_f0,-2.16829358441481,2.16829358441481
endothelial,Nonsense-Mediated Decay (NMD),negative,1,GSE256398_human::mash_fibrosis_vs_masld_f0,-2.16829358441481,2.16829358441481
mesenchymal_hsc_myofibroblast,Selenocysteine synthesis,positive,1,GSE244832::mash_f2f4_group_vs_normal_sensitivity,2.1630893354355725,2.1630893354355725
endothelial,Activation of the pre-replicative complex,negative,1,GSE244832::mash_f2f4_group_vs_normal_sensitivity,-2.163042404091542,2.163042404091542
mesenchymal_hsc_myofibroblast,Regulation of TP53 Activity through Methylation,negative,1,GSE256398_human::mash_fibrosis_vs_masld_f0,-2.1621160942540447,2.1621160942540447
mesenchymal_hsc_myofibroblast,Collagen formation,negative,1,GSE202379::advanced_f3f4_vs_f0_non_end_stage,-2.1619198843364567,2.1619198843364567
macrophage_monocyte,Antimicrobial mechanism of IFN-stimulated genes,negative,1,GSE256398_human::mash_fibrosis_vs_masld_f0,-2.1579477041500015,2.1579477041500015
endothelial,Mitochondrial mRNA modification,negative,1,GSE256398_human::alcohol_cirrhosis_vs_healthy,-2.15587765316101,2.15587765316101
endothelial,DNA Replication,negative,1,GSE244832::mash_f2f4_group_vs_normal_sensitivity,-2.1534070455683376,2.1534070455683376
macrophage_monocyte,Interferon gamma signaling,negative,1,GSE256398_human::mash_fibrosis_vs_masld_f0,-2.152957382991341,2.152957382991341
mesenchymal_hsc_myofibroblast,Glucagon signaling in metabolic regulation,negative,1,GSE202379::advanced_f3f4_vs_f0_non_end_stage,-2.1505886094220834,2.1505886094220834
endothelial,Phase II - Conjugation of compounds,negative,1,GSE256398_human::alcohol_cirrhosis_vs_healthy,-2.1488770319122947,2.1488770319122947
mesenchymal_hsc_myofibroblast,Metabolism of porphyrins,positive,1,GSE202379::advanced_f3f4_vs_f0_non_end_stage,2.1483953091356693,2.1483953091356693
mesenchymal_hsc_myofibroblast,Ca-dependent events,negative,1,GSE202379::advanced_f3f4_vs_f0_non_end_stage,-2.143673353490762,2.143673353490762
endothelial,Aerobic respiration and respiratory electron transport,negative,1,GSE256398_human::alcohol_cirrhosis_vs_healthy,-2.1424123163515283,2.1424123163515283
mesenchymal_hsc_myofibroblast,Synthesis of active ubiquitin: roles of E1 and E2 enzymes,negative,1,GSE202379::advanced_f3f4_vs_f0_non_end_stage,-2.1404794811737875,2.1404794811737875
endothelial,Processing of DNA double-strand break ends,negative,1,GSE244832::mash_f2f4_group_vs_normal_sensitivity,-2.136793564938562,2.136793564938562
macrophage_monocyte,SARS-CoV-1 activates/modulates innate immune responses,negative,1,GSE256398_human::mash_fibrosis_vs_masld_f0,-2.133767523812746,2.133767523812746
mesenchymal_hsc_myofibroblast,Drug ADME,positive,1,GSE202379::advanced_f3f4_vs_f0_non_end_stage,2.132936827365217,2.132936827365217
endothelial,Degradation of the extracellular matrix,positive,1,GSE256398_human::mash_cirrhosis_vs_healthy,2.1234864274074665,2.1234864274074665
mesenchymal_hsc_myofibroblast,VEGFR2 mediated vascular permeability,negative,1,GSE202379::advanced_f3f4_vs_f0_non_end_stage,-2.1211982205391515,2.1211982205391515
macrophage_monocyte,Sulfur amino acid metabolism,negative,1,GSE256398_human::alcohol_cirrhosis_vs_healthy,-2.1200509941386,2.1200509941386
macrophage_monocyte,Nuclear Pore Complex (NPC) Disassembly,positive,1,GSE256398_human::mash_cirrhosis_vs_healthy,2.116638499885952,2.116638499885952
mesenchymal_hsc_myofibroblast,Binding and Uptake of Ligands by Scavenger Receptors,negative,1,GSE256398_human::alcohol_cirrhosis_vs_healthy,-2.115204257926899,2.115204257926899
mesenchymal_hsc_myofibroblast,Semaphorin interactions,negative,1,GSE202379::advanced_f3f4_vs_f0_non_end_stage,-2.114814568053332,2.114814568053332
endothelial,mRNA Splicing - Major Pathway,negative,1,GSE244832::mash_f2f4_group_vs_normal_sensitivity,-2.114655198408219,2.114655198408219
endothelial,Respiratory electron transport,negative,1,GSE256398_human::alcohol_cirrhosis_vs_healthy,-2.1146100223603046,2.1146100223603046
mesenchymal_hsc_myofibroblast,Eukaryotic Translation Termination,positive,1,GSE244832::mash_f2f4_group_vs_normal_sensitivity,2.113183359380282,2.113183359380282
endothelial,Activation of ATR in response to replication stress,negative,1,GSE244832::mash_f2f4_group_vs_normal_sensitivity,-2.1130531870224964,2.1130531870224964
endothelial,Resolution of D-loop Structures through Holliday Junction Intermediates,negative,1,GSE244832::mash_f2f4_group_vs_normal_sensitivity,-2.1127398169393437,2.1127398169393437
mesenchymal_hsc_myofibroblast,SARS-CoV-1 modulates host translation machinery,positive,1,GSE244832::mash_f2f4_group_vs_normal_sensitivity,2.110808435375855,2.110808435375855
endothelial,Resolution of D-Loop Structures,negative,1,GSE244832::mash_f2f4_group_vs_normal_sensitivity,-2.109374683066334,2.109374683066334
macrophage_monocyte,Signaling by PDGF,positive,1,GSE244832::mash_f2f4_group_vs_normal_sensitivity,2.108452489400477,2.108452489400477
endothelial,Phosphorylation of CD3 and TCR zeta chains,negative,1,GSE256398_human::mash_fibrosis_vs_masld_f0,-2.1073368036878715,2.1073368036878715
endothelial,Interferon gamma signaling,negative,1,GSE256398_human::mash_fibrosis_vs_masld_f0,-2.1067254798497825,2.1067254798497825
mesenchymal_hsc_myofibroblast,RAF activation,negative,1,GSE202379::advanced_f3f4_vs_f0_non_end_stage,-2.106171966490039,2.106171966490039
macrophage_monocyte,Nuclear Envelope Breakdown,positive,1,GSE256398_human::mash_cirrhosis_vs_healthy,2.1043321545618516,2.1043321545618516
mesenchymal_hsc_myofibroblast,Nuclear events stimulated by ALK signaling in cancer,negative,1,GSE202379::advanced_f3f4_vs_f0_non_end_stage,-2.1032864036484433,2.1032864036484433
macrophage_monocyte,Axon guidance,negative,1,GSE256398_human::mash_fibrosis_vs_masld_f0,-2.101729713668138,2.101729713668138
mesenchymal_hsc_myofibroblast,CaM pathway,negative,1,GSE202379::advanced_f3f4_vs_f0_non_end_stage,-2.0977445337063116,2.0977445337063116
mesenchymal_hsc_myofibroblast,Calmodulin induced events,negative,1,GSE202379::advanced_f3f4_vs_f0_non_end_stage,-2.0977445337063116,2.0977445337063116
macrophage_monocyte,Mitotic Prophase,positive,1,GSE256398_human::mash_cirrhosis_vs_healthy,2.0958481421253956,2.0958481421253956
mesenchymal_hsc_myofibroblast,The canonical retinoid cycle in rods (twilight vision),negative,1,GSE256398_human::alcohol_cirrhosis_vs_healthy,-2.0936083600510385,2.0936083600510385
mesenchymal_hsc_myofibroblast,RHO GTPase Effectors,negative,1,GSE202379::advanced_f3f4_vs_f0_non_end_stage,-2.0915796447032857,2.0915796447032857
macrophage_monocyte,"Respiratory syncytial virus (RSV) genome replication, transcription and translation",negative,1,GSE256398_human::mash_fibrosis_vs_masld_f0,-2.090483895200294,2.090483895200294
macrophage_monocyte,Downstream signaling of activated FGFR2,positive,1,GSE244832::mash_f2f4_group_vs_normal_sensitivity,2.087702640643929,2.087702640643929
mesenchymal_hsc_myofibroblast,Synthesis of PC,negative,1,GSE256398_human::mash_cirrhosis_vs_healthy,-2.0865182678640997,2.0865182678640997
endothelial,mRNA Splicing,negative,1,GSE244832::mash_f2f4_group_vs_normal_sensitivity,-2.0850247979742567,2.0850247979742567
mesenchymal_hsc_myofibroblast,Negative regulators of DDX58/IFIH1 signaling,negative,1,GSE256398_human::mash_fibrosis_vs_masld_f0,-2.0839217560545076,2.0839217560545076
mesenchymal_hsc_myofibroblast,VxPx cargo-targeting to cilium,negative,1,GSE202379::advanced_f3f4_vs_f0_non_end_stage,-2.083332052979297,2.083332052979297
macrophage_monocyte,Defective B3GALTL causes PpS,positive,1,GSE256398_human::mash_fibrosis_vs_masld_f0,2.08277391500758,2.08277391500758
mesenchymal_hsc_myofibroblast,Transcriptional Regulation by MECP2,negative,1,GSE202379::advanced_f3f4_vs_f0_non_end_stage,-2.082517649934014,2.082517649934014
mesenchymal_hsc_myofibroblast,ADORA2B mediated anti-inflammatory cytokines production,negative,1,GSE202379::advanced_f3f4_vs_f0_non_end_stage,-2.0814538674625647,2.0814538674625647
mesenchymal_hsc_myofibroblast,Mitochondrial Fatty Acid Beta-Oxidation,negative,1,GSE256398_human::alcohol_cirrhosis_vs_healthy,-2.0796051539713005,2.0796051539713005
macrophage_monocyte,MHC class II antigen presentation,negative,1,GSE256398_human::mash_fibrosis_vs_masld_f0,-2.0789292591503434,2.0789292591503434
endothelial,Formation of the dystrophin-glycoprotein complex (DGC),positive,1,GSE256398_human::mash_cirrhosis_vs_healthy,2.077470830104882,2.077470830104882
endothelial,Nuclear RNA decay,negative,1,GSE202379::advanced_f3f4_vs_f0_non_end_stage,-2.0773881722626277,2.0773881722626277
mesenchymal_hsc_myofibroblast,SRP-dependent cotranslational protein targeting to membrane,positive,1,GSE244832::mash_f2f4_group_vs_normal_sensitivity,2.075610013258083,2.075610013258083
endothelial,HDR through Homologous Recombination (HRR),negative,1,GSE244832::mash_f2f4_group_vs_normal_sensitivity,-2.0734234459820056,2.0734234459820056
endothelial,Interaction between L1 and Ankyrins,positive,1,GSE256398_human::mash_cirrhosis_vs_healthy,2.0702281002624447,2.0702281002624447
endothelial,Elastic fibre formation,positive,1,GSE256398_human::mash_cirrhosis_vs_healthy,2.070060807876482,2.070060807876482
mesenchymal_hsc_myofibroblast,Response of EIF2AK4 (GCN2) to amino acid deficiency,positive,1,GSE244832::mash_f2f4_group_vs_normal_sensitivity,2.0683856823661104,2.0683856823661104
macrophage_monocyte,SARS-CoV-2-host interactions,negative,1,GSE256398_human::mash_fibrosis_vs_masld_f0,-2.0675874036900947,2.0675874036900947
mesenchymal_hsc_myofibroblast,Estrogen-dependent gene expression,negative,1,GSE202379::advanced_f3f4_vs_f0_non_end_stage,-2.067320046828292,2.067320046828292
mesenchymal_hsc_myofibroblast,DAG and IP3 signaling,negative,1,GSE202379::advanced_f3f4_vs_f0_non_end_stage,-2.0672809383573627,2.0672809383573627
macrophage_monocyte,Signaling by FGFR4,positive,1,GSE244832::mash_f2f4_group_vs_normal_sensitivity,2.0670373430607465,2.0670373430607465
macrophage_monocyte,Signaling by FLT3 ITD and TKD mutants,positive,1,GSE244832::mash_f2f4_group_vs_normal_sensitivity,2.0651735109330853,2.0651735109330853
mesenchymal_hsc_myofibroblast,Signaling by TGF-beta Receptor Complex,negative,1,GSE202379::advanced_f3f4_vs_f0_non_end_stage,-2.0648637087002055,2.0648637087002055
endothelial,FASTK family proteins regulate processing and stability of mitochondrial RNAs,negative,1,GSE256398_human::alcohol_cirrhosis_vs_healthy,-2.063907421675293,2.063907421675293
endothelial,NRAGE signals death through JNK,positive,1,GSE256398_human::mash_cirrhosis_vs_healthy,2.0634929491893255,2.0634929491893255
mesenchymal_hsc_myofibroblast,Regulation of KIT signaling,negative,1,GSE256398_human::mash_fibrosis_vs_masld_f0,-2.062080448543668,2.062080448543668
mesenchymal_hsc_myofibroblast,Sulfur amino acid metabolism,negative,1,GSE256398_human::alcohol_cirrhosis_vs_healthy,-2.06010004449033,2.06010004449033
macrophage_monocyte,RAC1 GTPase cycle,positive,1,GSE256398_human::mash_cirrhosis_vs_healthy,2.0590166170034236,2.0590166170034236
macrophage_monocyte,FLT3 Signaling,positive,1,GSE244832::mash_f2f4_group_vs_normal_sensitivity,2.057894346469993,2.057894346469993
mesenchymal_hsc_myofibroblast,ZNF598 and the Ribosome-associated Quality Trigger (RQT) complex dissociate a ribosome stalled on a no-go mRNA,positive,1,GSE244832::mash_f2f4_group_vs_normal_sensitivity,2.0572732676274486,2.0572732676274486
mesenchymal_hsc_myofibroblast,High laminar flow shear stress activates signaling by PIEZO1 and PECAM1:CDH5:KDR in endothelial cells,negative,1,GSE202379::advanced_f3f4_vs_f0_non_end_stage,-2.0532208852451497,2.0532208852451497
mesenchymal_hsc_myofibroblast,SARS-CoV-1 Infection,negative,1,GSE256398_human::mash_fibrosis_vs_masld_f0,-2.0518909466623017,2.0518909466623017
endothelial,Homologous DNA Pairing and Strand Exchange,negative,1,GSE244832::mash_f2f4_group_vs_normal_sensitivity,-2.0494067870973023,2.0494067870973023
mesenchymal_hsc_myofibroblast,Sema4D in semaphorin signaling,negative,1,GSE202379::advanced_f3f4_vs_f0_non_end_stage,-2.0483331448102553,2.0483331448102553
mesenchymal_hsc_myofibroblast,Branched-chain amino acid catabolism,positive,1,GSE202379::advanced_f3f4_vs_f0_non_end_stage,2.0483051317631364,2.0483051317631364
mesenchymal_hsc_myofibroblast,Attachment of bacteria to epithelial cells,positive,1,GSE256398_human::alcohol_cirrhosis_vs_healthy,2.0468607356421287,2.0468607356421287
mesenchymal_hsc_myofibroblast,Biofilm formation,positive,1,GSE256398_human::alcohol_cirrhosis_vs_healthy,2.0468607356421287,2.0468607356421287
macrophage_monocyte,Transport of the SLBP Dependant Mature mRNA,positive,1,GSE256398_human::mash_cirrhosis_vs_healthy,2.0447405354579375,2.0447405354579375
mesenchymal_hsc_myofibroblast,Nonsense Mediated Decay (NMD) independent of the Exon Junction Complex (EJC),positive,1,GSE244832::mash_f2f4_group_vs_normal_sensitivity,2.0444541543919423,2.0444541543919423
endothelial,G2/M DNA damage checkpoint,negative,1,GSE244832::mash_f2f4_group_vs_normal_sensitivity,-2.043503853349937,2.043503853349937
mesenchymal_hsc_myofibroblast,Response of endothelial cells to shear stress,negative,1,GSE202379::advanced_f3f4_vs_f0_non_end_stage,-2.0396717904009205,2.0396717904009205
mesenchymal_hsc_myofibroblast,Cholesterol biosynthesis,negative,1,GSE256398_human::mash_fibrosis_vs_masld_f0,-2.0376030425704004,2.0376030425704004
endothelial,Mitochondrial translation termination,negative,1,GSE256398_human::alcohol_cirrhosis_vs_healthy,-2.036587209667899,2.036587209667899
endothelial,Senescence-Associated Secretory Phenotype (SASP),negative,1,GSE202379::advanced_f3f4_vs_f0_non_end_stage,-2.0341161048664365,2.0341161048664365
macrophage_monocyte,The canonical retinoid cycle in rods (twilight vision),negative,1,GSE256398_human::mash_fibrosis_vs_masld_f0,-2.033423321509226,2.033423321509226
macrophage_monocyte,Transport of the SLBP independent Mature mRNA,positive,1,GSE256398_human::mash_cirrhosis_vs_healthy,2.0325784127109054,2.0325784127109054
mesenchymal_hsc_myofibroblast,Cardiogenesis,negative,1,GSE202379::advanced_f3f4_vs_f0_non_end_stage,-2.0307402650601274,2.0307402650601274
macrophage_monocyte,FCGR3A-mediated IL10 synthesis,positive,1,GSE256398_human::mash_cirrhosis_vs_healthy,2.0298019442235797,2.0298019442235797
macrophage_monocyte,Transport of Ribonucleoproteins into the Host Nucleus,positive,1,GSE256398_human::mash_cirrhosis_vs_healthy,2.027059825410925,2.027059825410925
endothelial,Molecules associated with elastic fibres,positive,1,GSE256398_human::mash_cirrhosis_vs_healthy,2.0263478375014254,2.0263478375014254
macrophage_monocyte,FCGR3A-mediated phagocytosis,positive,1,GSE256398_human::alcohol_cirrhosis_vs_healthy,2.0242345740822794,2.0242345740822794
macrophage_monocyte,Leishmania phagocytosis,positive,1,GSE256398_human::alcohol_cirrhosis_vs_healthy,2.0242345740822794,2.0242345740822794
macrophage_monocyte,Parasite infection,positive,1,GSE256398_human::alcohol_cirrhosis_vs_healthy,2.0242345740822794,2.0242345740822794
endothelial,Complex IV assembly,negative,1,GSE256398_human::alcohol_cirrhosis_vs_healthy,-2.0215966530790555,2.0215966530790555
endothelial,DNA strand elongation,negative,1,GSE244832::mash_f2f4_group_vs_normal_sensitivity,-2.0200537473843547,2.0200537473843547
mesenchymal_hsc_myofibroblast,Complex I biogenesis,negative,1,GSE256398_human::alcohol_cirrhosis_vs_healthy,-2.0186498367156704,2.0186498367156704
endothelial,PCNA-Dependent Long Patch Base Excision Repair,negative,1,GSE244832::mash_f2f4_group_vs_normal_sensitivity,-2.0183502374442193,2.0183502374442193
endothelial,Resolution of D-loop Structures through Synthesis-Dependent Strand Annealing (SDSA),negative,1,GSE244832::mash_f2f4_group_vs_normal_sensitivity,-2.0180920339730846,2.0180920339730846
mesenchymal_hsc_myofibroblast,Glucagon-like Peptide-1 (GLP1) regulates insulin secretion,negative,1,GSE202379::advanced_f3f4_vs_f0_non_end_stage,-2.0173118989709815,2.0173118989709815
macrophage_monocyte,NFE2L2 regulating anti-oxidant/detoxification enzymes,negative,1,GSE244832::mash_f2f4_group_vs_normal_sensitivity,-2.016921103650991,2.016921103650991
mesenchymal_hsc_myofibroblast,Regulation of Insulin-like Growth Factor (IGF) transport and uptake by Insulin-like Growth Factor Binding Proteins (IGFBPs),negative,1,GSE256398_human::alcohol_cirrhosis_vs_healthy,-2.0162037131151402,2.0162037131151402
mesenchymal_hsc_myofibroblast,RHO GTPases activate PAKs,positive,1,GSE256398_human::alcohol_cirrhosis_vs_healthy,2.0153600943306693,2.0153600943306693
mesenchymal_hsc_myofibroblast,Signaling by FGFR1 in disease,negative,1,GSE202379::advanced_f3f4_vs_f0_non_end_stage,-2.0153072341259657,2.0153072341259657
mesenchymal_hsc_myofibroblast,Cellular responses to mechanical stimuli,negative,1,GSE202379::advanced_f3f4_vs_f0_non_end_stage,-2.015221570834171,2.015221570834171
endothelial,HDR through Single Strand Annealing (SSA),negative,1,GSE244832::mash_f2f4_group_vs_normal_sensitivity,-2.015051063791807,2.015051063791807
endothelial,Diseases of DNA repair,negative,1,GSE244832::mash_f2f4_group_vs_normal_sensitivity,-2.014167898819444,2.014167898819444
endothelial,HIV Transcription Initiation,negative,1,GSE256398_human::alcohol_cirrhosis_vs_healthy,-2.01252175168065,2.01252175168065
endothelial,RNA Polymerase II HIV Promoter Escape,negative,1,GSE256398_human::alcohol_cirrhosis_vs_healthy,-2.01252175168065,2.01252175168065
endothelial,RNA Polymerase II Promoter Escape,negative,1,GSE256398_human::alcohol_cirrhosis_vs_healthy,-2.01252175168065,2.01252175168065
endothelial,RNA Polymerase II Transcription Initiation,negative,1,GSE256398_human::alcohol_cirrhosis_vs_healthy,-2.01252175168065,2.01252175168065
endothelial,RNA Polymerase II Transcription Initiation And Promoter Clearance,negative,1,GSE256398_human::alcohol_cirrhosis_vs_healthy,-2.01252175168065,2.01252175168065
endothelial,RNA Polymerase II Transcription Pre-Initiation And Promoter Opening,negative,1,GSE256398_human::alcohol_cirrhosis_vs_healthy,-2.01252175168065,2.01252175168065
mesenchymal_hsc_myofibroblast,Attachment of bacteria to epithelial cells,negative,1,GSE202379::advanced_f3f4_vs_f0_non_end_stage,-2.0118570648099294,2.0118570648099294
mesenchymal_hsc_myofibroblast,Biofilm formation,negative,1,GSE202379::advanced_f3f4_vs_f0_non_end_stage,-2.0118570648099294,2.0118570648099294
macrophage_monocyte,Nuclear events stimulated by ALK signaling in cancer,positive,1,GSE256398_human::alcohol_cirrhosis_vs_healthy,2.0102634300385818,2.0102634300385818
endothelial,Processing of Capped Intron-Containing Pre-mRNA,negative,1,GSE244832::mash_f2f4_group_vs_normal_sensitivity,-2.009988522251593,2.009988522251593
endothelial,Regulation of TP53 Activity,negative,1,GSE244832::mash_f2f4_group_vs_normal_sensitivity,-2.008785081860821,2.008785081860821
endothelial,Phase 0 - rapid depolarisation,positive,1,GSE256398_human::mash_cirrhosis_vs_healthy,2.007942833093521,2.007942833093521
endothelial,O-glycosylation of TSR domain-containing proteins,positive,1,GSE256398_human::mash_cirrhosis_vs_healthy,2.006539256898607,2.006539256898607
endothelial,Mitochondrial translation,negative,1,GSE256398_human::alcohol_cirrhosis_vs_healthy,-2.00486797745695,2.00486797745695
mesenchymal_hsc_myofibroblast,Metabolism of vitamins and cofactors,negative,1,GSE256398_human::alcohol_cirrhosis_vs_healthy,-2.0037778793014174,2.0037778793014174
endothelial,Polo-like kinase mediated events,negative,1,GSE244832::mash_f2f4_group_vs_normal_sensitivity,-2.0028798695150494,2.0028798695150494
mesenchymal_hsc_myofibroblast,"Plasma lipoprotein assembly, remodeling, and clearance",positive,1,GSE202379::advanced_f3f4_vs_f0_non_end_stage,2.0020741362707812,2.0020741362707812
mesenchymal_hsc_myofibroblast,Signaling by TGFB family members,negative,1,GSE202379::advanced_f3f4_vs_f0_non_end_stage,-2.0011071924061397,2.0011071924061397
endothelial,Defective B3GALTL causes PpS,positive,1,GSE256398_human::mash_cirrhosis_vs_healthy,2.000951112753832,2.000951112753832
endothelial,Meiotic synapsis,negative,1,GSE202379::advanced_f3f4_vs_f0_non_end_stage,-2.0003622434612804,2.0003622434612804
mesenchymal_hsc_myofibroblast,Formation of a pool of free 40S subunits,positive,1,GSE244832::mash_f2f4_group_vs_normal_sensitivity,2.000160603137914,2.000160603137914
mesenchymal_hsc_myofibroblast,Triglyceride metabolism,negative,1,GSE256398_human::alcohol_cirrhosis_vs_healthy,-1.999814194811191,1.999814194811191
macrophage_monocyte,Interleukin-12 signaling,negative,1,GSE256398_human::mash_fibrosis_vs_masld_f0,-1.9990232865525384,1.9990232865525384
mesenchymal_hsc_myofibroblast,Response to elevated platelet cytosolic Ca2+,negative,1,GSE256398_human::alcohol_cirrhosis_vs_healthy,-1.9983775947306028,1.9983775947306028
mesenchymal_hsc_myofibroblast,Estrogen-dependent nuclear events downstream of ESR-membrane signaling,negative,1,GSE202379::advanced_f3f4_vs_f0_non_end_stage,-1.9974990154718628,1.9974990154718628
macrophage_monocyte,Processing of antigen in germinal center B cells,negative,1,GSE256398_human::mash_fibrosis_vs_masld_f0,-1.996739231133971,1.996739231133971
mesenchymal_hsc_myofibroblast,Amyloid fiber formation,positive,1,GSE202379::advanced_f3f4_vs_f0_non_end_stage,1.994788619679757,1.994788619679757
macrophage_monocyte,FLT3 signaling in disease,positive,1,GSE244832::mash_f2f4_group_vs_normal_sensitivity,1.9943317373051994,1.9943317373051994
endothelial,Dengue Virus-Host Interactions,negative,1,GSE244832::mash_f2f4_group_vs_normal_sensitivity,-1.993917087776643,1.993917087776643
macrophage_monocyte,IP3 and IP4 transport between cytosol and nucleus,positive,1,GSE256398_human::mash_cirrhosis_vs_healthy,1.9932745340319362,1.9932745340319362
macrophage_monocyte,IP6 and IP7 transport between cytosol and nucleus,positive,1,GSE256398_human::mash_cirrhosis_vs_healthy,1.9932745340319362,1.9932745340319362
macrophage_monocyte,IPs transport between nucleus and cytosol,positive,1,GSE256398_human::mash_cirrhosis_vs_healthy,1.9932745340319362,1.9932745340319362
mesenchymal_hsc_myofibroblast,Cristae formation,negative,1,GSE256398_human::mash_fibrosis_vs_masld_f0,-1.9926165665129871,1.9926165665129871
endothelial,Mitochondrial translation initiation,negative,1,GSE256398_human::alcohol_cirrhosis_vs_healthy,-1.9924954904030927,1.9924954904030927
mesenchymal_hsc_myofibroblast,Arachidonate metabolism,negative,1,GSE256398_human::alcohol_cirrhosis_vs_healthy,-1.9915193870258945,1.9915193870258945
endothelial,Mitochondrial translation elongation,negative,1,GSE256398_human::alcohol_cirrhosis_vs_healthy,-1.9910443057841778,1.9910443057841778
endothelial,Cell surface interactions at the vascular wall,positive,1,GSE256398_human::mash_cirrhosis_vs_healthy,1.9895870740805732,1.9895870740805732
endothelial,Impaired BRCA2 binding to RAD51,negative,1,GSE244832::mash_f2f4_group_vs_normal_sensitivity,-1.9893848163883072,1.9893848163883072
endothelial,Synthesis of DNA,negative,1,GSE244832::mash_f2f4_group_vs_normal_sensitivity,-1.9867667241484512,1.9867667241484512
mesenchymal_hsc_myofibroblast,DARPP-32 events,negative,1,GSE202379::advanced_f3f4_vs_f0_non_end_stage,-1.9857946170462177,1.9857946170462177
endothelial,Mitotic Prophase,negative,1,GSE244832::mash_f2f4_group_vs_normal_sensitivity,-1.9850503799870496,1.9850503799870496
mesenchymal_hsc_myofibroblast,Fibronectin matrix formation,negative,1,GSE202379::advanced_f3f4_vs_f0_non_end_stage,-1.9844564293985163,1.9844564293985163
mesenchymal_hsc_myofibroblast,Disorders of Developmental Biology,negative,1,GSE202379::advanced_f3f4_vs_f0_non_end_stage,-1.9840039305099688,1.9840039305099688
macrophage_monocyte,Mitotic Prometaphase,positive,1,GSE256398_human::mash_cirrhosis_vs_healthy,1.9810552797096805,1.9810552797096805
endothelial,Metabolism of steroids,negative,1,GSE244832::mash_f2f4_group_vs_normal_sensitivity,-1.9798447649825706,1.9798447649825706
endothelial,Defective HDR through Homologous Recombination Repair (HRR) due to PALB2 loss of BRCA1 binding function,negative,1,GSE244832::mash_f2f4_group_vs_normal_sensitivity,-1.9795329447237062,1.9795329447237062
endothelial,Defective HDR through Homologous Recombination Repair (HRR) due to PALB2 loss of BRCA2/RAD51/RAD51C binding function,negative,1,GSE244832::mash_f2f4_group_vs_normal_sensitivity,-1.9795329447237062,1.9795329447237062
endothelial,Defective homologous recombination repair (HRR) due to BRCA1 loss of function,negative,1,GSE244832::mash_f2f4_group_vs_normal_sensitivity,-1.9795329447237062,1.9795329447237062
endothelial,Defective homologous recombination repair (HRR) due to PALB2 loss of function,negative,1,GSE244832::mash_f2f4_group_vs_normal_sensitivity,-1.9795329447237062,1.9795329447237062
mesenchymal_hsc_myofibroblast,Metabolism of fat-soluble vitamins,negative,1,GSE256398_human::alcohol_cirrhosis_vs_healthy,-1.978191746037468,1.978191746037468
mesenchymal_hsc_myofibroblast,NOTCH1 Intracellular Domain Regulates Transcription,negative,1,GSE202379::advanced_f3f4_vs_f0_non_end_stage,-1.978085609393784,1.978085609393784
mesenchymal_hsc_myofibroblast,Metabolism of fat-soluble vitamins,positive,1,GSE202379::advanced_f3f4_vs_f0_non_end_stage,1.9778888329075033,1.9778888329075033
endothelial,G1/S Transition,negative,1,GSE244832::mash_f2f4_group_vs_normal_sensitivity,-1.9769347632843148,1.9769347632843148
mesenchymal_hsc_myofibroblast,HDACs deacetylate histones,negative,1,GSE202379::advanced_f3f4_vs_f0_non_end_stage,-1.9738110671240845,1.9738110671240845
endothelial,Dengue Virus Infection,negative,1,GSE244832::mash_f2f4_group_vs_normal_sensitivity,-1.9714215526731464,1.9714215526731464
macrophage_monocyte,Class I peroxisomal membrane protein import,negative,1,GSE256398_human::alcohol_cirrhosis_vs_healthy,-1.9694061043808855,1.9694061043808855
mesenchymal_hsc_myofibroblast,Peptide hormone metabolism,negative,1,GSE256398_human::alcohol_cirrhosis_vs_healthy,-1.9693980261396293,1.9693980261396293
mesenchymal_hsc_myofibroblast,Heme degradation,negative,1,GSE256398_human::alcohol_cirrhosis_vs_healthy,-1.9684314085349162,1.9684314085349162
mesenchymal_hsc_myofibroblast,NCAM1 interactions,negative,1,GSE202379::advanced_f3f4_vs_f0_non_end_stage,-1.968052571159783,1.968052571159783
mesenchymal_hsc_myofibroblast,IRS-related events triggered by IGF1R,negative,1,GSE256398_human::mash_fibrosis_vs_masld_f0,-1.9658221294962874,1.9658221294962874
mesenchymal_hsc_myofibroblast,Myogenesis,negative,1,GSE202379::advanced_f3f4_vs_f0_non_end_stage,-1.9655746995513435,1.9655746995513435
endothelial,Impaired BRCA2 binding to PALB2,negative,1,GSE244832::mash_f2f4_group_vs_normal_sensitivity,-1.963224597109615,1.963224597109615
mesenchymal_hsc_myofibroblast,Infection with Enterobacteria,negative,1,GSE202379::advanced_f3f4_vs_f0_non_end_stage,-1.9625039962185238,1.9625039962185238
mesenchymal_hsc_myofibroblast,Platelet degranulation,negative,1,GSE256398_human::alcohol_cirrhosis_vs_healthy,-1.9614211873113587,1.9614211873113587
endothelial,PELO:HBS1L and ABCE1 dissociate a ribosome on a non-stop mRNA,positive,1,GSE244832::mash_f2f4_group_vs_normal_sensitivity,1.960911459235679,1.960911459235679
mesenchymal_hsc_myofibroblast,G alpha (s) signalling events,negative,1,GSE202379::advanced_f3f4_vs_f0_non_end_stage,-1.9608740993459604,1.9608740993459604
endothelial,DNA Repair,negative,1,GSE244832::mash_f2f4_group_vs_normal_sensitivity,-1.9604686693081785,1.9604686693081785
mesenchymal_hsc_myofibroblast,GPER1 signaling,negative,1,GSE202379::advanced_f3f4_vs_f0_non_end_stage,-1.9589936703622772,1.9589936703622772
endothelial,Collagen formation,positive,1,GSE256398_human::mash_cirrhosis_vs_healthy,1.957894963996174,1.957894963996174
endothelial,Metabolism of amino acids and derivatives,negative,1,GSE256398_human::alcohol_cirrhosis_vs_healthy,-1.9570518910740096,1.9570518910740096
endothelial,Defective homologous recombination repair (HRR) due to BRCA2 loss of function,negative,1,GSE244832::mash_f2f4_group_vs_normal_sensitivity,-1.9551731480163979,1.9551731480163979
endothelial,Diseases of DNA Double-Strand Break Repair,negative,1,GSE244832::mash_f2f4_group_vs_normal_sensitivity,-1.9551731480163979,1.9551731480163979
mesenchymal_hsc_myofibroblast,Glucagon-type ligand receptors,negative,1,GSE256398_human::mash_fibrosis_vs_masld_f0,-1.95469125272881,1.95469125272881
endothelial,Lagging Strand Synthesis,negative,1,GSE244832::mash_f2f4_group_vs_normal_sensitivity,-1.953975687114693,1.953975687114693
mesenchymal_hsc_myofibroblast,Chromatin organization,negative,1,GSE202379::advanced_f3f4_vs_f0_non_end_stage,-1.9528943282265259,1.9528943282265259
mesenchymal_hsc_myofibroblast,Activation of kainate receptors upon glutamate binding,negative,1,GSE202379::advanced_f3f4_vs_f0_non_end_stage,-1.9506316694642147,1.9506316694642147
mesenchymal_hsc_myofibroblast,Differentiation of naive CD4+ T cells to T helper 2 cells (Th2 cells),negative,1,GSE202379::advanced_f3f4_vs_f0_non_end_stage,-1.9499553386572364,1.9499553386572364
macrophage_monocyte,Estrogen-dependent nuclear events downstream of ESR-membrane signaling,negative,1,GSE256398_human::mash_fibrosis_vs_masld_f0,-1.9496479573431325,1.9496479573431325
endothelial,Resolution of Abasic Sites (AP sites),negative,1,GSE244832::mash_f2f4_group_vs_normal_sensitivity,-1.9496145815339871,1.9496145815339871
macrophage_monocyte,Transport of Mature mRNAs Derived from Intronless Transcripts,positive,1,GSE256398_human::mash_cirrhosis_vs_healthy,1.9492023601601922,1.9492023601601922
macrophage_monocyte,Signaling by FGFR3,positive,1,GSE244832::mash_f2f4_group_vs_normal_sensitivity,1.9488561630801142,1.9488561630801142
mesenchymal_hsc_myofibroblast,RA biosynthesis pathway,negative,1,GSE256398_human::alcohol_cirrhosis_vs_healthy,-1.9466795863097897,1.9466795863097897
mesenchymal_hsc_myofibroblast,Diseases of Immune System,negative,1,GSE256398_human::alcohol_cirrhosis_vs_healthy,-1.9459795258150858,1.9459795258150858
mesenchymal_hsc_myofibroblast,RHOBTB GTPase Cycle,negative,1,GSE202379::advanced_f3f4_vs_f0_non_end_stage,-1.9451078407750435,1.9451078407750435
endothelial,Transport of Mature Transcript to Cytoplasm,negative,1,GSE244832::mash_f2f4_group_vs_normal_sensitivity,-1.944794762480812,1.944794762480812
mesenchymal_hsc_myofibroblast,Initiation of coagulation cascade,positive,1,GSE202379::advanced_f3f4_vs_f0_non_end_stage,1.943841238958146,1.943841238958146
endothelial,Mitochondrial protein degradation,negative,1,GSE256398_human::alcohol_cirrhosis_vs_healthy,-1.9406021284006083,1.9406021284006083
mesenchymal_hsc_myofibroblast,Ca2+ pathway,negative,1,GSE202379::advanced_f3f4_vs_f0_non_end_stage,-1.940433547511856,1.940433547511856
macrophage_monocyte,Transport of Mature mRNA Derived from an Intronless Transcript,positive,1,GSE256398_human::mash_cirrhosis_vs_healthy,1.9402773256751809,1.9402773256751809
mesenchymal_hsc_myofibroblast,Paracetamol ADME,negative,1,GSE256398_human::mash_cirrhosis_vs_healthy,-1.9398558653543923,1.9398558653543923
mesenchymal_hsc_myofibroblast,Laminin interactions,negative,1,GSE202379::advanced_f3f4_vs_f0_non_end_stage,-1.9393174352171167,1.9393174352171167
endothelial,APC/C-mediated degradation of cell cycle proteins,negative,1,GSE202379::advanced_f3f4_vs_f0_non_end_stage,-1.9392585119846208,1.9392585119846208
endothelial,Regulation of mitotic cell cycle,negative,1,GSE202379::advanced_f3f4_vs_f0_non_end_stage,-1.9392585119846208,1.9392585119846208
mesenchymal_hsc_myofibroblast,Negative regulation of FGFR1 signaling,negative,1,GSE256398_human::mash_fibrosis_vs_masld_f0,-1.9388467196027173,1.9388467196027173
endothelial,Selenocysteine synthesis,positive,1,GSE244832::mash_f2f4_group_vs_normal_sensitivity,1.938135052344753,1.938135052344753
macrophage_monocyte,"Activation of IRF3, IRF7 mediated by TBK1, IKK蔚 (IKBKE)",negative,1,GSE256398_human::mash_fibrosis_vs_masld_f0,-1.9375082761197033,1.9375082761197033
mesenchymal_hsc_myofibroblast,"Expression of BMAL (ARNTL), CLOCK, and NPAS2",negative,1,GSE202379::advanced_f3f4_vs_f0_non_end_stage,-1.936665537448798,1.936665537448798
macrophage_monocyte,Signaling by FGFR1 in disease,positive,1,GSE244832::mash_f2f4_group_vs_normal_sensitivity,1.9365499374006896,1.9365499374006896
mesenchymal_hsc_myofibroblast,RAB GEFs exchange GTP for GDP on RABs,negative,1,GSE202379::advanced_f3f4_vs_f0_non_end_stage,-1.9358419454161844,1.9358419454161844
mesenchymal_hsc_myofibroblast,Biological oxidations,positive,1,GSE202379::advanced_f3f4_vs_f0_non_end_stage,1.934330736269621,1.934330736269621
endothelial,Resolution of AP sites via the multiple-nucleotide patch replacement pathway,negative,1,GSE244832::mash_f2f4_group_vs_normal_sensitivity,-1.9335862012918126,1.9335862012918126
macrophage_monocyte,Insulin receptor signalling cascade,positive,1,GSE244832::mash_f2f4_group_vs_normal_sensitivity,1.9324647498617251,1.9324647498617251
macrophage_monocyte,Downstream signaling of activated FGFR3,positive,1,GSE244832::mash_f2f4_group_vs_normal_sensitivity,1.9302424124414428,1.9302424124414428
mesenchymal_hsc_myofibroblast,Metabolism of vitamins and cofactors,positive,1,GSE202379::advanced_f3f4_vs_f0_non_end_stage,1.929058548158983,1.929058548158983
mesenchymal_hsc_myofibroblast,Initiation of coagulation cascade,negative,1,GSE256398_human::alcohol_cirrhosis_vs_healthy,-1.929007618254875,1.929007618254875
endothelial,Biosynthesis of specialized proresolving mediators (SPMs),negative,1,GSE256398_human::alcohol_cirrhosis_vs_healthy,-1.928974350053333,1.928974350053333
mesenchymal_hsc_myofibroblast,p130Cas linkage to MAPK signaling for integrins,negative,1,GSE256398_human::alcohol_cirrhosis_vs_healthy,-1.9287595495099297,1.9287595495099297
endothelial,DNA Double Strand Break Response,negative,1,GSE244832::mash_f2f4_group_vs_normal_sensitivity,-1.9275527866165667,1.9275527866165667
macrophage_monocyte,Interleukin-2 family signaling,positive,1,GSE256398_human::alcohol_cirrhosis_vs_healthy,1.9265679089988914,1.9265679089988914
mesenchymal_hsc_myofibroblast,Post-translational protein phosphorylation,negative,1,GSE256398_human::alcohol_cirrhosis_vs_healthy,-1.9241082101611415,1.9241082101611415
endothelial,Cellular response to heat stress,negative,1,GSE202379::advanced_f3f4_vs_f0_non_end_stage,-1.923725827243813,1.923725827243813
mesenchymal_hsc_myofibroblast,HDMs demethylate histones,negative,1,GSE202379::advanced_f3f4_vs_f0_non_end_stage,-1.9231146472681269,1.9231146472681269
macrophage_monocyte,NEP/NS2 Interacts with the Cellular Export Machinery,positive,1,GSE256398_human::mash_cirrhosis_vs_healthy,1.9222938556829219,1.9222938556829219
macrophage_monocyte,IRS-mediated signalling,positive,1,GSE244832::mash_f2f4_group_vs_normal_sensitivity,1.9207819250929872,1.9207819250929872
mesenchymal_hsc_myofibroblast,Inositol phosphate metabolism,negative,1,GSE202379::advanced_f3f4_vs_f0_non_end_stage,-1.9188366310004532,1.9188366310004532
macrophage_monocyte,Export of Viral Ribonucleoproteins from Nucleus,positive,1,GSE256398_human::mash_cirrhosis_vs_healthy,1.9168546564310818,1.9168546564310818
macrophage_monocyte,Processing of antigen in germinal center B cells,positive,1,GSE256398_human::mash_cirrhosis_vs_healthy,1.9163744604999928,1.9163744604999928
macrophage_monocyte,Vpr-mediated nuclear import of PICs,positive,1,GSE256398_human::mash_cirrhosis_vs_healthy,1.9152288108485853,1.9152288108485853
macrophage_monocyte,Signaling by Erythropoietin,positive,1,GSE256398_human::alcohol_cirrhosis_vs_healthy,1.9151014287269932,1.9151014287269932
macrophage_monocyte,IGF1R signaling cascade,positive,1,GSE244832::mash_f2f4_group_vs_normal_sensitivity,1.9149679078961246,1.9149679078961246
macrophage_monocyte,Signaling by Type 1 Insulin-like Growth Factor 1 Receptor (IGF1R),positive,1,GSE244832::mash_f2f4_group_vs_normal_sensitivity,1.9149679078961246,1.9149679078961246
mesenchymal_hsc_myofibroblast,Phase I - Functionalization of compounds,positive,1,GSE202379::advanced_f3f4_vs_f0_non_end_stage,1.9149188279274718,1.9149188279274718
macrophage_monocyte,IRS-related events triggered by IGF1R,positive,1,GSE244832::mash_f2f4_group_vs_normal_sensitivity,1.9145058839234272,1.9145058839234272
mesenchymal_hsc_myofibroblast,Metabolism of cofactors,negative,1,GSE256398_human::alcohol_cirrhosis_vs_healthy,-1.9137893585961556,1.9137893585961556
mesenchymal_hsc_myofibroblast,Cellular response to heat stress,negative,1,GSE202379::advanced_f3f4_vs_f0_non_end_stage,-1.9137419819000574,1.9137419819000574
mesenchymal_hsc_myofibroblast,IRS-mediated signalling,negative,1,GSE256398_human::mash_fibrosis_vs_masld_f0,-1.9130698192202056,1.9130698192202056
mesenchymal_hsc_myofibroblast,Retinoid metabolism and transport,positive,1,GSE202379::advanced_f3f4_vs_f0_non_end_stage,1.9102924145490787,1.9102924145490787
macrophage_monocyte,Nuclear import of Rev protein,positive,1,GSE256398_human::mash_cirrhosis_vs_healthy,1.909882024657639,1.909882024657639
macrophage_monocyte,Platelet degranulation,negative,1,GSE256398_human::mash_cirrhosis_vs_healthy,-1.9083378357937735,1.9083378357937735
mesenchymal_hsc_myofibroblast,G beta:gamma signalling through PLC beta,negative,1,GSE202379::advanced_f3f4_vs_f0_non_end_stage,-1.9080150690895672,1.9080150690895672
mesenchymal_hsc_myofibroblast,Interleukin-37 signaling,negative,1,GSE202379::advanced_f3f4_vs_f0_non_end_stage,-1.9078902860677327,1.9078902860677327
macrophage_monocyte,SUMOylation of ubiquitinylation proteins,positive,1,GSE256398_human::mash_cirrhosis_vs_healthy,1.905716589236932,1.905716589236932
mesenchymal_hsc_myofibroblast,Thromboxane signalling through TP receptor,negative,1,GSE202379::advanced_f3f4_vs_f0_non_end_stage,-1.9056961116434792,1.9056961116434792
mesenchymal_hsc_myofibroblast,Vasopressin regulates renal water homeostasis via Aquaporins,negative,1,GSE202379::advanced_f3f4_vs_f0_non_end_stage,-1.9035090642752912,1.9035090642752912
mesenchymal_hsc_myofibroblast,Xenobiotics,positive,1,GSE202379::advanced_f3f4_vs_f0_non_end_stage,1.903438548806299,1.903438548806299
endothelial,Activation of gene expression by SREBF (SREBP),negative,1,GSE244832::mash_f2f4_group_vs_normal_sensitivity,-1.903377187501137,1.903377187501137
endothelial,Complex I biogenesis,negative,1,GSE256398_human::alcohol_cirrhosis_vs_healthy,-1.9031899668223897,1.9031899668223897
mesenchymal_hsc_myofibroblast,Bile acid and bile salt metabolism,positive,1,GSE202379::advanced_f3f4_vs_f0_non_end_stage,1.9027301688864482,1.9027301688864482
endothelial,Mitochondrial RNA degradation,negative,1,GSE256398_human::alcohol_cirrhosis_vs_healthy,-1.9017110120257383,1.9017110120257383
endothelial,Presynaptic phase of homologous DNA pairing and strand exchange,negative,1,GSE244832::mash_f2f4_group_vs_normal_sensitivity,-1.9013171693411335,1.9013171693411335
endothelial,Diseases of carbohydrate metabolism,negative,1,GSE256398_human::alcohol_cirrhosis_vs_healthy,-1.9004177693748971,1.9004177693748971
macrophage_monocyte,Classical antibody-mediated complement activation,positive,1,GSE256398_human::alcohol_cirrhosis_vs_healthy,1.900302518303775,1.900302518303775
endothelial,SUMOylation of SUMOylation proteins,negative,1,GSE244832::mash_f2f4_group_vs_normal_sensitivity,-1.899664930569042,1.899664930569042
macrophage_monocyte,HDMs demethylate histones,positive,1,GSE256398_human::alcohol_cirrhosis_vs_healthy,1.8995479148690664,1.8995479148690664
macrophage_monocyte,SUMOylation of DNA methylation proteins,positive,1,GSE256398_human::alcohol_cirrhosis_vs_healthy,1.8978951673195583,1.8978951673195583
mesenchymal_hsc_myofibroblast,HATs acetylate histones,negative,1,GSE202379::advanced_f3f4_vs_f0_non_end_stage,-1.8973397912935432,1.8973397912935432
mesenchymal_hsc_myofibroblast,Regulation of clotting cascade,positive,1,GSE202379::advanced_f3f4_vs_f0_non_end_stage,1.8969640968256043,1.8969640968256043
mesenchymal_hsc_myofibroblast,Metabolism of amino acids and derivatives,positive,1,GSE202379::advanced_f3f4_vs_f0_non_end_stage,1.8960832493442368,1.8960832493442368
macrophage_monocyte,FRS-mediated FGFR4 signaling,positive,1,GSE244832::mash_f2f4_group_vs_normal_sensitivity,1.8944935171581705,1.8944935171581705
macrophage_monocyte,DAP12 interactions,positive,1,GSE244832::mash_f2f4_group_vs_normal_sensitivity,1.8943532123297817,1.8943532123297817
endothelial,Endogenous sterols,negative,1,GSE244832::mash_f2f4_group_vs_normal_sensitivity,-1.8943497878402649,1.8943497878402649
macrophage_monocyte,Regulation of FZD by ubiquitination,negative,1,GSE256398_human::mash_cirrhosis_vs_healthy,-1.893904861158365,1.893904861158365
macrophage_monocyte,Negative regulators of DDX58/IFIH1 signaling,negative,1,GSE256398_human::mash_fibrosis_vs_masld_f0,-1.893043652915896,1.893043652915896
mesenchymal_hsc_myofibroblast,IRAK4 deficiency (TLR2/4),negative,1,GSE256398_human::alcohol_cirrhosis_vs_healthy,-1.8930388909128715,1.8930388909128715
mesenchymal_hsc_myofibroblast,Platelet homeostasis,negative,1,GSE202379::advanced_f3f4_vs_f0_non_end_stage,-1.891631878171777,1.891631878171777
mesenchymal_hsc_myofibroblast,RHO GTPases Activate WASPs and WAVEs,negative,1,GSE202379::advanced_f3f4_vs_f0_non_end_stage,-1.8916239618486825,1.8916239618486825
endothelial,TRAF6-mediated induction of TAK1 complex within TLR4 complex,negative,1,GSE256398_human::alcohol_cirrhosis_vs_healthy,-1.8909282487531534,1.8909282487531534
mesenchymal_hsc_myofibroblast,Regulation of TLR by endogenous ligand,negative,1,GSE256398_human::alcohol_cirrhosis_vs_healthy,-1.8903758626686036,1.8903758626686036
mesenchymal_hsc_myofibroblast,Amplification and propagation of coagulation cascade,positive,1,GSE202379::advanced_f3f4_vs_f0_non_end_stage,1.8897188057241292,1.8897188057241292
mesenchymal_hsc_myofibroblast,Amyloid fiber formation,negative,1,GSE256398_human::alcohol_cirrhosis_vs_healthy,-1.8873625570533268,1.8873625570533268
mesenchymal_hsc_myofibroblast,Thrombin signalling through proteinase activated receptors (PARs),negative,1,GSE202379::advanced_f3f4_vs_f0_non_end_stage,-1.886147784960696,1.886147784960696
macrophage_monocyte,Signaling by FLT3 fusion proteins,positive,1,GSE244832::mash_f2f4_group_vs_normal_sensitivity,1.8856014496541027,1.8856014496541027
endothelial,Regulation of TP53 Activity through Acetylation,negative,1,GSE244832::mash_f2f4_group_vs_normal_sensitivity,-1.8854209795529164,1.8854209795529164
macrophage_monocyte,Antimicrobial peptides,positive,1,GSE244832::mash_f2f4_group_vs_normal_sensitivity,1.8840981412303122,1.8840981412303122
mesenchymal_hsc_myofibroblast,IGF1R signaling cascade,negative,1,GSE256398_human::mash_fibrosis_vs_masld_f0,-1.8840887865542577,1.8840887865542577
mesenchymal_hsc_myofibroblast,Regulation of HSF1-mediated heat shock response,negative,1,GSE202379::advanced_f3f4_vs_f0_non_end_stage,-1.883643249288338,1.883643249288338
mesenchymal_hsc_myofibroblast,"Platelet activation, signaling and aggregation",negative,1,GSE256398_human::alcohol_cirrhosis_vs_healthy,-1.8827111828346847,1.8827111828346847
mesenchymal_hsc_myofibroblast,GRB2:SOS provides linkage to MAPK signaling for Integrins,negative,1,GSE256398_human::alcohol_cirrhosis_vs_healthy,-1.882293967004295,1.882293967004295
macrophage_monocyte,PKMTs methylate histone lysines,positive,1,GSE256398_human::alcohol_cirrhosis_vs_healthy,1.8807989925933097,1.8807989925933097
mesenchymal_hsc_myofibroblast,Cellular Senescence,negative,1,GSE202379::advanced_f3f4_vs_f0_non_end_stage,-1.8805884464714957,1.8805884464714957
endothelial,APC/C:Cdc20 mediated degradation of Cyclin B,negative,1,GSE202379::advanced_f3f4_vs_f0_non_end_stage,-1.8798978417348642,1.8798978417348642
macrophage_monocyte,Interactions of Rev with host cellular proteins,positive,1,GSE256398_human::mash_cirrhosis_vs_healthy,1.8795646264055499,1.8795646264055499
mesenchymal_hsc_myofibroblast,Constitutive Signaling by NOTCH1 HD+PEST Domain Mutants,negative,1,GSE202379::advanced_f3f4_vs_f0_non_end_stage,-1.8781252830479662,1.8781252830479662
mesenchymal_hsc_myofibroblast,Constitutive Signaling by NOTCH1 PEST Domain Mutants,negative,1,GSE202379::advanced_f3f4_vs_f0_non_end_stage,-1.8781252830479662,1.8781252830479662
mesenchymal_hsc_myofibroblast,Signaling by NOTCH1 HD+PEST Domain Mutants in Cancer,negative,1,GSE202379::advanced_f3f4_vs_f0_non_end_stage,-1.8781252830479662,1.8781252830479662
mesenchymal_hsc_myofibroblast,Signaling by NOTCH1 PEST Domain Mutants in Cancer,negative,1,GSE202379::advanced_f3f4_vs_f0_non_end_stage,-1.8781252830479662,1.8781252830479662
mesenchymal_hsc_myofibroblast,Signaling by NOTCH1 in Cancer,negative,1,GSE202379::advanced_f3f4_vs_f0_non_end_stage,-1.8781252830479662,1.8781252830479662
mesenchymal_hsc_myofibroblast,Oxidative Stress Induced Senescence,negative,1,GSE202379::advanced_f3f4_vs_f0_non_end_stage,-1.8751658969272593,1.8751658969272593
macrophage_monocyte,RAC2 GTPase cycle,positive,1,GSE256398_human::mash_cirrhosis_vs_healthy,1.874119359746919,1.874119359746919
mesenchymal_hsc_myofibroblast,Collagen degradation,negative,1,GSE202379::advanced_f3f4_vs_f0_non_end_stage,-1.8738740449254025,1.8738740449254025
endothelial,Bile acid and bile salt metabolism,negative,1,GSE244832::mash_f2f4_group_vs_normal_sensitivity,-1.8726960566639457,1.8726960566639457
mesenchymal_hsc_myofibroblast,Peroxisomal protein import,positive,1,GSE202379::advanced_f3f4_vs_f0_non_end_stage,1.8711210773097855,1.8711210773097855
endothelial,DNA Replication Pre-Initiation,negative,1,GSE244832::mash_f2f4_group_vs_normal_sensitivity,-1.868189983316351,1.868189983316351
mesenchymal_hsc_myofibroblast,Signaling by MET,negative,1,GSE202379::advanced_f3f4_vs_f0_non_end_stage,-1.8659000571195818,1.8659000571195818
macrophage_monocyte,Rev-mediated nuclear export of HIV RNA,positive,1,GSE256398_human::mash_cirrhosis_vs_healthy,1.8657657526949019,1.8657657526949019
mesenchymal_hsc_myofibroblast,SARS-CoV-2 modulates host translation machinery,positive,1,GSE244832::mash_f2f4_group_vs_normal_sensitivity,1.8653676290369252,1.8653676290369252
macrophage_monocyte,SUMOylation of RNA binding proteins,positive,1,GSE256398_human::mash_cirrhosis_vs_healthy,1.86500848684892,1.86500848684892
endothelial,Metabolism of water-soluble vitamins and cofactors,negative,1,GSE244832::mash_f2f4_group_vs_normal_sensitivity,-1.8639708997035087,1.8639708997035087
macrophage_monocyte,Nonhomologous End-Joining (NHEJ),positive,1,GSE256398_human::alcohol_cirrhosis_vs_healthy,1.8638724082554026,1.8638724082554026
mesenchymal_hsc_myofibroblast,Metabolism of steroids,positive,1,GSE202379::advanced_f3f4_vs_f0_non_end_stage,1.8637960410210483,1.8637960410210483
macrophage_monocyte,Defective TPR may confer susceptibility towards thyroid papillary carcinoma (TPC),positive,1,GSE256398_human::mash_cirrhosis_vs_healthy,1.8631799886377085,1.8631799886377085
macrophage_monocyte,Regulation of Glucokinase by Glucokinase Regulatory Protein,positive,1,GSE256398_human::mash_cirrhosis_vs_healthy,1.8631799886377085,1.8631799886377085
endothelial,G0 and Early G1,negative,1,GSE244832::mash_f2f4_group_vs_normal_sensitivity,-1.8623559356758486,1.8623559356758486
mesenchymal_hsc_myofibroblast,Metabolism of folate and pterines,negative,1,GSE256398_human::alcohol_cirrhosis_vs_healthy,-1.8619804227184586,1.8619804227184586
endothelial,Transport of Mature mRNAs Derived from Intronless Transcripts,negative,1,GSE244832::mash_f2f4_group_vs_normal_sensitivity,-1.8618809289020697,1.8618809289020697
endothelial,HSP90 chaperone cycle for steroid hormone receptors (SHR) in the presence of ligand,negative,1,GSE202379::advanced_f3f4_vs_f0_non_end_stage,-1.8613932453940367,1.8613932453940367
mesenchymal_hsc_myofibroblast,Transcriptional Regulation by VENTX,negative,1,GSE202379::advanced_f3f4_vs_f0_non_end_stage,-1.8611716654733612,1.8611716654733612
macrophage_monocyte,Signaling by FGFR3 in disease,positive,1,GSE244832::mash_f2f4_group_vs_normal_sensitivity,1.860790713058597,1.860790713058597
macrophage_monocyte,Response to elevated platelet cytosolic Ca2+,negative,1,GSE256398_human::mash_cirrhosis_vs_healthy,-1.8604534593177555,1.8604534593177555
mesenchymal_hsc_myofibroblast,Constitutive Signaling by AKT1 E17K in Cancer,negative,1,GSE202379::advanced_f3f4_vs_f0_non_end_stage,-1.8599210486153834,1.8599210486153834
macrophage_monocyte,Interleukin-12 family signaling,negative,1,GSE256398_human::mash_fibrosis_vs_masld_f0,-1.8595199145211196,1.8595199145211196
mesenchymal_hsc_myofibroblast,Cellular response to starvation,positive,1,GSE244832::mash_f2f4_group_vs_normal_sensitivity,1.8591480158049332,1.8591480158049332
mesenchymal_hsc_myofibroblast,Branched-chain amino acid catabolism,negative,1,GSE256398_human::alcohol_cirrhosis_vs_healthy,-1.8589974353436818,1.8589974353436818
mesenchymal_hsc_myofibroblast,Coagulation pathway,positive,1,GSE202379::advanced_f3f4_vs_f0_non_end_stage,1.8587233915732841,1.8587233915732841
endothelial,"Formation of the ternary complex, and subsequently, the 43S complex",negative,1,GSE202379::advanced_f3f4_vs_f0_non_end_stage,-1.8581849946467108,1.8581849946467108
mesenchymal_hsc_myofibroblast,SUMOylation of DNA damage response and repair proteins,negative,1,GSE202379::advanced_f3f4_vs_f0_non_end_stage,-1.8575598687410553,1.8575598687410553
mesenchymal_hsc_myofibroblast,Regulation of actin dynamics for phagocytic cup formation,negative,1,GSE202379::advanced_f3f4_vs_f0_non_end_stage,-1.8568680522942456,1.8568680522942456
macrophage_monocyte,Downstream signaling of activated FGFR1,positive,1,GSE244832::mash_f2f4_group_vs_normal_sensitivity,1.8565684092762285,1.8565684092762285
endothelial,Regulation of cholesterol biosynthesis by SREBP (SREBF),negative,1,GSE244832::mash_f2f4_group_vs_normal_sensitivity,-1.855575647088313,1.855575647088313
mesenchymal_hsc_myofibroblast,Molecules associated with elastic fibres,positive,1,GSE244832::mash_f2f4_group_vs_normal_sensitivity,1.8549977111295182,1.8549977111295182
endothelial,HSF1 activation,negative,1,GSE202379::advanced_f3f4_vs_f0_non_end_stage,-1.8538946578519582,1.8538946578519582
mesenchymal_hsc_myofibroblast,Metabolism of water-soluble vitamins and cofactors,positive,1,GSE202379::advanced_f3f4_vs_f0_non_end_stage,1.8523650276021746,1.8523650276021746
endothelial,Extension of Telomeres,negative,1,GSE244832::mash_f2f4_group_vs_normal_sensitivity,-1.8505757280195447,1.8505757280195447
macrophage_monocyte,VLDLR internalisation and degradation,negative,1,GSE256398_human::mash_cirrhosis_vs_healthy,-1.8503665470690271,1.8503665470690271
mesenchymal_hsc_myofibroblast,Activation of HOX genes during differentiation,negative,1,GSE202379::advanced_f3f4_vs_f0_non_end_stage,-1.8497255970678796,1.8497255970678796
mesenchymal_hsc_myofibroblast,Activation of anterior HOX genes in hindbrain development during early embryogenesis,negative,1,GSE202379::advanced_f3f4_vs_f0_non_end_stage,-1.8497255970678796,1.8497255970678796
mesenchymal_hsc_myofibroblast,Retinoid metabolism and transport,negative,1,GSE256398_human::alcohol_cirrhosis_vs_healthy,-1.849086638114431,1.849086638114431
mesenchymal_hsc_myofibroblast,Glucuronidation,negative,1,GSE256398_human::alcohol_cirrhosis_vs_healthy,-1.8484721870777596,1.8484721870777596
macrophage_monocyte,Metabolism of fat-soluble vitamins,negative,1,GSE256398_human::alcohol_cirrhosis_vs_healthy,-1.8484003651613046,1.8484003651613046
mesenchymal_hsc_myofibroblast,Nonsense Mediated Decay (NMD) enhanced by the Exon Junction Complex (EJC),positive,1,GSE244832::mash_f2f4_group_vs_normal_sensitivity,1.8481387977796522,1.8481387977796522
mesenchymal_hsc_myofibroblast,Nonsense-Mediated Decay (NMD),positive,1,GSE244832::mash_f2f4_group_vs_normal_sensitivity,1.8481387977796522,1.8481387977796522
endothelial,PERK regulates gene expression,negative,1,GSE202379::advanced_f3f4_vs_f0_non_end_stage,-1.8464615642548086,1.8464615642548086
macrophage_monocyte,Resolution of Sister Chromatid Cohesion,positive,1,GSE256398_human::mash_cirrhosis_vs_healthy,1.8462042077675769,1.8462042077675769
mesenchymal_hsc_myofibroblast,Signaling by ERBB2 ECD mutants,negative,1,GSE202379::advanced_f3f4_vs_f0_non_end_stage,-1.8456963534449573,1.8456963534449573
mesenchymal_hsc_myofibroblast,Signal amplification,negative,1,GSE202379::advanced_f3f4_vs_f0_non_end_stage,-1.845076842895904,1.845076842895904
mesenchymal_hsc_myofibroblast,PI3K Cascade,negative,1,GSE256398_human::mash_fibrosis_vs_masld_f0,-1.8442395569859338,1.8442395569859338
macrophage_monocyte,Leishmania infection,positive,1,GSE256398_human::alcohol_cirrhosis_vs_healthy,1.8434009617737315,1.8434009617737315
macrophage_monocyte,Parasitic Infection Pathways,positive,1,GSE256398_human::alcohol_cirrhosis_vs_healthy,1.8434009617737315,1.8434009617737315
macrophage_monocyte,Myogenesis,positive,1,GSE256398_human::alcohol_cirrhosis_vs_healthy,1.8430593095774237,1.8430593095774237
endothelial,Mitotic G1 phase and G1/S transition,negative,1,GSE244832::mash_f2f4_group_vs_normal_sensitivity,-1.8429996372557444,1.8429996372557444
endothelial,Regulation of TP53 Activity through Phosphorylation,negative,1,GSE244832::mash_f2f4_group_vs_normal_sensitivity,-1.8428981483872784,1.8428981483872784
endothelial,Vitamin B5 (pantothenate) metabolism,negative,1,GSE244832::mash_f2f4_group_vs_normal_sensitivity,-1.842781177596798,1.842781177596798
endothelial,SUMOylation of DNA damage response and repair proteins,negative,1,GSE202379::advanced_f3f4_vs_f0_non_end_stage,-1.8401560459841377,1.8401560459841377
macrophage_monocyte,Iron uptake and transport,negative,1,GSE256398_human::mash_fibrosis_vs_masld_f0,-1.8396311251052617,1.8396311251052617
mesenchymal_hsc_myofibroblast,Class I peroxisomal membrane protein import,negative,1,GSE256398_human::alcohol_cirrhosis_vs_healthy,-1.8391348882540324,1.8391348882540324
macrophage_monocyte,CD22 mediated BCR regulation,positive,1,GSE256398_human::mash_cirrhosis_vs_healthy,1.8381423780285917,1.8381423780285917
mesenchymal_hsc_myofibroblast,Signaling by FLT3 fusion proteins,negative,1,GSE202379::advanced_f3f4_vs_f0_non_end_stage,-1.837894795339303,1.837894795339303
mesenchymal_hsc_myofibroblast,RHOB GTPase cycle,negative,1,GSE202379::advanced_f3f4_vs_f0_non_end_stage,-1.8378186967707781,1.8378186967707781
macrophage_monocyte,"Cell Cycle, Mitotic",positive,1,GSE256398_human::mash_cirrhosis_vs_healthy,1.8368676066775962,1.8368676066775962
endothelial,Biosynthesis of DHA-derived SPMs,negative,1,GSE256398_human::alcohol_cirrhosis_vs_healthy,-1.8335199069184287,1.8335199069184287
mesenchymal_hsc_myofibroblast,Negative regulation of FGFR4 signaling,negative,1,GSE256398_human::mash_fibrosis_vs_masld_f0,-1.8332102649479878,1.8332102649479878
endothelial,rRNA modification in the nucleus and cytosol,negative,1,GSE244832::mash_f2f4_group_vs_normal_sensitivity,-1.8329830926206394,1.8329830926206394
mesenchymal_hsc_myofibroblast,Transcriptional Regulation by NPAS4,negative,1,GSE202379::advanced_f3f4_vs_f0_non_end_stage,-1.8309081356643793,1.8309081356643793
mesenchymal_hsc_myofibroblast,Ribosome-associated quality control,positive,1,GSE244832::mash_f2f4_group_vs_normal_sensitivity,1.830825723878804,1.830825723878804
macrophage_monocyte,Anti-inflammatory response favouring Leishmania parasite infection,positive,1,GSE256398_human::mash_cirrhosis_vs_healthy,1.8304180957158755,1.8304180957158755
macrophage_monocyte,Leishmania parasite growth and survival,positive,1,GSE256398_human::mash_cirrhosis_vs_healthy,1.8304180957158755,1.8304180957158755
macrophage_monocyte,Other semaphorin interactions,positive,1,GSE256398_human::mash_cirrhosis_vs_healthy,1.8304075703921758,1.8304075703921758
mesenchymal_hsc_myofibroblast,Metabolism of porphyrins,negative,1,GSE256398_human::alcohol_cirrhosis_vs_healthy,-1.8302801368796315,1.8302801368796315
endothelial,Diseases associated with glycosylation precursor biosynthesis,negative,1,GSE256398_human::alcohol_cirrhosis_vs_healthy,-1.8299040651752798,1.8299040651752798
endothelial,Metabolic disorders of biological oxidation enzymes,negative,1,GSE244832::mash_f2f4_group_vs_normal_sensitivity,-1.8292691477474612,1.8292691477474612
mesenchymal_hsc_myofibroblast,L13a-mediated translational silencing of Ceruloplasmin expression,positive,1,GSE244832::mash_f2f4_group_vs_normal_sensitivity,1.8276754459977413,1.8276754459977413
mesenchymal_hsc_myofibroblast,Phase II - Conjugation of compounds,positive,1,GSE202379::advanced_f3f4_vs_f0_non_end_stage,1.827455363214233,1.827455363214233
macrophage_monocyte,Autodegradation of Cdh1 by Cdh1:APC/C,negative,1,GSE256398_human::alcohol_cirrhosis_vs_healthy,-1.8273831403342746,1.8273831403342746
macrophage_monocyte,Dectin-2 family,positive,1,GSE256398_human::mash_cirrhosis_vs_healthy,1.826589250555252,1.826589250555252
endothelial,Transport of Mature mRNA derived from an Intron-Containing Transcript,negative,1,GSE244832::mash_f2f4_group_vs_normal_sensitivity,-1.8243864358780757,1.8243864358780757
macrophage_monocyte,MHC class II antigen presentation,positive,1,GSE256398_human::mash_cirrhosis_vs_healthy,1.82385786109381,1.82385786109381
mesenchymal_hsc_myofibroblast,PI Metabolism,negative,1,GSE202379::advanced_f3f4_vs_f0_non_end_stage,-1.823070760749803,1.823070760749803
mesenchymal_hsc_myofibroblast,Scavenging by Class A Receptors,negative,1,GSE256398_human::alcohol_cirrhosis_vs_healthy,-1.82190911545629,1.82190911545629
macrophage_monocyte,Diseases associated with N-glycosylation of proteins,negative,1,GSE256398_human::mash_cirrhosis_vs_healthy,-1.8214132423886726,1.8214132423886726
endothelial,Host Interactions of HIV factors,negative,1,GSE244832::mash_f2f4_group_vs_normal_sensitivity,-1.820954453445064,1.820954453445064
endothelial,IRAK2 mediated activation of TAK1 complex upon TLR7/8 or 9 stimulation,negative,1,GSE256398_human::alcohol_cirrhosis_vs_healthy,-1.8208941384731632,1.8208941384731632
endothelial,Regulation of APC/C activators between G1/S and early anaphase,negative,1,GSE202379::advanced_f3f4_vs_f0_non_end_stage,-1.8208135596680926,1.8208135596680926
endothelial,Regulation of MITF-M-dependent genes involved in lysosome biogenesis and autophagy,negative,1,GSE256398_human::alcohol_cirrhosis_vs_healthy,-1.819808388440301,1.819808388440301
endothelial,mRNA Polyadenylation,negative,1,GSE244832::mash_f2f4_group_vs_normal_sensitivity,-1.8189037358472668,1.8189037358472668
endothelial,Orc1 removal from chromatin,negative,1,GSE244832::mash_f2f4_group_vs_normal_sensitivity,-1.8187926425738898,1.8187926425738898
endothelial,Metabolism of amine-derived hormones,negative,1,GSE256398_human::alcohol_cirrhosis_vs_healthy,-1.8177435595247546,1.8177435595247546
mesenchymal_hsc_myofibroblast,Negative regulation of FGFR3 signaling,negative,1,GSE256398_human::mash_fibrosis_vs_masld_f0,-1.8138420712635697,1.8138420712635697
endothelial,Telomere C-strand (Lagging Strand) Synthesis,negative,1,GSE244832::mash_f2f4_group_vs_normal_sensitivity,-1.8117477597433997,1.8117477597433997
endothelial,Transport of Mature mRNA Derived from an Intronless Transcript,negative,1,GSE244832::mash_f2f4_group_vs_normal_sensitivity,-1.8109906893637513,1.8109906893637513
mesenchymal_hsc_myofibroblast,Glutathione conjugation,positive,1,GSE202379::advanced_f3f4_vs_f0_non_end_stage,1.8098604239410632,1.8098604239410632
mesenchymal_hsc_myofibroblast,IKK complex recruitment mediated by RIP1,negative,1,GSE256398_human::mash_cirrhosis_vs_healthy,-1.8093455537559995,1.8093455537559995
mesenchymal_hsc_myofibroblast,Constitutive Signaling by EGFRvIII,negative,1,GSE202379::advanced_f3f4_vs_f0_non_end_stage,-1.8086823212614946,1.8086823212614946
mesenchymal_hsc_myofibroblast,Signaling by EGFRvIII in Cancer,negative,1,GSE202379::advanced_f3f4_vs_f0_non_end_stage,-1.8086823212614946,1.8086823212614946
endothelial,mRNA 3'-end processing,negative,1,GSE244832::mash_f2f4_group_vs_normal_sensitivity,-1.8078315813227288,1.8078315813227288
mesenchymal_hsc_myofibroblast,Presynaptic function of Kainate receptors,negative,1,GSE202379::advanced_f3f4_vs_f0_non_end_stage,-1.8067754501757913,1.8067754501757913
endothelial,Transcription of E2F targets under negative control by DREAM complex,negative,1,GSE244832::mash_f2f4_group_vs_normal_sensitivity,-1.8053353794208868,1.8053353794208868
mesenchymal_hsc_myofibroblast,RHOA GTPase cycle,negative,1,GSE202379::advanced_f3f4_vs_f0_non_end_stage,-1.8041519781849968,1.8041519781849968
mesenchymal_hsc_myofibroblast,GTP hydrolysis and joining of the 60S ribosomal subunit,positive,1,GSE244832::mash_f2f4_group_vs_normal_sensitivity,1.8024119684166537,1.8024119684166537
mesenchymal_hsc_myofibroblast,Metal ion SLC transporters,negative,1,GSE256398_human::alcohol_cirrhosis_vs_healthy,-1.8019597838737456,1.8019597838737456
mesenchymal_hsc_myofibroblast,Bacterial Infection Pathways,negative,1,GSE202379::advanced_f3f4_vs_f0_non_end_stage,-1.801454082691353,1.801454082691353
mesenchymal_hsc_myofibroblast,Peroxisomal lipid metabolism,positive,1,GSE202379::advanced_f3f4_vs_f0_non_end_stage,1.8002583962731467,1.8002583962731467
mesenchymal_hsc_myofibroblast,Signalling to ERKs,negative,1,GSE202379::advanced_f3f4_vs_f0_non_end_stage,-1.7998637899075332,1.7998637899075332
mesenchymal_hsc_myofibroblast,FRS-mediated FGFR1 signaling,negative,1,GSE202379::advanced_f3f4_vs_f0_non_end_stage,-1.7998622986819415,1.7998622986819415
mesenchymal_hsc_myofibroblast,Gastrin-CREB signalling pathway via PKC and MAPK,negative,1,GSE256398_human::mash_fibrosis_vs_masld_f0,-1.799742922647872,1.799742922647872
endothelial,Defective TPR may confer susceptibility towards thyroid papillary carcinoma (TPC),negative,1,GSE244832::mash_f2f4_group_vs_normal_sensitivity,-1.799288611778513,1.799288611778513
endothelial,Regulation of Glucokinase by Glucokinase Regulatory Protein,negative,1,GSE244832::mash_f2f4_group_vs_normal_sensitivity,-1.799288611778513,1.799288611778513
mesenchymal_hsc_myofibroblast,Plasma lipoprotein clearance,negative,1,GSE256398_human::alcohol_cirrhosis_vs_healthy,-1.798955091890581,1.798955091890581
endothelial,Transport of the SLBP Dependant Mature mRNA,negative,1,GSE244832::mash_f2f4_group_vs_normal_sensitivity,-1.7987732928564724,1.7987732928564724
mesenchymal_hsc_myofibroblast,Signaling by cytosolic FGFR1 fusion mutants,negative,1,GSE202379::advanced_f3f4_vs_f0_non_end_stage,-1.7977993935452006,1.7977993935452006
endothelial,Centrosome maturation,negative,1,GSE244832::mash_f2f4_group_vs_normal_sensitivity,-1.7961165737626565,1.7961165737626565
endothelial,Recruitment of mitotic centrosome proteins and complexes,negative,1,GSE244832::mash_f2f4_group_vs_normal_sensitivity,-1.7961165737626565,1.7961165737626565
mesenchymal_hsc_myofibroblast,Signaling by RAF1 mutants,negative,1,GSE202379::advanced_f3f4_vs_f0_non_end_stage,-1.7960233828168897,1.7960233828168897
macrophage_monocyte,p75NTR signals via NF-kB,negative,1,GSE256398_human::mash_fibrosis_vs_masld_f0,-1.795478132562083,1.795478132562083
endothelial,Gap-filling DNA repair synthesis and ligation in GG-NER,negative,1,GSE244832::mash_f2f4_group_vs_normal_sensitivity,-1.7943195485368966,1.7943195485368966
macrophage_monocyte,Ubiquitin-dependent degradation of Cyclin D,negative,1,GSE256398_human::alcohol_cirrhosis_vs_healthy,-1.794096460977383,1.794096460977383
endothelial,Complement cascade,negative,1,GSE256398_human::alcohol_cirrhosis_vs_healthy,-1.7927318867409052,1.7927318867409052
macrophage_monocyte,Gluconeogenesis,negative,1,GSE256398_human::mash_cirrhosis_vs_healthy,-1.791963941245642,1.791963941245642
macrophage_monocyte,SUMOylation of DNA replication proteins,positive,1,GSE256398_human::mash_cirrhosis_vs_healthy,1.788421013566158,1.788421013566158
mesenchymal_hsc_myofibroblast,Synthesis of substrates in N-glycan biosythesis,negative,1,GSE256398_human::mash_cirrhosis_vs_healthy,-1.7864529002329665,1.7864529002329665
mesenchymal_hsc_myofibroblast,Nitric oxide stimulates guanylate cyclase,negative,1,GSE202379::advanced_f3f4_vs_f0_non_end_stage,-1.7860207529187102,1.7860207529187102
mesenchymal_hsc_myofibroblast,Mitochondrial protein degradation,positive,1,GSE202379::advanced_f3f4_vs_f0_non_end_stage,1.78560821218116,1.78560821218116
macrophage_monocyte,Amplification  of signal from unattached  kinetochores via a MAD2  inhibitory signal,positive,1,GSE256398_human::mash_cirrhosis_vs_healthy,1.7833377629623481,1.7833377629623481
macrophage_monocyte,Amplification of signal from the kinetochores,positive,1,GSE256398_human::mash_cirrhosis_vs_healthy,1.7833377629623481,1.7833377629623481
mesenchymal_hsc_myofibroblast,Scavenging of heme from plasma,positive,1,GSE202379::advanced_f3f4_vs_f0_non_end_stage,1.7817320978338926,1.7817320978338926
endothelial,Metabolism of nucleotides,negative,1,GSE244832::mash_f2f4_group_vs_normal_sensitivity,-1.7811048362103903,1.7811048362103903
mesenchymal_hsc_myofibroblast,Prostacyclin signalling through prostacyclin receptor,negative,1,GSE202379::advanced_f3f4_vs_f0_non_end_stage,-1.7810954142303026,1.7810954142303026
endothelial,HIV Infection,negative,1,GSE244832::mash_f2f4_group_vs_normal_sensitivity,-1.7808884133019782,1.7808884133019782
endothelial,Interactions of Rev with host cellular proteins,negative,1,GSE244832::mash_f2f4_group_vs_normal_sensitivity,-1.779976238085028,1.779976238085028
macrophage_monocyte,Dengue virus activates/modulates innate and adaptive immune responses,negative,1,GSE256398_human::mash_cirrhosis_vs_healthy,-1.779020775211299,1.779020775211299
mesenchymal_hsc_myofibroblast,HSP90 chaperone cycle for steroid hormone receptors (SHR) in the presence of ligand,negative,1,GSE202379::advanced_f3f4_vs_f0_non_end_stage,-1.7774981046107954,1.7774981046107954
mesenchymal_hsc_myofibroblast,Signaling by NOTCH1,negative,1,GSE202379::advanced_f3f4_vs_f0_non_end_stage,-1.7773727162976591,1.7773727162976591
endothelial,Telomere Maintenance,negative,1,GSE244832::mash_f2f4_group_vs_normal_sensitivity,-1.776948376530463,1.776948376530463
mesenchymal_hsc_myofibroblast,Formation of WDR5-containing histone-modifying complexes,negative,1,GSE202379::advanced_f3f4_vs_f0_non_end_stage,-1.7768220245470987,1.7768220245470987
endothelial,Fatty acid metabolism,negative,1,GSE244832::mash_f2f4_group_vs_normal_sensitivity,-1.7755410357092931,1.7755410357092931
endothelial,Formation of ATP by chemiosmotic coupling,negative,1,GSE256398_human::alcohol_cirrhosis_vs_healthy,-1.7732875130975214,1.7732875130975214
endothelial,Loss of Nlp from mitotic centrosomes,negative,1,GSE244832::mash_f2f4_group_vs_normal_sensitivity,-1.7724209515059726,1.7724209515059726
endothelial,Loss of proteins required for interphase microtubule organization from the centrosome,negative,1,GSE244832::mash_f2f4_group_vs_normal_sensitivity,-1.7724209515059726,1.7724209515059726
mesenchymal_hsc_myofibroblast,Initial triggering of complement,negative,1,GSE256398_human::alcohol_cirrhosis_vs_healthy,-1.7719689233214122,1.7719689233214122
macrophage_monocyte,Negative regulation of FGFR1 signaling,negative,1,GSE256398_human::mash_fibrosis_vs_masld_f0,-1.7714413318896975,1.7714413318896975
mesenchymal_hsc_myofibroblast,Cell-Cell communication,negative,1,GSE202379::advanced_f3f4_vs_f0_non_end_stage,-1.770973472127904,1.770973472127904
endothelial,Recognition of DNA damage by PCNA-containing replication complex,negative,1,GSE244832::mash_f2f4_group_vs_normal_sensitivity,-1.7708497297355232,1.7708497297355232
mesenchymal_hsc_myofibroblast,Antimicrobial peptides,positive,1,GSE244832::mash_f2f4_group_vs_normal_sensitivity,1.7687011535956787,1.7687011535956787
mesenchymal_hsc_myofibroblast,Signaling by EGFR,negative,1,GSE202379::advanced_f3f4_vs_f0_non_end_stage,-1.7682592378602315,1.7682592378602315
mesenchymal_hsc_myofibroblast,Scavenging of heme from plasma,negative,1,GSE256398_human::alcohol_cirrhosis_vs_healthy,-1.7678919442399603,1.7678919442399603
macrophage_monocyte,SARS-CoV-2 Infection,negative,1,GSE256398_human::mash_fibrosis_vs_masld_f0,-1.7675076956435574,1.7675076956435574
endothelial,SUMOylation,negative,1,GSE244832::mash_f2f4_group_vs_normal_sensitivity,-1.767481689985412,1.767481689985412
macrophage_monocyte,M Phase,positive,1,GSE256398_human::mash_cirrhosis_vs_healthy,1.7673952321315336,1.7673952321315336
endothelial,Recycling of bile acids and salts,negative,1,GSE244832::mash_f2f4_group_vs_normal_sensitivity,-1.767324086780204,1.767324086780204
endothelial,Nuclear import of Rev protein,negative,1,GSE244832::mash_f2f4_group_vs_normal_sensitivity,-1.7672735878662233,1.7672735878662233
macrophage_monocyte,G-protein mediated events,positive,1,GSE256398_human::mash_cirrhosis_vs_healthy,1.7668432335079622,1.7668432335079622
macrophage_monocyte,Cellular response to chemical stress,negative,1,GSE256398_human::mash_cirrhosis_vs_healthy,-1.7654243532292255,1.7654243532292255
mesenchymal_hsc_myofibroblast,TGF-beta receptor signaling activates SMADs,negative,1,GSE202379::advanced_f3f4_vs_f0_non_end_stage,-1.764549058824939,1.764549058824939
mesenchymal_hsc_myofibroblast,Influenza Viral RNA Transcription and Replication,positive,1,GSE244832::mash_f2f4_group_vs_normal_sensitivity,1.7641137248404337,1.7641137248404337
macrophage_monocyte,APC/C:Cdc20 mediated degradation of Securin,negative,1,GSE256398_human::alcohol_cirrhosis_vs_healthy,-1.7617645525344658,1.7617645525344658
endothelial,E2F mediated regulation of DNA replication,negative,1,GSE244832::mash_f2f4_group_vs_normal_sensitivity,-1.7602340421546874,1.7602340421546874
macrophage_monocyte,RUNX1 interacts with co-factors whose precise effect on RUNX1 targets is not known,positive,1,GSE256398_human::mash_cirrhosis_vs_healthy,1.7593462915279225,1.7593462915279225
endothelial,Dual Incision in GG-NER,negative,1,GSE244832::mash_f2f4_group_vs_normal_sensitivity,-1.758672225908904,1.758672225908904
mesenchymal_hsc_myofibroblast,RHOV GTPase cycle,negative,1,GSE202379::advanced_f3f4_vs_f0_non_end_stage,-1.758448241373416,1.758448241373416
macrophage_monocyte,Regulation of activated PAK-2p34 by proteasome mediated degradation,negative,1,GSE256398_human::alcohol_cirrhosis_vs_healthy,-1.7577405311363485,1.7577405311363485
macrophage_monocyte,Protein methylation,negative,1,GSE256398_human::mash_fibrosis_vs_masld_f0,-1.7563961150625385,1.7563961150625385
endothelial,Aspirin ADME,negative,1,GSE244832::mash_f2f4_group_vs_normal_sensitivity,-1.7558104779517876,1.7558104779517876
mesenchymal_hsc_myofibroblast,NGF-stimulated transcription,negative,1,GSE202379::advanced_f3f4_vs_f0_non_end_stage,-1.7542228751240112,1.7542228751240112
endothelial,Postmitotic nuclear pore complex (NPC) reformation,negative,1,GSE244832::mash_f2f4_group_vs_normal_sensitivity,-1.7541690865474948,1.7541690865474948
mesenchymal_hsc_myofibroblast,PKMTs methylate histone lysines,negative,1,GSE202379::advanced_f3f4_vs_f0_non_end_stage,-1.7507660353818721,1.7507660353818721
macrophage_monocyte,Cytosolic sulfonation of small molecules,negative,1,GSE256398_human::alcohol_cirrhosis_vs_healthy,-1.7507035871082597,1.7507035871082597
mesenchymal_hsc_myofibroblast,Signaling by BMP,negative,1,GSE202379::advanced_f3f4_vs_f0_non_end_stage,-1.7502468521539354,1.7502468521539354
mesenchymal_hsc_myofibroblast,Assembly of collagen fibrils and other multimeric structures,negative,1,GSE202379::advanced_f3f4_vs_f0_non_end_stage,-1.748567689080273,1.748567689080273
mesenchymal_hsc_myofibroblast,PKA-mediated phosphorylation of CREB,negative,1,GSE202379::advanced_f3f4_vs_f0_non_end_stage,-1.7455376581454471,1.7455376581454471
macrophage_monocyte,AMPK-induced ERAD and lysosome mediated degradation of PD-L1(CD274),negative,1,GSE256398_human::alcohol_cirrhosis_vs_healthy,-1.7451859092750321,1.7451859092750321
macrophage_monocyte,Metabolism of water-soluble vitamins and cofactors,negative,1,GSE256398_human::alcohol_cirrhosis_vs_healthy,-1.743914706307421,1.743914706307421
mesenchymal_hsc_myofibroblast,Cytochrome P450 - arranged by substrate type,positive,1,GSE202379::advanced_f3f4_vs_f0_non_end_stage,1.7426068993129626,1.7426068993129626
mesenchymal_hsc_myofibroblast,Cholesterol biosynthesis,positive,1,GSE202379::advanced_f3f4_vs_f0_non_end_stage,1.742087541823914,1.742087541823914
endothelial,Glyoxylate metabolism and glycine degradation,negative,1,GSE244832::mash_f2f4_group_vs_normal_sensitivity,-1.740291843514279,1.740291843514279
endothelial,Regulation of beta-cell development,negative,1,GSE244832::mash_f2f4_group_vs_normal_sensitivity,-1.7402668066131197,1.7402668066131197
endothelial,Somatic hypermutation of immunoglobulin genes,negative,1,GSE244832::mash_f2f4_group_vs_normal_sensitivity,-1.7394343625057547,1.7394343625057547
mesenchymal_hsc_myofibroblast,Plasma lipoprotein clearance,positive,1,GSE202379::advanced_f3f4_vs_f0_non_end_stage,1.7392655100543606,1.7392655100543606
mesenchymal_hsc_myofibroblast,FGFR1 mutant receptor activation,negative,1,GSE202379::advanced_f3f4_vs_f0_non_end_stage,-1.7387502453923729,1.7387502453923729
mesenchymal_hsc_myofibroblast,Activation of the pre-replicative complex,negative,1,GSE202379::advanced_f3f4_vs_f0_non_end_stage,-1.736072754173868,1.736072754173868
endothelial,Metabolism of polyamines,negative,1,GSE244832::mash_f2f4_group_vs_normal_sensitivity,-1.734812720547233,1.734812720547233
mesenchymal_hsc_myofibroblast,SLC-mediated transmembrane transport,negative,1,GSE256398_human::alcohol_cirrhosis_vs_healthy,-1.7346805327515928,1.7346805327515928
mesenchymal_hsc_myofibroblast,Cilium Assembly,negative,1,GSE202379::advanced_f3f4_vs_f0_non_end_stage,-1.7342031807766678,1.7342031807766678
mesenchymal_hsc_myofibroblast,Integrin signaling,negative,1,GSE256398_human::alcohol_cirrhosis_vs_healthy,-1.733279863371521,1.733279863371521
mesenchymal_hsc_myofibroblast,Regulation of Complement cascade,positive,1,GSE202379::advanced_f3f4_vs_f0_non_end_stage,1.7332025818130465,1.7332025818130465
mesenchymal_hsc_myofibroblast,Complex IV assembly,negative,1,GSE256398_human::alcohol_cirrhosis_vs_healthy,-1.7308422595543413,1.7308422595543413
mesenchymal_hsc_myofibroblast,Regulation of Insulin-like Growth Factor (IGF) transport and uptake by Insulin-like Growth Factor Binding Proteins (IGFBPs),positive,1,GSE202379::advanced_f3f4_vs_f0_non_end_stage,1.7306046844944136,1.7306046844944136
mesenchymal_hsc_myofibroblast,RND3 GTPase cycle,negative,1,GSE202379::advanced_f3f4_vs_f0_non_end_stage,-1.7302603273104806,1.7302603273104806
mesenchymal_hsc_myofibroblast,ADP signalling through P2Y purinoceptor 1,negative,1,GSE202379::advanced_f3f4_vs_f0_non_end_stage,-1.7297175381653442,1.7297175381653442
mesenchymal_hsc_myofibroblast,Regulation of MITF-M-dependent genes involved in apoptosis,negative,1,GSE202379::advanced_f3f4_vs_f0_non_end_stage,-1.72541174008533,1.72541174008533
endothelial,Transport of the SLBP independent Mature mRNA,negative,1,GSE244832::mash_f2f4_group_vs_normal_sensitivity,-1.724434355991327,1.724434355991327
mesenchymal_hsc_myofibroblast,Regulation of signaling by CBL,positive,1,GSE202379::advanced_f3f4_vs_f0_non_end_stage,1.722481722168659,1.722481722168659
endothelial,Rev-mediated nuclear export of HIV RNA,negative,1,GSE244832::mash_f2f4_group_vs_normal_sensitivity,-1.7221265716234042,1.7221265716234042
endothelial,Nuclear Envelope Breakdown,negative,1,GSE244832::mash_f2f4_group_vs_normal_sensitivity,-1.7218096661522544,1.7218096661522544
endothelial,MHC class II antigen presentation,negative,1,GSE244832::mash_f2f4_group_vs_normal_sensitivity,-1.72142175670715,1.72142175670715
mesenchymal_hsc_myofibroblast,Positive epigenetic regulation of rRNA expression,negative,1,GSE202379::advanced_f3f4_vs_f0_non_end_stage,-1.7199468746521318,1.7199468746521318
macrophage_monocyte,SCF-beta-TrCP mediated degradation of Emi1,negative,1,GSE256398_human::alcohol_cirrhosis_vs_healthy,-1.7188361436340498,1.7188361436340498
mesenchymal_hsc_myofibroblast,MAP3K8 (TPL2)-dependent MAPK1/3 activation,negative,1,GSE202379::advanced_f3f4_vs_f0_non_end_stage,-1.7169941669018052,1.7169941669018052
mesenchymal_hsc_myofibroblast,"Antigen processing: Ub, ATP-independent proteasomal degradation",positive,1,GSE202379::advanced_f3f4_vs_f0_non_end_stage,1.7162850761005726,1.7162850761005726
macrophage_monocyte,"Gamma carboxylation, hypusinylation, hydroxylation, and arylsulfatase activation",negative,1,GSE256398_human::mash_cirrhosis_vs_healthy,-1.7158163984853076,1.7158163984853076
endothelial,Assembly of the pre-replicative complex,negative,1,GSE244832::mash_f2f4_group_vs_normal_sensitivity,-1.7149691881352307,1.7149691881352307
mesenchymal_hsc_myofibroblast,Transferrin endocytosis and recycling,negative,1,GSE256398_human::alcohol_cirrhosis_vs_healthy,-1.7147010190528458,1.7147010190528458
mesenchymal_hsc_myofibroblast,Signaling by FGFR in disease,negative,1,GSE202379::advanced_f3f4_vs_f0_non_end_stage,-1.7131276192124232,1.7131276192124232
mesenchymal_hsc_myofibroblast,Synthesis of PIPs at the plasma membrane,negative,1,GSE202379::advanced_f3f4_vs_f0_non_end_stage,-1.7131052778524132,1.7131052778524132
endothelial,Switching of origins to a post-replicative state,negative,1,GSE244832::mash_f2f4_group_vs_normal_sensitivity,-1.7130047595480824,1.7130047595480824
mesenchymal_hsc_myofibroblast,ADP signalling through P2Y purinoceptor 12,negative,1,GSE202379::advanced_f3f4_vs_f0_non_end_stage,-1.7128437789868005,1.7128437789868005
mesenchymal_hsc_myofibroblast,Visual phototransduction,negative,1,GSE256398_human::alcohol_cirrhosis_vs_healthy,-1.7118478962716779,1.7118478962716779
endothelial,Hedgehog ligand biogenesis,negative,1,GSE244832::mash_f2f4_group_vs_normal_sensitivity,-1.7104275651652991,1.7104275651652991
endothelial,Metabolism of vitamins and cofactors,negative,1,GSE244832::mash_f2f4_group_vs_normal_sensitivity,-1.7101516510186618,1.7101516510186618
macrophage_monocyte,APC:Cdc20 mediated degradation of cell cycle proteins prior to satisfation of the cell cycle checkpoint,negative,1,GSE256398_human::alcohol_cirrhosis_vs_healthy,-1.7101118664295776,1.7101118664295776
macrophage_monocyte,Cdc20:Phospho-APC/C mediated degradation of Cyclin A,negative,1,GSE256398_human::alcohol_cirrhosis_vs_healthy,-1.7101118664295776,1.7101118664295776
mesenchymal_hsc_myofibroblast,Translation,negative,1,GSE256398_human::alcohol_cirrhosis_vs_healthy,-1.7093736267427597,1.7093736267427597
mesenchymal_hsc_myofibroblast,Leishmania infection,negative,1,GSE202379::advanced_f3f4_vs_f0_non_end_stage,-1.7088011250859438,1.7088011250859438
mesenchymal_hsc_myofibroblast,Parasitic Infection Pathways,negative,1,GSE202379::advanced_f3f4_vs_f0_non_end_stage,-1.7088011250859438,1.7088011250859438
macrophage_monocyte,APC/C:Cdh1 mediated degradation of Cdc20 and other APC/C:Cdh1 targeted proteins in late mitosis/early G1,negative,1,GSE256398_human::alcohol_cirrhosis_vs_healthy,-1.7080071055597525,1.7080071055597525
endothelial,Transcription of E2F targets under negative control by p107 (RBL1) and p130 (RBL2) in complex with HDAC1,negative,1,GSE244832::mash_f2f4_group_vs_normal_sensitivity,-1.706252837838156,1.706252837838156
macrophage_monocyte,Glutathione conjugation,negative,1,GSE256398_human::alcohol_cirrhosis_vs_healthy,-1.706095941409192,1.706095941409192
mesenchymal_hsc_myofibroblast,Aquaporin-mediated transport,negative,1,GSE202379::advanced_f3f4_vs_f0_non_end_stage,-1.7056462614923935,1.7056462614923935
mesenchymal_hsc_myofibroblast,Iron uptake and transport,negative,1,GSE256398_human::alcohol_cirrhosis_vs_healthy,-1.7053884513668855,1.7053884513668855
macrophage_monocyte,CDK-mediated phosphorylation and removal of Cdc6,negative,1,GSE256398_human::alcohol_cirrhosis_vs_healthy,-1.7053267488137018,1.7053267488137018
mesenchymal_hsc_myofibroblast,Developmental Lineage of Pancreatic Ductal Cells,negative,1,GSE202379::advanced_f3f4_vs_f0_non_end_stage,-1.7051692108295637,1.7051692108295637
endothelial,Degradation of DVL,negative,1,GSE244832::mash_f2f4_group_vs_normal_sensitivity,-1.7049178806678502,1.7049178806678502
mesenchymal_hsc_myofibroblast,Crosslinking of collagen fibrils,negative,1,GSE202379::advanced_f3f4_vs_f0_non_end_stage,-1.7049024965991575,1.7049024965991575
mesenchymal_hsc_myofibroblast,NPAS4 regulates expression of target genes,negative,1,GSE202379::advanced_f3f4_vs_f0_non_end_stage,-1.7045450641098634,1.7045450641098634
mesenchymal_hsc_myofibroblast,RHO GTPases activate PKNs,negative,1,GSE202379::advanced_f3f4_vs_f0_non_end_stage,-1.7041138531474027,1.7041138531474027
macrophage_monocyte,Regulation of Apoptosis,negative,1,GSE256398_human::alcohol_cirrhosis_vs_healthy,-1.702749438231995,1.702749438231995
macrophage_monocyte,Protein hydroxylation,negative,1,GSE256398_human::mash_cirrhosis_vs_healthy,-1.7026840760234008,1.7026840760234008
mesenchymal_hsc_myofibroblast,PKA activation in glucagon signalling,negative,1,GSE202379::advanced_f3f4_vs_f0_non_end_stage,-1.702313802195802,1.702313802195802
endothelial,Recruitment and ATM-mediated phosphorylation of repair and signaling proteins at DNA double strand breaks,negative,1,GSE244832::mash_f2f4_group_vs_normal_sensitivity,-1.7008969302556747,1.7008969302556747
endothelial,LDL clearance,negative,1,GSE244832::mash_f2f4_group_vs_normal_sensitivity,-1.6987784600730251,1.6987784600730251
macrophage_monocyte,Metabolism of cofactors,negative,1,GSE256398_human::mash_cirrhosis_vs_healthy,-1.6987311200071702,1.6987311200071702
endothelial,Base Excision Repair,negative,1,GSE244832::mash_f2f4_group_vs_normal_sensitivity,-1.6974304277853725,1.6974304277853725
mesenchymal_hsc_myofibroblast,Developmental Cell Lineages of the Exocrine Pancreas,negative,1,GSE202379::advanced_f3f4_vs_f0_non_end_stage,-1.6962913769485748,1.6962913769485748
endothelial,Kinesins,negative,1,GSE244832::mash_f2f4_group_vs_normal_sensitivity,-1.6942725393256304,1.6942725393256304
macrophage_monocyte,SLC-mediated transport of organic anions,negative,1,GSE256398_human::alcohol_cirrhosis_vs_healthy,-1.694089156054837,1.694089156054837
macrophage_monocyte,Regulation of APC/C activators between G1/S and early anaphase,negative,1,GSE256398_human::alcohol_cirrhosis_vs_healthy,-1.6934380279190944,1.6934380279190944
endothelial,Amplification and propagation of coagulation cascade,negative,1,GSE244832::mash_f2f4_group_vs_normal_sensitivity,-1.6928208043209054,1.6928208043209054
endothelial,tRNA processing,negative,1,GSE244832::mash_f2f4_group_vs_normal_sensitivity,-1.692176336451241,1.692176336451241
mesenchymal_hsc_myofibroblast,PKA activation,negative,1,GSE202379::advanced_f3f4_vs_f0_non_end_stage,-1.6912084104309435,1.6912084104309435
mesenchymal_hsc_myofibroblast,G beta:gamma signalling through CDC42,negative,1,GSE202379::advanced_f3f4_vs_f0_non_end_stage,-1.690450798893341,1.690450798893341
endothelial,Formation of WDR5-containing histone-modifying complexes,negative,1,GSE244832::mash_f2f4_group_vs_normal_sensitivity,-1.6897255977571701,1.6897255977571701
mesenchymal_hsc_myofibroblast,Recruitment and ATM-mediated phosphorylation of repair and signaling proteins at DNA double strand breaks,negative,1,GSE202379::advanced_f3f4_vs_f0_non_end_stage,-1.6892205700596856,1.6892205700596856
endothelial,RNA Polymerase II Pre-transcription Events,negative,1,GSE244832::mash_f2f4_group_vs_normal_sensitivity,-1.6890562748693447,1.6890562748693447
macrophage_monocyte,Hh mutants abrogate ligand secretion,negative,1,GSE256398_human::alcohol_cirrhosis_vs_healthy,-1.6884161549756063,1.6884161549756063
mesenchymal_hsc_myofibroblast,"Gamma carboxylation, hypusinylation, hydroxylation, and arylsulfatase activation",negative,1,GSE256398_human::alcohol_cirrhosis_vs_healthy,-1.686299556337429,1.686299556337429
macrophage_monocyte,Vpu mediated degradation of CD4,negative,1,GSE256398_human::alcohol_cirrhosis_vs_healthy,-1.6858380603274838,1.6858380603274838
mesenchymal_hsc_myofibroblast,Downregulation of SMAD2/3:SMAD4 transcriptional activity,negative,1,GSE202379::advanced_f3f4_vs_f0_non_end_stage,-1.6855798854166357,1.6855798854166357
mesenchymal_hsc_myofibroblast,Assembly of the 9+2 motile cilia,negative,1,GSE202379::advanced_f3f4_vs_f0_non_end_stage,-1.6844918680443401,1.6844918680443401
mesenchymal_hsc_myofibroblast,Transcriptional regulation of multiciliogenesis,negative,1,GSE202379::advanced_f3f4_vs_f0_non_end_stage,-1.6844918680443401,1.6844918680443401
endothelial,CHD1 and CHD2 subfamily,negative,1,GSE244832::mash_f2f4_group_vs_normal_sensitivity,-1.6809193954799215,1.6809193954799215
mesenchymal_hsc_myofibroblast,RAC2 GTPase cycle,negative,1,GSE202379::advanced_f3f4_vs_f0_non_end_stage,-1.6804038124297456,1.6804038124297456
macrophage_monocyte,Defective B3GALT6 causes EDSP2 and SEMDJL1,negative,1,GSE256398_human::alcohol_cirrhosis_vs_healthy,-1.6778384386485081,1.6778384386485081
mesenchymal_hsc_myofibroblast,RAC3 GTPase cycle,negative,1,GSE202379::advanced_f3f4_vs_f0_non_end_stage,-1.6776866815732239,1.6776866815732239
endothelial,Nuclear Pore Complex (NPC) Disassembly,negative,1,GSE244832::mash_f2f4_group_vs_normal_sensitivity,-1.6772416563254184,1.6772416563254184
mesenchymal_hsc_myofibroblast,Metabolism of nitric oxide: NOS3 activation and regulation,negative,1,GSE202379::advanced_f3f4_vs_f0_non_end_stage,-1.67660091863868,1.67660091863868
mesenchymal_hsc_myofibroblast,Resolution of AP sites via the multiple-nucleotide patch replacement pathway,negative,1,GSE202379::advanced_f3f4_vs_f0_non_end_stage,-1.6746633832628248,1.6746633832628248
mesenchymal_hsc_myofibroblast,CDC42 GTPase cycle,negative,1,GSE202379::advanced_f3f4_vs_f0_non_end_stage,-1.6741944187953781,1.6741944187953781
mesenchymal_hsc_myofibroblast,Signaling by NTRK1 (TRKA),negative,1,GSE202379::advanced_f3f4_vs_f0_non_end_stage,-1.6733878461082887,1.6733878461082887
endothelial,Interactions of Vpr with host cellular proteins,negative,1,GSE244832::mash_f2f4_group_vs_normal_sensitivity,-1.6721498917915802,1.6721498917915802
endothelial,Global Genome Nucleotide Excision Repair (GG-NER),negative,1,GSE244832::mash_f2f4_group_vs_normal_sensitivity,-1.6715464995776477,1.6715464995776477
endothelial,Synthesis of bile acids and bile salts,negative,1,GSE244832::mash_f2f4_group_vs_normal_sensitivity,-1.6715422616028386,1.6715422616028386
mesenchymal_hsc_myofibroblast,Regulation of CDH11 Expression and Function,negative,1,GSE202379::advanced_f3f4_vs_f0_non_end_stage,-1.6711327244960383,1.6711327244960383
macrophage_monocyte,SCF(Skp2)-mediated degradation of p27/p21,negative,1,GSE256398_human::alcohol_cirrhosis_vs_healthy,-1.6706240352940969,1.6706240352940969
macrophage_monocyte,NRIF signals cell death from the nucleus,negative,1,GSE256398_human::alcohol_cirrhosis_vs_healthy,-1.6699096063798506,1.6699096063798506
endothelial,Polymerase switching on the C-strand of the telomere,negative,1,GSE244832::mash_f2f4_group_vs_normal_sensitivity,-1.6695886319716857,1.6695886319716857
macrophage_monocyte,Endogenous sterols,negative,1,GSE256398_human::mash_cirrhosis_vs_healthy,-1.669091217509933,1.669091217509933
endothelial,Negative Regulation of DNA Double Strand Break Response,negative,1,GSE244832::mash_f2f4_group_vs_normal_sensitivity,-1.6688494646946097,1.6688494646946097
macrophage_monocyte,Activation of APC/C and APC/C:Cdc20 mediated degradation of mitotic proteins,negative,1,GSE256398_human::alcohol_cirrhosis_vs_healthy,-1.6668702804787907,1.6668702804787907
mesenchymal_hsc_myofibroblast,Processive synthesis on the lagging strand,negative,1,GSE202379::advanced_f3f4_vs_f0_non_end_stage,-1.6657882792893843,1.6657882792893843
macrophage_monocyte,p130Cas linkage to MAPK signaling for integrins,negative,1,GSE256398_human::alcohol_cirrhosis_vs_healthy,-1.6654938565861086,1.6654938565861086
mesenchymal_hsc_myofibroblast,FRS-mediated FGFR2 signaling,negative,1,GSE202379::advanced_f3f4_vs_f0_non_end_stage,-1.6651789616248875,1.6651789616248875
macrophage_monocyte,RAS processing,negative,1,GSE256398_human::mash_cirrhosis_vs_healthy,-1.6633994629221112,1.6633994629221112
endothelial,Transcriptional Regulation by TP53,negative,1,GSE244832::mash_f2f4_group_vs_normal_sensitivity,-1.6631349733540801,1.6631349733540801
endothelial,RHO GTPase Effectors,negative,1,GSE244832::mash_f2f4_group_vs_normal_sensitivity,-1.6611362981672462,1.6611362981672462
mesenchymal_hsc_myofibroblast,"Adrenaline,noradrenaline inhibits insulin secretion",negative,1,GSE202379::advanced_f3f4_vs_f0_non_end_stage,-1.6608905170237582,1.6608905170237582
mesenchymal_hsc_myofibroblast,RHO GTPases Activate Formins,negative,1,GSE202379::advanced_f3f4_vs_f0_non_end_stage,-1.6578604013418212,1.6578604013418212
endothelial,tRNA processing in the nucleus,negative,1,GSE244832::mash_f2f4_group_vs_normal_sensitivity,-1.657827499972415,1.657827499972415
endothelial,RHOF GTPase cycle,negative,1,GSE244832::mash_f2f4_group_vs_normal_sensitivity,-1.65710977163457,1.65710977163457
endothelial,Late Phase of HIV Life Cycle,negative,1,GSE244832::mash_f2f4_group_vs_normal_sensitivity,-1.6568433880119564,1.6568433880119564
mesenchymal_hsc_myofibroblast,Nuclear Events (kinase and transcription factor activation),negative,1,GSE202379::advanced_f3f4_vs_f0_non_end_stage,-1.6567890730237487,1.6567890730237487
endothelial,COPI-dependent Golgi-to-ER retrograde traffic,negative,1,GSE244832::mash_f2f4_group_vs_normal_sensitivity,-1.656568627602762,1.656568627602762
macrophage_monocyte,Mitochondrial Fatty Acid Beta-Oxidation,negative,1,GSE256398_human::mash_cirrhosis_vs_healthy,-1.6563789515180491,1.6563789515180491
mesenchymal_hsc_myofibroblast,Regulation of Expression and Function of Type II Classical Cadherins,negative,1,GSE202379::advanced_f3f4_vs_f0_non_end_stage,-1.6547706349858011,1.6547706349858011
mesenchymal_hsc_myofibroblast,HCMV Late Events,negative,1,GSE202379::advanced_f3f4_vs_f0_non_end_stage,-1.6524901980382258,1.6524901980382258
mesenchymal_hsc_myofibroblast,VEGFR2 mediated cell proliferation,negative,1,GSE202379::advanced_f3f4_vs_f0_non_end_stage,-1.6523904051812672,1.6523904051812672
mesenchymal_hsc_myofibroblast,G-protein beta:gamma signalling,negative,1,GSE202379::advanced_f3f4_vs_f0_non_end_stage,-1.6515116346828684,1.6515116346828684
mesenchymal_hsc_myofibroblast,Regulation of insulin secretion,negative,1,GSE202379::advanced_f3f4_vs_f0_non_end_stage,-1.6514134431343865,1.6514134431343865
endothelial,HIV Life Cycle,negative,1,GSE244832::mash_f2f4_group_vs_normal_sensitivity,-1.6484079400886,1.6484079400886
endothelial,mRNA Splicing - Minor Pathway,negative,1,GSE244832::mash_f2f4_group_vs_normal_sensitivity,-1.646791141195051,1.646791141195051
