program_id,iteration,coherent_positive_genes
RAM2019_ENDO_2,1,1
RAM2019_ENDO_2,2,5
RAM2019_ENDO_2,3,5
RAM2019_ENDO_2,4,3
RAM2019_ENDO_2,5,6
RAM2019_ENDO_2,6,7
RAM2019_ENDO_2,7,2
RAM2019_ENDO_2,8,4
RAM2019_ENDO_2,9,4
RAM2019_ENDO_2,10,5
RAM2019_ENDO_2,11,4
RAM2019_ENDO_2,12,2
RAM2019_ENDO_2,13,2
RAM2019_ENDO_2,14,4
RAM2019_ENDO_2,15,4
RAM2019_ENDO_2,16,3
RAM2019_ENDO_2,17,3
RAM2019_ENDO_2,18,5
RAM2019_ENDO_2,19,6
RAM2019_ENDO_2,20,4
RAM2019_ENDO_2,21,4
RAM2019_ENDO_2,22,4
RAM2019_ENDO_2,23,5
RAM2019_ENDO_2,24,5
RAM2019_ENDO_2,25,4
RAM2019_ENDO_2,26,0
RAM2019_ENDO_2,27,1
RAM2019_ENDO_2,28,4
RAM2019_ENDO_2,29,2
RAM2019_ENDO_2,30,3
RAM2019_ENDO_2,31,6
RAM2019_ENDO_2,32,3
RAM2019_ENDO_2,33,4
RAM2019_ENDO_2,34,5
RAM2019_ENDO_2,35,5
RAM2019_ENDO_2,36,5
RAM2019_ENDO_2,37,3
RAM2019_ENDO_2,38,5
RAM2019_ENDO_2,39,5
RAM2019_ENDO_2,40,3
RAM2019_ENDO_2,41,2
RAM2019_ENDO_2,42,2
RAM2019_ENDO_2,43,3
RAM2019_ENDO_2,44,2
RAM2019_ENDO_2,45,1
RAM2019_ENDO_2,46,5
RAM2019_ENDO_2,47,2
RAM2019_ENDO_2,48,6
RAM2019_ENDO_2,49,3
RAM2019_ENDO_2,50,5
RAM2019_ENDO_2,51,3
RAM2019_ENDO_2,52,6
RAM2019_ENDO_2,53,2
RAM2019_ENDO_2,54,4
RAM2019_ENDO_2,55,7
RAM2019_ENDO_2,56,6
RAM2019_ENDO_2,57,7
RAM2019_ENDO_2,58,3
RAM2019_ENDO_2,59,2
RAM2019_ENDO_2,60,3
RAM2019_ENDO_2,61,3
RAM2019_ENDO_2,62,5
RAM2019_ENDO_2,63,4
RAM2019_ENDO_2,64,3
RAM2019_ENDO_2,65,6
RAM2019_ENDO_2,66,4
RAM2019_ENDO_2,67,3
RAM2019_ENDO_2,68,3
RAM2019_ENDO_2,69,3
RAM2019_ENDO_2,70,4
RAM2019_ENDO_2,71,1
RAM2019_ENDO_2,72,7
RAM2019_ENDO_2,73,3
RAM2019_ENDO_2,74,3
RAM2019_ENDO_2,75,4
RAM2019_ENDO_2,76,6
RAM2019_ENDO_2,77,5
RAM2019_ENDO_2,78,4
RAM2019_ENDO_2,79,3
RAM2019_ENDO_2,80,5
RAM2019_ENDO_2,81,3
RAM2019_ENDO_2,82,4
RAM2019_ENDO_2,83,5
RAM2019_ENDO_2,84,2
RAM2019_ENDO_2,85,6
RAM2019_ENDO_2,86,6
RAM2019_ENDO_2,87,7
RAM2019_ENDO_2,88,4
RAM2019_ENDO_2,89,5
RAM2019_ENDO_2,90,9
RAM2019_ENDO_2,91,4
RAM2019_ENDO_2,92,4
RAM2019_ENDO_2,93,3
RAM2019_ENDO_2,94,3
RAM2019_ENDO_2,95,3
RAM2019_ENDO_2,96,6
RAM2019_ENDO_2,97,5
RAM2019_ENDO_2,98,4
RAM2019_ENDO_2,99,3
RAM2019_ENDO_2,100,4
RAM2019_ENDO_2,101,7
RAM2019_ENDO_2,102,6
RAM2019_ENDO_2,103,6
RAM2019_ENDO_2,104,1
RAM2019_ENDO_2,105,1
RAM2019_ENDO_2,106,2
RAM2019_ENDO_2,107,6
RAM2019_ENDO_2,108,7
RAM2019_ENDO_2,109,6
RAM2019_ENDO_2,110,9
RAM2019_ENDO_2,111,7
RAM2019_ENDO_2,112,3
RAM2019_ENDO_2,113,3
RAM2019_ENDO_2,114,4
RAM2019_ENDO_2,115,7
RAM2019_ENDO_2,116,4
RAM2019_ENDO_2,117,7
RAM2019_ENDO_2,118,6
RAM2019_ENDO_2,119,7
RAM2019_ENDO_2,120,3
RAM2019_ENDO_2,121,3
RAM2019_ENDO_2,122,3
RAM2019_ENDO_2,123,4
RAM2019_ENDO_2,124,5
RAM2019_ENDO_2,125,2
RAM2019_ENDO_2,126,3
RAM2019_ENDO_2,127,4
RAM2019_ENDO_2,128,2
RAM2019_ENDO_2,129,7
RAM2019_ENDO_2,130,3
RAM2019_ENDO_2,131,3
RAM2019_ENDO_2,132,5
RAM2019_ENDO_2,133,9
RAM2019_ENDO_2,134,3
RAM2019_ENDO_2,135,5
RAM2019_ENDO_2,136,7
RAM2019_ENDO_2,137,3
RAM2019_ENDO_2,138,5
RAM2019_ENDO_2,139,7
RAM2019_ENDO_2,140,7
RAM2019_ENDO_2,141,6
RAM2019_ENDO_2,142,4
RAM2019_ENDO_2,143,4
RAM2019_ENDO_2,144,5
RAM2019_ENDO_2,145,1
RAM2019_ENDO_2,146,10
RAM2019_ENDO_2,147,5
RAM2019_ENDO_2,148,3
RAM2019_ENDO_2,149,5
RAM2019_ENDO_2,150,4
RAM2019_ENDO_2,151,3
RAM2019_ENDO_2,152,3
RAM2019_ENDO_2,153,5
RAM2019_ENDO_2,154,4
RAM2019_ENDO_2,155,3
RAM2019_ENDO_2,156,5
RAM2019_ENDO_2,157,5
RAM2019_ENDO_2,158,5
RAM2019_ENDO_2,159,5
RAM2019_ENDO_2,160,5
RAM2019_ENDO_2,161,4
RAM2019_ENDO_2,162,7
RAM2019_ENDO_2,163,3
RAM2019_ENDO_2,164,4
RAM2019_ENDO_2,165,7
RAM2019_ENDO_2,166,3
RAM2019_ENDO_2,167,1
RAM2019_ENDO_2,168,4
RAM2019_ENDO_2,169,2
RAM2019_ENDO_2,170,3
RAM2019_ENDO_2,171,4
RAM2019_ENDO_2,172,3
RAM2019_ENDO_2,173,9
RAM2019_ENDO_2,174,4
RAM2019_ENDO_2,175,2
RAM2019_ENDO_2,176,7
RAM2019_ENDO_2,177,4
RAM2019_ENDO_2,178,7
RAM2019_ENDO_2,179,5
RAM2019_ENDO_2,180,7
RAM2019_ENDO_2,181,4
RAM2019_ENDO_2,182,4
RAM2019_ENDO_2,183,4
RAM2019_ENDO_2,184,6
RAM2019_ENDO_2,185,4
RAM2019_ENDO_2,186,3
RAM2019_ENDO_2,187,4
RAM2019_ENDO_2,188,3
RAM2019_ENDO_2,189,3
RAM2019_ENDO_2,190,3
RAM2019_ENDO_2,191,11
RAM2019_ENDO_2,192,6
RAM2019_ENDO_2,193,7
RAM2019_ENDO_2,194,6
RAM2019_ENDO_2,195,7
RAM2019_ENDO_2,196,3
RAM2019_ENDO_2,197,10
RAM2019_ENDO_2,198,4
RAM2019_ENDO_2,199,3
RAM2019_ENDO_2,200,5
RAM2019_ENDO_2,201,5
RAM2019_ENDO_2,202,6
RAM2019_ENDO_2,203,2
RAM2019_ENDO_2,204,8
RAM2019_ENDO_2,205,4
RAM2019_ENDO_2,206,6
RAM2019_ENDO_2,207,6
RAM2019_ENDO_2,208,8
RAM2019_ENDO_2,209,5
RAM2019_ENDO_2,210,1
RAM2019_ENDO_2,211,4
RAM2019_ENDO_2,212,2
RAM2019_ENDO_2,213,3
RAM2019_ENDO_2,214,2
RAM2019_ENDO_2,215,3
RAM2019_ENDO_2,216,7
RAM2019_ENDO_2,217,4
RAM2019_ENDO_2,218,4
RAM2019_ENDO_2,219,1
RAM2019_ENDO_2,220,3
RAM2019_ENDO_2,221,3
RAM2019_ENDO_2,222,1
RAM2019_ENDO_2,223,4
RAM2019_ENDO_2,224,5
RAM2019_ENDO_2,225,1
RAM2019_ENDO_2,226,8
RAM2019_ENDO_2,227,4
RAM2019_ENDO_2,228,6
RAM2019_ENDO_2,229,6
RAM2019_ENDO_2,230,3
RAM2019_ENDO_2,231,5
RAM2019_ENDO_2,232,6
RAM2019_ENDO_2,233,5
RAM2019_ENDO_2,234,5
RAM2019_ENDO_2,235,7
RAM2019_ENDO_2,236,0
RAM2019_ENDO_2,237,3
RAM2019_ENDO_2,238,4
RAM2019_ENDO_2,239,1
RAM2019_ENDO_2,240,6
RAM2019_ENDO_2,241,8
RAM2019_ENDO_2,242,2
RAM2019_ENDO_2,243,3
RAM2019_ENDO_2,244,6
RAM2019_ENDO_2,245,3
RAM2019_ENDO_2,246,6
RAM2019_ENDO_2,247,10
RAM2019_ENDO_2,248,5
RAM2019_ENDO_2,249,6
RAM2019_ENDO_2,250,5
RAM2019_ENDO_2,251,6
RAM2019_ENDO_2,252,3
RAM2019_ENDO_2,253,2
RAM2019_ENDO_2,254,4
RAM2019_ENDO_2,255,2
RAM2019_ENDO_2,256,3
RAM2019_ENDO_2,257,3
RAM2019_ENDO_2,258,2
RAM2019_ENDO_2,259,4
RAM2019_ENDO_2,260,4
RAM2019_ENDO_2,261,8
RAM2019_ENDO_2,262,5
RAM2019_ENDO_2,263,4
RAM2019_ENDO_2,264,8
RAM2019_ENDO_2,265,9
RAM2019_ENDO_2,266,7
RAM2019_ENDO_2,267,6
RAM2019_ENDO_2,268,5
RAM2019_ENDO_2,269,5
RAM2019_ENDO_2,270,2
RAM2019_ENDO_2,271,2
RAM2019_ENDO_2,272,7
RAM2019_ENDO_2,273,2
RAM2019_ENDO_2,274,9
RAM2019_ENDO_2,275,5
RAM2019_ENDO_2,276,6
RAM2019_ENDO_2,277,7
RAM2019_ENDO_2,278,8
RAM2019_ENDO_2,279,4
RAM2019_ENDO_2,280,3
RAM2019_ENDO_2,281,4
RAM2019_ENDO_2,282,6
RAM2019_ENDO_2,283,1
RAM2019_ENDO_2,284,2
RAM2019_ENDO_2,285,6
RAM2019_ENDO_2,286,4
RAM2019_ENDO_2,287,4
RAM2019_ENDO_2,288,1
RAM2019_ENDO_2,289,5
RAM2019_ENDO_2,290,6
RAM2019_ENDO_2,291,10
RAM2019_ENDO_2,292,7
RAM2019_ENDO_2,293,6
RAM2019_ENDO_2,294,4
RAM2019_ENDO_2,295,3
RAM2019_ENDO_2,296,2
RAM2019_ENDO_2,297,4
RAM2019_ENDO_2,298,3
RAM2019_ENDO_2,299,5
RAM2019_ENDO_2,300,3
RAM2019_ENDO_2,301,2
RAM2019_ENDO_2,302,5
RAM2019_ENDO_2,303,4
RAM2019_ENDO_2,304,6
RAM2019_ENDO_2,305,5
RAM2019_ENDO_2,306,5
RAM2019_ENDO_2,307,6
RAM2019_ENDO_2,308,6
RAM2019_ENDO_2,309,7
RAM2019_ENDO_2,310,4
RAM2019_ENDO_2,311,5
RAM2019_ENDO_2,312,3
RAM2019_ENDO_2,313,4
RAM2019_ENDO_2,314,2
RAM2019_ENDO_2,315,4
RAM2019_ENDO_2,316,6
RAM2019_ENDO_2,317,6
RAM2019_ENDO_2,318,5
RAM2019_ENDO_2,319,5
RAM2019_ENDO_2,320,5
RAM2019_ENDO_2,321,3
RAM2019_ENDO_2,322,5
RAM2019_ENDO_2,323,4
RAM2019_ENDO_2,324,4
RAM2019_ENDO_2,325,1
RAM2019_ENDO_2,326,3
RAM2019_ENDO_2,327,1
RAM2019_ENDO_2,328,3
RAM2019_ENDO_2,329,7
RAM2019_ENDO_2,330,5
RAM2019_ENDO_2,331,3
RAM2019_ENDO_2,332,3
RAM2019_ENDO_2,333,5
RAM2019_ENDO_2,334,7
RAM2019_ENDO_2,335,3
RAM2019_ENDO_2,336,3
RAM2019_ENDO_2,337,4
RAM2019_ENDO_2,338,3
RAM2019_ENDO_2,339,4
RAM2019_ENDO_2,340,2
RAM2019_ENDO_2,341,6
RAM2019_ENDO_2,342,5
RAM2019_ENDO_2,343,4
RAM2019_ENDO_2,344,5
RAM2019_ENDO_2,345,3
RAM2019_ENDO_2,346,2
RAM2019_ENDO_2,347,2
RAM2019_ENDO_2,348,3
RAM2019_ENDO_2,349,4
RAM2019_ENDO_2,350,5
RAM2019_ENDO_2,351,4
RAM2019_ENDO_2,352,8
RAM2019_ENDO_2,353,6
RAM2019_ENDO_2,354,4
RAM2019_ENDO_2,355,3
RAM2019_ENDO_2,356,4
RAM2019_ENDO_2,357,1
RAM2019_ENDO_2,358,5
RAM2019_ENDO_2,359,5
RAM2019_ENDO_2,360,5
RAM2019_ENDO_2,361,6
RAM2019_ENDO_2,362,4
RAM2019_ENDO_2,363,3
RAM2019_ENDO_2,364,4
RAM2019_ENDO_2,365,3
RAM2019_ENDO_2,366,4
RAM2019_ENDO_2,367,3
RAM2019_ENDO_2,368,3
RAM2019_ENDO_2,369,5
RAM2019_ENDO_2,370,5
RAM2019_ENDO_2,371,1
RAM2019_ENDO_2,372,5
RAM2019_ENDO_2,373,2
RAM2019_ENDO_2,374,2
RAM2019_ENDO_2,375,1
RAM2019_ENDO_2,376,3
RAM2019_ENDO_2,377,7
RAM2019_ENDO_2,378,1
RAM2019_ENDO_2,379,7
RAM2019_ENDO_2,380,5
RAM2019_ENDO_2,381,6
RAM2019_ENDO_2,382,6
RAM2019_ENDO_2,383,6
RAM2019_ENDO_2,384,4
RAM2019_ENDO_2,385,6
RAM2019_ENDO_2,386,4
RAM2019_ENDO_2,387,3
RAM2019_ENDO_2,388,5
RAM2019_ENDO_2,389,5
RAM2019_ENDO_2,390,4
RAM2019_ENDO_2,391,3
RAM2019_ENDO_2,392,3
RAM2019_ENDO_2,393,4
RAM2019_ENDO_2,394,3
RAM2019_ENDO_2,395,7
RAM2019_ENDO_2,396,6
RAM2019_ENDO_2,397,5
RAM2019_ENDO_2,398,3
RAM2019_ENDO_2,399,4
RAM2019_ENDO_2,400,5
RAM2019_ENDO_2,401,6
RAM2019_ENDO_2,402,8
RAM2019_ENDO_2,403,4
RAM2019_ENDO_2,404,6
RAM2019_ENDO_2,405,5
RAM2019_ENDO_2,406,6
RAM2019_ENDO_2,407,5
RAM2019_ENDO_2,408,4
RAM2019_ENDO_2,409,4
RAM2019_ENDO_2,410,2
RAM2019_ENDO_2,411,1
RAM2019_ENDO_2,412,4
RAM2019_ENDO_2,413,2
RAM2019_ENDO_2,414,5
RAM2019_ENDO_2,415,6
RAM2019_ENDO_2,416,9
RAM2019_ENDO_2,417,6
RAM2019_ENDO_2,418,8
RAM2019_ENDO_2,419,7
RAM2019_ENDO_2,420,4
RAM2019_ENDO_2,421,4
RAM2019_ENDO_2,422,8
RAM2019_ENDO_2,423,5
RAM2019_ENDO_2,424,5
RAM2019_ENDO_2,425,4
RAM2019_ENDO_2,426,2
RAM2019_ENDO_2,427,4
RAM2019_ENDO_2,428,5
RAM2019_ENDO_2,429,8
RAM2019_ENDO_2,430,3
RAM2019_ENDO_2,431,5
RAM2019_ENDO_2,432,3
RAM2019_ENDO_2,433,5
RAM2019_ENDO_2,434,4
RAM2019_ENDO_2,435,4
RAM2019_ENDO_2,436,5
RAM2019_ENDO_2,437,2
RAM2019_ENDO_2,438,3
RAM2019_ENDO_2,439,2
RAM2019_ENDO_2,440,6
RAM2019_ENDO_2,441,2
RAM2019_ENDO_2,442,5
RAM2019_ENDO_2,443,6
RAM2019_ENDO_2,444,3
RAM2019_ENDO_2,445,7
RAM2019_ENDO_2,446,4
RAM2019_ENDO_2,447,3
RAM2019_ENDO_2,448,3
RAM2019_ENDO_2,449,5
RAM2019_ENDO_2,450,4
RAM2019_ENDO_2,451,4
RAM2019_ENDO_2,452,2
RAM2019_ENDO_2,453,2
RAM2019_ENDO_2,454,3
RAM2019_ENDO_2,455,5
RAM2019_ENDO_2,456,6
RAM2019_ENDO_2,457,6
RAM2019_ENDO_2,458,10
RAM2019_ENDO_2,459,6
RAM2019_ENDO_2,460,6
RAM2019_ENDO_2,461,5
RAM2019_ENDO_2,462,5
RAM2019_ENDO_2,463,4
RAM2019_ENDO_2,464,6
RAM2019_ENDO_2,465,7
RAM2019_ENDO_2,466,6
RAM2019_ENDO_2,467,6
RAM2019_ENDO_2,468,5
RAM2019_ENDO_2,469,8
RAM2019_ENDO_2,470,2
RAM2019_ENDO_2,471,5
RAM2019_ENDO_2,472,4
RAM2019_ENDO_2,473,6
RAM2019_ENDO_2,474,5
RAM2019_ENDO_2,475,2
RAM2019_ENDO_2,476,7
RAM2019_ENDO_2,477,2
RAM2019_ENDO_2,478,7
RAM2019_ENDO_2,479,5
RAM2019_ENDO_2,480,3
RAM2019_ENDO_2,481,3
RAM2019_ENDO_2,482,4
RAM2019_ENDO_2,483,0
RAM2019_ENDO_2,484,3
RAM2019_ENDO_2,485,1
RAM2019_ENDO_2,486,6
RAM2019_ENDO_2,487,5
RAM2019_ENDO_2,488,3
RAM2019_ENDO_2,489,3
RAM2019_ENDO_2,490,6
RAM2019_ENDO_2,491,5
RAM2019_ENDO_2,492,1
RAM2019_ENDO_2,493,8
RAM2019_ENDO_2,494,5
RAM2019_ENDO_2,495,6
RAM2019_ENDO_2,496,4
RAM2019_ENDO_2,497,2
RAM2019_ENDO_2,498,6
RAM2019_ENDO_2,499,4
RAM2019_ENDO_2,500,3
RAM2019_ENDO_2,501,3
RAM2019_ENDO_2,502,5
RAM2019_ENDO_2,503,5
RAM2019_ENDO_2,504,4
RAM2019_ENDO_2,505,2
RAM2019_ENDO_2,506,3
RAM2019_ENDO_2,507,5
RAM2019_ENDO_2,508,5
RAM2019_ENDO_2,509,3
RAM2019_ENDO_2,510,9
RAM2019_ENDO_2,511,3
RAM2019_ENDO_2,512,1
RAM2019_ENDO_2,513,5
RAM2019_ENDO_2,514,5
RAM2019_ENDO_2,515,3
RAM2019_ENDO_2,516,7
RAM2019_ENDO_2,517,5
RAM2019_ENDO_2,518,3
RAM2019_ENDO_2,519,3
RAM2019_ENDO_2,520,2
RAM2019_ENDO_2,521,3
RAM2019_ENDO_2,522,3
RAM2019_ENDO_2,523,3
RAM2019_ENDO_2,524,6
RAM2019_ENDO_2,525,4
RAM2019_ENDO_2,526,3
RAM2019_ENDO_2,527,4
RAM2019_ENDO_2,528,3
RAM2019_ENDO_2,529,5
RAM2019_ENDO_2,530,7
RAM2019_ENDO_2,531,3
RAM2019_ENDO_2,532,4
RAM2019_ENDO_2,533,5
RAM2019_ENDO_2,534,9
RAM2019_ENDO_2,535,4
RAM2019_ENDO_2,536,7
RAM2019_ENDO_2,537,7
RAM2019_ENDO_2,538,5
RAM2019_ENDO_2,539,2
RAM2019_ENDO_2,540,5
RAM2019_ENDO_2,541,9
RAM2019_ENDO_2,542,2
RAM2019_ENDO_2,543,9
RAM2019_ENDO_2,544,4
RAM2019_ENDO_2,545,5
RAM2019_ENDO_2,546,5
RAM2019_ENDO_2,547,2
RAM2019_ENDO_2,548,1
RAM2019_ENDO_2,549,4
RAM2019_ENDO_2,550,0
RAM2019_ENDO_2,551,4
RAM2019_ENDO_2,552,1
RAM2019_ENDO_2,553,4
RAM2019_ENDO_2,554,3
RAM2019_ENDO_2,555,5
RAM2019_ENDO_2,556,3
RAM2019_ENDO_2,557,6
RAM2019_ENDO_2,558,6
RAM2019_ENDO_2,559,3
RAM2019_ENDO_2,560,9
RAM2019_ENDO_2,561,3
RAM2019_ENDO_2,562,2
RAM2019_ENDO_2,563,6
RAM2019_ENDO_2,564,3
RAM2019_ENDO_2,565,3
RAM2019_ENDO_2,566,3
RAM2019_ENDO_2,567,1
RAM2019_ENDO_2,568,2
RAM2019_ENDO_2,569,2
RAM2019_ENDO_2,570,3
RAM2019_ENDO_2,571,6
RAM2019_ENDO_2,572,1
RAM2019_ENDO_2,573,5
RAM2019_ENDO_2,574,3
RAM2019_ENDO_2,575,6
RAM2019_ENDO_2,576,4
RAM2019_ENDO_2,577,7
RAM2019_ENDO_2,578,4
RAM2019_ENDO_2,579,4
RAM2019_ENDO_2,580,5
RAM2019_ENDO_2,581,4
RAM2019_ENDO_2,582,4
RAM2019_ENDO_2,583,3
RAM2019_ENDO_2,584,6
RAM2019_ENDO_2,585,7
RAM2019_ENDO_2,586,5
RAM2019_ENDO_2,587,5
RAM2019_ENDO_2,588,5
RAM2019_ENDO_2,589,3
RAM2019_ENDO_2,590,1
RAM2019_ENDO_2,591,2
RAM2019_ENDO_2,592,3
RAM2019_ENDO_2,593,10
RAM2019_ENDO_2,594,0
RAM2019_ENDO_2,595,7
RAM2019_ENDO_2,596,7
RAM2019_ENDO_2,597,5
RAM2019_ENDO_2,598,3
RAM2019_ENDO_2,599,1
RAM2019_ENDO_2,600,6
RAM2019_ENDO_2,601,3
RAM2019_ENDO_2,602,4
RAM2019_ENDO_2,603,4
RAM2019_ENDO_2,604,3
RAM2019_ENDO_2,605,8
RAM2019_ENDO_2,606,4
RAM2019_ENDO_2,607,3
RAM2019_ENDO_2,608,6
RAM2019_ENDO_2,609,1
RAM2019_ENDO_2,610,4
RAM2019_ENDO_2,611,4
RAM2019_ENDO_2,612,4
RAM2019_ENDO_2,613,3
RAM2019_ENDO_2,614,1
RAM2019_ENDO_2,615,3
RAM2019_ENDO_2,616,6
RAM2019_ENDO_2,617,6
RAM2019_ENDO_2,618,4
RAM2019_ENDO_2,619,3
RAM2019_ENDO_2,620,5
RAM2019_ENDO_2,621,2
RAM2019_ENDO_2,622,7
RAM2019_ENDO_2,623,5
RAM2019_ENDO_2,624,2
RAM2019_ENDO_2,625,3
RAM2019_ENDO_2,626,4
RAM2019_ENDO_2,627,4
RAM2019_ENDO_2,628,7
RAM2019_ENDO_2,629,7
RAM2019_ENDO_2,630,4
RAM2019_ENDO_2,631,5
RAM2019_ENDO_2,632,4
RAM2019_ENDO_2,633,2
RAM2019_ENDO_2,634,5
RAM2019_ENDO_2,635,4
RAM2019_ENDO_2,636,3
RAM2019_ENDO_2,637,3
RAM2019_ENDO_2,638,7
RAM2019_ENDO_2,639,6
RAM2019_ENDO_2,640,8
RAM2019_ENDO_2,641,3
RAM2019_ENDO_2,642,7
RAM2019_ENDO_2,643,5
RAM2019_ENDO_2,644,5
RAM2019_ENDO_2,645,8
RAM2019_ENDO_2,646,6
RAM2019_ENDO_2,647,6
RAM2019_ENDO_2,648,2
RAM2019_ENDO_2,649,2
RAM2019_ENDO_2,650,5
RAM2019_ENDO_2,651,5
RAM2019_ENDO_2,652,2
RAM2019_ENDO_2,653,2
RAM2019_ENDO_2,654,3
RAM2019_ENDO_2,655,3
RAM2019_ENDO_2,656,2
RAM2019_ENDO_2,657,5
RAM2019_ENDO_2,658,4
RAM2019_ENDO_2,659,3
RAM2019_ENDO_2,660,7
RAM2019_ENDO_2,661,1
RAM2019_ENDO_2,662,6
RAM2019_ENDO_2,663,5
RAM2019_ENDO_2,664,7
RAM2019_ENDO_2,665,5
RAM2019_ENDO_2,666,7
RAM2019_ENDO_2,667,2
RAM2019_ENDO_2,668,3
RAM2019_ENDO_2,669,3
RAM2019_ENDO_2,670,4
RAM2019_ENDO_2,671,3
RAM2019_ENDO_2,672,5
RAM2019_ENDO_2,673,7
RAM2019_ENDO_2,674,5
RAM2019_ENDO_2,675,4
RAM2019_ENDO_2,676,5
RAM2019_ENDO_2,677,3
RAM2019_ENDO_2,678,6
RAM2019_ENDO_2,679,6
RAM2019_ENDO_2,680,6
RAM2019_ENDO_2,681,1
RAM2019_ENDO_2,682,2
RAM2019_ENDO_2,683,2
RAM2019_ENDO_2,684,4
RAM2019_ENDO_2,685,8
RAM2019_ENDO_2,686,4
RAM2019_ENDO_2,687,5
RAM2019_ENDO_2,688,1
RAM2019_ENDO_2,689,5
RAM2019_ENDO_2,690,6
RAM2019_ENDO_2,691,5
RAM2019_ENDO_2,692,5
RAM2019_ENDO_2,693,1
RAM2019_ENDO_2,694,3
RAM2019_ENDO_2,695,5
RAM2019_ENDO_2,696,5
RAM2019_ENDO_2,697,6
RAM2019_ENDO_2,698,3
RAM2019_ENDO_2,699,5
RAM2019_ENDO_2,700,6
RAM2019_ENDO_2,701,5
RAM2019_ENDO_2,702,5
RAM2019_ENDO_2,703,3
RAM2019_ENDO_2,704,4
RAM2019_ENDO_2,705,4
RAM2019_ENDO_2,706,1
RAM2019_ENDO_2,707,1
RAM2019_ENDO_2,708,2
RAM2019_ENDO_2,709,5
RAM2019_ENDO_2,710,5
RAM2019_ENDO_2,711,2
RAM2019_ENDO_2,712,2
RAM2019_ENDO_2,713,6
RAM2019_ENDO_2,714,4
RAM2019_ENDO_2,715,9
RAM2019_ENDO_2,716,9
RAM2019_ENDO_2,717,5
RAM2019_ENDO_2,718,4
RAM2019_ENDO_2,719,7
RAM2019_ENDO_2,720,4
RAM2019_ENDO_2,721,5
RAM2019_ENDO_2,722,5
RAM2019_ENDO_2,723,8
RAM2019_ENDO_2,724,8
RAM2019_ENDO_2,725,6
RAM2019_ENDO_2,726,6
RAM2019_ENDO_2,727,6
RAM2019_ENDO_2,728,5
RAM2019_ENDO_2,729,8
RAM2019_ENDO_2,730,5
RAM2019_ENDO_2,731,3
RAM2019_ENDO_2,732,2
RAM2019_ENDO_2,733,1
RAM2019_ENDO_2,734,4
RAM2019_ENDO_2,735,3
RAM2019_ENDO_2,736,2
RAM2019_ENDO_2,737,11
RAM2019_ENDO_2,738,5
RAM2019_ENDO_2,739,5
RAM2019_ENDO_2,740,3
RAM2019_ENDO_2,741,2
RAM2019_ENDO_2,742,5
RAM2019_ENDO_2,743,5
RAM2019_ENDO_2,744,3
RAM2019_ENDO_2,745,2
RAM2019_ENDO_2,746,6
RAM2019_ENDO_2,747,6
RAM2019_ENDO_2,748,4
RAM2019_ENDO_2,749,2
RAM2019_ENDO_2,750,2
RAM2019_ENDO_2,751,5
RAM2019_ENDO_2,752,7
RAM2019_ENDO_2,753,7
RAM2019_ENDO_2,754,5
RAM2019_ENDO_2,755,3
RAM2019_ENDO_2,756,4
RAM2019_ENDO_2,757,2
RAM2019_ENDO_2,758,7
RAM2019_ENDO_2,759,3
RAM2019_ENDO_2,760,4
RAM2019_ENDO_2,761,5
RAM2019_ENDO_2,762,7
RAM2019_ENDO_2,763,3
RAM2019_ENDO_2,764,9
RAM2019_ENDO_2,765,2
RAM2019_ENDO_2,766,7
RAM2019_ENDO_2,767,2
RAM2019_ENDO_2,768,4
RAM2019_ENDO_2,769,8
RAM2019_ENDO_2,770,4
RAM2019_ENDO_2,771,5
RAM2019_ENDO_2,772,3
RAM2019_ENDO_2,773,5
RAM2019_ENDO_2,774,1
RAM2019_ENDO_2,775,3
RAM2019_ENDO_2,776,8
RAM2019_ENDO_2,777,6
RAM2019_ENDO_2,778,4
RAM2019_ENDO_2,779,3
RAM2019_ENDO_2,780,1
RAM2019_ENDO_2,781,4
RAM2019_ENDO_2,782,4
RAM2019_ENDO_2,783,7
RAM2019_ENDO_2,784,5
RAM2019_ENDO_2,785,7
RAM2019_ENDO_2,786,1
RAM2019_ENDO_2,787,3
RAM2019_ENDO_2,788,3
RAM2019_ENDO_2,789,5
RAM2019_ENDO_2,790,6
RAM2019_ENDO_2,791,7
RAM2019_ENDO_2,792,5
RAM2019_ENDO_2,793,4
RAM2019_ENDO_2,794,3
RAM2019_ENDO_2,795,3
RAM2019_ENDO_2,796,6
RAM2019_ENDO_2,797,3
RAM2019_ENDO_2,798,6
RAM2019_ENDO_2,799,3
RAM2019_ENDO_2,800,10
RAM2019_ENDO_2,801,5
RAM2019_ENDO_2,802,5
RAM2019_ENDO_2,803,9
RAM2019_ENDO_2,804,4
RAM2019_ENDO_2,805,3
RAM2019_ENDO_2,806,7
RAM2019_ENDO_2,807,8
RAM2019_ENDO_2,808,2
RAM2019_ENDO_2,809,4
RAM2019_ENDO_2,810,5
RAM2019_ENDO_2,811,5
RAM2019_ENDO_2,812,5
RAM2019_ENDO_2,813,3
RAM2019_ENDO_2,814,6
RAM2019_ENDO_2,815,6
RAM2019_ENDO_2,816,4
RAM2019_ENDO_2,817,3
RAM2019_ENDO_2,818,3
RAM2019_ENDO_2,819,7
RAM2019_ENDO_2,820,8
RAM2019_ENDO_2,821,6
RAM2019_ENDO_2,822,6
RAM2019_ENDO_2,823,3
RAM2019_ENDO_2,824,4
RAM2019_ENDO_2,825,7
RAM2019_ENDO_2,826,1
RAM2019_ENDO_2,827,5
RAM2019_ENDO_2,828,3
RAM2019_ENDO_2,829,4
RAM2019_ENDO_2,830,3
RAM2019_ENDO_2,831,7
RAM2019_ENDO_2,832,6
RAM2019_ENDO_2,833,6
RAM2019_ENDO_2,834,5
RAM2019_ENDO_2,835,8
RAM2019_ENDO_2,836,6
RAM2019_ENDO_2,837,5
RAM2019_ENDO_2,838,4
RAM2019_ENDO_2,839,5
RAM2019_ENDO_2,840,1
RAM2019_ENDO_2,841,3
RAM2019_ENDO_2,842,5
RAM2019_ENDO_2,843,5
RAM2019_ENDO_2,844,6
RAM2019_ENDO_2,845,5
RAM2019_ENDO_2,846,3
RAM2019_ENDO_2,847,4
RAM2019_ENDO_2,848,2
RAM2019_ENDO_2,849,4
RAM2019_ENDO_2,850,5
RAM2019_ENDO_2,851,5
RAM2019_ENDO_2,852,3
RAM2019_ENDO_2,853,3
RAM2019_ENDO_2,854,5
RAM2019_ENDO_2,855,5
RAM2019_ENDO_2,856,7
RAM2019_ENDO_2,857,5
RAM2019_ENDO_2,858,3
RAM2019_ENDO_2,859,6
RAM2019_ENDO_2,860,9
RAM2019_ENDO_2,861,7
RAM2019_ENDO_2,862,5
RAM2019_ENDO_2,863,4
RAM2019_ENDO_2,864,5
RAM2019_ENDO_2,865,6
RAM2019_ENDO_2,866,3
RAM2019_ENDO_2,867,3
RAM2019_ENDO_2,868,8
RAM2019_ENDO_2,869,7
RAM2019_ENDO_2,870,2
RAM2019_ENDO_2,871,6
RAM2019_ENDO_2,872,2
RAM2019_ENDO_2,873,4
RAM2019_ENDO_2,874,5
RAM2019_ENDO_2,875,3
RAM2019_ENDO_2,876,2
RAM2019_ENDO_2,877,5
RAM2019_ENDO_2,878,5
RAM2019_ENDO_2,879,5
RAM2019_ENDO_2,880,7
RAM2019_ENDO_2,881,4
RAM2019_ENDO_2,882,3
RAM2019_ENDO_2,883,4
RAM2019_ENDO_2,884,7
RAM2019_ENDO_2,885,6
RAM2019_ENDO_2,886,4
RAM2019_ENDO_2,887,4
RAM2019_ENDO_2,888,4
RAM2019_ENDO_2,889,7
RAM2019_ENDO_2,890,6
RAM2019_ENDO_2,891,5
RAM2019_ENDO_2,892,4
RAM2019_ENDO_2,893,6
RAM2019_ENDO_2,894,1
RAM2019_ENDO_2,895,3
RAM2019_ENDO_2,896,3
RAM2019_ENDO_2,897,10
RAM2019_ENDO_2,898,2
RAM2019_ENDO_2,899,4
RAM2019_ENDO_2,900,6
RAM2019_ENDO_2,901,4
RAM2019_ENDO_2,902,4
RAM2019_ENDO_2,903,4
RAM2019_ENDO_2,904,3
RAM2019_ENDO_2,905,5
RAM2019_ENDO_2,906,3
RAM2019_ENDO_2,907,4
RAM2019_ENDO_2,908,3
RAM2019_ENDO_2,909,7
RAM2019_ENDO_2,910,6
RAM2019_ENDO_2,911,8
RAM2019_ENDO_2,912,3
RAM2019_ENDO_2,913,4
RAM2019_ENDO_2,914,4
RAM2019_ENDO_2,915,2
RAM2019_ENDO_2,916,4
RAM2019_ENDO_2,917,4
RAM2019_ENDO_2,918,4
RAM2019_ENDO_2,919,4
RAM2019_ENDO_2,920,5
RAM2019_ENDO_2,921,5
RAM2019_ENDO_2,922,2
RAM2019_ENDO_2,923,6
RAM2019_ENDO_2,924,5
RAM2019_ENDO_2,925,3
RAM2019_ENDO_2,926,2
RAM2019_ENDO_2,927,4
RAM2019_ENDO_2,928,2
RAM2019_ENDO_2,929,4
RAM2019_ENDO_2,930,4
RAM2019_ENDO_2,931,3
RAM2019_ENDO_2,932,5
RAM2019_ENDO_2,933,4
RAM2019_ENDO_2,934,2
RAM2019_ENDO_2,935,4
RAM2019_ENDO_2,936,5
RAM2019_ENDO_2,937,2
RAM2019_ENDO_2,938,2
RAM2019_ENDO_2,939,5
RAM2019_ENDO_2,940,5
RAM2019_ENDO_2,941,6
RAM2019_ENDO_2,942,4
RAM2019_ENDO_2,943,2
RAM2019_ENDO_2,944,3
RAM2019_ENDO_2,945,4
RAM2019_ENDO_2,946,4
RAM2019_ENDO_2,947,3
RAM2019_ENDO_2,948,6
RAM2019_ENDO_2,949,3
RAM2019_ENDO_2,950,4
RAM2019_ENDO_2,951,7
RAM2019_ENDO_2,952,4
RAM2019_ENDO_2,953,8
RAM2019_ENDO_2,954,4
RAM2019_ENDO_2,955,7
RAM2019_ENDO_2,956,7
RAM2019_ENDO_2,957,8
RAM2019_ENDO_2,958,8
RAM2019_ENDO_2,959,5
RAM2019_ENDO_2,960,4
RAM2019_ENDO_2,961,1
RAM2019_ENDO_2,962,4
RAM2019_ENDO_2,963,4
RAM2019_ENDO_2,964,7
RAM2019_ENDO_2,965,4
RAM2019_ENDO_2,966,1
RAM2019_ENDO_2,967,1
RAM2019_ENDO_2,968,10
RAM2019_ENDO_2,969,5
RAM2019_ENDO_2,970,5
RAM2019_ENDO_2,971,6
RAM2019_ENDO_2,972,5
RAM2019_ENDO_2,973,3
RAM2019_ENDO_2,974,5
RAM2019_ENDO_2,975,4
RAM2019_ENDO_2,976,5
RAM2019_ENDO_2,977,4
RAM2019_ENDO_2,978,1
RAM2019_ENDO_2,979,6
RAM2019_ENDO_2,980,7
RAM2019_ENDO_2,981,4
RAM2019_ENDO_2,982,5
RAM2019_ENDO_2,983,7
RAM2019_ENDO_2,984,3
RAM2019_ENDO_2,985,2
RAM2019_ENDO_2,986,2
RAM2019_ENDO_2,987,4
RAM2019_ENDO_2,988,5
RAM2019_ENDO_2,989,7
RAM2019_ENDO_2,990,5
RAM2019_ENDO_2,991,2
RAM2019_ENDO_2,992,5
RAM2019_ENDO_2,993,5
RAM2019_ENDO_2,994,6
RAM2019_ENDO_2,995,5
RAM2019_ENDO_2,996,3
RAM2019_ENDO_2,997,1
RAM2019_ENDO_2,998,6
RAM2019_ENDO_2,999,3
RAM2019_ENDO_2,1000,8
RAM2019_ENDO_2,1001,3
RAM2019_ENDO_2,1002,3
RAM2019_ENDO_2,1003,4
RAM2019_ENDO_2,1004,3
RAM2019_ENDO_2,1005,3
RAM2019_ENDO_2,1006,3
RAM2019_ENDO_2,1007,5
RAM2019_ENDO_2,1008,2
RAM2019_ENDO_2,1009,4
RAM2019_ENDO_2,1010,5
RAM2019_ENDO_2,1011,10
RAM2019_ENDO_2,1012,5
RAM2019_ENDO_2,1013,8
RAM2019_ENDO_2,1014,7
RAM2019_ENDO_2,1015,4
RAM2019_ENDO_2,1016,2
RAM2019_ENDO_2,1017,4
RAM2019_ENDO_2,1018,6
RAM2019_ENDO_2,1019,7
RAM2019_ENDO_2,1020,1
RAM2019_ENDO_2,1021,5
RAM2019_ENDO_2,1022,6
RAM2019_ENDO_2,1023,5
RAM2019_ENDO_2,1024,3
RAM2019_ENDO_2,1025,2
RAM2019_ENDO_2,1026,4
RAM2019_ENDO_2,1027,3
RAM2019_ENDO_2,1028,4
RAM2019_ENDO_2,1029,8
RAM2019_ENDO_2,1030,3
RAM2019_ENDO_2,1031,5
RAM2019_ENDO_2,1032,5
RAM2019_ENDO_2,1033,2
RAM2019_ENDO_2,1034,2
RAM2019_ENDO_2,1035,4
RAM2019_ENDO_2,1036,6
RAM2019_ENDO_2,1037,3
RAM2019_ENDO_2,1038,4
RAM2019_ENDO_2,1039,1
RAM2019_ENDO_2,1040,4
RAM2019_ENDO_2,1041,3
RAM2019_ENDO_2,1042,2
RAM2019_ENDO_2,1043,0
RAM2019_ENDO_2,1044,7
RAM2019_ENDO_2,1045,5
RAM2019_ENDO_2,1046,4
RAM2019_ENDO_2,1047,5
RAM2019_ENDO_2,1048,2
RAM2019_ENDO_2,1049,5
RAM2019_ENDO_2,1050,3
RAM2019_ENDO_2,1051,2
RAM2019_ENDO_2,1052,3
RAM2019_ENDO_2,1053,3
RAM2019_ENDO_2,1054,6
RAM2019_ENDO_2,1055,3
RAM2019_ENDO_2,1056,4
RAM2019_ENDO_2,1057,4
RAM2019_ENDO_2,1058,3
RAM2019_ENDO_2,1059,3
RAM2019_ENDO_2,1060,4
RAM2019_ENDO_2,1061,5
RAM2019_ENDO_2,1062,5
RAM2019_ENDO_2,1063,2
RAM2019_ENDO_2,1064,3
RAM2019_ENDO_2,1065,2
RAM2019_ENDO_2,1066,7
RAM2019_ENDO_2,1067,8
RAM2019_ENDO_2,1068,5
RAM2019_ENDO_2,1069,2
RAM2019_ENDO_2,1070,5
RAM2019_ENDO_2,1071,5
RAM2019_ENDO_2,1072,6
RAM2019_ENDO_2,1073,8
RAM2019_ENDO_2,1074,4
RAM2019_ENDO_2,1075,11
RAM2019_ENDO_2,1076,7
RAM2019_ENDO_2,1077,5
RAM2019_ENDO_2,1078,5
RAM2019_ENDO_2,1079,6
RAM2019_ENDO_2,1080,2
RAM2019_ENDO_2,1081,3
RAM2019_ENDO_2,1082,4
RAM2019_ENDO_2,1083,4
RAM2019_ENDO_2,1084,3
RAM2019_ENDO_2,1085,4
RAM2019_ENDO_2,1086,4
RAM2019_ENDO_2,1087,4
RAM2019_ENDO_2,1088,4
RAM2019_ENDO_2,1089,3
RAM2019_ENDO_2,1090,7
RAM2019_ENDO_2,1091,2
RAM2019_ENDO_2,1092,4
RAM2019_ENDO_2,1093,7
RAM2019_ENDO_2,1094,3
RAM2019_ENDO_2,1095,2
RAM2019_ENDO_2,1096,5
RAM2019_ENDO_2,1097,2
RAM2019_ENDO_2,1098,5
RAM2019_ENDO_2,1099,5
RAM2019_ENDO_2,1100,3
RAM2019_ENDO_2,1101,7
RAM2019_ENDO_2,1102,7
RAM2019_ENDO_2,1103,4
RAM2019_ENDO_2,1104,3
RAM2019_ENDO_2,1105,4
RAM2019_ENDO_2,1106,4
RAM2019_ENDO_2,1107,4
RAM2019_ENDO_2,1108,6
RAM2019_ENDO_2,1109,8
RAM2019_ENDO_2,1110,5
RAM2019_ENDO_2,1111,5
RAM2019_ENDO_2,1112,6
RAM2019_ENDO_2,1113,4
RAM2019_ENDO_2,1114,6
RAM2019_ENDO_2,1115,3
RAM2019_ENDO_2,1116,3
RAM2019_ENDO_2,1117,3
RAM2019_ENDO_2,1118,6
RAM2019_ENDO_2,1119,4
RAM2019_ENDO_2,1120,3
RAM2019_ENDO_2,1121,5
RAM2019_ENDO_2,1122,2
RAM2019_ENDO_2,1123,2
RAM2019_ENDO_2,1124,5
RAM2019_ENDO_2,1125,6
RAM2019_ENDO_2,1126,7
RAM2019_ENDO_2,1127,7
RAM2019_ENDO_2,1128,6
RAM2019_ENDO_2,1129,5
RAM2019_ENDO_2,1130,6
RAM2019_ENDO_2,1131,2
RAM2019_ENDO_2,1132,3
RAM2019_ENDO_2,1133,3
RAM2019_ENDO_2,1134,2
RAM2019_ENDO_2,1135,6
RAM2019_ENDO_2,1136,6
RAM2019_ENDO_2,1137,4
RAM2019_ENDO_2,1138,2
RAM2019_ENDO_2,1139,5
RAM2019_ENDO_2,1140,4
RAM2019_ENDO_2,1141,4
RAM2019_ENDO_2,1142,6
RAM2019_ENDO_2,1143,1
RAM2019_ENDO_2,1144,5
RAM2019_ENDO_2,1145,4
RAM2019_ENDO_2,1146,1
RAM2019_ENDO_2,1147,1
RAM2019_ENDO_2,1148,2
RAM2019_ENDO_2,1149,4
RAM2019_ENDO_2,1150,4
RAM2019_ENDO_2,1151,6
RAM2019_ENDO_2,1152,5
RAM2019_ENDO_2,1153,4
RAM2019_ENDO_2,1154,7
RAM2019_ENDO_2,1155,9
RAM2019_ENDO_2,1156,4
RAM2019_ENDO_2,1157,4
RAM2019_ENDO_2,1158,3
RAM2019_ENDO_2,1159,8
RAM2019_ENDO_2,1160,5
RAM2019_ENDO_2,1161,4
RAM2019_ENDO_2,1162,10
RAM2019_ENDO_2,1163,8
RAM2019_ENDO_2,1164,4
RAM2019_ENDO_2,1165,5
RAM2019_ENDO_2,1166,5
RAM2019_ENDO_2,1167,2
RAM2019_ENDO_2,1168,3
RAM2019_ENDO_2,1169,3
RAM2019_ENDO_2,1170,5
RAM2019_ENDO_2,1171,8
RAM2019_ENDO_2,1172,5
RAM2019_ENDO_2,1173,3
RAM2019_ENDO_2,1174,7
RAM2019_ENDO_2,1175,4
RAM2019_ENDO_2,1176,7
RAM2019_ENDO_2,1177,5
RAM2019_ENDO_2,1178,6
RAM2019_ENDO_2,1179,2
RAM2019_ENDO_2,1180,7
RAM2019_ENDO_2,1181,4
RAM2019_ENDO_2,1182,4
RAM2019_ENDO_2,1183,3
RAM2019_ENDO_2,1184,7
RAM2019_ENDO_2,1185,1
RAM2019_ENDO_2,1186,4
RAM2019_ENDO_2,1187,4
RAM2019_ENDO_2,1188,5
RAM2019_ENDO_2,1189,7
RAM2019_ENDO_2,1190,6
RAM2019_ENDO_2,1191,4
RAM2019_ENDO_2,1192,6
RAM2019_ENDO_2,1193,2
RAM2019_ENDO_2,1194,4
RAM2019_ENDO_2,1195,7
RAM2019_ENDO_2,1196,2
RAM2019_ENDO_2,1197,3
RAM2019_ENDO_2,1198,2
RAM2019_ENDO_2,1199,3
RAM2019_ENDO_2,1200,4
RAM2019_ENDO_2,1201,8
RAM2019_ENDO_2,1202,4
RAM2019_ENDO_2,1203,6
RAM2019_ENDO_2,1204,5
RAM2019_ENDO_2,1205,3
RAM2019_ENDO_2,1206,5
RAM2019_ENDO_2,1207,3
RAM2019_ENDO_2,1208,6
RAM2019_ENDO_2,1209,0
RAM2019_ENDO_2,1210,3
RAM2019_ENDO_2,1211,2
RAM2019_ENDO_2,1212,3
RAM2019_ENDO_2,1213,3
RAM2019_ENDO_2,1214,2
RAM2019_ENDO_2,1215,5
RAM2019_ENDO_2,1216,5
RAM2019_ENDO_2,1217,5
RAM2019_ENDO_2,1218,7
RAM2019_ENDO_2,1219,4
RAM2019_ENDO_2,1220,10
RAM2019_ENDO_2,1221,7
RAM2019_ENDO_2,1222,3
RAM2019_ENDO_2,1223,3
RAM2019_ENDO_2,1224,5
RAM2019_ENDO_2,1225,12
RAM2019_ENDO_2,1226,5
RAM2019_ENDO_2,1227,2
RAM2019_ENDO_2,1228,6
RAM2019_ENDO_2,1229,5
RAM2019_ENDO_2,1230,5
RAM2019_ENDO_2,1231,3
RAM2019_ENDO_2,1232,7
RAM2019_ENDO_2,1233,3
RAM2019_ENDO_2,1234,5
RAM2019_ENDO_2,1235,3
RAM2019_ENDO_2,1236,6
RAM2019_ENDO_2,1237,3
RAM2019_ENDO_2,1238,2
RAM2019_ENDO_2,1239,4
RAM2019_ENDO_2,1240,4
RAM2019_ENDO_2,1241,4
RAM2019_ENDO_2,1242,3
RAM2019_ENDO_2,1243,8
RAM2019_ENDO_2,1244,1
RAM2019_ENDO_2,1245,6
RAM2019_ENDO_2,1246,4
RAM2019_ENDO_2,1247,5
RAM2019_ENDO_2,1248,4
RAM2019_ENDO_2,1249,3
RAM2019_ENDO_2,1250,5
RAM2019_ENDO_2,1251,6
RAM2019_ENDO_2,1252,6
RAM2019_ENDO_2,1253,5
RAM2019_ENDO_2,1254,4
RAM2019_ENDO_2,1255,7
RAM2019_ENDO_2,1256,0
RAM2019_ENDO_2,1257,7
RAM2019_ENDO_2,1258,9
RAM2019_ENDO_2,1259,2
RAM2019_ENDO_2,1260,1
RAM2019_ENDO_2,1261,4
RAM2019_ENDO_2,1262,4
RAM2019_ENDO_2,1263,2
RAM2019_ENDO_2,1264,4
RAM2019_ENDO_2,1265,5
RAM2019_ENDO_2,1266,4
RAM2019_ENDO_2,1267,5
RAM2019_ENDO_2,1268,4
RAM2019_ENDO_2,1269,5
RAM2019_ENDO_2,1270,6
RAM2019_ENDO_2,1271,6
RAM2019_ENDO_2,1272,2
RAM2019_ENDO_2,1273,4
RAM2019_ENDO_2,1274,5
RAM2019_ENDO_2,1275,1
RAM2019_ENDO_2,1276,5
RAM2019_ENDO_2,1277,5
RAM2019_ENDO_2,1278,6
RAM2019_ENDO_2,1279,3
RAM2019_ENDO_2,1280,3
RAM2019_ENDO_2,1281,4
RAM2019_ENDO_2,1282,2
RAM2019_ENDO_2,1283,5
RAM2019_ENDO_2,1284,3
RAM2019_ENDO_2,1285,4
RAM2019_ENDO_2,1286,6
RAM2019_ENDO_2,1287,3
RAM2019_ENDO_2,1288,6
RAM2019_ENDO_2,1289,4
RAM2019_ENDO_2,1290,1
RAM2019_ENDO_2,1291,6
RAM2019_ENDO_2,1292,4
RAM2019_ENDO_2,1293,1
RAM2019_ENDO_2,1294,7
RAM2019_ENDO_2,1295,3
RAM2019_ENDO_2,1296,7
RAM2019_ENDO_2,1297,2
RAM2019_ENDO_2,1298,6
RAM2019_ENDO_2,1299,6
RAM2019_ENDO_2,1300,5
RAM2019_ENDO_2,1301,3
RAM2019_ENDO_2,1302,2
RAM2019_ENDO_2,1303,4
RAM2019_ENDO_2,1304,3
RAM2019_ENDO_2,1305,3
RAM2019_ENDO_2,1306,3
RAM2019_ENDO_2,1307,4
RAM2019_ENDO_2,1308,3
RAM2019_ENDO_2,1309,1
RAM2019_ENDO_2,1310,5
RAM2019_ENDO_2,1311,3
RAM2019_ENDO_2,1312,8
RAM2019_ENDO_2,1313,5
RAM2019_ENDO_2,1314,4
RAM2019_ENDO_2,1315,5
RAM2019_ENDO_2,1316,6
RAM2019_ENDO_2,1317,5
RAM2019_ENDO_2,1318,1
RAM2019_ENDO_2,1319,4
RAM2019_ENDO_2,1320,4
RAM2019_ENDO_2,1321,4
RAM2019_ENDO_2,1322,3
RAM2019_ENDO_2,1323,5
RAM2019_ENDO_2,1324,3
RAM2019_ENDO_2,1325,4
RAM2019_ENDO_2,1326,4
RAM2019_ENDO_2,1327,5
RAM2019_ENDO_2,1328,5
RAM2019_ENDO_2,1329,3
RAM2019_ENDO_2,1330,6
RAM2019_ENDO_2,1331,5
RAM2019_ENDO_2,1332,4
RAM2019_ENDO_2,1333,1
RAM2019_ENDO_2,1334,4
RAM2019_ENDO_2,1335,8
RAM2019_ENDO_2,1336,4
RAM2019_ENDO_2,1337,3
RAM2019_ENDO_2,1338,2
RAM2019_ENDO_2,1339,12
RAM2019_ENDO_2,1340,0
RAM2019_ENDO_2,1341,6
RAM2019_ENDO_2,1342,6
RAM2019_ENDO_2,1343,5
RAM2019_ENDO_2,1344,2
RAM2019_ENDO_2,1345,3
RAM2019_ENDO_2,1346,2
RAM2019_ENDO_2,1347,4
RAM2019_ENDO_2,1348,9
RAM2019_ENDO_2,1349,3
RAM2019_ENDO_2,1350,5
RAM2019_ENDO_2,1351,5
RAM2019_ENDO_2,1352,9
RAM2019_ENDO_2,1353,5
RAM2019_ENDO_2,1354,5
RAM2019_ENDO_2,1355,4
RAM2019_ENDO_2,1356,6
RAM2019_ENDO_2,1357,4
RAM2019_ENDO_2,1358,4
RAM2019_ENDO_2,1359,5
RAM2019_ENDO_2,1360,5
RAM2019_ENDO_2,1361,1
RAM2019_ENDO_2,1362,6
RAM2019_ENDO_2,1363,4
RAM2019_ENDO_2,1364,3
RAM2019_ENDO_2,1365,6
RAM2019_ENDO_2,1366,5
RAM2019_ENDO_2,1367,4
RAM2019_ENDO_2,1368,3
RAM2019_ENDO_2,1369,6
RAM2019_ENDO_2,1370,1
RAM2019_ENDO_2,1371,5
RAM2019_ENDO_2,1372,4
RAM2019_ENDO_2,1373,3
RAM2019_ENDO_2,1374,2
RAM2019_ENDO_2,1375,2
RAM2019_ENDO_2,1376,1
RAM2019_ENDO_2,1377,4
RAM2019_ENDO_2,1378,4
RAM2019_ENDO_2,1379,2
RAM2019_ENDO_2,1380,2
RAM2019_ENDO_2,1381,3
RAM2019_ENDO_2,1382,2
RAM2019_ENDO_2,1383,5
RAM2019_ENDO_2,1384,4
RAM2019_ENDO_2,1385,4
RAM2019_ENDO_2,1386,3
RAM2019_ENDO_2,1387,3
RAM2019_ENDO_2,1388,5
RAM2019_ENDO_2,1389,2
RAM2019_ENDO_2,1390,3
RAM2019_ENDO_2,1391,7
RAM2019_ENDO_2,1392,1
RAM2019_ENDO_2,1393,4
RAM2019_ENDO_2,1394,3
RAM2019_ENDO_2,1395,6
RAM2019_ENDO_2,1396,3
RAM2019_ENDO_2,1397,6
RAM2019_ENDO_2,1398,5
RAM2019_ENDO_2,1399,2
RAM2019_ENDO_2,1400,5
RAM2019_ENDO_2,1401,4
RAM2019_ENDO_2,1402,2
RAM2019_ENDO_2,1403,1
RAM2019_ENDO_2,1404,4
RAM2019_ENDO_2,1405,6
RAM2019_ENDO_2,1406,6
RAM2019_ENDO_2,1407,2
RAM2019_ENDO_2,1408,7
RAM2019_ENDO_2,1409,5
RAM2019_ENDO_2,1410,5
RAM2019_ENDO_2,1411,6
RAM2019_ENDO_2,1412,4
RAM2019_ENDO_2,1413,4
RAM2019_ENDO_2,1414,3
RAM2019_ENDO_2,1415,10
RAM2019_ENDO_2,1416,5
RAM2019_ENDO_2,1417,5
RAM2019_ENDO_2,1418,5
RAM2019_ENDO_2,1419,5
RAM2019_ENDO_2,1420,2
RAM2019_ENDO_2,1421,2
RAM2019_ENDO_2,1422,4
RAM2019_ENDO_2,1423,6
RAM2019_ENDO_2,1424,4
RAM2019_ENDO_2,1425,7
RAM2019_ENDO_2,1426,2
RAM2019_ENDO_2,1427,5
RAM2019_ENDO_2,1428,3
RAM2019_ENDO_2,1429,4
RAM2019_ENDO_2,1430,5
RAM2019_ENDO_2,1431,8
RAM2019_ENDO_2,1432,2
RAM2019_ENDO_2,1433,3
RAM2019_ENDO_2,1434,1
RAM2019_ENDO_2,1435,2
RAM2019_ENDO_2,1436,4
RAM2019_ENDO_2,1437,4
RAM2019_ENDO_2,1438,4
RAM2019_ENDO_2,1439,5
RAM2019_ENDO_2,1440,3
RAM2019_ENDO_2,1441,6
RAM2019_ENDO_2,1442,2
RAM2019_ENDO_2,1443,1
RAM2019_ENDO_2,1444,4
RAM2019_ENDO_2,1445,2
RAM2019_ENDO_2,1446,6
RAM2019_ENDO_2,1447,3
RAM2019_ENDO_2,1448,5
RAM2019_ENDO_2,1449,5
RAM2019_ENDO_2,1450,7
RAM2019_ENDO_2,1451,6
RAM2019_ENDO_2,1452,5
RAM2019_ENDO_2,1453,4
RAM2019_ENDO_2,1454,5
RAM2019_ENDO_2,1455,3
RAM2019_ENDO_2,1456,5
RAM2019_ENDO_2,1457,2
RAM2019_ENDO_2,1458,6
RAM2019_ENDO_2,1459,2
RAM2019_ENDO_2,1460,7
RAM2019_ENDO_2,1461,2
RAM2019_ENDO_2,1462,5
RAM2019_ENDO_2,1463,4
RAM2019_ENDO_2,1464,6
RAM2019_ENDO_2,1465,5
RAM2019_ENDO_2,1466,3
RAM2019_ENDO_2,1467,4
RAM2019_ENDO_2,1468,7
RAM2019_ENDO_2,1469,1
RAM2019_ENDO_2,1470,2
RAM2019_ENDO_2,1471,5
RAM2019_ENDO_2,1472,4
RAM2019_ENDO_2,1473,8
RAM2019_ENDO_2,1474,5
RAM2019_ENDO_2,1475,5
RAM2019_ENDO_2,1476,1
RAM2019_ENDO_2,1477,3
RAM2019_ENDO_2,1478,2
RAM2019_ENDO_2,1479,3
RAM2019_ENDO_2,1480,2
RAM2019_ENDO_2,1481,9
RAM2019_ENDO_2,1482,8
RAM2019_ENDO_2,1483,5
RAM2019_ENDO_2,1484,5
RAM2019_ENDO_2,1485,5
RAM2019_ENDO_2,1486,9
RAM2019_ENDO_2,1487,6
RAM2019_ENDO_2,1488,3
RAM2019_ENDO_2,1489,1
RAM2019_ENDO_2,1490,3
RAM2019_ENDO_2,1491,4
RAM2019_ENDO_2,1492,3
RAM2019_ENDO_2,1493,6
RAM2019_ENDO_2,1494,4
RAM2019_ENDO_2,1495,1
RAM2019_ENDO_2,1496,4
RAM2019_ENDO_2,1497,2
RAM2019_ENDO_2,1498,1
RAM2019_ENDO_2,1499,3
RAM2019_ENDO_2,1500,7
RAM2019_ENDO_2,1501,2
RAM2019_ENDO_2,1502,6
RAM2019_ENDO_2,1503,6
RAM2019_ENDO_2,1504,6
RAM2019_ENDO_2,1505,5
RAM2019_ENDO_2,1506,7
RAM2019_ENDO_2,1507,5
RAM2019_ENDO_2,1508,5
RAM2019_ENDO_2,1509,5
RAM2019_ENDO_2,1510,7
RAM2019_ENDO_2,1511,7
RAM2019_ENDO_2,1512,5
RAM2019_ENDO_2,1513,6
RAM2019_ENDO_2,1514,4
RAM2019_ENDO_2,1515,8
RAM2019_ENDO_2,1516,2
RAM2019_ENDO_2,1517,4
RAM2019_ENDO_2,1518,4
RAM2019_ENDO_2,1519,3
RAM2019_ENDO_2,1520,5
RAM2019_ENDO_2,1521,5
RAM2019_ENDO_2,1522,7
RAM2019_ENDO_2,1523,7
RAM2019_ENDO_2,1524,2
RAM2019_ENDO_2,1525,5
RAM2019_ENDO_2,1526,4
RAM2019_ENDO_2,1527,5
RAM2019_ENDO_2,1528,4
RAM2019_ENDO_2,1529,5
RAM2019_ENDO_2,1530,0
RAM2019_ENDO_2,1531,3
RAM2019_ENDO_2,1532,2
RAM2019_ENDO_2,1533,4
RAM2019_ENDO_2,1534,4
RAM2019_ENDO_2,1535,8
RAM2019_ENDO_2,1536,6
RAM2019_ENDO_2,1537,3
RAM2019_ENDO_2,1538,4
RAM2019_ENDO_2,1539,5
RAM2019_ENDO_2,1540,2
RAM2019_ENDO_2,1541,6
RAM2019_ENDO_2,1542,3
RAM2019_ENDO_2,1543,4
RAM2019_ENDO_2,1544,4
RAM2019_ENDO_2,1545,3
RAM2019_ENDO_2,1546,3
RAM2019_ENDO_2,1547,6
RAM2019_ENDO_2,1548,4
RAM2019_ENDO_2,1549,8
RAM2019_ENDO_2,1550,4
RAM2019_ENDO_2,1551,4
RAM2019_ENDO_2,1552,4
RAM2019_ENDO_2,1553,5
RAM2019_ENDO_2,1554,2
RAM2019_ENDO_2,1555,3
RAM2019_ENDO_2,1556,5
RAM2019_ENDO_2,1557,5
RAM2019_ENDO_2,1558,8
RAM2019_ENDO_2,1559,4
RAM2019_ENDO_2,1560,4
RAM2019_ENDO_2,1561,5
RAM2019_ENDO_2,1562,4
RAM2019_ENDO_2,1563,4
RAM2019_ENDO_2,1564,3
RAM2019_ENDO_2,1565,7
RAM2019_ENDO_2,1566,4
RAM2019_ENDO_2,1567,1
RAM2019_ENDO_2,1568,3
RAM2019_ENDO_2,1569,8
RAM2019_ENDO_2,1570,5
RAM2019_ENDO_2,1571,7
RAM2019_ENDO_2,1572,2
RAM2019_ENDO_2,1573,8
RAM2019_ENDO_2,1574,4
RAM2019_ENDO_2,1575,3
RAM2019_ENDO_2,1576,4
RAM2019_ENDO_2,1577,4
RAM2019_ENDO_2,1578,3
RAM2019_ENDO_2,1579,10
RAM2019_ENDO_2,1580,6
RAM2019_ENDO_2,1581,6
RAM2019_ENDO_2,1582,5
RAM2019_ENDO_2,1583,3
RAM2019_ENDO_2,1584,1
RAM2019_ENDO_2,1585,4
RAM2019_ENDO_2,1586,3
RAM2019_ENDO_2,1587,4
RAM2019_ENDO_2,1588,6
RAM2019_ENDO_2,1589,7
RAM2019_ENDO_2,1590,3
RAM2019_ENDO_2,1591,1
RAM2019_ENDO_2,1592,5
RAM2019_ENDO_2,1593,2
RAM2019_ENDO_2,1594,2
RAM2019_ENDO_2,1595,4
RAM2019_ENDO_2,1596,2
RAM2019_ENDO_2,1597,5
RAM2019_ENDO_2,1598,8
RAM2019_ENDO_2,1599,3
RAM2019_ENDO_2,1600,11
RAM2019_ENDO_2,1601,2
RAM2019_ENDO_2,1602,4
RAM2019_ENDO_2,1603,7
RAM2019_ENDO_2,1604,7
RAM2019_ENDO_2,1605,8
RAM2019_ENDO_2,1606,5
RAM2019_ENDO_2,1607,8
RAM2019_ENDO_2,1608,5
RAM2019_ENDO_2,1609,4
RAM2019_ENDO_2,1610,2
RAM2019_ENDO_2,1611,5
RAM2019_ENDO_2,1612,4
RAM2019_ENDO_2,1613,7
RAM2019_ENDO_2,1614,3
RAM2019_ENDO_2,1615,6
RAM2019_ENDO_2,1616,3
RAM2019_ENDO_2,1617,4
RAM2019_ENDO_2,1618,3
RAM2019_ENDO_2,1619,4
RAM2019_ENDO_2,1620,3
RAM2019_ENDO_2,1621,9
RAM2019_ENDO_2,1622,3
RAM2019_ENDO_2,1623,2
RAM2019_ENDO_2,1624,4
RAM2019_ENDO_2,1625,2
RAM2019_ENDO_2,1626,3
RAM2019_ENDO_2,1627,5
RAM2019_ENDO_2,1628,8
RAM2019_ENDO_2,1629,5
RAM2019_ENDO_2,1630,7
RAM2019_ENDO_2,1631,6
RAM2019_ENDO_2,1632,5
RAM2019_ENDO_2,1633,6
RAM2019_ENDO_2,1634,1
RAM2019_ENDO_2,1635,6
RAM2019_ENDO_2,1636,5
RAM2019_ENDO_2,1637,5
RAM2019_ENDO_2,1638,4
RAM2019_ENDO_2,1639,4
RAM2019_ENDO_2,1640,5
RAM2019_ENDO_2,1641,5
RAM2019_ENDO_2,1642,5
RAM2019_ENDO_2,1643,5
RAM2019_ENDO_2,1644,5
RAM2019_ENDO_2,1645,3
RAM2019_ENDO_2,1646,2
RAM2019_ENDO_2,1647,5
RAM2019_ENDO_2,1648,5
RAM2019_ENDO_2,1649,5
RAM2019_ENDO_2,1650,6
RAM2019_ENDO_2,1651,5
RAM2019_ENDO_2,1652,9
RAM2019_ENDO_2,1653,4
RAM2019_ENDO_2,1654,5
RAM2019_ENDO_2,1655,5
RAM2019_ENDO_2,1656,3
RAM2019_ENDO_2,1657,0
RAM2019_ENDO_2,1658,4
RAM2019_ENDO_2,1659,6
RAM2019_ENDO_2,1660,6
RAM2019_ENDO_2,1661,7
RAM2019_ENDO_2,1662,7
RAM2019_ENDO_2,1663,3
RAM2019_ENDO_2,1664,2
RAM2019_ENDO_2,1665,0
RAM2019_ENDO_2,1666,5
RAM2019_ENDO_2,1667,7
RAM2019_ENDO_2,1668,6
RAM2019_ENDO_2,1669,4
RAM2019_ENDO_2,1670,1
RAM2019_ENDO_2,1671,4
RAM2019_ENDO_2,1672,6
RAM2019_ENDO_2,1673,7
RAM2019_ENDO_2,1674,5
RAM2019_ENDO_2,1675,4
RAM2019_ENDO_2,1676,1
RAM2019_ENDO_2,1677,8
RAM2019_ENDO_2,1678,3
RAM2019_ENDO_2,1679,2
RAM2019_ENDO_2,1680,3
RAM2019_ENDO_2,1681,6
RAM2019_ENDO_2,1682,4
RAM2019_ENDO_2,1683,2
RAM2019_ENDO_2,1684,5
RAM2019_ENDO_2,1685,3
RAM2019_ENDO_2,1686,4
RAM2019_ENDO_2,1687,1
RAM2019_ENDO_2,1688,4
RAM2019_ENDO_2,1689,3
RAM2019_ENDO_2,1690,5
RAM2019_ENDO_2,1691,4
RAM2019_ENDO_2,1692,4
RAM2019_ENDO_2,1693,4
RAM2019_ENDO_2,1694,4
RAM2019_ENDO_2,1695,1
RAM2019_ENDO_2,1696,1
RAM2019_ENDO_2,1697,3
RAM2019_ENDO_2,1698,6
RAM2019_ENDO_2,1699,3
RAM2019_ENDO_2,1700,1
RAM2019_ENDO_2,1701,8
RAM2019_ENDO_2,1702,3
RAM2019_ENDO_2,1703,6
RAM2019_ENDO_2,1704,7
RAM2019_ENDO_2,1705,8
RAM2019_ENDO_2,1706,4
RAM2019_ENDO_2,1707,4
RAM2019_ENDO_2,1708,7
RAM2019_ENDO_2,1709,2
RAM2019_ENDO_2,1710,5
RAM2019_ENDO_2,1711,5
RAM2019_ENDO_2,1712,4
RAM2019_ENDO_2,1713,3
RAM2019_ENDO_2,1714,5
RAM2019_ENDO_2,1715,2
RAM2019_ENDO_2,1716,9
RAM2019_ENDO_2,1717,6
RAM2019_ENDO_2,1718,4
RAM2019_ENDO_2,1719,9
RAM2019_ENDO_2,1720,5
RAM2019_ENDO_2,1721,5
RAM2019_ENDO_2,1722,5
RAM2019_ENDO_2,1723,4
RAM2019_ENDO_2,1724,3
RAM2019_ENDO_2,1725,4
RAM2019_ENDO_2,1726,2
RAM2019_ENDO_2,1727,5
RAM2019_ENDO_2,1728,1
RAM2019_ENDO_2,1729,4
RAM2019_ENDO_2,1730,6
RAM2019_ENDO_2,1731,4
RAM2019_ENDO_2,1732,4
RAM2019_ENDO_2,1733,5
RAM2019_ENDO_2,1734,2
RAM2019_ENDO_2,1735,1
RAM2019_ENDO_2,1736,3
RAM2019_ENDO_2,1737,5
RAM2019_ENDO_2,1738,4
RAM2019_ENDO_2,1739,10
RAM2019_ENDO_2,1740,5
RAM2019_ENDO_2,1741,4
RAM2019_ENDO_2,1742,5
RAM2019_ENDO_2,1743,7
RAM2019_ENDO_2,1744,4
RAM2019_ENDO_2,1745,5
RAM2019_ENDO_2,1746,2
RAM2019_ENDO_2,1747,3
RAM2019_ENDO_2,1748,6
RAM2019_ENDO_2,1749,12
RAM2019_ENDO_2,1750,8
RAM2019_ENDO_2,1751,2
RAM2019_ENDO_2,1752,2
RAM2019_ENDO_2,1753,6
RAM2019_ENDO_2,1754,5
RAM2019_ENDO_2,1755,5
RAM2019_ENDO_2,1756,5
RAM2019_ENDO_2,1757,4
RAM2019_ENDO_2,1758,11
RAM2019_ENDO_2,1759,7
RAM2019_ENDO_2,1760,5
RAM2019_ENDO_2,1761,5
RAM2019_ENDO_2,1762,3
RAM2019_ENDO_2,1763,1
RAM2019_ENDO_2,1764,5
RAM2019_ENDO_2,1765,4
RAM2019_ENDO_2,1766,4
RAM2019_ENDO_2,1767,7
RAM2019_ENDO_2,1768,4
RAM2019_ENDO_2,1769,5
RAM2019_ENDO_2,1770,8
RAM2019_ENDO_2,1771,3
RAM2019_ENDO_2,1772,4
RAM2019_ENDO_2,1773,7
RAM2019_ENDO_2,1774,5
RAM2019_ENDO_2,1775,5
RAM2019_ENDO_2,1776,4
RAM2019_ENDO_2,1777,6
RAM2019_ENDO_2,1778,4
RAM2019_ENDO_2,1779,4
RAM2019_ENDO_2,1780,4
RAM2019_ENDO_2,1781,5
RAM2019_ENDO_2,1782,4
RAM2019_ENDO_2,1783,4
RAM2019_ENDO_2,1784,3
RAM2019_ENDO_2,1785,4
RAM2019_ENDO_2,1786,1
RAM2019_ENDO_2,1787,2
RAM2019_ENDO_2,1788,5
RAM2019_ENDO_2,1789,6
RAM2019_ENDO_2,1790,5
RAM2019_ENDO_2,1791,3
RAM2019_ENDO_2,1792,5
RAM2019_ENDO_2,1793,4
RAM2019_ENDO_2,1794,3
RAM2019_ENDO_2,1795,2
RAM2019_ENDO_2,1796,8
RAM2019_ENDO_2,1797,5
RAM2019_ENDO_2,1798,5
RAM2019_ENDO_2,1799,8
RAM2019_ENDO_2,1800,5
RAM2019_ENDO_2,1801,3
RAM2019_ENDO_2,1802,6
RAM2019_ENDO_2,1803,3
RAM2019_ENDO_2,1804,5
RAM2019_ENDO_2,1805,4
RAM2019_ENDO_2,1806,7
RAM2019_ENDO_2,1807,1
RAM2019_ENDO_2,1808,5
RAM2019_ENDO_2,1809,9
RAM2019_ENDO_2,1810,3
RAM2019_ENDO_2,1811,3
RAM2019_ENDO_2,1812,4
RAM2019_ENDO_2,1813,6
RAM2019_ENDO_2,1814,2
RAM2019_ENDO_2,1815,6
RAM2019_ENDO_2,1816,6
RAM2019_ENDO_2,1817,0
RAM2019_ENDO_2,1818,5
RAM2019_ENDO_2,1819,6
RAM2019_ENDO_2,1820,3
RAM2019_ENDO_2,1821,5
RAM2019_ENDO_2,1822,6
RAM2019_ENDO_2,1823,6
RAM2019_ENDO_2,1824,2
RAM2019_ENDO_2,1825,9
RAM2019_ENDO_2,1826,4
RAM2019_ENDO_2,1827,4
RAM2019_ENDO_2,1828,3
RAM2019_ENDO_2,1829,6
RAM2019_ENDO_2,1830,1
RAM2019_ENDO_2,1831,4
RAM2019_ENDO_2,1832,2
RAM2019_ENDO_2,1833,4
RAM2019_ENDO_2,1834,2
RAM2019_ENDO_2,1835,8
RAM2019_ENDO_2,1836,3
RAM2019_ENDO_2,1837,6
RAM2019_ENDO_2,1838,6
RAM2019_ENDO_2,1839,3
RAM2019_ENDO_2,1840,4
RAM2019_ENDO_2,1841,6
RAM2019_ENDO_2,1842,4
RAM2019_ENDO_2,1843,5
RAM2019_ENDO_2,1844,7
RAM2019_ENDO_2,1845,6
RAM2019_ENDO_2,1846,6
RAM2019_ENDO_2,1847,5
RAM2019_ENDO_2,1848,3
RAM2019_ENDO_2,1849,3
RAM2019_ENDO_2,1850,2
RAM2019_ENDO_2,1851,5
RAM2019_ENDO_2,1852,2
RAM2019_ENDO_2,1853,6
RAM2019_ENDO_2,1854,6
RAM2019_ENDO_2,1855,5
RAM2019_ENDO_2,1856,2
RAM2019_ENDO_2,1857,2
RAM2019_ENDO_2,1858,8
RAM2019_ENDO_2,1859,5
RAM2019_ENDO_2,1860,2
RAM2019_ENDO_2,1861,6
RAM2019_ENDO_2,1862,4
RAM2019_ENDO_2,1863,4
RAM2019_ENDO_2,1864,5
RAM2019_ENDO_2,1865,4
RAM2019_ENDO_2,1866,2
RAM2019_ENDO_2,1867,5
RAM2019_ENDO_2,1868,6
RAM2019_ENDO_2,1869,5
RAM2019_ENDO_2,1870,2
RAM2019_ENDO_2,1871,3
RAM2019_ENDO_2,1872,4
RAM2019_ENDO_2,1873,1
RAM2019_ENDO_2,1874,4
RAM2019_ENDO_2,1875,8
RAM2019_ENDO_2,1876,3
RAM2019_ENDO_2,1877,5
RAM2019_ENDO_2,1878,3
RAM2019_ENDO_2,1879,4
RAM2019_ENDO_2,1880,6
RAM2019_ENDO_2,1881,3
RAM2019_ENDO_2,1882,6
RAM2019_ENDO_2,1883,6
RAM2019_ENDO_2,1884,4
RAM2019_ENDO_2,1885,2
RAM2019_ENDO_2,1886,1
RAM2019_ENDO_2,1887,2
RAM2019_ENDO_2,1888,6
RAM2019_ENDO_2,1889,4
RAM2019_ENDO_2,1890,4
RAM2019_ENDO_2,1891,2
RAM2019_ENDO_2,1892,3
RAM2019_ENDO_2,1893,9
RAM2019_ENDO_2,1894,6
RAM2019_ENDO_2,1895,6
RAM2019_ENDO_2,1896,2
RAM2019_ENDO_2,1897,8
RAM2019_ENDO_2,1898,3
RAM2019_ENDO_2,1899,7
RAM2019_ENDO_2,1900,3
RAM2019_ENDO_2,1901,4
RAM2019_ENDO_2,1902,1
RAM2019_ENDO_2,1903,1
RAM2019_ENDO_2,1904,6
RAM2019_ENDO_2,1905,3
RAM2019_ENDO_2,1906,3
RAM2019_ENDO_2,1907,2
RAM2019_ENDO_2,1908,4
RAM2019_ENDO_2,1909,6
RAM2019_ENDO_2,1910,2
RAM2019_ENDO_2,1911,6
RAM2019_ENDO_2,1912,5
RAM2019_ENDO_2,1913,2
RAM2019_ENDO_2,1914,3
RAM2019_ENDO_2,1915,5
RAM2019_ENDO_2,1916,6
RAM2019_ENDO_2,1917,4
RAM2019_ENDO_2,1918,5
RAM2019_ENDO_2,1919,3
RAM2019_ENDO_2,1920,6
RAM2019_ENDO_2,1921,4
RAM2019_ENDO_2,1922,6
RAM2019_ENDO_2,1923,5
RAM2019_ENDO_2,1924,1
RAM2019_ENDO_2,1925,5
RAM2019_ENDO_2,1926,5
RAM2019_ENDO_2,1927,1
RAM2019_ENDO_2,1928,6
RAM2019_ENDO_2,1929,2
RAM2019_ENDO_2,1930,6
RAM2019_ENDO_2,1931,6
RAM2019_ENDO_2,1932,8
RAM2019_ENDO_2,1933,5
RAM2019_ENDO_2,1934,12
RAM2019_ENDO_2,1935,5
RAM2019_ENDO_2,1936,4
RAM2019_ENDO_2,1937,2
RAM2019_ENDO_2,1938,4
RAM2019_ENDO_2,1939,3
RAM2019_ENDO_2,1940,2
RAM2019_ENDO_2,1941,6
RAM2019_ENDO_2,1942,3
RAM2019_ENDO_2,1943,3
RAM2019_ENDO_2,1944,8
RAM2019_ENDO_2,1945,2
RAM2019_ENDO_2,1946,3
RAM2019_ENDO_2,1947,5
RAM2019_ENDO_2,1948,4
RAM2019_ENDO_2,1949,4
RAM2019_ENDO_2,1950,1
RAM2019_ENDO_2,1951,6
RAM2019_ENDO_2,1952,2
RAM2019_ENDO_2,1953,5
RAM2019_ENDO_2,1954,4
RAM2019_ENDO_2,1955,4
RAM2019_ENDO_2,1956,6
RAM2019_ENDO_2,1957,5
RAM2019_ENDO_2,1958,5
RAM2019_ENDO_2,1959,3
RAM2019_ENDO_2,1960,3
RAM2019_ENDO_2,1961,1
RAM2019_ENDO_2,1962,5
RAM2019_ENDO_2,1963,9
RAM2019_ENDO_2,1964,3
RAM2019_ENDO_2,1965,0
RAM2019_ENDO_2,1966,3
RAM2019_ENDO_2,1967,5
RAM2019_ENDO_2,1968,7
RAM2019_ENDO_2,1969,3
RAM2019_ENDO_2,1970,2
RAM2019_ENDO_2,1971,2
RAM2019_ENDO_2,1972,9
RAM2019_ENDO_2,1973,7
RAM2019_ENDO_2,1974,2
RAM2019_ENDO_2,1975,4
RAM2019_ENDO_2,1976,4
RAM2019_ENDO_2,1977,10
RAM2019_ENDO_2,1978,4
RAM2019_ENDO_2,1979,2
RAM2019_ENDO_2,1980,7
RAM2019_ENDO_2,1981,2
RAM2019_ENDO_2,1982,4
RAM2019_ENDO_2,1983,4
RAM2019_ENDO_2,1984,5
RAM2019_ENDO_2,1985,6
RAM2019_ENDO_2,1986,4
RAM2019_ENDO_2,1987,4
RAM2019_ENDO_2,1988,1
RAM2019_ENDO_2,1989,4
RAM2019_ENDO_2,1990,5
RAM2019_ENDO_2,1991,4
RAM2019_ENDO_2,1992,8
RAM2019_ENDO_2,1993,3
RAM2019_ENDO_2,1994,3
RAM2019_ENDO_2,1995,9
RAM2019_ENDO_2,1996,3
RAM2019_ENDO_2,1997,8
RAM2019_ENDO_2,1998,6
RAM2019_ENDO_2,1999,2
RAM2019_ENDO_2,2000,4
RAM2019_ENDO_2,2001,4
RAM2019_ENDO_2,2002,4
RAM2019_ENDO_2,2003,6
RAM2019_ENDO_2,2004,9
RAM2019_ENDO_2,2005,4
RAM2019_ENDO_2,2006,6
RAM2019_ENDO_2,2007,5
RAM2019_ENDO_2,2008,2
RAM2019_ENDO_2,2009,7
RAM2019_ENDO_2,2010,3
RAM2019_ENDO_2,2011,6
RAM2019_ENDO_2,2012,1
RAM2019_ENDO_2,2013,5
RAM2019_ENDO_2,2014,7
RAM2019_ENDO_2,2015,5
RAM2019_ENDO_2,2016,6
RAM2019_ENDO_2,2017,3
RAM2019_ENDO_2,2018,5
RAM2019_ENDO_2,2019,5
RAM2019_ENDO_2,2020,1
RAM2019_ENDO_2,2021,6
RAM2019_ENDO_2,2022,2
RAM2019_ENDO_2,2023,2
RAM2019_ENDO_2,2024,6
RAM2019_ENDO_2,2025,5
RAM2019_ENDO_2,2026,9
RAM2019_ENDO_2,2027,3
RAM2019_ENDO_2,2028,5
RAM2019_ENDO_2,2029,6
RAM2019_ENDO_2,2030,7
RAM2019_ENDO_2,2031,1
RAM2019_ENDO_2,2032,2
RAM2019_ENDO_2,2033,6
RAM2019_ENDO_2,2034,2
RAM2019_ENDO_2,2035,3
RAM2019_ENDO_2,2036,3
RAM2019_ENDO_2,2037,2
RAM2019_ENDO_2,2038,3
RAM2019_ENDO_2,2039,6
RAM2019_ENDO_2,2040,6
RAM2019_ENDO_2,2041,4
RAM2019_ENDO_2,2042,4
RAM2019_ENDO_2,2043,1
RAM2019_ENDO_2,2044,6
RAM2019_ENDO_2,2045,5
RAM2019_ENDO_2,2046,3
RAM2019_ENDO_2,2047,3
RAM2019_ENDO_2,2048,5
RAM2019_ENDO_2,2049,3
RAM2019_ENDO_2,2050,6
RAM2019_ENDO_2,2051,8
RAM2019_ENDO_2,2052,4
RAM2019_ENDO_2,2053,4
RAM2019_ENDO_2,2054,3
RAM2019_ENDO_2,2055,4
RAM2019_ENDO_2,2056,3
RAM2019_ENDO_2,2057,7
RAM2019_ENDO_2,2058,5
RAM2019_ENDO_2,2059,5
RAM2019_ENDO_2,2060,2
RAM2019_ENDO_2,2061,3
RAM2019_ENDO_2,2062,1
RAM2019_ENDO_2,2063,3
RAM2019_ENDO_2,2064,2
RAM2019_ENDO_2,2065,4
RAM2019_ENDO_2,2066,7
RAM2019_ENDO_2,2067,4
RAM2019_ENDO_2,2068,7
RAM2019_ENDO_2,2069,3
RAM2019_ENDO_2,2070,1
RAM2019_ENDO_2,2071,4
RAM2019_ENDO_2,2072,2
RAM2019_ENDO_2,2073,3
RAM2019_ENDO_2,2074,4
RAM2019_ENDO_2,2075,4
RAM2019_ENDO_2,2076,4
RAM2019_ENDO_2,2077,3
RAM2019_ENDO_2,2078,3
RAM2019_ENDO_2,2079,3
RAM2019_ENDO_2,2080,4
RAM2019_ENDO_2,2081,4
RAM2019_ENDO_2,2082,3
RAM2019_ENDO_2,2083,5
RAM2019_ENDO_2,2084,3
RAM2019_ENDO_2,2085,7
RAM2019_ENDO_2,2086,7
RAM2019_ENDO_2,2087,3
RAM2019_ENDO_2,2088,5
RAM2019_ENDO_2,2089,6
RAM2019_ENDO_2,2090,8
RAM2019_ENDO_2,2091,4
RAM2019_ENDO_2,2092,4
RAM2019_ENDO_2,2093,5
RAM2019_ENDO_2,2094,6
RAM2019_ENDO_2,2095,3
RAM2019_ENDO_2,2096,7
RAM2019_ENDO_2,2097,6
RAM2019_ENDO_2,2098,5
RAM2019_ENDO_2,2099,6
RAM2019_ENDO_2,2100,2
RAM2019_ENDO_2,2101,3
RAM2019_ENDO_2,2102,6
RAM2019_ENDO_2,2103,3
RAM2019_ENDO_2,2104,5
RAM2019_ENDO_2,2105,4
RAM2019_ENDO_2,2106,1
RAM2019_ENDO_2,2107,2
RAM2019_ENDO_2,2108,7
RAM2019_ENDO_2,2109,3
RAM2019_ENDO_2,2110,2
RAM2019_ENDO_2,2111,3
RAM2019_ENDO_2,2112,5
RAM2019_ENDO_2,2113,4
RAM2019_ENDO_2,2114,3
RAM2019_ENDO_2,2115,2
RAM2019_ENDO_2,2116,9
RAM2019_ENDO_2,2117,9
RAM2019_ENDO_2,2118,6
RAM2019_ENDO_2,2119,5
RAM2019_ENDO_2,2120,2
RAM2019_ENDO_2,2121,6
RAM2019_ENDO_2,2122,4
RAM2019_ENDO_2,2123,3
RAM2019_ENDO_2,2124,5
RAM2019_ENDO_2,2125,6
RAM2019_ENDO_2,2126,3
RAM2019_ENDO_2,2127,5
RAM2019_ENDO_2,2128,5
RAM2019_ENDO_2,2129,10
RAM2019_ENDO_2,2130,4
RAM2019_ENDO_2,2131,6
RAM2019_ENDO_2,2132,3
RAM2019_ENDO_2,2133,2
RAM2019_ENDO_2,2134,4
RAM2019_ENDO_2,2135,4
RAM2019_ENDO_2,2136,5
RAM2019_ENDO_2,2137,2
RAM2019_ENDO_2,2138,5
RAM2019_ENDO_2,2139,4
RAM2019_ENDO_2,2140,4
RAM2019_ENDO_2,2141,3
RAM2019_ENDO_2,2142,7
RAM2019_ENDO_2,2143,7
RAM2019_ENDO_2,2144,2
RAM2019_ENDO_2,2145,3
RAM2019_ENDO_2,2146,5
RAM2019_ENDO_2,2147,3
RAM2019_ENDO_2,2148,4
RAM2019_ENDO_2,2149,5
RAM2019_ENDO_2,2150,4
RAM2019_ENDO_2,2151,10
RAM2019_ENDO_2,2152,1
RAM2019_ENDO_2,2153,4
RAM2019_ENDO_2,2154,8
RAM2019_ENDO_2,2155,5
RAM2019_ENDO_2,2156,3
RAM2019_ENDO_2,2157,1
RAM2019_ENDO_2,2158,2
RAM2019_ENDO_2,2159,2
RAM2019_ENDO_2,2160,4
RAM2019_ENDO_2,2161,6
RAM2019_ENDO_2,2162,10
RAM2019_ENDO_2,2163,9
RAM2019_ENDO_2,2164,0
RAM2019_ENDO_2,2165,7
RAM2019_ENDO_2,2166,5
RAM2019_ENDO_2,2167,3
RAM2019_ENDO_2,2168,5
RAM2019_ENDO_2,2169,3
RAM2019_ENDO_2,2170,6
RAM2019_ENDO_2,2171,7
RAM2019_ENDO_2,2172,6
RAM2019_ENDO_2,2173,2
RAM2019_ENDO_2,2174,8
RAM2019_ENDO_2,2175,4
RAM2019_ENDO_2,2176,3
RAM2019_ENDO_2,2177,2
RAM2019_ENDO_2,2178,2
RAM2019_ENDO_2,2179,5
RAM2019_ENDO_2,2180,8
RAM2019_ENDO_2,2181,3
RAM2019_ENDO_2,2182,7
RAM2019_ENDO_2,2183,2
RAM2019_ENDO_2,2184,5
RAM2019_ENDO_2,2185,1
RAM2019_ENDO_2,2186,3
RAM2019_ENDO_2,2187,2
RAM2019_ENDO_2,2188,2
RAM2019_ENDO_2,2189,4
RAM2019_ENDO_2,2190,4
RAM2019_ENDO_2,2191,2
RAM2019_ENDO_2,2192,6
RAM2019_ENDO_2,2193,6
RAM2019_ENDO_2,2194,4
RAM2019_ENDO_2,2195,7
RAM2019_ENDO_2,2196,6
RAM2019_ENDO_2,2197,0
RAM2019_ENDO_2,2198,1
RAM2019_ENDO_2,2199,3
RAM2019_ENDO_2,2200,4
RAM2019_ENDO_2,2201,6
RAM2019_ENDO_2,2202,3
RAM2019_ENDO_2,2203,2
RAM2019_ENDO_2,2204,1
RAM2019_ENDO_2,2205,3
RAM2019_ENDO_2,2206,2
RAM2019_ENDO_2,2207,1
RAM2019_ENDO_2,2208,5
RAM2019_ENDO_2,2209,5
RAM2019_ENDO_2,2210,6
RAM2019_ENDO_2,2211,5
RAM2019_ENDO_2,2212,3
RAM2019_ENDO_2,2213,4
RAM2019_ENDO_2,2214,6
RAM2019_ENDO_2,2215,6
RAM2019_ENDO_2,2216,7
RAM2019_ENDO_2,2217,4
RAM2019_ENDO_2,2218,7
RAM2019_ENDO_2,2219,5
RAM2019_ENDO_2,2220,4
RAM2019_ENDO_2,2221,5
RAM2019_ENDO_2,2222,3
RAM2019_ENDO_2,2223,8
RAM2019_ENDO_2,2224,5
RAM2019_ENDO_2,2225,5
RAM2019_ENDO_2,2226,3
RAM2019_ENDO_2,2227,6
RAM2019_ENDO_2,2228,8
RAM2019_ENDO_2,2229,5
RAM2019_ENDO_2,2230,10
RAM2019_ENDO_2,2231,3
RAM2019_ENDO_2,2232,7
RAM2019_ENDO_2,2233,3
RAM2019_ENDO_2,2234,3
RAM2019_ENDO_2,2235,3
RAM2019_ENDO_2,2236,2
RAM2019_ENDO_2,2237,6
RAM2019_ENDO_2,2238,5
RAM2019_ENDO_2,2239,2
RAM2019_ENDO_2,2240,4
RAM2019_ENDO_2,2241,3
RAM2019_ENDO_2,2242,5
RAM2019_ENDO_2,2243,4
RAM2019_ENDO_2,2244,4
RAM2019_ENDO_2,2245,6
RAM2019_ENDO_2,2246,3
RAM2019_ENDO_2,2247,6
RAM2019_ENDO_2,2248,3
RAM2019_ENDO_2,2249,0
RAM2019_ENDO_2,2250,4
RAM2019_ENDO_2,2251,4
RAM2019_ENDO_2,2252,5
RAM2019_ENDO_2,2253,4
RAM2019_ENDO_2,2254,2
RAM2019_ENDO_2,2255,7
RAM2019_ENDO_2,2256,5
RAM2019_ENDO_2,2257,5
RAM2019_ENDO_2,2258,4
RAM2019_ENDO_2,2259,3
RAM2019_ENDO_2,2260,4
RAM2019_ENDO_2,2261,2
RAM2019_ENDO_2,2262,1
RAM2019_ENDO_2,2263,1
RAM2019_ENDO_2,2264,3
RAM2019_ENDO_2,2265,4
RAM2019_ENDO_2,2266,7
RAM2019_ENDO_2,2267,2
RAM2019_ENDO_2,2268,3
RAM2019_ENDO_2,2269,5
RAM2019_ENDO_2,2270,6
RAM2019_ENDO_2,2271,3
RAM2019_ENDO_2,2272,6
RAM2019_ENDO_2,2273,2
RAM2019_ENDO_2,2274,8
RAM2019_ENDO_2,2275,6
RAM2019_ENDO_2,2276,3
RAM2019_ENDO_2,2277,2
RAM2019_ENDO_2,2278,6
RAM2019_ENDO_2,2279,3
RAM2019_ENDO_2,2280,5
RAM2019_ENDO_2,2281,5
RAM2019_ENDO_2,2282,4
RAM2019_ENDO_2,2283,2
RAM2019_ENDO_2,2284,7
RAM2019_ENDO_2,2285,6
RAM2019_ENDO_2,2286,6
RAM2019_ENDO_2,2287,3
RAM2019_ENDO_2,2288,3
RAM2019_ENDO_2,2289,2
RAM2019_ENDO_2,2290,7
RAM2019_ENDO_2,2291,5
RAM2019_ENDO_2,2292,7
RAM2019_ENDO_2,2293,6
RAM2019_ENDO_2,2294,4
RAM2019_ENDO_2,2295,5
RAM2019_ENDO_2,2296,4
RAM2019_ENDO_2,2297,5
RAM2019_ENDO_2,2298,3
RAM2019_ENDO_2,2299,5
RAM2019_ENDO_2,2300,6
RAM2019_ENDO_2,2301,3
RAM2019_ENDO_2,2302,3
RAM2019_ENDO_2,2303,4
RAM2019_ENDO_2,2304,6
RAM2019_ENDO_2,2305,3
RAM2019_ENDO_2,2306,4
RAM2019_ENDO_2,2307,6
RAM2019_ENDO_2,2308,3
RAM2019_ENDO_2,2309,1
RAM2019_ENDO_2,2310,5
RAM2019_ENDO_2,2311,7
RAM2019_ENDO_2,2312,3
RAM2019_ENDO_2,2313,2
RAM2019_ENDO_2,2314,7
RAM2019_ENDO_2,2315,5
RAM2019_ENDO_2,2316,5
RAM2019_ENDO_2,2317,4
RAM2019_ENDO_2,2318,4
RAM2019_ENDO_2,2319,6
RAM2019_ENDO_2,2320,4
RAM2019_ENDO_2,2321,5
RAM2019_ENDO_2,2322,2
RAM2019_ENDO_2,2323,12
RAM2019_ENDO_2,2324,3
RAM2019_ENDO_2,2325,2
RAM2019_ENDO_2,2326,6
RAM2019_ENDO_2,2327,6
RAM2019_ENDO_2,2328,7
RAM2019_ENDO_2,2329,2
RAM2019_ENDO_2,2330,5
RAM2019_ENDO_2,2331,4
RAM2019_ENDO_2,2332,6
RAM2019_ENDO_2,2333,9
RAM2019_ENDO_2,2334,6
RAM2019_ENDO_2,2335,2
RAM2019_ENDO_2,2336,3
RAM2019_ENDO_2,2337,4
RAM2019_ENDO_2,2338,3
RAM2019_ENDO_2,2339,6
RAM2019_ENDO_2,2340,2
RAM2019_ENDO_2,2341,5
RAM2019_ENDO_2,2342,7
RAM2019_ENDO_2,2343,3
RAM2019_ENDO_2,2344,3
RAM2019_ENDO_2,2345,4
RAM2019_ENDO_2,2346,6
RAM2019_ENDO_2,2347,5
RAM2019_ENDO_2,2348,6
RAM2019_ENDO_2,2349,3
RAM2019_ENDO_2,2350,5
RAM2019_ENDO_2,2351,6
RAM2019_ENDO_2,2352,6
RAM2019_ENDO_2,2353,4
RAM2019_ENDO_2,2354,5
RAM2019_ENDO_2,2355,7
RAM2019_ENDO_2,2356,5
RAM2019_ENDO_2,2357,5
RAM2019_ENDO_2,2358,4
RAM2019_ENDO_2,2359,4
RAM2019_ENDO_2,2360,3
RAM2019_ENDO_2,2361,5
RAM2019_ENDO_2,2362,4
RAM2019_ENDO_2,2363,9
RAM2019_ENDO_2,2364,9
RAM2019_ENDO_2,2365,6
RAM2019_ENDO_2,2366,7
RAM2019_ENDO_2,2367,6
RAM2019_ENDO_2,2368,9
RAM2019_ENDO_2,2369,4
RAM2019_ENDO_2,2370,1
RAM2019_ENDO_2,2371,7
RAM2019_ENDO_2,2372,7
RAM2019_ENDO_2,2373,4
RAM2019_ENDO_2,2374,5
RAM2019_ENDO_2,2375,6
RAM2019_ENDO_2,2376,6
RAM2019_ENDO_2,2377,5
RAM2019_ENDO_2,2378,7
RAM2019_ENDO_2,2379,1
RAM2019_ENDO_2,2380,5
RAM2019_ENDO_2,2381,4
RAM2019_ENDO_2,2382,4
RAM2019_ENDO_2,2383,3
RAM2019_ENDO_2,2384,5
RAM2019_ENDO_2,2385,3
RAM2019_ENDO_2,2386,3
RAM2019_ENDO_2,2387,5
RAM2019_ENDO_2,2388,3
RAM2019_ENDO_2,2389,2
RAM2019_ENDO_2,2390,7
RAM2019_ENDO_2,2391,5
RAM2019_ENDO_2,2392,8
RAM2019_ENDO_2,2393,3
RAM2019_ENDO_2,2394,4
RAM2019_ENDO_2,2395,1
RAM2019_ENDO_2,2396,3
RAM2019_ENDO_2,2397,5
RAM2019_ENDO_2,2398,3
RAM2019_ENDO_2,2399,4
RAM2019_ENDO_2,2400,5
RAM2019_ENDO_2,2401,5
RAM2019_ENDO_2,2402,5
RAM2019_ENDO_2,2403,6
RAM2019_ENDO_2,2404,6
RAM2019_ENDO_2,2405,5
RAM2019_ENDO_2,2406,5
RAM2019_ENDO_2,2407,7
RAM2019_ENDO_2,2408,4
RAM2019_ENDO_2,2409,4
RAM2019_ENDO_2,2410,4
RAM2019_ENDO_2,2411,6
RAM2019_ENDO_2,2412,4
RAM2019_ENDO_2,2413,5
RAM2019_ENDO_2,2414,1
RAM2019_ENDO_2,2415,2
RAM2019_ENDO_2,2416,7
RAM2019_ENDO_2,2417,6
RAM2019_ENDO_2,2418,6
RAM2019_ENDO_2,2419,6
RAM2019_ENDO_2,2420,3
RAM2019_ENDO_2,2421,7
RAM2019_ENDO_2,2422,4
RAM2019_ENDO_2,2423,7
RAM2019_ENDO_2,2424,5
RAM2019_ENDO_2,2425,4
RAM2019_ENDO_2,2426,4
RAM2019_ENDO_2,2427,4
RAM2019_ENDO_2,2428,7
RAM2019_ENDO_2,2429,1
RAM2019_ENDO_2,2430,2
RAM2019_ENDO_2,2431,6
RAM2019_ENDO_2,2432,2
RAM2019_ENDO_2,2433,4
RAM2019_ENDO_2,2434,3
RAM2019_ENDO_2,2435,4
RAM2019_ENDO_2,2436,6
RAM2019_ENDO_2,2437,1
RAM2019_ENDO_2,2438,3
RAM2019_ENDO_2,2439,7
RAM2019_ENDO_2,2440,5
RAM2019_ENDO_2,2441,5
RAM2019_ENDO_2,2442,4
RAM2019_ENDO_2,2443,9
RAM2019_ENDO_2,2444,1
RAM2019_ENDO_2,2445,4
RAM2019_ENDO_2,2446,2
RAM2019_ENDO_2,2447,5
RAM2019_ENDO_2,2448,2
RAM2019_ENDO_2,2449,1
RAM2019_ENDO_2,2450,3
RAM2019_ENDO_2,2451,4
RAM2019_ENDO_2,2452,6
RAM2019_ENDO_2,2453,1
RAM2019_ENDO_2,2454,3
RAM2019_ENDO_2,2455,2
RAM2019_ENDO_2,2456,4
RAM2019_ENDO_2,2457,4
RAM2019_ENDO_2,2458,5
RAM2019_ENDO_2,2459,4
RAM2019_ENDO_2,2460,2
RAM2019_ENDO_2,2461,7
RAM2019_ENDO_2,2462,6
RAM2019_ENDO_2,2463,5
RAM2019_ENDO_2,2464,3
RAM2019_ENDO_2,2465,2
RAM2019_ENDO_2,2466,4
RAM2019_ENDO_2,2467,2
RAM2019_ENDO_2,2468,4
RAM2019_ENDO_2,2469,8
RAM2019_ENDO_2,2470,6
RAM2019_ENDO_2,2471,6
RAM2019_ENDO_2,2472,3
RAM2019_ENDO_2,2473,9
RAM2019_ENDO_2,2474,7
RAM2019_ENDO_2,2475,5
RAM2019_ENDO_2,2476,2
RAM2019_ENDO_2,2477,2
RAM2019_ENDO_2,2478,3
RAM2019_ENDO_2,2479,3
RAM2019_ENDO_2,2480,4
RAM2019_ENDO_2,2481,8
RAM2019_ENDO_2,2482,5
RAM2019_ENDO_2,2483,3
RAM2019_ENDO_2,2484,5
RAM2019_ENDO_2,2485,3
RAM2019_ENDO_2,2486,5
RAM2019_ENDO_2,2487,4
RAM2019_ENDO_2,2488,2
RAM2019_ENDO_2,2489,5
RAM2019_ENDO_2,2490,1
RAM2019_ENDO_2,2491,4
RAM2019_ENDO_2,2492,4
RAM2019_ENDO_2,2493,4
RAM2019_ENDO_2,2494,4
RAM2019_ENDO_2,2495,4
RAM2019_ENDO_2,2496,4
RAM2019_ENDO_2,2497,4
RAM2019_ENDO_2,2498,5
RAM2019_ENDO_2,2499,5
RAM2019_ENDO_2,2500,4
RAM2019_ENDO_2,2501,4
RAM2019_ENDO_2,2502,4
RAM2019_ENDO_2,2503,7
RAM2019_ENDO_2,2504,3
RAM2019_ENDO_2,2505,3
RAM2019_ENDO_2,2506,4
RAM2019_ENDO_2,2507,1
RAM2019_ENDO_2,2508,3
RAM2019_ENDO_2,2509,4
RAM2019_ENDO_2,2510,6
RAM2019_ENDO_2,2511,3
RAM2019_ENDO_2,2512,6
RAM2019_ENDO_2,2513,6
RAM2019_ENDO_2,2514,5
RAM2019_ENDO_2,2515,4
RAM2019_ENDO_2,2516,4
RAM2019_ENDO_2,2517,4
RAM2019_ENDO_2,2518,3
RAM2019_ENDO_2,2519,2
RAM2019_ENDO_2,2520,3
RAM2019_ENDO_2,2521,1
RAM2019_ENDO_2,2522,4
RAM2019_ENDO_2,2523,4
RAM2019_ENDO_2,2524,5
RAM2019_ENDO_2,2525,3
RAM2019_ENDO_2,2526,8
RAM2019_ENDO_2,2527,4
RAM2019_ENDO_2,2528,5
RAM2019_ENDO_2,2529,3
RAM2019_ENDO_2,2530,6
RAM2019_ENDO_2,2531,8
RAM2019_ENDO_2,2532,3
RAM2019_ENDO_2,2533,6
RAM2019_ENDO_2,2534,3
RAM2019_ENDO_2,2535,1
RAM2019_ENDO_2,2536,3
RAM2019_ENDO_2,2537,4
RAM2019_ENDO_2,2538,4
RAM2019_ENDO_2,2539,5
RAM2019_ENDO_2,2540,7
RAM2019_ENDO_2,2541,6
RAM2019_ENDO_2,2542,6
RAM2019_ENDO_2,2543,2
RAM2019_ENDO_2,2544,4
RAM2019_ENDO_2,2545,5
RAM2019_ENDO_2,2546,3
RAM2019_ENDO_2,2547,6
RAM2019_ENDO_2,2548,4
RAM2019_ENDO_2,2549,7
RAM2019_ENDO_2,2550,3
RAM2019_ENDO_2,2551,7
RAM2019_ENDO_2,2552,2
RAM2019_ENDO_2,2553,1
RAM2019_ENDO_2,2554,6
RAM2019_ENDO_2,2555,2
RAM2019_ENDO_2,2556,9
RAM2019_ENDO_2,2557,3
RAM2019_ENDO_2,2558,4
RAM2019_ENDO_2,2559,4
RAM2019_ENDO_2,2560,5
RAM2019_ENDO_2,2561,4
RAM2019_ENDO_2,2562,5
RAM2019_ENDO_2,2563,8
RAM2019_ENDO_2,2564,1
RAM2019_ENDO_2,2565,2
RAM2019_ENDO_2,2566,6
RAM2019_ENDO_2,2567,3
RAM2019_ENDO_2,2568,7
RAM2019_ENDO_2,2569,3
RAM2019_ENDO_2,2570,5
RAM2019_ENDO_2,2571,5
RAM2019_ENDO_2,2572,7
RAM2019_ENDO_2,2573,2
RAM2019_ENDO_2,2574,4
RAM2019_ENDO_2,2575,4
RAM2019_ENDO_2,2576,6
RAM2019_ENDO_2,2577,1
RAM2019_ENDO_2,2578,5
RAM2019_ENDO_2,2579,4
RAM2019_ENDO_2,2580,8
RAM2019_ENDO_2,2581,8
RAM2019_ENDO_2,2582,4
RAM2019_ENDO_2,2583,7
RAM2019_ENDO_2,2584,3
RAM2019_ENDO_2,2585,8
RAM2019_ENDO_2,2586,3
RAM2019_ENDO_2,2587,4
RAM2019_ENDO_2,2588,4
RAM2019_ENDO_2,2589,7
RAM2019_ENDO_2,2590,3
RAM2019_ENDO_2,2591,4
RAM2019_ENDO_2,2592,4
RAM2019_ENDO_2,2593,8
RAM2019_ENDO_2,2594,5
RAM2019_ENDO_2,2595,7
RAM2019_ENDO_2,2596,6
RAM2019_ENDO_2,2597,7
RAM2019_ENDO_2,2598,7
RAM2019_ENDO_2,2599,5
RAM2019_ENDO_2,2600,3
RAM2019_ENDO_2,2601,6
RAM2019_ENDO_2,2602,3
RAM2019_ENDO_2,2603,3
RAM2019_ENDO_2,2604,5
RAM2019_ENDO_2,2605,7
RAM2019_ENDO_2,2606,3
RAM2019_ENDO_2,2607,3
RAM2019_ENDO_2,2608,6
RAM2019_ENDO_2,2609,2
RAM2019_ENDO_2,2610,4
RAM2019_ENDO_2,2611,8
RAM2019_ENDO_2,2612,6
RAM2019_ENDO_2,2613,4
RAM2019_ENDO_2,2614,1
RAM2019_ENDO_2,2615,5
RAM2019_ENDO_2,2616,3
RAM2019_ENDO_2,2617,2
RAM2019_ENDO_2,2618,4
RAM2019_ENDO_2,2619,4
RAM2019_ENDO_2,2620,1
RAM2019_ENDO_2,2621,3
RAM2019_ENDO_2,2622,3
RAM2019_ENDO_2,2623,4
RAM2019_ENDO_2,2624,5
RAM2019_ENDO_2,2625,2
RAM2019_ENDO_2,2626,5
RAM2019_ENDO_2,2627,5
RAM2019_ENDO_2,2628,3
RAM2019_ENDO_2,2629,6
RAM2019_ENDO_2,2630,4
RAM2019_ENDO_2,2631,1
RAM2019_ENDO_2,2632,1
RAM2019_ENDO_2,2633,3
RAM2019_ENDO_2,2634,4
RAM2019_ENDO_2,2635,3
RAM2019_ENDO_2,2636,6
RAM2019_ENDO_2,2637,5
RAM2019_ENDO_2,2638,3
RAM2019_ENDO_2,2639,5
RAM2019_ENDO_2,2640,7
RAM2019_ENDO_2,2641,9
RAM2019_ENDO_2,2642,6
RAM2019_ENDO_2,2643,2
RAM2019_ENDO_2,2644,4
RAM2019_ENDO_2,2645,3
RAM2019_ENDO_2,2646,2
RAM2019_ENDO_2,2647,4
RAM2019_ENDO_2,2648,2
RAM2019_ENDO_2,2649,6
RAM2019_ENDO_2,2650,5
RAM2019_ENDO_2,2651,9
RAM2019_ENDO_2,2652,3
RAM2019_ENDO_2,2653,8
RAM2019_ENDO_2,2654,7
RAM2019_ENDO_2,2655,3
RAM2019_ENDO_2,2656,6
RAM2019_ENDO_2,2657,3
RAM2019_ENDO_2,2658,4
RAM2019_ENDO_2,2659,3
RAM2019_ENDO_2,2660,3
RAM2019_ENDO_2,2661,7
RAM2019_ENDO_2,2662,4
RAM2019_ENDO_2,2663,5
RAM2019_ENDO_2,2664,6
RAM2019_ENDO_2,2665,4
RAM2019_ENDO_2,2666,4
RAM2019_ENDO_2,2667,2
RAM2019_ENDO_2,2668,5
RAM2019_ENDO_2,2669,4
RAM2019_ENDO_2,2670,4
RAM2019_ENDO_2,2671,4
RAM2019_ENDO_2,2672,3
RAM2019_ENDO_2,2673,5
RAM2019_ENDO_2,2674,5
RAM2019_ENDO_2,2675,5
RAM2019_ENDO_2,2676,2
RAM2019_ENDO_2,2677,7
RAM2019_ENDO_2,2678,5
RAM2019_ENDO_2,2679,9
RAM2019_ENDO_2,2680,3
RAM2019_ENDO_2,2681,3
RAM2019_ENDO_2,2682,4
RAM2019_ENDO_2,2683,4
RAM2019_ENDO_2,2684,8
RAM2019_ENDO_2,2685,2
RAM2019_ENDO_2,2686,3
RAM2019_ENDO_2,2687,1
RAM2019_ENDO_2,2688,4
RAM2019_ENDO_2,2689,8
RAM2019_ENDO_2,2690,1
RAM2019_ENDO_2,2691,10
RAM2019_ENDO_2,2692,3
RAM2019_ENDO_2,2693,4
RAM2019_ENDO_2,2694,4
RAM2019_ENDO_2,2695,7
RAM2019_ENDO_2,2696,5
RAM2019_ENDO_2,2697,4
RAM2019_ENDO_2,2698,7
RAM2019_ENDO_2,2699,4
RAM2019_ENDO_2,2700,4
RAM2019_ENDO_2,2701,4
RAM2019_ENDO_2,2702,7
RAM2019_ENDO_2,2703,4
RAM2019_ENDO_2,2704,5
RAM2019_ENDO_2,2705,3
RAM2019_ENDO_2,2706,2
RAM2019_ENDO_2,2707,6
RAM2019_ENDO_2,2708,3
RAM2019_ENDO_2,2709,5
RAM2019_ENDO_2,2710,2
RAM2019_ENDO_2,2711,8
RAM2019_ENDO_2,2712,3
RAM2019_ENDO_2,2713,4
RAM2019_ENDO_2,2714,4
RAM2019_ENDO_2,2715,3
RAM2019_ENDO_2,2716,7
RAM2019_ENDO_2,2717,7
RAM2019_ENDO_2,2718,5
RAM2019_ENDO_2,2719,3
RAM2019_ENDO_2,2720,4
RAM2019_ENDO_2,2721,4
RAM2019_ENDO_2,2722,5
RAM2019_ENDO_2,2723,2
RAM2019_ENDO_2,2724,2
RAM2019_ENDO_2,2725,2
RAM2019_ENDO_2,2726,2
RAM2019_ENDO_2,2727,5
RAM2019_ENDO_2,2728,7
RAM2019_ENDO_2,2729,6
RAM2019_ENDO_2,2730,3
RAM2019_ENDO_2,2731,7
RAM2019_ENDO_2,2732,7
RAM2019_ENDO_2,2733,6
RAM2019_ENDO_2,2734,5
RAM2019_ENDO_2,2735,3
RAM2019_ENDO_2,2736,2
RAM2019_ENDO_2,2737,3
RAM2019_ENDO_2,2738,3
RAM2019_ENDO_2,2739,5
RAM2019_ENDO_2,2740,5
RAM2019_ENDO_2,2741,5
RAM2019_ENDO_2,2742,3
RAM2019_ENDO_2,2743,7
RAM2019_ENDO_2,2744,9
RAM2019_ENDO_2,2745,4
RAM2019_ENDO_2,2746,6
RAM2019_ENDO_2,2747,5
RAM2019_ENDO_2,2748,7
RAM2019_ENDO_2,2749,7
RAM2019_ENDO_2,2750,5
RAM2019_ENDO_2,2751,5
RAM2019_ENDO_2,2752,7
RAM2019_ENDO_2,2753,6
RAM2019_ENDO_2,2754,4
RAM2019_ENDO_2,2755,2
RAM2019_ENDO_2,2756,4
RAM2019_ENDO_2,2757,1
RAM2019_ENDO_2,2758,3
RAM2019_ENDO_2,2759,4
RAM2019_ENDO_2,2760,6
RAM2019_ENDO_2,2761,8
RAM2019_ENDO_2,2762,6
RAM2019_ENDO_2,2763,4
RAM2019_ENDO_2,2764,6
RAM2019_ENDO_2,2765,7
RAM2019_ENDO_2,2766,2
RAM2019_ENDO_2,2767,5
RAM2019_ENDO_2,2768,5
RAM2019_ENDO_2,2769,5
RAM2019_ENDO_2,2770,4
RAM2019_ENDO_2,2771,3
RAM2019_ENDO_2,2772,3
RAM2019_ENDO_2,2773,8
RAM2019_ENDO_2,2774,2
RAM2019_ENDO_2,2775,4
RAM2019_ENDO_2,2776,2
RAM2019_ENDO_2,2777,3
RAM2019_ENDO_2,2778,1
RAM2019_ENDO_2,2779,2
RAM2019_ENDO_2,2780,7
RAM2019_ENDO_2,2781,6
RAM2019_ENDO_2,2782,4
RAM2019_ENDO_2,2783,5
RAM2019_ENDO_2,2784,6
RAM2019_ENDO_2,2785,4
RAM2019_ENDO_2,2786,5
RAM2019_ENDO_2,2787,3
RAM2019_ENDO_2,2788,5
RAM2019_ENDO_2,2789,6
RAM2019_ENDO_2,2790,2
RAM2019_ENDO_2,2791,5
RAM2019_ENDO_2,2792,3
RAM2019_ENDO_2,2793,3
RAM2019_ENDO_2,2794,1
RAM2019_ENDO_2,2795,2
RAM2019_ENDO_2,2796,6
RAM2019_ENDO_2,2797,5
RAM2019_ENDO_2,2798,6
RAM2019_ENDO_2,2799,5
RAM2019_ENDO_2,2800,3
RAM2019_ENDO_2,2801,6
RAM2019_ENDO_2,2802,6
RAM2019_ENDO_2,2803,2
RAM2019_ENDO_2,2804,6
RAM2019_ENDO_2,2805,6
RAM2019_ENDO_2,2806,5
RAM2019_ENDO_2,2807,7
RAM2019_ENDO_2,2808,4
RAM2019_ENDO_2,2809,5
RAM2019_ENDO_2,2810,5
RAM2019_ENDO_2,2811,4
RAM2019_ENDO_2,2812,4
RAM2019_ENDO_2,2813,6
RAM2019_ENDO_2,2814,3
RAM2019_ENDO_2,2815,3
RAM2019_ENDO_2,2816,7
RAM2019_ENDO_2,2817,3
RAM2019_ENDO_2,2818,3
RAM2019_ENDO_2,2819,4
RAM2019_ENDO_2,2820,4
RAM2019_ENDO_2,2821,7
RAM2019_ENDO_2,2822,4
RAM2019_ENDO_2,2823,10
RAM2019_ENDO_2,2824,6
RAM2019_ENDO_2,2825,6
RAM2019_ENDO_2,2826,7
RAM2019_ENDO_2,2827,4
RAM2019_ENDO_2,2828,5
RAM2019_ENDO_2,2829,2
RAM2019_ENDO_2,2830,6
RAM2019_ENDO_2,2831,5
RAM2019_ENDO_2,2832,5
RAM2019_ENDO_2,2833,6
RAM2019_ENDO_2,2834,8
RAM2019_ENDO_2,2835,4
RAM2019_ENDO_2,2836,9
RAM2019_ENDO_2,2837,4
RAM2019_ENDO_2,2838,2
RAM2019_ENDO_2,2839,6
RAM2019_ENDO_2,2840,7
RAM2019_ENDO_2,2841,5
RAM2019_ENDO_2,2842,7
RAM2019_ENDO_2,2843,5
RAM2019_ENDO_2,2844,9
RAM2019_ENDO_2,2845,7
RAM2019_ENDO_2,2846,6
RAM2019_ENDO_2,2847,2
RAM2019_ENDO_2,2848,3
RAM2019_ENDO_2,2849,6
RAM2019_ENDO_2,2850,5
RAM2019_ENDO_2,2851,7
RAM2019_ENDO_2,2852,4
RAM2019_ENDO_2,2853,7
RAM2019_ENDO_2,2854,2
RAM2019_ENDO_2,2855,7
RAM2019_ENDO_2,2856,9
RAM2019_ENDO_2,2857,5
RAM2019_ENDO_2,2858,6
RAM2019_ENDO_2,2859,5
RAM2019_ENDO_2,2860,4
RAM2019_ENDO_2,2861,3
RAM2019_ENDO_2,2862,4
RAM2019_ENDO_2,2863,4
RAM2019_ENDO_2,2864,3
RAM2019_ENDO_2,2865,8
RAM2019_ENDO_2,2866,2
RAM2019_ENDO_2,2867,4
RAM2019_ENDO_2,2868,4
RAM2019_ENDO_2,2869,6
RAM2019_ENDO_2,2870,3
RAM2019_ENDO_2,2871,5
RAM2019_ENDO_2,2872,8
RAM2019_ENDO_2,2873,6
RAM2019_ENDO_2,2874,8
RAM2019_ENDO_2,2875,1
RAM2019_ENDO_2,2876,8
RAM2019_ENDO_2,2877,3
RAM2019_ENDO_2,2878,5
RAM2019_ENDO_2,2879,6
RAM2019_ENDO_2,2880,3
RAM2019_ENDO_2,2881,1
RAM2019_ENDO_2,2882,3
RAM2019_ENDO_2,2883,6
RAM2019_ENDO_2,2884,1
RAM2019_ENDO_2,2885,6
RAM2019_ENDO_2,2886,6
RAM2019_ENDO_2,2887,7
RAM2019_ENDO_2,2888,5
RAM2019_ENDO_2,2889,5
RAM2019_ENDO_2,2890,6
RAM2019_ENDO_2,2891,8
RAM2019_ENDO_2,2892,4
RAM2019_ENDO_2,2893,6
RAM2019_ENDO_2,2894,4
RAM2019_ENDO_2,2895,6
RAM2019_ENDO_2,2896,3
RAM2019_ENDO_2,2897,6
RAM2019_ENDO_2,2898,7
RAM2019_ENDO_2,2899,6
RAM2019_ENDO_2,2900,4
RAM2019_ENDO_2,2901,5
RAM2019_ENDO_2,2902,2
RAM2019_ENDO_2,2903,1
RAM2019_ENDO_2,2904,2
RAM2019_ENDO_2,2905,2
RAM2019_ENDO_2,2906,6
RAM2019_ENDO_2,2907,6
RAM2019_ENDO_2,2908,3
RAM2019_ENDO_2,2909,3
RAM2019_ENDO_2,2910,2
RAM2019_ENDO_2,2911,2
RAM2019_ENDO_2,2912,5
RAM2019_ENDO_2,2913,8
RAM2019_ENDO_2,2914,2
RAM2019_ENDO_2,2915,6
RAM2019_ENDO_2,2916,3
RAM2019_ENDO_2,2917,2
RAM2019_ENDO_2,2918,5
RAM2019_ENDO_2,2919,2
RAM2019_ENDO_2,2920,6
RAM2019_ENDO_2,2921,9
RAM2019_ENDO_2,2922,3
RAM2019_ENDO_2,2923,2
RAM2019_ENDO_2,2924,2
RAM2019_ENDO_2,2925,6
RAM2019_ENDO_2,2926,5
RAM2019_ENDO_2,2927,5
RAM2019_ENDO_2,2928,2
RAM2019_ENDO_2,2929,6
RAM2019_ENDO_2,2930,4
RAM2019_ENDO_2,2931,8
RAM2019_ENDO_2,2932,2
RAM2019_ENDO_2,2933,3
RAM2019_ENDO_2,2934,2
RAM2019_ENDO_2,2935,5
RAM2019_ENDO_2,2936,4
RAM2019_ENDO_2,2937,5
RAM2019_ENDO_2,2938,5
RAM2019_ENDO_2,2939,3
RAM2019_ENDO_2,2940,3
RAM2019_ENDO_2,2941,7
RAM2019_ENDO_2,2942,4
RAM2019_ENDO_2,2943,5
RAM2019_ENDO_2,2944,8
RAM2019_ENDO_2,2945,8
RAM2019_ENDO_2,2946,6
RAM2019_ENDO_2,2947,6
RAM2019_ENDO_2,2948,6
RAM2019_ENDO_2,2949,2
RAM2019_ENDO_2,2950,5
RAM2019_ENDO_2,2951,6
RAM2019_ENDO_2,2952,5
RAM2019_ENDO_2,2953,3
RAM2019_ENDO_2,2954,7
RAM2019_ENDO_2,2955,6
RAM2019_ENDO_2,2956,4
RAM2019_ENDO_2,2957,4
RAM2019_ENDO_2,2958,6
RAM2019_ENDO_2,2959,5
RAM2019_ENDO_2,2960,2
RAM2019_ENDO_2,2961,3
RAM2019_ENDO_2,2962,1
RAM2019_ENDO_2,2963,8
RAM2019_ENDO_2,2964,6
RAM2019_ENDO_2,2965,2
RAM2019_ENDO_2,2966,2
RAM2019_ENDO_2,2967,6
RAM2019_ENDO_2,2968,5
RAM2019_ENDO_2,2969,4
RAM2019_ENDO_2,2970,1
RAM2019_ENDO_2,2971,4
RAM2019_ENDO_2,2972,11
RAM2019_ENDO_2,2973,4
RAM2019_ENDO_2,2974,1
RAM2019_ENDO_2,2975,6
RAM2019_ENDO_2,2976,2
RAM2019_ENDO_2,2977,5
RAM2019_ENDO_2,2978,4
RAM2019_ENDO_2,2979,3
RAM2019_ENDO_2,2980,7
RAM2019_ENDO_2,2981,4
RAM2019_ENDO_2,2982,3
RAM2019_ENDO_2,2983,6
RAM2019_ENDO_2,2984,5
RAM2019_ENDO_2,2985,3
RAM2019_ENDO_2,2986,8
RAM2019_ENDO_2,2987,1
RAM2019_ENDO_2,2988,10
RAM2019_ENDO_2,2989,5
RAM2019_ENDO_2,2990,2
RAM2019_ENDO_2,2991,2
RAM2019_ENDO_2,2992,7
RAM2019_ENDO_2,2993,1
RAM2019_ENDO_2,2994,3
RAM2019_ENDO_2,2995,4
RAM2019_ENDO_2,2996,4
RAM2019_ENDO_2,2997,3
RAM2019_ENDO_2,2998,7
RAM2019_ENDO_2,2999,7
RAM2019_ENDO_2,3000,3
RAM2019_ENDO_2,3001,6
RAM2019_ENDO_2,3002,8
RAM2019_ENDO_2,3003,4
RAM2019_ENDO_2,3004,6
RAM2019_ENDO_2,3005,3
RAM2019_ENDO_2,3006,7
RAM2019_ENDO_2,3007,7
RAM2019_ENDO_2,3008,5
RAM2019_ENDO_2,3009,6
RAM2019_ENDO_2,3010,4
RAM2019_ENDO_2,3011,6
RAM2019_ENDO_2,3012,3
RAM2019_ENDO_2,3013,6
RAM2019_ENDO_2,3014,4
RAM2019_ENDO_2,3015,5
RAM2019_ENDO_2,3016,5
RAM2019_ENDO_2,3017,6
RAM2019_ENDO_2,3018,5
RAM2019_ENDO_2,3019,4
RAM2019_ENDO_2,3020,6
RAM2019_ENDO_2,3021,5
RAM2019_ENDO_2,3022,2
RAM2019_ENDO_2,3023,7
RAM2019_ENDO_2,3024,5
RAM2019_ENDO_2,3025,6
RAM2019_ENDO_2,3026,9
RAM2019_ENDO_2,3027,3
RAM2019_ENDO_2,3028,4
RAM2019_ENDO_2,3029,2
RAM2019_ENDO_2,3030,5
RAM2019_ENDO_2,3031,5
RAM2019_ENDO_2,3032,4
RAM2019_ENDO_2,3033,1
RAM2019_ENDO_2,3034,3
RAM2019_ENDO_2,3035,9
RAM2019_ENDO_2,3036,4
RAM2019_ENDO_2,3037,5
RAM2019_ENDO_2,3038,6
RAM2019_ENDO_2,3039,3
RAM2019_ENDO_2,3040,4
RAM2019_ENDO_2,3041,6
RAM2019_ENDO_2,3042,7
RAM2019_ENDO_2,3043,3
RAM2019_ENDO_2,3044,3
RAM2019_ENDO_2,3045,7
RAM2019_ENDO_2,3046,1
RAM2019_ENDO_2,3047,3
RAM2019_ENDO_2,3048,6
RAM2019_ENDO_2,3049,4
RAM2019_ENDO_2,3050,5
RAM2019_ENDO_2,3051,6
RAM2019_ENDO_2,3052,2
RAM2019_ENDO_2,3053,7
RAM2019_ENDO_2,3054,2
RAM2019_ENDO_2,3055,5
RAM2019_ENDO_2,3056,4
RAM2019_ENDO_2,3057,4
RAM2019_ENDO_2,3058,7
RAM2019_ENDO_2,3059,3
RAM2019_ENDO_2,3060,4
RAM2019_ENDO_2,3061,2
RAM2019_ENDO_2,3062,6
RAM2019_ENDO_2,3063,4
RAM2019_ENDO_2,3064,3
RAM2019_ENDO_2,3065,5
RAM2019_ENDO_2,3066,3
RAM2019_ENDO_2,3067,4
RAM2019_ENDO_2,3068,4
RAM2019_ENDO_2,3069,5
RAM2019_ENDO_2,3070,6
RAM2019_ENDO_2,3071,4
RAM2019_ENDO_2,3072,4
RAM2019_ENDO_2,3073,3
RAM2019_ENDO_2,3074,3
RAM2019_ENDO_2,3075,4
RAM2019_ENDO_2,3076,5
RAM2019_ENDO_2,3077,5
RAM2019_ENDO_2,3078,4
RAM2019_ENDO_2,3079,5
RAM2019_ENDO_2,3080,5
RAM2019_ENDO_2,3081,5
RAM2019_ENDO_2,3082,4
RAM2019_ENDO_2,3083,4
RAM2019_ENDO_2,3084,2
RAM2019_ENDO_2,3085,9
RAM2019_ENDO_2,3086,5
RAM2019_ENDO_2,3087,1
RAM2019_ENDO_2,3088,4
RAM2019_ENDO_2,3089,4
RAM2019_ENDO_2,3090,5
RAM2019_ENDO_2,3091,6
RAM2019_ENDO_2,3092,5
RAM2019_ENDO_2,3093,3
RAM2019_ENDO_2,3094,1
RAM2019_ENDO_2,3095,2
RAM2019_ENDO_2,3096,3
RAM2019_ENDO_2,3097,5
RAM2019_ENDO_2,3098,5
RAM2019_ENDO_2,3099,3
RAM2019_ENDO_2,3100,4
RAM2019_ENDO_2,3101,2
RAM2019_ENDO_2,3102,4
RAM2019_ENDO_2,3103,5
RAM2019_ENDO_2,3104,6
RAM2019_ENDO_2,3105,1
RAM2019_ENDO_2,3106,5
RAM2019_ENDO_2,3107,6
RAM2019_ENDO_2,3108,3
RAM2019_ENDO_2,3109,5
RAM2019_ENDO_2,3110,4
RAM2019_ENDO_2,3111,1
RAM2019_ENDO_2,3112,2
RAM2019_ENDO_2,3113,5
RAM2019_ENDO_2,3114,4
RAM2019_ENDO_2,3115,2
RAM2019_ENDO_2,3116,4
RAM2019_ENDO_2,3117,3
RAM2019_ENDO_2,3118,7
RAM2019_ENDO_2,3119,5
RAM2019_ENDO_2,3120,6
RAM2019_ENDO_2,3121,1
RAM2019_ENDO_2,3122,6
RAM2019_ENDO_2,3123,2
RAM2019_ENDO_2,3124,3
RAM2019_ENDO_2,3125,8
RAM2019_ENDO_2,3126,7
RAM2019_ENDO_2,3127,3
RAM2019_ENDO_2,3128,1
RAM2019_ENDO_2,3129,2
RAM2019_ENDO_2,3130,6
RAM2019_ENDO_2,3131,7
RAM2019_ENDO_2,3132,3
RAM2019_ENDO_2,3133,4
RAM2019_ENDO_2,3134,7
RAM2019_ENDO_2,3135,4
RAM2019_ENDO_2,3136,4
RAM2019_ENDO_2,3137,2
RAM2019_ENDO_2,3138,6
RAM2019_ENDO_2,3139,4
RAM2019_ENDO_2,3140,6
RAM2019_ENDO_2,3141,6
RAM2019_ENDO_2,3142,9
RAM2019_ENDO_2,3143,2
RAM2019_ENDO_2,3144,4
RAM2019_ENDO_2,3145,3
RAM2019_ENDO_2,3146,4
RAM2019_ENDO_2,3147,8
RAM2019_ENDO_2,3148,2
RAM2019_ENDO_2,3149,6
RAM2019_ENDO_2,3150,1
RAM2019_ENDO_2,3151,5
RAM2019_ENDO_2,3152,5
RAM2019_ENDO_2,3153,3
RAM2019_ENDO_2,3154,3
RAM2019_ENDO_2,3155,3
RAM2019_ENDO_2,3156,5
RAM2019_ENDO_2,3157,3
RAM2019_ENDO_2,3158,3
RAM2019_ENDO_2,3159,6
RAM2019_ENDO_2,3160,4
RAM2019_ENDO_2,3161,4
RAM2019_ENDO_2,3162,2
RAM2019_ENDO_2,3163,6
RAM2019_ENDO_2,3164,3
RAM2019_ENDO_2,3165,5
RAM2019_ENDO_2,3166,3
RAM2019_ENDO_2,3167,3
RAM2019_ENDO_2,3168,6
RAM2019_ENDO_2,3169,5
RAM2019_ENDO_2,3170,3
RAM2019_ENDO_2,3171,6
RAM2019_ENDO_2,3172,6
RAM2019_ENDO_2,3173,2
RAM2019_ENDO_2,3174,7
RAM2019_ENDO_2,3175,4
RAM2019_ENDO_2,3176,2
RAM2019_ENDO_2,3177,10
RAM2019_ENDO_2,3178,6
RAM2019_ENDO_2,3179,3
RAM2019_ENDO_2,3180,4
RAM2019_ENDO_2,3181,3
RAM2019_ENDO_2,3182,2
RAM2019_ENDO_2,3183,6
RAM2019_ENDO_2,3184,1
RAM2019_ENDO_2,3185,4
RAM2019_ENDO_2,3186,6
RAM2019_ENDO_2,3187,6
RAM2019_ENDO_2,3188,6
RAM2019_ENDO_2,3189,2
RAM2019_ENDO_2,3190,3
RAM2019_ENDO_2,3191,4
RAM2019_ENDO_2,3192,7
RAM2019_ENDO_2,3193,2
RAM2019_ENDO_2,3194,3
RAM2019_ENDO_2,3195,5
RAM2019_ENDO_2,3196,5
RAM2019_ENDO_2,3197,3
RAM2019_ENDO_2,3198,2
RAM2019_ENDO_2,3199,8
RAM2019_ENDO_2,3200,6
RAM2019_ENDO_2,3201,8
RAM2019_ENDO_2,3202,4
RAM2019_ENDO_2,3203,4
RAM2019_ENDO_2,3204,5
RAM2019_ENDO_2,3205,8
RAM2019_ENDO_2,3206,2
RAM2019_ENDO_2,3207,3
RAM2019_ENDO_2,3208,3
RAM2019_ENDO_2,3209,3
RAM2019_ENDO_2,3210,8
RAM2019_ENDO_2,3211,0
RAM2019_ENDO_2,3212,6
RAM2019_ENDO_2,3213,6
RAM2019_ENDO_2,3214,3
RAM2019_ENDO_2,3215,9
RAM2019_ENDO_2,3216,2
RAM2019_ENDO_2,3217,3
RAM2019_ENDO_2,3218,4
RAM2019_ENDO_2,3219,4
RAM2019_ENDO_2,3220,6
RAM2019_ENDO_2,3221,2
RAM2019_ENDO_2,3222,1
RAM2019_ENDO_2,3223,2
RAM2019_ENDO_2,3224,1
RAM2019_ENDO_2,3225,4
RAM2019_ENDO_2,3226,5
RAM2019_ENDO_2,3227,3
RAM2019_ENDO_2,3228,8
RAM2019_ENDO_2,3229,3
RAM2019_ENDO_2,3230,1
RAM2019_ENDO_2,3231,4
RAM2019_ENDO_2,3232,5
RAM2019_ENDO_2,3233,4
RAM2019_ENDO_2,3234,5
RAM2019_ENDO_2,3235,8
RAM2019_ENDO_2,3236,9
RAM2019_ENDO_2,3237,4
RAM2019_ENDO_2,3238,5
RAM2019_ENDO_2,3239,2
RAM2019_ENDO_2,3240,4
RAM2019_ENDO_2,3241,2
RAM2019_ENDO_2,3242,4
RAM2019_ENDO_2,3243,4
RAM2019_ENDO_2,3244,4
RAM2019_ENDO_2,3245,5
RAM2019_ENDO_2,3246,3
RAM2019_ENDO_2,3247,2
RAM2019_ENDO_2,3248,3
RAM2019_ENDO_2,3249,3
RAM2019_ENDO_2,3250,4
RAM2019_ENDO_2,3251,6
RAM2019_ENDO_2,3252,3
RAM2019_ENDO_2,3253,6
RAM2019_ENDO_2,3254,2
RAM2019_ENDO_2,3255,3
RAM2019_ENDO_2,3256,7
RAM2019_ENDO_2,3257,1
RAM2019_ENDO_2,3258,6
RAM2019_ENDO_2,3259,4
RAM2019_ENDO_2,3260,3
RAM2019_ENDO_2,3261,8
RAM2019_ENDO_2,3262,5
RAM2019_ENDO_2,3263,4
RAM2019_ENDO_2,3264,8
RAM2019_ENDO_2,3265,5
RAM2019_ENDO_2,3266,8
RAM2019_ENDO_2,3267,2
RAM2019_ENDO_2,3268,4
RAM2019_ENDO_2,3269,3
RAM2019_ENDO_2,3270,8
RAM2019_ENDO_2,3271,6
RAM2019_ENDO_2,3272,5
RAM2019_ENDO_2,3273,5
RAM2019_ENDO_2,3274,4
RAM2019_ENDO_2,3275,2
RAM2019_ENDO_2,3276,3
RAM2019_ENDO_2,3277,3
RAM2019_ENDO_2,3278,1
RAM2019_ENDO_2,3279,5
RAM2019_ENDO_2,3280,3
RAM2019_ENDO_2,3281,5
RAM2019_ENDO_2,3282,6
RAM2019_ENDO_2,3283,3
RAM2019_ENDO_2,3284,5
RAM2019_ENDO_2,3285,7
RAM2019_ENDO_2,3286,3
RAM2019_ENDO_2,3287,6
RAM2019_ENDO_2,3288,2
RAM2019_ENDO_2,3289,3
RAM2019_ENDO_2,3290,5
RAM2019_ENDO_2,3291,4
RAM2019_ENDO_2,3292,5
RAM2019_ENDO_2,3293,3
RAM2019_ENDO_2,3294,3
RAM2019_ENDO_2,3295,0
RAM2019_ENDO_2,3296,2
RAM2019_ENDO_2,3297,4
RAM2019_ENDO_2,3298,2
RAM2019_ENDO_2,3299,3
RAM2019_ENDO_2,3300,8
RAM2019_ENDO_2,3301,3
RAM2019_ENDO_2,3302,1
RAM2019_ENDO_2,3303,2
RAM2019_ENDO_2,3304,6
RAM2019_ENDO_2,3305,4
RAM2019_ENDO_2,3306,5
RAM2019_ENDO_2,3307,5
RAM2019_ENDO_2,3308,3
RAM2019_ENDO_2,3309,3
RAM2019_ENDO_2,3310,2
RAM2019_ENDO_2,3311,4
RAM2019_ENDO_2,3312,4
RAM2019_ENDO_2,3313,1
RAM2019_ENDO_2,3314,5
RAM2019_ENDO_2,3315,3
RAM2019_ENDO_2,3316,4
RAM2019_ENDO_2,3317,4
RAM2019_ENDO_2,3318,3
RAM2019_ENDO_2,3319,4
RAM2019_ENDO_2,3320,6
RAM2019_ENDO_2,3321,2
RAM2019_ENDO_2,3322,2
RAM2019_ENDO_2,3323,8
RAM2019_ENDO_2,3324,2
RAM2019_ENDO_2,3325,6
RAM2019_ENDO_2,3326,7
RAM2019_ENDO_2,3327,5
RAM2019_ENDO_2,3328,3
RAM2019_ENDO_2,3329,7
RAM2019_ENDO_2,3330,6
RAM2019_ENDO_2,3331,3
RAM2019_ENDO_2,3332,4
RAM2019_ENDO_2,3333,4
RAM2019_ENDO_2,3334,9
RAM2019_ENDO_2,3335,5
RAM2019_ENDO_2,3336,1
RAM2019_ENDO_2,3337,3
RAM2019_ENDO_2,3338,2
RAM2019_ENDO_2,3339,5
RAM2019_ENDO_2,3340,6
RAM2019_ENDO_2,3341,3
RAM2019_ENDO_2,3342,3
RAM2019_ENDO_2,3343,4
RAM2019_ENDO_2,3344,9
RAM2019_ENDO_2,3345,8
RAM2019_ENDO_2,3346,4
RAM2019_ENDO_2,3347,8
RAM2019_ENDO_2,3348,3
RAM2019_ENDO_2,3349,5
RAM2019_ENDO_2,3350,7
RAM2019_ENDO_2,3351,4
RAM2019_ENDO_2,3352,3
RAM2019_ENDO_2,3353,3
RAM2019_ENDO_2,3354,6
RAM2019_ENDO_2,3355,3
RAM2019_ENDO_2,3356,6
RAM2019_ENDO_2,3357,3
RAM2019_ENDO_2,3358,5
RAM2019_ENDO_2,3359,3
RAM2019_ENDO_2,3360,5
RAM2019_ENDO_2,3361,7
RAM2019_ENDO_2,3362,4
RAM2019_ENDO_2,3363,2
RAM2019_ENDO_2,3364,8
RAM2019_ENDO_2,3365,5
RAM2019_ENDO_2,3366,7
RAM2019_ENDO_2,3367,3
RAM2019_ENDO_2,3368,6
RAM2019_ENDO_2,3369,5
RAM2019_ENDO_2,3370,5
RAM2019_ENDO_2,3371,4
RAM2019_ENDO_2,3372,3
RAM2019_ENDO_2,3373,5
RAM2019_ENDO_2,3374,3
RAM2019_ENDO_2,3375,4
RAM2019_ENDO_2,3376,5
RAM2019_ENDO_2,3377,7
RAM2019_ENDO_2,3378,4
RAM2019_ENDO_2,3379,4
RAM2019_ENDO_2,3380,1
RAM2019_ENDO_2,3381,2
RAM2019_ENDO_2,3382,4
RAM2019_ENDO_2,3383,7
RAM2019_ENDO_2,3384,3
RAM2019_ENDO_2,3385,5
RAM2019_ENDO_2,3386,1
RAM2019_ENDO_2,3387,4
RAM2019_ENDO_2,3388,6
RAM2019_ENDO_2,3389,7
RAM2019_ENDO_2,3390,2
RAM2019_ENDO_2,3391,6
RAM2019_ENDO_2,3392,1
RAM2019_ENDO_2,3393,5
RAM2019_ENDO_2,3394,6
RAM2019_ENDO_2,3395,6
RAM2019_ENDO_2,3396,8
RAM2019_ENDO_2,3397,2
RAM2019_ENDO_2,3398,5
RAM2019_ENDO_2,3399,2
RAM2019_ENDO_2,3400,3
RAM2019_ENDO_2,3401,3
RAM2019_ENDO_2,3402,5
RAM2019_ENDO_2,3403,3
RAM2019_ENDO_2,3404,4
RAM2019_ENDO_2,3405,2
RAM2019_ENDO_2,3406,5
RAM2019_ENDO_2,3407,2
RAM2019_ENDO_2,3408,3
RAM2019_ENDO_2,3409,3
RAM2019_ENDO_2,3410,6
RAM2019_ENDO_2,3411,5
RAM2019_ENDO_2,3412,4
RAM2019_ENDO_2,3413,3
RAM2019_ENDO_2,3414,2
RAM2019_ENDO_2,3415,3
RAM2019_ENDO_2,3416,4
RAM2019_ENDO_2,3417,6
RAM2019_ENDO_2,3418,6
RAM2019_ENDO_2,3419,4
RAM2019_ENDO_2,3420,4
RAM2019_ENDO_2,3421,3
RAM2019_ENDO_2,3422,2
RAM2019_ENDO_2,3423,6
RAM2019_ENDO_2,3424,5
RAM2019_ENDO_2,3425,5
RAM2019_ENDO_2,3426,8
RAM2019_ENDO_2,3427,5
RAM2019_ENDO_2,3428,2
RAM2019_ENDO_2,3429,3
RAM2019_ENDO_2,3430,3
RAM2019_ENDO_2,3431,1
RAM2019_ENDO_2,3432,0
RAM2019_ENDO_2,3433,6
RAM2019_ENDO_2,3434,3
RAM2019_ENDO_2,3435,5
RAM2019_ENDO_2,3436,6
RAM2019_ENDO_2,3437,1
RAM2019_ENDO_2,3438,5
RAM2019_ENDO_2,3439,5
RAM2019_ENDO_2,3440,7
RAM2019_ENDO_2,3441,2
RAM2019_ENDO_2,3442,2
RAM2019_ENDO_2,3443,3
RAM2019_ENDO_2,3444,5
RAM2019_ENDO_2,3445,2
RAM2019_ENDO_2,3446,3
RAM2019_ENDO_2,3447,7
RAM2019_ENDO_2,3448,4
RAM2019_ENDO_2,3449,4
RAM2019_ENDO_2,3450,6
RAM2019_ENDO_2,3451,8
RAM2019_ENDO_2,3452,7
RAM2019_ENDO_2,3453,5
RAM2019_ENDO_2,3454,9
RAM2019_ENDO_2,3455,8
RAM2019_ENDO_2,3456,3
RAM2019_ENDO_2,3457,1
RAM2019_ENDO_2,3458,5
RAM2019_ENDO_2,3459,4
RAM2019_ENDO_2,3460,3
RAM2019_ENDO_2,3461,6
RAM2019_ENDO_2,3462,4
RAM2019_ENDO_2,3463,7
RAM2019_ENDO_2,3464,2
RAM2019_ENDO_2,3465,8
RAM2019_ENDO_2,3466,6
RAM2019_ENDO_2,3467,7
RAM2019_ENDO_2,3468,6
RAM2019_ENDO_2,3469,3
RAM2019_ENDO_2,3470,5
RAM2019_ENDO_2,3471,6
RAM2019_ENDO_2,3472,5
RAM2019_ENDO_2,3473,3
RAM2019_ENDO_2,3474,6
RAM2019_ENDO_2,3475,5
RAM2019_ENDO_2,3476,1
RAM2019_ENDO_2,3477,7
RAM2019_ENDO_2,3478,6
RAM2019_ENDO_2,3479,1
RAM2019_ENDO_2,3480,5
RAM2019_ENDO_2,3481,4
RAM2019_ENDO_2,3482,0
RAM2019_ENDO_2,3483,5
RAM2019_ENDO_2,3484,3
RAM2019_ENDO_2,3485,5
RAM2019_ENDO_2,3486,3
RAM2019_ENDO_2,3487,7
RAM2019_ENDO_2,3488,5
RAM2019_ENDO_2,3489,3
RAM2019_ENDO_2,3490,1
RAM2019_ENDO_2,3491,5
RAM2019_ENDO_2,3492,5
RAM2019_ENDO_2,3493,1
RAM2019_ENDO_2,3494,4
RAM2019_ENDO_2,3495,3
RAM2019_ENDO_2,3496,4
RAM2019_ENDO_2,3497,8
RAM2019_ENDO_2,3498,5
RAM2019_ENDO_2,3499,3
RAM2019_ENDO_2,3500,1
RAM2019_ENDO_2,3501,6
RAM2019_ENDO_2,3502,4
RAM2019_ENDO_2,3503,2
RAM2019_ENDO_2,3504,6
RAM2019_ENDO_2,3505,3
RAM2019_ENDO_2,3506,8
RAM2019_ENDO_2,3507,8
RAM2019_ENDO_2,3508,7
RAM2019_ENDO_2,3509,6
RAM2019_ENDO_2,3510,6
RAM2019_ENDO_2,3511,4
RAM2019_ENDO_2,3512,6
RAM2019_ENDO_2,3513,4
RAM2019_ENDO_2,3514,5
RAM2019_ENDO_2,3515,4
RAM2019_ENDO_2,3516,9
RAM2019_ENDO_2,3517,5
RAM2019_ENDO_2,3518,4
RAM2019_ENDO_2,3519,4
RAM2019_ENDO_2,3520,1
RAM2019_ENDO_2,3521,1
RAM2019_ENDO_2,3522,7
RAM2019_ENDO_2,3523,4
RAM2019_ENDO_2,3524,6
RAM2019_ENDO_2,3525,5
RAM2019_ENDO_2,3526,2
RAM2019_ENDO_2,3527,4
RAM2019_ENDO_2,3528,6
RAM2019_ENDO_2,3529,2
RAM2019_ENDO_2,3530,3
RAM2019_ENDO_2,3531,6
RAM2019_ENDO_2,3532,3
RAM2019_ENDO_2,3533,6
RAM2019_ENDO_2,3534,5
RAM2019_ENDO_2,3535,5
RAM2019_ENDO_2,3536,3
RAM2019_ENDO_2,3537,1
RAM2019_ENDO_2,3538,3
RAM2019_ENDO_2,3539,1
RAM2019_ENDO_2,3540,4
RAM2019_ENDO_2,3541,3
RAM2019_ENDO_2,3542,2
RAM2019_ENDO_2,3543,2
RAM2019_ENDO_2,3544,3
RAM2019_ENDO_2,3545,5
RAM2019_ENDO_2,3546,7
RAM2019_ENDO_2,3547,7
RAM2019_ENDO_2,3548,7
RAM2019_ENDO_2,3549,0
RAM2019_ENDO_2,3550,5
RAM2019_ENDO_2,3551,3
RAM2019_ENDO_2,3552,3
RAM2019_ENDO_2,3553,1
RAM2019_ENDO_2,3554,3
RAM2019_ENDO_2,3555,8
RAM2019_ENDO_2,3556,1
RAM2019_ENDO_2,3557,5
RAM2019_ENDO_2,3558,3
RAM2019_ENDO_2,3559,6
RAM2019_ENDO_2,3560,4
RAM2019_ENDO_2,3561,3
RAM2019_ENDO_2,3562,2
RAM2019_ENDO_2,3563,4
RAM2019_ENDO_2,3564,4
RAM2019_ENDO_2,3565,5
RAM2019_ENDO_2,3566,3
RAM2019_ENDO_2,3567,2
RAM2019_ENDO_2,3568,4
RAM2019_ENDO_2,3569,5
RAM2019_ENDO_2,3570,2
RAM2019_ENDO_2,3571,8
RAM2019_ENDO_2,3572,6
RAM2019_ENDO_2,3573,7
RAM2019_ENDO_2,3574,1
RAM2019_ENDO_2,3575,2
RAM2019_ENDO_2,3576,6
RAM2019_ENDO_2,3577,7
RAM2019_ENDO_2,3578,2
RAM2019_ENDO_2,3579,0
RAM2019_ENDO_2,3580,2
RAM2019_ENDO_2,3581,6
RAM2019_ENDO_2,3582,7
RAM2019_ENDO_2,3583,3
RAM2019_ENDO_2,3584,2
RAM2019_ENDO_2,3585,6
RAM2019_ENDO_2,3586,3
RAM2019_ENDO_2,3587,5
RAM2019_ENDO_2,3588,7
RAM2019_ENDO_2,3589,4
RAM2019_ENDO_2,3590,2
RAM2019_ENDO_2,3591,6
RAM2019_ENDO_2,3592,5
RAM2019_ENDO_2,3593,6
RAM2019_ENDO_2,3594,2
RAM2019_ENDO_2,3595,8
RAM2019_ENDO_2,3596,7
RAM2019_ENDO_2,3597,4
RAM2019_ENDO_2,3598,4
RAM2019_ENDO_2,3599,9
RAM2019_ENDO_2,3600,4
RAM2019_ENDO_2,3601,3
RAM2019_ENDO_2,3602,5
RAM2019_ENDO_2,3603,5
RAM2019_ENDO_2,3604,3
RAM2019_ENDO_2,3605,8
RAM2019_ENDO_2,3606,3
RAM2019_ENDO_2,3607,6
RAM2019_ENDO_2,3608,4
RAM2019_ENDO_2,3609,4
RAM2019_ENDO_2,3610,8
RAM2019_ENDO_2,3611,4
RAM2019_ENDO_2,3612,4
RAM2019_ENDO_2,3613,3
RAM2019_ENDO_2,3614,6
RAM2019_ENDO_2,3615,1
RAM2019_ENDO_2,3616,2
RAM2019_ENDO_2,3617,5
RAM2019_ENDO_2,3618,3
RAM2019_ENDO_2,3619,3
RAM2019_ENDO_2,3620,1
RAM2019_ENDO_2,3621,4
RAM2019_ENDO_2,3622,4
RAM2019_ENDO_2,3623,4
RAM2019_ENDO_2,3624,6
RAM2019_ENDO_2,3625,5
RAM2019_ENDO_2,3626,6
RAM2019_ENDO_2,3627,3
RAM2019_ENDO_2,3628,5
RAM2019_ENDO_2,3629,2
RAM2019_ENDO_2,3630,4
RAM2019_ENDO_2,3631,6
RAM2019_ENDO_2,3632,3
RAM2019_ENDO_2,3633,4
RAM2019_ENDO_2,3634,2
RAM2019_ENDO_2,3635,5
RAM2019_ENDO_2,3636,3
RAM2019_ENDO_2,3637,4
RAM2019_ENDO_2,3638,4
RAM2019_ENDO_2,3639,3
RAM2019_ENDO_2,3640,5
RAM2019_ENDO_2,3641,5
RAM2019_ENDO_2,3642,6
RAM2019_ENDO_2,3643,4
RAM2019_ENDO_2,3644,5
RAM2019_ENDO_2,3645,2
RAM2019_ENDO_2,3646,5
RAM2019_ENDO_2,3647,8
RAM2019_ENDO_2,3648,4
RAM2019_ENDO_2,3649,2
RAM2019_ENDO_2,3650,6
RAM2019_ENDO_2,3651,3
RAM2019_ENDO_2,3652,5
RAM2019_ENDO_2,3653,5
RAM2019_ENDO_2,3654,3
RAM2019_ENDO_2,3655,3
RAM2019_ENDO_2,3656,6
RAM2019_ENDO_2,3657,9
RAM2019_ENDO_2,3658,5
RAM2019_ENDO_2,3659,5
RAM2019_ENDO_2,3660,4
RAM2019_ENDO_2,3661,4
RAM2019_ENDO_2,3662,6
RAM2019_ENDO_2,3663,2
RAM2019_ENDO_2,3664,4
RAM2019_ENDO_2,3665,3
RAM2019_ENDO_2,3666,3
RAM2019_ENDO_2,3667,6
RAM2019_ENDO_2,3668,3
RAM2019_ENDO_2,3669,2
RAM2019_ENDO_2,3670,5
RAM2019_ENDO_2,3671,7
RAM2019_ENDO_2,3672,5
RAM2019_ENDO_2,3673,5
RAM2019_ENDO_2,3674,6
RAM2019_ENDO_2,3675,7
RAM2019_ENDO_2,3676,7
RAM2019_ENDO_2,3677,4
RAM2019_ENDO_2,3678,5
RAM2019_ENDO_2,3679,4
RAM2019_ENDO_2,3680,3
RAM2019_ENDO_2,3681,7
RAM2019_ENDO_2,3682,5
RAM2019_ENDO_2,3683,4
RAM2019_ENDO_2,3684,5
RAM2019_ENDO_2,3685,4
RAM2019_ENDO_2,3686,3
RAM2019_ENDO_2,3687,6
RAM2019_ENDO_2,3688,6
RAM2019_ENDO_2,3689,7
RAM2019_ENDO_2,3690,7
RAM2019_ENDO_2,3691,3
RAM2019_ENDO_2,3692,4
RAM2019_ENDO_2,3693,5
RAM2019_ENDO_2,3694,4
RAM2019_ENDO_2,3695,4
RAM2019_ENDO_2,3696,4
RAM2019_ENDO_2,3697,6
RAM2019_ENDO_2,3698,6
RAM2019_ENDO_2,3699,2
RAM2019_ENDO_2,3700,7
RAM2019_ENDO_2,3701,3
RAM2019_ENDO_2,3702,7
RAM2019_ENDO_2,3703,7
RAM2019_ENDO_2,3704,5
RAM2019_ENDO_2,3705,3
RAM2019_ENDO_2,3706,3
RAM2019_ENDO_2,3707,7
RAM2019_ENDO_2,3708,2
RAM2019_ENDO_2,3709,3
RAM2019_ENDO_2,3710,4
RAM2019_ENDO_2,3711,1
RAM2019_ENDO_2,3712,7
RAM2019_ENDO_2,3713,3
RAM2019_ENDO_2,3714,2
RAM2019_ENDO_2,3715,7
RAM2019_ENDO_2,3716,7
RAM2019_ENDO_2,3717,3
RAM2019_ENDO_2,3718,3
RAM2019_ENDO_2,3719,5
RAM2019_ENDO_2,3720,4
RAM2019_ENDO_2,3721,4
RAM2019_ENDO_2,3722,1
RAM2019_ENDO_2,3723,2
RAM2019_ENDO_2,3724,4
RAM2019_ENDO_2,3725,4
RAM2019_ENDO_2,3726,4
RAM2019_ENDO_2,3727,4
RAM2019_ENDO_2,3728,6
RAM2019_ENDO_2,3729,2
RAM2019_ENDO_2,3730,4
RAM2019_ENDO_2,3731,1
RAM2019_ENDO_2,3732,3
RAM2019_ENDO_2,3733,3
RAM2019_ENDO_2,3734,3
RAM2019_ENDO_2,3735,6
RAM2019_ENDO_2,3736,4
RAM2019_ENDO_2,3737,2
RAM2019_ENDO_2,3738,6
RAM2019_ENDO_2,3739,4
RAM2019_ENDO_2,3740,3
RAM2019_ENDO_2,3741,4
RAM2019_ENDO_2,3742,5
RAM2019_ENDO_2,3743,6
RAM2019_ENDO_2,3744,3
RAM2019_ENDO_2,3745,4
RAM2019_ENDO_2,3746,2
RAM2019_ENDO_2,3747,5
RAM2019_ENDO_2,3748,4
RAM2019_ENDO_2,3749,8
RAM2019_ENDO_2,3750,2
RAM2019_ENDO_2,3751,5
RAM2019_ENDO_2,3752,0
RAM2019_ENDO_2,3753,5
RAM2019_ENDO_2,3754,3
RAM2019_ENDO_2,3755,1
RAM2019_ENDO_2,3756,1
RAM2019_ENDO_2,3757,5
RAM2019_ENDO_2,3758,4
RAM2019_ENDO_2,3759,3
RAM2019_ENDO_2,3760,6
RAM2019_ENDO_2,3761,6
RAM2019_ENDO_2,3762,7
RAM2019_ENDO_2,3763,2
RAM2019_ENDO_2,3764,3
RAM2019_ENDO_2,3765,3
RAM2019_ENDO_2,3766,4
RAM2019_ENDO_2,3767,7
RAM2019_ENDO_2,3768,6
RAM2019_ENDO_2,3769,5
RAM2019_ENDO_2,3770,3
RAM2019_ENDO_2,3771,4
RAM2019_ENDO_2,3772,4
RAM2019_ENDO_2,3773,3
RAM2019_ENDO_2,3774,3
RAM2019_ENDO_2,3775,7
RAM2019_ENDO_2,3776,5
RAM2019_ENDO_2,3777,2
RAM2019_ENDO_2,3778,3
RAM2019_ENDO_2,3779,5
RAM2019_ENDO_2,3780,3
RAM2019_ENDO_2,3781,1
RAM2019_ENDO_2,3782,4
RAM2019_ENDO_2,3783,1
RAM2019_ENDO_2,3784,2
RAM2019_ENDO_2,3785,3
RAM2019_ENDO_2,3786,8
RAM2019_ENDO_2,3787,2
RAM2019_ENDO_2,3788,3
RAM2019_ENDO_2,3789,2
RAM2019_ENDO_2,3790,5
RAM2019_ENDO_2,3791,2
RAM2019_ENDO_2,3792,6
RAM2019_ENDO_2,3793,5
RAM2019_ENDO_2,3794,6
RAM2019_ENDO_2,3795,3
RAM2019_ENDO_2,3796,2
RAM2019_ENDO_2,3797,5
RAM2019_ENDO_2,3798,8
RAM2019_ENDO_2,3799,3
RAM2019_ENDO_2,3800,4
RAM2019_ENDO_2,3801,3
RAM2019_ENDO_2,3802,3
RAM2019_ENDO_2,3803,6
RAM2019_ENDO_2,3804,4
RAM2019_ENDO_2,3805,3
RAM2019_ENDO_2,3806,6
RAM2019_ENDO_2,3807,2
RAM2019_ENDO_2,3808,6
RAM2019_ENDO_2,3809,5
RAM2019_ENDO_2,3810,2
RAM2019_ENDO_2,3811,4
RAM2019_ENDO_2,3812,10
RAM2019_ENDO_2,3813,5
RAM2019_ENDO_2,3814,5
RAM2019_ENDO_2,3815,7
RAM2019_ENDO_2,3816,5
RAM2019_ENDO_2,3817,7
RAM2019_ENDO_2,3818,8
RAM2019_ENDO_2,3819,1
RAM2019_ENDO_2,3820,4
RAM2019_ENDO_2,3821,7
RAM2019_ENDO_2,3822,4
RAM2019_ENDO_2,3823,4
RAM2019_ENDO_2,3824,5
RAM2019_ENDO_2,3825,5
RAM2019_ENDO_2,3826,2
RAM2019_ENDO_2,3827,5
RAM2019_ENDO_2,3828,3
RAM2019_ENDO_2,3829,5
RAM2019_ENDO_2,3830,9
RAM2019_ENDO_2,3831,6
RAM2019_ENDO_2,3832,4
RAM2019_ENDO_2,3833,5
RAM2019_ENDO_2,3834,2
RAM2019_ENDO_2,3835,5
RAM2019_ENDO_2,3836,6
RAM2019_ENDO_2,3837,3
RAM2019_ENDO_2,3838,8
RAM2019_ENDO_2,3839,2
RAM2019_ENDO_2,3840,3
RAM2019_ENDO_2,3841,7
RAM2019_ENDO_2,3842,1
RAM2019_ENDO_2,3843,3
RAM2019_ENDO_2,3844,2
RAM2019_ENDO_2,3845,12
RAM2019_ENDO_2,3846,9
RAM2019_ENDO_2,3847,3
RAM2019_ENDO_2,3848,5
RAM2019_ENDO_2,3849,5
RAM2019_ENDO_2,3850,8
RAM2019_ENDO_2,3851,7
RAM2019_ENDO_2,3852,4
RAM2019_ENDO_2,3853,8
RAM2019_ENDO_2,3854,3
RAM2019_ENDO_2,3855,4
RAM2019_ENDO_2,3856,6
RAM2019_ENDO_2,3857,4
RAM2019_ENDO_2,3858,9
RAM2019_ENDO_2,3859,6
RAM2019_ENDO_2,3860,4
RAM2019_ENDO_2,3861,3
RAM2019_ENDO_2,3862,8
RAM2019_ENDO_2,3863,4
RAM2019_ENDO_2,3864,2
RAM2019_ENDO_2,3865,4
RAM2019_ENDO_2,3866,8
RAM2019_ENDO_2,3867,6
RAM2019_ENDO_2,3868,4
RAM2019_ENDO_2,3869,5
RAM2019_ENDO_2,3870,3
RAM2019_ENDO_2,3871,6
RAM2019_ENDO_2,3872,5
RAM2019_ENDO_2,3873,7
RAM2019_ENDO_2,3874,4
RAM2019_ENDO_2,3875,11
RAM2019_ENDO_2,3876,5
RAM2019_ENDO_2,3877,8
RAM2019_ENDO_2,3878,5
RAM2019_ENDO_2,3879,2
RAM2019_ENDO_2,3880,3
RAM2019_ENDO_2,3881,5
RAM2019_ENDO_2,3882,2
RAM2019_ENDO_2,3883,3
RAM2019_ENDO_2,3884,7
RAM2019_ENDO_2,3885,4
RAM2019_ENDO_2,3886,5
RAM2019_ENDO_2,3887,1
RAM2019_ENDO_2,3888,3
RAM2019_ENDO_2,3889,3
RAM2019_ENDO_2,3890,6
RAM2019_ENDO_2,3891,2
RAM2019_ENDO_2,3892,4
RAM2019_ENDO_2,3893,4
RAM2019_ENDO_2,3894,3
RAM2019_ENDO_2,3895,7
RAM2019_ENDO_2,3896,4
RAM2019_ENDO_2,3897,5
RAM2019_ENDO_2,3898,5
RAM2019_ENDO_2,3899,4
RAM2019_ENDO_2,3900,8
RAM2019_ENDO_2,3901,5
RAM2019_ENDO_2,3902,2
RAM2019_ENDO_2,3903,5
RAM2019_ENDO_2,3904,2
RAM2019_ENDO_2,3905,5
RAM2019_ENDO_2,3906,8
RAM2019_ENDO_2,3907,4
RAM2019_ENDO_2,3908,6
RAM2019_ENDO_2,3909,3
RAM2019_ENDO_2,3910,5
RAM2019_ENDO_2,3911,4
RAM2019_ENDO_2,3912,3
RAM2019_ENDO_2,3913,4
RAM2019_ENDO_2,3914,2
RAM2019_ENDO_2,3915,3
RAM2019_ENDO_2,3916,4
RAM2019_ENDO_2,3917,6
RAM2019_ENDO_2,3918,6
RAM2019_ENDO_2,3919,7
RAM2019_ENDO_2,3920,3
RAM2019_ENDO_2,3921,6
RAM2019_ENDO_2,3922,5
RAM2019_ENDO_2,3923,5
RAM2019_ENDO_2,3924,6
RAM2019_ENDO_2,3925,6
RAM2019_ENDO_2,3926,3
RAM2019_ENDO_2,3927,6
RAM2019_ENDO_2,3928,2
RAM2019_ENDO_2,3929,5
RAM2019_ENDO_2,3930,6
RAM2019_ENDO_2,3931,7
RAM2019_ENDO_2,3932,3
RAM2019_ENDO_2,3933,6
RAM2019_ENDO_2,3934,2
RAM2019_ENDO_2,3935,5
RAM2019_ENDO_2,3936,2
RAM2019_ENDO_2,3937,1
RAM2019_ENDO_2,3938,2
RAM2019_ENDO_2,3939,4
RAM2019_ENDO_2,3940,7
RAM2019_ENDO_2,3941,3
RAM2019_ENDO_2,3942,1
RAM2019_ENDO_2,3943,3
RAM2019_ENDO_2,3944,4
RAM2019_ENDO_2,3945,4
RAM2019_ENDO_2,3946,4
RAM2019_ENDO_2,3947,4
RAM2019_ENDO_2,3948,3
RAM2019_ENDO_2,3949,5
RAM2019_ENDO_2,3950,1
RAM2019_ENDO_2,3951,6
RAM2019_ENDO_2,3952,6
RAM2019_ENDO_2,3953,4
RAM2019_ENDO_2,3954,5
RAM2019_ENDO_2,3955,4
RAM2019_ENDO_2,3956,6
RAM2019_ENDO_2,3957,4
RAM2019_ENDO_2,3958,6
RAM2019_ENDO_2,3959,4
RAM2019_ENDO_2,3960,6
RAM2019_ENDO_2,3961,4
RAM2019_ENDO_2,3962,7
RAM2019_ENDO_2,3963,4
RAM2019_ENDO_2,3964,6
RAM2019_ENDO_2,3965,4
RAM2019_ENDO_2,3966,5
RAM2019_ENDO_2,3967,1
RAM2019_ENDO_2,3968,4
RAM2019_ENDO_2,3969,2
RAM2019_ENDO_2,3970,1
RAM2019_ENDO_2,3971,5
RAM2019_ENDO_2,3972,5
RAM2019_ENDO_2,3973,11
RAM2019_ENDO_2,3974,3
RAM2019_ENDO_2,3975,4
RAM2019_ENDO_2,3976,6
RAM2019_ENDO_2,3977,2
RAM2019_ENDO_2,3978,6
RAM2019_ENDO_2,3979,2
RAM2019_ENDO_2,3980,5
RAM2019_ENDO_2,3981,5
RAM2019_ENDO_2,3982,2
RAM2019_ENDO_2,3983,3
RAM2019_ENDO_2,3984,3
RAM2019_ENDO_2,3985,3
RAM2019_ENDO_2,3986,5
RAM2019_ENDO_2,3987,8
RAM2019_ENDO_2,3988,6
RAM2019_ENDO_2,3989,5
RAM2019_ENDO_2,3990,5
RAM2019_ENDO_2,3991,3
RAM2019_ENDO_2,3992,4
RAM2019_ENDO_2,3993,4
RAM2019_ENDO_2,3994,2
RAM2019_ENDO_2,3995,2
RAM2019_ENDO_2,3996,2
RAM2019_ENDO_2,3997,6
RAM2019_ENDO_2,3998,4
RAM2019_ENDO_2,3999,2
RAM2019_ENDO_2,4000,2
RAM2019_ENDO_2,4001,5
RAM2019_ENDO_2,4002,4
RAM2019_ENDO_2,4003,5
RAM2019_ENDO_2,4004,4
RAM2019_ENDO_2,4005,3
RAM2019_ENDO_2,4006,1
RAM2019_ENDO_2,4007,4
RAM2019_ENDO_2,4008,4
RAM2019_ENDO_2,4009,4
RAM2019_ENDO_2,4010,5
RAM2019_ENDO_2,4011,2
RAM2019_ENDO_2,4012,5
RAM2019_ENDO_2,4013,4
RAM2019_ENDO_2,4014,4
RAM2019_ENDO_2,4015,4
RAM2019_ENDO_2,4016,7
RAM2019_ENDO_2,4017,9
RAM2019_ENDO_2,4018,3
RAM2019_ENDO_2,4019,4
RAM2019_ENDO_2,4020,5
RAM2019_ENDO_2,4021,4
RAM2019_ENDO_2,4022,3
RAM2019_ENDO_2,4023,9
RAM2019_ENDO_2,4024,4
RAM2019_ENDO_2,4025,4
RAM2019_ENDO_2,4026,6
RAM2019_ENDO_2,4027,5
RAM2019_ENDO_2,4028,5
RAM2019_ENDO_2,4029,4
RAM2019_ENDO_2,4030,6
RAM2019_ENDO_2,4031,3
RAM2019_ENDO_2,4032,4
RAM2019_ENDO_2,4033,4
RAM2019_ENDO_2,4034,4
RAM2019_ENDO_2,4035,6
RAM2019_ENDO_2,4036,3
RAM2019_ENDO_2,4037,8
RAM2019_ENDO_2,4038,3
RAM2019_ENDO_2,4039,6
RAM2019_ENDO_2,4040,3
RAM2019_ENDO_2,4041,3
RAM2019_ENDO_2,4042,4
RAM2019_ENDO_2,4043,3
RAM2019_ENDO_2,4044,6
RAM2019_ENDO_2,4045,5
RAM2019_ENDO_2,4046,3
RAM2019_ENDO_2,4047,3
RAM2019_ENDO_2,4048,4
RAM2019_ENDO_2,4049,4
RAM2019_ENDO_2,4050,9
RAM2019_ENDO_2,4051,5
RAM2019_ENDO_2,4052,6
RAM2019_ENDO_2,4053,4
RAM2019_ENDO_2,4054,3
RAM2019_ENDO_2,4055,1
RAM2019_ENDO_2,4056,6
RAM2019_ENDO_2,4057,3
RAM2019_ENDO_2,4058,9
RAM2019_ENDO_2,4059,1
RAM2019_ENDO_2,4060,5
RAM2019_ENDO_2,4061,7
RAM2019_ENDO_2,4062,3
RAM2019_ENDO_2,4063,5
RAM2019_ENDO_2,4064,8
RAM2019_ENDO_2,4065,6
RAM2019_ENDO_2,4066,6
RAM2019_ENDO_2,4067,5
RAM2019_ENDO_2,4068,1
RAM2019_ENDO_2,4069,3
RAM2019_ENDO_2,4070,3
RAM2019_ENDO_2,4071,4
RAM2019_ENDO_2,4072,7
RAM2019_ENDO_2,4073,4
RAM2019_ENDO_2,4074,3
RAM2019_ENDO_2,4075,4
RAM2019_ENDO_2,4076,8
RAM2019_ENDO_2,4077,6
RAM2019_ENDO_2,4078,6
RAM2019_ENDO_2,4079,1
RAM2019_ENDO_2,4080,1
RAM2019_ENDO_2,4081,3
RAM2019_ENDO_2,4082,4
RAM2019_ENDO_2,4083,5
RAM2019_ENDO_2,4084,2
RAM2019_ENDO_2,4085,3
RAM2019_ENDO_2,4086,4
RAM2019_ENDO_2,4087,0
RAM2019_ENDO_2,4088,9
RAM2019_ENDO_2,4089,6
RAM2019_ENDO_2,4090,5
RAM2019_ENDO_2,4091,4
RAM2019_ENDO_2,4092,2
RAM2019_ENDO_2,4093,2
RAM2019_ENDO_2,4094,4
RAM2019_ENDO_2,4095,3
RAM2019_ENDO_2,4096,7
RAM2019_ENDO_2,4097,3
RAM2019_ENDO_2,4098,4
RAM2019_ENDO_2,4099,7
RAM2019_ENDO_2,4100,4
RAM2019_ENDO_2,4101,5
RAM2019_ENDO_2,4102,5
RAM2019_ENDO_2,4103,6
RAM2019_ENDO_2,4104,8
RAM2019_ENDO_2,4105,8
RAM2019_ENDO_2,4106,5
RAM2019_ENDO_2,4107,1
RAM2019_ENDO_2,4108,2
RAM2019_ENDO_2,4109,1
RAM2019_ENDO_2,4110,2
RAM2019_ENDO_2,4111,4
RAM2019_ENDO_2,4112,3
RAM2019_ENDO_2,4113,4
RAM2019_ENDO_2,4114,1
RAM2019_ENDO_2,4115,3
RAM2019_ENDO_2,4116,1
RAM2019_ENDO_2,4117,9
RAM2019_ENDO_2,4118,4
RAM2019_ENDO_2,4119,7
RAM2019_ENDO_2,4120,4
RAM2019_ENDO_2,4121,7
RAM2019_ENDO_2,4122,4
RAM2019_ENDO_2,4123,3
RAM2019_ENDO_2,4124,6
RAM2019_ENDO_2,4125,7
RAM2019_ENDO_2,4126,2
RAM2019_ENDO_2,4127,5
RAM2019_ENDO_2,4128,2
RAM2019_ENDO_2,4129,4
RAM2019_ENDO_2,4130,8
RAM2019_ENDO_2,4131,7
RAM2019_ENDO_2,4132,4
RAM2019_ENDO_2,4133,4
RAM2019_ENDO_2,4134,8
RAM2019_ENDO_2,4135,2
RAM2019_ENDO_2,4136,5
RAM2019_ENDO_2,4137,7
RAM2019_ENDO_2,4138,7
RAM2019_ENDO_2,4139,4
RAM2019_ENDO_2,4140,4
RAM2019_ENDO_2,4141,1
RAM2019_ENDO_2,4142,2
RAM2019_ENDO_2,4143,3
RAM2019_ENDO_2,4144,5
RAM2019_ENDO_2,4145,5
RAM2019_ENDO_2,4146,4
RAM2019_ENDO_2,4147,4
RAM2019_ENDO_2,4148,7
RAM2019_ENDO_2,4149,2
RAM2019_ENDO_2,4150,7
RAM2019_ENDO_2,4151,3
RAM2019_ENDO_2,4152,4
RAM2019_ENDO_2,4153,1
RAM2019_ENDO_2,4154,5
RAM2019_ENDO_2,4155,4
RAM2019_ENDO_2,4156,4
RAM2019_ENDO_2,4157,1
RAM2019_ENDO_2,4158,5
RAM2019_ENDO_2,4159,3
RAM2019_ENDO_2,4160,4
RAM2019_ENDO_2,4161,5
RAM2019_ENDO_2,4162,4
RAM2019_ENDO_2,4163,6
RAM2019_ENDO_2,4164,5
RAM2019_ENDO_2,4165,3
RAM2019_ENDO_2,4166,1
RAM2019_ENDO_2,4167,5
RAM2019_ENDO_2,4168,6
RAM2019_ENDO_2,4169,3
RAM2019_ENDO_2,4170,5
RAM2019_ENDO_2,4171,3
RAM2019_ENDO_2,4172,1
RAM2019_ENDO_2,4173,5
RAM2019_ENDO_2,4174,3
RAM2019_ENDO_2,4175,2
RAM2019_ENDO_2,4176,3
RAM2019_ENDO_2,4177,9
RAM2019_ENDO_2,4178,3
RAM2019_ENDO_2,4179,2
RAM2019_ENDO_2,4180,3
RAM2019_ENDO_2,4181,4
RAM2019_ENDO_2,4182,6
RAM2019_ENDO_2,4183,6
RAM2019_ENDO_2,4184,3
RAM2019_ENDO_2,4185,8
RAM2019_ENDO_2,4186,4
RAM2019_ENDO_2,4187,3
RAM2019_ENDO_2,4188,5
RAM2019_ENDO_2,4189,6
RAM2019_ENDO_2,4190,2
RAM2019_ENDO_2,4191,5
RAM2019_ENDO_2,4192,6
RAM2019_ENDO_2,4193,2
RAM2019_ENDO_2,4194,2
RAM2019_ENDO_2,4195,3
RAM2019_ENDO_2,4196,3
RAM2019_ENDO_2,4197,5
RAM2019_ENDO_2,4198,4
RAM2019_ENDO_2,4199,3
RAM2019_ENDO_2,4200,3
RAM2019_ENDO_2,4201,4
RAM2019_ENDO_2,4202,1
RAM2019_ENDO_2,4203,4
RAM2019_ENDO_2,4204,6
RAM2019_ENDO_2,4205,3
RAM2019_ENDO_2,4206,5
RAM2019_ENDO_2,4207,3
RAM2019_ENDO_2,4208,1
RAM2019_ENDO_2,4209,1
RAM2019_ENDO_2,4210,2
RAM2019_ENDO_2,4211,7
RAM2019_ENDO_2,4212,3
RAM2019_ENDO_2,4213,3
RAM2019_ENDO_2,4214,5
RAM2019_ENDO_2,4215,2
RAM2019_ENDO_2,4216,5
RAM2019_ENDO_2,4217,5
RAM2019_ENDO_2,4218,0
RAM2019_ENDO_2,4219,2
RAM2019_ENDO_2,4220,3
RAM2019_ENDO_2,4221,3
RAM2019_ENDO_2,4222,2
RAM2019_ENDO_2,4223,3
RAM2019_ENDO_2,4224,7
RAM2019_ENDO_2,4225,10
RAM2019_ENDO_2,4226,4
RAM2019_ENDO_2,4227,5
RAM2019_ENDO_2,4228,4
RAM2019_ENDO_2,4229,3
RAM2019_ENDO_2,4230,6
RAM2019_ENDO_2,4231,8
RAM2019_ENDO_2,4232,3
RAM2019_ENDO_2,4233,6
RAM2019_ENDO_2,4234,2
RAM2019_ENDO_2,4235,9
RAM2019_ENDO_2,4236,11
RAM2019_ENDO_2,4237,4
RAM2019_ENDO_2,4238,6
RAM2019_ENDO_2,4239,5
RAM2019_ENDO_2,4240,3
RAM2019_ENDO_2,4241,5
RAM2019_ENDO_2,4242,5
RAM2019_ENDO_2,4243,3
RAM2019_ENDO_2,4244,4
RAM2019_ENDO_2,4245,2
RAM2019_ENDO_2,4246,6
RAM2019_ENDO_2,4247,9
RAM2019_ENDO_2,4248,8
RAM2019_ENDO_2,4249,3
RAM2019_ENDO_2,4250,7
RAM2019_ENDO_2,4251,5
RAM2019_ENDO_2,4252,3
RAM2019_ENDO_2,4253,4
RAM2019_ENDO_2,4254,2
RAM2019_ENDO_2,4255,7
RAM2019_ENDO_2,4256,5
RAM2019_ENDO_2,4257,4
RAM2019_ENDO_2,4258,7
RAM2019_ENDO_2,4259,7
RAM2019_ENDO_2,4260,6
RAM2019_ENDO_2,4261,5
RAM2019_ENDO_2,4262,5
RAM2019_ENDO_2,4263,1
RAM2019_ENDO_2,4264,7
RAM2019_ENDO_2,4265,3
RAM2019_ENDO_2,4266,2
RAM2019_ENDO_2,4267,5
RAM2019_ENDO_2,4268,5
RAM2019_ENDO_2,4269,5
RAM2019_ENDO_2,4270,2
RAM2019_ENDO_2,4271,3
RAM2019_ENDO_2,4272,8
RAM2019_ENDO_2,4273,4
RAM2019_ENDO_2,4274,5
RAM2019_ENDO_2,4275,3
RAM2019_ENDO_2,4276,4
RAM2019_ENDO_2,4277,4
RAM2019_ENDO_2,4278,3
RAM2019_ENDO_2,4279,1
RAM2019_ENDO_2,4280,1
RAM2019_ENDO_2,4281,2
RAM2019_ENDO_2,4282,5
RAM2019_ENDO_2,4283,3
RAM2019_ENDO_2,4284,4
RAM2019_ENDO_2,4285,2
RAM2019_ENDO_2,4286,10
RAM2019_ENDO_2,4287,2
RAM2019_ENDO_2,4288,5
RAM2019_ENDO_2,4289,2
RAM2019_ENDO_2,4290,2
RAM2019_ENDO_2,4291,4
RAM2019_ENDO_2,4292,4
RAM2019_ENDO_2,4293,2
RAM2019_ENDO_2,4294,3
RAM2019_ENDO_2,4295,4
RAM2019_ENDO_2,4296,2
RAM2019_ENDO_2,4297,2
RAM2019_ENDO_2,4298,10
RAM2019_ENDO_2,4299,1
RAM2019_ENDO_2,4300,7
RAM2019_ENDO_2,4301,8
RAM2019_ENDO_2,4302,2
RAM2019_ENDO_2,4303,2
RAM2019_ENDO_2,4304,2
RAM2019_ENDO_2,4305,2
RAM2019_ENDO_2,4306,2
RAM2019_ENDO_2,4307,0
RAM2019_ENDO_2,4308,4
RAM2019_ENDO_2,4309,2
RAM2019_ENDO_2,4310,1
RAM2019_ENDO_2,4311,1
RAM2019_ENDO_2,4312,3
RAM2019_ENDO_2,4313,6
RAM2019_ENDO_2,4314,2
RAM2019_ENDO_2,4315,4
RAM2019_ENDO_2,4316,5
RAM2019_ENDO_2,4317,3
RAM2019_ENDO_2,4318,3
RAM2019_ENDO_2,4319,5
RAM2019_ENDO_2,4320,3
RAM2019_ENDO_2,4321,1
RAM2019_ENDO_2,4322,4
RAM2019_ENDO_2,4323,5
RAM2019_ENDO_2,4324,8
RAM2019_ENDO_2,4325,4
RAM2019_ENDO_2,4326,6
RAM2019_ENDO_2,4327,5
RAM2019_ENDO_2,4328,5
RAM2019_ENDO_2,4329,3
RAM2019_ENDO_2,4330,4
RAM2019_ENDO_2,4331,4
RAM2019_ENDO_2,4332,4
RAM2019_ENDO_2,4333,6
RAM2019_ENDO_2,4334,8
RAM2019_ENDO_2,4335,5
RAM2019_ENDO_2,4336,5
RAM2019_ENDO_2,4337,7
RAM2019_ENDO_2,4338,4
RAM2019_ENDO_2,4339,2
RAM2019_ENDO_2,4340,7
RAM2019_ENDO_2,4341,6
RAM2019_ENDO_2,4342,5
RAM2019_ENDO_2,4343,3
RAM2019_ENDO_2,4344,6
RAM2019_ENDO_2,4345,8
RAM2019_ENDO_2,4346,0
RAM2019_ENDO_2,4347,6
RAM2019_ENDO_2,4348,2
RAM2019_ENDO_2,4349,4
RAM2019_ENDO_2,4350,6
RAM2019_ENDO_2,4351,4
RAM2019_ENDO_2,4352,8
RAM2019_ENDO_2,4353,4
RAM2019_ENDO_2,4354,5
RAM2019_ENDO_2,4355,4
RAM2019_ENDO_2,4356,4
RAM2019_ENDO_2,4357,7
RAM2019_ENDO_2,4358,6
RAM2019_ENDO_2,4359,4
RAM2019_ENDO_2,4360,6
RAM2019_ENDO_2,4361,10
RAM2019_ENDO_2,4362,4
RAM2019_ENDO_2,4363,3
RAM2019_ENDO_2,4364,3
RAM2019_ENDO_2,4365,6
RAM2019_ENDO_2,4366,6
RAM2019_ENDO_2,4367,5
RAM2019_ENDO_2,4368,7
RAM2019_ENDO_2,4369,2
RAM2019_ENDO_2,4370,7
RAM2019_ENDO_2,4371,3
RAM2019_ENDO_2,4372,6
RAM2019_ENDO_2,4373,4
RAM2019_ENDO_2,4374,3
RAM2019_ENDO_2,4375,6
RAM2019_ENDO_2,4376,3
RAM2019_ENDO_2,4377,3
RAM2019_ENDO_2,4378,4
RAM2019_ENDO_2,4379,6
RAM2019_ENDO_2,4380,5
RAM2019_ENDO_2,4381,4
RAM2019_ENDO_2,4382,6
RAM2019_ENDO_2,4383,7
RAM2019_ENDO_2,4384,5
RAM2019_ENDO_2,4385,6
RAM2019_ENDO_2,4386,5
RAM2019_ENDO_2,4387,2
RAM2019_ENDO_2,4388,4
RAM2019_ENDO_2,4389,6
RAM2019_ENDO_2,4390,4
RAM2019_ENDO_2,4391,5
RAM2019_ENDO_2,4392,4
RAM2019_ENDO_2,4393,5
RAM2019_ENDO_2,4394,5
RAM2019_ENDO_2,4395,1
RAM2019_ENDO_2,4396,2
RAM2019_ENDO_2,4397,4
RAM2019_ENDO_2,4398,5
RAM2019_ENDO_2,4399,4
RAM2019_ENDO_2,4400,7
RAM2019_ENDO_2,4401,2
RAM2019_ENDO_2,4402,5
RAM2019_ENDO_2,4403,4
RAM2019_ENDO_2,4404,6
RAM2019_ENDO_2,4405,4
RAM2019_ENDO_2,4406,5
RAM2019_ENDO_2,4407,8
RAM2019_ENDO_2,4408,4
RAM2019_ENDO_2,4409,1
RAM2019_ENDO_2,4410,5
RAM2019_ENDO_2,4411,7
RAM2019_ENDO_2,4412,4
RAM2019_ENDO_2,4413,2
RAM2019_ENDO_2,4414,4
RAM2019_ENDO_2,4415,3
RAM2019_ENDO_2,4416,4
RAM2019_ENDO_2,4417,6
RAM2019_ENDO_2,4418,7
RAM2019_ENDO_2,4419,7
RAM2019_ENDO_2,4420,2
RAM2019_ENDO_2,4421,3
RAM2019_ENDO_2,4422,6
RAM2019_ENDO_2,4423,1
RAM2019_ENDO_2,4424,5
RAM2019_ENDO_2,4425,4
RAM2019_ENDO_2,4426,3
RAM2019_ENDO_2,4427,3
RAM2019_ENDO_2,4428,3
RAM2019_ENDO_2,4429,8
RAM2019_ENDO_2,4430,1
RAM2019_ENDO_2,4431,2
RAM2019_ENDO_2,4432,1
RAM2019_ENDO_2,4433,6
RAM2019_ENDO_2,4434,3
RAM2019_ENDO_2,4435,6
RAM2019_ENDO_2,4436,7
RAM2019_ENDO_2,4437,3
RAM2019_ENDO_2,4438,5
RAM2019_ENDO_2,4439,5
RAM2019_ENDO_2,4440,9
RAM2019_ENDO_2,4441,7
RAM2019_ENDO_2,4442,5
RAM2019_ENDO_2,4443,3
RAM2019_ENDO_2,4444,3
RAM2019_ENDO_2,4445,8
RAM2019_ENDO_2,4446,8
RAM2019_ENDO_2,4447,3
RAM2019_ENDO_2,4448,3
RAM2019_ENDO_2,4449,4
RAM2019_ENDO_2,4450,2
RAM2019_ENDO_2,4451,2
RAM2019_ENDO_2,4452,3
RAM2019_ENDO_2,4453,4
RAM2019_ENDO_2,4454,4
RAM2019_ENDO_2,4455,3
RAM2019_ENDO_2,4456,3
RAM2019_ENDO_2,4457,1
RAM2019_ENDO_2,4458,6
RAM2019_ENDO_2,4459,3
RAM2019_ENDO_2,4460,2
RAM2019_ENDO_2,4461,6
RAM2019_ENDO_2,4462,3
RAM2019_ENDO_2,4463,3
RAM2019_ENDO_2,4464,1
RAM2019_ENDO_2,4465,4
RAM2019_ENDO_2,4466,5
RAM2019_ENDO_2,4467,4
RAM2019_ENDO_2,4468,3
RAM2019_ENDO_2,4469,5
RAM2019_ENDO_2,4470,4
RAM2019_ENDO_2,4471,4
RAM2019_ENDO_2,4472,1
RAM2019_ENDO_2,4473,8
RAM2019_ENDO_2,4474,5
RAM2019_ENDO_2,4475,7
RAM2019_ENDO_2,4476,7
RAM2019_ENDO_2,4477,10
RAM2019_ENDO_2,4478,4
RAM2019_ENDO_2,4479,6
RAM2019_ENDO_2,4480,3
RAM2019_ENDO_2,4481,4
RAM2019_ENDO_2,4482,8
RAM2019_ENDO_2,4483,6
RAM2019_ENDO_2,4484,7
RAM2019_ENDO_2,4485,9
RAM2019_ENDO_2,4486,4
RAM2019_ENDO_2,4487,1
RAM2019_ENDO_2,4488,2
RAM2019_ENDO_2,4489,1
RAM2019_ENDO_2,4490,3
RAM2019_ENDO_2,4491,7
RAM2019_ENDO_2,4492,9
RAM2019_ENDO_2,4493,4
RAM2019_ENDO_2,4494,5
RAM2019_ENDO_2,4495,5
RAM2019_ENDO_2,4496,1
RAM2019_ENDO_2,4497,2
RAM2019_ENDO_2,4498,5
RAM2019_ENDO_2,4499,5
RAM2019_ENDO_2,4500,3
RAM2019_ENDO_2,4501,4
RAM2019_ENDO_2,4502,6
RAM2019_ENDO_2,4503,8
RAM2019_ENDO_2,4504,7
RAM2019_ENDO_2,4505,3
RAM2019_ENDO_2,4506,5
RAM2019_ENDO_2,4507,3
RAM2019_ENDO_2,4508,2
RAM2019_ENDO_2,4509,5
RAM2019_ENDO_2,4510,4
RAM2019_ENDO_2,4511,2
RAM2019_ENDO_2,4512,1
RAM2019_ENDO_2,4513,5
RAM2019_ENDO_2,4514,4
RAM2019_ENDO_2,4515,7
RAM2019_ENDO_2,4516,1
RAM2019_ENDO_2,4517,5
RAM2019_ENDO_2,4518,4
RAM2019_ENDO_2,4519,4
RAM2019_ENDO_2,4520,7
RAM2019_ENDO_2,4521,7
RAM2019_ENDO_2,4522,4
RAM2019_ENDO_2,4523,6
RAM2019_ENDO_2,4524,9
RAM2019_ENDO_2,4525,6
RAM2019_ENDO_2,4526,5
RAM2019_ENDO_2,4527,7
RAM2019_ENDO_2,4528,7
RAM2019_ENDO_2,4529,4
RAM2019_ENDO_2,4530,10
RAM2019_ENDO_2,4531,5
RAM2019_ENDO_2,4532,3
RAM2019_ENDO_2,4533,3
RAM2019_ENDO_2,4534,1
RAM2019_ENDO_2,4535,6
RAM2019_ENDO_2,4536,5
RAM2019_ENDO_2,4537,3
RAM2019_ENDO_2,4538,2
RAM2019_ENDO_2,4539,0
RAM2019_ENDO_2,4540,6
RAM2019_ENDO_2,4541,5
RAM2019_ENDO_2,4542,6
RAM2019_ENDO_2,4543,4
RAM2019_ENDO_2,4544,1
RAM2019_ENDO_2,4545,3
RAM2019_ENDO_2,4546,3
RAM2019_ENDO_2,4547,3
RAM2019_ENDO_2,4548,6
RAM2019_ENDO_2,4549,4
RAM2019_ENDO_2,4550,8
RAM2019_ENDO_2,4551,4
RAM2019_ENDO_2,4552,6
RAM2019_ENDO_2,4553,3
RAM2019_ENDO_2,4554,2
RAM2019_ENDO_2,4555,2
RAM2019_ENDO_2,4556,7
RAM2019_ENDO_2,4557,8
RAM2019_ENDO_2,4558,7
RAM2019_ENDO_2,4559,4
RAM2019_ENDO_2,4560,3
RAM2019_ENDO_2,4561,1
RAM2019_ENDO_2,4562,5
RAM2019_ENDO_2,4563,6
RAM2019_ENDO_2,4564,4
RAM2019_ENDO_2,4565,5
RAM2019_ENDO_2,4566,4
RAM2019_ENDO_2,4567,4
RAM2019_ENDO_2,4568,4
RAM2019_ENDO_2,4569,2
RAM2019_ENDO_2,4570,2
RAM2019_ENDO_2,4571,7
RAM2019_ENDO_2,4572,12
RAM2019_ENDO_2,4573,3
RAM2019_ENDO_2,4574,5
RAM2019_ENDO_2,4575,5
RAM2019_ENDO_2,4576,2
RAM2019_ENDO_2,4577,7
RAM2019_ENDO_2,4578,6
RAM2019_ENDO_2,4579,6
RAM2019_ENDO_2,4580,4
RAM2019_ENDO_2,4581,5
RAM2019_ENDO_2,4582,5
RAM2019_ENDO_2,4583,7
RAM2019_ENDO_2,4584,6
RAM2019_ENDO_2,4585,4
RAM2019_ENDO_2,4586,3
RAM2019_ENDO_2,4587,6
RAM2019_ENDO_2,4588,2
RAM2019_ENDO_2,4589,1
RAM2019_ENDO_2,4590,1
RAM2019_ENDO_2,4591,8
RAM2019_ENDO_2,4592,4
RAM2019_ENDO_2,4593,2
RAM2019_ENDO_2,4594,4
RAM2019_ENDO_2,4595,7
RAM2019_ENDO_2,4596,3
RAM2019_ENDO_2,4597,3
RAM2019_ENDO_2,4598,4
RAM2019_ENDO_2,4599,4
RAM2019_ENDO_2,4600,4
RAM2019_ENDO_2,4601,5
RAM2019_ENDO_2,4602,6
RAM2019_ENDO_2,4603,6
RAM2019_ENDO_2,4604,7
RAM2019_ENDO_2,4605,5
RAM2019_ENDO_2,4606,1
RAM2019_ENDO_2,4607,4
RAM2019_ENDO_2,4608,6
RAM2019_ENDO_2,4609,5
RAM2019_ENDO_2,4610,4
RAM2019_ENDO_2,4611,6
RAM2019_ENDO_2,4612,6
RAM2019_ENDO_2,4613,6
RAM2019_ENDO_2,4614,6
RAM2019_ENDO_2,4615,6
RAM2019_ENDO_2,4616,1
RAM2019_ENDO_2,4617,2
RAM2019_ENDO_2,4618,4
RAM2019_ENDO_2,4619,7
RAM2019_ENDO_2,4620,6
RAM2019_ENDO_2,4621,7
RAM2019_ENDO_2,4622,3
RAM2019_ENDO_2,4623,8
RAM2019_ENDO_2,4624,3
RAM2019_ENDO_2,4625,5
RAM2019_ENDO_2,4626,3
RAM2019_ENDO_2,4627,4
RAM2019_ENDO_2,4628,6
RAM2019_ENDO_2,4629,4
RAM2019_ENDO_2,4630,3
RAM2019_ENDO_2,4631,4
RAM2019_ENDO_2,4632,4
RAM2019_ENDO_2,4633,2
RAM2019_ENDO_2,4634,7
RAM2019_ENDO_2,4635,7
RAM2019_ENDO_2,4636,1
RAM2019_ENDO_2,4637,7
RAM2019_ENDO_2,4638,7
RAM2019_ENDO_2,4639,5
RAM2019_ENDO_2,4640,5
RAM2019_ENDO_2,4641,5
RAM2019_ENDO_2,4642,3
RAM2019_ENDO_2,4643,6
RAM2019_ENDO_2,4644,1
RAM2019_ENDO_2,4645,2
RAM2019_ENDO_2,4646,7
RAM2019_ENDO_2,4647,4
RAM2019_ENDO_2,4648,2
RAM2019_ENDO_2,4649,4
RAM2019_ENDO_2,4650,4
RAM2019_ENDO_2,4651,2
RAM2019_ENDO_2,4652,5
RAM2019_ENDO_2,4653,4
RAM2019_ENDO_2,4654,7
RAM2019_ENDO_2,4655,4
RAM2019_ENDO_2,4656,7
RAM2019_ENDO_2,4657,4
RAM2019_ENDO_2,4658,3
RAM2019_ENDO_2,4659,8
RAM2019_ENDO_2,4660,5
RAM2019_ENDO_2,4661,2
RAM2019_ENDO_2,4662,4
RAM2019_ENDO_2,4663,2
RAM2019_ENDO_2,4664,6
RAM2019_ENDO_2,4665,6
RAM2019_ENDO_2,4666,5
RAM2019_ENDO_2,4667,6
RAM2019_ENDO_2,4668,3
RAM2019_ENDO_2,4669,4
RAM2019_ENDO_2,4670,3
RAM2019_ENDO_2,4671,5
RAM2019_ENDO_2,4672,2
RAM2019_ENDO_2,4673,4
RAM2019_ENDO_2,4674,4
RAM2019_ENDO_2,4675,4
RAM2019_ENDO_2,4676,2
RAM2019_ENDO_2,4677,3
RAM2019_ENDO_2,4678,1
RAM2019_ENDO_2,4679,3
RAM2019_ENDO_2,4680,4
RAM2019_ENDO_2,4681,2
RAM2019_ENDO_2,4682,6
RAM2019_ENDO_2,4683,1
RAM2019_ENDO_2,4684,1
RAM2019_ENDO_2,4685,3
RAM2019_ENDO_2,4686,2
RAM2019_ENDO_2,4687,1
RAM2019_ENDO_2,4688,5
RAM2019_ENDO_2,4689,3
RAM2019_ENDO_2,4690,2
RAM2019_ENDO_2,4691,6
RAM2019_ENDO_2,4692,4
RAM2019_ENDO_2,4693,4
RAM2019_ENDO_2,4694,6
RAM2019_ENDO_2,4695,3
RAM2019_ENDO_2,4696,7
RAM2019_ENDO_2,4697,8
RAM2019_ENDO_2,4698,8
RAM2019_ENDO_2,4699,5
RAM2019_ENDO_2,4700,6
RAM2019_ENDO_2,4701,2
RAM2019_ENDO_2,4702,6
RAM2019_ENDO_2,4703,1
RAM2019_ENDO_2,4704,7
RAM2019_ENDO_2,4705,1
RAM2019_ENDO_2,4706,4
RAM2019_ENDO_2,4707,7
RAM2019_ENDO_2,4708,5
RAM2019_ENDO_2,4709,2
RAM2019_ENDO_2,4710,7
RAM2019_ENDO_2,4711,5
RAM2019_ENDO_2,4712,2
RAM2019_ENDO_2,4713,3
RAM2019_ENDO_2,4714,7
RAM2019_ENDO_2,4715,6
RAM2019_ENDO_2,4716,3
RAM2019_ENDO_2,4717,6
RAM2019_ENDO_2,4718,4
RAM2019_ENDO_2,4719,5
RAM2019_ENDO_2,4720,2
RAM2019_ENDO_2,4721,4
RAM2019_ENDO_2,4722,5
RAM2019_ENDO_2,4723,5
RAM2019_ENDO_2,4724,5
RAM2019_ENDO_2,4725,6
RAM2019_ENDO_2,4726,10
RAM2019_ENDO_2,4727,2
RAM2019_ENDO_2,4728,5
RAM2019_ENDO_2,4729,5
RAM2019_ENDO_2,4730,7
RAM2019_ENDO_2,4731,5
RAM2019_ENDO_2,4732,2
RAM2019_ENDO_2,4733,10
RAM2019_ENDO_2,4734,3
RAM2019_ENDO_2,4735,5
RAM2019_ENDO_2,4736,4
RAM2019_ENDO_2,4737,2
RAM2019_ENDO_2,4738,3
RAM2019_ENDO_2,4739,6
RAM2019_ENDO_2,4740,6
RAM2019_ENDO_2,4741,6
RAM2019_ENDO_2,4742,5
RAM2019_ENDO_2,4743,4
RAM2019_ENDO_2,4744,8
RAM2019_ENDO_2,4745,6
RAM2019_ENDO_2,4746,5
RAM2019_ENDO_2,4747,8
RAM2019_ENDO_2,4748,7
RAM2019_ENDO_2,4749,4
RAM2019_ENDO_2,4750,9
RAM2019_ENDO_2,4751,3
RAM2019_ENDO_2,4752,4
RAM2019_ENDO_2,4753,4
RAM2019_ENDO_2,4754,5
RAM2019_ENDO_2,4755,3
RAM2019_ENDO_2,4756,2
RAM2019_ENDO_2,4757,8
RAM2019_ENDO_2,4758,2
RAM2019_ENDO_2,4759,6
RAM2019_ENDO_2,4760,5
RAM2019_ENDO_2,4761,3
RAM2019_ENDO_2,4762,3
RAM2019_ENDO_2,4763,5
RAM2019_ENDO_2,4764,3
RAM2019_ENDO_2,4765,4
RAM2019_ENDO_2,4766,5
RAM2019_ENDO_2,4767,6
RAM2019_ENDO_2,4768,3
RAM2019_ENDO_2,4769,9
RAM2019_ENDO_2,4770,1
RAM2019_ENDO_2,4771,5
RAM2019_ENDO_2,4772,4
RAM2019_ENDO_2,4773,4
RAM2019_ENDO_2,4774,4
RAM2019_ENDO_2,4775,3
RAM2019_ENDO_2,4776,4
RAM2019_ENDO_2,4777,3
RAM2019_ENDO_2,4778,2
RAM2019_ENDO_2,4779,1
RAM2019_ENDO_2,4780,2
RAM2019_ENDO_2,4781,5
RAM2019_ENDO_2,4782,3
RAM2019_ENDO_2,4783,5
RAM2019_ENDO_2,4784,2
RAM2019_ENDO_2,4785,5
RAM2019_ENDO_2,4786,3
RAM2019_ENDO_2,4787,3
RAM2019_ENDO_2,4788,0
RAM2019_ENDO_2,4789,10
RAM2019_ENDO_2,4790,6
RAM2019_ENDO_2,4791,3
RAM2019_ENDO_2,4792,5
RAM2019_ENDO_2,4793,6
RAM2019_ENDO_2,4794,9
RAM2019_ENDO_2,4795,4
RAM2019_ENDO_2,4796,7
RAM2019_ENDO_2,4797,5
RAM2019_ENDO_2,4798,3
RAM2019_ENDO_2,4799,6
RAM2019_ENDO_2,4800,4
RAM2019_ENDO_2,4801,1
RAM2019_ENDO_2,4802,7
RAM2019_ENDO_2,4803,2
RAM2019_ENDO_2,4804,4
RAM2019_ENDO_2,4805,7
RAM2019_ENDO_2,4806,5
RAM2019_ENDO_2,4807,5
RAM2019_ENDO_2,4808,3
RAM2019_ENDO_2,4809,7
RAM2019_ENDO_2,4810,7
RAM2019_ENDO_2,4811,5
RAM2019_ENDO_2,4812,2
RAM2019_ENDO_2,4813,6
RAM2019_ENDO_2,4814,7
RAM2019_ENDO_2,4815,3
RAM2019_ENDO_2,4816,6
RAM2019_ENDO_2,4817,8
RAM2019_ENDO_2,4818,5
RAM2019_ENDO_2,4819,4
RAM2019_ENDO_2,4820,7
RAM2019_ENDO_2,4821,8
RAM2019_ENDO_2,4822,3
RAM2019_ENDO_2,4823,3
RAM2019_ENDO_2,4824,3
RAM2019_ENDO_2,4825,3
RAM2019_ENDO_2,4826,7
RAM2019_ENDO_2,4827,3
RAM2019_ENDO_2,4828,3
RAM2019_ENDO_2,4829,4
RAM2019_ENDO_2,4830,4
RAM2019_ENDO_2,4831,1
RAM2019_ENDO_2,4832,5
RAM2019_ENDO_2,4833,6
RAM2019_ENDO_2,4834,9
RAM2019_ENDO_2,4835,4
RAM2019_ENDO_2,4836,3
RAM2019_ENDO_2,4837,3
RAM2019_ENDO_2,4838,5
RAM2019_ENDO_2,4839,5
RAM2019_ENDO_2,4840,5
RAM2019_ENDO_2,4841,2
RAM2019_ENDO_2,4842,8
RAM2019_ENDO_2,4843,7
RAM2019_ENDO_2,4844,6
RAM2019_ENDO_2,4845,3
RAM2019_ENDO_2,4846,3
RAM2019_ENDO_2,4847,2
RAM2019_ENDO_2,4848,2
RAM2019_ENDO_2,4849,6
RAM2019_ENDO_2,4850,4
RAM2019_ENDO_2,4851,1
RAM2019_ENDO_2,4852,2
RAM2019_ENDO_2,4853,8
RAM2019_ENDO_2,4854,3
RAM2019_ENDO_2,4855,6
RAM2019_ENDO_2,4856,4
RAM2019_ENDO_2,4857,5
RAM2019_ENDO_2,4858,2
RAM2019_ENDO_2,4859,3
RAM2019_ENDO_2,4860,4
RAM2019_ENDO_2,4861,3
RAM2019_ENDO_2,4862,3
RAM2019_ENDO_2,4863,3
RAM2019_ENDO_2,4864,6
RAM2019_ENDO_2,4865,5
RAM2019_ENDO_2,4866,5
RAM2019_ENDO_2,4867,5
RAM2019_ENDO_2,4868,4
RAM2019_ENDO_2,4869,6
RAM2019_ENDO_2,4870,3
RAM2019_ENDO_2,4871,3
RAM2019_ENDO_2,4872,8
RAM2019_ENDO_2,4873,4
RAM2019_ENDO_2,4874,4
RAM2019_ENDO_2,4875,2
RAM2019_ENDO_2,4876,7
RAM2019_ENDO_2,4877,5
RAM2019_ENDO_2,4878,5
RAM2019_ENDO_2,4879,4
RAM2019_ENDO_2,4880,4
RAM2019_ENDO_2,4881,5
RAM2019_ENDO_2,4882,5
RAM2019_ENDO_2,4883,4
RAM2019_ENDO_2,4884,6
RAM2019_ENDO_2,4885,2
RAM2019_ENDO_2,4886,2
RAM2019_ENDO_2,4887,3
RAM2019_ENDO_2,4888,4
RAM2019_ENDO_2,4889,2
RAM2019_ENDO_2,4890,4
RAM2019_ENDO_2,4891,5
RAM2019_ENDO_2,4892,3
RAM2019_ENDO_2,4893,5
RAM2019_ENDO_2,4894,6
RAM2019_ENDO_2,4895,7
RAM2019_ENDO_2,4896,5
RAM2019_ENDO_2,4897,3
RAM2019_ENDO_2,4898,3
RAM2019_ENDO_2,4899,4
RAM2019_ENDO_2,4900,3
RAM2019_ENDO_2,4901,0
RAM2019_ENDO_2,4902,6
RAM2019_ENDO_2,4903,3
RAM2019_ENDO_2,4904,3
RAM2019_ENDO_2,4905,5
RAM2019_ENDO_2,4906,6
RAM2019_ENDO_2,4907,5
RAM2019_ENDO_2,4908,4
RAM2019_ENDO_2,4909,3
RAM2019_ENDO_2,4910,3
RAM2019_ENDO_2,4911,3
RAM2019_ENDO_2,4912,5
RAM2019_ENDO_2,4913,3
RAM2019_ENDO_2,4914,2
RAM2019_ENDO_2,4915,3
RAM2019_ENDO_2,4916,0
RAM2019_ENDO_2,4917,6
RAM2019_ENDO_2,4918,3
RAM2019_ENDO_2,4919,2
RAM2019_ENDO_2,4920,4
RAM2019_ENDO_2,4921,3
RAM2019_ENDO_2,4922,1
RAM2019_ENDO_2,4923,5
RAM2019_ENDO_2,4924,7
RAM2019_ENDO_2,4925,3
RAM2019_ENDO_2,4926,4
RAM2019_ENDO_2,4927,3
RAM2019_ENDO_2,4928,4
RAM2019_ENDO_2,4929,3
RAM2019_ENDO_2,4930,5
RAM2019_ENDO_2,4931,2
RAM2019_ENDO_2,4932,6
RAM2019_ENDO_2,4933,10
RAM2019_ENDO_2,4934,1
RAM2019_ENDO_2,4935,3
RAM2019_ENDO_2,4936,3
RAM2019_ENDO_2,4937,5
RAM2019_ENDO_2,4938,2
RAM2019_ENDO_2,4939,8
RAM2019_ENDO_2,4940,2
RAM2019_ENDO_2,4941,4
RAM2019_ENDO_2,4942,5
RAM2019_ENDO_2,4943,5
RAM2019_ENDO_2,4944,6
RAM2019_ENDO_2,4945,3
RAM2019_ENDO_2,4946,8
RAM2019_ENDO_2,4947,5
RAM2019_ENDO_2,4948,3
RAM2019_ENDO_2,4949,7
RAM2019_ENDO_2,4950,2
RAM2019_ENDO_2,4951,3
RAM2019_ENDO_2,4952,2
RAM2019_ENDO_2,4953,3
RAM2019_ENDO_2,4954,6
RAM2019_ENDO_2,4955,4
RAM2019_ENDO_2,4956,5
RAM2019_ENDO_2,4957,7
RAM2019_ENDO_2,4958,1
RAM2019_ENDO_2,4959,5
RAM2019_ENDO_2,4960,2
RAM2019_ENDO_2,4961,5
RAM2019_ENDO_2,4962,4
RAM2019_ENDO_2,4963,3
RAM2019_ENDO_2,4964,6
RAM2019_ENDO_2,4965,7
RAM2019_ENDO_2,4966,3
RAM2019_ENDO_2,4967,4
RAM2019_ENDO_2,4968,6
RAM2019_ENDO_2,4969,3
RAM2019_ENDO_2,4970,7
RAM2019_ENDO_2,4971,6
RAM2019_ENDO_2,4972,2
RAM2019_ENDO_2,4973,4
RAM2019_ENDO_2,4974,1
RAM2019_ENDO_2,4975,6
RAM2019_ENDO_2,4976,6
RAM2019_ENDO_2,4977,4
RAM2019_ENDO_2,4978,7
RAM2019_ENDO_2,4979,5
RAM2019_ENDO_2,4980,2
RAM2019_ENDO_2,4981,5
RAM2019_ENDO_2,4982,3
RAM2019_ENDO_2,4983,7
RAM2019_ENDO_2,4984,5
RAM2019_ENDO_2,4985,6
RAM2019_ENDO_2,4986,4
RAM2019_ENDO_2,4987,9
RAM2019_ENDO_2,4988,5
RAM2019_ENDO_2,4989,4
RAM2019_ENDO_2,4990,4
RAM2019_ENDO_2,4991,1
RAM2019_ENDO_2,4992,6
RAM2019_ENDO_2,4993,9
RAM2019_ENDO_2,4994,7
RAM2019_ENDO_2,4995,3
RAM2019_ENDO_2,4996,6
RAM2019_ENDO_2,4997,5
RAM2019_ENDO_2,4998,3
RAM2019_ENDO_2,4999,4
RAM2019_ENDO_2,5000,4
RAM2019_ENDO_2,5001,3
RAM2019_ENDO_2,5002,2
RAM2019_ENDO_2,5003,3
RAM2019_ENDO_2,5004,2
RAM2019_ENDO_2,5005,7
RAM2019_ENDO_2,5006,7
RAM2019_ENDO_2,5007,1
RAM2019_ENDO_2,5008,5
RAM2019_ENDO_2,5009,2
RAM2019_ENDO_2,5010,4
RAM2019_ENDO_2,5011,3
RAM2019_ENDO_2,5012,8
RAM2019_ENDO_2,5013,6
RAM2019_ENDO_2,5014,3
RAM2019_ENDO_2,5015,2
RAM2019_ENDO_2,5016,6
RAM2019_ENDO_2,5017,3
RAM2019_ENDO_2,5018,4
RAM2019_ENDO_2,5019,5
RAM2019_ENDO_2,5020,5
RAM2019_ENDO_2,5021,5
RAM2019_ENDO_2,5022,6
RAM2019_ENDO_2,5023,6
RAM2019_ENDO_2,5024,3
RAM2019_ENDO_2,5025,7
RAM2019_ENDO_2,5026,4
RAM2019_ENDO_2,5027,5
RAM2019_ENDO_2,5028,3
RAM2019_ENDO_2,5029,2
RAM2019_ENDO_2,5030,5
RAM2019_ENDO_2,5031,5
RAM2019_ENDO_2,5032,6
RAM2019_ENDO_2,5033,5
RAM2019_ENDO_2,5034,7
RAM2019_ENDO_2,5035,4
RAM2019_ENDO_2,5036,3
RAM2019_ENDO_2,5037,6
RAM2019_ENDO_2,5038,3
RAM2019_ENDO_2,5039,3
RAM2019_ENDO_2,5040,4
RAM2019_ENDO_2,5041,4
RAM2019_ENDO_2,5042,3
RAM2019_ENDO_2,5043,1
RAM2019_ENDO_2,5044,5
RAM2019_ENDO_2,5045,10
RAM2019_ENDO_2,5046,4
RAM2019_ENDO_2,5047,6
RAM2019_ENDO_2,5048,3
RAM2019_ENDO_2,5049,2
RAM2019_ENDO_2,5050,7
RAM2019_ENDO_2,5051,6
RAM2019_ENDO_2,5052,6
RAM2019_ENDO_2,5053,2
RAM2019_ENDO_2,5054,6
RAM2019_ENDO_2,5055,6
RAM2019_ENDO_2,5056,1
RAM2019_ENDO_2,5057,3
RAM2019_ENDO_2,5058,4
RAM2019_ENDO_2,5059,6
RAM2019_ENDO_2,5060,5
RAM2019_ENDO_2,5061,4
RAM2019_ENDO_2,5062,5
RAM2019_ENDO_2,5063,5
RAM2019_ENDO_2,5064,3
RAM2019_ENDO_2,5065,2
RAM2019_ENDO_2,5066,4
RAM2019_ENDO_2,5067,1
RAM2019_ENDO_2,5068,3
RAM2019_ENDO_2,5069,3
RAM2019_ENDO_2,5070,1
RAM2019_ENDO_2,5071,8
RAM2019_ENDO_2,5072,6
RAM2019_ENDO_2,5073,6
RAM2019_ENDO_2,5074,2
RAM2019_ENDO_2,5075,8
RAM2019_ENDO_2,5076,3
RAM2019_ENDO_2,5077,8
RAM2019_ENDO_2,5078,3
RAM2019_ENDO_2,5079,1
RAM2019_ENDO_2,5080,4
RAM2019_ENDO_2,5081,5
RAM2019_ENDO_2,5082,6
RAM2019_ENDO_2,5083,7
RAM2019_ENDO_2,5084,5
RAM2019_ENDO_2,5085,0
RAM2019_ENDO_2,5086,5
RAM2019_ENDO_2,5087,2
RAM2019_ENDO_2,5088,3
RAM2019_ENDO_2,5089,3
RAM2019_ENDO_2,5090,9
RAM2019_ENDO_2,5091,7
RAM2019_ENDO_2,5092,5
RAM2019_ENDO_2,5093,5
RAM2019_ENDO_2,5094,3
RAM2019_ENDO_2,5095,5
RAM2019_ENDO_2,5096,2
RAM2019_ENDO_2,5097,4
RAM2019_ENDO_2,5098,6
RAM2019_ENDO_2,5099,7
RAM2019_ENDO_2,5100,5
RAM2019_ENDO_2,5101,1
RAM2019_ENDO_2,5102,3
RAM2019_ENDO_2,5103,4
RAM2019_ENDO_2,5104,1
RAM2019_ENDO_2,5105,3
RAM2019_ENDO_2,5106,6
RAM2019_ENDO_2,5107,5
RAM2019_ENDO_2,5108,6
RAM2019_ENDO_2,5109,2
RAM2019_ENDO_2,5110,5
RAM2019_ENDO_2,5111,0
RAM2019_ENDO_2,5112,2
RAM2019_ENDO_2,5113,4
RAM2019_ENDO_2,5114,3
RAM2019_ENDO_2,5115,6
RAM2019_ENDO_2,5116,3
RAM2019_ENDO_2,5117,5
RAM2019_ENDO_2,5118,2
RAM2019_ENDO_2,5119,5
RAM2019_ENDO_2,5120,5
RAM2019_ENDO_2,5121,7
RAM2019_ENDO_2,5122,4
RAM2019_ENDO_2,5123,5
RAM2019_ENDO_2,5124,5
RAM2019_ENDO_2,5125,4
RAM2019_ENDO_2,5126,7
RAM2019_ENDO_2,5127,3
RAM2019_ENDO_2,5128,7
RAM2019_ENDO_2,5129,5
RAM2019_ENDO_2,5130,2
RAM2019_ENDO_2,5131,5
RAM2019_ENDO_2,5132,3
RAM2019_ENDO_2,5133,4
RAM2019_ENDO_2,5134,4
RAM2019_ENDO_2,5135,6
RAM2019_ENDO_2,5136,8
RAM2019_ENDO_2,5137,8
RAM2019_ENDO_2,5138,3
RAM2019_ENDO_2,5139,2
RAM2019_ENDO_2,5140,6
RAM2019_ENDO_2,5141,3
RAM2019_ENDO_2,5142,8
RAM2019_ENDO_2,5143,4
RAM2019_ENDO_2,5144,2
RAM2019_ENDO_2,5145,5
RAM2019_ENDO_2,5146,2
RAM2019_ENDO_2,5147,3
RAM2019_ENDO_2,5148,4
RAM2019_ENDO_2,5149,1
RAM2019_ENDO_2,5150,6
RAM2019_ENDO_2,5151,6
RAM2019_ENDO_2,5152,4
RAM2019_ENDO_2,5153,4
RAM2019_ENDO_2,5154,3
RAM2019_ENDO_2,5155,2
RAM2019_ENDO_2,5156,5
RAM2019_ENDO_2,5157,4
RAM2019_ENDO_2,5158,5
RAM2019_ENDO_2,5159,3
RAM2019_ENDO_2,5160,6
RAM2019_ENDO_2,5161,2
RAM2019_ENDO_2,5162,4
RAM2019_ENDO_2,5163,7
RAM2019_ENDO_2,5164,5
RAM2019_ENDO_2,5165,4
RAM2019_ENDO_2,5166,1
RAM2019_ENDO_2,5167,9
RAM2019_ENDO_2,5168,3
RAM2019_ENDO_2,5169,2
RAM2019_ENDO_2,5170,2
RAM2019_ENDO_2,5171,7
RAM2019_ENDO_2,5172,5
RAM2019_ENDO_2,5173,3
RAM2019_ENDO_2,5174,4
RAM2019_ENDO_2,5175,7
RAM2019_ENDO_2,5176,2
RAM2019_ENDO_2,5177,5
RAM2019_ENDO_2,5178,4
RAM2019_ENDO_2,5179,3
RAM2019_ENDO_2,5180,4
RAM2019_ENDO_2,5181,3
RAM2019_ENDO_2,5182,5
RAM2019_ENDO_2,5183,4
RAM2019_ENDO_2,5184,5
RAM2019_ENDO_2,5185,5
RAM2019_ENDO_2,5186,4
RAM2019_ENDO_2,5187,6
RAM2019_ENDO_2,5188,3
RAM2019_ENDO_2,5189,7
RAM2019_ENDO_2,5190,5
RAM2019_ENDO_2,5191,5
RAM2019_ENDO_2,5192,8
RAM2019_ENDO_2,5193,8
RAM2019_ENDO_2,5194,1
RAM2019_ENDO_2,5195,4
RAM2019_ENDO_2,5196,5
RAM2019_ENDO_2,5197,7
RAM2019_ENDO_2,5198,4
RAM2019_ENDO_2,5199,4
RAM2019_ENDO_2,5200,3
RAM2019_ENDO_2,5201,3
RAM2019_ENDO_2,5202,2
RAM2019_ENDO_2,5203,6
RAM2019_ENDO_2,5204,3
RAM2019_ENDO_2,5205,2
RAM2019_ENDO_2,5206,4
RAM2019_ENDO_2,5207,4
RAM2019_ENDO_2,5208,13
RAM2019_ENDO_2,5209,4
RAM2019_ENDO_2,5210,6
RAM2019_ENDO_2,5211,4
RAM2019_ENDO_2,5212,1
RAM2019_ENDO_2,5213,5
RAM2019_ENDO_2,5214,4
RAM2019_ENDO_2,5215,4
RAM2019_ENDO_2,5216,5
RAM2019_ENDO_2,5217,9
RAM2019_ENDO_2,5218,5
RAM2019_ENDO_2,5219,5
RAM2019_ENDO_2,5220,4
RAM2019_ENDO_2,5221,5
RAM2019_ENDO_2,5222,2
RAM2019_ENDO_2,5223,2
RAM2019_ENDO_2,5224,5
RAM2019_ENDO_2,5225,4
RAM2019_ENDO_2,5226,2
RAM2019_ENDO_2,5227,4
RAM2019_ENDO_2,5228,6
RAM2019_ENDO_2,5229,3
RAM2019_ENDO_2,5230,4
RAM2019_ENDO_2,5231,3
RAM2019_ENDO_2,5232,4
RAM2019_ENDO_2,5233,5
RAM2019_ENDO_2,5234,5
RAM2019_ENDO_2,5235,5
RAM2019_ENDO_2,5236,1
RAM2019_ENDO_2,5237,3
RAM2019_ENDO_2,5238,6
RAM2019_ENDO_2,5239,2
RAM2019_ENDO_2,5240,3
RAM2019_ENDO_2,5241,5
RAM2019_ENDO_2,5242,3
RAM2019_ENDO_2,5243,5
RAM2019_ENDO_2,5244,7
RAM2019_ENDO_2,5245,6
RAM2019_ENDO_2,5246,2
RAM2019_ENDO_2,5247,5
RAM2019_ENDO_2,5248,5
RAM2019_ENDO_2,5249,2
RAM2019_ENDO_2,5250,1
RAM2019_ENDO_2,5251,7
RAM2019_ENDO_2,5252,3
RAM2019_ENDO_2,5253,7
RAM2019_ENDO_2,5254,5
RAM2019_ENDO_2,5255,6
RAM2019_ENDO_2,5256,5
RAM2019_ENDO_2,5257,8
RAM2019_ENDO_2,5258,2
RAM2019_ENDO_2,5259,4
RAM2019_ENDO_2,5260,3
RAM2019_ENDO_2,5261,6
RAM2019_ENDO_2,5262,2
RAM2019_ENDO_2,5263,4
RAM2019_ENDO_2,5264,3
RAM2019_ENDO_2,5265,4
RAM2019_ENDO_2,5266,6
RAM2019_ENDO_2,5267,1
RAM2019_ENDO_2,5268,0
RAM2019_ENDO_2,5269,3
RAM2019_ENDO_2,5270,6
RAM2019_ENDO_2,5271,7
RAM2019_ENDO_2,5272,3
RAM2019_ENDO_2,5273,6
RAM2019_ENDO_2,5274,4
RAM2019_ENDO_2,5275,7
RAM2019_ENDO_2,5276,5
RAM2019_ENDO_2,5277,3
RAM2019_ENDO_2,5278,4
RAM2019_ENDO_2,5279,9
RAM2019_ENDO_2,5280,4
RAM2019_ENDO_2,5281,8
RAM2019_ENDO_2,5282,6
RAM2019_ENDO_2,5283,9
RAM2019_ENDO_2,5284,2
RAM2019_ENDO_2,5285,3
RAM2019_ENDO_2,5286,5
RAM2019_ENDO_2,5287,7
RAM2019_ENDO_2,5288,4
RAM2019_ENDO_2,5289,3
RAM2019_ENDO_2,5290,3
RAM2019_ENDO_2,5291,5
RAM2019_ENDO_2,5292,7
RAM2019_ENDO_2,5293,2
RAM2019_ENDO_2,5294,6
RAM2019_ENDO_2,5295,4
RAM2019_ENDO_2,5296,4
RAM2019_ENDO_2,5297,3
RAM2019_ENDO_2,5298,5
RAM2019_ENDO_2,5299,7
RAM2019_ENDO_2,5300,4
RAM2019_ENDO_2,5301,5
RAM2019_ENDO_2,5302,3
RAM2019_ENDO_2,5303,4
RAM2019_ENDO_2,5304,3
RAM2019_ENDO_2,5305,3
RAM2019_ENDO_2,5306,6
RAM2019_ENDO_2,5307,6
RAM2019_ENDO_2,5308,5
RAM2019_ENDO_2,5309,4
RAM2019_ENDO_2,5310,4
RAM2019_ENDO_2,5311,2
RAM2019_ENDO_2,5312,6
RAM2019_ENDO_2,5313,5
RAM2019_ENDO_2,5314,7
RAM2019_ENDO_2,5315,5
RAM2019_ENDO_2,5316,2
RAM2019_ENDO_2,5317,6
RAM2019_ENDO_2,5318,6
RAM2019_ENDO_2,5319,4
RAM2019_ENDO_2,5320,4
RAM2019_ENDO_2,5321,4
RAM2019_ENDO_2,5322,1
RAM2019_ENDO_2,5323,0
RAM2019_ENDO_2,5324,1
RAM2019_ENDO_2,5325,0
RAM2019_ENDO_2,5326,3
RAM2019_ENDO_2,5327,1
RAM2019_ENDO_2,5328,5
RAM2019_ENDO_2,5329,4
RAM2019_ENDO_2,5330,5
RAM2019_ENDO_2,5331,3
RAM2019_ENDO_2,5332,5
RAM2019_ENDO_2,5333,7
RAM2019_ENDO_2,5334,1
RAM2019_ENDO_2,5335,3
RAM2019_ENDO_2,5336,5
RAM2019_ENDO_2,5337,4
RAM2019_ENDO_2,5338,6
RAM2019_ENDO_2,5339,4
RAM2019_ENDO_2,5340,7
RAM2019_ENDO_2,5341,2
RAM2019_ENDO_2,5342,3
RAM2019_ENDO_2,5343,3
RAM2019_ENDO_2,5344,3
RAM2019_ENDO_2,5345,5
RAM2019_ENDO_2,5346,4
RAM2019_ENDO_2,5347,2
RAM2019_ENDO_2,5348,5
RAM2019_ENDO_2,5349,2
RAM2019_ENDO_2,5350,7
RAM2019_ENDO_2,5351,5
RAM2019_ENDO_2,5352,2
RAM2019_ENDO_2,5353,5
RAM2019_ENDO_2,5354,4
RAM2019_ENDO_2,5355,3
RAM2019_ENDO_2,5356,4
RAM2019_ENDO_2,5357,5
RAM2019_ENDO_2,5358,5
RAM2019_ENDO_2,5359,6
RAM2019_ENDO_2,5360,6
RAM2019_ENDO_2,5361,5
RAM2019_ENDO_2,5362,5
RAM2019_ENDO_2,5363,4
RAM2019_ENDO_2,5364,8
RAM2019_ENDO_2,5365,2
RAM2019_ENDO_2,5366,4
RAM2019_ENDO_2,5367,9
RAM2019_ENDO_2,5368,3
RAM2019_ENDO_2,5369,4
RAM2019_ENDO_2,5370,4
RAM2019_ENDO_2,5371,7
RAM2019_ENDO_2,5372,1
RAM2019_ENDO_2,5373,4
RAM2019_ENDO_2,5374,1
RAM2019_ENDO_2,5375,6
RAM2019_ENDO_2,5376,4
RAM2019_ENDO_2,5377,4
RAM2019_ENDO_2,5378,7
RAM2019_ENDO_2,5379,4
RAM2019_ENDO_2,5380,5
RAM2019_ENDO_2,5381,7
RAM2019_ENDO_2,5382,2
RAM2019_ENDO_2,5383,10
RAM2019_ENDO_2,5384,4
RAM2019_ENDO_2,5385,3
RAM2019_ENDO_2,5386,6
RAM2019_ENDO_2,5387,2
RAM2019_ENDO_2,5388,6
RAM2019_ENDO_2,5389,4
RAM2019_ENDO_2,5390,3
RAM2019_ENDO_2,5391,7
RAM2019_ENDO_2,5392,2
RAM2019_ENDO_2,5393,6
RAM2019_ENDO_2,5394,1
RAM2019_ENDO_2,5395,5
RAM2019_ENDO_2,5396,6
RAM2019_ENDO_2,5397,5
RAM2019_ENDO_2,5398,2
RAM2019_ENDO_2,5399,5
RAM2019_ENDO_2,5400,7
RAM2019_ENDO_2,5401,2
RAM2019_ENDO_2,5402,2
RAM2019_ENDO_2,5403,6
RAM2019_ENDO_2,5404,9
RAM2019_ENDO_2,5405,5
RAM2019_ENDO_2,5406,4
RAM2019_ENDO_2,5407,3
RAM2019_ENDO_2,5408,3
RAM2019_ENDO_2,5409,4
RAM2019_ENDO_2,5410,4
RAM2019_ENDO_2,5411,8
RAM2019_ENDO_2,5412,4
RAM2019_ENDO_2,5413,3
RAM2019_ENDO_2,5414,7
RAM2019_ENDO_2,5415,7
RAM2019_ENDO_2,5416,3
RAM2019_ENDO_2,5417,4
RAM2019_ENDO_2,5418,5
RAM2019_ENDO_2,5419,4
RAM2019_ENDO_2,5420,4
RAM2019_ENDO_2,5421,1
RAM2019_ENDO_2,5422,4
RAM2019_ENDO_2,5423,4
RAM2019_ENDO_2,5424,9
RAM2019_ENDO_2,5425,3
RAM2019_ENDO_2,5426,5
RAM2019_ENDO_2,5427,3
RAM2019_ENDO_2,5428,4
RAM2019_ENDO_2,5429,9
RAM2019_ENDO_2,5430,4
RAM2019_ENDO_2,5431,6
RAM2019_ENDO_2,5432,6
RAM2019_ENDO_2,5433,5
RAM2019_ENDO_2,5434,4
RAM2019_ENDO_2,5435,3
RAM2019_ENDO_2,5436,6
RAM2019_ENDO_2,5437,3
RAM2019_ENDO_2,5438,3
RAM2019_ENDO_2,5439,3
RAM2019_ENDO_2,5440,3
RAM2019_ENDO_2,5441,2
RAM2019_ENDO_2,5442,3
RAM2019_ENDO_2,5443,4
RAM2019_ENDO_2,5444,0
RAM2019_ENDO_2,5445,8
RAM2019_ENDO_2,5446,6
RAM2019_ENDO_2,5447,3
RAM2019_ENDO_2,5448,4
RAM2019_ENDO_2,5449,5
RAM2019_ENDO_2,5450,6
RAM2019_ENDO_2,5451,4
RAM2019_ENDO_2,5452,5
RAM2019_ENDO_2,5453,12
RAM2019_ENDO_2,5454,6
RAM2019_ENDO_2,5455,1
RAM2019_ENDO_2,5456,4
RAM2019_ENDO_2,5457,6
RAM2019_ENDO_2,5458,5
RAM2019_ENDO_2,5459,5
RAM2019_ENDO_2,5460,4
RAM2019_ENDO_2,5461,6
RAM2019_ENDO_2,5462,4
RAM2019_ENDO_2,5463,1
RAM2019_ENDO_2,5464,4
RAM2019_ENDO_2,5465,4
RAM2019_ENDO_2,5466,7
RAM2019_ENDO_2,5467,6
RAM2019_ENDO_2,5468,2
RAM2019_ENDO_2,5469,4
RAM2019_ENDO_2,5470,4
RAM2019_ENDO_2,5471,3
RAM2019_ENDO_2,5472,5
RAM2019_ENDO_2,5473,3
RAM2019_ENDO_2,5474,4
RAM2019_ENDO_2,5475,2
RAM2019_ENDO_2,5476,2
RAM2019_ENDO_2,5477,5
RAM2019_ENDO_2,5478,2
RAM2019_ENDO_2,5479,2
RAM2019_ENDO_2,5480,4
RAM2019_ENDO_2,5481,5
RAM2019_ENDO_2,5482,3
RAM2019_ENDO_2,5483,2
RAM2019_ENDO_2,5484,7
RAM2019_ENDO_2,5485,3
RAM2019_ENDO_2,5486,6
RAM2019_ENDO_2,5487,5
RAM2019_ENDO_2,5488,7
RAM2019_ENDO_2,5489,2
RAM2019_ENDO_2,5490,2
RAM2019_ENDO_2,5491,5
RAM2019_ENDO_2,5492,6
RAM2019_ENDO_2,5493,8
RAM2019_ENDO_2,5494,2
RAM2019_ENDO_2,5495,3
RAM2019_ENDO_2,5496,4
RAM2019_ENDO_2,5497,9
RAM2019_ENDO_2,5498,4
RAM2019_ENDO_2,5499,4
RAM2019_ENDO_2,5500,10
RAM2019_ENDO_2,5501,5
RAM2019_ENDO_2,5502,3
RAM2019_ENDO_2,5503,5
RAM2019_ENDO_2,5504,3
RAM2019_ENDO_2,5505,3
RAM2019_ENDO_2,5506,3
RAM2019_ENDO_2,5507,3
RAM2019_ENDO_2,5508,3
RAM2019_ENDO_2,5509,4
RAM2019_ENDO_2,5510,4
RAM2019_ENDO_2,5511,7
RAM2019_ENDO_2,5512,5
RAM2019_ENDO_2,5513,5
RAM2019_ENDO_2,5514,6
RAM2019_ENDO_2,5515,4
RAM2019_ENDO_2,5516,2
RAM2019_ENDO_2,5517,2
RAM2019_ENDO_2,5518,4
RAM2019_ENDO_2,5519,5
RAM2019_ENDO_2,5520,4
RAM2019_ENDO_2,5521,7
RAM2019_ENDO_2,5522,4
RAM2019_ENDO_2,5523,5
RAM2019_ENDO_2,5524,8
RAM2019_ENDO_2,5525,5
RAM2019_ENDO_2,5526,1
RAM2019_ENDO_2,5527,10
RAM2019_ENDO_2,5528,1
RAM2019_ENDO_2,5529,4
RAM2019_ENDO_2,5530,3
RAM2019_ENDO_2,5531,8
RAM2019_ENDO_2,5532,7
RAM2019_ENDO_2,5533,5
RAM2019_ENDO_2,5534,3
RAM2019_ENDO_2,5535,5
RAM2019_ENDO_2,5536,3
RAM2019_ENDO_2,5537,5
RAM2019_ENDO_2,5538,3
RAM2019_ENDO_2,5539,2
RAM2019_ENDO_2,5540,4
RAM2019_ENDO_2,5541,4
RAM2019_ENDO_2,5542,3
RAM2019_ENDO_2,5543,2
RAM2019_ENDO_2,5544,3
RAM2019_ENDO_2,5545,5
RAM2019_ENDO_2,5546,5
RAM2019_ENDO_2,5547,1
RAM2019_ENDO_2,5548,4
RAM2019_ENDO_2,5549,6
RAM2019_ENDO_2,5550,1
RAM2019_ENDO_2,5551,7
RAM2019_ENDO_2,5552,6
RAM2019_ENDO_2,5553,3
RAM2019_ENDO_2,5554,4
RAM2019_ENDO_2,5555,5
RAM2019_ENDO_2,5556,2
RAM2019_ENDO_2,5557,5
RAM2019_ENDO_2,5558,6
RAM2019_ENDO_2,5559,7
RAM2019_ENDO_2,5560,6
RAM2019_ENDO_2,5561,4
RAM2019_ENDO_2,5562,2
RAM2019_ENDO_2,5563,3
RAM2019_ENDO_2,5564,3
RAM2019_ENDO_2,5565,3
RAM2019_ENDO_2,5566,3
RAM2019_ENDO_2,5567,4
RAM2019_ENDO_2,5568,5
RAM2019_ENDO_2,5569,7
RAM2019_ENDO_2,5570,3
RAM2019_ENDO_2,5571,6
RAM2019_ENDO_2,5572,6
RAM2019_ENDO_2,5573,6
RAM2019_ENDO_2,5574,1
RAM2019_ENDO_2,5575,3
RAM2019_ENDO_2,5576,6
RAM2019_ENDO_2,5577,4
RAM2019_ENDO_2,5578,3
RAM2019_ENDO_2,5579,3
RAM2019_ENDO_2,5580,8
RAM2019_ENDO_2,5581,3
RAM2019_ENDO_2,5582,4
RAM2019_ENDO_2,5583,7
RAM2019_ENDO_2,5584,3
RAM2019_ENDO_2,5585,1
RAM2019_ENDO_2,5586,3
RAM2019_ENDO_2,5587,3
RAM2019_ENDO_2,5588,6
RAM2019_ENDO_2,5589,6
RAM2019_ENDO_2,5590,5
RAM2019_ENDO_2,5591,3
RAM2019_ENDO_2,5592,7
RAM2019_ENDO_2,5593,4
RAM2019_ENDO_2,5594,8
RAM2019_ENDO_2,5595,4
RAM2019_ENDO_2,5596,7
RAM2019_ENDO_2,5597,4
RAM2019_ENDO_2,5598,1
RAM2019_ENDO_2,5599,2
RAM2019_ENDO_2,5600,4
RAM2019_ENDO_2,5601,3
RAM2019_ENDO_2,5602,1
RAM2019_ENDO_2,5603,4
RAM2019_ENDO_2,5604,3
RAM2019_ENDO_2,5605,3
RAM2019_ENDO_2,5606,7
RAM2019_ENDO_2,5607,4
RAM2019_ENDO_2,5608,2
RAM2019_ENDO_2,5609,7
RAM2019_ENDO_2,5610,3
RAM2019_ENDO_2,5611,4
RAM2019_ENDO_2,5612,1
RAM2019_ENDO_2,5613,2
RAM2019_ENDO_2,5614,4
RAM2019_ENDO_2,5615,3
RAM2019_ENDO_2,5616,5
RAM2019_ENDO_2,5617,6
RAM2019_ENDO_2,5618,3
RAM2019_ENDO_2,5619,4
RAM2019_ENDO_2,5620,6
RAM2019_ENDO_2,5621,7
RAM2019_ENDO_2,5622,2
RAM2019_ENDO_2,5623,9
RAM2019_ENDO_2,5624,8
RAM2019_ENDO_2,5625,6
RAM2019_ENDO_2,5626,5
RAM2019_ENDO_2,5627,3
RAM2019_ENDO_2,5628,2
RAM2019_ENDO_2,5629,9
RAM2019_ENDO_2,5630,5
RAM2019_ENDO_2,5631,6
RAM2019_ENDO_2,5632,4
RAM2019_ENDO_2,5633,0
RAM2019_ENDO_2,5634,2
RAM2019_ENDO_2,5635,3
RAM2019_ENDO_2,5636,2
RAM2019_ENDO_2,5637,5
RAM2019_ENDO_2,5638,10
RAM2019_ENDO_2,5639,2
RAM2019_ENDO_2,5640,5
RAM2019_ENDO_2,5641,3
RAM2019_ENDO_2,5642,9
RAM2019_ENDO_2,5643,6
RAM2019_ENDO_2,5644,3
RAM2019_ENDO_2,5645,9
RAM2019_ENDO_2,5646,4
RAM2019_ENDO_2,5647,6
RAM2019_ENDO_2,5648,4
RAM2019_ENDO_2,5649,2
RAM2019_ENDO_2,5650,4
RAM2019_ENDO_2,5651,2
RAM2019_ENDO_2,5652,3
RAM2019_ENDO_2,5653,2
RAM2019_ENDO_2,5654,4
RAM2019_ENDO_2,5655,5
RAM2019_ENDO_2,5656,4
RAM2019_ENDO_2,5657,3
RAM2019_ENDO_2,5658,6
RAM2019_ENDO_2,5659,4
RAM2019_ENDO_2,5660,7
RAM2019_ENDO_2,5661,9
RAM2019_ENDO_2,5662,5
RAM2019_ENDO_2,5663,5
RAM2019_ENDO_2,5664,8
RAM2019_ENDO_2,5665,3
RAM2019_ENDO_2,5666,2
RAM2019_ENDO_2,5667,4
RAM2019_ENDO_2,5668,1
RAM2019_ENDO_2,5669,3
RAM2019_ENDO_2,5670,5
RAM2019_ENDO_2,5671,3
RAM2019_ENDO_2,5672,2
RAM2019_ENDO_2,5673,5
RAM2019_ENDO_2,5674,5
RAM2019_ENDO_2,5675,2
RAM2019_ENDO_2,5676,2
RAM2019_ENDO_2,5677,6
RAM2019_ENDO_2,5678,11
RAM2019_ENDO_2,5679,4
RAM2019_ENDO_2,5680,4
RAM2019_ENDO_2,5681,2
RAM2019_ENDO_2,5682,2
RAM2019_ENDO_2,5683,7
RAM2019_ENDO_2,5684,3
RAM2019_ENDO_2,5685,6
RAM2019_ENDO_2,5686,3
RAM2019_ENDO_2,5687,2
RAM2019_ENDO_2,5688,6
RAM2019_ENDO_2,5689,3
RAM2019_ENDO_2,5690,3
RAM2019_ENDO_2,5691,4
RAM2019_ENDO_2,5692,5
RAM2019_ENDO_2,5693,4
RAM2019_ENDO_2,5694,3
RAM2019_ENDO_2,5695,2
RAM2019_ENDO_2,5696,4
RAM2019_ENDO_2,5697,5
RAM2019_ENDO_2,5698,4
RAM2019_ENDO_2,5699,7
RAM2019_ENDO_2,5700,9
RAM2019_ENDO_2,5701,3
RAM2019_ENDO_2,5702,2
RAM2019_ENDO_2,5703,5
RAM2019_ENDO_2,5704,4
RAM2019_ENDO_2,5705,1
RAM2019_ENDO_2,5706,4
RAM2019_ENDO_2,5707,3
RAM2019_ENDO_2,5708,5
RAM2019_ENDO_2,5709,5
RAM2019_ENDO_2,5710,7
RAM2019_ENDO_2,5711,7
RAM2019_ENDO_2,5712,4
RAM2019_ENDO_2,5713,3
RAM2019_ENDO_2,5714,10
RAM2019_ENDO_2,5715,4
RAM2019_ENDO_2,5716,4
RAM2019_ENDO_2,5717,5
RAM2019_ENDO_2,5718,4
RAM2019_ENDO_2,5719,4
RAM2019_ENDO_2,5720,9
RAM2019_ENDO_2,5721,4
RAM2019_ENDO_2,5722,5
RAM2019_ENDO_2,5723,4
RAM2019_ENDO_2,5724,3
RAM2019_ENDO_2,5725,8
RAM2019_ENDO_2,5726,5
RAM2019_ENDO_2,5727,4
RAM2019_ENDO_2,5728,3
RAM2019_ENDO_2,5729,4
RAM2019_ENDO_2,5730,2
RAM2019_ENDO_2,5731,4
RAM2019_ENDO_2,5732,7
RAM2019_ENDO_2,5733,2
RAM2019_ENDO_2,5734,5
RAM2019_ENDO_2,5735,5
RAM2019_ENDO_2,5736,3
RAM2019_ENDO_2,5737,3
RAM2019_ENDO_2,5738,4
RAM2019_ENDO_2,5739,2
RAM2019_ENDO_2,5740,2
RAM2019_ENDO_2,5741,4
RAM2019_ENDO_2,5742,8
RAM2019_ENDO_2,5743,2
RAM2019_ENDO_2,5744,4
RAM2019_ENDO_2,5745,3
RAM2019_ENDO_2,5746,6
RAM2019_ENDO_2,5747,8
RAM2019_ENDO_2,5748,3
RAM2019_ENDO_2,5749,3
RAM2019_ENDO_2,5750,3
RAM2019_ENDO_2,5751,7
RAM2019_ENDO_2,5752,3
RAM2019_ENDO_2,5753,9
RAM2019_ENDO_2,5754,8
RAM2019_ENDO_2,5755,3
RAM2019_ENDO_2,5756,5
RAM2019_ENDO_2,5757,4
RAM2019_ENDO_2,5758,3
RAM2019_ENDO_2,5759,6
RAM2019_ENDO_2,5760,7
RAM2019_ENDO_2,5761,4
RAM2019_ENDO_2,5762,3
RAM2019_ENDO_2,5763,1
RAM2019_ENDO_2,5764,3
RAM2019_ENDO_2,5765,8
RAM2019_ENDO_2,5766,2
RAM2019_ENDO_2,5767,6
RAM2019_ENDO_2,5768,4
RAM2019_ENDO_2,5769,4
RAM2019_ENDO_2,5770,1
RAM2019_ENDO_2,5771,3
RAM2019_ENDO_2,5772,3
RAM2019_ENDO_2,5773,1
RAM2019_ENDO_2,5774,5
RAM2019_ENDO_2,5775,5
RAM2019_ENDO_2,5776,4
RAM2019_ENDO_2,5777,5
RAM2019_ENDO_2,5778,4
RAM2019_ENDO_2,5779,4
RAM2019_ENDO_2,5780,5
RAM2019_ENDO_2,5781,6
RAM2019_ENDO_2,5782,2
RAM2019_ENDO_2,5783,6
RAM2019_ENDO_2,5784,0
RAM2019_ENDO_2,5785,7
RAM2019_ENDO_2,5786,5
RAM2019_ENDO_2,5787,2
RAM2019_ENDO_2,5788,4
RAM2019_ENDO_2,5789,5
RAM2019_ENDO_2,5790,5
RAM2019_ENDO_2,5791,8
RAM2019_ENDO_2,5792,2
RAM2019_ENDO_2,5793,1
RAM2019_ENDO_2,5794,3
RAM2019_ENDO_2,5795,5
RAM2019_ENDO_2,5796,4
RAM2019_ENDO_2,5797,5
RAM2019_ENDO_2,5798,4
RAM2019_ENDO_2,5799,4
RAM2019_ENDO_2,5800,4
RAM2019_ENDO_2,5801,8
RAM2019_ENDO_2,5802,2
RAM2019_ENDO_2,5803,2
RAM2019_ENDO_2,5804,8
RAM2019_ENDO_2,5805,0
RAM2019_ENDO_2,5806,3
RAM2019_ENDO_2,5807,3
RAM2019_ENDO_2,5808,5
RAM2019_ENDO_2,5809,1
RAM2019_ENDO_2,5810,3
RAM2019_ENDO_2,5811,6
RAM2019_ENDO_2,5812,3
RAM2019_ENDO_2,5813,9
RAM2019_ENDO_2,5814,5
RAM2019_ENDO_2,5815,2
RAM2019_ENDO_2,5816,4
RAM2019_ENDO_2,5817,2
RAM2019_ENDO_2,5818,3
RAM2019_ENDO_2,5819,5
RAM2019_ENDO_2,5820,3
RAM2019_ENDO_2,5821,8
RAM2019_ENDO_2,5822,4
RAM2019_ENDO_2,5823,3
RAM2019_ENDO_2,5824,1
RAM2019_ENDO_2,5825,4
RAM2019_ENDO_2,5826,5
RAM2019_ENDO_2,5827,5
RAM2019_ENDO_2,5828,0
RAM2019_ENDO_2,5829,3
RAM2019_ENDO_2,5830,3
RAM2019_ENDO_2,5831,5
RAM2019_ENDO_2,5832,2
RAM2019_ENDO_2,5833,1
RAM2019_ENDO_2,5834,4
RAM2019_ENDO_2,5835,6
RAM2019_ENDO_2,5836,1
RAM2019_ENDO_2,5837,5
RAM2019_ENDO_2,5838,2
RAM2019_ENDO_2,5839,6
RAM2019_ENDO_2,5840,5
RAM2019_ENDO_2,5841,3
RAM2019_ENDO_2,5842,3
RAM2019_ENDO_2,5843,3
RAM2019_ENDO_2,5844,4
RAM2019_ENDO_2,5845,4
RAM2019_ENDO_2,5846,5
RAM2019_ENDO_2,5847,4
RAM2019_ENDO_2,5848,4
RAM2019_ENDO_2,5849,3
RAM2019_ENDO_2,5850,3
RAM2019_ENDO_2,5851,4
RAM2019_ENDO_2,5852,7
RAM2019_ENDO_2,5853,2
RAM2019_ENDO_2,5854,3
RAM2019_ENDO_2,5855,5
RAM2019_ENDO_2,5856,7
RAM2019_ENDO_2,5857,4
RAM2019_ENDO_2,5858,4
RAM2019_ENDO_2,5859,5
RAM2019_ENDO_2,5860,5
RAM2019_ENDO_2,5861,8
RAM2019_ENDO_2,5862,5
RAM2019_ENDO_2,5863,2
RAM2019_ENDO_2,5864,5
RAM2019_ENDO_2,5865,2
RAM2019_ENDO_2,5866,5
RAM2019_ENDO_2,5867,8
RAM2019_ENDO_2,5868,3
RAM2019_ENDO_2,5869,5
RAM2019_ENDO_2,5870,2
RAM2019_ENDO_2,5871,1
RAM2019_ENDO_2,5872,5
RAM2019_ENDO_2,5873,5
RAM2019_ENDO_2,5874,7
RAM2019_ENDO_2,5875,1
RAM2019_ENDO_2,5876,3
RAM2019_ENDO_2,5877,4
RAM2019_ENDO_2,5878,7
RAM2019_ENDO_2,5879,7
RAM2019_ENDO_2,5880,3
RAM2019_ENDO_2,5881,3
RAM2019_ENDO_2,5882,3
RAM2019_ENDO_2,5883,5
RAM2019_ENDO_2,5884,4
RAM2019_ENDO_2,5885,6
RAM2019_ENDO_2,5886,4
RAM2019_ENDO_2,5887,4
RAM2019_ENDO_2,5888,4
RAM2019_ENDO_2,5889,3
RAM2019_ENDO_2,5890,7
RAM2019_ENDO_2,5891,6
RAM2019_ENDO_2,5892,2
RAM2019_ENDO_2,5893,5
RAM2019_ENDO_2,5894,3
RAM2019_ENDO_2,5895,5
RAM2019_ENDO_2,5896,2
RAM2019_ENDO_2,5897,4
RAM2019_ENDO_2,5898,3
RAM2019_ENDO_2,5899,4
RAM2019_ENDO_2,5900,0
RAM2019_ENDO_2,5901,5
RAM2019_ENDO_2,5902,2
RAM2019_ENDO_2,5903,9
RAM2019_ENDO_2,5904,1
RAM2019_ENDO_2,5905,3
RAM2019_ENDO_2,5906,6
RAM2019_ENDO_2,5907,8
RAM2019_ENDO_2,5908,4
RAM2019_ENDO_2,5909,6
RAM2019_ENDO_2,5910,4
RAM2019_ENDO_2,5911,3
RAM2019_ENDO_2,5912,5
RAM2019_ENDO_2,5913,1
RAM2019_ENDO_2,5914,1
RAM2019_ENDO_2,5915,3
RAM2019_ENDO_2,5916,5
RAM2019_ENDO_2,5917,3
RAM2019_ENDO_2,5918,5
RAM2019_ENDO_2,5919,2
RAM2019_ENDO_2,5920,3
RAM2019_ENDO_2,5921,6
RAM2019_ENDO_2,5922,5
RAM2019_ENDO_2,5923,3
RAM2019_ENDO_2,5924,4
RAM2019_ENDO_2,5925,5
RAM2019_ENDO_2,5926,7
RAM2019_ENDO_2,5927,5
RAM2019_ENDO_2,5928,6
RAM2019_ENDO_2,5929,6
RAM2019_ENDO_2,5930,2
RAM2019_ENDO_2,5931,5
RAM2019_ENDO_2,5932,2
RAM2019_ENDO_2,5933,6
RAM2019_ENDO_2,5934,2
RAM2019_ENDO_2,5935,9
RAM2019_ENDO_2,5936,2
RAM2019_ENDO_2,5937,3
RAM2019_ENDO_2,5938,3
RAM2019_ENDO_2,5939,2
RAM2019_ENDO_2,5940,3
RAM2019_ENDO_2,5941,4
RAM2019_ENDO_2,5942,1
RAM2019_ENDO_2,5943,4
RAM2019_ENDO_2,5944,6
RAM2019_ENDO_2,5945,3
RAM2019_ENDO_2,5946,4
RAM2019_ENDO_2,5947,4
RAM2019_ENDO_2,5948,2
RAM2019_ENDO_2,5949,3
RAM2019_ENDO_2,5950,4
RAM2019_ENDO_2,5951,14
RAM2019_ENDO_2,5952,4
RAM2019_ENDO_2,5953,3
RAM2019_ENDO_2,5954,5
RAM2019_ENDO_2,5955,4
RAM2019_ENDO_2,5956,3
RAM2019_ENDO_2,5957,3
RAM2019_ENDO_2,5958,6
RAM2019_ENDO_2,5959,2
RAM2019_ENDO_2,5960,5
RAM2019_ENDO_2,5961,4
RAM2019_ENDO_2,5962,6
RAM2019_ENDO_2,5963,6
RAM2019_ENDO_2,5964,6
RAM2019_ENDO_2,5965,7
RAM2019_ENDO_2,5966,4
RAM2019_ENDO_2,5967,6
RAM2019_ENDO_2,5968,3
RAM2019_ENDO_2,5969,4
RAM2019_ENDO_2,5970,5
RAM2019_ENDO_2,5971,5
RAM2019_ENDO_2,5972,6
RAM2019_ENDO_2,5973,3
RAM2019_ENDO_2,5974,4
RAM2019_ENDO_2,5975,1
RAM2019_ENDO_2,5976,4
RAM2019_ENDO_2,5977,1
RAM2019_ENDO_2,5978,3
RAM2019_ENDO_2,5979,3
RAM2019_ENDO_2,5980,2
RAM2019_ENDO_2,5981,7
RAM2019_ENDO_2,5982,2
RAM2019_ENDO_2,5983,4
RAM2019_ENDO_2,5984,4
RAM2019_ENDO_2,5985,4
RAM2019_ENDO_2,5986,3
RAM2019_ENDO_2,5987,9
RAM2019_ENDO_2,5988,5
RAM2019_ENDO_2,5989,1
RAM2019_ENDO_2,5990,5
RAM2019_ENDO_2,5991,7
RAM2019_ENDO_2,5992,4
RAM2019_ENDO_2,5993,5
RAM2019_ENDO_2,5994,3
RAM2019_ENDO_2,5995,6
RAM2019_ENDO_2,5996,8
RAM2019_ENDO_2,5997,2
RAM2019_ENDO_2,5998,5
RAM2019_ENDO_2,5999,4
RAM2019_ENDO_2,6000,5
RAM2019_ENDO_2,6001,5
RAM2019_ENDO_2,6002,3
RAM2019_ENDO_2,6003,4
RAM2019_ENDO_2,6004,2
RAM2019_ENDO_2,6005,4
RAM2019_ENDO_2,6006,6
RAM2019_ENDO_2,6007,5
RAM2019_ENDO_2,6008,4
RAM2019_ENDO_2,6009,1
RAM2019_ENDO_2,6010,4
RAM2019_ENDO_2,6011,3
RAM2019_ENDO_2,6012,2
RAM2019_ENDO_2,6013,1
RAM2019_ENDO_2,6014,8
RAM2019_ENDO_2,6015,2
RAM2019_ENDO_2,6016,2
RAM2019_ENDO_2,6017,4
RAM2019_ENDO_2,6018,3
RAM2019_ENDO_2,6019,2
RAM2019_ENDO_2,6020,6
RAM2019_ENDO_2,6021,2
RAM2019_ENDO_2,6022,2
RAM2019_ENDO_2,6023,3
RAM2019_ENDO_2,6024,4
RAM2019_ENDO_2,6025,2
RAM2019_ENDO_2,6026,4
RAM2019_ENDO_2,6027,4
RAM2019_ENDO_2,6028,5
RAM2019_ENDO_2,6029,5
RAM2019_ENDO_2,6030,3
RAM2019_ENDO_2,6031,5
RAM2019_ENDO_2,6032,7
RAM2019_ENDO_2,6033,3
RAM2019_ENDO_2,6034,1
RAM2019_ENDO_2,6035,3
RAM2019_ENDO_2,6036,4
RAM2019_ENDO_2,6037,4
RAM2019_ENDO_2,6038,3
RAM2019_ENDO_2,6039,6
RAM2019_ENDO_2,6040,6
RAM2019_ENDO_2,6041,5
RAM2019_ENDO_2,6042,8
RAM2019_ENDO_2,6043,2
RAM2019_ENDO_2,6044,6
RAM2019_ENDO_2,6045,2
RAM2019_ENDO_2,6046,5
RAM2019_ENDO_2,6047,5
RAM2019_ENDO_2,6048,7
RAM2019_ENDO_2,6049,7
RAM2019_ENDO_2,6050,5
RAM2019_ENDO_2,6051,2
RAM2019_ENDO_2,6052,4
RAM2019_ENDO_2,6053,5
RAM2019_ENDO_2,6054,1
RAM2019_ENDO_2,6055,2
RAM2019_ENDO_2,6056,6
RAM2019_ENDO_2,6057,4
RAM2019_ENDO_2,6058,8
RAM2019_ENDO_2,6059,5
RAM2019_ENDO_2,6060,8
RAM2019_ENDO_2,6061,6
RAM2019_ENDO_2,6062,4
RAM2019_ENDO_2,6063,5
RAM2019_ENDO_2,6064,6
RAM2019_ENDO_2,6065,5
RAM2019_ENDO_2,6066,3
RAM2019_ENDO_2,6067,4
RAM2019_ENDO_2,6068,6
RAM2019_ENDO_2,6069,2
RAM2019_ENDO_2,6070,7
RAM2019_ENDO_2,6071,5
RAM2019_ENDO_2,6072,5
RAM2019_ENDO_2,6073,3
RAM2019_ENDO_2,6074,3
RAM2019_ENDO_2,6075,2
RAM2019_ENDO_2,6076,6
RAM2019_ENDO_2,6077,4
RAM2019_ENDO_2,6078,6
RAM2019_ENDO_2,6079,4
RAM2019_ENDO_2,6080,4
RAM2019_ENDO_2,6081,5
RAM2019_ENDO_2,6082,6
RAM2019_ENDO_2,6083,5
RAM2019_ENDO_2,6084,5
RAM2019_ENDO_2,6085,8
RAM2019_ENDO_2,6086,4
RAM2019_ENDO_2,6087,5
RAM2019_ENDO_2,6088,2
RAM2019_ENDO_2,6089,5
RAM2019_ENDO_2,6090,3
RAM2019_ENDO_2,6091,3
RAM2019_ENDO_2,6092,5
RAM2019_ENDO_2,6093,5
RAM2019_ENDO_2,6094,7
RAM2019_ENDO_2,6095,5
RAM2019_ENDO_2,6096,3
RAM2019_ENDO_2,6097,7
RAM2019_ENDO_2,6098,1
RAM2019_ENDO_2,6099,7
RAM2019_ENDO_2,6100,1
RAM2019_ENDO_2,6101,4
RAM2019_ENDO_2,6102,5
RAM2019_ENDO_2,6103,3
RAM2019_ENDO_2,6104,6
RAM2019_ENDO_2,6105,4
RAM2019_ENDO_2,6106,6
RAM2019_ENDO_2,6107,10
RAM2019_ENDO_2,6108,3
RAM2019_ENDO_2,6109,8
RAM2019_ENDO_2,6110,3
RAM2019_ENDO_2,6111,5
RAM2019_ENDO_2,6112,6
RAM2019_ENDO_2,6113,5
RAM2019_ENDO_2,6114,2
RAM2019_ENDO_2,6115,4
RAM2019_ENDO_2,6116,9
RAM2019_ENDO_2,6117,3
RAM2019_ENDO_2,6118,2
RAM2019_ENDO_2,6119,3
RAM2019_ENDO_2,6120,4
RAM2019_ENDO_2,6121,5
RAM2019_ENDO_2,6122,5
RAM2019_ENDO_2,6123,4
RAM2019_ENDO_2,6124,3
RAM2019_ENDO_2,6125,4
RAM2019_ENDO_2,6126,2
RAM2019_ENDO_2,6127,2
RAM2019_ENDO_2,6128,1
RAM2019_ENDO_2,6129,3
RAM2019_ENDO_2,6130,2
RAM2019_ENDO_2,6131,6
RAM2019_ENDO_2,6132,5
RAM2019_ENDO_2,6133,6
RAM2019_ENDO_2,6134,5
RAM2019_ENDO_2,6135,3
RAM2019_ENDO_2,6136,5
RAM2019_ENDO_2,6137,7
RAM2019_ENDO_2,6138,4
RAM2019_ENDO_2,6139,1
RAM2019_ENDO_2,6140,6
RAM2019_ENDO_2,6141,3
RAM2019_ENDO_2,6142,3
RAM2019_ENDO_2,6143,7
RAM2019_ENDO_2,6144,7
RAM2019_ENDO_2,6145,4
RAM2019_ENDO_2,6146,4
RAM2019_ENDO_2,6147,7
RAM2019_ENDO_2,6148,5
RAM2019_ENDO_2,6149,3
RAM2019_ENDO_2,6150,1
RAM2019_ENDO_2,6151,7
RAM2019_ENDO_2,6152,4
RAM2019_ENDO_2,6153,3
RAM2019_ENDO_2,6154,5
RAM2019_ENDO_2,6155,2
RAM2019_ENDO_2,6156,2
RAM2019_ENDO_2,6157,2
RAM2019_ENDO_2,6158,8
RAM2019_ENDO_2,6159,3
RAM2019_ENDO_2,6160,5
RAM2019_ENDO_2,6161,4
RAM2019_ENDO_2,6162,4
RAM2019_ENDO_2,6163,8
RAM2019_ENDO_2,6164,6
RAM2019_ENDO_2,6165,5
RAM2019_ENDO_2,6166,6
RAM2019_ENDO_2,6167,8
RAM2019_ENDO_2,6168,7
RAM2019_ENDO_2,6169,4
RAM2019_ENDO_2,6170,4
RAM2019_ENDO_2,6171,3
RAM2019_ENDO_2,6172,10
RAM2019_ENDO_2,6173,3
RAM2019_ENDO_2,6174,6
RAM2019_ENDO_2,6175,6
RAM2019_ENDO_2,6176,4
RAM2019_ENDO_2,6177,6
RAM2019_ENDO_2,6178,3
RAM2019_ENDO_2,6179,5
RAM2019_ENDO_2,6180,5
RAM2019_ENDO_2,6181,7
RAM2019_ENDO_2,6182,6
RAM2019_ENDO_2,6183,7
RAM2019_ENDO_2,6184,4
RAM2019_ENDO_2,6185,4
RAM2019_ENDO_2,6186,3
RAM2019_ENDO_2,6187,6
RAM2019_ENDO_2,6188,4
RAM2019_ENDO_2,6189,4
RAM2019_ENDO_2,6190,5
RAM2019_ENDO_2,6191,4
RAM2019_ENDO_2,6192,10
RAM2019_ENDO_2,6193,4
RAM2019_ENDO_2,6194,6
RAM2019_ENDO_2,6195,3
RAM2019_ENDO_2,6196,7
RAM2019_ENDO_2,6197,5
RAM2019_ENDO_2,6198,1
RAM2019_ENDO_2,6199,5
RAM2019_ENDO_2,6200,3
RAM2019_ENDO_2,6201,5
RAM2019_ENDO_2,6202,6
RAM2019_ENDO_2,6203,5
RAM2019_ENDO_2,6204,3
RAM2019_ENDO_2,6205,8
RAM2019_ENDO_2,6206,3
RAM2019_ENDO_2,6207,2
RAM2019_ENDO_2,6208,3
RAM2019_ENDO_2,6209,4
RAM2019_ENDO_2,6210,5
RAM2019_ENDO_2,6211,6
RAM2019_ENDO_2,6212,6
RAM2019_ENDO_2,6213,5
RAM2019_ENDO_2,6214,3
RAM2019_ENDO_2,6215,3
RAM2019_ENDO_2,6216,3
RAM2019_ENDO_2,6217,3
RAM2019_ENDO_2,6218,8
RAM2019_ENDO_2,6219,9
RAM2019_ENDO_2,6220,6
RAM2019_ENDO_2,6221,5
RAM2019_ENDO_2,6222,5
RAM2019_ENDO_2,6223,5
RAM2019_ENDO_2,6224,3
RAM2019_ENDO_2,6225,7
RAM2019_ENDO_2,6226,5
RAM2019_ENDO_2,6227,6
RAM2019_ENDO_2,6228,0
RAM2019_ENDO_2,6229,5
RAM2019_ENDO_2,6230,4
RAM2019_ENDO_2,6231,4
RAM2019_ENDO_2,6232,7
RAM2019_ENDO_2,6233,0
RAM2019_ENDO_2,6234,6
RAM2019_ENDO_2,6235,4
RAM2019_ENDO_2,6236,3
RAM2019_ENDO_2,6237,3
RAM2019_ENDO_2,6238,5
RAM2019_ENDO_2,6239,1
RAM2019_ENDO_2,6240,4
RAM2019_ENDO_2,6241,3
RAM2019_ENDO_2,6242,7
RAM2019_ENDO_2,6243,2
RAM2019_ENDO_2,6244,4
RAM2019_ENDO_2,6245,6
RAM2019_ENDO_2,6246,3
RAM2019_ENDO_2,6247,6
RAM2019_ENDO_2,6248,4
RAM2019_ENDO_2,6249,2
RAM2019_ENDO_2,6250,6
RAM2019_ENDO_2,6251,7
RAM2019_ENDO_2,6252,7
RAM2019_ENDO_2,6253,6
RAM2019_ENDO_2,6254,5
RAM2019_ENDO_2,6255,4
RAM2019_ENDO_2,6256,5
RAM2019_ENDO_2,6257,8
RAM2019_ENDO_2,6258,2
RAM2019_ENDO_2,6259,4
RAM2019_ENDO_2,6260,5
RAM2019_ENDO_2,6261,7
RAM2019_ENDO_2,6262,6
RAM2019_ENDO_2,6263,5
RAM2019_ENDO_2,6264,3
RAM2019_ENDO_2,6265,8
RAM2019_ENDO_2,6266,5
RAM2019_ENDO_2,6267,5
RAM2019_ENDO_2,6268,5
RAM2019_ENDO_2,6269,9
RAM2019_ENDO_2,6270,6
RAM2019_ENDO_2,6271,4
RAM2019_ENDO_2,6272,4
RAM2019_ENDO_2,6273,3
RAM2019_ENDO_2,6274,2
RAM2019_ENDO_2,6275,4
RAM2019_ENDO_2,6276,6
RAM2019_ENDO_2,6277,6
RAM2019_ENDO_2,6278,5
RAM2019_ENDO_2,6279,4
RAM2019_ENDO_2,6280,2
RAM2019_ENDO_2,6281,4
RAM2019_ENDO_2,6282,5
RAM2019_ENDO_2,6283,6
RAM2019_ENDO_2,6284,2
RAM2019_ENDO_2,6285,3
RAM2019_ENDO_2,6286,6
RAM2019_ENDO_2,6287,4
RAM2019_ENDO_2,6288,2
RAM2019_ENDO_2,6289,4
RAM2019_ENDO_2,6290,6
RAM2019_ENDO_2,6291,5
RAM2019_ENDO_2,6292,3
RAM2019_ENDO_2,6293,1
RAM2019_ENDO_2,6294,4
RAM2019_ENDO_2,6295,3
RAM2019_ENDO_2,6296,4
RAM2019_ENDO_2,6297,3
RAM2019_ENDO_2,6298,3
RAM2019_ENDO_2,6299,6
RAM2019_ENDO_2,6300,7
RAM2019_ENDO_2,6301,2
RAM2019_ENDO_2,6302,3
RAM2019_ENDO_2,6303,5
RAM2019_ENDO_2,6304,7
RAM2019_ENDO_2,6305,1
RAM2019_ENDO_2,6306,2
RAM2019_ENDO_2,6307,7
RAM2019_ENDO_2,6308,3
RAM2019_ENDO_2,6309,4
RAM2019_ENDO_2,6310,4
RAM2019_ENDO_2,6311,5
RAM2019_ENDO_2,6312,0
RAM2019_ENDO_2,6313,4
RAM2019_ENDO_2,6314,6
RAM2019_ENDO_2,6315,3
RAM2019_ENDO_2,6316,2
RAM2019_ENDO_2,6317,5
RAM2019_ENDO_2,6318,4
RAM2019_ENDO_2,6319,4
RAM2019_ENDO_2,6320,4
RAM2019_ENDO_2,6321,7
RAM2019_ENDO_2,6322,3
RAM2019_ENDO_2,6323,6
RAM2019_ENDO_2,6324,6
RAM2019_ENDO_2,6325,5
RAM2019_ENDO_2,6326,2
RAM2019_ENDO_2,6327,7
RAM2019_ENDO_2,6328,4
RAM2019_ENDO_2,6329,3
RAM2019_ENDO_2,6330,4
RAM2019_ENDO_2,6331,4
RAM2019_ENDO_2,6332,2
RAM2019_ENDO_2,6333,1
RAM2019_ENDO_2,6334,3
RAM2019_ENDO_2,6335,6
RAM2019_ENDO_2,6336,6
RAM2019_ENDO_2,6337,2
RAM2019_ENDO_2,6338,6
RAM2019_ENDO_2,6339,3
RAM2019_ENDO_2,6340,5
RAM2019_ENDO_2,6341,6
RAM2019_ENDO_2,6342,3
RAM2019_ENDO_2,6343,4
RAM2019_ENDO_2,6344,5
RAM2019_ENDO_2,6345,5
RAM2019_ENDO_2,6346,4
RAM2019_ENDO_2,6347,10
RAM2019_ENDO_2,6348,3
RAM2019_ENDO_2,6349,7
RAM2019_ENDO_2,6350,1
RAM2019_ENDO_2,6351,4
RAM2019_ENDO_2,6352,3
RAM2019_ENDO_2,6353,4
RAM2019_ENDO_2,6354,2
RAM2019_ENDO_2,6355,4
RAM2019_ENDO_2,6356,4
RAM2019_ENDO_2,6357,3
RAM2019_ENDO_2,6358,4
RAM2019_ENDO_2,6359,6
RAM2019_ENDO_2,6360,4
RAM2019_ENDO_2,6361,5
RAM2019_ENDO_2,6362,6
RAM2019_ENDO_2,6363,4
RAM2019_ENDO_2,6364,5
RAM2019_ENDO_2,6365,4
RAM2019_ENDO_2,6366,5
RAM2019_ENDO_2,6367,4
RAM2019_ENDO_2,6368,4
RAM2019_ENDO_2,6369,2
RAM2019_ENDO_2,6370,6
RAM2019_ENDO_2,6371,2
RAM2019_ENDO_2,6372,2
RAM2019_ENDO_2,6373,4
RAM2019_ENDO_2,6374,3
RAM2019_ENDO_2,6375,6
RAM2019_ENDO_2,6376,3
RAM2019_ENDO_2,6377,2
RAM2019_ENDO_2,6378,5
RAM2019_ENDO_2,6379,1
RAM2019_ENDO_2,6380,4
RAM2019_ENDO_2,6381,5
RAM2019_ENDO_2,6382,3
RAM2019_ENDO_2,6383,7
RAM2019_ENDO_2,6384,2
RAM2019_ENDO_2,6385,6
RAM2019_ENDO_2,6386,7
RAM2019_ENDO_2,6387,4
RAM2019_ENDO_2,6388,5
RAM2019_ENDO_2,6389,4
RAM2019_ENDO_2,6390,4
RAM2019_ENDO_2,6391,9
RAM2019_ENDO_2,6392,2
RAM2019_ENDO_2,6393,4
RAM2019_ENDO_2,6394,4
RAM2019_ENDO_2,6395,4
RAM2019_ENDO_2,6396,3
RAM2019_ENDO_2,6397,1
RAM2019_ENDO_2,6398,3
RAM2019_ENDO_2,6399,6
RAM2019_ENDO_2,6400,2
RAM2019_ENDO_2,6401,6
RAM2019_ENDO_2,6402,4
RAM2019_ENDO_2,6403,4
RAM2019_ENDO_2,6404,2
RAM2019_ENDO_2,6405,2
RAM2019_ENDO_2,6406,6
RAM2019_ENDO_2,6407,1
RAM2019_ENDO_2,6408,6
RAM2019_ENDO_2,6409,9
RAM2019_ENDO_2,6410,5
RAM2019_ENDO_2,6411,5
RAM2019_ENDO_2,6412,5
RAM2019_ENDO_2,6413,4
RAM2019_ENDO_2,6414,1
RAM2019_ENDO_2,6415,3
RAM2019_ENDO_2,6416,3
RAM2019_ENDO_2,6417,5
RAM2019_ENDO_2,6418,6
RAM2019_ENDO_2,6419,5
RAM2019_ENDO_2,6420,3
RAM2019_ENDO_2,6421,3
RAM2019_ENDO_2,6422,5
RAM2019_ENDO_2,6423,6
RAM2019_ENDO_2,6424,5
RAM2019_ENDO_2,6425,6
RAM2019_ENDO_2,6426,7
RAM2019_ENDO_2,6427,1
RAM2019_ENDO_2,6428,6
RAM2019_ENDO_2,6429,5
RAM2019_ENDO_2,6430,5
RAM2019_ENDO_2,6431,6
RAM2019_ENDO_2,6432,5
RAM2019_ENDO_2,6433,5
RAM2019_ENDO_2,6434,4
RAM2019_ENDO_2,6435,10
RAM2019_ENDO_2,6436,1
RAM2019_ENDO_2,6437,1
RAM2019_ENDO_2,6438,4
RAM2019_ENDO_2,6439,4
RAM2019_ENDO_2,6440,3
RAM2019_ENDO_2,6441,2
RAM2019_ENDO_2,6442,3
RAM2019_ENDO_2,6443,4
RAM2019_ENDO_2,6444,1
RAM2019_ENDO_2,6445,8
RAM2019_ENDO_2,6446,2
RAM2019_ENDO_2,6447,4
RAM2019_ENDO_2,6448,3
RAM2019_ENDO_2,6449,2
RAM2019_ENDO_2,6450,3
RAM2019_ENDO_2,6451,6
RAM2019_ENDO_2,6452,3
RAM2019_ENDO_2,6453,3
RAM2019_ENDO_2,6454,4
RAM2019_ENDO_2,6455,0
RAM2019_ENDO_2,6456,4
RAM2019_ENDO_2,6457,5
RAM2019_ENDO_2,6458,5
RAM2019_ENDO_2,6459,3
RAM2019_ENDO_2,6460,6
RAM2019_ENDO_2,6461,2
RAM2019_ENDO_2,6462,5
RAM2019_ENDO_2,6463,5
RAM2019_ENDO_2,6464,5
RAM2019_ENDO_2,6465,5
RAM2019_ENDO_2,6466,4
RAM2019_ENDO_2,6467,7
RAM2019_ENDO_2,6468,5
RAM2019_ENDO_2,6469,2
RAM2019_ENDO_2,6470,3
RAM2019_ENDO_2,6471,5
RAM2019_ENDO_2,6472,5
RAM2019_ENDO_2,6473,5
RAM2019_ENDO_2,6474,2
RAM2019_ENDO_2,6475,4
RAM2019_ENDO_2,6476,3
RAM2019_ENDO_2,6477,9
RAM2019_ENDO_2,6478,6
RAM2019_ENDO_2,6479,3
RAM2019_ENDO_2,6480,4
RAM2019_ENDO_2,6481,3
RAM2019_ENDO_2,6482,2
RAM2019_ENDO_2,6483,6
RAM2019_ENDO_2,6484,3
RAM2019_ENDO_2,6485,2
RAM2019_ENDO_2,6486,5
RAM2019_ENDO_2,6487,2
RAM2019_ENDO_2,6488,2
RAM2019_ENDO_2,6489,3
RAM2019_ENDO_2,6490,5
RAM2019_ENDO_2,6491,4
RAM2019_ENDO_2,6492,5
RAM2019_ENDO_2,6493,4
RAM2019_ENDO_2,6494,5
RAM2019_ENDO_2,6495,3
RAM2019_ENDO_2,6496,3
RAM2019_ENDO_2,6497,6
RAM2019_ENDO_2,6498,4
RAM2019_ENDO_2,6499,4
RAM2019_ENDO_2,6500,6
RAM2019_ENDO_2,6501,8
RAM2019_ENDO_2,6502,3
RAM2019_ENDO_2,6503,6
RAM2019_ENDO_2,6504,5
RAM2019_ENDO_2,6505,3
RAM2019_ENDO_2,6506,11
RAM2019_ENDO_2,6507,3
RAM2019_ENDO_2,6508,1
RAM2019_ENDO_2,6509,6
RAM2019_ENDO_2,6510,4
RAM2019_ENDO_2,6511,5
RAM2019_ENDO_2,6512,4
RAM2019_ENDO_2,6513,3
RAM2019_ENDO_2,6514,5
RAM2019_ENDO_2,6515,9
RAM2019_ENDO_2,6516,4
RAM2019_ENDO_2,6517,3
RAM2019_ENDO_2,6518,5
RAM2019_ENDO_2,6519,3
RAM2019_ENDO_2,6520,5
RAM2019_ENDO_2,6521,3
RAM2019_ENDO_2,6522,6
RAM2019_ENDO_2,6523,5
RAM2019_ENDO_2,6524,1
RAM2019_ENDO_2,6525,4
RAM2019_ENDO_2,6526,7
RAM2019_ENDO_2,6527,2
RAM2019_ENDO_2,6528,3
RAM2019_ENDO_2,6529,7
RAM2019_ENDO_2,6530,5
RAM2019_ENDO_2,6531,4
RAM2019_ENDO_2,6532,3
RAM2019_ENDO_2,6533,1
RAM2019_ENDO_2,6534,3
RAM2019_ENDO_2,6535,6
RAM2019_ENDO_2,6536,6
RAM2019_ENDO_2,6537,4
RAM2019_ENDO_2,6538,3
RAM2019_ENDO_2,6539,1
RAM2019_ENDO_2,6540,2
RAM2019_ENDO_2,6541,3
RAM2019_ENDO_2,6542,5
RAM2019_ENDO_2,6543,5
RAM2019_ENDO_2,6544,8
RAM2019_ENDO_2,6545,8
RAM2019_ENDO_2,6546,5
RAM2019_ENDO_2,6547,2
RAM2019_ENDO_2,6548,2
RAM2019_ENDO_2,6549,4
RAM2019_ENDO_2,6550,6
RAM2019_ENDO_2,6551,4
RAM2019_ENDO_2,6552,6
RAM2019_ENDO_2,6553,3
RAM2019_ENDO_2,6554,8
RAM2019_ENDO_2,6555,6
RAM2019_ENDO_2,6556,6
RAM2019_ENDO_2,6557,3
RAM2019_ENDO_2,6558,4
RAM2019_ENDO_2,6559,4
RAM2019_ENDO_2,6560,5
RAM2019_ENDO_2,6561,6
RAM2019_ENDO_2,6562,6
RAM2019_ENDO_2,6563,6
RAM2019_ENDO_2,6564,2
RAM2019_ENDO_2,6565,2
RAM2019_ENDO_2,6566,3
RAM2019_ENDO_2,6567,4
RAM2019_ENDO_2,6568,3
RAM2019_ENDO_2,6569,4
RAM2019_ENDO_2,6570,2
RAM2019_ENDO_2,6571,3
RAM2019_ENDO_2,6572,7
RAM2019_ENDO_2,6573,5
RAM2019_ENDO_2,6574,2
RAM2019_ENDO_2,6575,4
RAM2019_ENDO_2,6576,8
RAM2019_ENDO_2,6577,5
RAM2019_ENDO_2,6578,4
RAM2019_ENDO_2,6579,4
RAM2019_ENDO_2,6580,3
RAM2019_ENDO_2,6581,4
RAM2019_ENDO_2,6582,4
RAM2019_ENDO_2,6583,4
RAM2019_ENDO_2,6584,4
RAM2019_ENDO_2,6585,4
RAM2019_ENDO_2,6586,4
RAM2019_ENDO_2,6587,4
RAM2019_ENDO_2,6588,2
RAM2019_ENDO_2,6589,2
RAM2019_ENDO_2,6590,1
RAM2019_ENDO_2,6591,6
RAM2019_ENDO_2,6592,7
RAM2019_ENDO_2,6593,7
RAM2019_ENDO_2,6594,6
RAM2019_ENDO_2,6595,6
RAM2019_ENDO_2,6596,2
RAM2019_ENDO_2,6597,4
RAM2019_ENDO_2,6598,10
RAM2019_ENDO_2,6599,5
RAM2019_ENDO_2,6600,10
RAM2019_ENDO_2,6601,3
RAM2019_ENDO_2,6602,6
RAM2019_ENDO_2,6603,2
RAM2019_ENDO_2,6604,3
RAM2019_ENDO_2,6605,7
RAM2019_ENDO_2,6606,6
RAM2019_ENDO_2,6607,5
RAM2019_ENDO_2,6608,6
RAM2019_ENDO_2,6609,4
RAM2019_ENDO_2,6610,4
RAM2019_ENDO_2,6611,9
RAM2019_ENDO_2,6612,8
RAM2019_ENDO_2,6613,3
RAM2019_ENDO_2,6614,7
RAM2019_ENDO_2,6615,7
RAM2019_ENDO_2,6616,7
RAM2019_ENDO_2,6617,2
RAM2019_ENDO_2,6618,3
RAM2019_ENDO_2,6619,6
RAM2019_ENDO_2,6620,5
RAM2019_ENDO_2,6621,6
RAM2019_ENDO_2,6622,4
RAM2019_ENDO_2,6623,6
RAM2019_ENDO_2,6624,3
RAM2019_ENDO_2,6625,4
RAM2019_ENDO_2,6626,4
RAM2019_ENDO_2,6627,4
RAM2019_ENDO_2,6628,7
RAM2019_ENDO_2,6629,2
RAM2019_ENDO_2,6630,4
RAM2019_ENDO_2,6631,7
RAM2019_ENDO_2,6632,4
RAM2019_ENDO_2,6633,1
RAM2019_ENDO_2,6634,2
RAM2019_ENDO_2,6635,1
RAM2019_ENDO_2,6636,5
RAM2019_ENDO_2,6637,2
RAM2019_ENDO_2,6638,7
RAM2019_ENDO_2,6639,8
RAM2019_ENDO_2,6640,2
RAM2019_ENDO_2,6641,2
RAM2019_ENDO_2,6642,5
RAM2019_ENDO_2,6643,5
RAM2019_ENDO_2,6644,5
RAM2019_ENDO_2,6645,5
RAM2019_ENDO_2,6646,5
RAM2019_ENDO_2,6647,6
RAM2019_ENDO_2,6648,7
RAM2019_ENDO_2,6649,8
RAM2019_ENDO_2,6650,3
RAM2019_ENDO_2,6651,6
RAM2019_ENDO_2,6652,3
RAM2019_ENDO_2,6653,6
RAM2019_ENDO_2,6654,4
RAM2019_ENDO_2,6655,4
RAM2019_ENDO_2,6656,7
RAM2019_ENDO_2,6657,6
RAM2019_ENDO_2,6658,8
RAM2019_ENDO_2,6659,12
RAM2019_ENDO_2,6660,6
RAM2019_ENDO_2,6661,4
RAM2019_ENDO_2,6662,3
RAM2019_ENDO_2,6663,2
RAM2019_ENDO_2,6664,6
RAM2019_ENDO_2,6665,4
RAM2019_ENDO_2,6666,4
RAM2019_ENDO_2,6667,2
RAM2019_ENDO_2,6668,4
RAM2019_ENDO_2,6669,5
RAM2019_ENDO_2,6670,5
RAM2019_ENDO_2,6671,3
RAM2019_ENDO_2,6672,11
RAM2019_ENDO_2,6673,4
RAM2019_ENDO_2,6674,2
RAM2019_ENDO_2,6675,6
RAM2019_ENDO_2,6676,6
RAM2019_ENDO_2,6677,2
RAM2019_ENDO_2,6678,1
RAM2019_ENDO_2,6679,4
RAM2019_ENDO_2,6680,2
RAM2019_ENDO_2,6681,3
RAM2019_ENDO_2,6682,4
RAM2019_ENDO_2,6683,3
RAM2019_ENDO_2,6684,4
RAM2019_ENDO_2,6685,5
RAM2019_ENDO_2,6686,3
RAM2019_ENDO_2,6687,5
RAM2019_ENDO_2,6688,6
RAM2019_ENDO_2,6689,4
RAM2019_ENDO_2,6690,5
RAM2019_ENDO_2,6691,7
RAM2019_ENDO_2,6692,5
RAM2019_ENDO_2,6693,6
RAM2019_ENDO_2,6694,6
RAM2019_ENDO_2,6695,8
RAM2019_ENDO_2,6696,2
RAM2019_ENDO_2,6697,3
RAM2019_ENDO_2,6698,4
RAM2019_ENDO_2,6699,4
RAM2019_ENDO_2,6700,5
RAM2019_ENDO_2,6701,5
RAM2019_ENDO_2,6702,3
RAM2019_ENDO_2,6703,6
RAM2019_ENDO_2,6704,3
RAM2019_ENDO_2,6705,7
RAM2019_ENDO_2,6706,4
RAM2019_ENDO_2,6707,3
RAM2019_ENDO_2,6708,2
RAM2019_ENDO_2,6709,2
RAM2019_ENDO_2,6710,7
RAM2019_ENDO_2,6711,5
RAM2019_ENDO_2,6712,5
RAM2019_ENDO_2,6713,7
RAM2019_ENDO_2,6714,5
RAM2019_ENDO_2,6715,1
RAM2019_ENDO_2,6716,5
RAM2019_ENDO_2,6717,3
RAM2019_ENDO_2,6718,5
RAM2019_ENDO_2,6719,5
RAM2019_ENDO_2,6720,5
RAM2019_ENDO_2,6721,4
RAM2019_ENDO_2,6722,5
RAM2019_ENDO_2,6723,3
RAM2019_ENDO_2,6724,4
RAM2019_ENDO_2,6725,3
RAM2019_ENDO_2,6726,5
RAM2019_ENDO_2,6727,2
RAM2019_ENDO_2,6728,6
RAM2019_ENDO_2,6729,3
RAM2019_ENDO_2,6730,5
RAM2019_ENDO_2,6731,4
RAM2019_ENDO_2,6732,5
RAM2019_ENDO_2,6733,3
RAM2019_ENDO_2,6734,3
RAM2019_ENDO_2,6735,3
RAM2019_ENDO_2,6736,7
RAM2019_ENDO_2,6737,2
RAM2019_ENDO_2,6738,3
RAM2019_ENDO_2,6739,3
RAM2019_ENDO_2,6740,4
RAM2019_ENDO_2,6741,6
RAM2019_ENDO_2,6742,2
RAM2019_ENDO_2,6743,5
RAM2019_ENDO_2,6744,3
RAM2019_ENDO_2,6745,5
RAM2019_ENDO_2,6746,3
RAM2019_ENDO_2,6747,2
RAM2019_ENDO_2,6748,3
RAM2019_ENDO_2,6749,2
RAM2019_ENDO_2,6750,4
RAM2019_ENDO_2,6751,10
RAM2019_ENDO_2,6752,4
RAM2019_ENDO_2,6753,4
RAM2019_ENDO_2,6754,8
RAM2019_ENDO_2,6755,4
RAM2019_ENDO_2,6756,5
RAM2019_ENDO_2,6757,4
RAM2019_ENDO_2,6758,7
RAM2019_ENDO_2,6759,2
RAM2019_ENDO_2,6760,3
RAM2019_ENDO_2,6761,4
RAM2019_ENDO_2,6762,4
RAM2019_ENDO_2,6763,1
RAM2019_ENDO_2,6764,6
RAM2019_ENDO_2,6765,2
RAM2019_ENDO_2,6766,4
RAM2019_ENDO_2,6767,5
RAM2019_ENDO_2,6768,0
RAM2019_ENDO_2,6769,8
RAM2019_ENDO_2,6770,6
RAM2019_ENDO_2,6771,2
RAM2019_ENDO_2,6772,4
RAM2019_ENDO_2,6773,0
RAM2019_ENDO_2,6774,5
RAM2019_ENDO_2,6775,5
RAM2019_ENDO_2,6776,4
RAM2019_ENDO_2,6777,4
RAM2019_ENDO_2,6778,6
RAM2019_ENDO_2,6779,5
RAM2019_ENDO_2,6780,6
RAM2019_ENDO_2,6781,4
RAM2019_ENDO_2,6782,5
RAM2019_ENDO_2,6783,7
RAM2019_ENDO_2,6784,7
RAM2019_ENDO_2,6785,2
RAM2019_ENDO_2,6786,5
RAM2019_ENDO_2,6787,8
RAM2019_ENDO_2,6788,8
RAM2019_ENDO_2,6789,5
RAM2019_ENDO_2,6790,3
RAM2019_ENDO_2,6791,4
RAM2019_ENDO_2,6792,2
RAM2019_ENDO_2,6793,6
RAM2019_ENDO_2,6794,4
RAM2019_ENDO_2,6795,2
RAM2019_ENDO_2,6796,7
RAM2019_ENDO_2,6797,3
RAM2019_ENDO_2,6798,4
RAM2019_ENDO_2,6799,3
RAM2019_ENDO_2,6800,5
RAM2019_ENDO_2,6801,6
RAM2019_ENDO_2,6802,4
RAM2019_ENDO_2,6803,5
RAM2019_ENDO_2,6804,2
RAM2019_ENDO_2,6805,6
RAM2019_ENDO_2,6806,2
RAM2019_ENDO_2,6807,6
RAM2019_ENDO_2,6808,7
RAM2019_ENDO_2,6809,4
RAM2019_ENDO_2,6810,3
RAM2019_ENDO_2,6811,4
RAM2019_ENDO_2,6812,4
RAM2019_ENDO_2,6813,3
RAM2019_ENDO_2,6814,4
RAM2019_ENDO_2,6815,4
RAM2019_ENDO_2,6816,7
RAM2019_ENDO_2,6817,7
RAM2019_ENDO_2,6818,1
RAM2019_ENDO_2,6819,3
RAM2019_ENDO_2,6820,5
RAM2019_ENDO_2,6821,4
RAM2019_ENDO_2,6822,5
RAM2019_ENDO_2,6823,3
RAM2019_ENDO_2,6824,2
RAM2019_ENDO_2,6825,5
RAM2019_ENDO_2,6826,7
RAM2019_ENDO_2,6827,5
RAM2019_ENDO_2,6828,3
RAM2019_ENDO_2,6829,3
RAM2019_ENDO_2,6830,4
RAM2019_ENDO_2,6831,3
RAM2019_ENDO_2,6832,6
RAM2019_ENDO_2,6833,3
RAM2019_ENDO_2,6834,7
RAM2019_ENDO_2,6835,2
RAM2019_ENDO_2,6836,8
RAM2019_ENDO_2,6837,1
RAM2019_ENDO_2,6838,1
RAM2019_ENDO_2,6839,5
RAM2019_ENDO_2,6840,5
RAM2019_ENDO_2,6841,2
RAM2019_ENDO_2,6842,3
RAM2019_ENDO_2,6843,8
RAM2019_ENDO_2,6844,3
RAM2019_ENDO_2,6845,2
RAM2019_ENDO_2,6846,5
RAM2019_ENDO_2,6847,4
RAM2019_ENDO_2,6848,7
RAM2019_ENDO_2,6849,7
RAM2019_ENDO_2,6850,1
RAM2019_ENDO_2,6851,4
RAM2019_ENDO_2,6852,5
RAM2019_ENDO_2,6853,7
RAM2019_ENDO_2,6854,6
RAM2019_ENDO_2,6855,2
RAM2019_ENDO_2,6856,8
RAM2019_ENDO_2,6857,8
RAM2019_ENDO_2,6858,6
RAM2019_ENDO_2,6859,4
RAM2019_ENDO_2,6860,5
RAM2019_ENDO_2,6861,5
RAM2019_ENDO_2,6862,4
RAM2019_ENDO_2,6863,6
RAM2019_ENDO_2,6864,4
RAM2019_ENDO_2,6865,5
RAM2019_ENDO_2,6866,2
RAM2019_ENDO_2,6867,4
RAM2019_ENDO_2,6868,5
RAM2019_ENDO_2,6869,4
RAM2019_ENDO_2,6870,4
RAM2019_ENDO_2,6871,4
RAM2019_ENDO_2,6872,8
RAM2019_ENDO_2,6873,4
RAM2019_ENDO_2,6874,5
RAM2019_ENDO_2,6875,0
RAM2019_ENDO_2,6876,3
RAM2019_ENDO_2,6877,5
RAM2019_ENDO_2,6878,0
RAM2019_ENDO_2,6879,3
RAM2019_ENDO_2,6880,4
RAM2019_ENDO_2,6881,3
RAM2019_ENDO_2,6882,4
RAM2019_ENDO_2,6883,4
RAM2019_ENDO_2,6884,3
RAM2019_ENDO_2,6885,1
RAM2019_ENDO_2,6886,7
RAM2019_ENDO_2,6887,3
RAM2019_ENDO_2,6888,5
RAM2019_ENDO_2,6889,8
RAM2019_ENDO_2,6890,3
RAM2019_ENDO_2,6891,3
RAM2019_ENDO_2,6892,6
RAM2019_ENDO_2,6893,6
RAM2019_ENDO_2,6894,1
RAM2019_ENDO_2,6895,10
RAM2019_ENDO_2,6896,5
RAM2019_ENDO_2,6897,4
RAM2019_ENDO_2,6898,5
RAM2019_ENDO_2,6899,7
RAM2019_ENDO_2,6900,7
RAM2019_ENDO_2,6901,4
RAM2019_ENDO_2,6902,2
RAM2019_ENDO_2,6903,7
RAM2019_ENDO_2,6904,7
RAM2019_ENDO_2,6905,5
RAM2019_ENDO_2,6906,5
RAM2019_ENDO_2,6907,6
RAM2019_ENDO_2,6908,5
RAM2019_ENDO_2,6909,4
RAM2019_ENDO_2,6910,3
RAM2019_ENDO_2,6911,5
RAM2019_ENDO_2,6912,5
RAM2019_ENDO_2,6913,1
RAM2019_ENDO_2,6914,3
RAM2019_ENDO_2,6915,1
RAM2019_ENDO_2,6916,4
RAM2019_ENDO_2,6917,8
RAM2019_ENDO_2,6918,8
RAM2019_ENDO_2,6919,5
RAM2019_ENDO_2,6920,3
RAM2019_ENDO_2,6921,1
RAM2019_ENDO_2,6922,3
RAM2019_ENDO_2,6923,2
RAM2019_ENDO_2,6924,6
RAM2019_ENDO_2,6925,5
RAM2019_ENDO_2,6926,3
RAM2019_ENDO_2,6927,4
RAM2019_ENDO_2,6928,6
RAM2019_ENDO_2,6929,3
RAM2019_ENDO_2,6930,7
RAM2019_ENDO_2,6931,4
RAM2019_ENDO_2,6932,7
RAM2019_ENDO_2,6933,4
RAM2019_ENDO_2,6934,3
RAM2019_ENDO_2,6935,2
RAM2019_ENDO_2,6936,7
RAM2019_ENDO_2,6937,3
RAM2019_ENDO_2,6938,3
RAM2019_ENDO_2,6939,2
RAM2019_ENDO_2,6940,2
RAM2019_ENDO_2,6941,4
RAM2019_ENDO_2,6942,5
RAM2019_ENDO_2,6943,3
RAM2019_ENDO_2,6944,7
RAM2019_ENDO_2,6945,4
RAM2019_ENDO_2,6946,3
RAM2019_ENDO_2,6947,5
RAM2019_ENDO_2,6948,6
RAM2019_ENDO_2,6949,6
RAM2019_ENDO_2,6950,7
RAM2019_ENDO_2,6951,5
RAM2019_ENDO_2,6952,1
RAM2019_ENDO_2,6953,2
RAM2019_ENDO_2,6954,9
RAM2019_ENDO_2,6955,3
RAM2019_ENDO_2,6956,4
RAM2019_ENDO_2,6957,3
RAM2019_ENDO_2,6958,2
RAM2019_ENDO_2,6959,5
RAM2019_ENDO_2,6960,5
RAM2019_ENDO_2,6961,5
RAM2019_ENDO_2,6962,2
RAM2019_ENDO_2,6963,5
RAM2019_ENDO_2,6964,4
RAM2019_ENDO_2,6965,5
RAM2019_ENDO_2,6966,4
RAM2019_ENDO_2,6967,3
RAM2019_ENDO_2,6968,8
RAM2019_ENDO_2,6969,10
RAM2019_ENDO_2,6970,2
RAM2019_ENDO_2,6971,5
RAM2019_ENDO_2,6972,2
RAM2019_ENDO_2,6973,3
RAM2019_ENDO_2,6974,6
RAM2019_ENDO_2,6975,5
RAM2019_ENDO_2,6976,6
RAM2019_ENDO_2,6977,6
RAM2019_ENDO_2,6978,7
RAM2019_ENDO_2,6979,7
RAM2019_ENDO_2,6980,3
RAM2019_ENDO_2,6981,4
RAM2019_ENDO_2,6982,4
RAM2019_ENDO_2,6983,4
RAM2019_ENDO_2,6984,4
RAM2019_ENDO_2,6985,3
RAM2019_ENDO_2,6986,5
RAM2019_ENDO_2,6987,3
RAM2019_ENDO_2,6988,3
RAM2019_ENDO_2,6989,4
RAM2019_ENDO_2,6990,2
RAM2019_ENDO_2,6991,7
RAM2019_ENDO_2,6992,2
RAM2019_ENDO_2,6993,4
RAM2019_ENDO_2,6994,7
RAM2019_ENDO_2,6995,8
RAM2019_ENDO_2,6996,7
RAM2019_ENDO_2,6997,2
RAM2019_ENDO_2,6998,6
RAM2019_ENDO_2,6999,2
RAM2019_ENDO_2,7000,7
RAM2019_ENDO_2,7001,4
RAM2019_ENDO_2,7002,10
RAM2019_ENDO_2,7003,4
RAM2019_ENDO_2,7004,2
RAM2019_ENDO_2,7005,10
RAM2019_ENDO_2,7006,4
RAM2019_ENDO_2,7007,5
RAM2019_ENDO_2,7008,5
RAM2019_ENDO_2,7009,2
RAM2019_ENDO_2,7010,6
RAM2019_ENDO_2,7011,3
RAM2019_ENDO_2,7012,6
RAM2019_ENDO_2,7013,5
RAM2019_ENDO_2,7014,4
RAM2019_ENDO_2,7015,4
RAM2019_ENDO_2,7016,7
RAM2019_ENDO_2,7017,7
RAM2019_ENDO_2,7018,4
RAM2019_ENDO_2,7019,5
RAM2019_ENDO_2,7020,5
RAM2019_ENDO_2,7021,5
RAM2019_ENDO_2,7022,4
RAM2019_ENDO_2,7023,9
RAM2019_ENDO_2,7024,6
RAM2019_ENDO_2,7025,5
RAM2019_ENDO_2,7026,5
RAM2019_ENDO_2,7027,6
RAM2019_ENDO_2,7028,5
RAM2019_ENDO_2,7029,3
RAM2019_ENDO_2,7030,5
RAM2019_ENDO_2,7031,3
RAM2019_ENDO_2,7032,5
RAM2019_ENDO_2,7033,6
RAM2019_ENDO_2,7034,6
RAM2019_ENDO_2,7035,5
RAM2019_ENDO_2,7036,6
RAM2019_ENDO_2,7037,5
RAM2019_ENDO_2,7038,2
RAM2019_ENDO_2,7039,8
RAM2019_ENDO_2,7040,7
RAM2019_ENDO_2,7041,3
RAM2019_ENDO_2,7042,4
RAM2019_ENDO_2,7043,6
RAM2019_ENDO_2,7044,3
RAM2019_ENDO_2,7045,4
RAM2019_ENDO_2,7046,3
RAM2019_ENDO_2,7047,2
RAM2019_ENDO_2,7048,8
RAM2019_ENDO_2,7049,7
RAM2019_ENDO_2,7050,4
RAM2019_ENDO_2,7051,5
RAM2019_ENDO_2,7052,7
RAM2019_ENDO_2,7053,5
RAM2019_ENDO_2,7054,2
RAM2019_ENDO_2,7055,2
RAM2019_ENDO_2,7056,6
RAM2019_ENDO_2,7057,3
RAM2019_ENDO_2,7058,3
RAM2019_ENDO_2,7059,2
RAM2019_ENDO_2,7060,4
RAM2019_ENDO_2,7061,0
RAM2019_ENDO_2,7062,3
RAM2019_ENDO_2,7063,1
RAM2019_ENDO_2,7064,4
RAM2019_ENDO_2,7065,8
RAM2019_ENDO_2,7066,2
RAM2019_ENDO_2,7067,6
RAM2019_ENDO_2,7068,4
RAM2019_ENDO_2,7069,1
RAM2019_ENDO_2,7070,4
RAM2019_ENDO_2,7071,0
RAM2019_ENDO_2,7072,3
RAM2019_ENDO_2,7073,5
RAM2019_ENDO_2,7074,5
RAM2019_ENDO_2,7075,4
RAM2019_ENDO_2,7076,3
RAM2019_ENDO_2,7077,1
RAM2019_ENDO_2,7078,4
RAM2019_ENDO_2,7079,4
RAM2019_ENDO_2,7080,5
RAM2019_ENDO_2,7081,1
RAM2019_ENDO_2,7082,3
RAM2019_ENDO_2,7083,5
RAM2019_ENDO_2,7084,5
RAM2019_ENDO_2,7085,3
RAM2019_ENDO_2,7086,3
RAM2019_ENDO_2,7087,5
RAM2019_ENDO_2,7088,6
RAM2019_ENDO_2,7089,3
RAM2019_ENDO_2,7090,4
RAM2019_ENDO_2,7091,4
RAM2019_ENDO_2,7092,4
RAM2019_ENDO_2,7093,7
RAM2019_ENDO_2,7094,3
RAM2019_ENDO_2,7095,3
RAM2019_ENDO_2,7096,9
RAM2019_ENDO_2,7097,4
RAM2019_ENDO_2,7098,6
RAM2019_ENDO_2,7099,6
RAM2019_ENDO_2,7100,2
RAM2019_ENDO_2,7101,3
RAM2019_ENDO_2,7102,4
RAM2019_ENDO_2,7103,3
RAM2019_ENDO_2,7104,7
RAM2019_ENDO_2,7105,3
RAM2019_ENDO_2,7106,7
RAM2019_ENDO_2,7107,3
RAM2019_ENDO_2,7108,4
RAM2019_ENDO_2,7109,7
RAM2019_ENDO_2,7110,4
RAM2019_ENDO_2,7111,7
RAM2019_ENDO_2,7112,4
RAM2019_ENDO_2,7113,6
RAM2019_ENDO_2,7114,7
RAM2019_ENDO_2,7115,5
RAM2019_ENDO_2,7116,4
RAM2019_ENDO_2,7117,7
RAM2019_ENDO_2,7118,7
RAM2019_ENDO_2,7119,4
RAM2019_ENDO_2,7120,8
RAM2019_ENDO_2,7121,4
RAM2019_ENDO_2,7122,5
RAM2019_ENDO_2,7123,3
RAM2019_ENDO_2,7124,2
RAM2019_ENDO_2,7125,3
RAM2019_ENDO_2,7126,2
RAM2019_ENDO_2,7127,2
RAM2019_ENDO_2,7128,8
RAM2019_ENDO_2,7129,6
RAM2019_ENDO_2,7130,2
RAM2019_ENDO_2,7131,4
RAM2019_ENDO_2,7132,5
RAM2019_ENDO_2,7133,3
RAM2019_ENDO_2,7134,4
RAM2019_ENDO_2,7135,6
RAM2019_ENDO_2,7136,7
RAM2019_ENDO_2,7137,5
RAM2019_ENDO_2,7138,2
RAM2019_ENDO_2,7139,7
RAM2019_ENDO_2,7140,4
RAM2019_ENDO_2,7141,6
RAM2019_ENDO_2,7142,4
RAM2019_ENDO_2,7143,1
RAM2019_ENDO_2,7144,5
RAM2019_ENDO_2,7145,5
RAM2019_ENDO_2,7146,4
RAM2019_ENDO_2,7147,5
RAM2019_ENDO_2,7148,7
RAM2019_ENDO_2,7149,4
RAM2019_ENDO_2,7150,2
RAM2019_ENDO_2,7151,3
RAM2019_ENDO_2,7152,6
RAM2019_ENDO_2,7153,5
RAM2019_ENDO_2,7154,5
RAM2019_ENDO_2,7155,1
RAM2019_ENDO_2,7156,1
RAM2019_ENDO_2,7157,6
RAM2019_ENDO_2,7158,1
RAM2019_ENDO_2,7159,8
RAM2019_ENDO_2,7160,6
RAM2019_ENDO_2,7161,7
RAM2019_ENDO_2,7162,5
RAM2019_ENDO_2,7163,5
RAM2019_ENDO_2,7164,4
RAM2019_ENDO_2,7165,6
RAM2019_ENDO_2,7166,4
RAM2019_ENDO_2,7167,4
RAM2019_ENDO_2,7168,1
RAM2019_ENDO_2,7169,2
RAM2019_ENDO_2,7170,3
RAM2019_ENDO_2,7171,6
RAM2019_ENDO_2,7172,5
RAM2019_ENDO_2,7173,6
RAM2019_ENDO_2,7174,10
RAM2019_ENDO_2,7175,5
RAM2019_ENDO_2,7176,7
RAM2019_ENDO_2,7177,2
RAM2019_ENDO_2,7178,6
RAM2019_ENDO_2,7179,4
RAM2019_ENDO_2,7180,5
RAM2019_ENDO_2,7181,3
RAM2019_ENDO_2,7182,7
RAM2019_ENDO_2,7183,1
RAM2019_ENDO_2,7184,8
RAM2019_ENDO_2,7185,9
RAM2019_ENDO_2,7186,4
RAM2019_ENDO_2,7187,6
RAM2019_ENDO_2,7188,2
RAM2019_ENDO_2,7189,3
RAM2019_ENDO_2,7190,6
RAM2019_ENDO_2,7191,1
RAM2019_ENDO_2,7192,3
RAM2019_ENDO_2,7193,5
RAM2019_ENDO_2,7194,5
RAM2019_ENDO_2,7195,6
RAM2019_ENDO_2,7196,4
RAM2019_ENDO_2,7197,4
RAM2019_ENDO_2,7198,5
RAM2019_ENDO_2,7199,6
RAM2019_ENDO_2,7200,4
RAM2019_ENDO_2,7201,4
RAM2019_ENDO_2,7202,5
RAM2019_ENDO_2,7203,5
RAM2019_ENDO_2,7204,4
RAM2019_ENDO_2,7205,6
RAM2019_ENDO_2,7206,8
RAM2019_ENDO_2,7207,4
RAM2019_ENDO_2,7208,2
RAM2019_ENDO_2,7209,4
RAM2019_ENDO_2,7210,5
RAM2019_ENDO_2,7211,3
RAM2019_ENDO_2,7212,2
RAM2019_ENDO_2,7213,7
RAM2019_ENDO_2,7214,4
RAM2019_ENDO_2,7215,6
RAM2019_ENDO_2,7216,8
RAM2019_ENDO_2,7217,8
RAM2019_ENDO_2,7218,4
RAM2019_ENDO_2,7219,7
RAM2019_ENDO_2,7220,4
RAM2019_ENDO_2,7221,7
RAM2019_ENDO_2,7222,6
RAM2019_ENDO_2,7223,4
RAM2019_ENDO_2,7224,4
RAM2019_ENDO_2,7225,3
RAM2019_ENDO_2,7226,2
RAM2019_ENDO_2,7227,8
RAM2019_ENDO_2,7228,4
RAM2019_ENDO_2,7229,4
RAM2019_ENDO_2,7230,4
RAM2019_ENDO_2,7231,6
RAM2019_ENDO_2,7232,2
RAM2019_ENDO_2,7233,4
RAM2019_ENDO_2,7234,5
RAM2019_ENDO_2,7235,5
RAM2019_ENDO_2,7236,5
RAM2019_ENDO_2,7237,2
RAM2019_ENDO_2,7238,4
RAM2019_ENDO_2,7239,6
RAM2019_ENDO_2,7240,7
RAM2019_ENDO_2,7241,3
RAM2019_ENDO_2,7242,3
RAM2019_ENDO_2,7243,4
RAM2019_ENDO_2,7244,4
RAM2019_ENDO_2,7245,2
RAM2019_ENDO_2,7246,5
RAM2019_ENDO_2,7247,3
RAM2019_ENDO_2,7248,3
RAM2019_ENDO_2,7249,3
RAM2019_ENDO_2,7250,2
RAM2019_ENDO_2,7251,1
RAM2019_ENDO_2,7252,6
RAM2019_ENDO_2,7253,6
RAM2019_ENDO_2,7254,5
RAM2019_ENDO_2,7255,5
RAM2019_ENDO_2,7256,4
RAM2019_ENDO_2,7257,2
RAM2019_ENDO_2,7258,3
RAM2019_ENDO_2,7259,4
RAM2019_ENDO_2,7260,5
RAM2019_ENDO_2,7261,4
RAM2019_ENDO_2,7262,4
RAM2019_ENDO_2,7263,9
RAM2019_ENDO_2,7264,4
RAM2019_ENDO_2,7265,4
RAM2019_ENDO_2,7266,6
RAM2019_ENDO_2,7267,6
RAM2019_ENDO_2,7268,3
RAM2019_ENDO_2,7269,3
RAM2019_ENDO_2,7270,4
RAM2019_ENDO_2,7271,5
RAM2019_ENDO_2,7272,3
RAM2019_ENDO_2,7273,6
RAM2019_ENDO_2,7274,7
RAM2019_ENDO_2,7275,4
RAM2019_ENDO_2,7276,5
RAM2019_ENDO_2,7277,2
RAM2019_ENDO_2,7278,2
RAM2019_ENDO_2,7279,1
RAM2019_ENDO_2,7280,9
RAM2019_ENDO_2,7281,5
RAM2019_ENDO_2,7282,5
RAM2019_ENDO_2,7283,4
RAM2019_ENDO_2,7284,7
RAM2019_ENDO_2,7285,5
RAM2019_ENDO_2,7286,9
RAM2019_ENDO_2,7287,2
RAM2019_ENDO_2,7288,6
RAM2019_ENDO_2,7289,4
RAM2019_ENDO_2,7290,3
RAM2019_ENDO_2,7291,2
RAM2019_ENDO_2,7292,5
RAM2019_ENDO_2,7293,6
RAM2019_ENDO_2,7294,7
RAM2019_ENDO_2,7295,3
RAM2019_ENDO_2,7296,6
RAM2019_ENDO_2,7297,7
RAM2019_ENDO_2,7298,4
RAM2019_ENDO_2,7299,8
RAM2019_ENDO_2,7300,1
RAM2019_ENDO_2,7301,5
RAM2019_ENDO_2,7302,2
RAM2019_ENDO_2,7303,3
RAM2019_ENDO_2,7304,2
RAM2019_ENDO_2,7305,3
RAM2019_ENDO_2,7306,4
RAM2019_ENDO_2,7307,5
RAM2019_ENDO_2,7308,3
RAM2019_ENDO_2,7309,3
RAM2019_ENDO_2,7310,5
RAM2019_ENDO_2,7311,4
RAM2019_ENDO_2,7312,3
RAM2019_ENDO_2,7313,6
RAM2019_ENDO_2,7314,2
RAM2019_ENDO_2,7315,7
RAM2019_ENDO_2,7316,6
RAM2019_ENDO_2,7317,4
RAM2019_ENDO_2,7318,1
RAM2019_ENDO_2,7319,3
RAM2019_ENDO_2,7320,6
RAM2019_ENDO_2,7321,2
RAM2019_ENDO_2,7322,6
RAM2019_ENDO_2,7323,0
RAM2019_ENDO_2,7324,5
RAM2019_ENDO_2,7325,3
RAM2019_ENDO_2,7326,4
RAM2019_ENDO_2,7327,3
RAM2019_ENDO_2,7328,3
RAM2019_ENDO_2,7329,4
RAM2019_ENDO_2,7330,3
RAM2019_ENDO_2,7331,2
RAM2019_ENDO_2,7332,4
RAM2019_ENDO_2,7333,2
RAM2019_ENDO_2,7334,7
RAM2019_ENDO_2,7335,7
RAM2019_ENDO_2,7336,5
RAM2019_ENDO_2,7337,1
RAM2019_ENDO_2,7338,3
RAM2019_ENDO_2,7339,5
RAM2019_ENDO_2,7340,9
RAM2019_ENDO_2,7341,3
RAM2019_ENDO_2,7342,6
RAM2019_ENDO_2,7343,3
RAM2019_ENDO_2,7344,6
RAM2019_ENDO_2,7345,3
RAM2019_ENDO_2,7346,5
RAM2019_ENDO_2,7347,3
RAM2019_ENDO_2,7348,6
RAM2019_ENDO_2,7349,4
RAM2019_ENDO_2,7350,4
RAM2019_ENDO_2,7351,10
RAM2019_ENDO_2,7352,8
RAM2019_ENDO_2,7353,5
RAM2019_ENDO_2,7354,0
RAM2019_ENDO_2,7355,4
RAM2019_ENDO_2,7356,4
RAM2019_ENDO_2,7357,8
RAM2019_ENDO_2,7358,3
RAM2019_ENDO_2,7359,3
RAM2019_ENDO_2,7360,3
RAM2019_ENDO_2,7361,5
RAM2019_ENDO_2,7362,8
RAM2019_ENDO_2,7363,4
RAM2019_ENDO_2,7364,7
RAM2019_ENDO_2,7365,4
RAM2019_ENDO_2,7366,5
RAM2019_ENDO_2,7367,4
RAM2019_ENDO_2,7368,4
RAM2019_ENDO_2,7369,7
RAM2019_ENDO_2,7370,4
RAM2019_ENDO_2,7371,2
RAM2019_ENDO_2,7372,8
RAM2019_ENDO_2,7373,4
RAM2019_ENDO_2,7374,4
RAM2019_ENDO_2,7375,8
RAM2019_ENDO_2,7376,5
RAM2019_ENDO_2,7377,5
RAM2019_ENDO_2,7378,5
RAM2019_ENDO_2,7379,7
RAM2019_ENDO_2,7380,5
RAM2019_ENDO_2,7381,3
RAM2019_ENDO_2,7382,7
RAM2019_ENDO_2,7383,4
RAM2019_ENDO_2,7384,4
RAM2019_ENDO_2,7385,3
RAM2019_ENDO_2,7386,3
RAM2019_ENDO_2,7387,2
RAM2019_ENDO_2,7388,5
RAM2019_ENDO_2,7389,4
RAM2019_ENDO_2,7390,9
RAM2019_ENDO_2,7391,5
RAM2019_ENDO_2,7392,2
RAM2019_ENDO_2,7393,3
RAM2019_ENDO_2,7394,5
RAM2019_ENDO_2,7395,8
RAM2019_ENDO_2,7396,7
RAM2019_ENDO_2,7397,3
RAM2019_ENDO_2,7398,6
RAM2019_ENDO_2,7399,4
RAM2019_ENDO_2,7400,5
RAM2019_ENDO_2,7401,5
RAM2019_ENDO_2,7402,5
RAM2019_ENDO_2,7403,3
RAM2019_ENDO_2,7404,0
RAM2019_ENDO_2,7405,6
RAM2019_ENDO_2,7406,4
RAM2019_ENDO_2,7407,3
RAM2019_ENDO_2,7408,6
RAM2019_ENDO_2,7409,3
RAM2019_ENDO_2,7410,5
RAM2019_ENDO_2,7411,4
RAM2019_ENDO_2,7412,2
RAM2019_ENDO_2,7413,4
RAM2019_ENDO_2,7414,6
RAM2019_ENDO_2,7415,5
RAM2019_ENDO_2,7416,6
RAM2019_ENDO_2,7417,4
RAM2019_ENDO_2,7418,5
RAM2019_ENDO_2,7419,6
RAM2019_ENDO_2,7420,6
RAM2019_ENDO_2,7421,7
RAM2019_ENDO_2,7422,1
RAM2019_ENDO_2,7423,4
RAM2019_ENDO_2,7424,5
RAM2019_ENDO_2,7425,6
RAM2019_ENDO_2,7426,3
RAM2019_ENDO_2,7427,6
RAM2019_ENDO_2,7428,6
RAM2019_ENDO_2,7429,5
RAM2019_ENDO_2,7430,6
RAM2019_ENDO_2,7431,4
RAM2019_ENDO_2,7432,3
RAM2019_ENDO_2,7433,4
RAM2019_ENDO_2,7434,4
RAM2019_ENDO_2,7435,3
RAM2019_ENDO_2,7436,8
RAM2019_ENDO_2,7437,8
RAM2019_ENDO_2,7438,5
RAM2019_ENDO_2,7439,4
RAM2019_ENDO_2,7440,4
RAM2019_ENDO_2,7441,8
RAM2019_ENDO_2,7442,5
RAM2019_ENDO_2,7443,3
RAM2019_ENDO_2,7444,4
RAM2019_ENDO_2,7445,4
RAM2019_ENDO_2,7446,3
RAM2019_ENDO_2,7447,4
RAM2019_ENDO_2,7448,5
RAM2019_ENDO_2,7449,11
RAM2019_ENDO_2,7450,3
RAM2019_ENDO_2,7451,6
RAM2019_ENDO_2,7452,5
RAM2019_ENDO_2,7453,3
RAM2019_ENDO_2,7454,3
RAM2019_ENDO_2,7455,3
RAM2019_ENDO_2,7456,5
RAM2019_ENDO_2,7457,2
RAM2019_ENDO_2,7458,4
RAM2019_ENDO_2,7459,7
RAM2019_ENDO_2,7460,3
RAM2019_ENDO_2,7461,6
RAM2019_ENDO_2,7462,3
RAM2019_ENDO_2,7463,3
RAM2019_ENDO_2,7464,3
RAM2019_ENDO_2,7465,4
RAM2019_ENDO_2,7466,2
RAM2019_ENDO_2,7467,2
RAM2019_ENDO_2,7468,8
RAM2019_ENDO_2,7469,3
RAM2019_ENDO_2,7470,5
RAM2019_ENDO_2,7471,3
RAM2019_ENDO_2,7472,4
RAM2019_ENDO_2,7473,4
RAM2019_ENDO_2,7474,5
RAM2019_ENDO_2,7475,3
RAM2019_ENDO_2,7476,4
RAM2019_ENDO_2,7477,5
RAM2019_ENDO_2,7478,5
RAM2019_ENDO_2,7479,1
RAM2019_ENDO_2,7480,3
RAM2019_ENDO_2,7481,7
RAM2019_ENDO_2,7482,6
RAM2019_ENDO_2,7483,4
RAM2019_ENDO_2,7484,2
RAM2019_ENDO_2,7485,5
RAM2019_ENDO_2,7486,5
RAM2019_ENDO_2,7487,2
RAM2019_ENDO_2,7488,5
RAM2019_ENDO_2,7489,4
RAM2019_ENDO_2,7490,3
RAM2019_ENDO_2,7491,3
RAM2019_ENDO_2,7492,4
RAM2019_ENDO_2,7493,3
RAM2019_ENDO_2,7494,5
RAM2019_ENDO_2,7495,1
RAM2019_ENDO_2,7496,6
RAM2019_ENDO_2,7497,4
RAM2019_ENDO_2,7498,4
RAM2019_ENDO_2,7499,0
RAM2019_ENDO_2,7500,3
RAM2019_ENDO_2,7501,8
RAM2019_ENDO_2,7502,10
RAM2019_ENDO_2,7503,1
RAM2019_ENDO_2,7504,5
RAM2019_ENDO_2,7505,5
RAM2019_ENDO_2,7506,5
RAM2019_ENDO_2,7507,8
RAM2019_ENDO_2,7508,4
RAM2019_ENDO_2,7509,4
RAM2019_ENDO_2,7510,6
RAM2019_ENDO_2,7511,6
RAM2019_ENDO_2,7512,5
RAM2019_ENDO_2,7513,0
RAM2019_ENDO_2,7514,5
RAM2019_ENDO_2,7515,5
RAM2019_ENDO_2,7516,5
RAM2019_ENDO_2,7517,6
RAM2019_ENDO_2,7518,2
RAM2019_ENDO_2,7519,4
RAM2019_ENDO_2,7520,6
RAM2019_ENDO_2,7521,5
RAM2019_ENDO_2,7522,5
RAM2019_ENDO_2,7523,3
RAM2019_ENDO_2,7524,4
RAM2019_ENDO_2,7525,5
RAM2019_ENDO_2,7526,5
RAM2019_ENDO_2,7527,5
RAM2019_ENDO_2,7528,3
RAM2019_ENDO_2,7529,0
RAM2019_ENDO_2,7530,6
RAM2019_ENDO_2,7531,2
RAM2019_ENDO_2,7532,4
RAM2019_ENDO_2,7533,4
RAM2019_ENDO_2,7534,3
RAM2019_ENDO_2,7535,4
RAM2019_ENDO_2,7536,4
RAM2019_ENDO_2,7537,4
RAM2019_ENDO_2,7538,2
RAM2019_ENDO_2,7539,6
RAM2019_ENDO_2,7540,3
RAM2019_ENDO_2,7541,4
RAM2019_ENDO_2,7542,4
RAM2019_ENDO_2,7543,4
RAM2019_ENDO_2,7544,4
RAM2019_ENDO_2,7545,11
RAM2019_ENDO_2,7546,4
RAM2019_ENDO_2,7547,4
RAM2019_ENDO_2,7548,3
RAM2019_ENDO_2,7549,6
RAM2019_ENDO_2,7550,2
RAM2019_ENDO_2,7551,9
RAM2019_ENDO_2,7552,2
RAM2019_ENDO_2,7553,3
RAM2019_ENDO_2,7554,2
RAM2019_ENDO_2,7555,6
RAM2019_ENDO_2,7556,3
RAM2019_ENDO_2,7557,4
RAM2019_ENDO_2,7558,3
RAM2019_ENDO_2,7559,3
RAM2019_ENDO_2,7560,3
RAM2019_ENDO_2,7561,5
RAM2019_ENDO_2,7562,3
RAM2019_ENDO_2,7563,7
RAM2019_ENDO_2,7564,6
RAM2019_ENDO_2,7565,5
RAM2019_ENDO_2,7566,3
RAM2019_ENDO_2,7567,6
RAM2019_ENDO_2,7568,3
RAM2019_ENDO_2,7569,6
RAM2019_ENDO_2,7570,2
RAM2019_ENDO_2,7571,8
RAM2019_ENDO_2,7572,6
RAM2019_ENDO_2,7573,4
RAM2019_ENDO_2,7574,2
RAM2019_ENDO_2,7575,6
RAM2019_ENDO_2,7576,7
RAM2019_ENDO_2,7577,3
RAM2019_ENDO_2,7578,4
RAM2019_ENDO_2,7579,5
RAM2019_ENDO_2,7580,4
RAM2019_ENDO_2,7581,4
RAM2019_ENDO_2,7582,2
RAM2019_ENDO_2,7583,3
RAM2019_ENDO_2,7584,1
RAM2019_ENDO_2,7585,3
RAM2019_ENDO_2,7586,4
RAM2019_ENDO_2,7587,7
RAM2019_ENDO_2,7588,4
RAM2019_ENDO_2,7589,4
RAM2019_ENDO_2,7590,3
RAM2019_ENDO_2,7591,2
RAM2019_ENDO_2,7592,5
RAM2019_ENDO_2,7593,5
RAM2019_ENDO_2,7594,3
RAM2019_ENDO_2,7595,4
RAM2019_ENDO_2,7596,2
RAM2019_ENDO_2,7597,5
RAM2019_ENDO_2,7598,6
RAM2019_ENDO_2,7599,7
RAM2019_ENDO_2,7600,4
RAM2019_ENDO_2,7601,5
RAM2019_ENDO_2,7602,5
RAM2019_ENDO_2,7603,7
RAM2019_ENDO_2,7604,4
RAM2019_ENDO_2,7605,4
RAM2019_ENDO_2,7606,7
RAM2019_ENDO_2,7607,7
RAM2019_ENDO_2,7608,9
RAM2019_ENDO_2,7609,4
RAM2019_ENDO_2,7610,2
RAM2019_ENDO_2,7611,2
RAM2019_ENDO_2,7612,5
RAM2019_ENDO_2,7613,3
RAM2019_ENDO_2,7614,7
RAM2019_ENDO_2,7615,3
RAM2019_ENDO_2,7616,3
RAM2019_ENDO_2,7617,7
RAM2019_ENDO_2,7618,5
RAM2019_ENDO_2,7619,4
RAM2019_ENDO_2,7620,5
RAM2019_ENDO_2,7621,6
RAM2019_ENDO_2,7622,7
RAM2019_ENDO_2,7623,5
RAM2019_ENDO_2,7624,3
RAM2019_ENDO_2,7625,7
RAM2019_ENDO_2,7626,3
RAM2019_ENDO_2,7627,7
RAM2019_ENDO_2,7628,4
RAM2019_ENDO_2,7629,6
RAM2019_ENDO_2,7630,2
RAM2019_ENDO_2,7631,6
RAM2019_ENDO_2,7632,3
RAM2019_ENDO_2,7633,3
RAM2019_ENDO_2,7634,5
RAM2019_ENDO_2,7635,6
RAM2019_ENDO_2,7636,6
RAM2019_ENDO_2,7637,0
RAM2019_ENDO_2,7638,7
RAM2019_ENDO_2,7639,8
RAM2019_ENDO_2,7640,5
RAM2019_ENDO_2,7641,5
RAM2019_ENDO_2,7642,4
RAM2019_ENDO_2,7643,8
RAM2019_ENDO_2,7644,2
RAM2019_ENDO_2,7645,8
RAM2019_ENDO_2,7646,7
RAM2019_ENDO_2,7647,4
RAM2019_ENDO_2,7648,4
RAM2019_ENDO_2,7649,4
RAM2019_ENDO_2,7650,8
RAM2019_ENDO_2,7651,8
RAM2019_ENDO_2,7652,6
RAM2019_ENDO_2,7653,6
RAM2019_ENDO_2,7654,4
RAM2019_ENDO_2,7655,6
RAM2019_ENDO_2,7656,5
RAM2019_ENDO_2,7657,6
RAM2019_ENDO_2,7658,2
RAM2019_ENDO_2,7659,4
RAM2019_ENDO_2,7660,5
RAM2019_ENDO_2,7661,2
RAM2019_ENDO_2,7662,8
RAM2019_ENDO_2,7663,1
RAM2019_ENDO_2,7664,6
RAM2019_ENDO_2,7665,7
RAM2019_ENDO_2,7666,2
RAM2019_ENDO_2,7667,4
RAM2019_ENDO_2,7668,5
RAM2019_ENDO_2,7669,0
RAM2019_ENDO_2,7670,2
RAM2019_ENDO_2,7671,5
RAM2019_ENDO_2,7672,5
RAM2019_ENDO_2,7673,2
RAM2019_ENDO_2,7674,7
RAM2019_ENDO_2,7675,6
RAM2019_ENDO_2,7676,6
RAM2019_ENDO_2,7677,4
RAM2019_ENDO_2,7678,2
RAM2019_ENDO_2,7679,9
RAM2019_ENDO_2,7680,7
RAM2019_ENDO_2,7681,6
RAM2019_ENDO_2,7682,6
RAM2019_ENDO_2,7683,1
RAM2019_ENDO_2,7684,4
RAM2019_ENDO_2,7685,2
RAM2019_ENDO_2,7686,2
RAM2019_ENDO_2,7687,3
RAM2019_ENDO_2,7688,1
RAM2019_ENDO_2,7689,5
RAM2019_ENDO_2,7690,4
RAM2019_ENDO_2,7691,3
RAM2019_ENDO_2,7692,3
RAM2019_ENDO_2,7693,3
RAM2019_ENDO_2,7694,3
RAM2019_ENDO_2,7695,5
RAM2019_ENDO_2,7696,8
RAM2019_ENDO_2,7697,6
RAM2019_ENDO_2,7698,5
RAM2019_ENDO_2,7699,4
RAM2019_ENDO_2,7700,4
RAM2019_ENDO_2,7701,2
RAM2019_ENDO_2,7702,3
RAM2019_ENDO_2,7703,5
RAM2019_ENDO_2,7704,1
RAM2019_ENDO_2,7705,1
RAM2019_ENDO_2,7706,3
RAM2019_ENDO_2,7707,7
RAM2019_ENDO_2,7708,6
RAM2019_ENDO_2,7709,1
RAM2019_ENDO_2,7710,4
RAM2019_ENDO_2,7711,4
RAM2019_ENDO_2,7712,3
RAM2019_ENDO_2,7713,8
RAM2019_ENDO_2,7714,4
RAM2019_ENDO_2,7715,7
RAM2019_ENDO_2,7716,5
RAM2019_ENDO_2,7717,6
RAM2019_ENDO_2,7718,4
RAM2019_ENDO_2,7719,2
RAM2019_ENDO_2,7720,4
RAM2019_ENDO_2,7721,4
RAM2019_ENDO_2,7722,4
RAM2019_ENDO_2,7723,7
RAM2019_ENDO_2,7724,3
RAM2019_ENDO_2,7725,4
RAM2019_ENDO_2,7726,3
RAM2019_ENDO_2,7727,4
RAM2019_ENDO_2,7728,4
RAM2019_ENDO_2,7729,2
RAM2019_ENDO_2,7730,3
RAM2019_ENDO_2,7731,3
RAM2019_ENDO_2,7732,3
RAM2019_ENDO_2,7733,8
RAM2019_ENDO_2,7734,6
RAM2019_ENDO_2,7735,4
RAM2019_ENDO_2,7736,7
RAM2019_ENDO_2,7737,5
RAM2019_ENDO_2,7738,2
RAM2019_ENDO_2,7739,4
RAM2019_ENDO_2,7740,3
RAM2019_ENDO_2,7741,3
RAM2019_ENDO_2,7742,5
RAM2019_ENDO_2,7743,6
RAM2019_ENDO_2,7744,2
RAM2019_ENDO_2,7745,2
RAM2019_ENDO_2,7746,3
RAM2019_ENDO_2,7747,5
RAM2019_ENDO_2,7748,4
RAM2019_ENDO_2,7749,3
RAM2019_ENDO_2,7750,7
RAM2019_ENDO_2,7751,4
RAM2019_ENDO_2,7752,3
RAM2019_ENDO_2,7753,3
RAM2019_ENDO_2,7754,4
RAM2019_ENDO_2,7755,8
RAM2019_ENDO_2,7756,5
RAM2019_ENDO_2,7757,4
RAM2019_ENDO_2,7758,6
RAM2019_ENDO_2,7759,5
RAM2019_ENDO_2,7760,4
RAM2019_ENDO_2,7761,6
RAM2019_ENDO_2,7762,8
RAM2019_ENDO_2,7763,3
RAM2019_ENDO_2,7764,6
RAM2019_ENDO_2,7765,5
RAM2019_ENDO_2,7766,3
RAM2019_ENDO_2,7767,4
RAM2019_ENDO_2,7768,6
RAM2019_ENDO_2,7769,5
RAM2019_ENDO_2,7770,5
RAM2019_ENDO_2,7771,4
RAM2019_ENDO_2,7772,3
RAM2019_ENDO_2,7773,3
RAM2019_ENDO_2,7774,5
RAM2019_ENDO_2,7775,0
RAM2019_ENDO_2,7776,2
RAM2019_ENDO_2,7777,4
RAM2019_ENDO_2,7778,4
RAM2019_ENDO_2,7779,8
RAM2019_ENDO_2,7780,7
RAM2019_ENDO_2,7781,6
RAM2019_ENDO_2,7782,4
RAM2019_ENDO_2,7783,6
RAM2019_ENDO_2,7784,4
RAM2019_ENDO_2,7785,7
RAM2019_ENDO_2,7786,5
RAM2019_ENDO_2,7787,4
RAM2019_ENDO_2,7788,7
RAM2019_ENDO_2,7789,2
RAM2019_ENDO_2,7790,4
RAM2019_ENDO_2,7791,8
RAM2019_ENDO_2,7792,3
RAM2019_ENDO_2,7793,8
RAM2019_ENDO_2,7794,2
RAM2019_ENDO_2,7795,5
RAM2019_ENDO_2,7796,5
RAM2019_ENDO_2,7797,6
RAM2019_ENDO_2,7798,3
RAM2019_ENDO_2,7799,3
RAM2019_ENDO_2,7800,4
RAM2019_ENDO_2,7801,2
RAM2019_ENDO_2,7802,7
RAM2019_ENDO_2,7803,5
RAM2019_ENDO_2,7804,3
RAM2019_ENDO_2,7805,3
RAM2019_ENDO_2,7806,4
RAM2019_ENDO_2,7807,3
RAM2019_ENDO_2,7808,2
RAM2019_ENDO_2,7809,3
RAM2019_ENDO_2,7810,8
RAM2019_ENDO_2,7811,3
RAM2019_ENDO_2,7812,4
RAM2019_ENDO_2,7813,3
RAM2019_ENDO_2,7814,2
RAM2019_ENDO_2,7815,2
RAM2019_ENDO_2,7816,5
RAM2019_ENDO_2,7817,1
RAM2019_ENDO_2,7818,4
RAM2019_ENDO_2,7819,7
RAM2019_ENDO_2,7820,6
RAM2019_ENDO_2,7821,6
RAM2019_ENDO_2,7822,5
RAM2019_ENDO_2,7823,4
RAM2019_ENDO_2,7824,6
RAM2019_ENDO_2,7825,5
RAM2019_ENDO_2,7826,6
RAM2019_ENDO_2,7827,4
RAM2019_ENDO_2,7828,4
RAM2019_ENDO_2,7829,7
RAM2019_ENDO_2,7830,3
RAM2019_ENDO_2,7831,5
RAM2019_ENDO_2,7832,3
RAM2019_ENDO_2,7833,6
RAM2019_ENDO_2,7834,3
RAM2019_ENDO_2,7835,3
RAM2019_ENDO_2,7836,4
RAM2019_ENDO_2,7837,3
RAM2019_ENDO_2,7838,3
RAM2019_ENDO_2,7839,4
RAM2019_ENDO_2,7840,2
RAM2019_ENDO_2,7841,8
RAM2019_ENDO_2,7842,4
RAM2019_ENDO_2,7843,2
RAM2019_ENDO_2,7844,2
RAM2019_ENDO_2,7845,3
RAM2019_ENDO_2,7846,2
RAM2019_ENDO_2,7847,7
RAM2019_ENDO_2,7848,5
RAM2019_ENDO_2,7849,8
RAM2019_ENDO_2,7850,6
RAM2019_ENDO_2,7851,4
RAM2019_ENDO_2,7852,3
RAM2019_ENDO_2,7853,3
RAM2019_ENDO_2,7854,4
RAM2019_ENDO_2,7855,3
RAM2019_ENDO_2,7856,4
RAM2019_ENDO_2,7857,4
RAM2019_ENDO_2,7858,3
RAM2019_ENDO_2,7859,3
RAM2019_ENDO_2,7860,4
RAM2019_ENDO_2,7861,3
RAM2019_ENDO_2,7862,6
RAM2019_ENDO_2,7863,8
RAM2019_ENDO_2,7864,6
RAM2019_ENDO_2,7865,7
RAM2019_ENDO_2,7866,4
RAM2019_ENDO_2,7867,5
RAM2019_ENDO_2,7868,2
RAM2019_ENDO_2,7869,4
RAM2019_ENDO_2,7870,3
RAM2019_ENDO_2,7871,2
RAM2019_ENDO_2,7872,6
RAM2019_ENDO_2,7873,2
RAM2019_ENDO_2,7874,7
RAM2019_ENDO_2,7875,7
RAM2019_ENDO_2,7876,6
RAM2019_ENDO_2,7877,5
RAM2019_ENDO_2,7878,3
RAM2019_ENDO_2,7879,3
RAM2019_ENDO_2,7880,5
RAM2019_ENDO_2,7881,4
RAM2019_ENDO_2,7882,6
RAM2019_ENDO_2,7883,4
RAM2019_ENDO_2,7884,6
RAM2019_ENDO_2,7885,3
RAM2019_ENDO_2,7886,6
RAM2019_ENDO_2,7887,3
RAM2019_ENDO_2,7888,6
RAM2019_ENDO_2,7889,6
RAM2019_ENDO_2,7890,7
RAM2019_ENDO_2,7891,6
RAM2019_ENDO_2,7892,3
RAM2019_ENDO_2,7893,6
RAM2019_ENDO_2,7894,6
RAM2019_ENDO_2,7895,5
RAM2019_ENDO_2,7896,4
RAM2019_ENDO_2,7897,3
RAM2019_ENDO_2,7898,6
RAM2019_ENDO_2,7899,6
RAM2019_ENDO_2,7900,5
RAM2019_ENDO_2,7901,4
RAM2019_ENDO_2,7902,2
RAM2019_ENDO_2,7903,3
RAM2019_ENDO_2,7904,1
RAM2019_ENDO_2,7905,4
RAM2019_ENDO_2,7906,5
RAM2019_ENDO_2,7907,3
RAM2019_ENDO_2,7908,2
RAM2019_ENDO_2,7909,2
RAM2019_ENDO_2,7910,3
RAM2019_ENDO_2,7911,6
RAM2019_ENDO_2,7912,7
RAM2019_ENDO_2,7913,8
RAM2019_ENDO_2,7914,4
RAM2019_ENDO_2,7915,1
RAM2019_ENDO_2,7916,4
RAM2019_ENDO_2,7917,10
RAM2019_ENDO_2,7918,3
RAM2019_ENDO_2,7919,1
RAM2019_ENDO_2,7920,1
RAM2019_ENDO_2,7921,4
RAM2019_ENDO_2,7922,5
RAM2019_ENDO_2,7923,7
RAM2019_ENDO_2,7924,5
RAM2019_ENDO_2,7925,3
RAM2019_ENDO_2,7926,3
RAM2019_ENDO_2,7927,3
RAM2019_ENDO_2,7928,5
RAM2019_ENDO_2,7929,4
RAM2019_ENDO_2,7930,3
RAM2019_ENDO_2,7931,5
RAM2019_ENDO_2,7932,9
RAM2019_ENDO_2,7933,6
RAM2019_ENDO_2,7934,0
RAM2019_ENDO_2,7935,3
RAM2019_ENDO_2,7936,7
RAM2019_ENDO_2,7937,4
RAM2019_ENDO_2,7938,3
RAM2019_ENDO_2,7939,4
RAM2019_ENDO_2,7940,5
RAM2019_ENDO_2,7941,9
RAM2019_ENDO_2,7942,5
RAM2019_ENDO_2,7943,4
RAM2019_ENDO_2,7944,4
RAM2019_ENDO_2,7945,6
RAM2019_ENDO_2,7946,6
RAM2019_ENDO_2,7947,7
RAM2019_ENDO_2,7948,1
RAM2019_ENDO_2,7949,3
RAM2019_ENDO_2,7950,4
RAM2019_ENDO_2,7951,6
RAM2019_ENDO_2,7952,4
RAM2019_ENDO_2,7953,5
RAM2019_ENDO_2,7954,6
RAM2019_ENDO_2,7955,6
RAM2019_ENDO_2,7956,0
RAM2019_ENDO_2,7957,6
RAM2019_ENDO_2,7958,0
RAM2019_ENDO_2,7959,5
RAM2019_ENDO_2,7960,3
RAM2019_ENDO_2,7961,6
RAM2019_ENDO_2,7962,6
RAM2019_ENDO_2,7963,4
RAM2019_ENDO_2,7964,4
RAM2019_ENDO_2,7965,4
RAM2019_ENDO_2,7966,4
RAM2019_ENDO_2,7967,5
RAM2019_ENDO_2,7968,6
RAM2019_ENDO_2,7969,5
RAM2019_ENDO_2,7970,6
RAM2019_ENDO_2,7971,9
RAM2019_ENDO_2,7972,1
RAM2019_ENDO_2,7973,5
RAM2019_ENDO_2,7974,2
RAM2019_ENDO_2,7975,4
RAM2019_ENDO_2,7976,4
RAM2019_ENDO_2,7977,6
RAM2019_ENDO_2,7978,4
RAM2019_ENDO_2,7979,1
RAM2019_ENDO_2,7980,4
RAM2019_ENDO_2,7981,5
RAM2019_ENDO_2,7982,2
RAM2019_ENDO_2,7983,1
RAM2019_ENDO_2,7984,2
RAM2019_ENDO_2,7985,3
RAM2019_ENDO_2,7986,5
RAM2019_ENDO_2,7987,3
RAM2019_ENDO_2,7988,2
RAM2019_ENDO_2,7989,4
RAM2019_ENDO_2,7990,8
RAM2019_ENDO_2,7991,7
RAM2019_ENDO_2,7992,8
RAM2019_ENDO_2,7993,2
RAM2019_ENDO_2,7994,4
RAM2019_ENDO_2,7995,3
RAM2019_ENDO_2,7996,4
RAM2019_ENDO_2,7997,4
RAM2019_ENDO_2,7998,4
RAM2019_ENDO_2,7999,5
RAM2019_ENDO_2,8000,3
RAM2019_ENDO_2,8001,6
RAM2019_ENDO_2,8002,6
RAM2019_ENDO_2,8003,1
RAM2019_ENDO_2,8004,4
RAM2019_ENDO_2,8005,7
RAM2019_ENDO_2,8006,5
RAM2019_ENDO_2,8007,4
RAM2019_ENDO_2,8008,4
RAM2019_ENDO_2,8009,8
RAM2019_ENDO_2,8010,7
RAM2019_ENDO_2,8011,3
RAM2019_ENDO_2,8012,5
RAM2019_ENDO_2,8013,3
RAM2019_ENDO_2,8014,5
RAM2019_ENDO_2,8015,4
RAM2019_ENDO_2,8016,7
RAM2019_ENDO_2,8017,7
RAM2019_ENDO_2,8018,2
RAM2019_ENDO_2,8019,4
RAM2019_ENDO_2,8020,3
RAM2019_ENDO_2,8021,3
RAM2019_ENDO_2,8022,3
RAM2019_ENDO_2,8023,1
RAM2019_ENDO_2,8024,6
RAM2019_ENDO_2,8025,5
RAM2019_ENDO_2,8026,3
RAM2019_ENDO_2,8027,7
RAM2019_ENDO_2,8028,8
RAM2019_ENDO_2,8029,4
RAM2019_ENDO_2,8030,6
RAM2019_ENDO_2,8031,7
RAM2019_ENDO_2,8032,3
RAM2019_ENDO_2,8033,2
RAM2019_ENDO_2,8034,6
RAM2019_ENDO_2,8035,3
RAM2019_ENDO_2,8036,9
RAM2019_ENDO_2,8037,3
RAM2019_ENDO_2,8038,7
RAM2019_ENDO_2,8039,5
RAM2019_ENDO_2,8040,3
RAM2019_ENDO_2,8041,5
RAM2019_ENDO_2,8042,3
RAM2019_ENDO_2,8043,5
RAM2019_ENDO_2,8044,1
RAM2019_ENDO_2,8045,5
RAM2019_ENDO_2,8046,5
RAM2019_ENDO_2,8047,6
RAM2019_ENDO_2,8048,9
RAM2019_ENDO_2,8049,4
RAM2019_ENDO_2,8050,5
RAM2019_ENDO_2,8051,8
RAM2019_ENDO_2,8052,10
RAM2019_ENDO_2,8053,3
RAM2019_ENDO_2,8054,4
RAM2019_ENDO_2,8055,5
RAM2019_ENDO_2,8056,3
RAM2019_ENDO_2,8057,8
RAM2019_ENDO_2,8058,3
RAM2019_ENDO_2,8059,7
RAM2019_ENDO_2,8060,7
RAM2019_ENDO_2,8061,4
RAM2019_ENDO_2,8062,3
RAM2019_ENDO_2,8063,4
RAM2019_ENDO_2,8064,8
RAM2019_ENDO_2,8065,6
RAM2019_ENDO_2,8066,8
RAM2019_ENDO_2,8067,5
RAM2019_ENDO_2,8068,4
RAM2019_ENDO_2,8069,5
RAM2019_ENDO_2,8070,3
RAM2019_ENDO_2,8071,5
RAM2019_ENDO_2,8072,4
RAM2019_ENDO_2,8073,5
RAM2019_ENDO_2,8074,4
RAM2019_ENDO_2,8075,7
RAM2019_ENDO_2,8076,6
RAM2019_ENDO_2,8077,3
RAM2019_ENDO_2,8078,3
RAM2019_ENDO_2,8079,3
RAM2019_ENDO_2,8080,4
RAM2019_ENDO_2,8081,5
RAM2019_ENDO_2,8082,8
RAM2019_ENDO_2,8083,3
RAM2019_ENDO_2,8084,4
RAM2019_ENDO_2,8085,1
RAM2019_ENDO_2,8086,4
RAM2019_ENDO_2,8087,4
RAM2019_ENDO_2,8088,3
RAM2019_ENDO_2,8089,3
RAM2019_ENDO_2,8090,8
RAM2019_ENDO_2,8091,9
RAM2019_ENDO_2,8092,4
RAM2019_ENDO_2,8093,3
RAM2019_ENDO_2,8094,3
RAM2019_ENDO_2,8095,5
RAM2019_ENDO_2,8096,4
RAM2019_ENDO_2,8097,2
RAM2019_ENDO_2,8098,5
RAM2019_ENDO_2,8099,5
RAM2019_ENDO_2,8100,4
RAM2019_ENDO_2,8101,7
RAM2019_ENDO_2,8102,4
RAM2019_ENDO_2,8103,2
RAM2019_ENDO_2,8104,2
RAM2019_ENDO_2,8105,7
RAM2019_ENDO_2,8106,3
RAM2019_ENDO_2,8107,5
RAM2019_ENDO_2,8108,3
RAM2019_ENDO_2,8109,4
RAM2019_ENDO_2,8110,2
RAM2019_ENDO_2,8111,4
RAM2019_ENDO_2,8112,2
RAM2019_ENDO_2,8113,5
RAM2019_ENDO_2,8114,3
RAM2019_ENDO_2,8115,3
RAM2019_ENDO_2,8116,6
RAM2019_ENDO_2,8117,1
RAM2019_ENDO_2,8118,4
RAM2019_ENDO_2,8119,3
RAM2019_ENDO_2,8120,3
RAM2019_ENDO_2,8121,4
RAM2019_ENDO_2,8122,6
RAM2019_ENDO_2,8123,6
RAM2019_ENDO_2,8124,1
RAM2019_ENDO_2,8125,2
RAM2019_ENDO_2,8126,7
RAM2019_ENDO_2,8127,5
RAM2019_ENDO_2,8128,4
RAM2019_ENDO_2,8129,9
RAM2019_ENDO_2,8130,4
RAM2019_ENDO_2,8131,5
RAM2019_ENDO_2,8132,2
RAM2019_ENDO_2,8133,4
RAM2019_ENDO_2,8134,5
RAM2019_ENDO_2,8135,7
RAM2019_ENDO_2,8136,8
RAM2019_ENDO_2,8137,3
RAM2019_ENDO_2,8138,2
RAM2019_ENDO_2,8139,5
RAM2019_ENDO_2,8140,7
RAM2019_ENDO_2,8141,5
RAM2019_ENDO_2,8142,3
RAM2019_ENDO_2,8143,7
RAM2019_ENDO_2,8144,2
RAM2019_ENDO_2,8145,5
RAM2019_ENDO_2,8146,4
RAM2019_ENDO_2,8147,7
RAM2019_ENDO_2,8148,3
RAM2019_ENDO_2,8149,3
RAM2019_ENDO_2,8150,9
RAM2019_ENDO_2,8151,4
RAM2019_ENDO_2,8152,3
RAM2019_ENDO_2,8153,5
RAM2019_ENDO_2,8154,5
RAM2019_ENDO_2,8155,4
RAM2019_ENDO_2,8156,2
RAM2019_ENDO_2,8157,6
RAM2019_ENDO_2,8158,3
RAM2019_ENDO_2,8159,7
RAM2019_ENDO_2,8160,3
RAM2019_ENDO_2,8161,6
RAM2019_ENDO_2,8162,3
RAM2019_ENDO_2,8163,3
RAM2019_ENDO_2,8164,2
RAM2019_ENDO_2,8165,2
RAM2019_ENDO_2,8166,4
RAM2019_ENDO_2,8167,8
RAM2019_ENDO_2,8168,3
RAM2019_ENDO_2,8169,5
RAM2019_ENDO_2,8170,2
RAM2019_ENDO_2,8171,2
RAM2019_ENDO_2,8172,4
RAM2019_ENDO_2,8173,7
RAM2019_ENDO_2,8174,4
RAM2019_ENDO_2,8175,4
RAM2019_ENDO_2,8176,7
RAM2019_ENDO_2,8177,6
RAM2019_ENDO_2,8178,3
RAM2019_ENDO_2,8179,3
RAM2019_ENDO_2,8180,2
RAM2019_ENDO_2,8181,5
RAM2019_ENDO_2,8182,0
RAM2019_ENDO_2,8183,6
RAM2019_ENDO_2,8184,3
RAM2019_ENDO_2,8185,3
RAM2019_ENDO_2,8186,4
RAM2019_ENDO_2,8187,5
RAM2019_ENDO_2,8188,5
RAM2019_ENDO_2,8189,4
RAM2019_ENDO_2,8190,2
RAM2019_ENDO_2,8191,5
RAM2019_ENDO_2,8192,5
RAM2019_ENDO_2,8193,6
RAM2019_ENDO_2,8194,3
RAM2019_ENDO_2,8195,6
RAM2019_ENDO_2,8196,5
RAM2019_ENDO_2,8197,5
RAM2019_ENDO_2,8198,3
RAM2019_ENDO_2,8199,2
RAM2019_ENDO_2,8200,4
RAM2019_ENDO_2,8201,3
RAM2019_ENDO_2,8202,1
RAM2019_ENDO_2,8203,6
RAM2019_ENDO_2,8204,4
RAM2019_ENDO_2,8205,6
RAM2019_ENDO_2,8206,4
RAM2019_ENDO_2,8207,5
RAM2019_ENDO_2,8208,5
RAM2019_ENDO_2,8209,4
RAM2019_ENDO_2,8210,4
RAM2019_ENDO_2,8211,8
RAM2019_ENDO_2,8212,5
RAM2019_ENDO_2,8213,5
RAM2019_ENDO_2,8214,1
RAM2019_ENDO_2,8215,2
RAM2019_ENDO_2,8216,7
RAM2019_ENDO_2,8217,4
RAM2019_ENDO_2,8218,9
RAM2019_ENDO_2,8219,1
RAM2019_ENDO_2,8220,8
RAM2019_ENDO_2,8221,1
RAM2019_ENDO_2,8222,5
RAM2019_ENDO_2,8223,3
RAM2019_ENDO_2,8224,4
RAM2019_ENDO_2,8225,3
RAM2019_ENDO_2,8226,4
RAM2019_ENDO_2,8227,5
RAM2019_ENDO_2,8228,4
RAM2019_ENDO_2,8229,2
RAM2019_ENDO_2,8230,5
RAM2019_ENDO_2,8231,3
RAM2019_ENDO_2,8232,9
RAM2019_ENDO_2,8233,3
RAM2019_ENDO_2,8234,5
RAM2019_ENDO_2,8235,7
RAM2019_ENDO_2,8236,0
RAM2019_ENDO_2,8237,2
RAM2019_ENDO_2,8238,8
RAM2019_ENDO_2,8239,1
RAM2019_ENDO_2,8240,3
RAM2019_ENDO_2,8241,3
RAM2019_ENDO_2,8242,4
RAM2019_ENDO_2,8243,8
RAM2019_ENDO_2,8244,2
RAM2019_ENDO_2,8245,3
RAM2019_ENDO_2,8246,2
RAM2019_ENDO_2,8247,6
RAM2019_ENDO_2,8248,2
RAM2019_ENDO_2,8249,5
RAM2019_ENDO_2,8250,1
RAM2019_ENDO_2,8251,1
RAM2019_ENDO_2,8252,7
RAM2019_ENDO_2,8253,5
RAM2019_ENDO_2,8254,4
RAM2019_ENDO_2,8255,2
RAM2019_ENDO_2,8256,1
RAM2019_ENDO_2,8257,2
RAM2019_ENDO_2,8258,7
RAM2019_ENDO_2,8259,4
RAM2019_ENDO_2,8260,1
RAM2019_ENDO_2,8261,5
RAM2019_ENDO_2,8262,5
RAM2019_ENDO_2,8263,6
RAM2019_ENDO_2,8264,1
RAM2019_ENDO_2,8265,7
RAM2019_ENDO_2,8266,7
RAM2019_ENDO_2,8267,3
RAM2019_ENDO_2,8268,2
RAM2019_ENDO_2,8269,3
RAM2019_ENDO_2,8270,7
RAM2019_ENDO_2,8271,2
RAM2019_ENDO_2,8272,3
RAM2019_ENDO_2,8273,2
RAM2019_ENDO_2,8274,2
RAM2019_ENDO_2,8275,3
RAM2019_ENDO_2,8276,2
RAM2019_ENDO_2,8277,6
RAM2019_ENDO_2,8278,4
RAM2019_ENDO_2,8279,2
RAM2019_ENDO_2,8280,3
RAM2019_ENDO_2,8281,7
RAM2019_ENDO_2,8282,6
RAM2019_ENDO_2,8283,3
RAM2019_ENDO_2,8284,0
RAM2019_ENDO_2,8285,4
RAM2019_ENDO_2,8286,1
RAM2019_ENDO_2,8287,1
RAM2019_ENDO_2,8288,4
RAM2019_ENDO_2,8289,5
RAM2019_ENDO_2,8290,6
RAM2019_ENDO_2,8291,5
RAM2019_ENDO_2,8292,2
RAM2019_ENDO_2,8293,2
RAM2019_ENDO_2,8294,3
RAM2019_ENDO_2,8295,5
RAM2019_ENDO_2,8296,4
RAM2019_ENDO_2,8297,7
RAM2019_ENDO_2,8298,3
RAM2019_ENDO_2,8299,3
RAM2019_ENDO_2,8300,7
RAM2019_ENDO_2,8301,4
RAM2019_ENDO_2,8302,6
RAM2019_ENDO_2,8303,8
RAM2019_ENDO_2,8304,6
RAM2019_ENDO_2,8305,5
RAM2019_ENDO_2,8306,4
RAM2019_ENDO_2,8307,1
RAM2019_ENDO_2,8308,2
RAM2019_ENDO_2,8309,4
RAM2019_ENDO_2,8310,3
RAM2019_ENDO_2,8311,5
RAM2019_ENDO_2,8312,6
RAM2019_ENDO_2,8313,6
RAM2019_ENDO_2,8314,2
RAM2019_ENDO_2,8315,7
RAM2019_ENDO_2,8316,4
RAM2019_ENDO_2,8317,7
RAM2019_ENDO_2,8318,2
RAM2019_ENDO_2,8319,1
RAM2019_ENDO_2,8320,5
RAM2019_ENDO_2,8321,7
RAM2019_ENDO_2,8322,2
RAM2019_ENDO_2,8323,5
RAM2019_ENDO_2,8324,2
RAM2019_ENDO_2,8325,2
RAM2019_ENDO_2,8326,4
RAM2019_ENDO_2,8327,3
RAM2019_ENDO_2,8328,5
RAM2019_ENDO_2,8329,7
RAM2019_ENDO_2,8330,7
RAM2019_ENDO_2,8331,6
RAM2019_ENDO_2,8332,2
RAM2019_ENDO_2,8333,4
RAM2019_ENDO_2,8334,2
RAM2019_ENDO_2,8335,5
RAM2019_ENDO_2,8336,5
RAM2019_ENDO_2,8337,3
RAM2019_ENDO_2,8338,6
RAM2019_ENDO_2,8339,5
RAM2019_ENDO_2,8340,6
RAM2019_ENDO_2,8341,1
RAM2019_ENDO_2,8342,3
RAM2019_ENDO_2,8343,4
RAM2019_ENDO_2,8344,3
RAM2019_ENDO_2,8345,2
RAM2019_ENDO_2,8346,3
RAM2019_ENDO_2,8347,3
RAM2019_ENDO_2,8348,7
RAM2019_ENDO_2,8349,5
RAM2019_ENDO_2,8350,4
RAM2019_ENDO_2,8351,2
RAM2019_ENDO_2,8352,6
RAM2019_ENDO_2,8353,5
RAM2019_ENDO_2,8354,2
RAM2019_ENDO_2,8355,7
RAM2019_ENDO_2,8356,3
RAM2019_ENDO_2,8357,5
RAM2019_ENDO_2,8358,4
RAM2019_ENDO_2,8359,6
RAM2019_ENDO_2,8360,1
RAM2019_ENDO_2,8361,4
RAM2019_ENDO_2,8362,4
RAM2019_ENDO_2,8363,3
RAM2019_ENDO_2,8364,5
RAM2019_ENDO_2,8365,7
RAM2019_ENDO_2,8366,2
RAM2019_ENDO_2,8367,4
RAM2019_ENDO_2,8368,6
RAM2019_ENDO_2,8369,5
RAM2019_ENDO_2,8370,6
RAM2019_ENDO_2,8371,3
RAM2019_ENDO_2,8372,5
RAM2019_ENDO_2,8373,6
RAM2019_ENDO_2,8374,3
RAM2019_ENDO_2,8375,3
RAM2019_ENDO_2,8376,4
RAM2019_ENDO_2,8377,8
RAM2019_ENDO_2,8378,2
RAM2019_ENDO_2,8379,5
RAM2019_ENDO_2,8380,4
RAM2019_ENDO_2,8381,7
RAM2019_ENDO_2,8382,6
RAM2019_ENDO_2,8383,5
RAM2019_ENDO_2,8384,2
RAM2019_ENDO_2,8385,4
RAM2019_ENDO_2,8386,3
RAM2019_ENDO_2,8387,2
RAM2019_ENDO_2,8388,5
RAM2019_ENDO_2,8389,3
RAM2019_ENDO_2,8390,5
RAM2019_ENDO_2,8391,2
RAM2019_ENDO_2,8392,2
RAM2019_ENDO_2,8393,4
RAM2019_ENDO_2,8394,6
RAM2019_ENDO_2,8395,3
RAM2019_ENDO_2,8396,4
RAM2019_ENDO_2,8397,2
RAM2019_ENDO_2,8398,4
RAM2019_ENDO_2,8399,4
RAM2019_ENDO_2,8400,7
RAM2019_ENDO_2,8401,4
RAM2019_ENDO_2,8402,4
RAM2019_ENDO_2,8403,5
RAM2019_ENDO_2,8404,5
RAM2019_ENDO_2,8405,5
RAM2019_ENDO_2,8406,5
RAM2019_ENDO_2,8407,4
RAM2019_ENDO_2,8408,5
RAM2019_ENDO_2,8409,7
RAM2019_ENDO_2,8410,5
RAM2019_ENDO_2,8411,1
RAM2019_ENDO_2,8412,4
RAM2019_ENDO_2,8413,3
RAM2019_ENDO_2,8414,10
RAM2019_ENDO_2,8415,6
RAM2019_ENDO_2,8416,3
RAM2019_ENDO_2,8417,5
RAM2019_ENDO_2,8418,2
RAM2019_ENDO_2,8419,5
RAM2019_ENDO_2,8420,7
RAM2019_ENDO_2,8421,4
RAM2019_ENDO_2,8422,2
RAM2019_ENDO_2,8423,8
RAM2019_ENDO_2,8424,5
RAM2019_ENDO_2,8425,4
RAM2019_ENDO_2,8426,3
RAM2019_ENDO_2,8427,7
RAM2019_ENDO_2,8428,5
RAM2019_ENDO_2,8429,5
RAM2019_ENDO_2,8430,2
RAM2019_ENDO_2,8431,3
RAM2019_ENDO_2,8432,0
RAM2019_ENDO_2,8433,4
RAM2019_ENDO_2,8434,6
RAM2019_ENDO_2,8435,5
RAM2019_ENDO_2,8436,3
RAM2019_ENDO_2,8437,9
RAM2019_ENDO_2,8438,6
RAM2019_ENDO_2,8439,5
RAM2019_ENDO_2,8440,4
RAM2019_ENDO_2,8441,4
RAM2019_ENDO_2,8442,5
RAM2019_ENDO_2,8443,2
RAM2019_ENDO_2,8444,2
RAM2019_ENDO_2,8445,7
RAM2019_ENDO_2,8446,4
RAM2019_ENDO_2,8447,1
RAM2019_ENDO_2,8448,7
RAM2019_ENDO_2,8449,3
RAM2019_ENDO_2,8450,4
RAM2019_ENDO_2,8451,2
RAM2019_ENDO_2,8452,7
RAM2019_ENDO_2,8453,10
RAM2019_ENDO_2,8454,6
RAM2019_ENDO_2,8455,2
RAM2019_ENDO_2,8456,2
RAM2019_ENDO_2,8457,9
RAM2019_ENDO_2,8458,4
RAM2019_ENDO_2,8459,5
RAM2019_ENDO_2,8460,5
RAM2019_ENDO_2,8461,4
RAM2019_ENDO_2,8462,5
RAM2019_ENDO_2,8463,4
RAM2019_ENDO_2,8464,4
RAM2019_ENDO_2,8465,2
RAM2019_ENDO_2,8466,3
RAM2019_ENDO_2,8467,2
RAM2019_ENDO_2,8468,2
RAM2019_ENDO_2,8469,3
RAM2019_ENDO_2,8470,7
RAM2019_ENDO_2,8471,7
RAM2019_ENDO_2,8472,3
RAM2019_ENDO_2,8473,3
RAM2019_ENDO_2,8474,5
RAM2019_ENDO_2,8475,7
RAM2019_ENDO_2,8476,2
RAM2019_ENDO_2,8477,8
RAM2019_ENDO_2,8478,3
RAM2019_ENDO_2,8479,5
RAM2019_ENDO_2,8480,10
RAM2019_ENDO_2,8481,4
RAM2019_ENDO_2,8482,2
RAM2019_ENDO_2,8483,4
RAM2019_ENDO_2,8484,1
RAM2019_ENDO_2,8485,1
RAM2019_ENDO_2,8486,7
RAM2019_ENDO_2,8487,4
RAM2019_ENDO_2,8488,4
RAM2019_ENDO_2,8489,5
RAM2019_ENDO_2,8490,3
RAM2019_ENDO_2,8491,2
RAM2019_ENDO_2,8492,1
RAM2019_ENDO_2,8493,7
RAM2019_ENDO_2,8494,7
RAM2019_ENDO_2,8495,3
RAM2019_ENDO_2,8496,4
RAM2019_ENDO_2,8497,3
RAM2019_ENDO_2,8498,5
RAM2019_ENDO_2,8499,5
RAM2019_ENDO_2,8500,3
RAM2019_ENDO_2,8501,1
RAM2019_ENDO_2,8502,2
RAM2019_ENDO_2,8503,5
RAM2019_ENDO_2,8504,0
RAM2019_ENDO_2,8505,5
RAM2019_ENDO_2,8506,8
RAM2019_ENDO_2,8507,5
RAM2019_ENDO_2,8508,1
RAM2019_ENDO_2,8509,4
RAM2019_ENDO_2,8510,4
RAM2019_ENDO_2,8511,6
RAM2019_ENDO_2,8512,4
RAM2019_ENDO_2,8513,4
RAM2019_ENDO_2,8514,2
RAM2019_ENDO_2,8515,5
RAM2019_ENDO_2,8516,4
RAM2019_ENDO_2,8517,3
RAM2019_ENDO_2,8518,2
RAM2019_ENDO_2,8519,0
RAM2019_ENDO_2,8520,5
RAM2019_ENDO_2,8521,3
RAM2019_ENDO_2,8522,2
RAM2019_ENDO_2,8523,6
RAM2019_ENDO_2,8524,3
RAM2019_ENDO_2,8525,4
RAM2019_ENDO_2,8526,5
RAM2019_ENDO_2,8527,4
RAM2019_ENDO_2,8528,6
RAM2019_ENDO_2,8529,5
RAM2019_ENDO_2,8530,5
RAM2019_ENDO_2,8531,8
RAM2019_ENDO_2,8532,4
RAM2019_ENDO_2,8533,3
RAM2019_ENDO_2,8534,3
RAM2019_ENDO_2,8535,5
RAM2019_ENDO_2,8536,4
RAM2019_ENDO_2,8537,3
RAM2019_ENDO_2,8538,3
RAM2019_ENDO_2,8539,4
RAM2019_ENDO_2,8540,7
RAM2019_ENDO_2,8541,3
RAM2019_ENDO_2,8542,8
RAM2019_ENDO_2,8543,4
RAM2019_ENDO_2,8544,3
RAM2019_ENDO_2,8545,6
RAM2019_ENDO_2,8546,2
RAM2019_ENDO_2,8547,3
RAM2019_ENDO_2,8548,3
RAM2019_ENDO_2,8549,4
RAM2019_ENDO_2,8550,3
RAM2019_ENDO_2,8551,4
RAM2019_ENDO_2,8552,8
RAM2019_ENDO_2,8553,5
RAM2019_ENDO_2,8554,0
RAM2019_ENDO_2,8555,3
RAM2019_ENDO_2,8556,6
RAM2019_ENDO_2,8557,2
RAM2019_ENDO_2,8558,6
RAM2019_ENDO_2,8559,7
RAM2019_ENDO_2,8560,7
RAM2019_ENDO_2,8561,6
RAM2019_ENDO_2,8562,7
RAM2019_ENDO_2,8563,10
RAM2019_ENDO_2,8564,3
RAM2019_ENDO_2,8565,4
RAM2019_ENDO_2,8566,4
RAM2019_ENDO_2,8567,6
RAM2019_ENDO_2,8568,4
RAM2019_ENDO_2,8569,3
RAM2019_ENDO_2,8570,3
RAM2019_ENDO_2,8571,6
RAM2019_ENDO_2,8572,3
RAM2019_ENDO_2,8573,6
RAM2019_ENDO_2,8574,6
RAM2019_ENDO_2,8575,3
RAM2019_ENDO_2,8576,8
RAM2019_ENDO_2,8577,5
RAM2019_ENDO_2,8578,11
RAM2019_ENDO_2,8579,4
RAM2019_ENDO_2,8580,5
RAM2019_ENDO_2,8581,6
RAM2019_ENDO_2,8582,3
RAM2019_ENDO_2,8583,4
RAM2019_ENDO_2,8584,6
RAM2019_ENDO_2,8585,2
RAM2019_ENDO_2,8586,7
RAM2019_ENDO_2,8587,4
RAM2019_ENDO_2,8588,3
RAM2019_ENDO_2,8589,4
RAM2019_ENDO_2,8590,3
RAM2019_ENDO_2,8591,3
RAM2019_ENDO_2,8592,6
RAM2019_ENDO_2,8593,4
RAM2019_ENDO_2,8594,3
RAM2019_ENDO_2,8595,4
RAM2019_ENDO_2,8596,2
RAM2019_ENDO_2,8597,4
RAM2019_ENDO_2,8598,4
RAM2019_ENDO_2,8599,6
RAM2019_ENDO_2,8600,5
RAM2019_ENDO_2,8601,5
RAM2019_ENDO_2,8602,3
RAM2019_ENDO_2,8603,2
RAM2019_ENDO_2,8604,3
RAM2019_ENDO_2,8605,3
RAM2019_ENDO_2,8606,3
RAM2019_ENDO_2,8607,4
RAM2019_ENDO_2,8608,5
RAM2019_ENDO_2,8609,6
RAM2019_ENDO_2,8610,5
RAM2019_ENDO_2,8611,5
RAM2019_ENDO_2,8612,6
RAM2019_ENDO_2,8613,6
RAM2019_ENDO_2,8614,9
RAM2019_ENDO_2,8615,6
RAM2019_ENDO_2,8616,6
RAM2019_ENDO_2,8617,3
RAM2019_ENDO_2,8618,8
RAM2019_ENDO_2,8619,4
RAM2019_ENDO_2,8620,4
RAM2019_ENDO_2,8621,0
RAM2019_ENDO_2,8622,6
RAM2019_ENDO_2,8623,2
RAM2019_ENDO_2,8624,4
RAM2019_ENDO_2,8625,4
RAM2019_ENDO_2,8626,3
RAM2019_ENDO_2,8627,6
RAM2019_ENDO_2,8628,4
RAM2019_ENDO_2,8629,2
RAM2019_ENDO_2,8630,8
RAM2019_ENDO_2,8631,3
RAM2019_ENDO_2,8632,8
RAM2019_ENDO_2,8633,5
RAM2019_ENDO_2,8634,5
RAM2019_ENDO_2,8635,3
RAM2019_ENDO_2,8636,10
RAM2019_ENDO_2,8637,8
RAM2019_ENDO_2,8638,5
RAM2019_ENDO_2,8639,7
RAM2019_ENDO_2,8640,3
RAM2019_ENDO_2,8641,6
RAM2019_ENDO_2,8642,3
RAM2019_ENDO_2,8643,2
RAM2019_ENDO_2,8644,4
RAM2019_ENDO_2,8645,3
RAM2019_ENDO_2,8646,2
RAM2019_ENDO_2,8647,3
RAM2019_ENDO_2,8648,6
RAM2019_ENDO_2,8649,11
RAM2019_ENDO_2,8650,6
RAM2019_ENDO_2,8651,2
RAM2019_ENDO_2,8652,9
RAM2019_ENDO_2,8653,10
RAM2019_ENDO_2,8654,4
RAM2019_ENDO_2,8655,4
RAM2019_ENDO_2,8656,4
RAM2019_ENDO_2,8657,3
RAM2019_ENDO_2,8658,4
RAM2019_ENDO_2,8659,8
RAM2019_ENDO_2,8660,4
RAM2019_ENDO_2,8661,2
RAM2019_ENDO_2,8662,4
RAM2019_ENDO_2,8663,2
RAM2019_ENDO_2,8664,5
RAM2019_ENDO_2,8665,3
RAM2019_ENDO_2,8666,2
RAM2019_ENDO_2,8667,6
RAM2019_ENDO_2,8668,6
RAM2019_ENDO_2,8669,3
RAM2019_ENDO_2,8670,2
RAM2019_ENDO_2,8671,1
RAM2019_ENDO_2,8672,6
RAM2019_ENDO_2,8673,6
RAM2019_ENDO_2,8674,4
RAM2019_ENDO_2,8675,3
RAM2019_ENDO_2,8676,6
RAM2019_ENDO_2,8677,4
RAM2019_ENDO_2,8678,3
RAM2019_ENDO_2,8679,6
RAM2019_ENDO_2,8680,4
RAM2019_ENDO_2,8681,5
RAM2019_ENDO_2,8682,4
RAM2019_ENDO_2,8683,6
RAM2019_ENDO_2,8684,8
RAM2019_ENDO_2,8685,7
RAM2019_ENDO_2,8686,8
RAM2019_ENDO_2,8687,7
RAM2019_ENDO_2,8688,4
RAM2019_ENDO_2,8689,8
RAM2019_ENDO_2,8690,4
RAM2019_ENDO_2,8691,3
RAM2019_ENDO_2,8692,4
RAM2019_ENDO_2,8693,2
RAM2019_ENDO_2,8694,1
RAM2019_ENDO_2,8695,4
RAM2019_ENDO_2,8696,8
RAM2019_ENDO_2,8697,5
RAM2019_ENDO_2,8698,5
RAM2019_ENDO_2,8699,5
RAM2019_ENDO_2,8700,4
RAM2019_ENDO_2,8701,2
RAM2019_ENDO_2,8702,3
RAM2019_ENDO_2,8703,3
RAM2019_ENDO_2,8704,5
RAM2019_ENDO_2,8705,7
RAM2019_ENDO_2,8706,6
RAM2019_ENDO_2,8707,5
RAM2019_ENDO_2,8708,3
RAM2019_ENDO_2,8709,2
RAM2019_ENDO_2,8710,4
RAM2019_ENDO_2,8711,7
RAM2019_ENDO_2,8712,3
RAM2019_ENDO_2,8713,3
RAM2019_ENDO_2,8714,6
RAM2019_ENDO_2,8715,0
RAM2019_ENDO_2,8716,4
RAM2019_ENDO_2,8717,3
RAM2019_ENDO_2,8718,3
RAM2019_ENDO_2,8719,7
RAM2019_ENDO_2,8720,8
RAM2019_ENDO_2,8721,5
RAM2019_ENDO_2,8722,2
RAM2019_ENDO_2,8723,8
RAM2019_ENDO_2,8724,7
RAM2019_ENDO_2,8725,5
RAM2019_ENDO_2,8726,5
RAM2019_ENDO_2,8727,4
RAM2019_ENDO_2,8728,2
RAM2019_ENDO_2,8729,2
RAM2019_ENDO_2,8730,3
RAM2019_ENDO_2,8731,3
RAM2019_ENDO_2,8732,4
RAM2019_ENDO_2,8733,1
RAM2019_ENDO_2,8734,1
RAM2019_ENDO_2,8735,6
RAM2019_ENDO_2,8736,4
RAM2019_ENDO_2,8737,4
RAM2019_ENDO_2,8738,6
RAM2019_ENDO_2,8739,5
RAM2019_ENDO_2,8740,4
RAM2019_ENDO_2,8741,6
RAM2019_ENDO_2,8742,11
RAM2019_ENDO_2,8743,4
RAM2019_ENDO_2,8744,4
RAM2019_ENDO_2,8745,4
RAM2019_ENDO_2,8746,0
RAM2019_ENDO_2,8747,3
RAM2019_ENDO_2,8748,4
RAM2019_ENDO_2,8749,4
RAM2019_ENDO_2,8750,6
RAM2019_ENDO_2,8751,8
RAM2019_ENDO_2,8752,6
RAM2019_ENDO_2,8753,3
RAM2019_ENDO_2,8754,1
RAM2019_ENDO_2,8755,7
RAM2019_ENDO_2,8756,3
RAM2019_ENDO_2,8757,4
RAM2019_ENDO_2,8758,5
RAM2019_ENDO_2,8759,4
RAM2019_ENDO_2,8760,5
RAM2019_ENDO_2,8761,2
RAM2019_ENDO_2,8762,4
RAM2019_ENDO_2,8763,6
RAM2019_ENDO_2,8764,2
RAM2019_ENDO_2,8765,6
RAM2019_ENDO_2,8766,3
RAM2019_ENDO_2,8767,5
RAM2019_ENDO_2,8768,7
RAM2019_ENDO_2,8769,5
RAM2019_ENDO_2,8770,3
RAM2019_ENDO_2,8771,6
RAM2019_ENDO_2,8772,3
RAM2019_ENDO_2,8773,5
RAM2019_ENDO_2,8774,6
RAM2019_ENDO_2,8775,4
RAM2019_ENDO_2,8776,5
RAM2019_ENDO_2,8777,2
RAM2019_ENDO_2,8778,2
RAM2019_ENDO_2,8779,3
RAM2019_ENDO_2,8780,7
RAM2019_ENDO_2,8781,3
RAM2019_ENDO_2,8782,5
RAM2019_ENDO_2,8783,4
RAM2019_ENDO_2,8784,5
RAM2019_ENDO_2,8785,5
RAM2019_ENDO_2,8786,3
RAM2019_ENDO_2,8787,6
RAM2019_ENDO_2,8788,5
RAM2019_ENDO_2,8789,2
RAM2019_ENDO_2,8790,5
RAM2019_ENDO_2,8791,4
RAM2019_ENDO_2,8792,5
RAM2019_ENDO_2,8793,4
RAM2019_ENDO_2,8794,4
RAM2019_ENDO_2,8795,5
RAM2019_ENDO_2,8796,5
RAM2019_ENDO_2,8797,3
RAM2019_ENDO_2,8798,0
RAM2019_ENDO_2,8799,4
RAM2019_ENDO_2,8800,3
RAM2019_ENDO_2,8801,4
RAM2019_ENDO_2,8802,5
RAM2019_ENDO_2,8803,5
RAM2019_ENDO_2,8804,3
RAM2019_ENDO_2,8805,3
RAM2019_ENDO_2,8806,5
RAM2019_ENDO_2,8807,5
RAM2019_ENDO_2,8808,4
RAM2019_ENDO_2,8809,5
RAM2019_ENDO_2,8810,2
RAM2019_ENDO_2,8811,5
RAM2019_ENDO_2,8812,3
RAM2019_ENDO_2,8813,5
RAM2019_ENDO_2,8814,8
RAM2019_ENDO_2,8815,2
RAM2019_ENDO_2,8816,8
RAM2019_ENDO_2,8817,5
RAM2019_ENDO_2,8818,3
RAM2019_ENDO_2,8819,3
RAM2019_ENDO_2,8820,5
RAM2019_ENDO_2,8821,3
RAM2019_ENDO_2,8822,1
RAM2019_ENDO_2,8823,4
RAM2019_ENDO_2,8824,3
RAM2019_ENDO_2,8825,4
RAM2019_ENDO_2,8826,1
RAM2019_ENDO_2,8827,5
RAM2019_ENDO_2,8828,5
RAM2019_ENDO_2,8829,2
RAM2019_ENDO_2,8830,3
RAM2019_ENDO_2,8831,5
RAM2019_ENDO_2,8832,5
RAM2019_ENDO_2,8833,2
RAM2019_ENDO_2,8834,7
RAM2019_ENDO_2,8835,3
RAM2019_ENDO_2,8836,4
RAM2019_ENDO_2,8837,2
RAM2019_ENDO_2,8838,2
RAM2019_ENDO_2,8839,1
RAM2019_ENDO_2,8840,5
RAM2019_ENDO_2,8841,6
RAM2019_ENDO_2,8842,4
RAM2019_ENDO_2,8843,8
RAM2019_ENDO_2,8844,5
RAM2019_ENDO_2,8845,2
RAM2019_ENDO_2,8846,2
RAM2019_ENDO_2,8847,3
RAM2019_ENDO_2,8848,3
RAM2019_ENDO_2,8849,3
RAM2019_ENDO_2,8850,7
RAM2019_ENDO_2,8851,4
RAM2019_ENDO_2,8852,7
RAM2019_ENDO_2,8853,3
RAM2019_ENDO_2,8854,4
RAM2019_ENDO_2,8855,4
RAM2019_ENDO_2,8856,8
RAM2019_ENDO_2,8857,4
RAM2019_ENDO_2,8858,1
RAM2019_ENDO_2,8859,3
RAM2019_ENDO_2,8860,4
RAM2019_ENDO_2,8861,8
RAM2019_ENDO_2,8862,5
RAM2019_ENDO_2,8863,6
RAM2019_ENDO_2,8864,5
RAM2019_ENDO_2,8865,5
RAM2019_ENDO_2,8866,3
RAM2019_ENDO_2,8867,4
RAM2019_ENDO_2,8868,2
RAM2019_ENDO_2,8869,6
RAM2019_ENDO_2,8870,6
RAM2019_ENDO_2,8871,6
RAM2019_ENDO_2,8872,3
RAM2019_ENDO_2,8873,5
RAM2019_ENDO_2,8874,5
RAM2019_ENDO_2,8875,3
RAM2019_ENDO_2,8876,5
RAM2019_ENDO_2,8877,7
RAM2019_ENDO_2,8878,5
RAM2019_ENDO_2,8879,3
RAM2019_ENDO_2,8880,5
RAM2019_ENDO_2,8881,3
RAM2019_ENDO_2,8882,3
RAM2019_ENDO_2,8883,6
RAM2019_ENDO_2,8884,3
RAM2019_ENDO_2,8885,6
RAM2019_ENDO_2,8886,3
RAM2019_ENDO_2,8887,6
RAM2019_ENDO_2,8888,4
RAM2019_ENDO_2,8889,3
RAM2019_ENDO_2,8890,3
RAM2019_ENDO_2,8891,2
RAM2019_ENDO_2,8892,5
RAM2019_ENDO_2,8893,6
RAM2019_ENDO_2,8894,5
RAM2019_ENDO_2,8895,3
RAM2019_ENDO_2,8896,9
RAM2019_ENDO_2,8897,8
RAM2019_ENDO_2,8898,9
RAM2019_ENDO_2,8899,4
RAM2019_ENDO_2,8900,2
RAM2019_ENDO_2,8901,6
RAM2019_ENDO_2,8902,3
RAM2019_ENDO_2,8903,2
RAM2019_ENDO_2,8904,8
RAM2019_ENDO_2,8905,1
RAM2019_ENDO_2,8906,5
RAM2019_ENDO_2,8907,3
RAM2019_ENDO_2,8908,1
RAM2019_ENDO_2,8909,5
RAM2019_ENDO_2,8910,7
RAM2019_ENDO_2,8911,7
RAM2019_ENDO_2,8912,4
RAM2019_ENDO_2,8913,4
RAM2019_ENDO_2,8914,2
RAM2019_ENDO_2,8915,6
RAM2019_ENDO_2,8916,5
RAM2019_ENDO_2,8917,6
RAM2019_ENDO_2,8918,1
RAM2019_ENDO_2,8919,4
RAM2019_ENDO_2,8920,8
RAM2019_ENDO_2,8921,4
RAM2019_ENDO_2,8922,8
RAM2019_ENDO_2,8923,8
RAM2019_ENDO_2,8924,6
RAM2019_ENDO_2,8925,2
RAM2019_ENDO_2,8926,4
RAM2019_ENDO_2,8927,6
RAM2019_ENDO_2,8928,5
RAM2019_ENDO_2,8929,5
RAM2019_ENDO_2,8930,3
RAM2019_ENDO_2,8931,3
RAM2019_ENDO_2,8932,4
RAM2019_ENDO_2,8933,4
RAM2019_ENDO_2,8934,4
RAM2019_ENDO_2,8935,4
RAM2019_ENDO_2,8936,6
RAM2019_ENDO_2,8937,5
RAM2019_ENDO_2,8938,9
RAM2019_ENDO_2,8939,2
RAM2019_ENDO_2,8940,3
RAM2019_ENDO_2,8941,8
RAM2019_ENDO_2,8942,6
RAM2019_ENDO_2,8943,6
RAM2019_ENDO_2,8944,3
RAM2019_ENDO_2,8945,1
RAM2019_ENDO_2,8946,5
RAM2019_ENDO_2,8947,4
RAM2019_ENDO_2,8948,5
RAM2019_ENDO_2,8949,4
RAM2019_ENDO_2,8950,4
RAM2019_ENDO_2,8951,4
RAM2019_ENDO_2,8952,7
RAM2019_ENDO_2,8953,7
RAM2019_ENDO_2,8954,0
RAM2019_ENDO_2,8955,5
RAM2019_ENDO_2,8956,6
RAM2019_ENDO_2,8957,7
RAM2019_ENDO_2,8958,3
RAM2019_ENDO_2,8959,4
RAM2019_ENDO_2,8960,6
RAM2019_ENDO_2,8961,5
RAM2019_ENDO_2,8962,4
RAM2019_ENDO_2,8963,1
RAM2019_ENDO_2,8964,5
RAM2019_ENDO_2,8965,6
RAM2019_ENDO_2,8966,6
RAM2019_ENDO_2,8967,5
RAM2019_ENDO_2,8968,6
RAM2019_ENDO_2,8969,5
RAM2019_ENDO_2,8970,5
RAM2019_ENDO_2,8971,2
RAM2019_ENDO_2,8972,2
RAM2019_ENDO_2,8973,3
RAM2019_ENDO_2,8974,9
RAM2019_ENDO_2,8975,3
RAM2019_ENDO_2,8976,4
RAM2019_ENDO_2,8977,7
RAM2019_ENDO_2,8978,0
RAM2019_ENDO_2,8979,7
RAM2019_ENDO_2,8980,7
RAM2019_ENDO_2,8981,2
RAM2019_ENDO_2,8982,3
RAM2019_ENDO_2,8983,8
RAM2019_ENDO_2,8984,3
RAM2019_ENDO_2,8985,5
RAM2019_ENDO_2,8986,4
RAM2019_ENDO_2,8987,9
RAM2019_ENDO_2,8988,7
RAM2019_ENDO_2,8989,3
RAM2019_ENDO_2,8990,3
RAM2019_ENDO_2,8991,4
RAM2019_ENDO_2,8992,5
RAM2019_ENDO_2,8993,6
RAM2019_ENDO_2,8994,2
RAM2019_ENDO_2,8995,7
RAM2019_ENDO_2,8996,5
RAM2019_ENDO_2,8997,6
RAM2019_ENDO_2,8998,4
RAM2019_ENDO_2,8999,4
RAM2019_ENDO_2,9000,3
RAM2019_ENDO_2,9001,1
RAM2019_ENDO_2,9002,5
RAM2019_ENDO_2,9003,5
RAM2019_ENDO_2,9004,2
RAM2019_ENDO_2,9005,3
RAM2019_ENDO_2,9006,4
RAM2019_ENDO_2,9007,5
RAM2019_ENDO_2,9008,7
RAM2019_ENDO_2,9009,5
RAM2019_ENDO_2,9010,5
RAM2019_ENDO_2,9011,7
RAM2019_ENDO_2,9012,1
RAM2019_ENDO_2,9013,3
RAM2019_ENDO_2,9014,4
RAM2019_ENDO_2,9015,4
RAM2019_ENDO_2,9016,7
RAM2019_ENDO_2,9017,4
RAM2019_ENDO_2,9018,5
RAM2019_ENDO_2,9019,5
RAM2019_ENDO_2,9020,6
RAM2019_ENDO_2,9021,5
RAM2019_ENDO_2,9022,3
RAM2019_ENDO_2,9023,6
RAM2019_ENDO_2,9024,3
RAM2019_ENDO_2,9025,3
RAM2019_ENDO_2,9026,3
RAM2019_ENDO_2,9027,5
RAM2019_ENDO_2,9028,3
RAM2019_ENDO_2,9029,5
RAM2019_ENDO_2,9030,5
RAM2019_ENDO_2,9031,2
RAM2019_ENDO_2,9032,8
RAM2019_ENDO_2,9033,10
RAM2019_ENDO_2,9034,4
RAM2019_ENDO_2,9035,3
RAM2019_ENDO_2,9036,7
RAM2019_ENDO_2,9037,1
RAM2019_ENDO_2,9038,5
RAM2019_ENDO_2,9039,3
RAM2019_ENDO_2,9040,3
RAM2019_ENDO_2,9041,6
RAM2019_ENDO_2,9042,5
RAM2019_ENDO_2,9043,11
RAM2019_ENDO_2,9044,1
RAM2019_ENDO_2,9045,3
RAM2019_ENDO_2,9046,4
RAM2019_ENDO_2,9047,4
RAM2019_ENDO_2,9048,5
RAM2019_ENDO_2,9049,1
RAM2019_ENDO_2,9050,3
RAM2019_ENDO_2,9051,6
RAM2019_ENDO_2,9052,4
RAM2019_ENDO_2,9053,6
RAM2019_ENDO_2,9054,2
RAM2019_ENDO_2,9055,2
RAM2019_ENDO_2,9056,2
RAM2019_ENDO_2,9057,4
RAM2019_ENDO_2,9058,4
RAM2019_ENDO_2,9059,8
RAM2019_ENDO_2,9060,3
RAM2019_ENDO_2,9061,6
RAM2019_ENDO_2,9062,3
RAM2019_ENDO_2,9063,6
RAM2019_ENDO_2,9064,6
RAM2019_ENDO_2,9065,5
RAM2019_ENDO_2,9066,2
RAM2019_ENDO_2,9067,4
RAM2019_ENDO_2,9068,4
RAM2019_ENDO_2,9069,7
RAM2019_ENDO_2,9070,5
RAM2019_ENDO_2,9071,1
RAM2019_ENDO_2,9072,2
RAM2019_ENDO_2,9073,3
RAM2019_ENDO_2,9074,4
RAM2019_ENDO_2,9075,4
RAM2019_ENDO_2,9076,6
RAM2019_ENDO_2,9077,7
RAM2019_ENDO_2,9078,6
RAM2019_ENDO_2,9079,5
RAM2019_ENDO_2,9080,4
RAM2019_ENDO_2,9081,4
RAM2019_ENDO_2,9082,5
RAM2019_ENDO_2,9083,5
RAM2019_ENDO_2,9084,4
RAM2019_ENDO_2,9085,8
RAM2019_ENDO_2,9086,3
RAM2019_ENDO_2,9087,3
RAM2019_ENDO_2,9088,3
RAM2019_ENDO_2,9089,4
RAM2019_ENDO_2,9090,5
RAM2019_ENDO_2,9091,3
RAM2019_ENDO_2,9092,3
RAM2019_ENDO_2,9093,1
RAM2019_ENDO_2,9094,4
RAM2019_ENDO_2,9095,2
RAM2019_ENDO_2,9096,5
RAM2019_ENDO_2,9097,4
RAM2019_ENDO_2,9098,7
RAM2019_ENDO_2,9099,4
RAM2019_ENDO_2,9100,5
RAM2019_ENDO_2,9101,10
RAM2019_ENDO_2,9102,2
RAM2019_ENDO_2,9103,7
RAM2019_ENDO_2,9104,4
RAM2019_ENDO_2,9105,2
RAM2019_ENDO_2,9106,5
RAM2019_ENDO_2,9107,4
RAM2019_ENDO_2,9108,3
RAM2019_ENDO_2,9109,7
RAM2019_ENDO_2,9110,5
RAM2019_ENDO_2,9111,4
RAM2019_ENDO_2,9112,6
RAM2019_ENDO_2,9113,8
RAM2019_ENDO_2,9114,4
RAM2019_ENDO_2,9115,3
RAM2019_ENDO_2,9116,4
RAM2019_ENDO_2,9117,4
RAM2019_ENDO_2,9118,6
RAM2019_ENDO_2,9119,5
RAM2019_ENDO_2,9120,4
RAM2019_ENDO_2,9121,5
RAM2019_ENDO_2,9122,9
RAM2019_ENDO_2,9123,5
RAM2019_ENDO_2,9124,5
RAM2019_ENDO_2,9125,6
RAM2019_ENDO_2,9126,7
RAM2019_ENDO_2,9127,5
RAM2019_ENDO_2,9128,9
RAM2019_ENDO_2,9129,3
RAM2019_ENDO_2,9130,5
RAM2019_ENDO_2,9131,4
RAM2019_ENDO_2,9132,4
RAM2019_ENDO_2,9133,5
RAM2019_ENDO_2,9134,2
RAM2019_ENDO_2,9135,3
RAM2019_ENDO_2,9136,5
RAM2019_ENDO_2,9137,6
RAM2019_ENDO_2,9138,4
RAM2019_ENDO_2,9139,1
RAM2019_ENDO_2,9140,5
RAM2019_ENDO_2,9141,3
RAM2019_ENDO_2,9142,1
RAM2019_ENDO_2,9143,3
RAM2019_ENDO_2,9144,7
RAM2019_ENDO_2,9145,2
RAM2019_ENDO_2,9146,3
RAM2019_ENDO_2,9147,1
RAM2019_ENDO_2,9148,3
RAM2019_ENDO_2,9149,4
RAM2019_ENDO_2,9150,5
RAM2019_ENDO_2,9151,6
RAM2019_ENDO_2,9152,6
RAM2019_ENDO_2,9153,8
RAM2019_ENDO_2,9154,8
RAM2019_ENDO_2,9155,5
RAM2019_ENDO_2,9156,7
RAM2019_ENDO_2,9157,1
RAM2019_ENDO_2,9158,8
RAM2019_ENDO_2,9159,5
RAM2019_ENDO_2,9160,5
RAM2019_ENDO_2,9161,2
RAM2019_ENDO_2,9162,4
RAM2019_ENDO_2,9163,4
RAM2019_ENDO_2,9164,7
RAM2019_ENDO_2,9165,3
RAM2019_ENDO_2,9166,2
RAM2019_ENDO_2,9167,5
RAM2019_ENDO_2,9168,3
RAM2019_ENDO_2,9169,4
RAM2019_ENDO_2,9170,2
RAM2019_ENDO_2,9171,4
RAM2019_ENDO_2,9172,3
RAM2019_ENDO_2,9173,7
RAM2019_ENDO_2,9174,3
RAM2019_ENDO_2,9175,2
RAM2019_ENDO_2,9176,6
RAM2019_ENDO_2,9177,4
RAM2019_ENDO_2,9178,7
RAM2019_ENDO_2,9179,5
RAM2019_ENDO_2,9180,3
RAM2019_ENDO_2,9181,1
RAM2019_ENDO_2,9182,5
RAM2019_ENDO_2,9183,3
RAM2019_ENDO_2,9184,5
RAM2019_ENDO_2,9185,3
RAM2019_ENDO_2,9186,1
RAM2019_ENDO_2,9187,2
RAM2019_ENDO_2,9188,5
RAM2019_ENDO_2,9189,4
RAM2019_ENDO_2,9190,4
RAM2019_ENDO_2,9191,4
RAM2019_ENDO_2,9192,5
RAM2019_ENDO_2,9193,6
RAM2019_ENDO_2,9194,5
RAM2019_ENDO_2,9195,4
RAM2019_ENDO_2,9196,2
RAM2019_ENDO_2,9197,3
RAM2019_ENDO_2,9198,2
RAM2019_ENDO_2,9199,3
RAM2019_ENDO_2,9200,3
RAM2019_ENDO_2,9201,5
RAM2019_ENDO_2,9202,3
RAM2019_ENDO_2,9203,2
RAM2019_ENDO_2,9204,2
RAM2019_ENDO_2,9205,6
RAM2019_ENDO_2,9206,5
RAM2019_ENDO_2,9207,1
RAM2019_ENDO_2,9208,2
RAM2019_ENDO_2,9209,1
RAM2019_ENDO_2,9210,2
RAM2019_ENDO_2,9211,4
RAM2019_ENDO_2,9212,8
RAM2019_ENDO_2,9213,2
RAM2019_ENDO_2,9214,7
RAM2019_ENDO_2,9215,4
RAM2019_ENDO_2,9216,3
RAM2019_ENDO_2,9217,5
RAM2019_ENDO_2,9218,3
RAM2019_ENDO_2,9219,4
RAM2019_ENDO_2,9220,5
RAM2019_ENDO_2,9221,2
RAM2019_ENDO_2,9222,1
RAM2019_ENDO_2,9223,5
RAM2019_ENDO_2,9224,3
RAM2019_ENDO_2,9225,2
RAM2019_ENDO_2,9226,2
RAM2019_ENDO_2,9227,3
RAM2019_ENDO_2,9228,5
RAM2019_ENDO_2,9229,4
RAM2019_ENDO_2,9230,5
RAM2019_ENDO_2,9231,5
RAM2019_ENDO_2,9232,4
RAM2019_ENDO_2,9233,3
RAM2019_ENDO_2,9234,5
RAM2019_ENDO_2,9235,4
RAM2019_ENDO_2,9236,8
RAM2019_ENDO_2,9237,4
RAM2019_ENDO_2,9238,5
RAM2019_ENDO_2,9239,5
RAM2019_ENDO_2,9240,3
RAM2019_ENDO_2,9241,5
RAM2019_ENDO_2,9242,5
RAM2019_ENDO_2,9243,5
RAM2019_ENDO_2,9244,3
RAM2019_ENDO_2,9245,3
RAM2019_ENDO_2,9246,2
RAM2019_ENDO_2,9247,5
RAM2019_ENDO_2,9248,3
RAM2019_ENDO_2,9249,3
RAM2019_ENDO_2,9250,3
RAM2019_ENDO_2,9251,6
RAM2019_ENDO_2,9252,3
RAM2019_ENDO_2,9253,5
RAM2019_ENDO_2,9254,8
RAM2019_ENDO_2,9255,4
RAM2019_ENDO_2,9256,6
RAM2019_ENDO_2,9257,5
RAM2019_ENDO_2,9258,5
RAM2019_ENDO_2,9259,3
RAM2019_ENDO_2,9260,8
RAM2019_ENDO_2,9261,7
RAM2019_ENDO_2,9262,3
RAM2019_ENDO_2,9263,5
RAM2019_ENDO_2,9264,2
RAM2019_ENDO_2,9265,4
RAM2019_ENDO_2,9266,6
RAM2019_ENDO_2,9267,4
RAM2019_ENDO_2,9268,3
RAM2019_ENDO_2,9269,4
RAM2019_ENDO_2,9270,2
RAM2019_ENDO_2,9271,3
RAM2019_ENDO_2,9272,5
RAM2019_ENDO_2,9273,7
RAM2019_ENDO_2,9274,7
RAM2019_ENDO_2,9275,3
RAM2019_ENDO_2,9276,4
RAM2019_ENDO_2,9277,5
RAM2019_ENDO_2,9278,9
RAM2019_ENDO_2,9279,3
RAM2019_ENDO_2,9280,2
RAM2019_ENDO_2,9281,5
RAM2019_ENDO_2,9282,5
RAM2019_ENDO_2,9283,2
RAM2019_ENDO_2,9284,6
RAM2019_ENDO_2,9285,5
RAM2019_ENDO_2,9286,5
RAM2019_ENDO_2,9287,4
RAM2019_ENDO_2,9288,3
RAM2019_ENDO_2,9289,3
RAM2019_ENDO_2,9290,8
RAM2019_ENDO_2,9291,3
RAM2019_ENDO_2,9292,4
RAM2019_ENDO_2,9293,7
RAM2019_ENDO_2,9294,5
RAM2019_ENDO_2,9295,1
RAM2019_ENDO_2,9296,3
RAM2019_ENDO_2,9297,5
RAM2019_ENDO_2,9298,6
RAM2019_ENDO_2,9299,1
RAM2019_ENDO_2,9300,4
RAM2019_ENDO_2,9301,4
RAM2019_ENDO_2,9302,7
RAM2019_ENDO_2,9303,5
RAM2019_ENDO_2,9304,5
RAM2019_ENDO_2,9305,6
RAM2019_ENDO_2,9306,2
RAM2019_ENDO_2,9307,3
RAM2019_ENDO_2,9308,5
RAM2019_ENDO_2,9309,1
RAM2019_ENDO_2,9310,4
RAM2019_ENDO_2,9311,3
RAM2019_ENDO_2,9312,2
RAM2019_ENDO_2,9313,5
RAM2019_ENDO_2,9314,2
RAM2019_ENDO_2,9315,3
RAM2019_ENDO_2,9316,1
RAM2019_ENDO_2,9317,5
RAM2019_ENDO_2,9318,7
RAM2019_ENDO_2,9319,3
RAM2019_ENDO_2,9320,6
RAM2019_ENDO_2,9321,3
RAM2019_ENDO_2,9322,7
RAM2019_ENDO_2,9323,5
RAM2019_ENDO_2,9324,4
RAM2019_ENDO_2,9325,4
RAM2019_ENDO_2,9326,5
RAM2019_ENDO_2,9327,3
RAM2019_ENDO_2,9328,4
RAM2019_ENDO_2,9329,5
RAM2019_ENDO_2,9330,4
RAM2019_ENDO_2,9331,3
RAM2019_ENDO_2,9332,3
RAM2019_ENDO_2,9333,9
RAM2019_ENDO_2,9334,4
RAM2019_ENDO_2,9335,4
RAM2019_ENDO_2,9336,7
RAM2019_ENDO_2,9337,3
RAM2019_ENDO_2,9338,7
RAM2019_ENDO_2,9339,7
RAM2019_ENDO_2,9340,2
RAM2019_ENDO_2,9341,5
RAM2019_ENDO_2,9342,6
RAM2019_ENDO_2,9343,4
RAM2019_ENDO_2,9344,3
RAM2019_ENDO_2,9345,7
RAM2019_ENDO_2,9346,7
RAM2019_ENDO_2,9347,4
RAM2019_ENDO_2,9348,2
RAM2019_ENDO_2,9349,4
RAM2019_ENDO_2,9350,6
RAM2019_ENDO_2,9351,3
RAM2019_ENDO_2,9352,4
RAM2019_ENDO_2,9353,4
RAM2019_ENDO_2,9354,5
RAM2019_ENDO_2,9355,7
RAM2019_ENDO_2,9356,4
RAM2019_ENDO_2,9357,3
RAM2019_ENDO_2,9358,6
RAM2019_ENDO_2,9359,6
RAM2019_ENDO_2,9360,8
RAM2019_ENDO_2,9361,3
RAM2019_ENDO_2,9362,7
RAM2019_ENDO_2,9363,6
RAM2019_ENDO_2,9364,2
RAM2019_ENDO_2,9365,2
RAM2019_ENDO_2,9366,1
RAM2019_ENDO_2,9367,6
RAM2019_ENDO_2,9368,7
RAM2019_ENDO_2,9369,5
RAM2019_ENDO_2,9370,9
RAM2019_ENDO_2,9371,6
RAM2019_ENDO_2,9372,4
RAM2019_ENDO_2,9373,7
RAM2019_ENDO_2,9374,2
RAM2019_ENDO_2,9375,2
RAM2019_ENDO_2,9376,1
RAM2019_ENDO_2,9377,8
RAM2019_ENDO_2,9378,3
RAM2019_ENDO_2,9379,5
RAM2019_ENDO_2,9380,3
RAM2019_ENDO_2,9381,2
RAM2019_ENDO_2,9382,8
RAM2019_ENDO_2,9383,6
RAM2019_ENDO_2,9384,3
RAM2019_ENDO_2,9385,4
RAM2019_ENDO_2,9386,4
RAM2019_ENDO_2,9387,6
RAM2019_ENDO_2,9388,3
RAM2019_ENDO_2,9389,7
RAM2019_ENDO_2,9390,3
RAM2019_ENDO_2,9391,4
RAM2019_ENDO_2,9392,4
RAM2019_ENDO_2,9393,4
RAM2019_ENDO_2,9394,2
RAM2019_ENDO_2,9395,4
RAM2019_ENDO_2,9396,3
RAM2019_ENDO_2,9397,6
RAM2019_ENDO_2,9398,3
RAM2019_ENDO_2,9399,5
RAM2019_ENDO_2,9400,2
RAM2019_ENDO_2,9401,2
RAM2019_ENDO_2,9402,6
RAM2019_ENDO_2,9403,3
RAM2019_ENDO_2,9404,1
RAM2019_ENDO_2,9405,6
RAM2019_ENDO_2,9406,2
RAM2019_ENDO_2,9407,5
RAM2019_ENDO_2,9408,7
RAM2019_ENDO_2,9409,3
RAM2019_ENDO_2,9410,6
RAM2019_ENDO_2,9411,4
RAM2019_ENDO_2,9412,3
RAM2019_ENDO_2,9413,6
RAM2019_ENDO_2,9414,4
RAM2019_ENDO_2,9415,3
RAM2019_ENDO_2,9416,2
RAM2019_ENDO_2,9417,3
RAM2019_ENDO_2,9418,6
RAM2019_ENDO_2,9419,5
RAM2019_ENDO_2,9420,4
RAM2019_ENDO_2,9421,5
RAM2019_ENDO_2,9422,3
RAM2019_ENDO_2,9423,4
RAM2019_ENDO_2,9424,6
RAM2019_ENDO_2,9425,3
RAM2019_ENDO_2,9426,3
RAM2019_ENDO_2,9427,3
RAM2019_ENDO_2,9428,2
RAM2019_ENDO_2,9429,6
RAM2019_ENDO_2,9430,8
RAM2019_ENDO_2,9431,6
RAM2019_ENDO_2,9432,5
RAM2019_ENDO_2,9433,6
RAM2019_ENDO_2,9434,1
RAM2019_ENDO_2,9435,7
RAM2019_ENDO_2,9436,5
RAM2019_ENDO_2,9437,3
RAM2019_ENDO_2,9438,2
RAM2019_ENDO_2,9439,2
RAM2019_ENDO_2,9440,6
RAM2019_ENDO_2,9441,6
RAM2019_ENDO_2,9442,3
RAM2019_ENDO_2,9443,5
RAM2019_ENDO_2,9444,2
RAM2019_ENDO_2,9445,5
RAM2019_ENDO_2,9446,3
RAM2019_ENDO_2,9447,6
RAM2019_ENDO_2,9448,5
RAM2019_ENDO_2,9449,3
RAM2019_ENDO_2,9450,4
RAM2019_ENDO_2,9451,6
RAM2019_ENDO_2,9452,5
RAM2019_ENDO_2,9453,4
RAM2019_ENDO_2,9454,7
RAM2019_ENDO_2,9455,5
RAM2019_ENDO_2,9456,6
RAM2019_ENDO_2,9457,6
RAM2019_ENDO_2,9458,1
RAM2019_ENDO_2,9459,2
RAM2019_ENDO_2,9460,4
RAM2019_ENDO_2,9461,7
RAM2019_ENDO_2,9462,7
RAM2019_ENDO_2,9463,2
RAM2019_ENDO_2,9464,4
RAM2019_ENDO_2,9465,5
RAM2019_ENDO_2,9466,4
RAM2019_ENDO_2,9467,3
RAM2019_ENDO_2,9468,5
RAM2019_ENDO_2,9469,3
RAM2019_ENDO_2,9470,6
RAM2019_ENDO_2,9471,5
RAM2019_ENDO_2,9472,3
RAM2019_ENDO_2,9473,3
RAM2019_ENDO_2,9474,4
RAM2019_ENDO_2,9475,2
RAM2019_ENDO_2,9476,10
RAM2019_ENDO_2,9477,4
RAM2019_ENDO_2,9478,3
RAM2019_ENDO_2,9479,4
RAM2019_ENDO_2,9480,5
RAM2019_ENDO_2,9481,5
RAM2019_ENDO_2,9482,4
RAM2019_ENDO_2,9483,7
RAM2019_ENDO_2,9484,0
RAM2019_ENDO_2,9485,3
RAM2019_ENDO_2,9486,4
RAM2019_ENDO_2,9487,5
RAM2019_ENDO_2,9488,5
RAM2019_ENDO_2,9489,5
RAM2019_ENDO_2,9490,6
RAM2019_ENDO_2,9491,4
RAM2019_ENDO_2,9492,4
RAM2019_ENDO_2,9493,5
RAM2019_ENDO_2,9494,6
RAM2019_ENDO_2,9495,6
RAM2019_ENDO_2,9496,3
RAM2019_ENDO_2,9497,5
RAM2019_ENDO_2,9498,4
RAM2019_ENDO_2,9499,2
RAM2019_ENDO_2,9500,3
RAM2019_ENDO_2,9501,1
RAM2019_ENDO_2,9502,5
RAM2019_ENDO_2,9503,2
RAM2019_ENDO_2,9504,2
RAM2019_ENDO_2,9505,3
RAM2019_ENDO_2,9506,6
RAM2019_ENDO_2,9507,8
RAM2019_ENDO_2,9508,8
RAM2019_ENDO_2,9509,4
RAM2019_ENDO_2,9510,4
RAM2019_ENDO_2,9511,3
RAM2019_ENDO_2,9512,2
RAM2019_ENDO_2,9513,5
RAM2019_ENDO_2,9514,6
RAM2019_ENDO_2,9515,5
RAM2019_ENDO_2,9516,3
RAM2019_ENDO_2,9517,2
RAM2019_ENDO_2,9518,4
RAM2019_ENDO_2,9519,6
RAM2019_ENDO_2,9520,7
RAM2019_ENDO_2,9521,5
RAM2019_ENDO_2,9522,7
RAM2019_ENDO_2,9523,6
RAM2019_ENDO_2,9524,2
RAM2019_ENDO_2,9525,4
RAM2019_ENDO_2,9526,7
RAM2019_ENDO_2,9527,3
RAM2019_ENDO_2,9528,11
RAM2019_ENDO_2,9529,4
RAM2019_ENDO_2,9530,5
RAM2019_ENDO_2,9531,5
RAM2019_ENDO_2,9532,2
RAM2019_ENDO_2,9533,6
RAM2019_ENDO_2,9534,2
RAM2019_ENDO_2,9535,12
RAM2019_ENDO_2,9536,9
RAM2019_ENDO_2,9537,5
RAM2019_ENDO_2,9538,4
RAM2019_ENDO_2,9539,5
RAM2019_ENDO_2,9540,5
RAM2019_ENDO_2,9541,4
RAM2019_ENDO_2,9542,2
RAM2019_ENDO_2,9543,2
RAM2019_ENDO_2,9544,7
RAM2019_ENDO_2,9545,8
RAM2019_ENDO_2,9546,7
RAM2019_ENDO_2,9547,6
RAM2019_ENDO_2,9548,3
RAM2019_ENDO_2,9549,4
RAM2019_ENDO_2,9550,4
RAM2019_ENDO_2,9551,3
RAM2019_ENDO_2,9552,5
RAM2019_ENDO_2,9553,7
RAM2019_ENDO_2,9554,9
RAM2019_ENDO_2,9555,6
RAM2019_ENDO_2,9556,5
RAM2019_ENDO_2,9557,4
RAM2019_ENDO_2,9558,7
RAM2019_ENDO_2,9559,2
RAM2019_ENDO_2,9560,7
RAM2019_ENDO_2,9561,1
RAM2019_ENDO_2,9562,7
RAM2019_ENDO_2,9563,6
RAM2019_ENDO_2,9564,3
RAM2019_ENDO_2,9565,6
RAM2019_ENDO_2,9566,4
RAM2019_ENDO_2,9567,4
RAM2019_ENDO_2,9568,5
RAM2019_ENDO_2,9569,5
RAM2019_ENDO_2,9570,7
RAM2019_ENDO_2,9571,5
RAM2019_ENDO_2,9572,3
RAM2019_ENDO_2,9573,7
RAM2019_ENDO_2,9574,3
RAM2019_ENDO_2,9575,6
RAM2019_ENDO_2,9576,6
RAM2019_ENDO_2,9577,7
RAM2019_ENDO_2,9578,4
RAM2019_ENDO_2,9579,2
RAM2019_ENDO_2,9580,5
RAM2019_ENDO_2,9581,8
RAM2019_ENDO_2,9582,4
RAM2019_ENDO_2,9583,3
RAM2019_ENDO_2,9584,3
RAM2019_ENDO_2,9585,3
RAM2019_ENDO_2,9586,6
RAM2019_ENDO_2,9587,5
RAM2019_ENDO_2,9588,2
RAM2019_ENDO_2,9589,4
RAM2019_ENDO_2,9590,9
RAM2019_ENDO_2,9591,7
RAM2019_ENDO_2,9592,7
RAM2019_ENDO_2,9593,1
RAM2019_ENDO_2,9594,2
RAM2019_ENDO_2,9595,1
RAM2019_ENDO_2,9596,3
RAM2019_ENDO_2,9597,3
RAM2019_ENDO_2,9598,3
RAM2019_ENDO_2,9599,5
RAM2019_ENDO_2,9600,3
RAM2019_ENDO_2,9601,3
RAM2019_ENDO_2,9602,5
RAM2019_ENDO_2,9603,4
RAM2019_ENDO_2,9604,4
RAM2019_ENDO_2,9605,4
RAM2019_ENDO_2,9606,4
RAM2019_ENDO_2,9607,5
RAM2019_ENDO_2,9608,3
RAM2019_ENDO_2,9609,10
RAM2019_ENDO_2,9610,2
RAM2019_ENDO_2,9611,2
RAM2019_ENDO_2,9612,5
RAM2019_ENDO_2,9613,3
RAM2019_ENDO_2,9614,5
RAM2019_ENDO_2,9615,4
RAM2019_ENDO_2,9616,2
RAM2019_ENDO_2,9617,6
RAM2019_ENDO_2,9618,3
RAM2019_ENDO_2,9619,4
RAM2019_ENDO_2,9620,3
RAM2019_ENDO_2,9621,3
RAM2019_ENDO_2,9622,4
RAM2019_ENDO_2,9623,6
RAM2019_ENDO_2,9624,5
RAM2019_ENDO_2,9625,6
RAM2019_ENDO_2,9626,5
RAM2019_ENDO_2,9627,5
RAM2019_ENDO_2,9628,4
RAM2019_ENDO_2,9629,6
RAM2019_ENDO_2,9630,3
RAM2019_ENDO_2,9631,3
RAM2019_ENDO_2,9632,4
RAM2019_ENDO_2,9633,6
RAM2019_ENDO_2,9634,5
RAM2019_ENDO_2,9635,4
RAM2019_ENDO_2,9636,9
RAM2019_ENDO_2,9637,4
RAM2019_ENDO_2,9638,2
RAM2019_ENDO_2,9639,6
RAM2019_ENDO_2,9640,8
RAM2019_ENDO_2,9641,3
RAM2019_ENDO_2,9642,3
RAM2019_ENDO_2,9643,5
RAM2019_ENDO_2,9644,2
RAM2019_ENDO_2,9645,2
RAM2019_ENDO_2,9646,9
RAM2019_ENDO_2,9647,4
RAM2019_ENDO_2,9648,4
RAM2019_ENDO_2,9649,6
RAM2019_ENDO_2,9650,5
RAM2019_ENDO_2,9651,5
RAM2019_ENDO_2,9652,5
RAM2019_ENDO_2,9653,3
RAM2019_ENDO_2,9654,8
RAM2019_ENDO_2,9655,3
RAM2019_ENDO_2,9656,5
RAM2019_ENDO_2,9657,9
RAM2019_ENDO_2,9658,3
RAM2019_ENDO_2,9659,3
RAM2019_ENDO_2,9660,3
RAM2019_ENDO_2,9661,4
RAM2019_ENDO_2,9662,3
RAM2019_ENDO_2,9663,3
RAM2019_ENDO_2,9664,3
RAM2019_ENDO_2,9665,3
RAM2019_ENDO_2,9666,5
RAM2019_ENDO_2,9667,4
RAM2019_ENDO_2,9668,4
RAM2019_ENDO_2,9669,3
RAM2019_ENDO_2,9670,2
RAM2019_ENDO_2,9671,4
RAM2019_ENDO_2,9672,2
RAM2019_ENDO_2,9673,5
RAM2019_ENDO_2,9674,2
RAM2019_ENDO_2,9675,5
RAM2019_ENDO_2,9676,9
RAM2019_ENDO_2,9677,5
RAM2019_ENDO_2,9678,5
RAM2019_ENDO_2,9679,5
RAM2019_ENDO_2,9680,4
RAM2019_ENDO_2,9681,5
RAM2019_ENDO_2,9682,6
RAM2019_ENDO_2,9683,5
RAM2019_ENDO_2,9684,4
RAM2019_ENDO_2,9685,4
RAM2019_ENDO_2,9686,4
RAM2019_ENDO_2,9687,6
RAM2019_ENDO_2,9688,5
RAM2019_ENDO_2,9689,3
RAM2019_ENDO_2,9690,4
RAM2019_ENDO_2,9691,3
RAM2019_ENDO_2,9692,3
RAM2019_ENDO_2,9693,2
RAM2019_ENDO_2,9694,1
RAM2019_ENDO_2,9695,2
RAM2019_ENDO_2,9696,5
RAM2019_ENDO_2,9697,3
RAM2019_ENDO_2,9698,4
RAM2019_ENDO_2,9699,3
RAM2019_ENDO_2,9700,3
RAM2019_ENDO_2,9701,0
RAM2019_ENDO_2,9702,4
RAM2019_ENDO_2,9703,3
RAM2019_ENDO_2,9704,2
RAM2019_ENDO_2,9705,4
RAM2019_ENDO_2,9706,7
RAM2019_ENDO_2,9707,5
RAM2019_ENDO_2,9708,5
RAM2019_ENDO_2,9709,7
RAM2019_ENDO_2,9710,4
RAM2019_ENDO_2,9711,6
RAM2019_ENDO_2,9712,4
RAM2019_ENDO_2,9713,3
RAM2019_ENDO_2,9714,8
RAM2019_ENDO_2,9715,6
RAM2019_ENDO_2,9716,6
RAM2019_ENDO_2,9717,4
RAM2019_ENDO_2,9718,2
RAM2019_ENDO_2,9719,4
RAM2019_ENDO_2,9720,8
RAM2019_ENDO_2,9721,5
RAM2019_ENDO_2,9722,3
RAM2019_ENDO_2,9723,4
RAM2019_ENDO_2,9724,6
RAM2019_ENDO_2,9725,0
RAM2019_ENDO_2,9726,3
RAM2019_ENDO_2,9727,4
RAM2019_ENDO_2,9728,1
RAM2019_ENDO_2,9729,6
RAM2019_ENDO_2,9730,4
RAM2019_ENDO_2,9731,6
RAM2019_ENDO_2,9732,7
RAM2019_ENDO_2,9733,2
RAM2019_ENDO_2,9734,8
RAM2019_ENDO_2,9735,4
RAM2019_ENDO_2,9736,8
RAM2019_ENDO_2,9737,1
RAM2019_ENDO_2,9738,4
RAM2019_ENDO_2,9739,5
RAM2019_ENDO_2,9740,8
RAM2019_ENDO_2,9741,9
RAM2019_ENDO_2,9742,3
RAM2019_ENDO_2,9743,3
RAM2019_ENDO_2,9744,3
RAM2019_ENDO_2,9745,7
RAM2019_ENDO_2,9746,2
RAM2019_ENDO_2,9747,2
RAM2019_ENDO_2,9748,6
RAM2019_ENDO_2,9749,4
RAM2019_ENDO_2,9750,2
RAM2019_ENDO_2,9751,4
RAM2019_ENDO_2,9752,6
RAM2019_ENDO_2,9753,3
RAM2019_ENDO_2,9754,3
RAM2019_ENDO_2,9755,5
RAM2019_ENDO_2,9756,5
RAM2019_ENDO_2,9757,3
RAM2019_ENDO_2,9758,3
RAM2019_ENDO_2,9759,6
RAM2019_ENDO_2,9760,6
RAM2019_ENDO_2,9761,6
RAM2019_ENDO_2,9762,7
RAM2019_ENDO_2,9763,1
RAM2019_ENDO_2,9764,1
RAM2019_ENDO_2,9765,5
RAM2019_ENDO_2,9766,2
RAM2019_ENDO_2,9767,6
RAM2019_ENDO_2,9768,5
RAM2019_ENDO_2,9769,6
RAM2019_ENDO_2,9770,6
RAM2019_ENDO_2,9771,6
RAM2019_ENDO_2,9772,1
RAM2019_ENDO_2,9773,3
RAM2019_ENDO_2,9774,4
RAM2019_ENDO_2,9775,3
RAM2019_ENDO_2,9776,3
RAM2019_ENDO_2,9777,4
RAM2019_ENDO_2,9778,5
RAM2019_ENDO_2,9779,5
RAM2019_ENDO_2,9780,0
RAM2019_ENDO_2,9781,2
RAM2019_ENDO_2,9782,4
RAM2019_ENDO_2,9783,5
RAM2019_ENDO_2,9784,4
RAM2019_ENDO_2,9785,7
RAM2019_ENDO_2,9786,1
RAM2019_ENDO_2,9787,4
RAM2019_ENDO_2,9788,7
RAM2019_ENDO_2,9789,4
RAM2019_ENDO_2,9790,4
RAM2019_ENDO_2,9791,8
RAM2019_ENDO_2,9792,2
RAM2019_ENDO_2,9793,5
RAM2019_ENDO_2,9794,3
RAM2019_ENDO_2,9795,3
RAM2019_ENDO_2,9796,5
RAM2019_ENDO_2,9797,7
RAM2019_ENDO_2,9798,4
RAM2019_ENDO_2,9799,4
RAM2019_ENDO_2,9800,1
RAM2019_ENDO_2,9801,6
RAM2019_ENDO_2,9802,3
RAM2019_ENDO_2,9803,0
RAM2019_ENDO_2,9804,8
RAM2019_ENDO_2,9805,3
RAM2019_ENDO_2,9806,9
RAM2019_ENDO_2,9807,3
RAM2019_ENDO_2,9808,3
RAM2019_ENDO_2,9809,10
RAM2019_ENDO_2,9810,4
RAM2019_ENDO_2,9811,4
RAM2019_ENDO_2,9812,4
RAM2019_ENDO_2,9813,3
RAM2019_ENDO_2,9814,3
RAM2019_ENDO_2,9815,4
RAM2019_ENDO_2,9816,4
RAM2019_ENDO_2,9817,5
RAM2019_ENDO_2,9818,3
RAM2019_ENDO_2,9819,3
RAM2019_ENDO_2,9820,5
RAM2019_ENDO_2,9821,6
RAM2019_ENDO_2,9822,2
RAM2019_ENDO_2,9823,2
RAM2019_ENDO_2,9824,7
RAM2019_ENDO_2,9825,2
RAM2019_ENDO_2,9826,3
RAM2019_ENDO_2,9827,4
RAM2019_ENDO_2,9828,8
RAM2019_ENDO_2,9829,4
RAM2019_ENDO_2,9830,3
RAM2019_ENDO_2,9831,6
RAM2019_ENDO_2,9832,3
RAM2019_ENDO_2,9833,3
RAM2019_ENDO_2,9834,6
RAM2019_ENDO_2,9835,4
RAM2019_ENDO_2,9836,2
RAM2019_ENDO_2,9837,4
RAM2019_ENDO_2,9838,5
RAM2019_ENDO_2,9839,6
RAM2019_ENDO_2,9840,3
RAM2019_ENDO_2,9841,4
RAM2019_ENDO_2,9842,6
RAM2019_ENDO_2,9843,2
RAM2019_ENDO_2,9844,6
RAM2019_ENDO_2,9845,3
RAM2019_ENDO_2,9846,7
RAM2019_ENDO_2,9847,5
RAM2019_ENDO_2,9848,2
RAM2019_ENDO_2,9849,5
RAM2019_ENDO_2,9850,6
RAM2019_ENDO_2,9851,7
RAM2019_ENDO_2,9852,6
RAM2019_ENDO_2,9853,6
RAM2019_ENDO_2,9854,4
RAM2019_ENDO_2,9855,5
RAM2019_ENDO_2,9856,5
RAM2019_ENDO_2,9857,4
RAM2019_ENDO_2,9858,3
RAM2019_ENDO_2,9859,5
RAM2019_ENDO_2,9860,1
RAM2019_ENDO_2,9861,7
RAM2019_ENDO_2,9862,4
RAM2019_ENDO_2,9863,8
RAM2019_ENDO_2,9864,6
RAM2019_ENDO_2,9865,3
RAM2019_ENDO_2,9866,6
RAM2019_ENDO_2,9867,0
RAM2019_ENDO_2,9868,10
RAM2019_ENDO_2,9869,11
RAM2019_ENDO_2,9870,3
RAM2019_ENDO_2,9871,5
RAM2019_ENDO_2,9872,2
RAM2019_ENDO_2,9873,10
RAM2019_ENDO_2,9874,6
RAM2019_ENDO_2,9875,3
RAM2019_ENDO_2,9876,3
RAM2019_ENDO_2,9877,5
RAM2019_ENDO_2,9878,1
RAM2019_ENDO_2,9879,2
RAM2019_ENDO_2,9880,3
RAM2019_ENDO_2,9881,2
RAM2019_ENDO_2,9882,2
RAM2019_ENDO_2,9883,3
RAM2019_ENDO_2,9884,4
RAM2019_ENDO_2,9885,4
RAM2019_ENDO_2,9886,5
RAM2019_ENDO_2,9887,4
RAM2019_ENDO_2,9888,6
RAM2019_ENDO_2,9889,4
RAM2019_ENDO_2,9890,4
RAM2019_ENDO_2,9891,6
RAM2019_ENDO_2,9892,1
RAM2019_ENDO_2,9893,7
RAM2019_ENDO_2,9894,5
RAM2019_ENDO_2,9895,4
RAM2019_ENDO_2,9896,7
RAM2019_ENDO_2,9897,8
RAM2019_ENDO_2,9898,3
RAM2019_ENDO_2,9899,7
RAM2019_ENDO_2,9900,4
RAM2019_ENDO_2,9901,6
RAM2019_ENDO_2,9902,0
RAM2019_ENDO_2,9903,4
RAM2019_ENDO_2,9904,6
RAM2019_ENDO_2,9905,5
RAM2019_ENDO_2,9906,2
RAM2019_ENDO_2,9907,6
RAM2019_ENDO_2,9908,5
RAM2019_ENDO_2,9909,7
RAM2019_ENDO_2,9910,4
RAM2019_ENDO_2,9911,4
RAM2019_ENDO_2,9912,9
RAM2019_ENDO_2,9913,2
RAM2019_ENDO_2,9914,4
RAM2019_ENDO_2,9915,5
RAM2019_ENDO_2,9916,6
RAM2019_ENDO_2,9917,8
RAM2019_ENDO_2,9918,4
RAM2019_ENDO_2,9919,4
RAM2019_ENDO_2,9920,7
RAM2019_ENDO_2,9921,7
RAM2019_ENDO_2,9922,10
RAM2019_ENDO_2,9923,1
RAM2019_ENDO_2,9924,4
RAM2019_ENDO_2,9925,3
RAM2019_ENDO_2,9926,5
RAM2019_ENDO_2,9927,5
RAM2019_ENDO_2,9928,7
RAM2019_ENDO_2,9929,5
RAM2019_ENDO_2,9930,4
RAM2019_ENDO_2,9931,6
RAM2019_ENDO_2,9932,1
RAM2019_ENDO_2,9933,4
RAM2019_ENDO_2,9934,6
RAM2019_ENDO_2,9935,2
RAM2019_ENDO_2,9936,2
RAM2019_ENDO_2,9937,3
RAM2019_ENDO_2,9938,4
RAM2019_ENDO_2,9939,7
RAM2019_ENDO_2,9940,5
RAM2019_ENDO_2,9941,3
RAM2019_ENDO_2,9942,3
RAM2019_ENDO_2,9943,3
RAM2019_ENDO_2,9944,4
RAM2019_ENDO_2,9945,3
RAM2019_ENDO_2,9946,3
RAM2019_ENDO_2,9947,3
RAM2019_ENDO_2,9948,4
RAM2019_ENDO_2,9949,7
RAM2019_ENDO_2,9950,3
RAM2019_ENDO_2,9951,3
RAM2019_ENDO_2,9952,2
RAM2019_ENDO_2,9953,5
RAM2019_ENDO_2,9954,5
RAM2019_ENDO_2,9955,2
RAM2019_ENDO_2,9956,4
RAM2019_ENDO_2,9957,5
RAM2019_ENDO_2,9958,1
RAM2019_ENDO_2,9959,3
RAM2019_ENDO_2,9960,2
RAM2019_ENDO_2,9961,5
RAM2019_ENDO_2,9962,4
RAM2019_ENDO_2,9963,3
RAM2019_ENDO_2,9964,5
RAM2019_ENDO_2,9965,5
RAM2019_ENDO_2,9966,2
RAM2019_ENDO_2,9967,8
RAM2019_ENDO_2,9968,5
RAM2019_ENDO_2,9969,5
RAM2019_ENDO_2,9970,5
RAM2019_ENDO_2,9971,6
RAM2019_ENDO_2,9972,5
RAM2019_ENDO_2,9973,5
RAM2019_ENDO_2,9974,7
RAM2019_ENDO_2,9975,6
RAM2019_ENDO_2,9976,5
RAM2019_ENDO_2,9977,3
RAM2019_ENDO_2,9978,3
RAM2019_ENDO_2,9979,6
RAM2019_ENDO_2,9980,4
RAM2019_ENDO_2,9981,9
RAM2019_ENDO_2,9982,2
RAM2019_ENDO_2,9983,6
RAM2019_ENDO_2,9984,6
RAM2019_ENDO_2,9985,4
RAM2019_ENDO_2,9986,3
RAM2019_ENDO_2,9987,2
RAM2019_ENDO_2,9988,5
RAM2019_ENDO_2,9989,5
RAM2019_ENDO_2,9990,3
RAM2019_ENDO_2,9991,1
RAM2019_ENDO_2,9992,3
RAM2019_ENDO_2,9993,2
RAM2019_ENDO_2,9994,6
RAM2019_ENDO_2,9995,3
RAM2019_ENDO_2,9996,6
RAM2019_ENDO_2,9997,4
RAM2019_ENDO_2,9998,4
RAM2019_ENDO_2,9999,6
RAM2019_ENDO_2,10000,1
RAM2019_ENDO_6_SAENDO1,1,0
RAM2019_ENDO_6_SAENDO1,2,2
RAM2019_ENDO_6_SAENDO1,3,0
RAM2019_ENDO_6_SAENDO1,4,2
RAM2019_ENDO_6_SAENDO1,5,0
RAM2019_ENDO_6_SAENDO1,6,1
RAM2019_ENDO_6_SAENDO1,7,1
RAM2019_ENDO_6_SAENDO1,8,0
RAM2019_ENDO_6_SAENDO1,9,1
RAM2019_ENDO_6_SAENDO1,10,1
RAM2019_ENDO_6_SAENDO1,11,2
RAM2019_ENDO_6_SAENDO1,12,1
RAM2019_ENDO_6_SAENDO1,13,1
RAM2019_ENDO_6_SAENDO1,14,1
RAM2019_ENDO_6_SAENDO1,15,1
RAM2019_ENDO_6_SAENDO1,16,1
RAM2019_ENDO_6_SAENDO1,17,1
RAM2019_ENDO_6_SAENDO1,18,0
RAM2019_ENDO_6_SAENDO1,19,0
RAM2019_ENDO_6_SAENDO1,20,0
RAM2019_ENDO_6_SAENDO1,21,2
RAM2019_ENDO_6_SAENDO1,22,3
RAM2019_ENDO_6_SAENDO1,23,3
RAM2019_ENDO_6_SAENDO1,24,1
RAM2019_ENDO_6_SAENDO1,25,1
RAM2019_ENDO_6_SAENDO1,26,0
RAM2019_ENDO_6_SAENDO1,27,3
RAM2019_ENDO_6_SAENDO1,28,1
RAM2019_ENDO_6_SAENDO1,29,0
RAM2019_ENDO_6_SAENDO1,30,1
RAM2019_ENDO_6_SAENDO1,31,1
RAM2019_ENDO_6_SAENDO1,32,1
RAM2019_ENDO_6_SAENDO1,33,0
RAM2019_ENDO_6_SAENDO1,34,0
RAM2019_ENDO_6_SAENDO1,35,0
RAM2019_ENDO_6_SAENDO1,36,1
RAM2019_ENDO_6_SAENDO1,37,1
RAM2019_ENDO_6_SAENDO1,38,2
RAM2019_ENDO_6_SAENDO1,39,0
RAM2019_ENDO_6_SAENDO1,40,2
RAM2019_ENDO_6_SAENDO1,41,1
RAM2019_ENDO_6_SAENDO1,42,1
RAM2019_ENDO_6_SAENDO1,43,1
RAM2019_ENDO_6_SAENDO1,44,1
RAM2019_ENDO_6_SAENDO1,45,0
RAM2019_ENDO_6_SAENDO1,46,1
RAM2019_ENDO_6_SAENDO1,47,1
RAM2019_ENDO_6_SAENDO1,48,0
RAM2019_ENDO_6_SAENDO1,49,2
RAM2019_ENDO_6_SAENDO1,50,2
RAM2019_ENDO_6_SAENDO1,51,2
RAM2019_ENDO_6_SAENDO1,52,0
RAM2019_ENDO_6_SAENDO1,53,1
RAM2019_ENDO_6_SAENDO1,54,2
RAM2019_ENDO_6_SAENDO1,55,3
RAM2019_ENDO_6_SAENDO1,56,1
RAM2019_ENDO_6_SAENDO1,57,1
RAM2019_ENDO_6_SAENDO1,58,0
RAM2019_ENDO_6_SAENDO1,59,0
RAM2019_ENDO_6_SAENDO1,60,1
RAM2019_ENDO_6_SAENDO1,61,1
RAM2019_ENDO_6_SAENDO1,62,1
RAM2019_ENDO_6_SAENDO1,63,1
RAM2019_ENDO_6_SAENDO1,64,2
RAM2019_ENDO_6_SAENDO1,65,0
RAM2019_ENDO_6_SAENDO1,66,1
RAM2019_ENDO_6_SAENDO1,67,0
RAM2019_ENDO_6_SAENDO1,68,1
RAM2019_ENDO_6_SAENDO1,69,0
RAM2019_ENDO_6_SAENDO1,70,5
RAM2019_ENDO_6_SAENDO1,71,1
RAM2019_ENDO_6_SAENDO1,72,0
RAM2019_ENDO_6_SAENDO1,73,1
RAM2019_ENDO_6_SAENDO1,74,3
RAM2019_ENDO_6_SAENDO1,75,1
RAM2019_ENDO_6_SAENDO1,76,0
RAM2019_ENDO_6_SAENDO1,77,1
RAM2019_ENDO_6_SAENDO1,78,1
RAM2019_ENDO_6_SAENDO1,79,1
RAM2019_ENDO_6_SAENDO1,80,1
RAM2019_ENDO_6_SAENDO1,81,0
RAM2019_ENDO_6_SAENDO1,82,3
RAM2019_ENDO_6_SAENDO1,83,1
RAM2019_ENDO_6_SAENDO1,84,1
RAM2019_ENDO_6_SAENDO1,85,1
RAM2019_ENDO_6_SAENDO1,86,2
RAM2019_ENDO_6_SAENDO1,87,1
RAM2019_ENDO_6_SAENDO1,88,1
RAM2019_ENDO_6_SAENDO1,89,3
RAM2019_ENDO_6_SAENDO1,90,2
RAM2019_ENDO_6_SAENDO1,91,0
RAM2019_ENDO_6_SAENDO1,92,0
RAM2019_ENDO_6_SAENDO1,93,1
RAM2019_ENDO_6_SAENDO1,94,1
RAM2019_ENDO_6_SAENDO1,95,2
RAM2019_ENDO_6_SAENDO1,96,1
RAM2019_ENDO_6_SAENDO1,97,3
RAM2019_ENDO_6_SAENDO1,98,1
RAM2019_ENDO_6_SAENDO1,99,0
RAM2019_ENDO_6_SAENDO1,100,3
RAM2019_ENDO_6_SAENDO1,101,2
RAM2019_ENDO_6_SAENDO1,102,2
RAM2019_ENDO_6_SAENDO1,103,0
RAM2019_ENDO_6_SAENDO1,104,1
RAM2019_ENDO_6_SAENDO1,105,1
RAM2019_ENDO_6_SAENDO1,106,4
RAM2019_ENDO_6_SAENDO1,107,2
RAM2019_ENDO_6_SAENDO1,108,1
RAM2019_ENDO_6_SAENDO1,109,2
RAM2019_ENDO_6_SAENDO1,110,1
RAM2019_ENDO_6_SAENDO1,111,2
RAM2019_ENDO_6_SAENDO1,112,1
RAM2019_ENDO_6_SAENDO1,113,1
RAM2019_ENDO_6_SAENDO1,114,0
RAM2019_ENDO_6_SAENDO1,115,1
RAM2019_ENDO_6_SAENDO1,116,0
RAM2019_ENDO_6_SAENDO1,117,4
RAM2019_ENDO_6_SAENDO1,118,1
RAM2019_ENDO_6_SAENDO1,119,2
RAM2019_ENDO_6_SAENDO1,120,2
RAM2019_ENDO_6_SAENDO1,121,1
RAM2019_ENDO_6_SAENDO1,122,1
RAM2019_ENDO_6_SAENDO1,123,0
RAM2019_ENDO_6_SAENDO1,124,2
RAM2019_ENDO_6_SAENDO1,125,1
RAM2019_ENDO_6_SAENDO1,126,1
RAM2019_ENDO_6_SAENDO1,127,0
RAM2019_ENDO_6_SAENDO1,128,1
RAM2019_ENDO_6_SAENDO1,129,1
RAM2019_ENDO_6_SAENDO1,130,3
RAM2019_ENDO_6_SAENDO1,131,2
RAM2019_ENDO_6_SAENDO1,132,0
RAM2019_ENDO_6_SAENDO1,133,1
RAM2019_ENDO_6_SAENDO1,134,0
RAM2019_ENDO_6_SAENDO1,135,1
RAM2019_ENDO_6_SAENDO1,136,1
RAM2019_ENDO_6_SAENDO1,137,1
RAM2019_ENDO_6_SAENDO1,138,0
RAM2019_ENDO_6_SAENDO1,139,0
RAM2019_ENDO_6_SAENDO1,140,2
RAM2019_ENDO_6_SAENDO1,141,1
RAM2019_ENDO_6_SAENDO1,142,2
RAM2019_ENDO_6_SAENDO1,143,1
RAM2019_ENDO_6_SAENDO1,144,0
RAM2019_ENDO_6_SAENDO1,145,2
RAM2019_ENDO_6_SAENDO1,146,0
RAM2019_ENDO_6_SAENDO1,147,2
RAM2019_ENDO_6_SAENDO1,148,2
RAM2019_ENDO_6_SAENDO1,149,1
RAM2019_ENDO_6_SAENDO1,150,1
RAM2019_ENDO_6_SAENDO1,151,2
RAM2019_ENDO_6_SAENDO1,152,1
RAM2019_ENDO_6_SAENDO1,153,1
RAM2019_ENDO_6_SAENDO1,154,1
RAM2019_ENDO_6_SAENDO1,155,1
RAM2019_ENDO_6_SAENDO1,156,2
RAM2019_ENDO_6_SAENDO1,157,0
RAM2019_ENDO_6_SAENDO1,158,0
RAM2019_ENDO_6_SAENDO1,159,2
RAM2019_ENDO_6_SAENDO1,160,1
RAM2019_ENDO_6_SAENDO1,161,1
RAM2019_ENDO_6_SAENDO1,162,0
RAM2019_ENDO_6_SAENDO1,163,1
RAM2019_ENDO_6_SAENDO1,164,0
RAM2019_ENDO_6_SAENDO1,165,0
RAM2019_ENDO_6_SAENDO1,166,2
RAM2019_ENDO_6_SAENDO1,167,3
RAM2019_ENDO_6_SAENDO1,168,1
RAM2019_ENDO_6_SAENDO1,169,0
RAM2019_ENDO_6_SAENDO1,170,1
RAM2019_ENDO_6_SAENDO1,171,1
RAM2019_ENDO_6_SAENDO1,172,1
RAM2019_ENDO_6_SAENDO1,173,2
RAM2019_ENDO_6_SAENDO1,174,1
RAM2019_ENDO_6_SAENDO1,175,0
RAM2019_ENDO_6_SAENDO1,176,1
RAM2019_ENDO_6_SAENDO1,177,1
RAM2019_ENDO_6_SAENDO1,178,1
RAM2019_ENDO_6_SAENDO1,179,1
RAM2019_ENDO_6_SAENDO1,180,2
RAM2019_ENDO_6_SAENDO1,181,0
RAM2019_ENDO_6_SAENDO1,182,0
RAM2019_ENDO_6_SAENDO1,183,0
RAM2019_ENDO_6_SAENDO1,184,1
RAM2019_ENDO_6_SAENDO1,185,2
RAM2019_ENDO_6_SAENDO1,186,1
RAM2019_ENDO_6_SAENDO1,187,1
RAM2019_ENDO_6_SAENDO1,188,2
RAM2019_ENDO_6_SAENDO1,189,1
RAM2019_ENDO_6_SAENDO1,190,3
RAM2019_ENDO_6_SAENDO1,191,3
RAM2019_ENDO_6_SAENDO1,192,0
RAM2019_ENDO_6_SAENDO1,193,3
RAM2019_ENDO_6_SAENDO1,194,2
RAM2019_ENDO_6_SAENDO1,195,2
RAM2019_ENDO_6_SAENDO1,196,1
RAM2019_ENDO_6_SAENDO1,197,0
RAM2019_ENDO_6_SAENDO1,198,1
RAM2019_ENDO_6_SAENDO1,199,3
RAM2019_ENDO_6_SAENDO1,200,4
RAM2019_ENDO_6_SAENDO1,201,0
RAM2019_ENDO_6_SAENDO1,202,1
RAM2019_ENDO_6_SAENDO1,203,1
RAM2019_ENDO_6_SAENDO1,204,2
RAM2019_ENDO_6_SAENDO1,205,0
RAM2019_ENDO_6_SAENDO1,206,1
RAM2019_ENDO_6_SAENDO1,207,1
RAM2019_ENDO_6_SAENDO1,208,2
RAM2019_ENDO_6_SAENDO1,209,2
RAM2019_ENDO_6_SAENDO1,210,1
RAM2019_ENDO_6_SAENDO1,211,1
RAM2019_ENDO_6_SAENDO1,212,0
RAM2019_ENDO_6_SAENDO1,213,0
RAM2019_ENDO_6_SAENDO1,214,2
RAM2019_ENDO_6_SAENDO1,215,2
RAM2019_ENDO_6_SAENDO1,216,0
RAM2019_ENDO_6_SAENDO1,217,1
RAM2019_ENDO_6_SAENDO1,218,2
RAM2019_ENDO_6_SAENDO1,219,1
RAM2019_ENDO_6_SAENDO1,220,0
RAM2019_ENDO_6_SAENDO1,221,2
RAM2019_ENDO_6_SAENDO1,222,3
RAM2019_ENDO_6_SAENDO1,223,0
RAM2019_ENDO_6_SAENDO1,224,2
RAM2019_ENDO_6_SAENDO1,225,1
RAM2019_ENDO_6_SAENDO1,226,1
RAM2019_ENDO_6_SAENDO1,227,0
RAM2019_ENDO_6_SAENDO1,228,0
RAM2019_ENDO_6_SAENDO1,229,2
RAM2019_ENDO_6_SAENDO1,230,2
RAM2019_ENDO_6_SAENDO1,231,1
RAM2019_ENDO_6_SAENDO1,232,3
RAM2019_ENDO_6_SAENDO1,233,2
RAM2019_ENDO_6_SAENDO1,234,0
RAM2019_ENDO_6_SAENDO1,235,2
RAM2019_ENDO_6_SAENDO1,236,1
RAM2019_ENDO_6_SAENDO1,237,1
RAM2019_ENDO_6_SAENDO1,238,0
RAM2019_ENDO_6_SAENDO1,239,0
RAM2019_ENDO_6_SAENDO1,240,3
RAM2019_ENDO_6_SAENDO1,241,1
RAM2019_ENDO_6_SAENDO1,242,1
RAM2019_ENDO_6_SAENDO1,243,0
RAM2019_ENDO_6_SAENDO1,244,1
RAM2019_ENDO_6_SAENDO1,245,4
RAM2019_ENDO_6_SAENDO1,246,1
RAM2019_ENDO_6_SAENDO1,247,1
RAM2019_ENDO_6_SAENDO1,248,0
RAM2019_ENDO_6_SAENDO1,249,1
RAM2019_ENDO_6_SAENDO1,250,1
RAM2019_ENDO_6_SAENDO1,251,1
RAM2019_ENDO_6_SAENDO1,252,3
RAM2019_ENDO_6_SAENDO1,253,3
RAM2019_ENDO_6_SAENDO1,254,4
RAM2019_ENDO_6_SAENDO1,255,1
RAM2019_ENDO_6_SAENDO1,256,2
RAM2019_ENDO_6_SAENDO1,257,1
RAM2019_ENDO_6_SAENDO1,258,3
RAM2019_ENDO_6_SAENDO1,259,4
RAM2019_ENDO_6_SAENDO1,260,0
RAM2019_ENDO_6_SAENDO1,261,0
RAM2019_ENDO_6_SAENDO1,262,0
RAM2019_ENDO_6_SAENDO1,263,2
RAM2019_ENDO_6_SAENDO1,264,0
RAM2019_ENDO_6_SAENDO1,265,1
RAM2019_ENDO_6_SAENDO1,266,1
RAM2019_ENDO_6_SAENDO1,267,1
RAM2019_ENDO_6_SAENDO1,268,0
RAM2019_ENDO_6_SAENDO1,269,1
RAM2019_ENDO_6_SAENDO1,270,1
RAM2019_ENDO_6_SAENDO1,271,0
RAM2019_ENDO_6_SAENDO1,272,0
RAM2019_ENDO_6_SAENDO1,273,0
RAM2019_ENDO_6_SAENDO1,274,2
RAM2019_ENDO_6_SAENDO1,275,1
RAM2019_ENDO_6_SAENDO1,276,1
RAM2019_ENDO_6_SAENDO1,277,1
RAM2019_ENDO_6_SAENDO1,278,1
RAM2019_ENDO_6_SAENDO1,279,1
RAM2019_ENDO_6_SAENDO1,280,1
RAM2019_ENDO_6_SAENDO1,281,1
RAM2019_ENDO_6_SAENDO1,282,2
RAM2019_ENDO_6_SAENDO1,283,2
RAM2019_ENDO_6_SAENDO1,284,1
RAM2019_ENDO_6_SAENDO1,285,0
RAM2019_ENDO_6_SAENDO1,286,3
RAM2019_ENDO_6_SAENDO1,287,5
RAM2019_ENDO_6_SAENDO1,288,2
RAM2019_ENDO_6_SAENDO1,289,0
RAM2019_ENDO_6_SAENDO1,290,3
RAM2019_ENDO_6_SAENDO1,291,1
RAM2019_ENDO_6_SAENDO1,292,0
RAM2019_ENDO_6_SAENDO1,293,0
RAM2019_ENDO_6_SAENDO1,294,0
RAM2019_ENDO_6_SAENDO1,295,0
RAM2019_ENDO_6_SAENDO1,296,1
RAM2019_ENDO_6_SAENDO1,297,1
RAM2019_ENDO_6_SAENDO1,298,0
RAM2019_ENDO_6_SAENDO1,299,3
RAM2019_ENDO_6_SAENDO1,300,1
RAM2019_ENDO_6_SAENDO1,301,1
RAM2019_ENDO_6_SAENDO1,302,2
RAM2019_ENDO_6_SAENDO1,303,1
RAM2019_ENDO_6_SAENDO1,304,0
RAM2019_ENDO_6_SAENDO1,305,2
RAM2019_ENDO_6_SAENDO1,306,0
RAM2019_ENDO_6_SAENDO1,307,0
RAM2019_ENDO_6_SAENDO1,308,0
RAM2019_ENDO_6_SAENDO1,309,1
RAM2019_ENDO_6_SAENDO1,310,3
RAM2019_ENDO_6_SAENDO1,311,1
RAM2019_ENDO_6_SAENDO1,312,1
RAM2019_ENDO_6_SAENDO1,313,1
RAM2019_ENDO_6_SAENDO1,314,3
RAM2019_ENDO_6_SAENDO1,315,1
RAM2019_ENDO_6_SAENDO1,316,0
RAM2019_ENDO_6_SAENDO1,317,2
RAM2019_ENDO_6_SAENDO1,318,2
RAM2019_ENDO_6_SAENDO1,319,1
RAM2019_ENDO_6_SAENDO1,320,1
RAM2019_ENDO_6_SAENDO1,321,1
RAM2019_ENDO_6_SAENDO1,322,1
RAM2019_ENDO_6_SAENDO1,323,3
RAM2019_ENDO_6_SAENDO1,324,0
RAM2019_ENDO_6_SAENDO1,325,1
RAM2019_ENDO_6_SAENDO1,326,1
RAM2019_ENDO_6_SAENDO1,327,1
RAM2019_ENDO_6_SAENDO1,328,1
RAM2019_ENDO_6_SAENDO1,329,2
RAM2019_ENDO_6_SAENDO1,330,1
RAM2019_ENDO_6_SAENDO1,331,1
RAM2019_ENDO_6_SAENDO1,332,1
RAM2019_ENDO_6_SAENDO1,333,0
RAM2019_ENDO_6_SAENDO1,334,2
RAM2019_ENDO_6_SAENDO1,335,1
RAM2019_ENDO_6_SAENDO1,336,2
RAM2019_ENDO_6_SAENDO1,337,0
RAM2019_ENDO_6_SAENDO1,338,3
RAM2019_ENDO_6_SAENDO1,339,1
RAM2019_ENDO_6_SAENDO1,340,1
RAM2019_ENDO_6_SAENDO1,341,1
RAM2019_ENDO_6_SAENDO1,342,3
RAM2019_ENDO_6_SAENDO1,343,2
RAM2019_ENDO_6_SAENDO1,344,1
RAM2019_ENDO_6_SAENDO1,345,1
RAM2019_ENDO_6_SAENDO1,346,1
RAM2019_ENDO_6_SAENDO1,347,2
RAM2019_ENDO_6_SAENDO1,348,0
RAM2019_ENDO_6_SAENDO1,349,0
RAM2019_ENDO_6_SAENDO1,350,1
RAM2019_ENDO_6_SAENDO1,351,2
RAM2019_ENDO_6_SAENDO1,352,0
RAM2019_ENDO_6_SAENDO1,353,1
RAM2019_ENDO_6_SAENDO1,354,3
RAM2019_ENDO_6_SAENDO1,355,0
RAM2019_ENDO_6_SAENDO1,356,0
RAM2019_ENDO_6_SAENDO1,357,1
RAM2019_ENDO_6_SAENDO1,358,2
RAM2019_ENDO_6_SAENDO1,359,0
RAM2019_ENDO_6_SAENDO1,360,3
RAM2019_ENDO_6_SAENDO1,361,0
RAM2019_ENDO_6_SAENDO1,362,2
RAM2019_ENDO_6_SAENDO1,363,1
RAM2019_ENDO_6_SAENDO1,364,0
RAM2019_ENDO_6_SAENDO1,365,1
RAM2019_ENDO_6_SAENDO1,366,1
RAM2019_ENDO_6_SAENDO1,367,1
RAM2019_ENDO_6_SAENDO1,368,1
RAM2019_ENDO_6_SAENDO1,369,1
RAM2019_ENDO_6_SAENDO1,370,0
RAM2019_ENDO_6_SAENDO1,371,2
RAM2019_ENDO_6_SAENDO1,372,2
RAM2019_ENDO_6_SAENDO1,373,0
RAM2019_ENDO_6_SAENDO1,374,0
RAM2019_ENDO_6_SAENDO1,375,1
RAM2019_ENDO_6_SAENDO1,376,4
RAM2019_ENDO_6_SAENDO1,377,1
RAM2019_ENDO_6_SAENDO1,378,3
RAM2019_ENDO_6_SAENDO1,379,1
RAM2019_ENDO_6_SAENDO1,380,0
RAM2019_ENDO_6_SAENDO1,381,1
RAM2019_ENDO_6_SAENDO1,382,0
RAM2019_ENDO_6_SAENDO1,383,1
RAM2019_ENDO_6_SAENDO1,384,1
RAM2019_ENDO_6_SAENDO1,385,1
RAM2019_ENDO_6_SAENDO1,386,2
RAM2019_ENDO_6_SAENDO1,387,2
RAM2019_ENDO_6_SAENDO1,388,1
RAM2019_ENDO_6_SAENDO1,389,2
RAM2019_ENDO_6_SAENDO1,390,1
RAM2019_ENDO_6_SAENDO1,391,4
RAM2019_ENDO_6_SAENDO1,392,2
RAM2019_ENDO_6_SAENDO1,393,2
RAM2019_ENDO_6_SAENDO1,394,0
RAM2019_ENDO_6_SAENDO1,395,0
RAM2019_ENDO_6_SAENDO1,396,1
RAM2019_ENDO_6_SAENDO1,397,1
RAM2019_ENDO_6_SAENDO1,398,0
RAM2019_ENDO_6_SAENDO1,399,0
RAM2019_ENDO_6_SAENDO1,400,1
RAM2019_ENDO_6_SAENDO1,401,4
RAM2019_ENDO_6_SAENDO1,402,3
RAM2019_ENDO_6_SAENDO1,403,1
RAM2019_ENDO_6_SAENDO1,404,0
RAM2019_ENDO_6_SAENDO1,405,1
RAM2019_ENDO_6_SAENDO1,406,1
RAM2019_ENDO_6_SAENDO1,407,0
RAM2019_ENDO_6_SAENDO1,408,1
RAM2019_ENDO_6_SAENDO1,409,0
RAM2019_ENDO_6_SAENDO1,410,0
RAM2019_ENDO_6_SAENDO1,411,0
RAM2019_ENDO_6_SAENDO1,412,1
RAM2019_ENDO_6_SAENDO1,413,0
RAM2019_ENDO_6_SAENDO1,414,1
RAM2019_ENDO_6_SAENDO1,415,0
RAM2019_ENDO_6_SAENDO1,416,1
RAM2019_ENDO_6_SAENDO1,417,0
RAM2019_ENDO_6_SAENDO1,418,2
RAM2019_ENDO_6_SAENDO1,419,1
RAM2019_ENDO_6_SAENDO1,420,2
RAM2019_ENDO_6_SAENDO1,421,0
RAM2019_ENDO_6_SAENDO1,422,3
RAM2019_ENDO_6_SAENDO1,423,1
RAM2019_ENDO_6_SAENDO1,424,0
RAM2019_ENDO_6_SAENDO1,425,1
RAM2019_ENDO_6_SAENDO1,426,2
RAM2019_ENDO_6_SAENDO1,427,0
RAM2019_ENDO_6_SAENDO1,428,1
RAM2019_ENDO_6_SAENDO1,429,1
RAM2019_ENDO_6_SAENDO1,430,2
RAM2019_ENDO_6_SAENDO1,431,0
RAM2019_ENDO_6_SAENDO1,432,2
RAM2019_ENDO_6_SAENDO1,433,1
RAM2019_ENDO_6_SAENDO1,434,1
RAM2019_ENDO_6_SAENDO1,435,1
RAM2019_ENDO_6_SAENDO1,436,2
RAM2019_ENDO_6_SAENDO1,437,0
RAM2019_ENDO_6_SAENDO1,438,2
RAM2019_ENDO_6_SAENDO1,439,1
RAM2019_ENDO_6_SAENDO1,440,0
RAM2019_ENDO_6_SAENDO1,441,2
RAM2019_ENDO_6_SAENDO1,442,0
RAM2019_ENDO_6_SAENDO1,443,1
RAM2019_ENDO_6_SAENDO1,444,3
RAM2019_ENDO_6_SAENDO1,445,1
RAM2019_ENDO_6_SAENDO1,446,0
RAM2019_ENDO_6_SAENDO1,447,1
RAM2019_ENDO_6_SAENDO1,448,1
RAM2019_ENDO_6_SAENDO1,449,2
RAM2019_ENDO_6_SAENDO1,450,2
RAM2019_ENDO_6_SAENDO1,451,0
RAM2019_ENDO_6_SAENDO1,452,0
RAM2019_ENDO_6_SAENDO1,453,3
RAM2019_ENDO_6_SAENDO1,454,2
RAM2019_ENDO_6_SAENDO1,455,3
RAM2019_ENDO_6_SAENDO1,456,1
RAM2019_ENDO_6_SAENDO1,457,0
RAM2019_ENDO_6_SAENDO1,458,2
RAM2019_ENDO_6_SAENDO1,459,0
RAM2019_ENDO_6_SAENDO1,460,0
RAM2019_ENDO_6_SAENDO1,461,3
RAM2019_ENDO_6_SAENDO1,462,0
RAM2019_ENDO_6_SAENDO1,463,1
RAM2019_ENDO_6_SAENDO1,464,2
RAM2019_ENDO_6_SAENDO1,465,2
RAM2019_ENDO_6_SAENDO1,466,3
RAM2019_ENDO_6_SAENDO1,467,1
RAM2019_ENDO_6_SAENDO1,468,1
RAM2019_ENDO_6_SAENDO1,469,0
RAM2019_ENDO_6_SAENDO1,470,0
RAM2019_ENDO_6_SAENDO1,471,0
RAM2019_ENDO_6_SAENDO1,472,1
RAM2019_ENDO_6_SAENDO1,473,3
RAM2019_ENDO_6_SAENDO1,474,0
RAM2019_ENDO_6_SAENDO1,475,0
RAM2019_ENDO_6_SAENDO1,476,1
RAM2019_ENDO_6_SAENDO1,477,2
RAM2019_ENDO_6_SAENDO1,478,2
RAM2019_ENDO_6_SAENDO1,479,0
RAM2019_ENDO_6_SAENDO1,480,1
RAM2019_ENDO_6_SAENDO1,481,0
RAM2019_ENDO_6_SAENDO1,482,1
RAM2019_ENDO_6_SAENDO1,483,2
RAM2019_ENDO_6_SAENDO1,484,0
RAM2019_ENDO_6_SAENDO1,485,1
RAM2019_ENDO_6_SAENDO1,486,1
RAM2019_ENDO_6_SAENDO1,487,0
RAM2019_ENDO_6_SAENDO1,488,1
RAM2019_ENDO_6_SAENDO1,489,1
RAM2019_ENDO_6_SAENDO1,490,1
RAM2019_ENDO_6_SAENDO1,491,0
RAM2019_ENDO_6_SAENDO1,492,0
RAM2019_ENDO_6_SAENDO1,493,2
RAM2019_ENDO_6_SAENDO1,494,2
RAM2019_ENDO_6_SAENDO1,495,0
RAM2019_ENDO_6_SAENDO1,496,0
RAM2019_ENDO_6_SAENDO1,497,2
RAM2019_ENDO_6_SAENDO1,498,0
RAM2019_ENDO_6_SAENDO1,499,2
RAM2019_ENDO_6_SAENDO1,500,2
RAM2019_ENDO_6_SAENDO1,501,0
RAM2019_ENDO_6_SAENDO1,502,3
RAM2019_ENDO_6_SAENDO1,503,0
RAM2019_ENDO_6_SAENDO1,504,1
RAM2019_ENDO_6_SAENDO1,505,0
RAM2019_ENDO_6_SAENDO1,506,2
RAM2019_ENDO_6_SAENDO1,507,0
RAM2019_ENDO_6_SAENDO1,508,2
RAM2019_ENDO_6_SAENDO1,509,1
RAM2019_ENDO_6_SAENDO1,510,2
RAM2019_ENDO_6_SAENDO1,511,1
RAM2019_ENDO_6_SAENDO1,512,0
RAM2019_ENDO_6_SAENDO1,513,0
RAM2019_ENDO_6_SAENDO1,514,2
RAM2019_ENDO_6_SAENDO1,515,0
RAM2019_ENDO_6_SAENDO1,516,0
RAM2019_ENDO_6_SAENDO1,517,1
RAM2019_ENDO_6_SAENDO1,518,2
RAM2019_ENDO_6_SAENDO1,519,2
RAM2019_ENDO_6_SAENDO1,520,1
RAM2019_ENDO_6_SAENDO1,521,1
RAM2019_ENDO_6_SAENDO1,522,4
RAM2019_ENDO_6_SAENDO1,523,0
RAM2019_ENDO_6_SAENDO1,524,1
RAM2019_ENDO_6_SAENDO1,525,0
RAM2019_ENDO_6_SAENDO1,526,1
RAM2019_ENDO_6_SAENDO1,527,1
RAM2019_ENDO_6_SAENDO1,528,2
RAM2019_ENDO_6_SAENDO1,529,0
RAM2019_ENDO_6_SAENDO1,530,2
RAM2019_ENDO_6_SAENDO1,531,1
RAM2019_ENDO_6_SAENDO1,532,2
RAM2019_ENDO_6_SAENDO1,533,0
RAM2019_ENDO_6_SAENDO1,534,3
RAM2019_ENDO_6_SAENDO1,535,2
RAM2019_ENDO_6_SAENDO1,536,2
RAM2019_ENDO_6_SAENDO1,537,0
RAM2019_ENDO_6_SAENDO1,538,3
RAM2019_ENDO_6_SAENDO1,539,1
RAM2019_ENDO_6_SAENDO1,540,1
RAM2019_ENDO_6_SAENDO1,541,1
RAM2019_ENDO_6_SAENDO1,542,0
RAM2019_ENDO_6_SAENDO1,543,1
RAM2019_ENDO_6_SAENDO1,544,1
RAM2019_ENDO_6_SAENDO1,545,1
RAM2019_ENDO_6_SAENDO1,546,2
RAM2019_ENDO_6_SAENDO1,547,1
RAM2019_ENDO_6_SAENDO1,548,2
RAM2019_ENDO_6_SAENDO1,549,1
RAM2019_ENDO_6_SAENDO1,550,2
RAM2019_ENDO_6_SAENDO1,551,1
RAM2019_ENDO_6_SAENDO1,552,3
RAM2019_ENDO_6_SAENDO1,553,0
RAM2019_ENDO_6_SAENDO1,554,1
RAM2019_ENDO_6_SAENDO1,555,2
RAM2019_ENDO_6_SAENDO1,556,2
RAM2019_ENDO_6_SAENDO1,557,0
RAM2019_ENDO_6_SAENDO1,558,2
RAM2019_ENDO_6_SAENDO1,559,4
RAM2019_ENDO_6_SAENDO1,560,2
RAM2019_ENDO_6_SAENDO1,561,0
RAM2019_ENDO_6_SAENDO1,562,1
RAM2019_ENDO_6_SAENDO1,563,0
RAM2019_ENDO_6_SAENDO1,564,0
RAM2019_ENDO_6_SAENDO1,565,0
RAM2019_ENDO_6_SAENDO1,566,3
RAM2019_ENDO_6_SAENDO1,567,1
RAM2019_ENDO_6_SAENDO1,568,0
RAM2019_ENDO_6_SAENDO1,569,0
RAM2019_ENDO_6_SAENDO1,570,1
RAM2019_ENDO_6_SAENDO1,571,0
RAM2019_ENDO_6_SAENDO1,572,1
RAM2019_ENDO_6_SAENDO1,573,1
RAM2019_ENDO_6_SAENDO1,574,0
RAM2019_ENDO_6_SAENDO1,575,0
RAM2019_ENDO_6_SAENDO1,576,0
RAM2019_ENDO_6_SAENDO1,577,1
RAM2019_ENDO_6_SAENDO1,578,1
RAM2019_ENDO_6_SAENDO1,579,1
RAM2019_ENDO_6_SAENDO1,580,1
RAM2019_ENDO_6_SAENDO1,581,0
RAM2019_ENDO_6_SAENDO1,582,0
RAM2019_ENDO_6_SAENDO1,583,1
RAM2019_ENDO_6_SAENDO1,584,0
RAM2019_ENDO_6_SAENDO1,585,2
RAM2019_ENDO_6_SAENDO1,586,0
RAM2019_ENDO_6_SAENDO1,587,0
RAM2019_ENDO_6_SAENDO1,588,2
RAM2019_ENDO_6_SAENDO1,589,0
RAM2019_ENDO_6_SAENDO1,590,0
RAM2019_ENDO_6_SAENDO1,591,0
RAM2019_ENDO_6_SAENDO1,592,3
RAM2019_ENDO_6_SAENDO1,593,0
RAM2019_ENDO_6_SAENDO1,594,1
RAM2019_ENDO_6_SAENDO1,595,1
RAM2019_ENDO_6_SAENDO1,596,2
RAM2019_ENDO_6_SAENDO1,597,0
RAM2019_ENDO_6_SAENDO1,598,2
RAM2019_ENDO_6_SAENDO1,599,1
RAM2019_ENDO_6_SAENDO1,600,0
RAM2019_ENDO_6_SAENDO1,601,0
RAM2019_ENDO_6_SAENDO1,602,0
RAM2019_ENDO_6_SAENDO1,603,0
RAM2019_ENDO_6_SAENDO1,604,1
RAM2019_ENDO_6_SAENDO1,605,0
RAM2019_ENDO_6_SAENDO1,606,2
RAM2019_ENDO_6_SAENDO1,607,1
RAM2019_ENDO_6_SAENDO1,608,3
RAM2019_ENDO_6_SAENDO1,609,1
RAM2019_ENDO_6_SAENDO1,610,0
RAM2019_ENDO_6_SAENDO1,611,0
RAM2019_ENDO_6_SAENDO1,612,2
RAM2019_ENDO_6_SAENDO1,613,2
RAM2019_ENDO_6_SAENDO1,614,1
RAM2019_ENDO_6_SAENDO1,615,2
RAM2019_ENDO_6_SAENDO1,616,1
RAM2019_ENDO_6_SAENDO1,617,0
RAM2019_ENDO_6_SAENDO1,618,0
RAM2019_ENDO_6_SAENDO1,619,1
RAM2019_ENDO_6_SAENDO1,620,0
RAM2019_ENDO_6_SAENDO1,621,1
RAM2019_ENDO_6_SAENDO1,622,2
RAM2019_ENDO_6_SAENDO1,623,1
RAM2019_ENDO_6_SAENDO1,624,4
RAM2019_ENDO_6_SAENDO1,625,1
RAM2019_ENDO_6_SAENDO1,626,2
RAM2019_ENDO_6_SAENDO1,627,0
RAM2019_ENDO_6_SAENDO1,628,0
RAM2019_ENDO_6_SAENDO1,629,1
RAM2019_ENDO_6_SAENDO1,630,0
RAM2019_ENDO_6_SAENDO1,631,1
RAM2019_ENDO_6_SAENDO1,632,2
RAM2019_ENDO_6_SAENDO1,633,0
RAM2019_ENDO_6_SAENDO1,634,2
RAM2019_ENDO_6_SAENDO1,635,2
RAM2019_ENDO_6_SAENDO1,636,2
RAM2019_ENDO_6_SAENDO1,637,1
RAM2019_ENDO_6_SAENDO1,638,1
RAM2019_ENDO_6_SAENDO1,639,0
RAM2019_ENDO_6_SAENDO1,640,2
RAM2019_ENDO_6_SAENDO1,641,3
RAM2019_ENDO_6_SAENDO1,642,0
RAM2019_ENDO_6_SAENDO1,643,2
RAM2019_ENDO_6_SAENDO1,644,1
RAM2019_ENDO_6_SAENDO1,645,1
RAM2019_ENDO_6_SAENDO1,646,2
RAM2019_ENDO_6_SAENDO1,647,1
RAM2019_ENDO_6_SAENDO1,648,2
RAM2019_ENDO_6_SAENDO1,649,2
RAM2019_ENDO_6_SAENDO1,650,3
RAM2019_ENDO_6_SAENDO1,651,3
RAM2019_ENDO_6_SAENDO1,652,2
RAM2019_ENDO_6_SAENDO1,653,0
RAM2019_ENDO_6_SAENDO1,654,1
RAM2019_ENDO_6_SAENDO1,655,1
RAM2019_ENDO_6_SAENDO1,656,1
RAM2019_ENDO_6_SAENDO1,657,2
RAM2019_ENDO_6_SAENDO1,658,0
RAM2019_ENDO_6_SAENDO1,659,0
RAM2019_ENDO_6_SAENDO1,660,1
RAM2019_ENDO_6_SAENDO1,661,2
RAM2019_ENDO_6_SAENDO1,662,3
RAM2019_ENDO_6_SAENDO1,663,0
RAM2019_ENDO_6_SAENDO1,664,0
RAM2019_ENDO_6_SAENDO1,665,1
RAM2019_ENDO_6_SAENDO1,666,1
RAM2019_ENDO_6_SAENDO1,667,1
RAM2019_ENDO_6_SAENDO1,668,0
RAM2019_ENDO_6_SAENDO1,669,2
RAM2019_ENDO_6_SAENDO1,670,1
RAM2019_ENDO_6_SAENDO1,671,1
RAM2019_ENDO_6_SAENDO1,672,1
RAM2019_ENDO_6_SAENDO1,673,0
RAM2019_ENDO_6_SAENDO1,674,1
RAM2019_ENDO_6_SAENDO1,675,3
RAM2019_ENDO_6_SAENDO1,676,0
RAM2019_ENDO_6_SAENDO1,677,0
RAM2019_ENDO_6_SAENDO1,678,0
RAM2019_ENDO_6_SAENDO1,679,0
RAM2019_ENDO_6_SAENDO1,680,0
RAM2019_ENDO_6_SAENDO1,681,0
RAM2019_ENDO_6_SAENDO1,682,3
RAM2019_ENDO_6_SAENDO1,683,0
RAM2019_ENDO_6_SAENDO1,684,1
RAM2019_ENDO_6_SAENDO1,685,1
RAM2019_ENDO_6_SAENDO1,686,2
RAM2019_ENDO_6_SAENDO1,687,3
RAM2019_ENDO_6_SAENDO1,688,1
RAM2019_ENDO_6_SAENDO1,689,2
RAM2019_ENDO_6_SAENDO1,690,0
RAM2019_ENDO_6_SAENDO1,691,1
RAM2019_ENDO_6_SAENDO1,692,0
RAM2019_ENDO_6_SAENDO1,693,0
RAM2019_ENDO_6_SAENDO1,694,1
RAM2019_ENDO_6_SAENDO1,695,0
RAM2019_ENDO_6_SAENDO1,696,1
RAM2019_ENDO_6_SAENDO1,697,0
RAM2019_ENDO_6_SAENDO1,698,1
RAM2019_ENDO_6_SAENDO1,699,3
RAM2019_ENDO_6_SAENDO1,700,1
RAM2019_ENDO_6_SAENDO1,701,0
RAM2019_ENDO_6_SAENDO1,702,1
RAM2019_ENDO_6_SAENDO1,703,0
RAM2019_ENDO_6_SAENDO1,704,1
RAM2019_ENDO_6_SAENDO1,705,1
RAM2019_ENDO_6_SAENDO1,706,0
RAM2019_ENDO_6_SAENDO1,707,1
RAM2019_ENDO_6_SAENDO1,708,0
RAM2019_ENDO_6_SAENDO1,709,2
RAM2019_ENDO_6_SAENDO1,710,1
RAM2019_ENDO_6_SAENDO1,711,1
RAM2019_ENDO_6_SAENDO1,712,0
RAM2019_ENDO_6_SAENDO1,713,0
RAM2019_ENDO_6_SAENDO1,714,2
RAM2019_ENDO_6_SAENDO1,715,3
RAM2019_ENDO_6_SAENDO1,716,0
RAM2019_ENDO_6_SAENDO1,717,1
RAM2019_ENDO_6_SAENDO1,718,0
RAM2019_ENDO_6_SAENDO1,719,0
RAM2019_ENDO_6_SAENDO1,720,0
RAM2019_ENDO_6_SAENDO1,721,2
RAM2019_ENDO_6_SAENDO1,722,1
RAM2019_ENDO_6_SAENDO1,723,0
RAM2019_ENDO_6_SAENDO1,724,2
RAM2019_ENDO_6_SAENDO1,725,0
RAM2019_ENDO_6_SAENDO1,726,0
RAM2019_ENDO_6_SAENDO1,727,2
RAM2019_ENDO_6_SAENDO1,728,1
RAM2019_ENDO_6_SAENDO1,729,0
RAM2019_ENDO_6_SAENDO1,730,3
RAM2019_ENDO_6_SAENDO1,731,1
RAM2019_ENDO_6_SAENDO1,732,0
RAM2019_ENDO_6_SAENDO1,733,1
RAM2019_ENDO_6_SAENDO1,734,1
RAM2019_ENDO_6_SAENDO1,735,0
RAM2019_ENDO_6_SAENDO1,736,1
RAM2019_ENDO_6_SAENDO1,737,0
RAM2019_ENDO_6_SAENDO1,738,0
RAM2019_ENDO_6_SAENDO1,739,3
RAM2019_ENDO_6_SAENDO1,740,3
RAM2019_ENDO_6_SAENDO1,741,2
RAM2019_ENDO_6_SAENDO1,742,0
RAM2019_ENDO_6_SAENDO1,743,1
RAM2019_ENDO_6_SAENDO1,744,4
RAM2019_ENDO_6_SAENDO1,745,2
RAM2019_ENDO_6_SAENDO1,746,0
RAM2019_ENDO_6_SAENDO1,747,0
RAM2019_ENDO_6_SAENDO1,748,1
RAM2019_ENDO_6_SAENDO1,749,1
RAM2019_ENDO_6_SAENDO1,750,2
RAM2019_ENDO_6_SAENDO1,751,4
RAM2019_ENDO_6_SAENDO1,752,0
RAM2019_ENDO_6_SAENDO1,753,1
RAM2019_ENDO_6_SAENDO1,754,0
RAM2019_ENDO_6_SAENDO1,755,0
RAM2019_ENDO_6_SAENDO1,756,1
RAM2019_ENDO_6_SAENDO1,757,3
RAM2019_ENDO_6_SAENDO1,758,0
RAM2019_ENDO_6_SAENDO1,759,0
RAM2019_ENDO_6_SAENDO1,760,0
RAM2019_ENDO_6_SAENDO1,761,0
RAM2019_ENDO_6_SAENDO1,762,2
RAM2019_ENDO_6_SAENDO1,763,1
RAM2019_ENDO_6_SAENDO1,764,2
RAM2019_ENDO_6_SAENDO1,765,1
RAM2019_ENDO_6_SAENDO1,766,1
RAM2019_ENDO_6_SAENDO1,767,1
RAM2019_ENDO_6_SAENDO1,768,2
RAM2019_ENDO_6_SAENDO1,769,1
RAM2019_ENDO_6_SAENDO1,770,0
RAM2019_ENDO_6_SAENDO1,771,1
RAM2019_ENDO_6_SAENDO1,772,0
RAM2019_ENDO_6_SAENDO1,773,1
RAM2019_ENDO_6_SAENDO1,774,1
RAM2019_ENDO_6_SAENDO1,775,0
RAM2019_ENDO_6_SAENDO1,776,1
RAM2019_ENDO_6_SAENDO1,777,0
RAM2019_ENDO_6_SAENDO1,778,1
RAM2019_ENDO_6_SAENDO1,779,0
RAM2019_ENDO_6_SAENDO1,780,1
RAM2019_ENDO_6_SAENDO1,781,0
RAM2019_ENDO_6_SAENDO1,782,0
RAM2019_ENDO_6_SAENDO1,783,3
RAM2019_ENDO_6_SAENDO1,784,0
RAM2019_ENDO_6_SAENDO1,785,1
RAM2019_ENDO_6_SAENDO1,786,0
RAM2019_ENDO_6_SAENDO1,787,1
RAM2019_ENDO_6_SAENDO1,788,0
RAM2019_ENDO_6_SAENDO1,789,0
RAM2019_ENDO_6_SAENDO1,790,1
RAM2019_ENDO_6_SAENDO1,791,2
RAM2019_ENDO_6_SAENDO1,792,3
RAM2019_ENDO_6_SAENDO1,793,1
RAM2019_ENDO_6_SAENDO1,794,1
RAM2019_ENDO_6_SAENDO1,795,2
RAM2019_ENDO_6_SAENDO1,796,2
RAM2019_ENDO_6_SAENDO1,797,1
RAM2019_ENDO_6_SAENDO1,798,1
RAM2019_ENDO_6_SAENDO1,799,2
RAM2019_ENDO_6_SAENDO1,800,1
RAM2019_ENDO_6_SAENDO1,801,3
RAM2019_ENDO_6_SAENDO1,802,1
RAM2019_ENDO_6_SAENDO1,803,0
RAM2019_ENDO_6_SAENDO1,804,1
RAM2019_ENDO_6_SAENDO1,805,2
RAM2019_ENDO_6_SAENDO1,806,0
RAM2019_ENDO_6_SAENDO1,807,1
RAM2019_ENDO_6_SAENDO1,808,1
RAM2019_ENDO_6_SAENDO1,809,1
RAM2019_ENDO_6_SAENDO1,810,2
RAM2019_ENDO_6_SAENDO1,811,0
RAM2019_ENDO_6_SAENDO1,812,3
RAM2019_ENDO_6_SAENDO1,813,0
RAM2019_ENDO_6_SAENDO1,814,0
RAM2019_ENDO_6_SAENDO1,815,3
RAM2019_ENDO_6_SAENDO1,816,1
RAM2019_ENDO_6_SAENDO1,817,1
RAM2019_ENDO_6_SAENDO1,818,1
RAM2019_ENDO_6_SAENDO1,819,3
RAM2019_ENDO_6_SAENDO1,820,1
RAM2019_ENDO_6_SAENDO1,821,1
RAM2019_ENDO_6_SAENDO1,822,2
RAM2019_ENDO_6_SAENDO1,823,1
RAM2019_ENDO_6_SAENDO1,824,4
RAM2019_ENDO_6_SAENDO1,825,0
RAM2019_ENDO_6_SAENDO1,826,2
RAM2019_ENDO_6_SAENDO1,827,0
RAM2019_ENDO_6_SAENDO1,828,0
RAM2019_ENDO_6_SAENDO1,829,1
RAM2019_ENDO_6_SAENDO1,830,2
RAM2019_ENDO_6_SAENDO1,831,3
RAM2019_ENDO_6_SAENDO1,832,2
RAM2019_ENDO_6_SAENDO1,833,1
RAM2019_ENDO_6_SAENDO1,834,1
RAM2019_ENDO_6_SAENDO1,835,3
RAM2019_ENDO_6_SAENDO1,836,1
RAM2019_ENDO_6_SAENDO1,837,1
RAM2019_ENDO_6_SAENDO1,838,1
RAM2019_ENDO_6_SAENDO1,839,0
RAM2019_ENDO_6_SAENDO1,840,1
RAM2019_ENDO_6_SAENDO1,841,1
RAM2019_ENDO_6_SAENDO1,842,1
RAM2019_ENDO_6_SAENDO1,843,0
RAM2019_ENDO_6_SAENDO1,844,1
RAM2019_ENDO_6_SAENDO1,845,4
RAM2019_ENDO_6_SAENDO1,846,2
RAM2019_ENDO_6_SAENDO1,847,2
RAM2019_ENDO_6_SAENDO1,848,1
RAM2019_ENDO_6_SAENDO1,849,0
RAM2019_ENDO_6_SAENDO1,850,1
RAM2019_ENDO_6_SAENDO1,851,1
RAM2019_ENDO_6_SAENDO1,852,1
RAM2019_ENDO_6_SAENDO1,853,0
RAM2019_ENDO_6_SAENDO1,854,1
RAM2019_ENDO_6_SAENDO1,855,3
RAM2019_ENDO_6_SAENDO1,856,0
RAM2019_ENDO_6_SAENDO1,857,2
RAM2019_ENDO_6_SAENDO1,858,1
RAM2019_ENDO_6_SAENDO1,859,1
RAM2019_ENDO_6_SAENDO1,860,1
RAM2019_ENDO_6_SAENDO1,861,2
RAM2019_ENDO_6_SAENDO1,862,1
RAM2019_ENDO_6_SAENDO1,863,1
RAM2019_ENDO_6_SAENDO1,864,2
RAM2019_ENDO_6_SAENDO1,865,2
RAM2019_ENDO_6_SAENDO1,866,0
RAM2019_ENDO_6_SAENDO1,867,2
RAM2019_ENDO_6_SAENDO1,868,2
RAM2019_ENDO_6_SAENDO1,869,0
RAM2019_ENDO_6_SAENDO1,870,1
RAM2019_ENDO_6_SAENDO1,871,2
RAM2019_ENDO_6_SAENDO1,872,1
RAM2019_ENDO_6_SAENDO1,873,0
RAM2019_ENDO_6_SAENDO1,874,0
RAM2019_ENDO_6_SAENDO1,875,0
RAM2019_ENDO_6_SAENDO1,876,0
RAM2019_ENDO_6_SAENDO1,877,0
RAM2019_ENDO_6_SAENDO1,878,0
RAM2019_ENDO_6_SAENDO1,879,2
RAM2019_ENDO_6_SAENDO1,880,1
RAM2019_ENDO_6_SAENDO1,881,1
RAM2019_ENDO_6_SAENDO1,882,0
RAM2019_ENDO_6_SAENDO1,883,0
RAM2019_ENDO_6_SAENDO1,884,0
RAM2019_ENDO_6_SAENDO1,885,1
RAM2019_ENDO_6_SAENDO1,886,2
RAM2019_ENDO_6_SAENDO1,887,1
RAM2019_ENDO_6_SAENDO1,888,3
RAM2019_ENDO_6_SAENDO1,889,1
RAM2019_ENDO_6_SAENDO1,890,1
RAM2019_ENDO_6_SAENDO1,891,1
RAM2019_ENDO_6_SAENDO1,892,0
RAM2019_ENDO_6_SAENDO1,893,1
RAM2019_ENDO_6_SAENDO1,894,2
RAM2019_ENDO_6_SAENDO1,895,1
RAM2019_ENDO_6_SAENDO1,896,1
RAM2019_ENDO_6_SAENDO1,897,1
RAM2019_ENDO_6_SAENDO1,898,1
RAM2019_ENDO_6_SAENDO1,899,1
RAM2019_ENDO_6_SAENDO1,900,2
RAM2019_ENDO_6_SAENDO1,901,1
RAM2019_ENDO_6_SAENDO1,902,1
RAM2019_ENDO_6_SAENDO1,903,2
RAM2019_ENDO_6_SAENDO1,904,2
RAM2019_ENDO_6_SAENDO1,905,1
RAM2019_ENDO_6_SAENDO1,906,2
RAM2019_ENDO_6_SAENDO1,907,1
RAM2019_ENDO_6_SAENDO1,908,2
RAM2019_ENDO_6_SAENDO1,909,4
RAM2019_ENDO_6_SAENDO1,910,1
RAM2019_ENDO_6_SAENDO1,911,3
RAM2019_ENDO_6_SAENDO1,912,1
RAM2019_ENDO_6_SAENDO1,913,0
RAM2019_ENDO_6_SAENDO1,914,1
RAM2019_ENDO_6_SAENDO1,915,1
RAM2019_ENDO_6_SAENDO1,916,1
RAM2019_ENDO_6_SAENDO1,917,1
RAM2019_ENDO_6_SAENDO1,918,0
RAM2019_ENDO_6_SAENDO1,919,1
RAM2019_ENDO_6_SAENDO1,920,0
RAM2019_ENDO_6_SAENDO1,921,0
RAM2019_ENDO_6_SAENDO1,922,1
RAM2019_ENDO_6_SAENDO1,923,2
RAM2019_ENDO_6_SAENDO1,924,2
RAM2019_ENDO_6_SAENDO1,925,2
RAM2019_ENDO_6_SAENDO1,926,1
RAM2019_ENDO_6_SAENDO1,927,2
RAM2019_ENDO_6_SAENDO1,928,1
RAM2019_ENDO_6_SAENDO1,929,2
RAM2019_ENDO_6_SAENDO1,930,1
RAM2019_ENDO_6_SAENDO1,931,0
RAM2019_ENDO_6_SAENDO1,932,1
RAM2019_ENDO_6_SAENDO1,933,1
RAM2019_ENDO_6_SAENDO1,934,2
RAM2019_ENDO_6_SAENDO1,935,0
RAM2019_ENDO_6_SAENDO1,936,3
RAM2019_ENDO_6_SAENDO1,937,2
RAM2019_ENDO_6_SAENDO1,938,0
RAM2019_ENDO_6_SAENDO1,939,1
RAM2019_ENDO_6_SAENDO1,940,0
RAM2019_ENDO_6_SAENDO1,941,3
RAM2019_ENDO_6_SAENDO1,942,1
RAM2019_ENDO_6_SAENDO1,943,0
RAM2019_ENDO_6_SAENDO1,944,1
RAM2019_ENDO_6_SAENDO1,945,0
RAM2019_ENDO_6_SAENDO1,946,1
RAM2019_ENDO_6_SAENDO1,947,1
RAM2019_ENDO_6_SAENDO1,948,3
RAM2019_ENDO_6_SAENDO1,949,1
RAM2019_ENDO_6_SAENDO1,950,2
RAM2019_ENDO_6_SAENDO1,951,0
RAM2019_ENDO_6_SAENDO1,952,1
RAM2019_ENDO_6_SAENDO1,953,4
RAM2019_ENDO_6_SAENDO1,954,1
RAM2019_ENDO_6_SAENDO1,955,2
RAM2019_ENDO_6_SAENDO1,956,1
RAM2019_ENDO_6_SAENDO1,957,3
RAM2019_ENDO_6_SAENDO1,958,0
RAM2019_ENDO_6_SAENDO1,959,1
RAM2019_ENDO_6_SAENDO1,960,2
RAM2019_ENDO_6_SAENDO1,961,1
RAM2019_ENDO_6_SAENDO1,962,1
RAM2019_ENDO_6_SAENDO1,963,4
RAM2019_ENDO_6_SAENDO1,964,0
RAM2019_ENDO_6_SAENDO1,965,1
RAM2019_ENDO_6_SAENDO1,966,1
RAM2019_ENDO_6_SAENDO1,967,0
RAM2019_ENDO_6_SAENDO1,968,0
RAM2019_ENDO_6_SAENDO1,969,0
RAM2019_ENDO_6_SAENDO1,970,1
RAM2019_ENDO_6_SAENDO1,971,2
RAM2019_ENDO_6_SAENDO1,972,0
RAM2019_ENDO_6_SAENDO1,973,1
RAM2019_ENDO_6_SAENDO1,974,0
RAM2019_ENDO_6_SAENDO1,975,3
RAM2019_ENDO_6_SAENDO1,976,0
RAM2019_ENDO_6_SAENDO1,977,0
RAM2019_ENDO_6_SAENDO1,978,2
RAM2019_ENDO_6_SAENDO1,979,1
RAM2019_ENDO_6_SAENDO1,980,2
RAM2019_ENDO_6_SAENDO1,981,0
RAM2019_ENDO_6_SAENDO1,982,2
RAM2019_ENDO_6_SAENDO1,983,1
RAM2019_ENDO_6_SAENDO1,984,0
RAM2019_ENDO_6_SAENDO1,985,1
RAM2019_ENDO_6_SAENDO1,986,1
RAM2019_ENDO_6_SAENDO1,987,1
RAM2019_ENDO_6_SAENDO1,988,2
RAM2019_ENDO_6_SAENDO1,989,2
RAM2019_ENDO_6_SAENDO1,990,0
RAM2019_ENDO_6_SAENDO1,991,1
RAM2019_ENDO_6_SAENDO1,992,3
RAM2019_ENDO_6_SAENDO1,993,3
RAM2019_ENDO_6_SAENDO1,994,1
RAM2019_ENDO_6_SAENDO1,995,0
RAM2019_ENDO_6_SAENDO1,996,0
RAM2019_ENDO_6_SAENDO1,997,0
RAM2019_ENDO_6_SAENDO1,998,0
RAM2019_ENDO_6_SAENDO1,999,1
RAM2019_ENDO_6_SAENDO1,1000,2
RAM2019_ENDO_6_SAENDO1,1001,0
RAM2019_ENDO_6_SAENDO1,1002,2
RAM2019_ENDO_6_SAENDO1,1003,0
RAM2019_ENDO_6_SAENDO1,1004,0
RAM2019_ENDO_6_SAENDO1,1005,1
RAM2019_ENDO_6_SAENDO1,1006,4
RAM2019_ENDO_6_SAENDO1,1007,2
RAM2019_ENDO_6_SAENDO1,1008,1
RAM2019_ENDO_6_SAENDO1,1009,0
RAM2019_ENDO_6_SAENDO1,1010,0
RAM2019_ENDO_6_SAENDO1,1011,2
RAM2019_ENDO_6_SAENDO1,1012,0
RAM2019_ENDO_6_SAENDO1,1013,1
RAM2019_ENDO_6_SAENDO1,1014,0
RAM2019_ENDO_6_SAENDO1,1015,1
RAM2019_ENDO_6_SAENDO1,1016,2
RAM2019_ENDO_6_SAENDO1,1017,1
RAM2019_ENDO_6_SAENDO1,1018,0
RAM2019_ENDO_6_SAENDO1,1019,3
RAM2019_ENDO_6_SAENDO1,1020,2
RAM2019_ENDO_6_SAENDO1,1021,1
RAM2019_ENDO_6_SAENDO1,1022,1
RAM2019_ENDO_6_SAENDO1,1023,1
RAM2019_ENDO_6_SAENDO1,1024,1
RAM2019_ENDO_6_SAENDO1,1025,2
RAM2019_ENDO_6_SAENDO1,1026,1
RAM2019_ENDO_6_SAENDO1,1027,1
RAM2019_ENDO_6_SAENDO1,1028,0
RAM2019_ENDO_6_SAENDO1,1029,1
RAM2019_ENDO_6_SAENDO1,1030,4
RAM2019_ENDO_6_SAENDO1,1031,0
RAM2019_ENDO_6_SAENDO1,1032,3
RAM2019_ENDO_6_SAENDO1,1033,0
RAM2019_ENDO_6_SAENDO1,1034,1
RAM2019_ENDO_6_SAENDO1,1035,1
RAM2019_ENDO_6_SAENDO1,1036,2
RAM2019_ENDO_6_SAENDO1,1037,3
RAM2019_ENDO_6_SAENDO1,1038,1
RAM2019_ENDO_6_SAENDO1,1039,1
RAM2019_ENDO_6_SAENDO1,1040,0
RAM2019_ENDO_6_SAENDO1,1041,1
RAM2019_ENDO_6_SAENDO1,1042,1
RAM2019_ENDO_6_SAENDO1,1043,2
RAM2019_ENDO_6_SAENDO1,1044,0
RAM2019_ENDO_6_SAENDO1,1045,2
RAM2019_ENDO_6_SAENDO1,1046,0
RAM2019_ENDO_6_SAENDO1,1047,0
RAM2019_ENDO_6_SAENDO1,1048,2
RAM2019_ENDO_6_SAENDO1,1049,1
RAM2019_ENDO_6_SAENDO1,1050,3
RAM2019_ENDO_6_SAENDO1,1051,2
RAM2019_ENDO_6_SAENDO1,1052,2
RAM2019_ENDO_6_SAENDO1,1053,1
RAM2019_ENDO_6_SAENDO1,1054,2
RAM2019_ENDO_6_SAENDO1,1055,0
RAM2019_ENDO_6_SAENDO1,1056,0
RAM2019_ENDO_6_SAENDO1,1057,0
RAM2019_ENDO_6_SAENDO1,1058,2
RAM2019_ENDO_6_SAENDO1,1059,2
RAM2019_ENDO_6_SAENDO1,1060,1
RAM2019_ENDO_6_SAENDO1,1061,1
RAM2019_ENDO_6_SAENDO1,1062,1
RAM2019_ENDO_6_SAENDO1,1063,1
RAM2019_ENDO_6_SAENDO1,1064,2
RAM2019_ENDO_6_SAENDO1,1065,1
RAM2019_ENDO_6_SAENDO1,1066,0
RAM2019_ENDO_6_SAENDO1,1067,0
RAM2019_ENDO_6_SAENDO1,1068,0
RAM2019_ENDO_6_SAENDO1,1069,0
RAM2019_ENDO_6_SAENDO1,1070,0
RAM2019_ENDO_6_SAENDO1,1071,0
RAM2019_ENDO_6_SAENDO1,1072,1
RAM2019_ENDO_6_SAENDO1,1073,1
RAM2019_ENDO_6_SAENDO1,1074,0
RAM2019_ENDO_6_SAENDO1,1075,1
RAM2019_ENDO_6_SAENDO1,1076,3
RAM2019_ENDO_6_SAENDO1,1077,0
RAM2019_ENDO_6_SAENDO1,1078,1
RAM2019_ENDO_6_SAENDO1,1079,0
RAM2019_ENDO_6_SAENDO1,1080,1
RAM2019_ENDO_6_SAENDO1,1081,0
RAM2019_ENDO_6_SAENDO1,1082,3
RAM2019_ENDO_6_SAENDO1,1083,0
RAM2019_ENDO_6_SAENDO1,1084,1
RAM2019_ENDO_6_SAENDO1,1085,1
RAM2019_ENDO_6_SAENDO1,1086,2
RAM2019_ENDO_6_SAENDO1,1087,0
RAM2019_ENDO_6_SAENDO1,1088,1
RAM2019_ENDO_6_SAENDO1,1089,0
RAM2019_ENDO_6_SAENDO1,1090,1
RAM2019_ENDO_6_SAENDO1,1091,1
RAM2019_ENDO_6_SAENDO1,1092,2
RAM2019_ENDO_6_SAENDO1,1093,0
RAM2019_ENDO_6_SAENDO1,1094,0
RAM2019_ENDO_6_SAENDO1,1095,1
RAM2019_ENDO_6_SAENDO1,1096,4
RAM2019_ENDO_6_SAENDO1,1097,1
RAM2019_ENDO_6_SAENDO1,1098,0
RAM2019_ENDO_6_SAENDO1,1099,2
RAM2019_ENDO_6_SAENDO1,1100,1
RAM2019_ENDO_6_SAENDO1,1101,0
RAM2019_ENDO_6_SAENDO1,1102,0
RAM2019_ENDO_6_SAENDO1,1103,2
RAM2019_ENDO_6_SAENDO1,1104,0
RAM2019_ENDO_6_SAENDO1,1105,3
RAM2019_ENDO_6_SAENDO1,1106,0
RAM2019_ENDO_6_SAENDO1,1107,0
RAM2019_ENDO_6_SAENDO1,1108,1
RAM2019_ENDO_6_SAENDO1,1109,1
RAM2019_ENDO_6_SAENDO1,1110,0
RAM2019_ENDO_6_SAENDO1,1111,1
RAM2019_ENDO_6_SAENDO1,1112,1
RAM2019_ENDO_6_SAENDO1,1113,2
RAM2019_ENDO_6_SAENDO1,1114,3
RAM2019_ENDO_6_SAENDO1,1115,2
RAM2019_ENDO_6_SAENDO1,1116,0
RAM2019_ENDO_6_SAENDO1,1117,1
RAM2019_ENDO_6_SAENDO1,1118,0
RAM2019_ENDO_6_SAENDO1,1119,2
RAM2019_ENDO_6_SAENDO1,1120,0
RAM2019_ENDO_6_SAENDO1,1121,1
RAM2019_ENDO_6_SAENDO1,1122,1
RAM2019_ENDO_6_SAENDO1,1123,1
RAM2019_ENDO_6_SAENDO1,1124,3
RAM2019_ENDO_6_SAENDO1,1125,1
RAM2019_ENDO_6_SAENDO1,1126,0
RAM2019_ENDO_6_SAENDO1,1127,1
RAM2019_ENDO_6_SAENDO1,1128,2
RAM2019_ENDO_6_SAENDO1,1129,1
RAM2019_ENDO_6_SAENDO1,1130,0
RAM2019_ENDO_6_SAENDO1,1131,2
RAM2019_ENDO_6_SAENDO1,1132,1
RAM2019_ENDO_6_SAENDO1,1133,0
RAM2019_ENDO_6_SAENDO1,1134,1
RAM2019_ENDO_6_SAENDO1,1135,0
RAM2019_ENDO_6_SAENDO1,1136,0
RAM2019_ENDO_6_SAENDO1,1137,3
RAM2019_ENDO_6_SAENDO1,1138,1
RAM2019_ENDO_6_SAENDO1,1139,2
RAM2019_ENDO_6_SAENDO1,1140,0
RAM2019_ENDO_6_SAENDO1,1141,1
RAM2019_ENDO_6_SAENDO1,1142,2
RAM2019_ENDO_6_SAENDO1,1143,3
RAM2019_ENDO_6_SAENDO1,1144,1
RAM2019_ENDO_6_SAENDO1,1145,1
RAM2019_ENDO_6_SAENDO1,1146,3
RAM2019_ENDO_6_SAENDO1,1147,1
RAM2019_ENDO_6_SAENDO1,1148,2
RAM2019_ENDO_6_SAENDO1,1149,3
RAM2019_ENDO_6_SAENDO1,1150,0
RAM2019_ENDO_6_SAENDO1,1151,2
RAM2019_ENDO_6_SAENDO1,1152,2
RAM2019_ENDO_6_SAENDO1,1153,0
RAM2019_ENDO_6_SAENDO1,1154,1
RAM2019_ENDO_6_SAENDO1,1155,1
RAM2019_ENDO_6_SAENDO1,1156,1
RAM2019_ENDO_6_SAENDO1,1157,0
RAM2019_ENDO_6_SAENDO1,1158,0
RAM2019_ENDO_6_SAENDO1,1159,2
RAM2019_ENDO_6_SAENDO1,1160,0
RAM2019_ENDO_6_SAENDO1,1161,2
RAM2019_ENDO_6_SAENDO1,1162,1
RAM2019_ENDO_6_SAENDO1,1163,3
RAM2019_ENDO_6_SAENDO1,1164,1
RAM2019_ENDO_6_SAENDO1,1165,2
RAM2019_ENDO_6_SAENDO1,1166,2
RAM2019_ENDO_6_SAENDO1,1167,3
RAM2019_ENDO_6_SAENDO1,1168,2
RAM2019_ENDO_6_SAENDO1,1169,0
RAM2019_ENDO_6_SAENDO1,1170,2
RAM2019_ENDO_6_SAENDO1,1171,1
RAM2019_ENDO_6_SAENDO1,1172,0
RAM2019_ENDO_6_SAENDO1,1173,0
RAM2019_ENDO_6_SAENDO1,1174,1
RAM2019_ENDO_6_SAENDO1,1175,2
RAM2019_ENDO_6_SAENDO1,1176,4
RAM2019_ENDO_6_SAENDO1,1177,0
RAM2019_ENDO_6_SAENDO1,1178,1
RAM2019_ENDO_6_SAENDO1,1179,0
RAM2019_ENDO_6_SAENDO1,1180,0
RAM2019_ENDO_6_SAENDO1,1181,1
RAM2019_ENDO_6_SAENDO1,1182,1
RAM2019_ENDO_6_SAENDO1,1183,0
RAM2019_ENDO_6_SAENDO1,1184,1
RAM2019_ENDO_6_SAENDO1,1185,0
RAM2019_ENDO_6_SAENDO1,1186,1
RAM2019_ENDO_6_SAENDO1,1187,1
RAM2019_ENDO_6_SAENDO1,1188,1
RAM2019_ENDO_6_SAENDO1,1189,1
RAM2019_ENDO_6_SAENDO1,1190,0
RAM2019_ENDO_6_SAENDO1,1191,1
RAM2019_ENDO_6_SAENDO1,1192,2
RAM2019_ENDO_6_SAENDO1,1193,2
RAM2019_ENDO_6_SAENDO1,1194,0
RAM2019_ENDO_6_SAENDO1,1195,2
RAM2019_ENDO_6_SAENDO1,1196,3
RAM2019_ENDO_6_SAENDO1,1197,2
RAM2019_ENDO_6_SAENDO1,1198,0
RAM2019_ENDO_6_SAENDO1,1199,1
RAM2019_ENDO_6_SAENDO1,1200,1
RAM2019_ENDO_6_SAENDO1,1201,4
RAM2019_ENDO_6_SAENDO1,1202,2
RAM2019_ENDO_6_SAENDO1,1203,1
RAM2019_ENDO_6_SAENDO1,1204,0
RAM2019_ENDO_6_SAENDO1,1205,1
RAM2019_ENDO_6_SAENDO1,1206,1
RAM2019_ENDO_6_SAENDO1,1207,3
RAM2019_ENDO_6_SAENDO1,1208,1
RAM2019_ENDO_6_SAENDO1,1209,1
RAM2019_ENDO_6_SAENDO1,1210,1
RAM2019_ENDO_6_SAENDO1,1211,1
RAM2019_ENDO_6_SAENDO1,1212,0
RAM2019_ENDO_6_SAENDO1,1213,2
RAM2019_ENDO_6_SAENDO1,1214,3
RAM2019_ENDO_6_SAENDO1,1215,2
RAM2019_ENDO_6_SAENDO1,1216,0
RAM2019_ENDO_6_SAENDO1,1217,0
RAM2019_ENDO_6_SAENDO1,1218,1
RAM2019_ENDO_6_SAENDO1,1219,1
RAM2019_ENDO_6_SAENDO1,1220,0
RAM2019_ENDO_6_SAENDO1,1221,0
RAM2019_ENDO_6_SAENDO1,1222,0
RAM2019_ENDO_6_SAENDO1,1223,2
RAM2019_ENDO_6_SAENDO1,1224,2
RAM2019_ENDO_6_SAENDO1,1225,1
RAM2019_ENDO_6_SAENDO1,1226,2
RAM2019_ENDO_6_SAENDO1,1227,1
RAM2019_ENDO_6_SAENDO1,1228,0
RAM2019_ENDO_6_SAENDO1,1229,1
RAM2019_ENDO_6_SAENDO1,1230,1
RAM2019_ENDO_6_SAENDO1,1231,3
RAM2019_ENDO_6_SAENDO1,1232,2
RAM2019_ENDO_6_SAENDO1,1233,4
RAM2019_ENDO_6_SAENDO1,1234,2
RAM2019_ENDO_6_SAENDO1,1235,2
RAM2019_ENDO_6_SAENDO1,1236,2
RAM2019_ENDO_6_SAENDO1,1237,0
RAM2019_ENDO_6_SAENDO1,1238,1
RAM2019_ENDO_6_SAENDO1,1239,2
RAM2019_ENDO_6_SAENDO1,1240,1
RAM2019_ENDO_6_SAENDO1,1241,0
RAM2019_ENDO_6_SAENDO1,1242,3
RAM2019_ENDO_6_SAENDO1,1243,0
RAM2019_ENDO_6_SAENDO1,1244,0
RAM2019_ENDO_6_SAENDO1,1245,1
RAM2019_ENDO_6_SAENDO1,1246,1
RAM2019_ENDO_6_SAENDO1,1247,3
RAM2019_ENDO_6_SAENDO1,1248,3
RAM2019_ENDO_6_SAENDO1,1249,1
RAM2019_ENDO_6_SAENDO1,1250,1
RAM2019_ENDO_6_SAENDO1,1251,1
RAM2019_ENDO_6_SAENDO1,1252,1
RAM2019_ENDO_6_SAENDO1,1253,3
RAM2019_ENDO_6_SAENDO1,1254,5
RAM2019_ENDO_6_SAENDO1,1255,2
RAM2019_ENDO_6_SAENDO1,1256,3
RAM2019_ENDO_6_SAENDO1,1257,3
RAM2019_ENDO_6_SAENDO1,1258,0
RAM2019_ENDO_6_SAENDO1,1259,2
RAM2019_ENDO_6_SAENDO1,1260,2
RAM2019_ENDO_6_SAENDO1,1261,0
RAM2019_ENDO_6_SAENDO1,1262,4
RAM2019_ENDO_6_SAENDO1,1263,2
RAM2019_ENDO_6_SAENDO1,1264,2
RAM2019_ENDO_6_SAENDO1,1265,2
RAM2019_ENDO_6_SAENDO1,1266,1
RAM2019_ENDO_6_SAENDO1,1267,2
RAM2019_ENDO_6_SAENDO1,1268,2
RAM2019_ENDO_6_SAENDO1,1269,1
RAM2019_ENDO_6_SAENDO1,1270,0
RAM2019_ENDO_6_SAENDO1,1271,2
RAM2019_ENDO_6_SAENDO1,1272,2
RAM2019_ENDO_6_SAENDO1,1273,2
RAM2019_ENDO_6_SAENDO1,1274,1
RAM2019_ENDO_6_SAENDO1,1275,0
RAM2019_ENDO_6_SAENDO1,1276,2
RAM2019_ENDO_6_SAENDO1,1277,1
RAM2019_ENDO_6_SAENDO1,1278,0
RAM2019_ENDO_6_SAENDO1,1279,2
RAM2019_ENDO_6_SAENDO1,1280,2
RAM2019_ENDO_6_SAENDO1,1281,2
RAM2019_ENDO_6_SAENDO1,1282,0
RAM2019_ENDO_6_SAENDO1,1283,0
RAM2019_ENDO_6_SAENDO1,1284,0
RAM2019_ENDO_6_SAENDO1,1285,0
RAM2019_ENDO_6_SAENDO1,1286,0
RAM2019_ENDO_6_SAENDO1,1287,2
RAM2019_ENDO_6_SAENDO1,1288,0
RAM2019_ENDO_6_SAENDO1,1289,0
RAM2019_ENDO_6_SAENDO1,1290,0
RAM2019_ENDO_6_SAENDO1,1291,4
RAM2019_ENDO_6_SAENDO1,1292,0
RAM2019_ENDO_6_SAENDO1,1293,2
RAM2019_ENDO_6_SAENDO1,1294,2
RAM2019_ENDO_6_SAENDO1,1295,0
RAM2019_ENDO_6_SAENDO1,1296,1
RAM2019_ENDO_6_SAENDO1,1297,0
RAM2019_ENDO_6_SAENDO1,1298,1
RAM2019_ENDO_6_SAENDO1,1299,1
RAM2019_ENDO_6_SAENDO1,1300,2
RAM2019_ENDO_6_SAENDO1,1301,0
RAM2019_ENDO_6_SAENDO1,1302,1
RAM2019_ENDO_6_SAENDO1,1303,2
RAM2019_ENDO_6_SAENDO1,1304,0
RAM2019_ENDO_6_SAENDO1,1305,1
RAM2019_ENDO_6_SAENDO1,1306,2
RAM2019_ENDO_6_SAENDO1,1307,0
RAM2019_ENDO_6_SAENDO1,1308,1
RAM2019_ENDO_6_SAENDO1,1309,1
RAM2019_ENDO_6_SAENDO1,1310,1
RAM2019_ENDO_6_SAENDO1,1311,2
RAM2019_ENDO_6_SAENDO1,1312,2
RAM2019_ENDO_6_SAENDO1,1313,1
RAM2019_ENDO_6_SAENDO1,1314,1
RAM2019_ENDO_6_SAENDO1,1315,0
RAM2019_ENDO_6_SAENDO1,1316,3
RAM2019_ENDO_6_SAENDO1,1317,0
RAM2019_ENDO_6_SAENDO1,1318,2
RAM2019_ENDO_6_SAENDO1,1319,1
RAM2019_ENDO_6_SAENDO1,1320,2
RAM2019_ENDO_6_SAENDO1,1321,2
RAM2019_ENDO_6_SAENDO1,1322,1
RAM2019_ENDO_6_SAENDO1,1323,1
RAM2019_ENDO_6_SAENDO1,1324,0
RAM2019_ENDO_6_SAENDO1,1325,2
RAM2019_ENDO_6_SAENDO1,1326,3
RAM2019_ENDO_6_SAENDO1,1327,1
RAM2019_ENDO_6_SAENDO1,1328,2
RAM2019_ENDO_6_SAENDO1,1329,2
RAM2019_ENDO_6_SAENDO1,1330,0
RAM2019_ENDO_6_SAENDO1,1331,1
RAM2019_ENDO_6_SAENDO1,1332,3
RAM2019_ENDO_6_SAENDO1,1333,0
RAM2019_ENDO_6_SAENDO1,1334,2
RAM2019_ENDO_6_SAENDO1,1335,1
RAM2019_ENDO_6_SAENDO1,1336,3
RAM2019_ENDO_6_SAENDO1,1337,1
RAM2019_ENDO_6_SAENDO1,1338,2
RAM2019_ENDO_6_SAENDO1,1339,2
RAM2019_ENDO_6_SAENDO1,1340,2
RAM2019_ENDO_6_SAENDO1,1341,0
RAM2019_ENDO_6_SAENDO1,1342,0
RAM2019_ENDO_6_SAENDO1,1343,3
RAM2019_ENDO_6_SAENDO1,1344,0
RAM2019_ENDO_6_SAENDO1,1345,0
RAM2019_ENDO_6_SAENDO1,1346,1
RAM2019_ENDO_6_SAENDO1,1347,2
RAM2019_ENDO_6_SAENDO1,1348,0
RAM2019_ENDO_6_SAENDO1,1349,2
RAM2019_ENDO_6_SAENDO1,1350,3
RAM2019_ENDO_6_SAENDO1,1351,0
RAM2019_ENDO_6_SAENDO1,1352,3
RAM2019_ENDO_6_SAENDO1,1353,3
RAM2019_ENDO_6_SAENDO1,1354,1
RAM2019_ENDO_6_SAENDO1,1355,1
RAM2019_ENDO_6_SAENDO1,1356,0
RAM2019_ENDO_6_SAENDO1,1357,0
RAM2019_ENDO_6_SAENDO1,1358,1
RAM2019_ENDO_6_SAENDO1,1359,2
RAM2019_ENDO_6_SAENDO1,1360,1
RAM2019_ENDO_6_SAENDO1,1361,1
RAM2019_ENDO_6_SAENDO1,1362,1
RAM2019_ENDO_6_SAENDO1,1363,1
RAM2019_ENDO_6_SAENDO1,1364,2
RAM2019_ENDO_6_SAENDO1,1365,1
RAM2019_ENDO_6_SAENDO1,1366,0
RAM2019_ENDO_6_SAENDO1,1367,2
RAM2019_ENDO_6_SAENDO1,1368,1
RAM2019_ENDO_6_SAENDO1,1369,1
RAM2019_ENDO_6_SAENDO1,1370,0
RAM2019_ENDO_6_SAENDO1,1371,3
RAM2019_ENDO_6_SAENDO1,1372,2
RAM2019_ENDO_6_SAENDO1,1373,2
RAM2019_ENDO_6_SAENDO1,1374,2
RAM2019_ENDO_6_SAENDO1,1375,0
RAM2019_ENDO_6_SAENDO1,1376,1
RAM2019_ENDO_6_SAENDO1,1377,0
RAM2019_ENDO_6_SAENDO1,1378,0
RAM2019_ENDO_6_SAENDO1,1379,1
RAM2019_ENDO_6_SAENDO1,1380,1
RAM2019_ENDO_6_SAENDO1,1381,2
RAM2019_ENDO_6_SAENDO1,1382,2
RAM2019_ENDO_6_SAENDO1,1383,1
RAM2019_ENDO_6_SAENDO1,1384,0
RAM2019_ENDO_6_SAENDO1,1385,3
RAM2019_ENDO_6_SAENDO1,1386,1
RAM2019_ENDO_6_SAENDO1,1387,0
RAM2019_ENDO_6_SAENDO1,1388,0
RAM2019_ENDO_6_SAENDO1,1389,2
RAM2019_ENDO_6_SAENDO1,1390,2
RAM2019_ENDO_6_SAENDO1,1391,2
RAM2019_ENDO_6_SAENDO1,1392,2
RAM2019_ENDO_6_SAENDO1,1393,1
RAM2019_ENDO_6_SAENDO1,1394,1
RAM2019_ENDO_6_SAENDO1,1395,0
RAM2019_ENDO_6_SAENDO1,1396,1
RAM2019_ENDO_6_SAENDO1,1397,3
RAM2019_ENDO_6_SAENDO1,1398,0
RAM2019_ENDO_6_SAENDO1,1399,2
RAM2019_ENDO_6_SAENDO1,1400,1
RAM2019_ENDO_6_SAENDO1,1401,3
RAM2019_ENDO_6_SAENDO1,1402,0
RAM2019_ENDO_6_SAENDO1,1403,2
RAM2019_ENDO_6_SAENDO1,1404,2
RAM2019_ENDO_6_SAENDO1,1405,0
RAM2019_ENDO_6_SAENDO1,1406,3
RAM2019_ENDO_6_SAENDO1,1407,2
RAM2019_ENDO_6_SAENDO1,1408,0
RAM2019_ENDO_6_SAENDO1,1409,0
RAM2019_ENDO_6_SAENDO1,1410,1
RAM2019_ENDO_6_SAENDO1,1411,0
RAM2019_ENDO_6_SAENDO1,1412,0
RAM2019_ENDO_6_SAENDO1,1413,1
RAM2019_ENDO_6_SAENDO1,1414,3
RAM2019_ENDO_6_SAENDO1,1415,1
RAM2019_ENDO_6_SAENDO1,1416,0
RAM2019_ENDO_6_SAENDO1,1417,1
RAM2019_ENDO_6_SAENDO1,1418,0
RAM2019_ENDO_6_SAENDO1,1419,1
RAM2019_ENDO_6_SAENDO1,1420,3
RAM2019_ENDO_6_SAENDO1,1421,4
RAM2019_ENDO_6_SAENDO1,1422,2
RAM2019_ENDO_6_SAENDO1,1423,0
RAM2019_ENDO_6_SAENDO1,1424,4
RAM2019_ENDO_6_SAENDO1,1425,1
RAM2019_ENDO_6_SAENDO1,1426,1
RAM2019_ENDO_6_SAENDO1,1427,1
RAM2019_ENDO_6_SAENDO1,1428,3
RAM2019_ENDO_6_SAENDO1,1429,3
RAM2019_ENDO_6_SAENDO1,1430,1
RAM2019_ENDO_6_SAENDO1,1431,4
RAM2019_ENDO_6_SAENDO1,1432,2
RAM2019_ENDO_6_SAENDO1,1433,1
RAM2019_ENDO_6_SAENDO1,1434,0
RAM2019_ENDO_6_SAENDO1,1435,1
RAM2019_ENDO_6_SAENDO1,1436,2
RAM2019_ENDO_6_SAENDO1,1437,1
RAM2019_ENDO_6_SAENDO1,1438,1
RAM2019_ENDO_6_SAENDO1,1439,0
RAM2019_ENDO_6_SAENDO1,1440,1
RAM2019_ENDO_6_SAENDO1,1441,2
RAM2019_ENDO_6_SAENDO1,1442,1
RAM2019_ENDO_6_SAENDO1,1443,1
RAM2019_ENDO_6_SAENDO1,1444,1
RAM2019_ENDO_6_SAENDO1,1445,2
RAM2019_ENDO_6_SAENDO1,1446,3
RAM2019_ENDO_6_SAENDO1,1447,0
RAM2019_ENDO_6_SAENDO1,1448,1
RAM2019_ENDO_6_SAENDO1,1449,2
RAM2019_ENDO_6_SAENDO1,1450,1
RAM2019_ENDO_6_SAENDO1,1451,0
RAM2019_ENDO_6_SAENDO1,1452,1
RAM2019_ENDO_6_SAENDO1,1453,3
RAM2019_ENDO_6_SAENDO1,1454,1
RAM2019_ENDO_6_SAENDO1,1455,3
RAM2019_ENDO_6_SAENDO1,1456,0
RAM2019_ENDO_6_SAENDO1,1457,2
RAM2019_ENDO_6_SAENDO1,1458,0
RAM2019_ENDO_6_SAENDO1,1459,3
RAM2019_ENDO_6_SAENDO1,1460,0
RAM2019_ENDO_6_SAENDO1,1461,1
RAM2019_ENDO_6_SAENDO1,1462,1
RAM2019_ENDO_6_SAENDO1,1463,1
RAM2019_ENDO_6_SAENDO1,1464,1
RAM2019_ENDO_6_SAENDO1,1465,5
RAM2019_ENDO_6_SAENDO1,1466,3
RAM2019_ENDO_6_SAENDO1,1467,0
RAM2019_ENDO_6_SAENDO1,1468,1
RAM2019_ENDO_6_SAENDO1,1469,1
RAM2019_ENDO_6_SAENDO1,1470,0
RAM2019_ENDO_6_SAENDO1,1471,1
RAM2019_ENDO_6_SAENDO1,1472,1
RAM2019_ENDO_6_SAENDO1,1473,1
RAM2019_ENDO_6_SAENDO1,1474,0
RAM2019_ENDO_6_SAENDO1,1475,1
RAM2019_ENDO_6_SAENDO1,1476,3
RAM2019_ENDO_6_SAENDO1,1477,1
RAM2019_ENDO_6_SAENDO1,1478,2
RAM2019_ENDO_6_SAENDO1,1479,1
RAM2019_ENDO_6_SAENDO1,1480,0
RAM2019_ENDO_6_SAENDO1,1481,2
RAM2019_ENDO_6_SAENDO1,1482,2
RAM2019_ENDO_6_SAENDO1,1483,0
RAM2019_ENDO_6_SAENDO1,1484,2
RAM2019_ENDO_6_SAENDO1,1485,0
RAM2019_ENDO_6_SAENDO1,1486,0
RAM2019_ENDO_6_SAENDO1,1487,0
RAM2019_ENDO_6_SAENDO1,1488,0
RAM2019_ENDO_6_SAENDO1,1489,1
RAM2019_ENDO_6_SAENDO1,1490,1
RAM2019_ENDO_6_SAENDO1,1491,0
RAM2019_ENDO_6_SAENDO1,1492,1
RAM2019_ENDO_6_SAENDO1,1493,3
RAM2019_ENDO_6_SAENDO1,1494,1
RAM2019_ENDO_6_SAENDO1,1495,0
RAM2019_ENDO_6_SAENDO1,1496,1
RAM2019_ENDO_6_SAENDO1,1497,1
RAM2019_ENDO_6_SAENDO1,1498,1
RAM2019_ENDO_6_SAENDO1,1499,1
RAM2019_ENDO_6_SAENDO1,1500,1
RAM2019_ENDO_6_SAENDO1,1501,0
RAM2019_ENDO_6_SAENDO1,1502,2
RAM2019_ENDO_6_SAENDO1,1503,2
RAM2019_ENDO_6_SAENDO1,1504,2
RAM2019_ENDO_6_SAENDO1,1505,2
RAM2019_ENDO_6_SAENDO1,1506,0
RAM2019_ENDO_6_SAENDO1,1507,2
RAM2019_ENDO_6_SAENDO1,1508,1
RAM2019_ENDO_6_SAENDO1,1509,3
RAM2019_ENDO_6_SAENDO1,1510,2
RAM2019_ENDO_6_SAENDO1,1511,1
RAM2019_ENDO_6_SAENDO1,1512,1
RAM2019_ENDO_6_SAENDO1,1513,2
RAM2019_ENDO_6_SAENDO1,1514,2
RAM2019_ENDO_6_SAENDO1,1515,0
RAM2019_ENDO_6_SAENDO1,1516,0
RAM2019_ENDO_6_SAENDO1,1517,2
RAM2019_ENDO_6_SAENDO1,1518,0
RAM2019_ENDO_6_SAENDO1,1519,1
RAM2019_ENDO_6_SAENDO1,1520,0
RAM2019_ENDO_6_SAENDO1,1521,3
RAM2019_ENDO_6_SAENDO1,1522,3
RAM2019_ENDO_6_SAENDO1,1523,2
RAM2019_ENDO_6_SAENDO1,1524,0
RAM2019_ENDO_6_SAENDO1,1525,0
RAM2019_ENDO_6_SAENDO1,1526,1
RAM2019_ENDO_6_SAENDO1,1527,1
RAM2019_ENDO_6_SAENDO1,1528,1
RAM2019_ENDO_6_SAENDO1,1529,2
RAM2019_ENDO_6_SAENDO1,1530,1
RAM2019_ENDO_6_SAENDO1,1531,2
RAM2019_ENDO_6_SAENDO1,1532,0
RAM2019_ENDO_6_SAENDO1,1533,2
RAM2019_ENDO_6_SAENDO1,1534,2
RAM2019_ENDO_6_SAENDO1,1535,1
RAM2019_ENDO_6_SAENDO1,1536,1
RAM2019_ENDO_6_SAENDO1,1537,1
RAM2019_ENDO_6_SAENDO1,1538,0
RAM2019_ENDO_6_SAENDO1,1539,0
RAM2019_ENDO_6_SAENDO1,1540,1
RAM2019_ENDO_6_SAENDO1,1541,2
RAM2019_ENDO_6_SAENDO1,1542,4
RAM2019_ENDO_6_SAENDO1,1543,0
RAM2019_ENDO_6_SAENDO1,1544,1
RAM2019_ENDO_6_SAENDO1,1545,1
RAM2019_ENDO_6_SAENDO1,1546,1
RAM2019_ENDO_6_SAENDO1,1547,1
RAM2019_ENDO_6_SAENDO1,1548,3
RAM2019_ENDO_6_SAENDO1,1549,1
RAM2019_ENDO_6_SAENDO1,1550,0
RAM2019_ENDO_6_SAENDO1,1551,1
RAM2019_ENDO_6_SAENDO1,1552,3
RAM2019_ENDO_6_SAENDO1,1553,2
RAM2019_ENDO_6_SAENDO1,1554,0
RAM2019_ENDO_6_SAENDO1,1555,3
RAM2019_ENDO_6_SAENDO1,1556,0
RAM2019_ENDO_6_SAENDO1,1557,2
RAM2019_ENDO_6_SAENDO1,1558,1
RAM2019_ENDO_6_SAENDO1,1559,3
RAM2019_ENDO_6_SAENDO1,1560,0
RAM2019_ENDO_6_SAENDO1,1561,0
RAM2019_ENDO_6_SAENDO1,1562,1
RAM2019_ENDO_6_SAENDO1,1563,1
RAM2019_ENDO_6_SAENDO1,1564,2
RAM2019_ENDO_6_SAENDO1,1565,0
RAM2019_ENDO_6_SAENDO1,1566,3
RAM2019_ENDO_6_SAENDO1,1567,0
RAM2019_ENDO_6_SAENDO1,1568,2
RAM2019_ENDO_6_SAENDO1,1569,3
RAM2019_ENDO_6_SAENDO1,1570,1
RAM2019_ENDO_6_SAENDO1,1571,0
RAM2019_ENDO_6_SAENDO1,1572,1
RAM2019_ENDO_6_SAENDO1,1573,1
RAM2019_ENDO_6_SAENDO1,1574,0
RAM2019_ENDO_6_SAENDO1,1575,3
RAM2019_ENDO_6_SAENDO1,1576,1
RAM2019_ENDO_6_SAENDO1,1577,0
RAM2019_ENDO_6_SAENDO1,1578,2
RAM2019_ENDO_6_SAENDO1,1579,3
RAM2019_ENDO_6_SAENDO1,1580,0
RAM2019_ENDO_6_SAENDO1,1581,6
RAM2019_ENDO_6_SAENDO1,1582,0
RAM2019_ENDO_6_SAENDO1,1583,0
RAM2019_ENDO_6_SAENDO1,1584,0
RAM2019_ENDO_6_SAENDO1,1585,0
RAM2019_ENDO_6_SAENDO1,1586,1
RAM2019_ENDO_6_SAENDO1,1587,1
RAM2019_ENDO_6_SAENDO1,1588,2
RAM2019_ENDO_6_SAENDO1,1589,1
RAM2019_ENDO_6_SAENDO1,1590,0
RAM2019_ENDO_6_SAENDO1,1591,0
RAM2019_ENDO_6_SAENDO1,1592,0
RAM2019_ENDO_6_SAENDO1,1593,2
RAM2019_ENDO_6_SAENDO1,1594,1
RAM2019_ENDO_6_SAENDO1,1595,1
RAM2019_ENDO_6_SAENDO1,1596,3
RAM2019_ENDO_6_SAENDO1,1597,1
RAM2019_ENDO_6_SAENDO1,1598,1
RAM2019_ENDO_6_SAENDO1,1599,3
RAM2019_ENDO_6_SAENDO1,1600,2
RAM2019_ENDO_6_SAENDO1,1601,0
RAM2019_ENDO_6_SAENDO1,1602,2
RAM2019_ENDO_6_SAENDO1,1603,0
RAM2019_ENDO_6_SAENDO1,1604,2
RAM2019_ENDO_6_SAENDO1,1605,1
RAM2019_ENDO_6_SAENDO1,1606,2
RAM2019_ENDO_6_SAENDO1,1607,0
RAM2019_ENDO_6_SAENDO1,1608,1
RAM2019_ENDO_6_SAENDO1,1609,2
RAM2019_ENDO_6_SAENDO1,1610,1
RAM2019_ENDO_6_SAENDO1,1611,0
RAM2019_ENDO_6_SAENDO1,1612,1
RAM2019_ENDO_6_SAENDO1,1613,0
RAM2019_ENDO_6_SAENDO1,1614,0
RAM2019_ENDO_6_SAENDO1,1615,1
RAM2019_ENDO_6_SAENDO1,1616,2
RAM2019_ENDO_6_SAENDO1,1617,1
RAM2019_ENDO_6_SAENDO1,1618,4
RAM2019_ENDO_6_SAENDO1,1619,1
RAM2019_ENDO_6_SAENDO1,1620,2
RAM2019_ENDO_6_SAENDO1,1621,1
RAM2019_ENDO_6_SAENDO1,1622,0
RAM2019_ENDO_6_SAENDO1,1623,1
RAM2019_ENDO_6_SAENDO1,1624,1
RAM2019_ENDO_6_SAENDO1,1625,1
RAM2019_ENDO_6_SAENDO1,1626,0
RAM2019_ENDO_6_SAENDO1,1627,2
RAM2019_ENDO_6_SAENDO1,1628,3
RAM2019_ENDO_6_SAENDO1,1629,2
RAM2019_ENDO_6_SAENDO1,1630,0
RAM2019_ENDO_6_SAENDO1,1631,1
RAM2019_ENDO_6_SAENDO1,1632,1
RAM2019_ENDO_6_SAENDO1,1633,0
RAM2019_ENDO_6_SAENDO1,1634,1
RAM2019_ENDO_6_SAENDO1,1635,2
RAM2019_ENDO_6_SAENDO1,1636,1
RAM2019_ENDO_6_SAENDO1,1637,1
RAM2019_ENDO_6_SAENDO1,1638,2
RAM2019_ENDO_6_SAENDO1,1639,0
RAM2019_ENDO_6_SAENDO1,1640,0
RAM2019_ENDO_6_SAENDO1,1641,0
RAM2019_ENDO_6_SAENDO1,1642,1
RAM2019_ENDO_6_SAENDO1,1643,2
RAM2019_ENDO_6_SAENDO1,1644,0
RAM2019_ENDO_6_SAENDO1,1645,0
RAM2019_ENDO_6_SAENDO1,1646,1
RAM2019_ENDO_6_SAENDO1,1647,1
RAM2019_ENDO_6_SAENDO1,1648,2
RAM2019_ENDO_6_SAENDO1,1649,2
RAM2019_ENDO_6_SAENDO1,1650,1
RAM2019_ENDO_6_SAENDO1,1651,2
RAM2019_ENDO_6_SAENDO1,1652,1
RAM2019_ENDO_6_SAENDO1,1653,0
RAM2019_ENDO_6_SAENDO1,1654,0
RAM2019_ENDO_6_SAENDO1,1655,1
RAM2019_ENDO_6_SAENDO1,1656,2
RAM2019_ENDO_6_SAENDO1,1657,4
RAM2019_ENDO_6_SAENDO1,1658,1
RAM2019_ENDO_6_SAENDO1,1659,3
RAM2019_ENDO_6_SAENDO1,1660,1
RAM2019_ENDO_6_SAENDO1,1661,1
RAM2019_ENDO_6_SAENDO1,1662,2
RAM2019_ENDO_6_SAENDO1,1663,1
RAM2019_ENDO_6_SAENDO1,1664,3
RAM2019_ENDO_6_SAENDO1,1665,1
RAM2019_ENDO_6_SAENDO1,1666,1
RAM2019_ENDO_6_SAENDO1,1667,3
RAM2019_ENDO_6_SAENDO1,1668,2
RAM2019_ENDO_6_SAENDO1,1669,0
RAM2019_ENDO_6_SAENDO1,1670,1
RAM2019_ENDO_6_SAENDO1,1671,2
RAM2019_ENDO_6_SAENDO1,1672,0
RAM2019_ENDO_6_SAENDO1,1673,0
RAM2019_ENDO_6_SAENDO1,1674,1
RAM2019_ENDO_6_SAENDO1,1675,4
RAM2019_ENDO_6_SAENDO1,1676,1
RAM2019_ENDO_6_SAENDO1,1677,1
RAM2019_ENDO_6_SAENDO1,1678,1
RAM2019_ENDO_6_SAENDO1,1679,0
RAM2019_ENDO_6_SAENDO1,1680,1
RAM2019_ENDO_6_SAENDO1,1681,0
RAM2019_ENDO_6_SAENDO1,1682,1
RAM2019_ENDO_6_SAENDO1,1683,2
RAM2019_ENDO_6_SAENDO1,1684,0
RAM2019_ENDO_6_SAENDO1,1685,0
RAM2019_ENDO_6_SAENDO1,1686,3
RAM2019_ENDO_6_SAENDO1,1687,0
RAM2019_ENDO_6_SAENDO1,1688,2
RAM2019_ENDO_6_SAENDO1,1689,1
RAM2019_ENDO_6_SAENDO1,1690,2
RAM2019_ENDO_6_SAENDO1,1691,2
RAM2019_ENDO_6_SAENDO1,1692,1
RAM2019_ENDO_6_SAENDO1,1693,0
RAM2019_ENDO_6_SAENDO1,1694,0
RAM2019_ENDO_6_SAENDO1,1695,1
RAM2019_ENDO_6_SAENDO1,1696,1
RAM2019_ENDO_6_SAENDO1,1697,1
RAM2019_ENDO_6_SAENDO1,1698,2
RAM2019_ENDO_6_SAENDO1,1699,1
RAM2019_ENDO_6_SAENDO1,1700,3
RAM2019_ENDO_6_SAENDO1,1701,1
RAM2019_ENDO_6_SAENDO1,1702,2
RAM2019_ENDO_6_SAENDO1,1703,2
RAM2019_ENDO_6_SAENDO1,1704,0
RAM2019_ENDO_6_SAENDO1,1705,2
RAM2019_ENDO_6_SAENDO1,1706,1
RAM2019_ENDO_6_SAENDO1,1707,1
RAM2019_ENDO_6_SAENDO1,1708,2
RAM2019_ENDO_6_SAENDO1,1709,2
RAM2019_ENDO_6_SAENDO1,1710,0
RAM2019_ENDO_6_SAENDO1,1711,0
RAM2019_ENDO_6_SAENDO1,1712,2
RAM2019_ENDO_6_SAENDO1,1713,1
RAM2019_ENDO_6_SAENDO1,1714,0
RAM2019_ENDO_6_SAENDO1,1715,2
RAM2019_ENDO_6_SAENDO1,1716,1
RAM2019_ENDO_6_SAENDO1,1717,0
RAM2019_ENDO_6_SAENDO1,1718,2
RAM2019_ENDO_6_SAENDO1,1719,1
RAM2019_ENDO_6_SAENDO1,1720,0
RAM2019_ENDO_6_SAENDO1,1721,1
RAM2019_ENDO_6_SAENDO1,1722,3
RAM2019_ENDO_6_SAENDO1,1723,1
RAM2019_ENDO_6_SAENDO1,1724,2
RAM2019_ENDO_6_SAENDO1,1725,3
RAM2019_ENDO_6_SAENDO1,1726,3
RAM2019_ENDO_6_SAENDO1,1727,1
RAM2019_ENDO_6_SAENDO1,1728,2
RAM2019_ENDO_6_SAENDO1,1729,2
RAM2019_ENDO_6_SAENDO1,1730,0
RAM2019_ENDO_6_SAENDO1,1731,2
RAM2019_ENDO_6_SAENDO1,1732,0
RAM2019_ENDO_6_SAENDO1,1733,0
RAM2019_ENDO_6_SAENDO1,1734,2
RAM2019_ENDO_6_SAENDO1,1735,2
RAM2019_ENDO_6_SAENDO1,1736,0
RAM2019_ENDO_6_SAENDO1,1737,0
RAM2019_ENDO_6_SAENDO1,1738,0
RAM2019_ENDO_6_SAENDO1,1739,0
RAM2019_ENDO_6_SAENDO1,1740,1
RAM2019_ENDO_6_SAENDO1,1741,3
RAM2019_ENDO_6_SAENDO1,1742,1
RAM2019_ENDO_6_SAENDO1,1743,0
RAM2019_ENDO_6_SAENDO1,1744,1
RAM2019_ENDO_6_SAENDO1,1745,0
RAM2019_ENDO_6_SAENDO1,1746,1
RAM2019_ENDO_6_SAENDO1,1747,1
RAM2019_ENDO_6_SAENDO1,1748,3
RAM2019_ENDO_6_SAENDO1,1749,1
RAM2019_ENDO_6_SAENDO1,1750,1
RAM2019_ENDO_6_SAENDO1,1751,1
RAM2019_ENDO_6_SAENDO1,1752,0
RAM2019_ENDO_6_SAENDO1,1753,1
RAM2019_ENDO_6_SAENDO1,1754,0
RAM2019_ENDO_6_SAENDO1,1755,0
RAM2019_ENDO_6_SAENDO1,1756,0
RAM2019_ENDO_6_SAENDO1,1757,2
RAM2019_ENDO_6_SAENDO1,1758,0
RAM2019_ENDO_6_SAENDO1,1759,1
RAM2019_ENDO_6_SAENDO1,1760,2
RAM2019_ENDO_6_SAENDO1,1761,0
RAM2019_ENDO_6_SAENDO1,1762,2
RAM2019_ENDO_6_SAENDO1,1763,2
RAM2019_ENDO_6_SAENDO1,1764,0
RAM2019_ENDO_6_SAENDO1,1765,1
RAM2019_ENDO_6_SAENDO1,1766,1
RAM2019_ENDO_6_SAENDO1,1767,0
RAM2019_ENDO_6_SAENDO1,1768,2
RAM2019_ENDO_6_SAENDO1,1769,2
RAM2019_ENDO_6_SAENDO1,1770,2
RAM2019_ENDO_6_SAENDO1,1771,2
RAM2019_ENDO_6_SAENDO1,1772,0
RAM2019_ENDO_6_SAENDO1,1773,0
RAM2019_ENDO_6_SAENDO1,1774,0
RAM2019_ENDO_6_SAENDO1,1775,2
RAM2019_ENDO_6_SAENDO1,1776,2
RAM2019_ENDO_6_SAENDO1,1777,0
RAM2019_ENDO_6_SAENDO1,1778,1
RAM2019_ENDO_6_SAENDO1,1779,0
RAM2019_ENDO_6_SAENDO1,1780,3
RAM2019_ENDO_6_SAENDO1,1781,1
RAM2019_ENDO_6_SAENDO1,1782,0
RAM2019_ENDO_6_SAENDO1,1783,1
RAM2019_ENDO_6_SAENDO1,1784,0
RAM2019_ENDO_6_SAENDO1,1785,2
RAM2019_ENDO_6_SAENDO1,1786,0
RAM2019_ENDO_6_SAENDO1,1787,0
RAM2019_ENDO_6_SAENDO1,1788,1
RAM2019_ENDO_6_SAENDO1,1789,0
RAM2019_ENDO_6_SAENDO1,1790,1
RAM2019_ENDO_6_SAENDO1,1791,2
RAM2019_ENDO_6_SAENDO1,1792,2
RAM2019_ENDO_6_SAENDO1,1793,1
RAM2019_ENDO_6_SAENDO1,1794,1
RAM2019_ENDO_6_SAENDO1,1795,3
RAM2019_ENDO_6_SAENDO1,1796,0
RAM2019_ENDO_6_SAENDO1,1797,1
RAM2019_ENDO_6_SAENDO1,1798,0
RAM2019_ENDO_6_SAENDO1,1799,2
RAM2019_ENDO_6_SAENDO1,1800,1
RAM2019_ENDO_6_SAENDO1,1801,1
RAM2019_ENDO_6_SAENDO1,1802,0
RAM2019_ENDO_6_SAENDO1,1803,1
RAM2019_ENDO_6_SAENDO1,1804,1
RAM2019_ENDO_6_SAENDO1,1805,3
RAM2019_ENDO_6_SAENDO1,1806,1
RAM2019_ENDO_6_SAENDO1,1807,1
RAM2019_ENDO_6_SAENDO1,1808,1
RAM2019_ENDO_6_SAENDO1,1809,0
RAM2019_ENDO_6_SAENDO1,1810,2
RAM2019_ENDO_6_SAENDO1,1811,1
RAM2019_ENDO_6_SAENDO1,1812,2
RAM2019_ENDO_6_SAENDO1,1813,2
RAM2019_ENDO_6_SAENDO1,1814,1
RAM2019_ENDO_6_SAENDO1,1815,1
RAM2019_ENDO_6_SAENDO1,1816,1
RAM2019_ENDO_6_SAENDO1,1817,1
RAM2019_ENDO_6_SAENDO1,1818,1
RAM2019_ENDO_6_SAENDO1,1819,2
RAM2019_ENDO_6_SAENDO1,1820,0
RAM2019_ENDO_6_SAENDO1,1821,2
RAM2019_ENDO_6_SAENDO1,1822,2
RAM2019_ENDO_6_SAENDO1,1823,2
RAM2019_ENDO_6_SAENDO1,1824,2
RAM2019_ENDO_6_SAENDO1,1825,2
RAM2019_ENDO_6_SAENDO1,1826,0
RAM2019_ENDO_6_SAENDO1,1827,3
RAM2019_ENDO_6_SAENDO1,1828,1
RAM2019_ENDO_6_SAENDO1,1829,2
RAM2019_ENDO_6_SAENDO1,1830,1
RAM2019_ENDO_6_SAENDO1,1831,0
RAM2019_ENDO_6_SAENDO1,1832,0
RAM2019_ENDO_6_SAENDO1,1833,1
RAM2019_ENDO_6_SAENDO1,1834,1
RAM2019_ENDO_6_SAENDO1,1835,1
RAM2019_ENDO_6_SAENDO1,1836,0
RAM2019_ENDO_6_SAENDO1,1837,0
RAM2019_ENDO_6_SAENDO1,1838,1
RAM2019_ENDO_6_SAENDO1,1839,1
RAM2019_ENDO_6_SAENDO1,1840,2
RAM2019_ENDO_6_SAENDO1,1841,1
RAM2019_ENDO_6_SAENDO1,1842,1
RAM2019_ENDO_6_SAENDO1,1843,0
RAM2019_ENDO_6_SAENDO1,1844,1
RAM2019_ENDO_6_SAENDO1,1845,0
RAM2019_ENDO_6_SAENDO1,1846,1
RAM2019_ENDO_6_SAENDO1,1847,0
RAM2019_ENDO_6_SAENDO1,1848,0
RAM2019_ENDO_6_SAENDO1,1849,0
RAM2019_ENDO_6_SAENDO1,1850,0
RAM2019_ENDO_6_SAENDO1,1851,2
RAM2019_ENDO_6_SAENDO1,1852,2
RAM2019_ENDO_6_SAENDO1,1853,3
RAM2019_ENDO_6_SAENDO1,1854,0
RAM2019_ENDO_6_SAENDO1,1855,1
RAM2019_ENDO_6_SAENDO1,1856,2
RAM2019_ENDO_6_SAENDO1,1857,0
RAM2019_ENDO_6_SAENDO1,1858,3
RAM2019_ENDO_6_SAENDO1,1859,2
RAM2019_ENDO_6_SAENDO1,1860,3
RAM2019_ENDO_6_SAENDO1,1861,0
RAM2019_ENDO_6_SAENDO1,1862,1
RAM2019_ENDO_6_SAENDO1,1863,1
RAM2019_ENDO_6_SAENDO1,1864,2
RAM2019_ENDO_6_SAENDO1,1865,0
RAM2019_ENDO_6_SAENDO1,1866,1
RAM2019_ENDO_6_SAENDO1,1867,0
RAM2019_ENDO_6_SAENDO1,1868,1
RAM2019_ENDO_6_SAENDO1,1869,1
RAM2019_ENDO_6_SAENDO1,1870,1
RAM2019_ENDO_6_SAENDO1,1871,2
RAM2019_ENDO_6_SAENDO1,1872,3
RAM2019_ENDO_6_SAENDO1,1873,1
RAM2019_ENDO_6_SAENDO1,1874,3
RAM2019_ENDO_6_SAENDO1,1875,0
RAM2019_ENDO_6_SAENDO1,1876,2
RAM2019_ENDO_6_SAENDO1,1877,3
RAM2019_ENDO_6_SAENDO1,1878,3
RAM2019_ENDO_6_SAENDO1,1879,2
RAM2019_ENDO_6_SAENDO1,1880,2
RAM2019_ENDO_6_SAENDO1,1881,1
RAM2019_ENDO_6_SAENDO1,1882,1
RAM2019_ENDO_6_SAENDO1,1883,1
RAM2019_ENDO_6_SAENDO1,1884,2
RAM2019_ENDO_6_SAENDO1,1885,3
RAM2019_ENDO_6_SAENDO1,1886,0
RAM2019_ENDO_6_SAENDO1,1887,1
RAM2019_ENDO_6_SAENDO1,1888,1
RAM2019_ENDO_6_SAENDO1,1889,1
RAM2019_ENDO_6_SAENDO1,1890,1
RAM2019_ENDO_6_SAENDO1,1891,0
RAM2019_ENDO_6_SAENDO1,1892,2
RAM2019_ENDO_6_SAENDO1,1893,0
RAM2019_ENDO_6_SAENDO1,1894,2
RAM2019_ENDO_6_SAENDO1,1895,0
RAM2019_ENDO_6_SAENDO1,1896,1
RAM2019_ENDO_6_SAENDO1,1897,1
RAM2019_ENDO_6_SAENDO1,1898,3
RAM2019_ENDO_6_SAENDO1,1899,1
RAM2019_ENDO_6_SAENDO1,1900,3
RAM2019_ENDO_6_SAENDO1,1901,1
RAM2019_ENDO_6_SAENDO1,1902,0
RAM2019_ENDO_6_SAENDO1,1903,2
RAM2019_ENDO_6_SAENDO1,1904,1
RAM2019_ENDO_6_SAENDO1,1905,1
RAM2019_ENDO_6_SAENDO1,1906,0
RAM2019_ENDO_6_SAENDO1,1907,5
RAM2019_ENDO_6_SAENDO1,1908,1
RAM2019_ENDO_6_SAENDO1,1909,2
RAM2019_ENDO_6_SAENDO1,1910,5
RAM2019_ENDO_6_SAENDO1,1911,1
RAM2019_ENDO_6_SAENDO1,1912,1
RAM2019_ENDO_6_SAENDO1,1913,0
RAM2019_ENDO_6_SAENDO1,1914,1
RAM2019_ENDO_6_SAENDO1,1915,1
RAM2019_ENDO_6_SAENDO1,1916,2
RAM2019_ENDO_6_SAENDO1,1917,0
RAM2019_ENDO_6_SAENDO1,1918,2
RAM2019_ENDO_6_SAENDO1,1919,0
RAM2019_ENDO_6_SAENDO1,1920,1
RAM2019_ENDO_6_SAENDO1,1921,1
RAM2019_ENDO_6_SAENDO1,1922,1
RAM2019_ENDO_6_SAENDO1,1923,1
RAM2019_ENDO_6_SAENDO1,1924,1
RAM2019_ENDO_6_SAENDO1,1925,0
RAM2019_ENDO_6_SAENDO1,1926,1
RAM2019_ENDO_6_SAENDO1,1927,3
RAM2019_ENDO_6_SAENDO1,1928,1
RAM2019_ENDO_6_SAENDO1,1929,1
RAM2019_ENDO_6_SAENDO1,1930,1
RAM2019_ENDO_6_SAENDO1,1931,0
RAM2019_ENDO_6_SAENDO1,1932,0
RAM2019_ENDO_6_SAENDO1,1933,1
RAM2019_ENDO_6_SAENDO1,1934,1
RAM2019_ENDO_6_SAENDO1,1935,3
RAM2019_ENDO_6_SAENDO1,1936,2
RAM2019_ENDO_6_SAENDO1,1937,0
RAM2019_ENDO_6_SAENDO1,1938,1
RAM2019_ENDO_6_SAENDO1,1939,1
RAM2019_ENDO_6_SAENDO1,1940,0
RAM2019_ENDO_6_SAENDO1,1941,2
RAM2019_ENDO_6_SAENDO1,1942,3
RAM2019_ENDO_6_SAENDO1,1943,0
RAM2019_ENDO_6_SAENDO1,1944,0
RAM2019_ENDO_6_SAENDO1,1945,1
RAM2019_ENDO_6_SAENDO1,1946,2
RAM2019_ENDO_6_SAENDO1,1947,1
RAM2019_ENDO_6_SAENDO1,1948,2
RAM2019_ENDO_6_SAENDO1,1949,1
RAM2019_ENDO_6_SAENDO1,1950,0
RAM2019_ENDO_6_SAENDO1,1951,1
RAM2019_ENDO_6_SAENDO1,1952,0
RAM2019_ENDO_6_SAENDO1,1953,1
RAM2019_ENDO_6_SAENDO1,1954,1
RAM2019_ENDO_6_SAENDO1,1955,0
RAM2019_ENDO_6_SAENDO1,1956,1
RAM2019_ENDO_6_SAENDO1,1957,2
RAM2019_ENDO_6_SAENDO1,1958,2
RAM2019_ENDO_6_SAENDO1,1959,4
RAM2019_ENDO_6_SAENDO1,1960,1
RAM2019_ENDO_6_SAENDO1,1961,2
RAM2019_ENDO_6_SAENDO1,1962,1
RAM2019_ENDO_6_SAENDO1,1963,1
RAM2019_ENDO_6_SAENDO1,1964,1
RAM2019_ENDO_6_SAENDO1,1965,0
RAM2019_ENDO_6_SAENDO1,1966,1
RAM2019_ENDO_6_SAENDO1,1967,0
RAM2019_ENDO_6_SAENDO1,1968,2
RAM2019_ENDO_6_SAENDO1,1969,1
RAM2019_ENDO_6_SAENDO1,1970,1
RAM2019_ENDO_6_SAENDO1,1971,3
RAM2019_ENDO_6_SAENDO1,1972,4
RAM2019_ENDO_6_SAENDO1,1973,1
RAM2019_ENDO_6_SAENDO1,1974,0
RAM2019_ENDO_6_SAENDO1,1975,1
RAM2019_ENDO_6_SAENDO1,1976,4
RAM2019_ENDO_6_SAENDO1,1977,3
RAM2019_ENDO_6_SAENDO1,1978,1
RAM2019_ENDO_6_SAENDO1,1979,0
RAM2019_ENDO_6_SAENDO1,1980,1
RAM2019_ENDO_6_SAENDO1,1981,2
RAM2019_ENDO_6_SAENDO1,1982,0
RAM2019_ENDO_6_SAENDO1,1983,2
RAM2019_ENDO_6_SAENDO1,1984,1
RAM2019_ENDO_6_SAENDO1,1985,1
RAM2019_ENDO_6_SAENDO1,1986,3
RAM2019_ENDO_6_SAENDO1,1987,1
RAM2019_ENDO_6_SAENDO1,1988,1
RAM2019_ENDO_6_SAENDO1,1989,0
RAM2019_ENDO_6_SAENDO1,1990,3
RAM2019_ENDO_6_SAENDO1,1991,2
RAM2019_ENDO_6_SAENDO1,1992,3
RAM2019_ENDO_6_SAENDO1,1993,2
RAM2019_ENDO_6_SAENDO1,1994,3
RAM2019_ENDO_6_SAENDO1,1995,2
RAM2019_ENDO_6_SAENDO1,1996,3
RAM2019_ENDO_6_SAENDO1,1997,1
RAM2019_ENDO_6_SAENDO1,1998,1
RAM2019_ENDO_6_SAENDO1,1999,2
RAM2019_ENDO_6_SAENDO1,2000,1
RAM2019_ENDO_6_SAENDO1,2001,2
RAM2019_ENDO_6_SAENDO1,2002,1
RAM2019_ENDO_6_SAENDO1,2003,1
RAM2019_ENDO_6_SAENDO1,2004,1
RAM2019_ENDO_6_SAENDO1,2005,0
RAM2019_ENDO_6_SAENDO1,2006,2
RAM2019_ENDO_6_SAENDO1,2007,2
RAM2019_ENDO_6_SAENDO1,2008,0
RAM2019_ENDO_6_SAENDO1,2009,1
RAM2019_ENDO_6_SAENDO1,2010,4
RAM2019_ENDO_6_SAENDO1,2011,2
RAM2019_ENDO_6_SAENDO1,2012,1
RAM2019_ENDO_6_SAENDO1,2013,1
RAM2019_ENDO_6_SAENDO1,2014,1
RAM2019_ENDO_6_SAENDO1,2015,1
RAM2019_ENDO_6_SAENDO1,2016,1
RAM2019_ENDO_6_SAENDO1,2017,1
RAM2019_ENDO_6_SAENDO1,2018,0
RAM2019_ENDO_6_SAENDO1,2019,1
RAM2019_ENDO_6_SAENDO1,2020,0
RAM2019_ENDO_6_SAENDO1,2021,1
RAM2019_ENDO_6_SAENDO1,2022,1
RAM2019_ENDO_6_SAENDO1,2023,0
RAM2019_ENDO_6_SAENDO1,2024,1
RAM2019_ENDO_6_SAENDO1,2025,0
RAM2019_ENDO_6_SAENDO1,2026,1
RAM2019_ENDO_6_SAENDO1,2027,2
RAM2019_ENDO_6_SAENDO1,2028,1
RAM2019_ENDO_6_SAENDO1,2029,1
RAM2019_ENDO_6_SAENDO1,2030,1
RAM2019_ENDO_6_SAENDO1,2031,2
RAM2019_ENDO_6_SAENDO1,2032,0
RAM2019_ENDO_6_SAENDO1,2033,0
RAM2019_ENDO_6_SAENDO1,2034,2
RAM2019_ENDO_6_SAENDO1,2035,2
RAM2019_ENDO_6_SAENDO1,2036,0
RAM2019_ENDO_6_SAENDO1,2037,0
RAM2019_ENDO_6_SAENDO1,2038,1
RAM2019_ENDO_6_SAENDO1,2039,1
RAM2019_ENDO_6_SAENDO1,2040,3
RAM2019_ENDO_6_SAENDO1,2041,0
RAM2019_ENDO_6_SAENDO1,2042,1
RAM2019_ENDO_6_SAENDO1,2043,1
RAM2019_ENDO_6_SAENDO1,2044,1
RAM2019_ENDO_6_SAENDO1,2045,2
RAM2019_ENDO_6_SAENDO1,2046,1
RAM2019_ENDO_6_SAENDO1,2047,1
RAM2019_ENDO_6_SAENDO1,2048,1
RAM2019_ENDO_6_SAENDO1,2049,0
RAM2019_ENDO_6_SAENDO1,2050,2
RAM2019_ENDO_6_SAENDO1,2051,0
RAM2019_ENDO_6_SAENDO1,2052,1
RAM2019_ENDO_6_SAENDO1,2053,1
RAM2019_ENDO_6_SAENDO1,2054,2
RAM2019_ENDO_6_SAENDO1,2055,2
RAM2019_ENDO_6_SAENDO1,2056,3
RAM2019_ENDO_6_SAENDO1,2057,1
RAM2019_ENDO_6_SAENDO1,2058,0
RAM2019_ENDO_6_SAENDO1,2059,1
RAM2019_ENDO_6_SAENDO1,2060,2
RAM2019_ENDO_6_SAENDO1,2061,2
RAM2019_ENDO_6_SAENDO1,2062,2
RAM2019_ENDO_6_SAENDO1,2063,0
RAM2019_ENDO_6_SAENDO1,2064,2
RAM2019_ENDO_6_SAENDO1,2065,2
RAM2019_ENDO_6_SAENDO1,2066,0
RAM2019_ENDO_6_SAENDO1,2067,2
RAM2019_ENDO_6_SAENDO1,2068,1
RAM2019_ENDO_6_SAENDO1,2069,3
RAM2019_ENDO_6_SAENDO1,2070,3
RAM2019_ENDO_6_SAENDO1,2071,2
RAM2019_ENDO_6_SAENDO1,2072,0
RAM2019_ENDO_6_SAENDO1,2073,1
RAM2019_ENDO_6_SAENDO1,2074,1
RAM2019_ENDO_6_SAENDO1,2075,3
RAM2019_ENDO_6_SAENDO1,2076,1
RAM2019_ENDO_6_SAENDO1,2077,2
RAM2019_ENDO_6_SAENDO1,2078,1
RAM2019_ENDO_6_SAENDO1,2079,1
RAM2019_ENDO_6_SAENDO1,2080,0
RAM2019_ENDO_6_SAENDO1,2081,3
RAM2019_ENDO_6_SAENDO1,2082,1
RAM2019_ENDO_6_SAENDO1,2083,1
RAM2019_ENDO_6_SAENDO1,2084,0
RAM2019_ENDO_6_SAENDO1,2085,2
RAM2019_ENDO_6_SAENDO1,2086,0
RAM2019_ENDO_6_SAENDO1,2087,2
RAM2019_ENDO_6_SAENDO1,2088,0
RAM2019_ENDO_6_SAENDO1,2089,2
RAM2019_ENDO_6_SAENDO1,2090,4
RAM2019_ENDO_6_SAENDO1,2091,1
RAM2019_ENDO_6_SAENDO1,2092,1
RAM2019_ENDO_6_SAENDO1,2093,0
RAM2019_ENDO_6_SAENDO1,2094,1
RAM2019_ENDO_6_SAENDO1,2095,0
RAM2019_ENDO_6_SAENDO1,2096,1
RAM2019_ENDO_6_SAENDO1,2097,1
RAM2019_ENDO_6_SAENDO1,2098,0
RAM2019_ENDO_6_SAENDO1,2099,2
RAM2019_ENDO_6_SAENDO1,2100,2
RAM2019_ENDO_6_SAENDO1,2101,0
RAM2019_ENDO_6_SAENDO1,2102,1
RAM2019_ENDO_6_SAENDO1,2103,0
RAM2019_ENDO_6_SAENDO1,2104,1
RAM2019_ENDO_6_SAENDO1,2105,3
RAM2019_ENDO_6_SAENDO1,2106,0
RAM2019_ENDO_6_SAENDO1,2107,2
RAM2019_ENDO_6_SAENDO1,2108,0
RAM2019_ENDO_6_SAENDO1,2109,3
RAM2019_ENDO_6_SAENDO1,2110,0
RAM2019_ENDO_6_SAENDO1,2111,2
RAM2019_ENDO_6_SAENDO1,2112,2
RAM2019_ENDO_6_SAENDO1,2113,1
RAM2019_ENDO_6_SAENDO1,2114,3
RAM2019_ENDO_6_SAENDO1,2115,1
RAM2019_ENDO_6_SAENDO1,2116,0
RAM2019_ENDO_6_SAENDO1,2117,1
RAM2019_ENDO_6_SAENDO1,2118,2
RAM2019_ENDO_6_SAENDO1,2119,1
RAM2019_ENDO_6_SAENDO1,2120,0
RAM2019_ENDO_6_SAENDO1,2121,1
RAM2019_ENDO_6_SAENDO1,2122,3
RAM2019_ENDO_6_SAENDO1,2123,2
RAM2019_ENDO_6_SAENDO1,2124,0
RAM2019_ENDO_6_SAENDO1,2125,0
RAM2019_ENDO_6_SAENDO1,2126,0
RAM2019_ENDO_6_SAENDO1,2127,0
RAM2019_ENDO_6_SAENDO1,2128,0
RAM2019_ENDO_6_SAENDO1,2129,0
RAM2019_ENDO_6_SAENDO1,2130,2
RAM2019_ENDO_6_SAENDO1,2131,2
RAM2019_ENDO_6_SAENDO1,2132,1
RAM2019_ENDO_6_SAENDO1,2133,3
RAM2019_ENDO_6_SAENDO1,2134,1
RAM2019_ENDO_6_SAENDO1,2135,0
RAM2019_ENDO_6_SAENDO1,2136,3
RAM2019_ENDO_6_SAENDO1,2137,1
RAM2019_ENDO_6_SAENDO1,2138,0
RAM2019_ENDO_6_SAENDO1,2139,0
RAM2019_ENDO_6_SAENDO1,2140,1
RAM2019_ENDO_6_SAENDO1,2141,2
RAM2019_ENDO_6_SAENDO1,2142,2
RAM2019_ENDO_6_SAENDO1,2143,0
RAM2019_ENDO_6_SAENDO1,2144,1
RAM2019_ENDO_6_SAENDO1,2145,0
RAM2019_ENDO_6_SAENDO1,2146,1
RAM2019_ENDO_6_SAENDO1,2147,0
RAM2019_ENDO_6_SAENDO1,2148,3
RAM2019_ENDO_6_SAENDO1,2149,1
RAM2019_ENDO_6_SAENDO1,2150,1
RAM2019_ENDO_6_SAENDO1,2151,1
RAM2019_ENDO_6_SAENDO1,2152,0
RAM2019_ENDO_6_SAENDO1,2153,0
RAM2019_ENDO_6_SAENDO1,2154,2
RAM2019_ENDO_6_SAENDO1,2155,0
RAM2019_ENDO_6_SAENDO1,2156,1
RAM2019_ENDO_6_SAENDO1,2157,0
RAM2019_ENDO_6_SAENDO1,2158,0
RAM2019_ENDO_6_SAENDO1,2159,1
RAM2019_ENDO_6_SAENDO1,2160,2
RAM2019_ENDO_6_SAENDO1,2161,1
RAM2019_ENDO_6_SAENDO1,2162,1
RAM2019_ENDO_6_SAENDO1,2163,2
RAM2019_ENDO_6_SAENDO1,2164,2
RAM2019_ENDO_6_SAENDO1,2165,1
RAM2019_ENDO_6_SAENDO1,2166,1
RAM2019_ENDO_6_SAENDO1,2167,4
RAM2019_ENDO_6_SAENDO1,2168,3
RAM2019_ENDO_6_SAENDO1,2169,0
RAM2019_ENDO_6_SAENDO1,2170,1
RAM2019_ENDO_6_SAENDO1,2171,3
RAM2019_ENDO_6_SAENDO1,2172,1
RAM2019_ENDO_6_SAENDO1,2173,1
RAM2019_ENDO_6_SAENDO1,2174,0
RAM2019_ENDO_6_SAENDO1,2175,3
RAM2019_ENDO_6_SAENDO1,2176,0
RAM2019_ENDO_6_SAENDO1,2177,0
RAM2019_ENDO_6_SAENDO1,2178,0
RAM2019_ENDO_6_SAENDO1,2179,1
RAM2019_ENDO_6_SAENDO1,2180,2
RAM2019_ENDO_6_SAENDO1,2181,1
RAM2019_ENDO_6_SAENDO1,2182,3
RAM2019_ENDO_6_SAENDO1,2183,2
RAM2019_ENDO_6_SAENDO1,2184,0
RAM2019_ENDO_6_SAENDO1,2185,0
RAM2019_ENDO_6_SAENDO1,2186,0
RAM2019_ENDO_6_SAENDO1,2187,1
RAM2019_ENDO_6_SAENDO1,2188,0
RAM2019_ENDO_6_SAENDO1,2189,2
RAM2019_ENDO_6_SAENDO1,2190,0
RAM2019_ENDO_6_SAENDO1,2191,2
RAM2019_ENDO_6_SAENDO1,2192,1
RAM2019_ENDO_6_SAENDO1,2193,2
RAM2019_ENDO_6_SAENDO1,2194,1
RAM2019_ENDO_6_SAENDO1,2195,1
RAM2019_ENDO_6_SAENDO1,2196,0
RAM2019_ENDO_6_SAENDO1,2197,0
RAM2019_ENDO_6_SAENDO1,2198,3
RAM2019_ENDO_6_SAENDO1,2199,0
RAM2019_ENDO_6_SAENDO1,2200,2
RAM2019_ENDO_6_SAENDO1,2201,1
RAM2019_ENDO_6_SAENDO1,2202,1
RAM2019_ENDO_6_SAENDO1,2203,2
RAM2019_ENDO_6_SAENDO1,2204,2
RAM2019_ENDO_6_SAENDO1,2205,3
RAM2019_ENDO_6_SAENDO1,2206,2
RAM2019_ENDO_6_SAENDO1,2207,1
RAM2019_ENDO_6_SAENDO1,2208,1
RAM2019_ENDO_6_SAENDO1,2209,1
RAM2019_ENDO_6_SAENDO1,2210,2
RAM2019_ENDO_6_SAENDO1,2211,0
RAM2019_ENDO_6_SAENDO1,2212,1
RAM2019_ENDO_6_SAENDO1,2213,2
RAM2019_ENDO_6_SAENDO1,2214,0
RAM2019_ENDO_6_SAENDO1,2215,2
RAM2019_ENDO_6_SAENDO1,2216,0
RAM2019_ENDO_6_SAENDO1,2217,1
RAM2019_ENDO_6_SAENDO1,2218,1
RAM2019_ENDO_6_SAENDO1,2219,1
RAM2019_ENDO_6_SAENDO1,2220,2
RAM2019_ENDO_6_SAENDO1,2221,1
RAM2019_ENDO_6_SAENDO1,2222,2
RAM2019_ENDO_6_SAENDO1,2223,1
RAM2019_ENDO_6_SAENDO1,2224,1
RAM2019_ENDO_6_SAENDO1,2225,1
RAM2019_ENDO_6_SAENDO1,2226,3
RAM2019_ENDO_6_SAENDO1,2227,1
RAM2019_ENDO_6_SAENDO1,2228,1
RAM2019_ENDO_6_SAENDO1,2229,2
RAM2019_ENDO_6_SAENDO1,2230,2
RAM2019_ENDO_6_SAENDO1,2231,0
RAM2019_ENDO_6_SAENDO1,2232,0
RAM2019_ENDO_6_SAENDO1,2233,2
RAM2019_ENDO_6_SAENDO1,2234,3
RAM2019_ENDO_6_SAENDO1,2235,1
RAM2019_ENDO_6_SAENDO1,2236,1
RAM2019_ENDO_6_SAENDO1,2237,1
RAM2019_ENDO_6_SAENDO1,2238,1
RAM2019_ENDO_6_SAENDO1,2239,2
RAM2019_ENDO_6_SAENDO1,2240,1
RAM2019_ENDO_6_SAENDO1,2241,0
RAM2019_ENDO_6_SAENDO1,2242,1
RAM2019_ENDO_6_SAENDO1,2243,1
RAM2019_ENDO_6_SAENDO1,2244,0
RAM2019_ENDO_6_SAENDO1,2245,1
RAM2019_ENDO_6_SAENDO1,2246,0
RAM2019_ENDO_6_SAENDO1,2247,1
RAM2019_ENDO_6_SAENDO1,2248,2
RAM2019_ENDO_6_SAENDO1,2249,0
RAM2019_ENDO_6_SAENDO1,2250,1
RAM2019_ENDO_6_SAENDO1,2251,0
RAM2019_ENDO_6_SAENDO1,2252,1
RAM2019_ENDO_6_SAENDO1,2253,1
RAM2019_ENDO_6_SAENDO1,2254,1
RAM2019_ENDO_6_SAENDO1,2255,1
RAM2019_ENDO_6_SAENDO1,2256,2
RAM2019_ENDO_6_SAENDO1,2257,2
RAM2019_ENDO_6_SAENDO1,2258,1
RAM2019_ENDO_6_SAENDO1,2259,2
RAM2019_ENDO_6_SAENDO1,2260,0
RAM2019_ENDO_6_SAENDO1,2261,0
RAM2019_ENDO_6_SAENDO1,2262,0
RAM2019_ENDO_6_SAENDO1,2263,0
RAM2019_ENDO_6_SAENDO1,2264,0
RAM2019_ENDO_6_SAENDO1,2265,0
RAM2019_ENDO_6_SAENDO1,2266,1
RAM2019_ENDO_6_SAENDO1,2267,0
RAM2019_ENDO_6_SAENDO1,2268,1
RAM2019_ENDO_6_SAENDO1,2269,0
RAM2019_ENDO_6_SAENDO1,2270,1
RAM2019_ENDO_6_SAENDO1,2271,1
RAM2019_ENDO_6_SAENDO1,2272,2
RAM2019_ENDO_6_SAENDO1,2273,0
RAM2019_ENDO_6_SAENDO1,2274,0
RAM2019_ENDO_6_SAENDO1,2275,0
RAM2019_ENDO_6_SAENDO1,2276,1
RAM2019_ENDO_6_SAENDO1,2277,2
RAM2019_ENDO_6_SAENDO1,2278,1
RAM2019_ENDO_6_SAENDO1,2279,1
RAM2019_ENDO_6_SAENDO1,2280,0
RAM2019_ENDO_6_SAENDO1,2281,1
RAM2019_ENDO_6_SAENDO1,2282,0
RAM2019_ENDO_6_SAENDO1,2283,1
RAM2019_ENDO_6_SAENDO1,2284,1
RAM2019_ENDO_6_SAENDO1,2285,0
RAM2019_ENDO_6_SAENDO1,2286,0
RAM2019_ENDO_6_SAENDO1,2287,0
RAM2019_ENDO_6_SAENDO1,2288,2
RAM2019_ENDO_6_SAENDO1,2289,1
RAM2019_ENDO_6_SAENDO1,2290,2
RAM2019_ENDO_6_SAENDO1,2291,2
RAM2019_ENDO_6_SAENDO1,2292,1
RAM2019_ENDO_6_SAENDO1,2293,1
RAM2019_ENDO_6_SAENDO1,2294,0
RAM2019_ENDO_6_SAENDO1,2295,1
RAM2019_ENDO_6_SAENDO1,2296,1
RAM2019_ENDO_6_SAENDO1,2297,1
RAM2019_ENDO_6_SAENDO1,2298,1
RAM2019_ENDO_6_SAENDO1,2299,1
RAM2019_ENDO_6_SAENDO1,2300,1
RAM2019_ENDO_6_SAENDO1,2301,0
RAM2019_ENDO_6_SAENDO1,2302,0
RAM2019_ENDO_6_SAENDO1,2303,1
RAM2019_ENDO_6_SAENDO1,2304,3
RAM2019_ENDO_6_SAENDO1,2305,1
RAM2019_ENDO_6_SAENDO1,2306,1
RAM2019_ENDO_6_SAENDO1,2307,1
RAM2019_ENDO_6_SAENDO1,2308,0
RAM2019_ENDO_6_SAENDO1,2309,1
RAM2019_ENDO_6_SAENDO1,2310,1
RAM2019_ENDO_6_SAENDO1,2311,1
RAM2019_ENDO_6_SAENDO1,2312,2
RAM2019_ENDO_6_SAENDO1,2313,1
RAM2019_ENDO_6_SAENDO1,2314,0
RAM2019_ENDO_6_SAENDO1,2315,0
RAM2019_ENDO_6_SAENDO1,2316,1
RAM2019_ENDO_6_SAENDO1,2317,1
RAM2019_ENDO_6_SAENDO1,2318,1
RAM2019_ENDO_6_SAENDO1,2319,0
RAM2019_ENDO_6_SAENDO1,2320,1
RAM2019_ENDO_6_SAENDO1,2321,0
RAM2019_ENDO_6_SAENDO1,2322,2
RAM2019_ENDO_6_SAENDO1,2323,1
RAM2019_ENDO_6_SAENDO1,2324,2
RAM2019_ENDO_6_SAENDO1,2325,0
RAM2019_ENDO_6_SAENDO1,2326,1
RAM2019_ENDO_6_SAENDO1,2327,0
RAM2019_ENDO_6_SAENDO1,2328,0
RAM2019_ENDO_6_SAENDO1,2329,2
RAM2019_ENDO_6_SAENDO1,2330,3
RAM2019_ENDO_6_SAENDO1,2331,0
RAM2019_ENDO_6_SAENDO1,2332,0
RAM2019_ENDO_6_SAENDO1,2333,1
RAM2019_ENDO_6_SAENDO1,2334,2
RAM2019_ENDO_6_SAENDO1,2335,1
RAM2019_ENDO_6_SAENDO1,2336,4
RAM2019_ENDO_6_SAENDO1,2337,1
RAM2019_ENDO_6_SAENDO1,2338,2
RAM2019_ENDO_6_SAENDO1,2339,1
RAM2019_ENDO_6_SAENDO1,2340,4
RAM2019_ENDO_6_SAENDO1,2341,1
RAM2019_ENDO_6_SAENDO1,2342,3
RAM2019_ENDO_6_SAENDO1,2343,0
RAM2019_ENDO_6_SAENDO1,2344,1
RAM2019_ENDO_6_SAENDO1,2345,1
RAM2019_ENDO_6_SAENDO1,2346,0
RAM2019_ENDO_6_SAENDO1,2347,1
RAM2019_ENDO_6_SAENDO1,2348,0
RAM2019_ENDO_6_SAENDO1,2349,0
RAM2019_ENDO_6_SAENDO1,2350,3
RAM2019_ENDO_6_SAENDO1,2351,1
RAM2019_ENDO_6_SAENDO1,2352,2
RAM2019_ENDO_6_SAENDO1,2353,0
RAM2019_ENDO_6_SAENDO1,2354,0
RAM2019_ENDO_6_SAENDO1,2355,1
RAM2019_ENDO_6_SAENDO1,2356,1
RAM2019_ENDO_6_SAENDO1,2357,1
RAM2019_ENDO_6_SAENDO1,2358,2
RAM2019_ENDO_6_SAENDO1,2359,3
RAM2019_ENDO_6_SAENDO1,2360,1
RAM2019_ENDO_6_SAENDO1,2361,2
RAM2019_ENDO_6_SAENDO1,2362,2
RAM2019_ENDO_6_SAENDO1,2363,1
RAM2019_ENDO_6_SAENDO1,2364,4
RAM2019_ENDO_6_SAENDO1,2365,1
RAM2019_ENDO_6_SAENDO1,2366,1
RAM2019_ENDO_6_SAENDO1,2367,3
RAM2019_ENDO_6_SAENDO1,2368,1
RAM2019_ENDO_6_SAENDO1,2369,2
RAM2019_ENDO_6_SAENDO1,2370,1
RAM2019_ENDO_6_SAENDO1,2371,2
RAM2019_ENDO_6_SAENDO1,2372,2
RAM2019_ENDO_6_SAENDO1,2373,1
RAM2019_ENDO_6_SAENDO1,2374,3
RAM2019_ENDO_6_SAENDO1,2375,1
RAM2019_ENDO_6_SAENDO1,2376,0
RAM2019_ENDO_6_SAENDO1,2377,1
RAM2019_ENDO_6_SAENDO1,2378,4
RAM2019_ENDO_6_SAENDO1,2379,1
RAM2019_ENDO_6_SAENDO1,2380,4
RAM2019_ENDO_6_SAENDO1,2381,2
RAM2019_ENDO_6_SAENDO1,2382,0
RAM2019_ENDO_6_SAENDO1,2383,1
RAM2019_ENDO_6_SAENDO1,2384,1
RAM2019_ENDO_6_SAENDO1,2385,2
RAM2019_ENDO_6_SAENDO1,2386,1
RAM2019_ENDO_6_SAENDO1,2387,1
RAM2019_ENDO_6_SAENDO1,2388,1
RAM2019_ENDO_6_SAENDO1,2389,3
RAM2019_ENDO_6_SAENDO1,2390,0
RAM2019_ENDO_6_SAENDO1,2391,1
RAM2019_ENDO_6_SAENDO1,2392,0
RAM2019_ENDO_6_SAENDO1,2393,0
RAM2019_ENDO_6_SAENDO1,2394,0
RAM2019_ENDO_6_SAENDO1,2395,1
RAM2019_ENDO_6_SAENDO1,2396,0
RAM2019_ENDO_6_SAENDO1,2397,3
RAM2019_ENDO_6_SAENDO1,2398,2
RAM2019_ENDO_6_SAENDO1,2399,2
RAM2019_ENDO_6_SAENDO1,2400,0
RAM2019_ENDO_6_SAENDO1,2401,3
RAM2019_ENDO_6_SAENDO1,2402,1
RAM2019_ENDO_6_SAENDO1,2403,3
RAM2019_ENDO_6_SAENDO1,2404,2
RAM2019_ENDO_6_SAENDO1,2405,2
RAM2019_ENDO_6_SAENDO1,2406,2
RAM2019_ENDO_6_SAENDO1,2407,4
RAM2019_ENDO_6_SAENDO1,2408,2
RAM2019_ENDO_6_SAENDO1,2409,2
RAM2019_ENDO_6_SAENDO1,2410,3
RAM2019_ENDO_6_SAENDO1,2411,0
RAM2019_ENDO_6_SAENDO1,2412,1
RAM2019_ENDO_6_SAENDO1,2413,1
RAM2019_ENDO_6_SAENDO1,2414,2
RAM2019_ENDO_6_SAENDO1,2415,2
RAM2019_ENDO_6_SAENDO1,2416,1
RAM2019_ENDO_6_SAENDO1,2417,0
RAM2019_ENDO_6_SAENDO1,2418,0
RAM2019_ENDO_6_SAENDO1,2419,1
RAM2019_ENDO_6_SAENDO1,2420,0
RAM2019_ENDO_6_SAENDO1,2421,1
RAM2019_ENDO_6_SAENDO1,2422,0
RAM2019_ENDO_6_SAENDO1,2423,3
RAM2019_ENDO_6_SAENDO1,2424,1
RAM2019_ENDO_6_SAENDO1,2425,1
RAM2019_ENDO_6_SAENDO1,2426,3
RAM2019_ENDO_6_SAENDO1,2427,2
RAM2019_ENDO_6_SAENDO1,2428,2
RAM2019_ENDO_6_SAENDO1,2429,5
RAM2019_ENDO_6_SAENDO1,2430,2
RAM2019_ENDO_6_SAENDO1,2431,1
RAM2019_ENDO_6_SAENDO1,2432,0
RAM2019_ENDO_6_SAENDO1,2433,2
RAM2019_ENDO_6_SAENDO1,2434,1
RAM2019_ENDO_6_SAENDO1,2435,5
RAM2019_ENDO_6_SAENDO1,2436,0
RAM2019_ENDO_6_SAENDO1,2437,2
RAM2019_ENDO_6_SAENDO1,2438,0
RAM2019_ENDO_6_SAENDO1,2439,2
RAM2019_ENDO_6_SAENDO1,2440,2
RAM2019_ENDO_6_SAENDO1,2441,1
RAM2019_ENDO_6_SAENDO1,2442,4
RAM2019_ENDO_6_SAENDO1,2443,1
RAM2019_ENDO_6_SAENDO1,2444,1
RAM2019_ENDO_6_SAENDO1,2445,1
RAM2019_ENDO_6_SAENDO1,2446,2
RAM2019_ENDO_6_SAENDO1,2447,0
RAM2019_ENDO_6_SAENDO1,2448,4
RAM2019_ENDO_6_SAENDO1,2449,1
RAM2019_ENDO_6_SAENDO1,2450,1
RAM2019_ENDO_6_SAENDO1,2451,2
RAM2019_ENDO_6_SAENDO1,2452,1
RAM2019_ENDO_6_SAENDO1,2453,1
RAM2019_ENDO_6_SAENDO1,2454,1
RAM2019_ENDO_6_SAENDO1,2455,3
RAM2019_ENDO_6_SAENDO1,2456,0
RAM2019_ENDO_6_SAENDO1,2457,0
RAM2019_ENDO_6_SAENDO1,2458,4
RAM2019_ENDO_6_SAENDO1,2459,1
RAM2019_ENDO_6_SAENDO1,2460,1
RAM2019_ENDO_6_SAENDO1,2461,0
RAM2019_ENDO_6_SAENDO1,2462,2
RAM2019_ENDO_6_SAENDO1,2463,3
RAM2019_ENDO_6_SAENDO1,2464,0
RAM2019_ENDO_6_SAENDO1,2465,1
RAM2019_ENDO_6_SAENDO1,2466,1
RAM2019_ENDO_6_SAENDO1,2467,2
RAM2019_ENDO_6_SAENDO1,2468,0
RAM2019_ENDO_6_SAENDO1,2469,1
RAM2019_ENDO_6_SAENDO1,2470,1
RAM2019_ENDO_6_SAENDO1,2471,0
RAM2019_ENDO_6_SAENDO1,2472,5
RAM2019_ENDO_6_SAENDO1,2473,3
RAM2019_ENDO_6_SAENDO1,2474,0
RAM2019_ENDO_6_SAENDO1,2475,3
RAM2019_ENDO_6_SAENDO1,2476,0
RAM2019_ENDO_6_SAENDO1,2477,0
RAM2019_ENDO_6_SAENDO1,2478,2
RAM2019_ENDO_6_SAENDO1,2479,0
RAM2019_ENDO_6_SAENDO1,2480,0
RAM2019_ENDO_6_SAENDO1,2481,3
RAM2019_ENDO_6_SAENDO1,2482,0
RAM2019_ENDO_6_SAENDO1,2483,1
RAM2019_ENDO_6_SAENDO1,2484,2
RAM2019_ENDO_6_SAENDO1,2485,0
RAM2019_ENDO_6_SAENDO1,2486,0
RAM2019_ENDO_6_SAENDO1,2487,1
RAM2019_ENDO_6_SAENDO1,2488,4
RAM2019_ENDO_6_SAENDO1,2489,0
RAM2019_ENDO_6_SAENDO1,2490,2
RAM2019_ENDO_6_SAENDO1,2491,3
RAM2019_ENDO_6_SAENDO1,2492,0
RAM2019_ENDO_6_SAENDO1,2493,2
RAM2019_ENDO_6_SAENDO1,2494,1
RAM2019_ENDO_6_SAENDO1,2495,1
RAM2019_ENDO_6_SAENDO1,2496,2
RAM2019_ENDO_6_SAENDO1,2497,2
RAM2019_ENDO_6_SAENDO1,2498,0
RAM2019_ENDO_6_SAENDO1,2499,1
RAM2019_ENDO_6_SAENDO1,2500,1
RAM2019_ENDO_6_SAENDO1,2501,0
RAM2019_ENDO_6_SAENDO1,2502,0
RAM2019_ENDO_6_SAENDO1,2503,1
RAM2019_ENDO_6_SAENDO1,2504,0
RAM2019_ENDO_6_SAENDO1,2505,1
RAM2019_ENDO_6_SAENDO1,2506,1
RAM2019_ENDO_6_SAENDO1,2507,1
RAM2019_ENDO_6_SAENDO1,2508,2
RAM2019_ENDO_6_SAENDO1,2509,1
RAM2019_ENDO_6_SAENDO1,2510,1
RAM2019_ENDO_6_SAENDO1,2511,0
RAM2019_ENDO_6_SAENDO1,2512,1
RAM2019_ENDO_6_SAENDO1,2513,3
RAM2019_ENDO_6_SAENDO1,2514,0
RAM2019_ENDO_6_SAENDO1,2515,2
RAM2019_ENDO_6_SAENDO1,2516,1
RAM2019_ENDO_6_SAENDO1,2517,3
RAM2019_ENDO_6_SAENDO1,2518,0
RAM2019_ENDO_6_SAENDO1,2519,2
RAM2019_ENDO_6_SAENDO1,2520,0
RAM2019_ENDO_6_SAENDO1,2521,2
RAM2019_ENDO_6_SAENDO1,2522,0
RAM2019_ENDO_6_SAENDO1,2523,3
RAM2019_ENDO_6_SAENDO1,2524,1
RAM2019_ENDO_6_SAENDO1,2525,1
RAM2019_ENDO_6_SAENDO1,2526,2
RAM2019_ENDO_6_SAENDO1,2527,2
RAM2019_ENDO_6_SAENDO1,2528,2
RAM2019_ENDO_6_SAENDO1,2529,1
RAM2019_ENDO_6_SAENDO1,2530,2
RAM2019_ENDO_6_SAENDO1,2531,3
RAM2019_ENDO_6_SAENDO1,2532,0
RAM2019_ENDO_6_SAENDO1,2533,1
RAM2019_ENDO_6_SAENDO1,2534,1
RAM2019_ENDO_6_SAENDO1,2535,2
RAM2019_ENDO_6_SAENDO1,2536,0
RAM2019_ENDO_6_SAENDO1,2537,1
RAM2019_ENDO_6_SAENDO1,2538,4
RAM2019_ENDO_6_SAENDO1,2539,1
RAM2019_ENDO_6_SAENDO1,2540,0
RAM2019_ENDO_6_SAENDO1,2541,3
RAM2019_ENDO_6_SAENDO1,2542,0
RAM2019_ENDO_6_SAENDO1,2543,3
RAM2019_ENDO_6_SAENDO1,2544,1
RAM2019_ENDO_6_SAENDO1,2545,0
RAM2019_ENDO_6_SAENDO1,2546,0
RAM2019_ENDO_6_SAENDO1,2547,0
RAM2019_ENDO_6_SAENDO1,2548,1
RAM2019_ENDO_6_SAENDO1,2549,1
RAM2019_ENDO_6_SAENDO1,2550,3
RAM2019_ENDO_6_SAENDO1,2551,2
RAM2019_ENDO_6_SAENDO1,2552,1
RAM2019_ENDO_6_SAENDO1,2553,1
RAM2019_ENDO_6_SAENDO1,2554,0
RAM2019_ENDO_6_SAENDO1,2555,0
RAM2019_ENDO_6_SAENDO1,2556,0
RAM2019_ENDO_6_SAENDO1,2557,1
RAM2019_ENDO_6_SAENDO1,2558,2
RAM2019_ENDO_6_SAENDO1,2559,2
RAM2019_ENDO_6_SAENDO1,2560,2
RAM2019_ENDO_6_SAENDO1,2561,4
RAM2019_ENDO_6_SAENDO1,2562,0
RAM2019_ENDO_6_SAENDO1,2563,1
RAM2019_ENDO_6_SAENDO1,2564,3
RAM2019_ENDO_6_SAENDO1,2565,2
RAM2019_ENDO_6_SAENDO1,2566,0
RAM2019_ENDO_6_SAENDO1,2567,3
RAM2019_ENDO_6_SAENDO1,2568,0
RAM2019_ENDO_6_SAENDO1,2569,2
RAM2019_ENDO_6_SAENDO1,2570,1
RAM2019_ENDO_6_SAENDO1,2571,3
RAM2019_ENDO_6_SAENDO1,2572,2
RAM2019_ENDO_6_SAENDO1,2573,0
RAM2019_ENDO_6_SAENDO1,2574,2
RAM2019_ENDO_6_SAENDO1,2575,1
RAM2019_ENDO_6_SAENDO1,2576,1
RAM2019_ENDO_6_SAENDO1,2577,2
RAM2019_ENDO_6_SAENDO1,2578,0
RAM2019_ENDO_6_SAENDO1,2579,0
RAM2019_ENDO_6_SAENDO1,2580,2
RAM2019_ENDO_6_SAENDO1,2581,2
RAM2019_ENDO_6_SAENDO1,2582,1
RAM2019_ENDO_6_SAENDO1,2583,2
RAM2019_ENDO_6_SAENDO1,2584,0
RAM2019_ENDO_6_SAENDO1,2585,3
RAM2019_ENDO_6_SAENDO1,2586,3
RAM2019_ENDO_6_SAENDO1,2587,1
RAM2019_ENDO_6_SAENDO1,2588,1
RAM2019_ENDO_6_SAENDO1,2589,2
RAM2019_ENDO_6_SAENDO1,2590,1
RAM2019_ENDO_6_SAENDO1,2591,0
RAM2019_ENDO_6_SAENDO1,2592,0
RAM2019_ENDO_6_SAENDO1,2593,3
RAM2019_ENDO_6_SAENDO1,2594,1
RAM2019_ENDO_6_SAENDO1,2595,2
RAM2019_ENDO_6_SAENDO1,2596,4
RAM2019_ENDO_6_SAENDO1,2597,0
RAM2019_ENDO_6_SAENDO1,2598,2
RAM2019_ENDO_6_SAENDO1,2599,0
RAM2019_ENDO_6_SAENDO1,2600,0
RAM2019_ENDO_6_SAENDO1,2601,2
RAM2019_ENDO_6_SAENDO1,2602,0
RAM2019_ENDO_6_SAENDO1,2603,2
RAM2019_ENDO_6_SAENDO1,2604,1
RAM2019_ENDO_6_SAENDO1,2605,1
RAM2019_ENDO_6_SAENDO1,2606,0
RAM2019_ENDO_6_SAENDO1,2607,3
RAM2019_ENDO_6_SAENDO1,2608,1
RAM2019_ENDO_6_SAENDO1,2609,0
RAM2019_ENDO_6_SAENDO1,2610,1
RAM2019_ENDO_6_SAENDO1,2611,1
RAM2019_ENDO_6_SAENDO1,2612,3
RAM2019_ENDO_6_SAENDO1,2613,1
RAM2019_ENDO_6_SAENDO1,2614,0
RAM2019_ENDO_6_SAENDO1,2615,3
RAM2019_ENDO_6_SAENDO1,2616,1
RAM2019_ENDO_6_SAENDO1,2617,2
RAM2019_ENDO_6_SAENDO1,2618,0
RAM2019_ENDO_6_SAENDO1,2619,1
RAM2019_ENDO_6_SAENDO1,2620,0
RAM2019_ENDO_6_SAENDO1,2621,3
RAM2019_ENDO_6_SAENDO1,2622,4
RAM2019_ENDO_6_SAENDO1,2623,2
RAM2019_ENDO_6_SAENDO1,2624,0
RAM2019_ENDO_6_SAENDO1,2625,1
RAM2019_ENDO_6_SAENDO1,2626,0
RAM2019_ENDO_6_SAENDO1,2627,1
RAM2019_ENDO_6_SAENDO1,2628,0
RAM2019_ENDO_6_SAENDO1,2629,0
RAM2019_ENDO_6_SAENDO1,2630,0
RAM2019_ENDO_6_SAENDO1,2631,2
RAM2019_ENDO_6_SAENDO1,2632,1
RAM2019_ENDO_6_SAENDO1,2633,0
RAM2019_ENDO_6_SAENDO1,2634,1
RAM2019_ENDO_6_SAENDO1,2635,2
RAM2019_ENDO_6_SAENDO1,2636,2
RAM2019_ENDO_6_SAENDO1,2637,1
RAM2019_ENDO_6_SAENDO1,2638,1
RAM2019_ENDO_6_SAENDO1,2639,1
RAM2019_ENDO_6_SAENDO1,2640,1
RAM2019_ENDO_6_SAENDO1,2641,0
RAM2019_ENDO_6_SAENDO1,2642,1
RAM2019_ENDO_6_SAENDO1,2643,3
RAM2019_ENDO_6_SAENDO1,2644,3
RAM2019_ENDO_6_SAENDO1,2645,0
RAM2019_ENDO_6_SAENDO1,2646,1
RAM2019_ENDO_6_SAENDO1,2647,3
RAM2019_ENDO_6_SAENDO1,2648,1
RAM2019_ENDO_6_SAENDO1,2649,1
RAM2019_ENDO_6_SAENDO1,2650,3
RAM2019_ENDO_6_SAENDO1,2651,6
RAM2019_ENDO_6_SAENDO1,2652,1
RAM2019_ENDO_6_SAENDO1,2653,2
RAM2019_ENDO_6_SAENDO1,2654,1
RAM2019_ENDO_6_SAENDO1,2655,1
RAM2019_ENDO_6_SAENDO1,2656,0
RAM2019_ENDO_6_SAENDO1,2657,3
RAM2019_ENDO_6_SAENDO1,2658,1
RAM2019_ENDO_6_SAENDO1,2659,1
RAM2019_ENDO_6_SAENDO1,2660,0
RAM2019_ENDO_6_SAENDO1,2661,2
RAM2019_ENDO_6_SAENDO1,2662,2
RAM2019_ENDO_6_SAENDO1,2663,2
RAM2019_ENDO_6_SAENDO1,2664,0
RAM2019_ENDO_6_SAENDO1,2665,1
RAM2019_ENDO_6_SAENDO1,2666,0
RAM2019_ENDO_6_SAENDO1,2667,1
RAM2019_ENDO_6_SAENDO1,2668,1
RAM2019_ENDO_6_SAENDO1,2669,4
RAM2019_ENDO_6_SAENDO1,2670,1
RAM2019_ENDO_6_SAENDO1,2671,0
RAM2019_ENDO_6_SAENDO1,2672,0
RAM2019_ENDO_6_SAENDO1,2673,2
RAM2019_ENDO_6_SAENDO1,2674,2
RAM2019_ENDO_6_SAENDO1,2675,1
RAM2019_ENDO_6_SAENDO1,2676,1
RAM2019_ENDO_6_SAENDO1,2677,3
RAM2019_ENDO_6_SAENDO1,2678,3
RAM2019_ENDO_6_SAENDO1,2679,2
RAM2019_ENDO_6_SAENDO1,2680,2
RAM2019_ENDO_6_SAENDO1,2681,0
RAM2019_ENDO_6_SAENDO1,2682,0
RAM2019_ENDO_6_SAENDO1,2683,3
RAM2019_ENDO_6_SAENDO1,2684,0
RAM2019_ENDO_6_SAENDO1,2685,1
RAM2019_ENDO_6_SAENDO1,2686,2
RAM2019_ENDO_6_SAENDO1,2687,1
RAM2019_ENDO_6_SAENDO1,2688,2
RAM2019_ENDO_6_SAENDO1,2689,3
RAM2019_ENDO_6_SAENDO1,2690,2
RAM2019_ENDO_6_SAENDO1,2691,2
RAM2019_ENDO_6_SAENDO1,2692,2
RAM2019_ENDO_6_SAENDO1,2693,1
RAM2019_ENDO_6_SAENDO1,2694,1
RAM2019_ENDO_6_SAENDO1,2695,0
RAM2019_ENDO_6_SAENDO1,2696,1
RAM2019_ENDO_6_SAENDO1,2697,2
RAM2019_ENDO_6_SAENDO1,2698,0
RAM2019_ENDO_6_SAENDO1,2699,1
RAM2019_ENDO_6_SAENDO1,2700,3
RAM2019_ENDO_6_SAENDO1,2701,2
RAM2019_ENDO_6_SAENDO1,2702,1
RAM2019_ENDO_6_SAENDO1,2703,1
RAM2019_ENDO_6_SAENDO1,2704,1
RAM2019_ENDO_6_SAENDO1,2705,2
RAM2019_ENDO_6_SAENDO1,2706,3
RAM2019_ENDO_6_SAENDO1,2707,3
RAM2019_ENDO_6_SAENDO1,2708,0
RAM2019_ENDO_6_SAENDO1,2709,2
RAM2019_ENDO_6_SAENDO1,2710,2
RAM2019_ENDO_6_SAENDO1,2711,0
RAM2019_ENDO_6_SAENDO1,2712,1
RAM2019_ENDO_6_SAENDO1,2713,1
RAM2019_ENDO_6_SAENDO1,2714,1
RAM2019_ENDO_6_SAENDO1,2715,0
RAM2019_ENDO_6_SAENDO1,2716,1
RAM2019_ENDO_6_SAENDO1,2717,1
RAM2019_ENDO_6_SAENDO1,2718,1
RAM2019_ENDO_6_SAENDO1,2719,0
RAM2019_ENDO_6_SAENDO1,2720,1
RAM2019_ENDO_6_SAENDO1,2721,2
RAM2019_ENDO_6_SAENDO1,2722,0
RAM2019_ENDO_6_SAENDO1,2723,2
RAM2019_ENDO_6_SAENDO1,2724,2
RAM2019_ENDO_6_SAENDO1,2725,1
RAM2019_ENDO_6_SAENDO1,2726,1
RAM2019_ENDO_6_SAENDO1,2727,0
RAM2019_ENDO_6_SAENDO1,2728,4
RAM2019_ENDO_6_SAENDO1,2729,2
RAM2019_ENDO_6_SAENDO1,2730,0
RAM2019_ENDO_6_SAENDO1,2731,1
RAM2019_ENDO_6_SAENDO1,2732,2
RAM2019_ENDO_6_SAENDO1,2733,1
RAM2019_ENDO_6_SAENDO1,2734,1
RAM2019_ENDO_6_SAENDO1,2735,2
RAM2019_ENDO_6_SAENDO1,2736,1
RAM2019_ENDO_6_SAENDO1,2737,1
RAM2019_ENDO_6_SAENDO1,2738,1
RAM2019_ENDO_6_SAENDO1,2739,2
RAM2019_ENDO_6_SAENDO1,2740,2
RAM2019_ENDO_6_SAENDO1,2741,0
RAM2019_ENDO_6_SAENDO1,2742,1
RAM2019_ENDO_6_SAENDO1,2743,2
RAM2019_ENDO_6_SAENDO1,2744,4
RAM2019_ENDO_6_SAENDO1,2745,0
RAM2019_ENDO_6_SAENDO1,2746,3
RAM2019_ENDO_6_SAENDO1,2747,1
RAM2019_ENDO_6_SAENDO1,2748,1
RAM2019_ENDO_6_SAENDO1,2749,0
RAM2019_ENDO_6_SAENDO1,2750,3
RAM2019_ENDO_6_SAENDO1,2751,1
RAM2019_ENDO_6_SAENDO1,2752,1
RAM2019_ENDO_6_SAENDO1,2753,2
RAM2019_ENDO_6_SAENDO1,2754,1
RAM2019_ENDO_6_SAENDO1,2755,1
RAM2019_ENDO_6_SAENDO1,2756,0
RAM2019_ENDO_6_SAENDO1,2757,0
RAM2019_ENDO_6_SAENDO1,2758,0
RAM2019_ENDO_6_SAENDO1,2759,3
RAM2019_ENDO_6_SAENDO1,2760,2
RAM2019_ENDO_6_SAENDO1,2761,1
RAM2019_ENDO_6_SAENDO1,2762,0
RAM2019_ENDO_6_SAENDO1,2763,0
RAM2019_ENDO_6_SAENDO1,2764,1
RAM2019_ENDO_6_SAENDO1,2765,1
RAM2019_ENDO_6_SAENDO1,2766,1
RAM2019_ENDO_6_SAENDO1,2767,1
RAM2019_ENDO_6_SAENDO1,2768,1
RAM2019_ENDO_6_SAENDO1,2769,2
RAM2019_ENDO_6_SAENDO1,2770,2
RAM2019_ENDO_6_SAENDO1,2771,0
RAM2019_ENDO_6_SAENDO1,2772,1
RAM2019_ENDO_6_SAENDO1,2773,2
RAM2019_ENDO_6_SAENDO1,2774,1
RAM2019_ENDO_6_SAENDO1,2775,0
RAM2019_ENDO_6_SAENDO1,2776,3
RAM2019_ENDO_6_SAENDO1,2777,1
RAM2019_ENDO_6_SAENDO1,2778,1
RAM2019_ENDO_6_SAENDO1,2779,1
RAM2019_ENDO_6_SAENDO1,2780,1
RAM2019_ENDO_6_SAENDO1,2781,2
RAM2019_ENDO_6_SAENDO1,2782,0
RAM2019_ENDO_6_SAENDO1,2783,0
RAM2019_ENDO_6_SAENDO1,2784,0
RAM2019_ENDO_6_SAENDO1,2785,2
RAM2019_ENDO_6_SAENDO1,2786,1
RAM2019_ENDO_6_SAENDO1,2787,2
RAM2019_ENDO_6_SAENDO1,2788,1
RAM2019_ENDO_6_SAENDO1,2789,1
RAM2019_ENDO_6_SAENDO1,2790,2
RAM2019_ENDO_6_SAENDO1,2791,1
RAM2019_ENDO_6_SAENDO1,2792,2
RAM2019_ENDO_6_SAENDO1,2793,1
RAM2019_ENDO_6_SAENDO1,2794,3
RAM2019_ENDO_6_SAENDO1,2795,3
RAM2019_ENDO_6_SAENDO1,2796,4
RAM2019_ENDO_6_SAENDO1,2797,2
RAM2019_ENDO_6_SAENDO1,2798,0
RAM2019_ENDO_6_SAENDO1,2799,1
RAM2019_ENDO_6_SAENDO1,2800,1
RAM2019_ENDO_6_SAENDO1,2801,1
RAM2019_ENDO_6_SAENDO1,2802,1
RAM2019_ENDO_6_SAENDO1,2803,0
RAM2019_ENDO_6_SAENDO1,2804,0
RAM2019_ENDO_6_SAENDO1,2805,0
RAM2019_ENDO_6_SAENDO1,2806,0
RAM2019_ENDO_6_SAENDO1,2807,1
RAM2019_ENDO_6_SAENDO1,2808,2
RAM2019_ENDO_6_SAENDO1,2809,1
RAM2019_ENDO_6_SAENDO1,2810,2
RAM2019_ENDO_6_SAENDO1,2811,0
RAM2019_ENDO_6_SAENDO1,2812,0
RAM2019_ENDO_6_SAENDO1,2813,1
RAM2019_ENDO_6_SAENDO1,2814,1
RAM2019_ENDO_6_SAENDO1,2815,1
RAM2019_ENDO_6_SAENDO1,2816,3
RAM2019_ENDO_6_SAENDO1,2817,1
RAM2019_ENDO_6_SAENDO1,2818,2
RAM2019_ENDO_6_SAENDO1,2819,1
RAM2019_ENDO_6_SAENDO1,2820,1
RAM2019_ENDO_6_SAENDO1,2821,1
RAM2019_ENDO_6_SAENDO1,2822,4
RAM2019_ENDO_6_SAENDO1,2823,0
RAM2019_ENDO_6_SAENDO1,2824,3
RAM2019_ENDO_6_SAENDO1,2825,4
RAM2019_ENDO_6_SAENDO1,2826,0
RAM2019_ENDO_6_SAENDO1,2827,2
RAM2019_ENDO_6_SAENDO1,2828,2
RAM2019_ENDO_6_SAENDO1,2829,1
RAM2019_ENDO_6_SAENDO1,2830,1
RAM2019_ENDO_6_SAENDO1,2831,0
RAM2019_ENDO_6_SAENDO1,2832,0
RAM2019_ENDO_6_SAENDO1,2833,0
RAM2019_ENDO_6_SAENDO1,2834,3
RAM2019_ENDO_6_SAENDO1,2835,1
RAM2019_ENDO_6_SAENDO1,2836,0
RAM2019_ENDO_6_SAENDO1,2837,1
RAM2019_ENDO_6_SAENDO1,2838,2
RAM2019_ENDO_6_SAENDO1,2839,1
RAM2019_ENDO_6_SAENDO1,2840,4
RAM2019_ENDO_6_SAENDO1,2841,2
RAM2019_ENDO_6_SAENDO1,2842,1
RAM2019_ENDO_6_SAENDO1,2843,3
RAM2019_ENDO_6_SAENDO1,2844,2
RAM2019_ENDO_6_SAENDO1,2845,2
RAM2019_ENDO_6_SAENDO1,2846,0
RAM2019_ENDO_6_SAENDO1,2847,2
RAM2019_ENDO_6_SAENDO1,2848,1
RAM2019_ENDO_6_SAENDO1,2849,1
RAM2019_ENDO_6_SAENDO1,2850,2
RAM2019_ENDO_6_SAENDO1,2851,1
RAM2019_ENDO_6_SAENDO1,2852,3
RAM2019_ENDO_6_SAENDO1,2853,3
RAM2019_ENDO_6_SAENDO1,2854,2
RAM2019_ENDO_6_SAENDO1,2855,0
RAM2019_ENDO_6_SAENDO1,2856,3
RAM2019_ENDO_6_SAENDO1,2857,0
RAM2019_ENDO_6_SAENDO1,2858,1
RAM2019_ENDO_6_SAENDO1,2859,1
RAM2019_ENDO_6_SAENDO1,2860,0
RAM2019_ENDO_6_SAENDO1,2861,2
RAM2019_ENDO_6_SAENDO1,2862,1
RAM2019_ENDO_6_SAENDO1,2863,3
RAM2019_ENDO_6_SAENDO1,2864,1
RAM2019_ENDO_6_SAENDO1,2865,0
RAM2019_ENDO_6_SAENDO1,2866,1
RAM2019_ENDO_6_SAENDO1,2867,2
RAM2019_ENDO_6_SAENDO1,2868,2
RAM2019_ENDO_6_SAENDO1,2869,0
RAM2019_ENDO_6_SAENDO1,2870,2
RAM2019_ENDO_6_SAENDO1,2871,0
RAM2019_ENDO_6_SAENDO1,2872,3
RAM2019_ENDO_6_SAENDO1,2873,1
RAM2019_ENDO_6_SAENDO1,2874,1
RAM2019_ENDO_6_SAENDO1,2875,3
RAM2019_ENDO_6_SAENDO1,2876,6
RAM2019_ENDO_6_SAENDO1,2877,1
RAM2019_ENDO_6_SAENDO1,2878,2
RAM2019_ENDO_6_SAENDO1,2879,0
RAM2019_ENDO_6_SAENDO1,2880,0
RAM2019_ENDO_6_SAENDO1,2881,1
RAM2019_ENDO_6_SAENDO1,2882,0
RAM2019_ENDO_6_SAENDO1,2883,1
RAM2019_ENDO_6_SAENDO1,2884,2
RAM2019_ENDO_6_SAENDO1,2885,1
RAM2019_ENDO_6_SAENDO1,2886,2
RAM2019_ENDO_6_SAENDO1,2887,0
RAM2019_ENDO_6_SAENDO1,2888,0
RAM2019_ENDO_6_SAENDO1,2889,1
RAM2019_ENDO_6_SAENDO1,2890,2
RAM2019_ENDO_6_SAENDO1,2891,0
RAM2019_ENDO_6_SAENDO1,2892,2
RAM2019_ENDO_6_SAENDO1,2893,0
RAM2019_ENDO_6_SAENDO1,2894,0
RAM2019_ENDO_6_SAENDO1,2895,1
RAM2019_ENDO_6_SAENDO1,2896,2
RAM2019_ENDO_6_SAENDO1,2897,1
RAM2019_ENDO_6_SAENDO1,2898,0
RAM2019_ENDO_6_SAENDO1,2899,3
RAM2019_ENDO_6_SAENDO1,2900,1
RAM2019_ENDO_6_SAENDO1,2901,1
RAM2019_ENDO_6_SAENDO1,2902,1
RAM2019_ENDO_6_SAENDO1,2903,0
RAM2019_ENDO_6_SAENDO1,2904,1
RAM2019_ENDO_6_SAENDO1,2905,1
RAM2019_ENDO_6_SAENDO1,2906,1
RAM2019_ENDO_6_SAENDO1,2907,2
RAM2019_ENDO_6_SAENDO1,2908,1
RAM2019_ENDO_6_SAENDO1,2909,2
RAM2019_ENDO_6_SAENDO1,2910,0
RAM2019_ENDO_6_SAENDO1,2911,1
RAM2019_ENDO_6_SAENDO1,2912,0
RAM2019_ENDO_6_SAENDO1,2913,0
RAM2019_ENDO_6_SAENDO1,2914,0
RAM2019_ENDO_6_SAENDO1,2915,1
RAM2019_ENDO_6_SAENDO1,2916,1
RAM2019_ENDO_6_SAENDO1,2917,3
RAM2019_ENDO_6_SAENDO1,2918,1
RAM2019_ENDO_6_SAENDO1,2919,1
RAM2019_ENDO_6_SAENDO1,2920,1
RAM2019_ENDO_6_SAENDO1,2921,3
RAM2019_ENDO_6_SAENDO1,2922,0
RAM2019_ENDO_6_SAENDO1,2923,4
RAM2019_ENDO_6_SAENDO1,2924,2
RAM2019_ENDO_6_SAENDO1,2925,1
RAM2019_ENDO_6_SAENDO1,2926,1
RAM2019_ENDO_6_SAENDO1,2927,0
RAM2019_ENDO_6_SAENDO1,2928,1
RAM2019_ENDO_6_SAENDO1,2929,0
RAM2019_ENDO_6_SAENDO1,2930,1
RAM2019_ENDO_6_SAENDO1,2931,0
RAM2019_ENDO_6_SAENDO1,2932,0
RAM2019_ENDO_6_SAENDO1,2933,2
RAM2019_ENDO_6_SAENDO1,2934,1
RAM2019_ENDO_6_SAENDO1,2935,0
RAM2019_ENDO_6_SAENDO1,2936,1
RAM2019_ENDO_6_SAENDO1,2937,2
RAM2019_ENDO_6_SAENDO1,2938,1
RAM2019_ENDO_6_SAENDO1,2939,2
RAM2019_ENDO_6_SAENDO1,2940,0
RAM2019_ENDO_6_SAENDO1,2941,3
RAM2019_ENDO_6_SAENDO1,2942,1
RAM2019_ENDO_6_SAENDO1,2943,0
RAM2019_ENDO_6_SAENDO1,2944,1
RAM2019_ENDO_6_SAENDO1,2945,1
RAM2019_ENDO_6_SAENDO1,2946,1
RAM2019_ENDO_6_SAENDO1,2947,1
RAM2019_ENDO_6_SAENDO1,2948,0
RAM2019_ENDO_6_SAENDO1,2949,1
RAM2019_ENDO_6_SAENDO1,2950,0
RAM2019_ENDO_6_SAENDO1,2951,1
RAM2019_ENDO_6_SAENDO1,2952,0
RAM2019_ENDO_6_SAENDO1,2953,2
RAM2019_ENDO_6_SAENDO1,2954,1
RAM2019_ENDO_6_SAENDO1,2955,1
RAM2019_ENDO_6_SAENDO1,2956,0
RAM2019_ENDO_6_SAENDO1,2957,1
RAM2019_ENDO_6_SAENDO1,2958,1
RAM2019_ENDO_6_SAENDO1,2959,0
RAM2019_ENDO_6_SAENDO1,2960,1
RAM2019_ENDO_6_SAENDO1,2961,2
RAM2019_ENDO_6_SAENDO1,2962,1
RAM2019_ENDO_6_SAENDO1,2963,2
RAM2019_ENDO_6_SAENDO1,2964,2
RAM2019_ENDO_6_SAENDO1,2965,1
RAM2019_ENDO_6_SAENDO1,2966,0
RAM2019_ENDO_6_SAENDO1,2967,2
RAM2019_ENDO_6_SAENDO1,2968,2
RAM2019_ENDO_6_SAENDO1,2969,2
RAM2019_ENDO_6_SAENDO1,2970,1
RAM2019_ENDO_6_SAENDO1,2971,1
RAM2019_ENDO_6_SAENDO1,2972,2
RAM2019_ENDO_6_SAENDO1,2973,0
RAM2019_ENDO_6_SAENDO1,2974,1
RAM2019_ENDO_6_SAENDO1,2975,2
RAM2019_ENDO_6_SAENDO1,2976,0
RAM2019_ENDO_6_SAENDO1,2977,1
RAM2019_ENDO_6_SAENDO1,2978,1
RAM2019_ENDO_6_SAENDO1,2979,1
RAM2019_ENDO_6_SAENDO1,2980,0
RAM2019_ENDO_6_SAENDO1,2981,2
RAM2019_ENDO_6_SAENDO1,2982,0
RAM2019_ENDO_6_SAENDO1,2983,6
RAM2019_ENDO_6_SAENDO1,2984,2
RAM2019_ENDO_6_SAENDO1,2985,1
RAM2019_ENDO_6_SAENDO1,2986,1
RAM2019_ENDO_6_SAENDO1,2987,2
RAM2019_ENDO_6_SAENDO1,2988,1
RAM2019_ENDO_6_SAENDO1,2989,1
RAM2019_ENDO_6_SAENDO1,2990,4
RAM2019_ENDO_6_SAENDO1,2991,2
RAM2019_ENDO_6_SAENDO1,2992,0
RAM2019_ENDO_6_SAENDO1,2993,2
RAM2019_ENDO_6_SAENDO1,2994,1
RAM2019_ENDO_6_SAENDO1,2995,2
RAM2019_ENDO_6_SAENDO1,2996,2
RAM2019_ENDO_6_SAENDO1,2997,0
RAM2019_ENDO_6_SAENDO1,2998,2
RAM2019_ENDO_6_SAENDO1,2999,2
RAM2019_ENDO_6_SAENDO1,3000,0
RAM2019_ENDO_6_SAENDO1,3001,2
RAM2019_ENDO_6_SAENDO1,3002,2
RAM2019_ENDO_6_SAENDO1,3003,1
RAM2019_ENDO_6_SAENDO1,3004,2
RAM2019_ENDO_6_SAENDO1,3005,0
RAM2019_ENDO_6_SAENDO1,3006,2
RAM2019_ENDO_6_SAENDO1,3007,3
RAM2019_ENDO_6_SAENDO1,3008,1
RAM2019_ENDO_6_SAENDO1,3009,1
RAM2019_ENDO_6_SAENDO1,3010,1
RAM2019_ENDO_6_SAENDO1,3011,1
RAM2019_ENDO_6_SAENDO1,3012,1
RAM2019_ENDO_6_SAENDO1,3013,3
RAM2019_ENDO_6_SAENDO1,3014,3
RAM2019_ENDO_6_SAENDO1,3015,0
RAM2019_ENDO_6_SAENDO1,3016,2
RAM2019_ENDO_6_SAENDO1,3017,1
RAM2019_ENDO_6_SAENDO1,3018,2
RAM2019_ENDO_6_SAENDO1,3019,1
RAM2019_ENDO_6_SAENDO1,3020,3
RAM2019_ENDO_6_SAENDO1,3021,2
RAM2019_ENDO_6_SAENDO1,3022,1
RAM2019_ENDO_6_SAENDO1,3023,2
RAM2019_ENDO_6_SAENDO1,3024,2
RAM2019_ENDO_6_SAENDO1,3025,0
RAM2019_ENDO_6_SAENDO1,3026,0
RAM2019_ENDO_6_SAENDO1,3027,2
RAM2019_ENDO_6_SAENDO1,3028,1
RAM2019_ENDO_6_SAENDO1,3029,3
RAM2019_ENDO_6_SAENDO1,3030,0
RAM2019_ENDO_6_SAENDO1,3031,1
RAM2019_ENDO_6_SAENDO1,3032,2
RAM2019_ENDO_6_SAENDO1,3033,1
RAM2019_ENDO_6_SAENDO1,3034,0
RAM2019_ENDO_6_SAENDO1,3035,2
RAM2019_ENDO_6_SAENDO1,3036,1
RAM2019_ENDO_6_SAENDO1,3037,3
RAM2019_ENDO_6_SAENDO1,3038,1
RAM2019_ENDO_6_SAENDO1,3039,2
RAM2019_ENDO_6_SAENDO1,3040,1
RAM2019_ENDO_6_SAENDO1,3041,1
RAM2019_ENDO_6_SAENDO1,3042,1
RAM2019_ENDO_6_SAENDO1,3043,1
RAM2019_ENDO_6_SAENDO1,3044,0
RAM2019_ENDO_6_SAENDO1,3045,0
RAM2019_ENDO_6_SAENDO1,3046,1
RAM2019_ENDO_6_SAENDO1,3047,2
RAM2019_ENDO_6_SAENDO1,3048,0
RAM2019_ENDO_6_SAENDO1,3049,0
RAM2019_ENDO_6_SAENDO1,3050,1
RAM2019_ENDO_6_SAENDO1,3051,1
RAM2019_ENDO_6_SAENDO1,3052,1
RAM2019_ENDO_6_SAENDO1,3053,1
RAM2019_ENDO_6_SAENDO1,3054,0
RAM2019_ENDO_6_SAENDO1,3055,1
RAM2019_ENDO_6_SAENDO1,3056,2
RAM2019_ENDO_6_SAENDO1,3057,3
RAM2019_ENDO_6_SAENDO1,3058,0
RAM2019_ENDO_6_SAENDO1,3059,2
RAM2019_ENDO_6_SAENDO1,3060,3
RAM2019_ENDO_6_SAENDO1,3061,0
RAM2019_ENDO_6_SAENDO1,3062,0
RAM2019_ENDO_6_SAENDO1,3063,1
RAM2019_ENDO_6_SAENDO1,3064,1
RAM2019_ENDO_6_SAENDO1,3065,1
RAM2019_ENDO_6_SAENDO1,3066,1
RAM2019_ENDO_6_SAENDO1,3067,1
RAM2019_ENDO_6_SAENDO1,3068,0
RAM2019_ENDO_6_SAENDO1,3069,1
RAM2019_ENDO_6_SAENDO1,3070,2
RAM2019_ENDO_6_SAENDO1,3071,2
RAM2019_ENDO_6_SAENDO1,3072,1
RAM2019_ENDO_6_SAENDO1,3073,2
RAM2019_ENDO_6_SAENDO1,3074,0
RAM2019_ENDO_6_SAENDO1,3075,0
RAM2019_ENDO_6_SAENDO1,3076,1
RAM2019_ENDO_6_SAENDO1,3077,0
RAM2019_ENDO_6_SAENDO1,3078,0
RAM2019_ENDO_6_SAENDO1,3079,0
RAM2019_ENDO_6_SAENDO1,3080,1
RAM2019_ENDO_6_SAENDO1,3081,0
RAM2019_ENDO_6_SAENDO1,3082,0
RAM2019_ENDO_6_SAENDO1,3083,2
RAM2019_ENDO_6_SAENDO1,3084,0
RAM2019_ENDO_6_SAENDO1,3085,2
RAM2019_ENDO_6_SAENDO1,3086,0
RAM2019_ENDO_6_SAENDO1,3087,0
RAM2019_ENDO_6_SAENDO1,3088,2
RAM2019_ENDO_6_SAENDO1,3089,0
RAM2019_ENDO_6_SAENDO1,3090,0
RAM2019_ENDO_6_SAENDO1,3091,1
RAM2019_ENDO_6_SAENDO1,3092,1
RAM2019_ENDO_6_SAENDO1,3093,1
RAM2019_ENDO_6_SAENDO1,3094,0
RAM2019_ENDO_6_SAENDO1,3095,0
RAM2019_ENDO_6_SAENDO1,3096,0
RAM2019_ENDO_6_SAENDO1,3097,1
RAM2019_ENDO_6_SAENDO1,3098,0
RAM2019_ENDO_6_SAENDO1,3099,1
RAM2019_ENDO_6_SAENDO1,3100,1
RAM2019_ENDO_6_SAENDO1,3101,0
RAM2019_ENDO_6_SAENDO1,3102,0
RAM2019_ENDO_6_SAENDO1,3103,2
RAM2019_ENDO_6_SAENDO1,3104,1
RAM2019_ENDO_6_SAENDO1,3105,1
RAM2019_ENDO_6_SAENDO1,3106,1
RAM2019_ENDO_6_SAENDO1,3107,1
RAM2019_ENDO_6_SAENDO1,3108,1
RAM2019_ENDO_6_SAENDO1,3109,0
RAM2019_ENDO_6_SAENDO1,3110,1
RAM2019_ENDO_6_SAENDO1,3111,1
RAM2019_ENDO_6_SAENDO1,3112,0
RAM2019_ENDO_6_SAENDO1,3113,3
RAM2019_ENDO_6_SAENDO1,3114,6
RAM2019_ENDO_6_SAENDO1,3115,2
RAM2019_ENDO_6_SAENDO1,3116,0
RAM2019_ENDO_6_SAENDO1,3117,2
RAM2019_ENDO_6_SAENDO1,3118,2
RAM2019_ENDO_6_SAENDO1,3119,0
RAM2019_ENDO_6_SAENDO1,3120,0
RAM2019_ENDO_6_SAENDO1,3121,1
RAM2019_ENDO_6_SAENDO1,3122,3
RAM2019_ENDO_6_SAENDO1,3123,1
RAM2019_ENDO_6_SAENDO1,3124,3
RAM2019_ENDO_6_SAENDO1,3125,3
RAM2019_ENDO_6_SAENDO1,3126,0
RAM2019_ENDO_6_SAENDO1,3127,0
RAM2019_ENDO_6_SAENDO1,3128,1
RAM2019_ENDO_6_SAENDO1,3129,2
RAM2019_ENDO_6_SAENDO1,3130,1
RAM2019_ENDO_6_SAENDO1,3131,2
RAM2019_ENDO_6_SAENDO1,3132,4
RAM2019_ENDO_6_SAENDO1,3133,2
RAM2019_ENDO_6_SAENDO1,3134,1
RAM2019_ENDO_6_SAENDO1,3135,1
RAM2019_ENDO_6_SAENDO1,3136,0
RAM2019_ENDO_6_SAENDO1,3137,0
RAM2019_ENDO_6_SAENDO1,3138,1
RAM2019_ENDO_6_SAENDO1,3139,0
RAM2019_ENDO_6_SAENDO1,3140,1
RAM2019_ENDO_6_SAENDO1,3141,0
RAM2019_ENDO_6_SAENDO1,3142,1
RAM2019_ENDO_6_SAENDO1,3143,2
RAM2019_ENDO_6_SAENDO1,3144,1
RAM2019_ENDO_6_SAENDO1,3145,1
RAM2019_ENDO_6_SAENDO1,3146,1
RAM2019_ENDO_6_SAENDO1,3147,1
RAM2019_ENDO_6_SAENDO1,3148,1
RAM2019_ENDO_6_SAENDO1,3149,0
RAM2019_ENDO_6_SAENDO1,3150,2
RAM2019_ENDO_6_SAENDO1,3151,0
RAM2019_ENDO_6_SAENDO1,3152,2
RAM2019_ENDO_6_SAENDO1,3153,2
RAM2019_ENDO_6_SAENDO1,3154,1
RAM2019_ENDO_6_SAENDO1,3155,1
RAM2019_ENDO_6_SAENDO1,3156,2
RAM2019_ENDO_6_SAENDO1,3157,1
RAM2019_ENDO_6_SAENDO1,3158,0
RAM2019_ENDO_6_SAENDO1,3159,2
RAM2019_ENDO_6_SAENDO1,3160,1
RAM2019_ENDO_6_SAENDO1,3161,3
RAM2019_ENDO_6_SAENDO1,3162,0
RAM2019_ENDO_6_SAENDO1,3163,2
RAM2019_ENDO_6_SAENDO1,3164,1
RAM2019_ENDO_6_SAENDO1,3165,0
RAM2019_ENDO_6_SAENDO1,3166,1
RAM2019_ENDO_6_SAENDO1,3167,1
RAM2019_ENDO_6_SAENDO1,3168,2
RAM2019_ENDO_6_SAENDO1,3169,0
RAM2019_ENDO_6_SAENDO1,3170,0
RAM2019_ENDO_6_SAENDO1,3171,3
RAM2019_ENDO_6_SAENDO1,3172,0
RAM2019_ENDO_6_SAENDO1,3173,1
RAM2019_ENDO_6_SAENDO1,3174,1
RAM2019_ENDO_6_SAENDO1,3175,2
RAM2019_ENDO_6_SAENDO1,3176,3
RAM2019_ENDO_6_SAENDO1,3177,1
RAM2019_ENDO_6_SAENDO1,3178,1
RAM2019_ENDO_6_SAENDO1,3179,2
RAM2019_ENDO_6_SAENDO1,3180,2
RAM2019_ENDO_6_SAENDO1,3181,0
RAM2019_ENDO_6_SAENDO1,3182,2
RAM2019_ENDO_6_SAENDO1,3183,0
RAM2019_ENDO_6_SAENDO1,3184,2
RAM2019_ENDO_6_SAENDO1,3185,1
RAM2019_ENDO_6_SAENDO1,3186,2
RAM2019_ENDO_6_SAENDO1,3187,2
RAM2019_ENDO_6_SAENDO1,3188,3
RAM2019_ENDO_6_SAENDO1,3189,0
RAM2019_ENDO_6_SAENDO1,3190,2
RAM2019_ENDO_6_SAENDO1,3191,0
RAM2019_ENDO_6_SAENDO1,3192,1
RAM2019_ENDO_6_SAENDO1,3193,2
RAM2019_ENDO_6_SAENDO1,3194,1
RAM2019_ENDO_6_SAENDO1,3195,2
RAM2019_ENDO_6_SAENDO1,3196,2
RAM2019_ENDO_6_SAENDO1,3197,0
RAM2019_ENDO_6_SAENDO1,3198,0
RAM2019_ENDO_6_SAENDO1,3199,3
RAM2019_ENDO_6_SAENDO1,3200,0
RAM2019_ENDO_6_SAENDO1,3201,0
RAM2019_ENDO_6_SAENDO1,3202,1
RAM2019_ENDO_6_SAENDO1,3203,1
RAM2019_ENDO_6_SAENDO1,3204,0
RAM2019_ENDO_6_SAENDO1,3205,2
RAM2019_ENDO_6_SAENDO1,3206,5
RAM2019_ENDO_6_SAENDO1,3207,0
RAM2019_ENDO_6_SAENDO1,3208,3
RAM2019_ENDO_6_SAENDO1,3209,3
RAM2019_ENDO_6_SAENDO1,3210,0
RAM2019_ENDO_6_SAENDO1,3211,1
RAM2019_ENDO_6_SAENDO1,3212,0
RAM2019_ENDO_6_SAENDO1,3213,2
RAM2019_ENDO_6_SAENDO1,3214,1
RAM2019_ENDO_6_SAENDO1,3215,3
RAM2019_ENDO_6_SAENDO1,3216,0
RAM2019_ENDO_6_SAENDO1,3217,3
RAM2019_ENDO_6_SAENDO1,3218,2
RAM2019_ENDO_6_SAENDO1,3219,1
RAM2019_ENDO_6_SAENDO1,3220,1
RAM2019_ENDO_6_SAENDO1,3221,4
RAM2019_ENDO_6_SAENDO1,3222,0
RAM2019_ENDO_6_SAENDO1,3223,1
RAM2019_ENDO_6_SAENDO1,3224,0
RAM2019_ENDO_6_SAENDO1,3225,2
RAM2019_ENDO_6_SAENDO1,3226,0
RAM2019_ENDO_6_SAENDO1,3227,1
RAM2019_ENDO_6_SAENDO1,3228,0
RAM2019_ENDO_6_SAENDO1,3229,1
RAM2019_ENDO_6_SAENDO1,3230,1
RAM2019_ENDO_6_SAENDO1,3231,3
RAM2019_ENDO_6_SAENDO1,3232,3
RAM2019_ENDO_6_SAENDO1,3233,2
RAM2019_ENDO_6_SAENDO1,3234,1
RAM2019_ENDO_6_SAENDO1,3235,3
RAM2019_ENDO_6_SAENDO1,3236,3
RAM2019_ENDO_6_SAENDO1,3237,2
RAM2019_ENDO_6_SAENDO1,3238,2
RAM2019_ENDO_6_SAENDO1,3239,2
RAM2019_ENDO_6_SAENDO1,3240,1
RAM2019_ENDO_6_SAENDO1,3241,2
RAM2019_ENDO_6_SAENDO1,3242,1
RAM2019_ENDO_6_SAENDO1,3243,1
RAM2019_ENDO_6_SAENDO1,3244,2
RAM2019_ENDO_6_SAENDO1,3245,1
RAM2019_ENDO_6_SAENDO1,3246,1
RAM2019_ENDO_6_SAENDO1,3247,0
RAM2019_ENDO_6_SAENDO1,3248,3
RAM2019_ENDO_6_SAENDO1,3249,0
RAM2019_ENDO_6_SAENDO1,3250,0
RAM2019_ENDO_6_SAENDO1,3251,0
RAM2019_ENDO_6_SAENDO1,3252,0
RAM2019_ENDO_6_SAENDO1,3253,3
RAM2019_ENDO_6_SAENDO1,3254,1
RAM2019_ENDO_6_SAENDO1,3255,1
RAM2019_ENDO_6_SAENDO1,3256,2
RAM2019_ENDO_6_SAENDO1,3257,1
RAM2019_ENDO_6_SAENDO1,3258,0
RAM2019_ENDO_6_SAENDO1,3259,3
RAM2019_ENDO_6_SAENDO1,3260,1
RAM2019_ENDO_6_SAENDO1,3261,1
RAM2019_ENDO_6_SAENDO1,3262,0
RAM2019_ENDO_6_SAENDO1,3263,2
RAM2019_ENDO_6_SAENDO1,3264,2
RAM2019_ENDO_6_SAENDO1,3265,0
RAM2019_ENDO_6_SAENDO1,3266,2
RAM2019_ENDO_6_SAENDO1,3267,2
RAM2019_ENDO_6_SAENDO1,3268,0
RAM2019_ENDO_6_SAENDO1,3269,1
RAM2019_ENDO_6_SAENDO1,3270,0
RAM2019_ENDO_6_SAENDO1,3271,1
RAM2019_ENDO_6_SAENDO1,3272,0
RAM2019_ENDO_6_SAENDO1,3273,1
RAM2019_ENDO_6_SAENDO1,3274,3
RAM2019_ENDO_6_SAENDO1,3275,0
RAM2019_ENDO_6_SAENDO1,3276,3
RAM2019_ENDO_6_SAENDO1,3277,1
RAM2019_ENDO_6_SAENDO1,3278,3
RAM2019_ENDO_6_SAENDO1,3279,1
RAM2019_ENDO_6_SAENDO1,3280,0
RAM2019_ENDO_6_SAENDO1,3281,0
RAM2019_ENDO_6_SAENDO1,3282,0
RAM2019_ENDO_6_SAENDO1,3283,2
RAM2019_ENDO_6_SAENDO1,3284,1
RAM2019_ENDO_6_SAENDO1,3285,0
RAM2019_ENDO_6_SAENDO1,3286,1
RAM2019_ENDO_6_SAENDO1,3287,0
RAM2019_ENDO_6_SAENDO1,3288,0
RAM2019_ENDO_6_SAENDO1,3289,1
RAM2019_ENDO_6_SAENDO1,3290,1
RAM2019_ENDO_6_SAENDO1,3291,2
RAM2019_ENDO_6_SAENDO1,3292,3
RAM2019_ENDO_6_SAENDO1,3293,2
RAM2019_ENDO_6_SAENDO1,3294,0
RAM2019_ENDO_6_SAENDO1,3295,1
RAM2019_ENDO_6_SAENDO1,3296,2
RAM2019_ENDO_6_SAENDO1,3297,0
RAM2019_ENDO_6_SAENDO1,3298,0
RAM2019_ENDO_6_SAENDO1,3299,2
RAM2019_ENDO_6_SAENDO1,3300,1
RAM2019_ENDO_6_SAENDO1,3301,3
RAM2019_ENDO_6_SAENDO1,3302,2
RAM2019_ENDO_6_SAENDO1,3303,1
RAM2019_ENDO_6_SAENDO1,3304,2
RAM2019_ENDO_6_SAENDO1,3305,2
RAM2019_ENDO_6_SAENDO1,3306,2
RAM2019_ENDO_6_SAENDO1,3307,2
RAM2019_ENDO_6_SAENDO1,3308,2
RAM2019_ENDO_6_SAENDO1,3309,0
RAM2019_ENDO_6_SAENDO1,3310,1
RAM2019_ENDO_6_SAENDO1,3311,0
RAM2019_ENDO_6_SAENDO1,3312,2
RAM2019_ENDO_6_SAENDO1,3313,3
RAM2019_ENDO_6_SAENDO1,3314,0
RAM2019_ENDO_6_SAENDO1,3315,0
RAM2019_ENDO_6_SAENDO1,3316,1
RAM2019_ENDO_6_SAENDO1,3317,1
RAM2019_ENDO_6_SAENDO1,3318,1
RAM2019_ENDO_6_SAENDO1,3319,0
RAM2019_ENDO_6_SAENDO1,3320,0
RAM2019_ENDO_6_SAENDO1,3321,1
RAM2019_ENDO_6_SAENDO1,3322,1
RAM2019_ENDO_6_SAENDO1,3323,2
RAM2019_ENDO_6_SAENDO1,3324,1
RAM2019_ENDO_6_SAENDO1,3325,1
RAM2019_ENDO_6_SAENDO1,3326,1
RAM2019_ENDO_6_SAENDO1,3327,1
RAM2019_ENDO_6_SAENDO1,3328,2
RAM2019_ENDO_6_SAENDO1,3329,1
RAM2019_ENDO_6_SAENDO1,3330,0
RAM2019_ENDO_6_SAENDO1,3331,2
RAM2019_ENDO_6_SAENDO1,3332,0
RAM2019_ENDO_6_SAENDO1,3333,2
RAM2019_ENDO_6_SAENDO1,3334,1
RAM2019_ENDO_6_SAENDO1,3335,0
RAM2019_ENDO_6_SAENDO1,3336,1
RAM2019_ENDO_6_SAENDO1,3337,1
RAM2019_ENDO_6_SAENDO1,3338,2
RAM2019_ENDO_6_SAENDO1,3339,1
RAM2019_ENDO_6_SAENDO1,3340,2
RAM2019_ENDO_6_SAENDO1,3341,3
RAM2019_ENDO_6_SAENDO1,3342,1
RAM2019_ENDO_6_SAENDO1,3343,3
RAM2019_ENDO_6_SAENDO1,3344,2
RAM2019_ENDO_6_SAENDO1,3345,4
RAM2019_ENDO_6_SAENDO1,3346,0
RAM2019_ENDO_6_SAENDO1,3347,1
RAM2019_ENDO_6_SAENDO1,3348,2
RAM2019_ENDO_6_SAENDO1,3349,2
RAM2019_ENDO_6_SAENDO1,3350,2
RAM2019_ENDO_6_SAENDO1,3351,1
RAM2019_ENDO_6_SAENDO1,3352,1
RAM2019_ENDO_6_SAENDO1,3353,1
RAM2019_ENDO_6_SAENDO1,3354,0
RAM2019_ENDO_6_SAENDO1,3355,0
RAM2019_ENDO_6_SAENDO1,3356,1
RAM2019_ENDO_6_SAENDO1,3357,0
RAM2019_ENDO_6_SAENDO1,3358,1
RAM2019_ENDO_6_SAENDO1,3359,1
RAM2019_ENDO_6_SAENDO1,3360,2
RAM2019_ENDO_6_SAENDO1,3361,1
RAM2019_ENDO_6_SAENDO1,3362,0
RAM2019_ENDO_6_SAENDO1,3363,2
RAM2019_ENDO_6_SAENDO1,3364,0
RAM2019_ENDO_6_SAENDO1,3365,2
RAM2019_ENDO_6_SAENDO1,3366,1
RAM2019_ENDO_6_SAENDO1,3367,1
RAM2019_ENDO_6_SAENDO1,3368,3
RAM2019_ENDO_6_SAENDO1,3369,4
RAM2019_ENDO_6_SAENDO1,3370,1
RAM2019_ENDO_6_SAENDO1,3371,1
RAM2019_ENDO_6_SAENDO1,3372,1
RAM2019_ENDO_6_SAENDO1,3373,2
RAM2019_ENDO_6_SAENDO1,3374,1
RAM2019_ENDO_6_SAENDO1,3375,2
RAM2019_ENDO_6_SAENDO1,3376,2
RAM2019_ENDO_6_SAENDO1,3377,0
RAM2019_ENDO_6_SAENDO1,3378,2
RAM2019_ENDO_6_SAENDO1,3379,4
RAM2019_ENDO_6_SAENDO1,3380,3
RAM2019_ENDO_6_SAENDO1,3381,1
RAM2019_ENDO_6_SAENDO1,3382,0
RAM2019_ENDO_6_SAENDO1,3383,1
RAM2019_ENDO_6_SAENDO1,3384,1
RAM2019_ENDO_6_SAENDO1,3385,1
RAM2019_ENDO_6_SAENDO1,3386,1
RAM2019_ENDO_6_SAENDO1,3387,2
RAM2019_ENDO_6_SAENDO1,3388,1
RAM2019_ENDO_6_SAENDO1,3389,3
RAM2019_ENDO_6_SAENDO1,3390,0
RAM2019_ENDO_6_SAENDO1,3391,0
RAM2019_ENDO_6_SAENDO1,3392,1
RAM2019_ENDO_6_SAENDO1,3393,2
RAM2019_ENDO_6_SAENDO1,3394,2
RAM2019_ENDO_6_SAENDO1,3395,1
RAM2019_ENDO_6_SAENDO1,3396,2
RAM2019_ENDO_6_SAENDO1,3397,0
RAM2019_ENDO_6_SAENDO1,3398,0
RAM2019_ENDO_6_SAENDO1,3399,0
RAM2019_ENDO_6_SAENDO1,3400,1
RAM2019_ENDO_6_SAENDO1,3401,3
RAM2019_ENDO_6_SAENDO1,3402,0
RAM2019_ENDO_6_SAENDO1,3403,1
RAM2019_ENDO_6_SAENDO1,3404,2
RAM2019_ENDO_6_SAENDO1,3405,0
RAM2019_ENDO_6_SAENDO1,3406,2
RAM2019_ENDO_6_SAENDO1,3407,2
RAM2019_ENDO_6_SAENDO1,3408,0
RAM2019_ENDO_6_SAENDO1,3409,4
RAM2019_ENDO_6_SAENDO1,3410,1
RAM2019_ENDO_6_SAENDO1,3411,2
RAM2019_ENDO_6_SAENDO1,3412,0
RAM2019_ENDO_6_SAENDO1,3413,0
RAM2019_ENDO_6_SAENDO1,3414,1
RAM2019_ENDO_6_SAENDO1,3415,2
RAM2019_ENDO_6_SAENDO1,3416,3
RAM2019_ENDO_6_SAENDO1,3417,0
RAM2019_ENDO_6_SAENDO1,3418,1
RAM2019_ENDO_6_SAENDO1,3419,1
RAM2019_ENDO_6_SAENDO1,3420,3
RAM2019_ENDO_6_SAENDO1,3421,3
RAM2019_ENDO_6_SAENDO1,3422,1
RAM2019_ENDO_6_SAENDO1,3423,1
RAM2019_ENDO_6_SAENDO1,3424,1
RAM2019_ENDO_6_SAENDO1,3425,0
RAM2019_ENDO_6_SAENDO1,3426,2
RAM2019_ENDO_6_SAENDO1,3427,0
RAM2019_ENDO_6_SAENDO1,3428,2
RAM2019_ENDO_6_SAENDO1,3429,0
RAM2019_ENDO_6_SAENDO1,3430,2
RAM2019_ENDO_6_SAENDO1,3431,1
RAM2019_ENDO_6_SAENDO1,3432,1
RAM2019_ENDO_6_SAENDO1,3433,2
RAM2019_ENDO_6_SAENDO1,3434,2
RAM2019_ENDO_6_SAENDO1,3435,0
RAM2019_ENDO_6_SAENDO1,3436,2
RAM2019_ENDO_6_SAENDO1,3437,2
RAM2019_ENDO_6_SAENDO1,3438,1
RAM2019_ENDO_6_SAENDO1,3439,1
RAM2019_ENDO_6_SAENDO1,3440,1
RAM2019_ENDO_6_SAENDO1,3441,2
RAM2019_ENDO_6_SAENDO1,3442,0
RAM2019_ENDO_6_SAENDO1,3443,1
RAM2019_ENDO_6_SAENDO1,3444,1
RAM2019_ENDO_6_SAENDO1,3445,1
RAM2019_ENDO_6_SAENDO1,3446,1
RAM2019_ENDO_6_SAENDO1,3447,0
RAM2019_ENDO_6_SAENDO1,3448,2
RAM2019_ENDO_6_SAENDO1,3449,2
RAM2019_ENDO_6_SAENDO1,3450,4
RAM2019_ENDO_6_SAENDO1,3451,1
RAM2019_ENDO_6_SAENDO1,3452,0
RAM2019_ENDO_6_SAENDO1,3453,1
RAM2019_ENDO_6_SAENDO1,3454,0
RAM2019_ENDO_6_SAENDO1,3455,1
RAM2019_ENDO_6_SAENDO1,3456,1
RAM2019_ENDO_6_SAENDO1,3457,0
RAM2019_ENDO_6_SAENDO1,3458,0
RAM2019_ENDO_6_SAENDO1,3459,1
RAM2019_ENDO_6_SAENDO1,3460,2
RAM2019_ENDO_6_SAENDO1,3461,1
RAM2019_ENDO_6_SAENDO1,3462,0
RAM2019_ENDO_6_SAENDO1,3463,1
RAM2019_ENDO_6_SAENDO1,3464,2
RAM2019_ENDO_6_SAENDO1,3465,1
RAM2019_ENDO_6_SAENDO1,3466,1
RAM2019_ENDO_6_SAENDO1,3467,2
RAM2019_ENDO_6_SAENDO1,3468,1
RAM2019_ENDO_6_SAENDO1,3469,1
RAM2019_ENDO_6_SAENDO1,3470,0
RAM2019_ENDO_6_SAENDO1,3471,1
RAM2019_ENDO_6_SAENDO1,3472,0
RAM2019_ENDO_6_SAENDO1,3473,2
RAM2019_ENDO_6_SAENDO1,3474,2
RAM2019_ENDO_6_SAENDO1,3475,0
RAM2019_ENDO_6_SAENDO1,3476,1
RAM2019_ENDO_6_SAENDO1,3477,0
RAM2019_ENDO_6_SAENDO1,3478,1
RAM2019_ENDO_6_SAENDO1,3479,1
RAM2019_ENDO_6_SAENDO1,3480,2
RAM2019_ENDO_6_SAENDO1,3481,0
RAM2019_ENDO_6_SAENDO1,3482,0
RAM2019_ENDO_6_SAENDO1,3483,0
RAM2019_ENDO_6_SAENDO1,3484,2
RAM2019_ENDO_6_SAENDO1,3485,1
RAM2019_ENDO_6_SAENDO1,3486,3
RAM2019_ENDO_6_SAENDO1,3487,3
RAM2019_ENDO_6_SAENDO1,3488,1
RAM2019_ENDO_6_SAENDO1,3489,1
RAM2019_ENDO_6_SAENDO1,3490,1
RAM2019_ENDO_6_SAENDO1,3491,2
RAM2019_ENDO_6_SAENDO1,3492,1
RAM2019_ENDO_6_SAENDO1,3493,1
RAM2019_ENDO_6_SAENDO1,3494,0
RAM2019_ENDO_6_SAENDO1,3495,0
RAM2019_ENDO_6_SAENDO1,3496,1
RAM2019_ENDO_6_SAENDO1,3497,1
RAM2019_ENDO_6_SAENDO1,3498,0
RAM2019_ENDO_6_SAENDO1,3499,0
RAM2019_ENDO_6_SAENDO1,3500,0
RAM2019_ENDO_6_SAENDO1,3501,1
RAM2019_ENDO_6_SAENDO1,3502,1
RAM2019_ENDO_6_SAENDO1,3503,2
RAM2019_ENDO_6_SAENDO1,3504,0
RAM2019_ENDO_6_SAENDO1,3505,2
RAM2019_ENDO_6_SAENDO1,3506,1
RAM2019_ENDO_6_SAENDO1,3507,0
RAM2019_ENDO_6_SAENDO1,3508,2
RAM2019_ENDO_6_SAENDO1,3509,1
RAM2019_ENDO_6_SAENDO1,3510,2
RAM2019_ENDO_6_SAENDO1,3511,0
RAM2019_ENDO_6_SAENDO1,3512,0
RAM2019_ENDO_6_SAENDO1,3513,1
RAM2019_ENDO_6_SAENDO1,3514,2
RAM2019_ENDO_6_SAENDO1,3515,2
RAM2019_ENDO_6_SAENDO1,3516,0
RAM2019_ENDO_6_SAENDO1,3517,2
RAM2019_ENDO_6_SAENDO1,3518,1
RAM2019_ENDO_6_SAENDO1,3519,1
RAM2019_ENDO_6_SAENDO1,3520,3
RAM2019_ENDO_6_SAENDO1,3521,2
RAM2019_ENDO_6_SAENDO1,3522,2
RAM2019_ENDO_6_SAENDO1,3523,3
RAM2019_ENDO_6_SAENDO1,3524,4
RAM2019_ENDO_6_SAENDO1,3525,1
RAM2019_ENDO_6_SAENDO1,3526,2
RAM2019_ENDO_6_SAENDO1,3527,1
RAM2019_ENDO_6_SAENDO1,3528,2
RAM2019_ENDO_6_SAENDO1,3529,1
RAM2019_ENDO_6_SAENDO1,3530,2
RAM2019_ENDO_6_SAENDO1,3531,1
RAM2019_ENDO_6_SAENDO1,3532,2
RAM2019_ENDO_6_SAENDO1,3533,2
RAM2019_ENDO_6_SAENDO1,3534,1
RAM2019_ENDO_6_SAENDO1,3535,3
RAM2019_ENDO_6_SAENDO1,3536,3
RAM2019_ENDO_6_SAENDO1,3537,0
RAM2019_ENDO_6_SAENDO1,3538,2
RAM2019_ENDO_6_SAENDO1,3539,1
RAM2019_ENDO_6_SAENDO1,3540,1
RAM2019_ENDO_6_SAENDO1,3541,1
RAM2019_ENDO_6_SAENDO1,3542,5
RAM2019_ENDO_6_SAENDO1,3543,0
RAM2019_ENDO_6_SAENDO1,3544,2
RAM2019_ENDO_6_SAENDO1,3545,0
RAM2019_ENDO_6_SAENDO1,3546,2
RAM2019_ENDO_6_SAENDO1,3547,0
RAM2019_ENDO_6_SAENDO1,3548,0
RAM2019_ENDO_6_SAENDO1,3549,0
RAM2019_ENDO_6_SAENDO1,3550,2
RAM2019_ENDO_6_SAENDO1,3551,0
RAM2019_ENDO_6_SAENDO1,3552,0
RAM2019_ENDO_6_SAENDO1,3553,2
RAM2019_ENDO_6_SAENDO1,3554,0
RAM2019_ENDO_6_SAENDO1,3555,3
RAM2019_ENDO_6_SAENDO1,3556,0
RAM2019_ENDO_6_SAENDO1,3557,0
RAM2019_ENDO_6_SAENDO1,3558,1
RAM2019_ENDO_6_SAENDO1,3559,3
RAM2019_ENDO_6_SAENDO1,3560,1
RAM2019_ENDO_6_SAENDO1,3561,2
RAM2019_ENDO_6_SAENDO1,3562,3
RAM2019_ENDO_6_SAENDO1,3563,1
RAM2019_ENDO_6_SAENDO1,3564,0
RAM2019_ENDO_6_SAENDO1,3565,0
RAM2019_ENDO_6_SAENDO1,3566,3
RAM2019_ENDO_6_SAENDO1,3567,0
RAM2019_ENDO_6_SAENDO1,3568,2
RAM2019_ENDO_6_SAENDO1,3569,0
RAM2019_ENDO_6_SAENDO1,3570,2
RAM2019_ENDO_6_SAENDO1,3571,0
RAM2019_ENDO_6_SAENDO1,3572,0
RAM2019_ENDO_6_SAENDO1,3573,2
RAM2019_ENDO_6_SAENDO1,3574,2
RAM2019_ENDO_6_SAENDO1,3575,2
RAM2019_ENDO_6_SAENDO1,3576,1
RAM2019_ENDO_6_SAENDO1,3577,2
RAM2019_ENDO_6_SAENDO1,3578,1
RAM2019_ENDO_6_SAENDO1,3579,0
RAM2019_ENDO_6_SAENDO1,3580,1
RAM2019_ENDO_6_SAENDO1,3581,1
RAM2019_ENDO_6_SAENDO1,3582,3
RAM2019_ENDO_6_SAENDO1,3583,1
RAM2019_ENDO_6_SAENDO1,3584,1
RAM2019_ENDO_6_SAENDO1,3585,1
RAM2019_ENDO_6_SAENDO1,3586,2
RAM2019_ENDO_6_SAENDO1,3587,1
RAM2019_ENDO_6_SAENDO1,3588,2
RAM2019_ENDO_6_SAENDO1,3589,0
RAM2019_ENDO_6_SAENDO1,3590,1
RAM2019_ENDO_6_SAENDO1,3591,2
RAM2019_ENDO_6_SAENDO1,3592,2
RAM2019_ENDO_6_SAENDO1,3593,2
RAM2019_ENDO_6_SAENDO1,3594,3
RAM2019_ENDO_6_SAENDO1,3595,0
RAM2019_ENDO_6_SAENDO1,3596,2
RAM2019_ENDO_6_SAENDO1,3597,1
RAM2019_ENDO_6_SAENDO1,3598,0
RAM2019_ENDO_6_SAENDO1,3599,3
RAM2019_ENDO_6_SAENDO1,3600,1
RAM2019_ENDO_6_SAENDO1,3601,1
RAM2019_ENDO_6_SAENDO1,3602,2
RAM2019_ENDO_6_SAENDO1,3603,1
RAM2019_ENDO_6_SAENDO1,3604,3
RAM2019_ENDO_6_SAENDO1,3605,0
RAM2019_ENDO_6_SAENDO1,3606,0
RAM2019_ENDO_6_SAENDO1,3607,4
RAM2019_ENDO_6_SAENDO1,3608,1
RAM2019_ENDO_6_SAENDO1,3609,1
RAM2019_ENDO_6_SAENDO1,3610,1
RAM2019_ENDO_6_SAENDO1,3611,2
RAM2019_ENDO_6_SAENDO1,3612,0
RAM2019_ENDO_6_SAENDO1,3613,1
RAM2019_ENDO_6_SAENDO1,3614,3
RAM2019_ENDO_6_SAENDO1,3615,0
RAM2019_ENDO_6_SAENDO1,3616,5
RAM2019_ENDO_6_SAENDO1,3617,1
RAM2019_ENDO_6_SAENDO1,3618,0
RAM2019_ENDO_6_SAENDO1,3619,1
RAM2019_ENDO_6_SAENDO1,3620,2
RAM2019_ENDO_6_SAENDO1,3621,0
RAM2019_ENDO_6_SAENDO1,3622,0
RAM2019_ENDO_6_SAENDO1,3623,2
RAM2019_ENDO_6_SAENDO1,3624,3
RAM2019_ENDO_6_SAENDO1,3625,2
RAM2019_ENDO_6_SAENDO1,3626,2
RAM2019_ENDO_6_SAENDO1,3627,2
RAM2019_ENDO_6_SAENDO1,3628,1
RAM2019_ENDO_6_SAENDO1,3629,0
RAM2019_ENDO_6_SAENDO1,3630,3
RAM2019_ENDO_6_SAENDO1,3631,0
RAM2019_ENDO_6_SAENDO1,3632,0
RAM2019_ENDO_6_SAENDO1,3633,2
RAM2019_ENDO_6_SAENDO1,3634,1
RAM2019_ENDO_6_SAENDO1,3635,0
RAM2019_ENDO_6_SAENDO1,3636,0
RAM2019_ENDO_6_SAENDO1,3637,1
RAM2019_ENDO_6_SAENDO1,3638,1
RAM2019_ENDO_6_SAENDO1,3639,1
RAM2019_ENDO_6_SAENDO1,3640,2
RAM2019_ENDO_6_SAENDO1,3641,0
RAM2019_ENDO_6_SAENDO1,3642,1
RAM2019_ENDO_6_SAENDO1,3643,2
RAM2019_ENDO_6_SAENDO1,3644,0
RAM2019_ENDO_6_SAENDO1,3645,2
RAM2019_ENDO_6_SAENDO1,3646,4
RAM2019_ENDO_6_SAENDO1,3647,2
RAM2019_ENDO_6_SAENDO1,3648,0
RAM2019_ENDO_6_SAENDO1,3649,2
RAM2019_ENDO_6_SAENDO1,3650,0
RAM2019_ENDO_6_SAENDO1,3651,2
RAM2019_ENDO_6_SAENDO1,3652,1
RAM2019_ENDO_6_SAENDO1,3653,0
RAM2019_ENDO_6_SAENDO1,3654,1
RAM2019_ENDO_6_SAENDO1,3655,3
RAM2019_ENDO_6_SAENDO1,3656,0
RAM2019_ENDO_6_SAENDO1,3657,2
RAM2019_ENDO_6_SAENDO1,3658,0
RAM2019_ENDO_6_SAENDO1,3659,1
RAM2019_ENDO_6_SAENDO1,3660,1
RAM2019_ENDO_6_SAENDO1,3661,1
RAM2019_ENDO_6_SAENDO1,3662,1
RAM2019_ENDO_6_SAENDO1,3663,1
RAM2019_ENDO_6_SAENDO1,3664,3
RAM2019_ENDO_6_SAENDO1,3665,1
RAM2019_ENDO_6_SAENDO1,3666,1
RAM2019_ENDO_6_SAENDO1,3667,0
RAM2019_ENDO_6_SAENDO1,3668,0
RAM2019_ENDO_6_SAENDO1,3669,0
RAM2019_ENDO_6_SAENDO1,3670,3
RAM2019_ENDO_6_SAENDO1,3671,0
RAM2019_ENDO_6_SAENDO1,3672,0
RAM2019_ENDO_6_SAENDO1,3673,5
RAM2019_ENDO_6_SAENDO1,3674,1
RAM2019_ENDO_6_SAENDO1,3675,2
RAM2019_ENDO_6_SAENDO1,3676,3
RAM2019_ENDO_6_SAENDO1,3677,2
RAM2019_ENDO_6_SAENDO1,3678,1
RAM2019_ENDO_6_SAENDO1,3679,1
RAM2019_ENDO_6_SAENDO1,3680,0
RAM2019_ENDO_6_SAENDO1,3681,5
RAM2019_ENDO_6_SAENDO1,3682,1
RAM2019_ENDO_6_SAENDO1,3683,1
RAM2019_ENDO_6_SAENDO1,3684,2
RAM2019_ENDO_6_SAENDO1,3685,0
RAM2019_ENDO_6_SAENDO1,3686,0
RAM2019_ENDO_6_SAENDO1,3687,2
RAM2019_ENDO_6_SAENDO1,3688,1
RAM2019_ENDO_6_SAENDO1,3689,1
RAM2019_ENDO_6_SAENDO1,3690,0
RAM2019_ENDO_6_SAENDO1,3691,0
RAM2019_ENDO_6_SAENDO1,3692,0
RAM2019_ENDO_6_SAENDO1,3693,0
RAM2019_ENDO_6_SAENDO1,3694,3
RAM2019_ENDO_6_SAENDO1,3695,2
RAM2019_ENDO_6_SAENDO1,3696,1
RAM2019_ENDO_6_SAENDO1,3697,2
RAM2019_ENDO_6_SAENDO1,3698,1
RAM2019_ENDO_6_SAENDO1,3699,2
RAM2019_ENDO_6_SAENDO1,3700,3
RAM2019_ENDO_6_SAENDO1,3701,1
RAM2019_ENDO_6_SAENDO1,3702,2
RAM2019_ENDO_6_SAENDO1,3703,2
RAM2019_ENDO_6_SAENDO1,3704,0
RAM2019_ENDO_6_SAENDO1,3705,1
RAM2019_ENDO_6_SAENDO1,3706,0
RAM2019_ENDO_6_SAENDO1,3707,1
RAM2019_ENDO_6_SAENDO1,3708,0
RAM2019_ENDO_6_SAENDO1,3709,2
RAM2019_ENDO_6_SAENDO1,3710,2
RAM2019_ENDO_6_SAENDO1,3711,2
RAM2019_ENDO_6_SAENDO1,3712,1
RAM2019_ENDO_6_SAENDO1,3713,1
RAM2019_ENDO_6_SAENDO1,3714,1
RAM2019_ENDO_6_SAENDO1,3715,2
RAM2019_ENDO_6_SAENDO1,3716,2
RAM2019_ENDO_6_SAENDO1,3717,1
RAM2019_ENDO_6_SAENDO1,3718,1
RAM2019_ENDO_6_SAENDO1,3719,0
RAM2019_ENDO_6_SAENDO1,3720,1
RAM2019_ENDO_6_SAENDO1,3721,0
RAM2019_ENDO_6_SAENDO1,3722,1
RAM2019_ENDO_6_SAENDO1,3723,1
RAM2019_ENDO_6_SAENDO1,3724,0
RAM2019_ENDO_6_SAENDO1,3725,1
RAM2019_ENDO_6_SAENDO1,3726,0
RAM2019_ENDO_6_SAENDO1,3727,1
RAM2019_ENDO_6_SAENDO1,3728,0
RAM2019_ENDO_6_SAENDO1,3729,1
RAM2019_ENDO_6_SAENDO1,3730,1
RAM2019_ENDO_6_SAENDO1,3731,2
RAM2019_ENDO_6_SAENDO1,3732,1
RAM2019_ENDO_6_SAENDO1,3733,1
RAM2019_ENDO_6_SAENDO1,3734,0
RAM2019_ENDO_6_SAENDO1,3735,0
RAM2019_ENDO_6_SAENDO1,3736,2
RAM2019_ENDO_6_SAENDO1,3737,1
RAM2019_ENDO_6_SAENDO1,3738,2
RAM2019_ENDO_6_SAENDO1,3739,0
RAM2019_ENDO_6_SAENDO1,3740,4
RAM2019_ENDO_6_SAENDO1,3741,1
RAM2019_ENDO_6_SAENDO1,3742,3
RAM2019_ENDO_6_SAENDO1,3743,2
RAM2019_ENDO_6_SAENDO1,3744,2
RAM2019_ENDO_6_SAENDO1,3745,1
RAM2019_ENDO_6_SAENDO1,3746,1
RAM2019_ENDO_6_SAENDO1,3747,1
RAM2019_ENDO_6_SAENDO1,3748,0
RAM2019_ENDO_6_SAENDO1,3749,2
RAM2019_ENDO_6_SAENDO1,3750,1
RAM2019_ENDO_6_SAENDO1,3751,1
RAM2019_ENDO_6_SAENDO1,3752,0
RAM2019_ENDO_6_SAENDO1,3753,2
RAM2019_ENDO_6_SAENDO1,3754,3
RAM2019_ENDO_6_SAENDO1,3755,2
RAM2019_ENDO_6_SAENDO1,3756,1
RAM2019_ENDO_6_SAENDO1,3757,2
RAM2019_ENDO_6_SAENDO1,3758,1
RAM2019_ENDO_6_SAENDO1,3759,2
RAM2019_ENDO_6_SAENDO1,3760,1
RAM2019_ENDO_6_SAENDO1,3761,0
RAM2019_ENDO_6_SAENDO1,3762,1
RAM2019_ENDO_6_SAENDO1,3763,0
RAM2019_ENDO_6_SAENDO1,3764,0
RAM2019_ENDO_6_SAENDO1,3765,1
RAM2019_ENDO_6_SAENDO1,3766,0
RAM2019_ENDO_6_SAENDO1,3767,1
RAM2019_ENDO_6_SAENDO1,3768,0
RAM2019_ENDO_6_SAENDO1,3769,1
RAM2019_ENDO_6_SAENDO1,3770,1
RAM2019_ENDO_6_SAENDO1,3771,2
RAM2019_ENDO_6_SAENDO1,3772,0
RAM2019_ENDO_6_SAENDO1,3773,0
RAM2019_ENDO_6_SAENDO1,3774,1
RAM2019_ENDO_6_SAENDO1,3775,1
RAM2019_ENDO_6_SAENDO1,3776,1
RAM2019_ENDO_6_SAENDO1,3777,0
RAM2019_ENDO_6_SAENDO1,3778,1
RAM2019_ENDO_6_SAENDO1,3779,3
RAM2019_ENDO_6_SAENDO1,3780,0
RAM2019_ENDO_6_SAENDO1,3781,1
RAM2019_ENDO_6_SAENDO1,3782,1
RAM2019_ENDO_6_SAENDO1,3783,2
RAM2019_ENDO_6_SAENDO1,3784,2
RAM2019_ENDO_6_SAENDO1,3785,1
RAM2019_ENDO_6_SAENDO1,3786,0
RAM2019_ENDO_6_SAENDO1,3787,2
RAM2019_ENDO_6_SAENDO1,3788,1
RAM2019_ENDO_6_SAENDO1,3789,1
RAM2019_ENDO_6_SAENDO1,3790,1
RAM2019_ENDO_6_SAENDO1,3791,2
RAM2019_ENDO_6_SAENDO1,3792,1
RAM2019_ENDO_6_SAENDO1,3793,2
RAM2019_ENDO_6_SAENDO1,3794,1
RAM2019_ENDO_6_SAENDO1,3795,1
RAM2019_ENDO_6_SAENDO1,3796,1
RAM2019_ENDO_6_SAENDO1,3797,0
RAM2019_ENDO_6_SAENDO1,3798,1
RAM2019_ENDO_6_SAENDO1,3799,1
RAM2019_ENDO_6_SAENDO1,3800,3
RAM2019_ENDO_6_SAENDO1,3801,0
RAM2019_ENDO_6_SAENDO1,3802,0
RAM2019_ENDO_6_SAENDO1,3803,2
RAM2019_ENDO_6_SAENDO1,3804,1
RAM2019_ENDO_6_SAENDO1,3805,3
RAM2019_ENDO_6_SAENDO1,3806,2
RAM2019_ENDO_6_SAENDO1,3807,1
RAM2019_ENDO_6_SAENDO1,3808,1
RAM2019_ENDO_6_SAENDO1,3809,1
RAM2019_ENDO_6_SAENDO1,3810,1
RAM2019_ENDO_6_SAENDO1,3811,1
RAM2019_ENDO_6_SAENDO1,3812,2
RAM2019_ENDO_6_SAENDO1,3813,2
RAM2019_ENDO_6_SAENDO1,3814,3
RAM2019_ENDO_6_SAENDO1,3815,1
RAM2019_ENDO_6_SAENDO1,3816,0
RAM2019_ENDO_6_SAENDO1,3817,1
RAM2019_ENDO_6_SAENDO1,3818,0
RAM2019_ENDO_6_SAENDO1,3819,0
RAM2019_ENDO_6_SAENDO1,3820,1
RAM2019_ENDO_6_SAENDO1,3821,6
RAM2019_ENDO_6_SAENDO1,3822,2
RAM2019_ENDO_6_SAENDO1,3823,0
RAM2019_ENDO_6_SAENDO1,3824,2
RAM2019_ENDO_6_SAENDO1,3825,1
RAM2019_ENDO_6_SAENDO1,3826,2
RAM2019_ENDO_6_SAENDO1,3827,1
RAM2019_ENDO_6_SAENDO1,3828,1
RAM2019_ENDO_6_SAENDO1,3829,1
RAM2019_ENDO_6_SAENDO1,3830,0
RAM2019_ENDO_6_SAENDO1,3831,1
RAM2019_ENDO_6_SAENDO1,3832,1
RAM2019_ENDO_6_SAENDO1,3833,1
RAM2019_ENDO_6_SAENDO1,3834,2
RAM2019_ENDO_6_SAENDO1,3835,3
RAM2019_ENDO_6_SAENDO1,3836,1
RAM2019_ENDO_6_SAENDO1,3837,1
RAM2019_ENDO_6_SAENDO1,3838,2
RAM2019_ENDO_6_SAENDO1,3839,1
RAM2019_ENDO_6_SAENDO1,3840,1
RAM2019_ENDO_6_SAENDO1,3841,2
RAM2019_ENDO_6_SAENDO1,3842,0
RAM2019_ENDO_6_SAENDO1,3843,2
RAM2019_ENDO_6_SAENDO1,3844,0
RAM2019_ENDO_6_SAENDO1,3845,2
RAM2019_ENDO_6_SAENDO1,3846,2
RAM2019_ENDO_6_SAENDO1,3847,1
RAM2019_ENDO_6_SAENDO1,3848,0
RAM2019_ENDO_6_SAENDO1,3849,1
RAM2019_ENDO_6_SAENDO1,3850,0
RAM2019_ENDO_6_SAENDO1,3851,2
RAM2019_ENDO_6_SAENDO1,3852,2
RAM2019_ENDO_6_SAENDO1,3853,1
RAM2019_ENDO_6_SAENDO1,3854,1
RAM2019_ENDO_6_SAENDO1,3855,1
RAM2019_ENDO_6_SAENDO1,3856,0
RAM2019_ENDO_6_SAENDO1,3857,1
RAM2019_ENDO_6_SAENDO1,3858,1
RAM2019_ENDO_6_SAENDO1,3859,0
RAM2019_ENDO_6_SAENDO1,3860,2
RAM2019_ENDO_6_SAENDO1,3861,3
RAM2019_ENDO_6_SAENDO1,3862,1
RAM2019_ENDO_6_SAENDO1,3863,4
RAM2019_ENDO_6_SAENDO1,3864,1
RAM2019_ENDO_6_SAENDO1,3865,1
RAM2019_ENDO_6_SAENDO1,3866,1
RAM2019_ENDO_6_SAENDO1,3867,0
RAM2019_ENDO_6_SAENDO1,3868,3
RAM2019_ENDO_6_SAENDO1,3869,1
RAM2019_ENDO_6_SAENDO1,3870,0
RAM2019_ENDO_6_SAENDO1,3871,3
RAM2019_ENDO_6_SAENDO1,3872,1
RAM2019_ENDO_6_SAENDO1,3873,0
RAM2019_ENDO_6_SAENDO1,3874,1
RAM2019_ENDO_6_SAENDO1,3875,0
RAM2019_ENDO_6_SAENDO1,3876,0
RAM2019_ENDO_6_SAENDO1,3877,2
RAM2019_ENDO_6_SAENDO1,3878,0
RAM2019_ENDO_6_SAENDO1,3879,3
RAM2019_ENDO_6_SAENDO1,3880,0
RAM2019_ENDO_6_SAENDO1,3881,1
RAM2019_ENDO_6_SAENDO1,3882,0
RAM2019_ENDO_6_SAENDO1,3883,1
RAM2019_ENDO_6_SAENDO1,3884,2
RAM2019_ENDO_6_SAENDO1,3885,2
RAM2019_ENDO_6_SAENDO1,3886,2
RAM2019_ENDO_6_SAENDO1,3887,0
RAM2019_ENDO_6_SAENDO1,3888,0
RAM2019_ENDO_6_SAENDO1,3889,3
RAM2019_ENDO_6_SAENDO1,3890,1
RAM2019_ENDO_6_SAENDO1,3891,0
RAM2019_ENDO_6_SAENDO1,3892,1
RAM2019_ENDO_6_SAENDO1,3893,2
RAM2019_ENDO_6_SAENDO1,3894,1
RAM2019_ENDO_6_SAENDO1,3895,2
RAM2019_ENDO_6_SAENDO1,3896,1
RAM2019_ENDO_6_SAENDO1,3897,1
RAM2019_ENDO_6_SAENDO1,3898,1
RAM2019_ENDO_6_SAENDO1,3899,3
RAM2019_ENDO_6_SAENDO1,3900,2
RAM2019_ENDO_6_SAENDO1,3901,0
RAM2019_ENDO_6_SAENDO1,3902,1
RAM2019_ENDO_6_SAENDO1,3903,2
RAM2019_ENDO_6_SAENDO1,3904,1
RAM2019_ENDO_6_SAENDO1,3905,1
RAM2019_ENDO_6_SAENDO1,3906,1
RAM2019_ENDO_6_SAENDO1,3907,1
RAM2019_ENDO_6_SAENDO1,3908,0
RAM2019_ENDO_6_SAENDO1,3909,1
RAM2019_ENDO_6_SAENDO1,3910,2
RAM2019_ENDO_6_SAENDO1,3911,0
RAM2019_ENDO_6_SAENDO1,3912,3
RAM2019_ENDO_6_SAENDO1,3913,1
RAM2019_ENDO_6_SAENDO1,3914,1
RAM2019_ENDO_6_SAENDO1,3915,2
RAM2019_ENDO_6_SAENDO1,3916,2
RAM2019_ENDO_6_SAENDO1,3917,4
RAM2019_ENDO_6_SAENDO1,3918,0
RAM2019_ENDO_6_SAENDO1,3919,1
RAM2019_ENDO_6_SAENDO1,3920,0
RAM2019_ENDO_6_SAENDO1,3921,1
RAM2019_ENDO_6_SAENDO1,3922,1
RAM2019_ENDO_6_SAENDO1,3923,1
RAM2019_ENDO_6_SAENDO1,3924,1
RAM2019_ENDO_6_SAENDO1,3925,2
RAM2019_ENDO_6_SAENDO1,3926,3
RAM2019_ENDO_6_SAENDO1,3927,3
RAM2019_ENDO_6_SAENDO1,3928,1
RAM2019_ENDO_6_SAENDO1,3929,0
RAM2019_ENDO_6_SAENDO1,3930,2
RAM2019_ENDO_6_SAENDO1,3931,0
RAM2019_ENDO_6_SAENDO1,3932,2
RAM2019_ENDO_6_SAENDO1,3933,0
RAM2019_ENDO_6_SAENDO1,3934,1
RAM2019_ENDO_6_SAENDO1,3935,1
RAM2019_ENDO_6_SAENDO1,3936,1
RAM2019_ENDO_6_SAENDO1,3937,2
RAM2019_ENDO_6_SAENDO1,3938,2
RAM2019_ENDO_6_SAENDO1,3939,3
RAM2019_ENDO_6_SAENDO1,3940,1
RAM2019_ENDO_6_SAENDO1,3941,2
RAM2019_ENDO_6_SAENDO1,3942,1
RAM2019_ENDO_6_SAENDO1,3943,0
RAM2019_ENDO_6_SAENDO1,3944,1
RAM2019_ENDO_6_SAENDO1,3945,2
RAM2019_ENDO_6_SAENDO1,3946,0
RAM2019_ENDO_6_SAENDO1,3947,0
RAM2019_ENDO_6_SAENDO1,3948,1
RAM2019_ENDO_6_SAENDO1,3949,2
RAM2019_ENDO_6_SAENDO1,3950,2
RAM2019_ENDO_6_SAENDO1,3951,2
RAM2019_ENDO_6_SAENDO1,3952,1
RAM2019_ENDO_6_SAENDO1,3953,0
RAM2019_ENDO_6_SAENDO1,3954,1
RAM2019_ENDO_6_SAENDO1,3955,1
RAM2019_ENDO_6_SAENDO1,3956,2
RAM2019_ENDO_6_SAENDO1,3957,2
RAM2019_ENDO_6_SAENDO1,3958,1
RAM2019_ENDO_6_SAENDO1,3959,1
RAM2019_ENDO_6_SAENDO1,3960,1
RAM2019_ENDO_6_SAENDO1,3961,1
RAM2019_ENDO_6_SAENDO1,3962,1
RAM2019_ENDO_6_SAENDO1,3963,1
RAM2019_ENDO_6_SAENDO1,3964,1
RAM2019_ENDO_6_SAENDO1,3965,2
RAM2019_ENDO_6_SAENDO1,3966,2
RAM2019_ENDO_6_SAENDO1,3967,1
RAM2019_ENDO_6_SAENDO1,3968,2
RAM2019_ENDO_6_SAENDO1,3969,1
RAM2019_ENDO_6_SAENDO1,3970,2
RAM2019_ENDO_6_SAENDO1,3971,2
RAM2019_ENDO_6_SAENDO1,3972,1
RAM2019_ENDO_6_SAENDO1,3973,1
RAM2019_ENDO_6_SAENDO1,3974,1
RAM2019_ENDO_6_SAENDO1,3975,2
RAM2019_ENDO_6_SAENDO1,3976,1
RAM2019_ENDO_6_SAENDO1,3977,2
RAM2019_ENDO_6_SAENDO1,3978,2
RAM2019_ENDO_6_SAENDO1,3979,1
RAM2019_ENDO_6_SAENDO1,3980,3
RAM2019_ENDO_6_SAENDO1,3981,1
RAM2019_ENDO_6_SAENDO1,3982,2
RAM2019_ENDO_6_SAENDO1,3983,2
RAM2019_ENDO_6_SAENDO1,3984,3
RAM2019_ENDO_6_SAENDO1,3985,2
RAM2019_ENDO_6_SAENDO1,3986,0
RAM2019_ENDO_6_SAENDO1,3987,1
RAM2019_ENDO_6_SAENDO1,3988,0
RAM2019_ENDO_6_SAENDO1,3989,1
RAM2019_ENDO_6_SAENDO1,3990,0
RAM2019_ENDO_6_SAENDO1,3991,4
RAM2019_ENDO_6_SAENDO1,3992,3
RAM2019_ENDO_6_SAENDO1,3993,0
RAM2019_ENDO_6_SAENDO1,3994,0
RAM2019_ENDO_6_SAENDO1,3995,0
RAM2019_ENDO_6_SAENDO1,3996,0
RAM2019_ENDO_6_SAENDO1,3997,0
RAM2019_ENDO_6_SAENDO1,3998,0
RAM2019_ENDO_6_SAENDO1,3999,2
RAM2019_ENDO_6_SAENDO1,4000,1
RAM2019_ENDO_6_SAENDO1,4001,0
RAM2019_ENDO_6_SAENDO1,4002,1
RAM2019_ENDO_6_SAENDO1,4003,1
RAM2019_ENDO_6_SAENDO1,4004,0
RAM2019_ENDO_6_SAENDO1,4005,0
RAM2019_ENDO_6_SAENDO1,4006,1
RAM2019_ENDO_6_SAENDO1,4007,0
RAM2019_ENDO_6_SAENDO1,4008,3
RAM2019_ENDO_6_SAENDO1,4009,1
RAM2019_ENDO_6_SAENDO1,4010,3
RAM2019_ENDO_6_SAENDO1,4011,1
RAM2019_ENDO_6_SAENDO1,4012,1
RAM2019_ENDO_6_SAENDO1,4013,1
RAM2019_ENDO_6_SAENDO1,4014,0
RAM2019_ENDO_6_SAENDO1,4015,0
RAM2019_ENDO_6_SAENDO1,4016,0
RAM2019_ENDO_6_SAENDO1,4017,1
RAM2019_ENDO_6_SAENDO1,4018,1
RAM2019_ENDO_6_SAENDO1,4019,0
RAM2019_ENDO_6_SAENDO1,4020,1
RAM2019_ENDO_6_SAENDO1,4021,0
RAM2019_ENDO_6_SAENDO1,4022,0
RAM2019_ENDO_6_SAENDO1,4023,2
RAM2019_ENDO_6_SAENDO1,4024,1
RAM2019_ENDO_6_SAENDO1,4025,2
RAM2019_ENDO_6_SAENDO1,4026,1
RAM2019_ENDO_6_SAENDO1,4027,1
RAM2019_ENDO_6_SAENDO1,4028,1
RAM2019_ENDO_6_SAENDO1,4029,1
RAM2019_ENDO_6_SAENDO1,4030,0
RAM2019_ENDO_6_SAENDO1,4031,2
RAM2019_ENDO_6_SAENDO1,4032,0
RAM2019_ENDO_6_SAENDO1,4033,2
RAM2019_ENDO_6_SAENDO1,4034,1
RAM2019_ENDO_6_SAENDO1,4035,1
RAM2019_ENDO_6_SAENDO1,4036,1
RAM2019_ENDO_6_SAENDO1,4037,1
RAM2019_ENDO_6_SAENDO1,4038,2
RAM2019_ENDO_6_SAENDO1,4039,0
RAM2019_ENDO_6_SAENDO1,4040,1
RAM2019_ENDO_6_SAENDO1,4041,3
RAM2019_ENDO_6_SAENDO1,4042,2
RAM2019_ENDO_6_SAENDO1,4043,1
RAM2019_ENDO_6_SAENDO1,4044,2
RAM2019_ENDO_6_SAENDO1,4045,1
RAM2019_ENDO_6_SAENDO1,4046,1
RAM2019_ENDO_6_SAENDO1,4047,1
RAM2019_ENDO_6_SAENDO1,4048,1
RAM2019_ENDO_6_SAENDO1,4049,1
RAM2019_ENDO_6_SAENDO1,4050,0
RAM2019_ENDO_6_SAENDO1,4051,2
RAM2019_ENDO_6_SAENDO1,4052,0
RAM2019_ENDO_6_SAENDO1,4053,2
RAM2019_ENDO_6_SAENDO1,4054,2
RAM2019_ENDO_6_SAENDO1,4055,1
RAM2019_ENDO_6_SAENDO1,4056,2
RAM2019_ENDO_6_SAENDO1,4057,1
RAM2019_ENDO_6_SAENDO1,4058,1
RAM2019_ENDO_6_SAENDO1,4059,0
RAM2019_ENDO_6_SAENDO1,4060,2
RAM2019_ENDO_6_SAENDO1,4061,2
RAM2019_ENDO_6_SAENDO1,4062,1
RAM2019_ENDO_6_SAENDO1,4063,3
RAM2019_ENDO_6_SAENDO1,4064,1
RAM2019_ENDO_6_SAENDO1,4065,3
RAM2019_ENDO_6_SAENDO1,4066,1
RAM2019_ENDO_6_SAENDO1,4067,3
RAM2019_ENDO_6_SAENDO1,4068,1
RAM2019_ENDO_6_SAENDO1,4069,0
RAM2019_ENDO_6_SAENDO1,4070,2
RAM2019_ENDO_6_SAENDO1,4071,3
RAM2019_ENDO_6_SAENDO1,4072,2
RAM2019_ENDO_6_SAENDO1,4073,1
RAM2019_ENDO_6_SAENDO1,4074,1
RAM2019_ENDO_6_SAENDO1,4075,0
RAM2019_ENDO_6_SAENDO1,4076,2
RAM2019_ENDO_6_SAENDO1,4077,2
RAM2019_ENDO_6_SAENDO1,4078,3
RAM2019_ENDO_6_SAENDO1,4079,0
RAM2019_ENDO_6_SAENDO1,4080,2
RAM2019_ENDO_6_SAENDO1,4081,0
RAM2019_ENDO_6_SAENDO1,4082,2
RAM2019_ENDO_6_SAENDO1,4083,2
RAM2019_ENDO_6_SAENDO1,4084,3
RAM2019_ENDO_6_SAENDO1,4085,1
RAM2019_ENDO_6_SAENDO1,4086,2
RAM2019_ENDO_6_SAENDO1,4087,2
RAM2019_ENDO_6_SAENDO1,4088,0
RAM2019_ENDO_6_SAENDO1,4089,1
RAM2019_ENDO_6_SAENDO1,4090,1
RAM2019_ENDO_6_SAENDO1,4091,1
RAM2019_ENDO_6_SAENDO1,4092,2
RAM2019_ENDO_6_SAENDO1,4093,0
RAM2019_ENDO_6_SAENDO1,4094,2
RAM2019_ENDO_6_SAENDO1,4095,1
RAM2019_ENDO_6_SAENDO1,4096,1
RAM2019_ENDO_6_SAENDO1,4097,0
RAM2019_ENDO_6_SAENDO1,4098,1
RAM2019_ENDO_6_SAENDO1,4099,1
RAM2019_ENDO_6_SAENDO1,4100,2
RAM2019_ENDO_6_SAENDO1,4101,0
RAM2019_ENDO_6_SAENDO1,4102,0
RAM2019_ENDO_6_SAENDO1,4103,0
RAM2019_ENDO_6_SAENDO1,4104,1
RAM2019_ENDO_6_SAENDO1,4105,4
RAM2019_ENDO_6_SAENDO1,4106,0
RAM2019_ENDO_6_SAENDO1,4107,1
RAM2019_ENDO_6_SAENDO1,4108,1
RAM2019_ENDO_6_SAENDO1,4109,2
RAM2019_ENDO_6_SAENDO1,4110,0
RAM2019_ENDO_6_SAENDO1,4111,1
RAM2019_ENDO_6_SAENDO1,4112,2
RAM2019_ENDO_6_SAENDO1,4113,2
RAM2019_ENDO_6_SAENDO1,4114,0
RAM2019_ENDO_6_SAENDO1,4115,1
RAM2019_ENDO_6_SAENDO1,4116,2
RAM2019_ENDO_6_SAENDO1,4117,1
RAM2019_ENDO_6_SAENDO1,4118,1
RAM2019_ENDO_6_SAENDO1,4119,0
RAM2019_ENDO_6_SAENDO1,4120,0
RAM2019_ENDO_6_SAENDO1,4121,3
RAM2019_ENDO_6_SAENDO1,4122,0
RAM2019_ENDO_6_SAENDO1,4123,1
RAM2019_ENDO_6_SAENDO1,4124,1
RAM2019_ENDO_6_SAENDO1,4125,0
RAM2019_ENDO_6_SAENDO1,4126,2
RAM2019_ENDO_6_SAENDO1,4127,0
RAM2019_ENDO_6_SAENDO1,4128,1
RAM2019_ENDO_6_SAENDO1,4129,1
RAM2019_ENDO_6_SAENDO1,4130,1
RAM2019_ENDO_6_SAENDO1,4131,1
RAM2019_ENDO_6_SAENDO1,4132,2
RAM2019_ENDO_6_SAENDO1,4133,1
RAM2019_ENDO_6_SAENDO1,4134,1
RAM2019_ENDO_6_SAENDO1,4135,2
RAM2019_ENDO_6_SAENDO1,4136,0
RAM2019_ENDO_6_SAENDO1,4137,3
RAM2019_ENDO_6_SAENDO1,4138,3
RAM2019_ENDO_6_SAENDO1,4139,0
RAM2019_ENDO_6_SAENDO1,4140,2
RAM2019_ENDO_6_SAENDO1,4141,2
RAM2019_ENDO_6_SAENDO1,4142,1
RAM2019_ENDO_6_SAENDO1,4143,1
RAM2019_ENDO_6_SAENDO1,4144,1
RAM2019_ENDO_6_SAENDO1,4145,2
RAM2019_ENDO_6_SAENDO1,4146,2
RAM2019_ENDO_6_SAENDO1,4147,2
RAM2019_ENDO_6_SAENDO1,4148,2
RAM2019_ENDO_6_SAENDO1,4149,1
RAM2019_ENDO_6_SAENDO1,4150,2
RAM2019_ENDO_6_SAENDO1,4151,0
RAM2019_ENDO_6_SAENDO1,4152,4
RAM2019_ENDO_6_SAENDO1,4153,2
RAM2019_ENDO_6_SAENDO1,4154,1
RAM2019_ENDO_6_SAENDO1,4155,2
RAM2019_ENDO_6_SAENDO1,4156,1
RAM2019_ENDO_6_SAENDO1,4157,2
RAM2019_ENDO_6_SAENDO1,4158,1
RAM2019_ENDO_6_SAENDO1,4159,0
RAM2019_ENDO_6_SAENDO1,4160,1
RAM2019_ENDO_6_SAENDO1,4161,1
RAM2019_ENDO_6_SAENDO1,4162,1
RAM2019_ENDO_6_SAENDO1,4163,4
RAM2019_ENDO_6_SAENDO1,4164,1
RAM2019_ENDO_6_SAENDO1,4165,0
RAM2019_ENDO_6_SAENDO1,4166,1
RAM2019_ENDO_6_SAENDO1,4167,1
RAM2019_ENDO_6_SAENDO1,4168,0
RAM2019_ENDO_6_SAENDO1,4169,2
RAM2019_ENDO_6_SAENDO1,4170,2
RAM2019_ENDO_6_SAENDO1,4171,1
RAM2019_ENDO_6_SAENDO1,4172,2
RAM2019_ENDO_6_SAENDO1,4173,1
RAM2019_ENDO_6_SAENDO1,4174,2
RAM2019_ENDO_6_SAENDO1,4175,1
RAM2019_ENDO_6_SAENDO1,4176,1
RAM2019_ENDO_6_SAENDO1,4177,0
RAM2019_ENDO_6_SAENDO1,4178,1
RAM2019_ENDO_6_SAENDO1,4179,1
RAM2019_ENDO_6_SAENDO1,4180,0
RAM2019_ENDO_6_SAENDO1,4181,4
RAM2019_ENDO_6_SAENDO1,4182,0
RAM2019_ENDO_6_SAENDO1,4183,0
RAM2019_ENDO_6_SAENDO1,4184,3
RAM2019_ENDO_6_SAENDO1,4185,1
RAM2019_ENDO_6_SAENDO1,4186,3
RAM2019_ENDO_6_SAENDO1,4187,1
RAM2019_ENDO_6_SAENDO1,4188,2
RAM2019_ENDO_6_SAENDO1,4189,1
RAM2019_ENDO_6_SAENDO1,4190,2
RAM2019_ENDO_6_SAENDO1,4191,2
RAM2019_ENDO_6_SAENDO1,4192,0
RAM2019_ENDO_6_SAENDO1,4193,2
RAM2019_ENDO_6_SAENDO1,4194,1
RAM2019_ENDO_6_SAENDO1,4195,2
RAM2019_ENDO_6_SAENDO1,4196,0
RAM2019_ENDO_6_SAENDO1,4197,4
RAM2019_ENDO_6_SAENDO1,4198,2
RAM2019_ENDO_6_SAENDO1,4199,2
RAM2019_ENDO_6_SAENDO1,4200,3
RAM2019_ENDO_6_SAENDO1,4201,1
RAM2019_ENDO_6_SAENDO1,4202,1
RAM2019_ENDO_6_SAENDO1,4203,0
RAM2019_ENDO_6_SAENDO1,4204,1
RAM2019_ENDO_6_SAENDO1,4205,4
RAM2019_ENDO_6_SAENDO1,4206,3
RAM2019_ENDO_6_SAENDO1,4207,3
RAM2019_ENDO_6_SAENDO1,4208,2
RAM2019_ENDO_6_SAENDO1,4209,2
RAM2019_ENDO_6_SAENDO1,4210,0
RAM2019_ENDO_6_SAENDO1,4211,2
RAM2019_ENDO_6_SAENDO1,4212,2
RAM2019_ENDO_6_SAENDO1,4213,1
RAM2019_ENDO_6_SAENDO1,4214,2
RAM2019_ENDO_6_SAENDO1,4215,3
RAM2019_ENDO_6_SAENDO1,4216,2
RAM2019_ENDO_6_SAENDO1,4217,4
RAM2019_ENDO_6_SAENDO1,4218,2
RAM2019_ENDO_6_SAENDO1,4219,0
RAM2019_ENDO_6_SAENDO1,4220,2
RAM2019_ENDO_6_SAENDO1,4221,2
RAM2019_ENDO_6_SAENDO1,4222,0
RAM2019_ENDO_6_SAENDO1,4223,3
RAM2019_ENDO_6_SAENDO1,4224,2
RAM2019_ENDO_6_SAENDO1,4225,0
RAM2019_ENDO_6_SAENDO1,4226,1
RAM2019_ENDO_6_SAENDO1,4227,1
RAM2019_ENDO_6_SAENDO1,4228,2
RAM2019_ENDO_6_SAENDO1,4229,0
RAM2019_ENDO_6_SAENDO1,4230,2
RAM2019_ENDO_6_SAENDO1,4231,2
RAM2019_ENDO_6_SAENDO1,4232,1
RAM2019_ENDO_6_SAENDO1,4233,3
RAM2019_ENDO_6_SAENDO1,4234,1
RAM2019_ENDO_6_SAENDO1,4235,2
RAM2019_ENDO_6_SAENDO1,4236,1
RAM2019_ENDO_6_SAENDO1,4237,0
RAM2019_ENDO_6_SAENDO1,4238,1
RAM2019_ENDO_6_SAENDO1,4239,1
RAM2019_ENDO_6_SAENDO1,4240,2
RAM2019_ENDO_6_SAENDO1,4241,0
RAM2019_ENDO_6_SAENDO1,4242,3
RAM2019_ENDO_6_SAENDO1,4243,0
RAM2019_ENDO_6_SAENDO1,4244,1
RAM2019_ENDO_6_SAENDO1,4245,2
RAM2019_ENDO_6_SAENDO1,4246,1
RAM2019_ENDO_6_SAENDO1,4247,0
RAM2019_ENDO_6_SAENDO1,4248,2
RAM2019_ENDO_6_SAENDO1,4249,0
RAM2019_ENDO_6_SAENDO1,4250,4
RAM2019_ENDO_6_SAENDO1,4251,0
RAM2019_ENDO_6_SAENDO1,4252,1
RAM2019_ENDO_6_SAENDO1,4253,2
RAM2019_ENDO_6_SAENDO1,4254,2
RAM2019_ENDO_6_SAENDO1,4255,1
RAM2019_ENDO_6_SAENDO1,4256,3
RAM2019_ENDO_6_SAENDO1,4257,1
RAM2019_ENDO_6_SAENDO1,4258,1
RAM2019_ENDO_6_SAENDO1,4259,1
RAM2019_ENDO_6_SAENDO1,4260,2
RAM2019_ENDO_6_SAENDO1,4261,0
RAM2019_ENDO_6_SAENDO1,4262,2
RAM2019_ENDO_6_SAENDO1,4263,1
RAM2019_ENDO_6_SAENDO1,4264,2
RAM2019_ENDO_6_SAENDO1,4265,1
RAM2019_ENDO_6_SAENDO1,4266,2
RAM2019_ENDO_6_SAENDO1,4267,0
RAM2019_ENDO_6_SAENDO1,4268,2
RAM2019_ENDO_6_SAENDO1,4269,2
RAM2019_ENDO_6_SAENDO1,4270,1
RAM2019_ENDO_6_SAENDO1,4271,2
RAM2019_ENDO_6_SAENDO1,4272,1
RAM2019_ENDO_6_SAENDO1,4273,0
RAM2019_ENDO_6_SAENDO1,4274,1
RAM2019_ENDO_6_SAENDO1,4275,2
RAM2019_ENDO_6_SAENDO1,4276,2
RAM2019_ENDO_6_SAENDO1,4277,1
RAM2019_ENDO_6_SAENDO1,4278,3
RAM2019_ENDO_6_SAENDO1,4279,0
RAM2019_ENDO_6_SAENDO1,4280,0
RAM2019_ENDO_6_SAENDO1,4281,1
RAM2019_ENDO_6_SAENDO1,4282,2
RAM2019_ENDO_6_SAENDO1,4283,2
RAM2019_ENDO_6_SAENDO1,4284,3
RAM2019_ENDO_6_SAENDO1,4285,0
RAM2019_ENDO_6_SAENDO1,4286,2
RAM2019_ENDO_6_SAENDO1,4287,2
RAM2019_ENDO_6_SAENDO1,4288,1
RAM2019_ENDO_6_SAENDO1,4289,0
RAM2019_ENDO_6_SAENDO1,4290,1
RAM2019_ENDO_6_SAENDO1,4291,0
RAM2019_ENDO_6_SAENDO1,4292,0
RAM2019_ENDO_6_SAENDO1,4293,2
RAM2019_ENDO_6_SAENDO1,4294,1
RAM2019_ENDO_6_SAENDO1,4295,0
RAM2019_ENDO_6_SAENDO1,4296,0
RAM2019_ENDO_6_SAENDO1,4297,0
RAM2019_ENDO_6_SAENDO1,4298,0
RAM2019_ENDO_6_SAENDO1,4299,1
RAM2019_ENDO_6_SAENDO1,4300,0
RAM2019_ENDO_6_SAENDO1,4301,0
RAM2019_ENDO_6_SAENDO1,4302,0
RAM2019_ENDO_6_SAENDO1,4303,2
RAM2019_ENDO_6_SAENDO1,4304,0
RAM2019_ENDO_6_SAENDO1,4305,2
RAM2019_ENDO_6_SAENDO1,4306,0
RAM2019_ENDO_6_SAENDO1,4307,1
RAM2019_ENDO_6_SAENDO1,4308,2
RAM2019_ENDO_6_SAENDO1,4309,3
RAM2019_ENDO_6_SAENDO1,4310,0
RAM2019_ENDO_6_SAENDO1,4311,3
RAM2019_ENDO_6_SAENDO1,4312,0
RAM2019_ENDO_6_SAENDO1,4313,1
RAM2019_ENDO_6_SAENDO1,4314,1
RAM2019_ENDO_6_SAENDO1,4315,1
RAM2019_ENDO_6_SAENDO1,4316,0
RAM2019_ENDO_6_SAENDO1,4317,1
RAM2019_ENDO_6_SAENDO1,4318,0
RAM2019_ENDO_6_SAENDO1,4319,1
RAM2019_ENDO_6_SAENDO1,4320,2
RAM2019_ENDO_6_SAENDO1,4321,3
RAM2019_ENDO_6_SAENDO1,4322,2
RAM2019_ENDO_6_SAENDO1,4323,1
RAM2019_ENDO_6_SAENDO1,4324,1
RAM2019_ENDO_6_SAENDO1,4325,2
RAM2019_ENDO_6_SAENDO1,4326,2
RAM2019_ENDO_6_SAENDO1,4327,0
RAM2019_ENDO_6_SAENDO1,4328,2
RAM2019_ENDO_6_SAENDO1,4329,2
RAM2019_ENDO_6_SAENDO1,4330,2
RAM2019_ENDO_6_SAENDO1,4331,1
RAM2019_ENDO_6_SAENDO1,4332,1
RAM2019_ENDO_6_SAENDO1,4333,1
RAM2019_ENDO_6_SAENDO1,4334,1
RAM2019_ENDO_6_SAENDO1,4335,0
RAM2019_ENDO_6_SAENDO1,4336,2
RAM2019_ENDO_6_SAENDO1,4337,0
RAM2019_ENDO_6_SAENDO1,4338,1
RAM2019_ENDO_6_SAENDO1,4339,1
RAM2019_ENDO_6_SAENDO1,4340,1
RAM2019_ENDO_6_SAENDO1,4341,2
RAM2019_ENDO_6_SAENDO1,4342,2
RAM2019_ENDO_6_SAENDO1,4343,0
RAM2019_ENDO_6_SAENDO1,4344,0
RAM2019_ENDO_6_SAENDO1,4345,3
RAM2019_ENDO_6_SAENDO1,4346,4
RAM2019_ENDO_6_SAENDO1,4347,2
RAM2019_ENDO_6_SAENDO1,4348,2
RAM2019_ENDO_6_SAENDO1,4349,1
RAM2019_ENDO_6_SAENDO1,4350,2
RAM2019_ENDO_6_SAENDO1,4351,1
RAM2019_ENDO_6_SAENDO1,4352,0
RAM2019_ENDO_6_SAENDO1,4353,1
RAM2019_ENDO_6_SAENDO1,4354,1
RAM2019_ENDO_6_SAENDO1,4355,1
RAM2019_ENDO_6_SAENDO1,4356,0
RAM2019_ENDO_6_SAENDO1,4357,1
RAM2019_ENDO_6_SAENDO1,4358,1
RAM2019_ENDO_6_SAENDO1,4359,2
RAM2019_ENDO_6_SAENDO1,4360,3
RAM2019_ENDO_6_SAENDO1,4361,0
RAM2019_ENDO_6_SAENDO1,4362,2
RAM2019_ENDO_6_SAENDO1,4363,2
RAM2019_ENDO_6_SAENDO1,4364,1
RAM2019_ENDO_6_SAENDO1,4365,2
RAM2019_ENDO_6_SAENDO1,4366,2
RAM2019_ENDO_6_SAENDO1,4367,1
RAM2019_ENDO_6_SAENDO1,4368,0
RAM2019_ENDO_6_SAENDO1,4369,1
RAM2019_ENDO_6_SAENDO1,4370,2
RAM2019_ENDO_6_SAENDO1,4371,0
RAM2019_ENDO_6_SAENDO1,4372,1
RAM2019_ENDO_6_SAENDO1,4373,0
RAM2019_ENDO_6_SAENDO1,4374,2
RAM2019_ENDO_6_SAENDO1,4375,5
RAM2019_ENDO_6_SAENDO1,4376,0
RAM2019_ENDO_6_SAENDO1,4377,3
RAM2019_ENDO_6_SAENDO1,4378,1
RAM2019_ENDO_6_SAENDO1,4379,2
RAM2019_ENDO_6_SAENDO1,4380,1
RAM2019_ENDO_6_SAENDO1,4381,0
RAM2019_ENDO_6_SAENDO1,4382,1
RAM2019_ENDO_6_SAENDO1,4383,0
RAM2019_ENDO_6_SAENDO1,4384,2
RAM2019_ENDO_6_SAENDO1,4385,0
RAM2019_ENDO_6_SAENDO1,4386,2
RAM2019_ENDO_6_SAENDO1,4387,0
RAM2019_ENDO_6_SAENDO1,4388,0
RAM2019_ENDO_6_SAENDO1,4389,0
RAM2019_ENDO_6_SAENDO1,4390,2
RAM2019_ENDO_6_SAENDO1,4391,1
RAM2019_ENDO_6_SAENDO1,4392,1
RAM2019_ENDO_6_SAENDO1,4393,2
RAM2019_ENDO_6_SAENDO1,4394,1
RAM2019_ENDO_6_SAENDO1,4395,1
RAM2019_ENDO_6_SAENDO1,4396,2
RAM2019_ENDO_6_SAENDO1,4397,0
RAM2019_ENDO_6_SAENDO1,4398,0
RAM2019_ENDO_6_SAENDO1,4399,1
RAM2019_ENDO_6_SAENDO1,4400,0
RAM2019_ENDO_6_SAENDO1,4401,3
RAM2019_ENDO_6_SAENDO1,4402,0
RAM2019_ENDO_6_SAENDO1,4403,0
RAM2019_ENDO_6_SAENDO1,4404,1
RAM2019_ENDO_6_SAENDO1,4405,0
RAM2019_ENDO_6_SAENDO1,4406,2
RAM2019_ENDO_6_SAENDO1,4407,1
RAM2019_ENDO_6_SAENDO1,4408,1
RAM2019_ENDO_6_SAENDO1,4409,0
RAM2019_ENDO_6_SAENDO1,4410,2
RAM2019_ENDO_6_SAENDO1,4411,1
RAM2019_ENDO_6_SAENDO1,4412,1
RAM2019_ENDO_6_SAENDO1,4413,0
RAM2019_ENDO_6_SAENDO1,4414,1
RAM2019_ENDO_6_SAENDO1,4415,1
RAM2019_ENDO_6_SAENDO1,4416,0
RAM2019_ENDO_6_SAENDO1,4417,1
RAM2019_ENDO_6_SAENDO1,4418,1
RAM2019_ENDO_6_SAENDO1,4419,0
RAM2019_ENDO_6_SAENDO1,4420,1
RAM2019_ENDO_6_SAENDO1,4421,2
RAM2019_ENDO_6_SAENDO1,4422,1
RAM2019_ENDO_6_SAENDO1,4423,1
RAM2019_ENDO_6_SAENDO1,4424,1
RAM2019_ENDO_6_SAENDO1,4425,0
RAM2019_ENDO_6_SAENDO1,4426,1
RAM2019_ENDO_6_SAENDO1,4427,1
RAM2019_ENDO_6_SAENDO1,4428,0
RAM2019_ENDO_6_SAENDO1,4429,0
RAM2019_ENDO_6_SAENDO1,4430,1
RAM2019_ENDO_6_SAENDO1,4431,4
RAM2019_ENDO_6_SAENDO1,4432,0
RAM2019_ENDO_6_SAENDO1,4433,1
RAM2019_ENDO_6_SAENDO1,4434,1
RAM2019_ENDO_6_SAENDO1,4435,1
RAM2019_ENDO_6_SAENDO1,4436,0
RAM2019_ENDO_6_SAENDO1,4437,4
RAM2019_ENDO_6_SAENDO1,4438,1
RAM2019_ENDO_6_SAENDO1,4439,0
RAM2019_ENDO_6_SAENDO1,4440,3
RAM2019_ENDO_6_SAENDO1,4441,4
RAM2019_ENDO_6_SAENDO1,4442,1
RAM2019_ENDO_6_SAENDO1,4443,1
RAM2019_ENDO_6_SAENDO1,4444,0
RAM2019_ENDO_6_SAENDO1,4445,1
RAM2019_ENDO_6_SAENDO1,4446,2
RAM2019_ENDO_6_SAENDO1,4447,1
RAM2019_ENDO_6_SAENDO1,4448,2
RAM2019_ENDO_6_SAENDO1,4449,3
RAM2019_ENDO_6_SAENDO1,4450,2
RAM2019_ENDO_6_SAENDO1,4451,3
RAM2019_ENDO_6_SAENDO1,4452,0
RAM2019_ENDO_6_SAENDO1,4453,0
RAM2019_ENDO_6_SAENDO1,4454,0
RAM2019_ENDO_6_SAENDO1,4455,4
RAM2019_ENDO_6_SAENDO1,4456,1
RAM2019_ENDO_6_SAENDO1,4457,0
RAM2019_ENDO_6_SAENDO1,4458,1
RAM2019_ENDO_6_SAENDO1,4459,1
RAM2019_ENDO_6_SAENDO1,4460,0
RAM2019_ENDO_6_SAENDO1,4461,0
RAM2019_ENDO_6_SAENDO1,4462,1
RAM2019_ENDO_6_SAENDO1,4463,1
RAM2019_ENDO_6_SAENDO1,4464,4
RAM2019_ENDO_6_SAENDO1,4465,0
RAM2019_ENDO_6_SAENDO1,4466,1
RAM2019_ENDO_6_SAENDO1,4467,0
RAM2019_ENDO_6_SAENDO1,4468,2
RAM2019_ENDO_6_SAENDO1,4469,2
RAM2019_ENDO_6_SAENDO1,4470,2
RAM2019_ENDO_6_SAENDO1,4471,1
RAM2019_ENDO_6_SAENDO1,4472,1
RAM2019_ENDO_6_SAENDO1,4473,0
RAM2019_ENDO_6_SAENDO1,4474,3
RAM2019_ENDO_6_SAENDO1,4475,3
RAM2019_ENDO_6_SAENDO1,4476,1
RAM2019_ENDO_6_SAENDO1,4477,0
RAM2019_ENDO_6_SAENDO1,4478,2
RAM2019_ENDO_6_SAENDO1,4479,3
RAM2019_ENDO_6_SAENDO1,4480,0
RAM2019_ENDO_6_SAENDO1,4481,0
RAM2019_ENDO_6_SAENDO1,4482,2
RAM2019_ENDO_6_SAENDO1,4483,1
RAM2019_ENDO_6_SAENDO1,4484,0
RAM2019_ENDO_6_SAENDO1,4485,0
RAM2019_ENDO_6_SAENDO1,4486,2
RAM2019_ENDO_6_SAENDO1,4487,0
RAM2019_ENDO_6_SAENDO1,4488,1
RAM2019_ENDO_6_SAENDO1,4489,3
RAM2019_ENDO_6_SAENDO1,4490,3
RAM2019_ENDO_6_SAENDO1,4491,1
RAM2019_ENDO_6_SAENDO1,4492,1
RAM2019_ENDO_6_SAENDO1,4493,0
RAM2019_ENDO_6_SAENDO1,4494,0
RAM2019_ENDO_6_SAENDO1,4495,1
RAM2019_ENDO_6_SAENDO1,4496,1
RAM2019_ENDO_6_SAENDO1,4497,2
RAM2019_ENDO_6_SAENDO1,4498,1
RAM2019_ENDO_6_SAENDO1,4499,0
RAM2019_ENDO_6_SAENDO1,4500,0
RAM2019_ENDO_6_SAENDO1,4501,2
RAM2019_ENDO_6_SAENDO1,4502,2
RAM2019_ENDO_6_SAENDO1,4503,3
RAM2019_ENDO_6_SAENDO1,4504,2
RAM2019_ENDO_6_SAENDO1,4505,3
RAM2019_ENDO_6_SAENDO1,4506,1
RAM2019_ENDO_6_SAENDO1,4507,3
RAM2019_ENDO_6_SAENDO1,4508,1
RAM2019_ENDO_6_SAENDO1,4509,0
RAM2019_ENDO_6_SAENDO1,4510,2
RAM2019_ENDO_6_SAENDO1,4511,1
RAM2019_ENDO_6_SAENDO1,4512,0
RAM2019_ENDO_6_SAENDO1,4513,0
RAM2019_ENDO_6_SAENDO1,4514,2
RAM2019_ENDO_6_SAENDO1,4515,2
RAM2019_ENDO_6_SAENDO1,4516,2
RAM2019_ENDO_6_SAENDO1,4517,1
RAM2019_ENDO_6_SAENDO1,4518,0
RAM2019_ENDO_6_SAENDO1,4519,1
RAM2019_ENDO_6_SAENDO1,4520,0
RAM2019_ENDO_6_SAENDO1,4521,0
RAM2019_ENDO_6_SAENDO1,4522,0
RAM2019_ENDO_6_SAENDO1,4523,1
RAM2019_ENDO_6_SAENDO1,4524,4
RAM2019_ENDO_6_SAENDO1,4525,1
RAM2019_ENDO_6_SAENDO1,4526,0
RAM2019_ENDO_6_SAENDO1,4527,2
RAM2019_ENDO_6_SAENDO1,4528,2
RAM2019_ENDO_6_SAENDO1,4529,2
RAM2019_ENDO_6_SAENDO1,4530,2
RAM2019_ENDO_6_SAENDO1,4531,0
RAM2019_ENDO_6_SAENDO1,4532,1
RAM2019_ENDO_6_SAENDO1,4533,2
RAM2019_ENDO_6_SAENDO1,4534,3
RAM2019_ENDO_6_SAENDO1,4535,2
RAM2019_ENDO_6_SAENDO1,4536,0
RAM2019_ENDO_6_SAENDO1,4537,2
RAM2019_ENDO_6_SAENDO1,4538,1
RAM2019_ENDO_6_SAENDO1,4539,3
RAM2019_ENDO_6_SAENDO1,4540,1
RAM2019_ENDO_6_SAENDO1,4541,5
RAM2019_ENDO_6_SAENDO1,4542,1
RAM2019_ENDO_6_SAENDO1,4543,1
RAM2019_ENDO_6_SAENDO1,4544,0
RAM2019_ENDO_6_SAENDO1,4545,2
RAM2019_ENDO_6_SAENDO1,4546,0
RAM2019_ENDO_6_SAENDO1,4547,1
RAM2019_ENDO_6_SAENDO1,4548,0
RAM2019_ENDO_6_SAENDO1,4549,0
RAM2019_ENDO_6_SAENDO1,4550,2
RAM2019_ENDO_6_SAENDO1,4551,1
RAM2019_ENDO_6_SAENDO1,4552,1
RAM2019_ENDO_6_SAENDO1,4553,3
RAM2019_ENDO_6_SAENDO1,4554,2
RAM2019_ENDO_6_SAENDO1,4555,0
RAM2019_ENDO_6_SAENDO1,4556,2
RAM2019_ENDO_6_SAENDO1,4557,0
RAM2019_ENDO_6_SAENDO1,4558,0
RAM2019_ENDO_6_SAENDO1,4559,0
RAM2019_ENDO_6_SAENDO1,4560,1
RAM2019_ENDO_6_SAENDO1,4561,2
RAM2019_ENDO_6_SAENDO1,4562,2
RAM2019_ENDO_6_SAENDO1,4563,1
RAM2019_ENDO_6_SAENDO1,4564,1
RAM2019_ENDO_6_SAENDO1,4565,2
RAM2019_ENDO_6_SAENDO1,4566,1
RAM2019_ENDO_6_SAENDO1,4567,0
RAM2019_ENDO_6_SAENDO1,4568,4
RAM2019_ENDO_6_SAENDO1,4569,0
RAM2019_ENDO_6_SAENDO1,4570,2
RAM2019_ENDO_6_SAENDO1,4571,0
RAM2019_ENDO_6_SAENDO1,4572,0
RAM2019_ENDO_6_SAENDO1,4573,2
RAM2019_ENDO_6_SAENDO1,4574,2
RAM2019_ENDO_6_SAENDO1,4575,2
RAM2019_ENDO_6_SAENDO1,4576,1
RAM2019_ENDO_6_SAENDO1,4577,2
RAM2019_ENDO_6_SAENDO1,4578,1
RAM2019_ENDO_6_SAENDO1,4579,2
RAM2019_ENDO_6_SAENDO1,4580,3
RAM2019_ENDO_6_SAENDO1,4581,0
RAM2019_ENDO_6_SAENDO1,4582,3
RAM2019_ENDO_6_SAENDO1,4583,0
RAM2019_ENDO_6_SAENDO1,4584,2
RAM2019_ENDO_6_SAENDO1,4585,3
RAM2019_ENDO_6_SAENDO1,4586,1
RAM2019_ENDO_6_SAENDO1,4587,0
RAM2019_ENDO_6_SAENDO1,4588,2
RAM2019_ENDO_6_SAENDO1,4589,1
RAM2019_ENDO_6_SAENDO1,4590,1
RAM2019_ENDO_6_SAENDO1,4591,2
RAM2019_ENDO_6_SAENDO1,4592,0
RAM2019_ENDO_6_SAENDO1,4593,1
RAM2019_ENDO_6_SAENDO1,4594,2
RAM2019_ENDO_6_SAENDO1,4595,1
RAM2019_ENDO_6_SAENDO1,4596,1
RAM2019_ENDO_6_SAENDO1,4597,1
RAM2019_ENDO_6_SAENDO1,4598,2
RAM2019_ENDO_6_SAENDO1,4599,0
RAM2019_ENDO_6_SAENDO1,4600,1
RAM2019_ENDO_6_SAENDO1,4601,1
RAM2019_ENDO_6_SAENDO1,4602,1
RAM2019_ENDO_6_SAENDO1,4603,1
RAM2019_ENDO_6_SAENDO1,4604,0
RAM2019_ENDO_6_SAENDO1,4605,0
RAM2019_ENDO_6_SAENDO1,4606,1
RAM2019_ENDO_6_SAENDO1,4607,0
RAM2019_ENDO_6_SAENDO1,4608,2
RAM2019_ENDO_6_SAENDO1,4609,1
RAM2019_ENDO_6_SAENDO1,4610,2
RAM2019_ENDO_6_SAENDO1,4611,0
RAM2019_ENDO_6_SAENDO1,4612,3
RAM2019_ENDO_6_SAENDO1,4613,2
RAM2019_ENDO_6_SAENDO1,4614,2
RAM2019_ENDO_6_SAENDO1,4615,0
RAM2019_ENDO_6_SAENDO1,4616,1
RAM2019_ENDO_6_SAENDO1,4617,1
RAM2019_ENDO_6_SAENDO1,4618,3
RAM2019_ENDO_6_SAENDO1,4619,2
RAM2019_ENDO_6_SAENDO1,4620,1
RAM2019_ENDO_6_SAENDO1,4621,2
RAM2019_ENDO_6_SAENDO1,4622,2
RAM2019_ENDO_6_SAENDO1,4623,1
RAM2019_ENDO_6_SAENDO1,4624,2
RAM2019_ENDO_6_SAENDO1,4625,1
RAM2019_ENDO_6_SAENDO1,4626,1
RAM2019_ENDO_6_SAENDO1,4627,1
RAM2019_ENDO_6_SAENDO1,4628,2
RAM2019_ENDO_6_SAENDO1,4629,2
RAM2019_ENDO_6_SAENDO1,4630,1
RAM2019_ENDO_6_SAENDO1,4631,0
RAM2019_ENDO_6_SAENDO1,4632,1
RAM2019_ENDO_6_SAENDO1,4633,1
RAM2019_ENDO_6_SAENDO1,4634,2
RAM2019_ENDO_6_SAENDO1,4635,1
RAM2019_ENDO_6_SAENDO1,4636,1
RAM2019_ENDO_6_SAENDO1,4637,2
RAM2019_ENDO_6_SAENDO1,4638,4
RAM2019_ENDO_6_SAENDO1,4639,0
RAM2019_ENDO_6_SAENDO1,4640,0
RAM2019_ENDO_6_SAENDO1,4641,0
RAM2019_ENDO_6_SAENDO1,4642,0
RAM2019_ENDO_6_SAENDO1,4643,2
RAM2019_ENDO_6_SAENDO1,4644,1
RAM2019_ENDO_6_SAENDO1,4645,1
RAM2019_ENDO_6_SAENDO1,4646,3
RAM2019_ENDO_6_SAENDO1,4647,1
RAM2019_ENDO_6_SAENDO1,4648,1
RAM2019_ENDO_6_SAENDO1,4649,2
RAM2019_ENDO_6_SAENDO1,4650,0
RAM2019_ENDO_6_SAENDO1,4651,2
RAM2019_ENDO_6_SAENDO1,4652,0
RAM2019_ENDO_6_SAENDO1,4653,3
RAM2019_ENDO_6_SAENDO1,4654,1
RAM2019_ENDO_6_SAENDO1,4655,0
RAM2019_ENDO_6_SAENDO1,4656,1
RAM2019_ENDO_6_SAENDO1,4657,0
RAM2019_ENDO_6_SAENDO1,4658,2
RAM2019_ENDO_6_SAENDO1,4659,3
RAM2019_ENDO_6_SAENDO1,4660,1
RAM2019_ENDO_6_SAENDO1,4661,1
RAM2019_ENDO_6_SAENDO1,4662,2
RAM2019_ENDO_6_SAENDO1,4663,3
RAM2019_ENDO_6_SAENDO1,4664,0
RAM2019_ENDO_6_SAENDO1,4665,2
RAM2019_ENDO_6_SAENDO1,4666,1
RAM2019_ENDO_6_SAENDO1,4667,2
RAM2019_ENDO_6_SAENDO1,4668,1
RAM2019_ENDO_6_SAENDO1,4669,0
RAM2019_ENDO_6_SAENDO1,4670,2
RAM2019_ENDO_6_SAENDO1,4671,0
RAM2019_ENDO_6_SAENDO1,4672,4
RAM2019_ENDO_6_SAENDO1,4673,1
RAM2019_ENDO_6_SAENDO1,4674,1
RAM2019_ENDO_6_SAENDO1,4675,1
RAM2019_ENDO_6_SAENDO1,4676,1
RAM2019_ENDO_6_SAENDO1,4677,2
RAM2019_ENDO_6_SAENDO1,4678,0
RAM2019_ENDO_6_SAENDO1,4679,0
RAM2019_ENDO_6_SAENDO1,4680,1
RAM2019_ENDO_6_SAENDO1,4681,2
RAM2019_ENDO_6_SAENDO1,4682,2
RAM2019_ENDO_6_SAENDO1,4683,1
RAM2019_ENDO_6_SAENDO1,4684,1
RAM2019_ENDO_6_SAENDO1,4685,4
RAM2019_ENDO_6_SAENDO1,4686,1
RAM2019_ENDO_6_SAENDO1,4687,2
RAM2019_ENDO_6_SAENDO1,4688,1
RAM2019_ENDO_6_SAENDO1,4689,0
RAM2019_ENDO_6_SAENDO1,4690,0
RAM2019_ENDO_6_SAENDO1,4691,0
RAM2019_ENDO_6_SAENDO1,4692,2
RAM2019_ENDO_6_SAENDO1,4693,1
RAM2019_ENDO_6_SAENDO1,4694,3
RAM2019_ENDO_6_SAENDO1,4695,1
RAM2019_ENDO_6_SAENDO1,4696,3
RAM2019_ENDO_6_SAENDO1,4697,2
RAM2019_ENDO_6_SAENDO1,4698,1
RAM2019_ENDO_6_SAENDO1,4699,1
RAM2019_ENDO_6_SAENDO1,4700,3
RAM2019_ENDO_6_SAENDO1,4701,1
RAM2019_ENDO_6_SAENDO1,4702,0
RAM2019_ENDO_6_SAENDO1,4703,1
RAM2019_ENDO_6_SAENDO1,4704,0
RAM2019_ENDO_6_SAENDO1,4705,0
RAM2019_ENDO_6_SAENDO1,4706,1
RAM2019_ENDO_6_SAENDO1,4707,0
RAM2019_ENDO_6_SAENDO1,4708,2
RAM2019_ENDO_6_SAENDO1,4709,1
RAM2019_ENDO_6_SAENDO1,4710,3
RAM2019_ENDO_6_SAENDO1,4711,3
RAM2019_ENDO_6_SAENDO1,4712,0
RAM2019_ENDO_6_SAENDO1,4713,0
RAM2019_ENDO_6_SAENDO1,4714,1
RAM2019_ENDO_6_SAENDO1,4715,1
RAM2019_ENDO_6_SAENDO1,4716,1
RAM2019_ENDO_6_SAENDO1,4717,0
RAM2019_ENDO_6_SAENDO1,4718,3
RAM2019_ENDO_6_SAENDO1,4719,2
RAM2019_ENDO_6_SAENDO1,4720,0
RAM2019_ENDO_6_SAENDO1,4721,1
RAM2019_ENDO_6_SAENDO1,4722,1
RAM2019_ENDO_6_SAENDO1,4723,2
RAM2019_ENDO_6_SAENDO1,4724,2
RAM2019_ENDO_6_SAENDO1,4725,0
RAM2019_ENDO_6_SAENDO1,4726,1
RAM2019_ENDO_6_SAENDO1,4727,1
RAM2019_ENDO_6_SAENDO1,4728,1
RAM2019_ENDO_6_SAENDO1,4729,1
RAM2019_ENDO_6_SAENDO1,4730,0
RAM2019_ENDO_6_SAENDO1,4731,1
RAM2019_ENDO_6_SAENDO1,4732,1
RAM2019_ENDO_6_SAENDO1,4733,1
RAM2019_ENDO_6_SAENDO1,4734,0
RAM2019_ENDO_6_SAENDO1,4735,1
RAM2019_ENDO_6_SAENDO1,4736,2
RAM2019_ENDO_6_SAENDO1,4737,2
RAM2019_ENDO_6_SAENDO1,4738,2
RAM2019_ENDO_6_SAENDO1,4739,0
RAM2019_ENDO_6_SAENDO1,4740,2
RAM2019_ENDO_6_SAENDO1,4741,0
RAM2019_ENDO_6_SAENDO1,4742,2
RAM2019_ENDO_6_SAENDO1,4743,2
RAM2019_ENDO_6_SAENDO1,4744,0
RAM2019_ENDO_6_SAENDO1,4745,0
RAM2019_ENDO_6_SAENDO1,4746,1
RAM2019_ENDO_6_SAENDO1,4747,1
RAM2019_ENDO_6_SAENDO1,4748,0
RAM2019_ENDO_6_SAENDO1,4749,1
RAM2019_ENDO_6_SAENDO1,4750,2
RAM2019_ENDO_6_SAENDO1,4751,1
RAM2019_ENDO_6_SAENDO1,4752,0
RAM2019_ENDO_6_SAENDO1,4753,2
RAM2019_ENDO_6_SAENDO1,4754,1
RAM2019_ENDO_6_SAENDO1,4755,0
RAM2019_ENDO_6_SAENDO1,4756,2
RAM2019_ENDO_6_SAENDO1,4757,2
RAM2019_ENDO_6_SAENDO1,4758,0
RAM2019_ENDO_6_SAENDO1,4759,2
RAM2019_ENDO_6_SAENDO1,4760,1
RAM2019_ENDO_6_SAENDO1,4761,0
RAM2019_ENDO_6_SAENDO1,4762,0
RAM2019_ENDO_6_SAENDO1,4763,2
RAM2019_ENDO_6_SAENDO1,4764,0
RAM2019_ENDO_6_SAENDO1,4765,0
RAM2019_ENDO_6_SAENDO1,4766,1
RAM2019_ENDO_6_SAENDO1,4767,1
RAM2019_ENDO_6_SAENDO1,4768,2
RAM2019_ENDO_6_SAENDO1,4769,1
RAM2019_ENDO_6_SAENDO1,4770,0
RAM2019_ENDO_6_SAENDO1,4771,1
RAM2019_ENDO_6_SAENDO1,4772,1
RAM2019_ENDO_6_SAENDO1,4773,2
RAM2019_ENDO_6_SAENDO1,4774,1
RAM2019_ENDO_6_SAENDO1,4775,1
RAM2019_ENDO_6_SAENDO1,4776,0
RAM2019_ENDO_6_SAENDO1,4777,0
RAM2019_ENDO_6_SAENDO1,4778,1
RAM2019_ENDO_6_SAENDO1,4779,1
RAM2019_ENDO_6_SAENDO1,4780,1
RAM2019_ENDO_6_SAENDO1,4781,1
RAM2019_ENDO_6_SAENDO1,4782,1
RAM2019_ENDO_6_SAENDO1,4783,2
RAM2019_ENDO_6_SAENDO1,4784,0
RAM2019_ENDO_6_SAENDO1,4785,0
RAM2019_ENDO_6_SAENDO1,4786,0
RAM2019_ENDO_6_SAENDO1,4787,2
RAM2019_ENDO_6_SAENDO1,4788,2
RAM2019_ENDO_6_SAENDO1,4789,1
RAM2019_ENDO_6_SAENDO1,4790,2
RAM2019_ENDO_6_SAENDO1,4791,1
RAM2019_ENDO_6_SAENDO1,4792,1
RAM2019_ENDO_6_SAENDO1,4793,0
RAM2019_ENDO_6_SAENDO1,4794,1
RAM2019_ENDO_6_SAENDO1,4795,1
RAM2019_ENDO_6_SAENDO1,4796,1
RAM2019_ENDO_6_SAENDO1,4797,1
RAM2019_ENDO_6_SAENDO1,4798,0
RAM2019_ENDO_6_SAENDO1,4799,2
RAM2019_ENDO_6_SAENDO1,4800,1
RAM2019_ENDO_6_SAENDO1,4801,1
RAM2019_ENDO_6_SAENDO1,4802,2
RAM2019_ENDO_6_SAENDO1,4803,0
RAM2019_ENDO_6_SAENDO1,4804,1
RAM2019_ENDO_6_SAENDO1,4805,0
RAM2019_ENDO_6_SAENDO1,4806,1
RAM2019_ENDO_6_SAENDO1,4807,1
RAM2019_ENDO_6_SAENDO1,4808,2
RAM2019_ENDO_6_SAENDO1,4809,1
RAM2019_ENDO_6_SAENDO1,4810,1
RAM2019_ENDO_6_SAENDO1,4811,1
RAM2019_ENDO_6_SAENDO1,4812,4
RAM2019_ENDO_6_SAENDO1,4813,1
RAM2019_ENDO_6_SAENDO1,4814,3
RAM2019_ENDO_6_SAENDO1,4815,3
RAM2019_ENDO_6_SAENDO1,4816,2
RAM2019_ENDO_6_SAENDO1,4817,1
RAM2019_ENDO_6_SAENDO1,4818,0
RAM2019_ENDO_6_SAENDO1,4819,2
RAM2019_ENDO_6_SAENDO1,4820,1
RAM2019_ENDO_6_SAENDO1,4821,1
RAM2019_ENDO_6_SAENDO1,4822,2
RAM2019_ENDO_6_SAENDO1,4823,2
RAM2019_ENDO_6_SAENDO1,4824,0
RAM2019_ENDO_6_SAENDO1,4825,1
RAM2019_ENDO_6_SAENDO1,4826,2
RAM2019_ENDO_6_SAENDO1,4827,0
RAM2019_ENDO_6_SAENDO1,4828,1
RAM2019_ENDO_6_SAENDO1,4829,1
RAM2019_ENDO_6_SAENDO1,4830,0
RAM2019_ENDO_6_SAENDO1,4831,0
RAM2019_ENDO_6_SAENDO1,4832,1
RAM2019_ENDO_6_SAENDO1,4833,0
RAM2019_ENDO_6_SAENDO1,4834,1
RAM2019_ENDO_6_SAENDO1,4835,2
RAM2019_ENDO_6_SAENDO1,4836,1
RAM2019_ENDO_6_SAENDO1,4837,2
RAM2019_ENDO_6_SAENDO1,4838,0
RAM2019_ENDO_6_SAENDO1,4839,1
RAM2019_ENDO_6_SAENDO1,4840,1
RAM2019_ENDO_6_SAENDO1,4841,1
RAM2019_ENDO_6_SAENDO1,4842,0
RAM2019_ENDO_6_SAENDO1,4843,2
RAM2019_ENDO_6_SAENDO1,4844,0
RAM2019_ENDO_6_SAENDO1,4845,2
RAM2019_ENDO_6_SAENDO1,4846,0
RAM2019_ENDO_6_SAENDO1,4847,3
RAM2019_ENDO_6_SAENDO1,4848,3
RAM2019_ENDO_6_SAENDO1,4849,0
RAM2019_ENDO_6_SAENDO1,4850,0
RAM2019_ENDO_6_SAENDO1,4851,1
RAM2019_ENDO_6_SAENDO1,4852,3
RAM2019_ENDO_6_SAENDO1,4853,1
RAM2019_ENDO_6_SAENDO1,4854,2
RAM2019_ENDO_6_SAENDO1,4855,3
RAM2019_ENDO_6_SAENDO1,4856,1
RAM2019_ENDO_6_SAENDO1,4857,2
RAM2019_ENDO_6_SAENDO1,4858,1
RAM2019_ENDO_6_SAENDO1,4859,1
RAM2019_ENDO_6_SAENDO1,4860,0
RAM2019_ENDO_6_SAENDO1,4861,1
RAM2019_ENDO_6_SAENDO1,4862,4
RAM2019_ENDO_6_SAENDO1,4863,0
RAM2019_ENDO_6_SAENDO1,4864,1
RAM2019_ENDO_6_SAENDO1,4865,2
RAM2019_ENDO_6_SAENDO1,4866,1
RAM2019_ENDO_6_SAENDO1,4867,1
RAM2019_ENDO_6_SAENDO1,4868,1
RAM2019_ENDO_6_SAENDO1,4869,1
RAM2019_ENDO_6_SAENDO1,4870,1
RAM2019_ENDO_6_SAENDO1,4871,2
RAM2019_ENDO_6_SAENDO1,4872,1
RAM2019_ENDO_6_SAENDO1,4873,1
RAM2019_ENDO_6_SAENDO1,4874,0
RAM2019_ENDO_6_SAENDO1,4875,1
RAM2019_ENDO_6_SAENDO1,4876,0
RAM2019_ENDO_6_SAENDO1,4877,2
RAM2019_ENDO_6_SAENDO1,4878,0
RAM2019_ENDO_6_SAENDO1,4879,1
RAM2019_ENDO_6_SAENDO1,4880,2
RAM2019_ENDO_6_SAENDO1,4881,2
RAM2019_ENDO_6_SAENDO1,4882,2
RAM2019_ENDO_6_SAENDO1,4883,2
RAM2019_ENDO_6_SAENDO1,4884,2
RAM2019_ENDO_6_SAENDO1,4885,1
RAM2019_ENDO_6_SAENDO1,4886,0
RAM2019_ENDO_6_SAENDO1,4887,2
RAM2019_ENDO_6_SAENDO1,4888,1
RAM2019_ENDO_6_SAENDO1,4889,1
RAM2019_ENDO_6_SAENDO1,4890,2
RAM2019_ENDO_6_SAENDO1,4891,1
RAM2019_ENDO_6_SAENDO1,4892,0
RAM2019_ENDO_6_SAENDO1,4893,1
RAM2019_ENDO_6_SAENDO1,4894,4
RAM2019_ENDO_6_SAENDO1,4895,2
RAM2019_ENDO_6_SAENDO1,4896,1
RAM2019_ENDO_6_SAENDO1,4897,0
RAM2019_ENDO_6_SAENDO1,4898,1
RAM2019_ENDO_6_SAENDO1,4899,1
RAM2019_ENDO_6_SAENDO1,4900,2
RAM2019_ENDO_6_SAENDO1,4901,2
RAM2019_ENDO_6_SAENDO1,4902,6
RAM2019_ENDO_6_SAENDO1,4903,2
RAM2019_ENDO_6_SAENDO1,4904,3
RAM2019_ENDO_6_SAENDO1,4905,3
RAM2019_ENDO_6_SAENDO1,4906,3
RAM2019_ENDO_6_SAENDO1,4907,2
RAM2019_ENDO_6_SAENDO1,4908,1
RAM2019_ENDO_6_SAENDO1,4909,2
RAM2019_ENDO_6_SAENDO1,4910,1
RAM2019_ENDO_6_SAENDO1,4911,1
RAM2019_ENDO_6_SAENDO1,4912,2
RAM2019_ENDO_6_SAENDO1,4913,1
RAM2019_ENDO_6_SAENDO1,4914,0
RAM2019_ENDO_6_SAENDO1,4915,1
RAM2019_ENDO_6_SAENDO1,4916,0
RAM2019_ENDO_6_SAENDO1,4917,1
RAM2019_ENDO_6_SAENDO1,4918,2
RAM2019_ENDO_6_SAENDO1,4919,1
RAM2019_ENDO_6_SAENDO1,4920,1
RAM2019_ENDO_6_SAENDO1,4921,0
RAM2019_ENDO_6_SAENDO1,4922,1
RAM2019_ENDO_6_SAENDO1,4923,1
RAM2019_ENDO_6_SAENDO1,4924,0
RAM2019_ENDO_6_SAENDO1,4925,0
RAM2019_ENDO_6_SAENDO1,4926,0
RAM2019_ENDO_6_SAENDO1,4927,1
RAM2019_ENDO_6_SAENDO1,4928,1
RAM2019_ENDO_6_SAENDO1,4929,1
RAM2019_ENDO_6_SAENDO1,4930,0
RAM2019_ENDO_6_SAENDO1,4931,2
RAM2019_ENDO_6_SAENDO1,4932,0
RAM2019_ENDO_6_SAENDO1,4933,1
RAM2019_ENDO_6_SAENDO1,4934,0
RAM2019_ENDO_6_SAENDO1,4935,0
RAM2019_ENDO_6_SAENDO1,4936,0
RAM2019_ENDO_6_SAENDO1,4937,3
RAM2019_ENDO_6_SAENDO1,4938,1
RAM2019_ENDO_6_SAENDO1,4939,0
RAM2019_ENDO_6_SAENDO1,4940,0
RAM2019_ENDO_6_SAENDO1,4941,2
RAM2019_ENDO_6_SAENDO1,4942,0
RAM2019_ENDO_6_SAENDO1,4943,1
RAM2019_ENDO_6_SAENDO1,4944,0
RAM2019_ENDO_6_SAENDO1,4945,1
RAM2019_ENDO_6_SAENDO1,4946,1
RAM2019_ENDO_6_SAENDO1,4947,1
RAM2019_ENDO_6_SAENDO1,4948,0
RAM2019_ENDO_6_SAENDO1,4949,2
RAM2019_ENDO_6_SAENDO1,4950,1
RAM2019_ENDO_6_SAENDO1,4951,1
RAM2019_ENDO_6_SAENDO1,4952,3
RAM2019_ENDO_6_SAENDO1,4953,1
RAM2019_ENDO_6_SAENDO1,4954,1
RAM2019_ENDO_6_SAENDO1,4955,0
RAM2019_ENDO_6_SAENDO1,4956,2
RAM2019_ENDO_6_SAENDO1,4957,2
RAM2019_ENDO_6_SAENDO1,4958,2
RAM2019_ENDO_6_SAENDO1,4959,1
RAM2019_ENDO_6_SAENDO1,4960,2
RAM2019_ENDO_6_SAENDO1,4961,0
RAM2019_ENDO_6_SAENDO1,4962,1
RAM2019_ENDO_6_SAENDO1,4963,0
RAM2019_ENDO_6_SAENDO1,4964,1
RAM2019_ENDO_6_SAENDO1,4965,0
RAM2019_ENDO_6_SAENDO1,4966,4
RAM2019_ENDO_6_SAENDO1,4967,0
RAM2019_ENDO_6_SAENDO1,4968,1
RAM2019_ENDO_6_SAENDO1,4969,2
RAM2019_ENDO_6_SAENDO1,4970,3
RAM2019_ENDO_6_SAENDO1,4971,2
RAM2019_ENDO_6_SAENDO1,4972,2
RAM2019_ENDO_6_SAENDO1,4973,0
RAM2019_ENDO_6_SAENDO1,4974,0
RAM2019_ENDO_6_SAENDO1,4975,0
RAM2019_ENDO_6_SAENDO1,4976,0
RAM2019_ENDO_6_SAENDO1,4977,4
RAM2019_ENDO_6_SAENDO1,4978,1
RAM2019_ENDO_6_SAENDO1,4979,0
RAM2019_ENDO_6_SAENDO1,4980,0
RAM2019_ENDO_6_SAENDO1,4981,0
RAM2019_ENDO_6_SAENDO1,4982,1
RAM2019_ENDO_6_SAENDO1,4983,1
RAM2019_ENDO_6_SAENDO1,4984,1
RAM2019_ENDO_6_SAENDO1,4985,1
RAM2019_ENDO_6_SAENDO1,4986,1
RAM2019_ENDO_6_SAENDO1,4987,1
RAM2019_ENDO_6_SAENDO1,4988,2
RAM2019_ENDO_6_SAENDO1,4989,1
RAM2019_ENDO_6_SAENDO1,4990,0
RAM2019_ENDO_6_SAENDO1,4991,3
RAM2019_ENDO_6_SAENDO1,4992,0
RAM2019_ENDO_6_SAENDO1,4993,2
RAM2019_ENDO_6_SAENDO1,4994,4
RAM2019_ENDO_6_SAENDO1,4995,1
RAM2019_ENDO_6_SAENDO1,4996,2
RAM2019_ENDO_6_SAENDO1,4997,2
RAM2019_ENDO_6_SAENDO1,4998,2
RAM2019_ENDO_6_SAENDO1,4999,1
RAM2019_ENDO_6_SAENDO1,5000,1
RAM2019_ENDO_6_SAENDO1,5001,3
RAM2019_ENDO_6_SAENDO1,5002,0
RAM2019_ENDO_6_SAENDO1,5003,1
RAM2019_ENDO_6_SAENDO1,5004,0
RAM2019_ENDO_6_SAENDO1,5005,2
RAM2019_ENDO_6_SAENDO1,5006,3
RAM2019_ENDO_6_SAENDO1,5007,1
RAM2019_ENDO_6_SAENDO1,5008,0
RAM2019_ENDO_6_SAENDO1,5009,0
RAM2019_ENDO_6_SAENDO1,5010,1
RAM2019_ENDO_6_SAENDO1,5011,0
RAM2019_ENDO_6_SAENDO1,5012,1
RAM2019_ENDO_6_SAENDO1,5013,2
RAM2019_ENDO_6_SAENDO1,5014,2
RAM2019_ENDO_6_SAENDO1,5015,1
RAM2019_ENDO_6_SAENDO1,5016,1
RAM2019_ENDO_6_SAENDO1,5017,0
RAM2019_ENDO_6_SAENDO1,5018,1
RAM2019_ENDO_6_SAENDO1,5019,0
RAM2019_ENDO_6_SAENDO1,5020,1
RAM2019_ENDO_6_SAENDO1,5021,2
RAM2019_ENDO_6_SAENDO1,5022,1
RAM2019_ENDO_6_SAENDO1,5023,1
RAM2019_ENDO_6_SAENDO1,5024,0
RAM2019_ENDO_6_SAENDO1,5025,2
RAM2019_ENDO_6_SAENDO1,5026,2
RAM2019_ENDO_6_SAENDO1,5027,0
RAM2019_ENDO_6_SAENDO1,5028,1
RAM2019_ENDO_6_SAENDO1,5029,0
RAM2019_ENDO_6_SAENDO1,5030,2
RAM2019_ENDO_6_SAENDO1,5031,0
RAM2019_ENDO_6_SAENDO1,5032,1
RAM2019_ENDO_6_SAENDO1,5033,1
RAM2019_ENDO_6_SAENDO1,5034,3
RAM2019_ENDO_6_SAENDO1,5035,0
RAM2019_ENDO_6_SAENDO1,5036,3
RAM2019_ENDO_6_SAENDO1,5037,2
RAM2019_ENDO_6_SAENDO1,5038,2
RAM2019_ENDO_6_SAENDO1,5039,2
RAM2019_ENDO_6_SAENDO1,5040,3
RAM2019_ENDO_6_SAENDO1,5041,0
RAM2019_ENDO_6_SAENDO1,5042,1
RAM2019_ENDO_6_SAENDO1,5043,1
RAM2019_ENDO_6_SAENDO1,5044,2
RAM2019_ENDO_6_SAENDO1,5045,0
RAM2019_ENDO_6_SAENDO1,5046,3
RAM2019_ENDO_6_SAENDO1,5047,2
RAM2019_ENDO_6_SAENDO1,5048,3
RAM2019_ENDO_6_SAENDO1,5049,1
RAM2019_ENDO_6_SAENDO1,5050,1
RAM2019_ENDO_6_SAENDO1,5051,0
RAM2019_ENDO_6_SAENDO1,5052,2
RAM2019_ENDO_6_SAENDO1,5053,2
RAM2019_ENDO_6_SAENDO1,5054,1
RAM2019_ENDO_6_SAENDO1,5055,3
RAM2019_ENDO_6_SAENDO1,5056,2
RAM2019_ENDO_6_SAENDO1,5057,2
RAM2019_ENDO_6_SAENDO1,5058,1
RAM2019_ENDO_6_SAENDO1,5059,0
RAM2019_ENDO_6_SAENDO1,5060,0
RAM2019_ENDO_6_SAENDO1,5061,2
RAM2019_ENDO_6_SAENDO1,5062,1
RAM2019_ENDO_6_SAENDO1,5063,2
RAM2019_ENDO_6_SAENDO1,5064,2
RAM2019_ENDO_6_SAENDO1,5065,0
RAM2019_ENDO_6_SAENDO1,5066,0
RAM2019_ENDO_6_SAENDO1,5067,1
RAM2019_ENDO_6_SAENDO1,5068,2
RAM2019_ENDO_6_SAENDO1,5069,2
RAM2019_ENDO_6_SAENDO1,5070,0
RAM2019_ENDO_6_SAENDO1,5071,1
RAM2019_ENDO_6_SAENDO1,5072,0
RAM2019_ENDO_6_SAENDO1,5073,1
RAM2019_ENDO_6_SAENDO1,5074,1
RAM2019_ENDO_6_SAENDO1,5075,0
RAM2019_ENDO_6_SAENDO1,5076,2
RAM2019_ENDO_6_SAENDO1,5077,0
RAM2019_ENDO_6_SAENDO1,5078,0
RAM2019_ENDO_6_SAENDO1,5079,2
RAM2019_ENDO_6_SAENDO1,5080,3
RAM2019_ENDO_6_SAENDO1,5081,1
RAM2019_ENDO_6_SAENDO1,5082,1
RAM2019_ENDO_6_SAENDO1,5083,0
RAM2019_ENDO_6_SAENDO1,5084,1
RAM2019_ENDO_6_SAENDO1,5085,3
RAM2019_ENDO_6_SAENDO1,5086,1
RAM2019_ENDO_6_SAENDO1,5087,0
RAM2019_ENDO_6_SAENDO1,5088,0
RAM2019_ENDO_6_SAENDO1,5089,2
RAM2019_ENDO_6_SAENDO1,5090,2
RAM2019_ENDO_6_SAENDO1,5091,0
RAM2019_ENDO_6_SAENDO1,5092,1
RAM2019_ENDO_6_SAENDO1,5093,1
RAM2019_ENDO_6_SAENDO1,5094,1
RAM2019_ENDO_6_SAENDO1,5095,2
RAM2019_ENDO_6_SAENDO1,5096,1
RAM2019_ENDO_6_SAENDO1,5097,1
RAM2019_ENDO_6_SAENDO1,5098,1
RAM2019_ENDO_6_SAENDO1,5099,0
RAM2019_ENDO_6_SAENDO1,5100,0
RAM2019_ENDO_6_SAENDO1,5101,0
RAM2019_ENDO_6_SAENDO1,5102,1
RAM2019_ENDO_6_SAENDO1,5103,0
RAM2019_ENDO_6_SAENDO1,5104,2
RAM2019_ENDO_6_SAENDO1,5105,0
RAM2019_ENDO_6_SAENDO1,5106,2
RAM2019_ENDO_6_SAENDO1,5107,0
RAM2019_ENDO_6_SAENDO1,5108,1
RAM2019_ENDO_6_SAENDO1,5109,2
RAM2019_ENDO_6_SAENDO1,5110,2
RAM2019_ENDO_6_SAENDO1,5111,0
RAM2019_ENDO_6_SAENDO1,5112,0
RAM2019_ENDO_6_SAENDO1,5113,4
RAM2019_ENDO_6_SAENDO1,5114,1
RAM2019_ENDO_6_SAENDO1,5115,0
RAM2019_ENDO_6_SAENDO1,5116,1
RAM2019_ENDO_6_SAENDO1,5117,0
RAM2019_ENDO_6_SAENDO1,5118,0
RAM2019_ENDO_6_SAENDO1,5119,1
RAM2019_ENDO_6_SAENDO1,5120,2
RAM2019_ENDO_6_SAENDO1,5121,2
RAM2019_ENDO_6_SAENDO1,5122,0
RAM2019_ENDO_6_SAENDO1,5123,2
RAM2019_ENDO_6_SAENDO1,5124,1
RAM2019_ENDO_6_SAENDO1,5125,3
RAM2019_ENDO_6_SAENDO1,5126,0
RAM2019_ENDO_6_SAENDO1,5127,1
RAM2019_ENDO_6_SAENDO1,5128,0
RAM2019_ENDO_6_SAENDO1,5129,2
RAM2019_ENDO_6_SAENDO1,5130,2
RAM2019_ENDO_6_SAENDO1,5131,1
RAM2019_ENDO_6_SAENDO1,5132,1
RAM2019_ENDO_6_SAENDO1,5133,1
RAM2019_ENDO_6_SAENDO1,5134,2
RAM2019_ENDO_6_SAENDO1,5135,1
RAM2019_ENDO_6_SAENDO1,5136,1
RAM2019_ENDO_6_SAENDO1,5137,0
RAM2019_ENDO_6_SAENDO1,5138,1
RAM2019_ENDO_6_SAENDO1,5139,0
RAM2019_ENDO_6_SAENDO1,5140,1
RAM2019_ENDO_6_SAENDO1,5141,1
RAM2019_ENDO_6_SAENDO1,5142,0
RAM2019_ENDO_6_SAENDO1,5143,1
RAM2019_ENDO_6_SAENDO1,5144,1
RAM2019_ENDO_6_SAENDO1,5145,0
RAM2019_ENDO_6_SAENDO1,5146,0
RAM2019_ENDO_6_SAENDO1,5147,2
RAM2019_ENDO_6_SAENDO1,5148,0
RAM2019_ENDO_6_SAENDO1,5149,2
RAM2019_ENDO_6_SAENDO1,5150,1
RAM2019_ENDO_6_SAENDO1,5151,0
RAM2019_ENDO_6_SAENDO1,5152,2
RAM2019_ENDO_6_SAENDO1,5153,1
RAM2019_ENDO_6_SAENDO1,5154,2
RAM2019_ENDO_6_SAENDO1,5155,1
RAM2019_ENDO_6_SAENDO1,5156,2
RAM2019_ENDO_6_SAENDO1,5157,5
RAM2019_ENDO_6_SAENDO1,5158,1
RAM2019_ENDO_6_SAENDO1,5159,1
RAM2019_ENDO_6_SAENDO1,5160,3
RAM2019_ENDO_6_SAENDO1,5161,0
RAM2019_ENDO_6_SAENDO1,5162,1
RAM2019_ENDO_6_SAENDO1,5163,3
RAM2019_ENDO_6_SAENDO1,5164,1
RAM2019_ENDO_6_SAENDO1,5165,1
RAM2019_ENDO_6_SAENDO1,5166,3
RAM2019_ENDO_6_SAENDO1,5167,0
RAM2019_ENDO_6_SAENDO1,5168,2
RAM2019_ENDO_6_SAENDO1,5169,2
RAM2019_ENDO_6_SAENDO1,5170,0
RAM2019_ENDO_6_SAENDO1,5171,3
RAM2019_ENDO_6_SAENDO1,5172,1
RAM2019_ENDO_6_SAENDO1,5173,1
RAM2019_ENDO_6_SAENDO1,5174,0
RAM2019_ENDO_6_SAENDO1,5175,0
RAM2019_ENDO_6_SAENDO1,5176,2
RAM2019_ENDO_6_SAENDO1,5177,2
RAM2019_ENDO_6_SAENDO1,5178,2
RAM2019_ENDO_6_SAENDO1,5179,3
RAM2019_ENDO_6_SAENDO1,5180,0
RAM2019_ENDO_6_SAENDO1,5181,1
RAM2019_ENDO_6_SAENDO1,5182,3
RAM2019_ENDO_6_SAENDO1,5183,2
RAM2019_ENDO_6_SAENDO1,5184,1
RAM2019_ENDO_6_SAENDO1,5185,3
RAM2019_ENDO_6_SAENDO1,5186,4
RAM2019_ENDO_6_SAENDO1,5187,0
RAM2019_ENDO_6_SAENDO1,5188,0
RAM2019_ENDO_6_SAENDO1,5189,4
RAM2019_ENDO_6_SAENDO1,5190,1
RAM2019_ENDO_6_SAENDO1,5191,0
RAM2019_ENDO_6_SAENDO1,5192,0
RAM2019_ENDO_6_SAENDO1,5193,3
RAM2019_ENDO_6_SAENDO1,5194,4
RAM2019_ENDO_6_SAENDO1,5195,1
RAM2019_ENDO_6_SAENDO1,5196,1
RAM2019_ENDO_6_SAENDO1,5197,0
RAM2019_ENDO_6_SAENDO1,5198,2
RAM2019_ENDO_6_SAENDO1,5199,0
RAM2019_ENDO_6_SAENDO1,5200,2
RAM2019_ENDO_6_SAENDO1,5201,0
RAM2019_ENDO_6_SAENDO1,5202,1
RAM2019_ENDO_6_SAENDO1,5203,2
RAM2019_ENDO_6_SAENDO1,5204,3
RAM2019_ENDO_6_SAENDO1,5205,2
RAM2019_ENDO_6_SAENDO1,5206,1
RAM2019_ENDO_6_SAENDO1,5207,2
RAM2019_ENDO_6_SAENDO1,5208,2
RAM2019_ENDO_6_SAENDO1,5209,4
RAM2019_ENDO_6_SAENDO1,5210,0
RAM2019_ENDO_6_SAENDO1,5211,1
RAM2019_ENDO_6_SAENDO1,5212,0
RAM2019_ENDO_6_SAENDO1,5213,3
RAM2019_ENDO_6_SAENDO1,5214,1
RAM2019_ENDO_6_SAENDO1,5215,0
RAM2019_ENDO_6_SAENDO1,5216,1
RAM2019_ENDO_6_SAENDO1,5217,1
RAM2019_ENDO_6_SAENDO1,5218,0
RAM2019_ENDO_6_SAENDO1,5219,1
RAM2019_ENDO_6_SAENDO1,5220,2
RAM2019_ENDO_6_SAENDO1,5221,0
RAM2019_ENDO_6_SAENDO1,5222,1
RAM2019_ENDO_6_SAENDO1,5223,0
RAM2019_ENDO_6_SAENDO1,5224,2
RAM2019_ENDO_6_SAENDO1,5225,2
RAM2019_ENDO_6_SAENDO1,5226,1
RAM2019_ENDO_6_SAENDO1,5227,1
RAM2019_ENDO_6_SAENDO1,5228,2
RAM2019_ENDO_6_SAENDO1,5229,1
RAM2019_ENDO_6_SAENDO1,5230,2
RAM2019_ENDO_6_SAENDO1,5231,1
RAM2019_ENDO_6_SAENDO1,5232,1
RAM2019_ENDO_6_SAENDO1,5233,0
RAM2019_ENDO_6_SAENDO1,5234,1
RAM2019_ENDO_6_SAENDO1,5235,0
RAM2019_ENDO_6_SAENDO1,5236,1
RAM2019_ENDO_6_SAENDO1,5237,0
RAM2019_ENDO_6_SAENDO1,5238,2
RAM2019_ENDO_6_SAENDO1,5239,0
RAM2019_ENDO_6_SAENDO1,5240,1
RAM2019_ENDO_6_SAENDO1,5241,1
RAM2019_ENDO_6_SAENDO1,5242,0
RAM2019_ENDO_6_SAENDO1,5243,1
RAM2019_ENDO_6_SAENDO1,5244,0
RAM2019_ENDO_6_SAENDO1,5245,0
RAM2019_ENDO_6_SAENDO1,5246,0
RAM2019_ENDO_6_SAENDO1,5247,0
RAM2019_ENDO_6_SAENDO1,5248,1
RAM2019_ENDO_6_SAENDO1,5249,1
RAM2019_ENDO_6_SAENDO1,5250,1
RAM2019_ENDO_6_SAENDO1,5251,2
RAM2019_ENDO_6_SAENDO1,5252,0
RAM2019_ENDO_6_SAENDO1,5253,0
RAM2019_ENDO_6_SAENDO1,5254,2
RAM2019_ENDO_6_SAENDO1,5255,1
RAM2019_ENDO_6_SAENDO1,5256,2
RAM2019_ENDO_6_SAENDO1,5257,1
RAM2019_ENDO_6_SAENDO1,5258,0
RAM2019_ENDO_6_SAENDO1,5259,1
RAM2019_ENDO_6_SAENDO1,5260,1
RAM2019_ENDO_6_SAENDO1,5261,1
RAM2019_ENDO_6_SAENDO1,5262,2
RAM2019_ENDO_6_SAENDO1,5263,1
RAM2019_ENDO_6_SAENDO1,5264,1
RAM2019_ENDO_6_SAENDO1,5265,1
RAM2019_ENDO_6_SAENDO1,5266,0
RAM2019_ENDO_6_SAENDO1,5267,1
RAM2019_ENDO_6_SAENDO1,5268,1
RAM2019_ENDO_6_SAENDO1,5269,1
RAM2019_ENDO_6_SAENDO1,5270,2
RAM2019_ENDO_6_SAENDO1,5271,2
RAM2019_ENDO_6_SAENDO1,5272,0
RAM2019_ENDO_6_SAENDO1,5273,1
RAM2019_ENDO_6_SAENDO1,5274,0
RAM2019_ENDO_6_SAENDO1,5275,1
RAM2019_ENDO_6_SAENDO1,5276,3
RAM2019_ENDO_6_SAENDO1,5277,2
RAM2019_ENDO_6_SAENDO1,5278,1
RAM2019_ENDO_6_SAENDO1,5279,0
RAM2019_ENDO_6_SAENDO1,5280,2
RAM2019_ENDO_6_SAENDO1,5281,0
RAM2019_ENDO_6_SAENDO1,5282,3
RAM2019_ENDO_6_SAENDO1,5283,1
RAM2019_ENDO_6_SAENDO1,5284,0
RAM2019_ENDO_6_SAENDO1,5285,1
RAM2019_ENDO_6_SAENDO1,5286,2
RAM2019_ENDO_6_SAENDO1,5287,2
RAM2019_ENDO_6_SAENDO1,5288,1
RAM2019_ENDO_6_SAENDO1,5289,1
RAM2019_ENDO_6_SAENDO1,5290,0
RAM2019_ENDO_6_SAENDO1,5291,1
RAM2019_ENDO_6_SAENDO1,5292,0
RAM2019_ENDO_6_SAENDO1,5293,1
RAM2019_ENDO_6_SAENDO1,5294,2
RAM2019_ENDO_6_SAENDO1,5295,1
RAM2019_ENDO_6_SAENDO1,5296,1
RAM2019_ENDO_6_SAENDO1,5297,0
RAM2019_ENDO_6_SAENDO1,5298,1
RAM2019_ENDO_6_SAENDO1,5299,1
RAM2019_ENDO_6_SAENDO1,5300,2
RAM2019_ENDO_6_SAENDO1,5301,1
RAM2019_ENDO_6_SAENDO1,5302,1
RAM2019_ENDO_6_SAENDO1,5303,1
RAM2019_ENDO_6_SAENDO1,5304,1
RAM2019_ENDO_6_SAENDO1,5305,0
RAM2019_ENDO_6_SAENDO1,5306,3
RAM2019_ENDO_6_SAENDO1,5307,0
RAM2019_ENDO_6_SAENDO1,5308,1
RAM2019_ENDO_6_SAENDO1,5309,3
RAM2019_ENDO_6_SAENDO1,5310,2
RAM2019_ENDO_6_SAENDO1,5311,2
RAM2019_ENDO_6_SAENDO1,5312,1
RAM2019_ENDO_6_SAENDO1,5313,1
RAM2019_ENDO_6_SAENDO1,5314,0
RAM2019_ENDO_6_SAENDO1,5315,0
RAM2019_ENDO_6_SAENDO1,5316,0
RAM2019_ENDO_6_SAENDO1,5317,0
RAM2019_ENDO_6_SAENDO1,5318,1
RAM2019_ENDO_6_SAENDO1,5319,0
RAM2019_ENDO_6_SAENDO1,5320,2
RAM2019_ENDO_6_SAENDO1,5321,0
RAM2019_ENDO_6_SAENDO1,5322,0
RAM2019_ENDO_6_SAENDO1,5323,4
RAM2019_ENDO_6_SAENDO1,5324,0
RAM2019_ENDO_6_SAENDO1,5325,2
RAM2019_ENDO_6_SAENDO1,5326,1
RAM2019_ENDO_6_SAENDO1,5327,3
RAM2019_ENDO_6_SAENDO1,5328,2
RAM2019_ENDO_6_SAENDO1,5329,0
RAM2019_ENDO_6_SAENDO1,5330,2
RAM2019_ENDO_6_SAENDO1,5331,0
RAM2019_ENDO_6_SAENDO1,5332,2
RAM2019_ENDO_6_SAENDO1,5333,2
RAM2019_ENDO_6_SAENDO1,5334,1
RAM2019_ENDO_6_SAENDO1,5335,1
RAM2019_ENDO_6_SAENDO1,5336,3
RAM2019_ENDO_6_SAENDO1,5337,1
RAM2019_ENDO_6_SAENDO1,5338,1
RAM2019_ENDO_6_SAENDO1,5339,0
RAM2019_ENDO_6_SAENDO1,5340,3
RAM2019_ENDO_6_SAENDO1,5341,1
RAM2019_ENDO_6_SAENDO1,5342,1
RAM2019_ENDO_6_SAENDO1,5343,2
RAM2019_ENDO_6_SAENDO1,5344,1
RAM2019_ENDO_6_SAENDO1,5345,0
RAM2019_ENDO_6_SAENDO1,5346,2
RAM2019_ENDO_6_SAENDO1,5347,1
RAM2019_ENDO_6_SAENDO1,5348,2
RAM2019_ENDO_6_SAENDO1,5349,1
RAM2019_ENDO_6_SAENDO1,5350,1
RAM2019_ENDO_6_SAENDO1,5351,2
RAM2019_ENDO_6_SAENDO1,5352,1
RAM2019_ENDO_6_SAENDO1,5353,0
RAM2019_ENDO_6_SAENDO1,5354,0
RAM2019_ENDO_6_SAENDO1,5355,1
RAM2019_ENDO_6_SAENDO1,5356,1
RAM2019_ENDO_6_SAENDO1,5357,1
RAM2019_ENDO_6_SAENDO1,5358,2
RAM2019_ENDO_6_SAENDO1,5359,1
RAM2019_ENDO_6_SAENDO1,5360,2
RAM2019_ENDO_6_SAENDO1,5361,1
RAM2019_ENDO_6_SAENDO1,5362,2
RAM2019_ENDO_6_SAENDO1,5363,0
RAM2019_ENDO_6_SAENDO1,5364,0
RAM2019_ENDO_6_SAENDO1,5365,1
RAM2019_ENDO_6_SAENDO1,5366,0
RAM2019_ENDO_6_SAENDO1,5367,1
RAM2019_ENDO_6_SAENDO1,5368,1
RAM2019_ENDO_6_SAENDO1,5369,0
RAM2019_ENDO_6_SAENDO1,5370,1
RAM2019_ENDO_6_SAENDO1,5371,0
RAM2019_ENDO_6_SAENDO1,5372,0
RAM2019_ENDO_6_SAENDO1,5373,0
RAM2019_ENDO_6_SAENDO1,5374,2
RAM2019_ENDO_6_SAENDO1,5375,4
RAM2019_ENDO_6_SAENDO1,5376,2
RAM2019_ENDO_6_SAENDO1,5377,4
RAM2019_ENDO_6_SAENDO1,5378,1
RAM2019_ENDO_6_SAENDO1,5379,3
RAM2019_ENDO_6_SAENDO1,5380,1
RAM2019_ENDO_6_SAENDO1,5381,1
RAM2019_ENDO_6_SAENDO1,5382,1
RAM2019_ENDO_6_SAENDO1,5383,0
RAM2019_ENDO_6_SAENDO1,5384,2
RAM2019_ENDO_6_SAENDO1,5385,0
RAM2019_ENDO_6_SAENDO1,5386,1
RAM2019_ENDO_6_SAENDO1,5387,3
RAM2019_ENDO_6_SAENDO1,5388,1
RAM2019_ENDO_6_SAENDO1,5389,3
RAM2019_ENDO_6_SAENDO1,5390,0
RAM2019_ENDO_6_SAENDO1,5391,1
RAM2019_ENDO_6_SAENDO1,5392,2
RAM2019_ENDO_6_SAENDO1,5393,0
RAM2019_ENDO_6_SAENDO1,5394,0
RAM2019_ENDO_6_SAENDO1,5395,3
RAM2019_ENDO_6_SAENDO1,5396,1
RAM2019_ENDO_6_SAENDO1,5397,2
RAM2019_ENDO_6_SAENDO1,5398,3
RAM2019_ENDO_6_SAENDO1,5399,2
RAM2019_ENDO_6_SAENDO1,5400,1
RAM2019_ENDO_6_SAENDO1,5401,2
RAM2019_ENDO_6_SAENDO1,5402,1
RAM2019_ENDO_6_SAENDO1,5403,1
RAM2019_ENDO_6_SAENDO1,5404,0
RAM2019_ENDO_6_SAENDO1,5405,1
RAM2019_ENDO_6_SAENDO1,5406,2
RAM2019_ENDO_6_SAENDO1,5407,3
RAM2019_ENDO_6_SAENDO1,5408,1
RAM2019_ENDO_6_SAENDO1,5409,2
RAM2019_ENDO_6_SAENDO1,5410,0
RAM2019_ENDO_6_SAENDO1,5411,0
RAM2019_ENDO_6_SAENDO1,5412,0
RAM2019_ENDO_6_SAENDO1,5413,3
RAM2019_ENDO_6_SAENDO1,5414,1
RAM2019_ENDO_6_SAENDO1,5415,1
RAM2019_ENDO_6_SAENDO1,5416,0
RAM2019_ENDO_6_SAENDO1,5417,1
RAM2019_ENDO_6_SAENDO1,5418,1
RAM2019_ENDO_6_SAENDO1,5419,1
RAM2019_ENDO_6_SAENDO1,5420,1
RAM2019_ENDO_6_SAENDO1,5421,1
RAM2019_ENDO_6_SAENDO1,5422,2
RAM2019_ENDO_6_SAENDO1,5423,1
RAM2019_ENDO_6_SAENDO1,5424,0
RAM2019_ENDO_6_SAENDO1,5425,0
RAM2019_ENDO_6_SAENDO1,5426,1
RAM2019_ENDO_6_SAENDO1,5427,1
RAM2019_ENDO_6_SAENDO1,5428,1
RAM2019_ENDO_6_SAENDO1,5429,1
RAM2019_ENDO_6_SAENDO1,5430,0
RAM2019_ENDO_6_SAENDO1,5431,1
RAM2019_ENDO_6_SAENDO1,5432,0
RAM2019_ENDO_6_SAENDO1,5433,1
RAM2019_ENDO_6_SAENDO1,5434,2
RAM2019_ENDO_6_SAENDO1,5435,3
RAM2019_ENDO_6_SAENDO1,5436,0
RAM2019_ENDO_6_SAENDO1,5437,2
RAM2019_ENDO_6_SAENDO1,5438,1
RAM2019_ENDO_6_SAENDO1,5439,1
RAM2019_ENDO_6_SAENDO1,5440,1
RAM2019_ENDO_6_SAENDO1,5441,1
RAM2019_ENDO_6_SAENDO1,5442,1
RAM2019_ENDO_6_SAENDO1,5443,1
RAM2019_ENDO_6_SAENDO1,5444,0
RAM2019_ENDO_6_SAENDO1,5445,1
RAM2019_ENDO_6_SAENDO1,5446,0
RAM2019_ENDO_6_SAENDO1,5447,0
RAM2019_ENDO_6_SAENDO1,5448,1
RAM2019_ENDO_6_SAENDO1,5449,3
RAM2019_ENDO_6_SAENDO1,5450,1
RAM2019_ENDO_6_SAENDO1,5451,0
RAM2019_ENDO_6_SAENDO1,5452,1
RAM2019_ENDO_6_SAENDO1,5453,1
RAM2019_ENDO_6_SAENDO1,5454,3
RAM2019_ENDO_6_SAENDO1,5455,3
RAM2019_ENDO_6_SAENDO1,5456,1
RAM2019_ENDO_6_SAENDO1,5457,4
RAM2019_ENDO_6_SAENDO1,5458,1
RAM2019_ENDO_6_SAENDO1,5459,1
RAM2019_ENDO_6_SAENDO1,5460,1
RAM2019_ENDO_6_SAENDO1,5461,2
RAM2019_ENDO_6_SAENDO1,5462,1
RAM2019_ENDO_6_SAENDO1,5463,2
RAM2019_ENDO_6_SAENDO1,5464,1
RAM2019_ENDO_6_SAENDO1,5465,0
RAM2019_ENDO_6_SAENDO1,5466,0
RAM2019_ENDO_6_SAENDO1,5467,1
RAM2019_ENDO_6_SAENDO1,5468,1
RAM2019_ENDO_6_SAENDO1,5469,5
RAM2019_ENDO_6_SAENDO1,5470,1
RAM2019_ENDO_6_SAENDO1,5471,0
RAM2019_ENDO_6_SAENDO1,5472,2
RAM2019_ENDO_6_SAENDO1,5473,0
RAM2019_ENDO_6_SAENDO1,5474,0
RAM2019_ENDO_6_SAENDO1,5475,1
RAM2019_ENDO_6_SAENDO1,5476,1
RAM2019_ENDO_6_SAENDO1,5477,1
RAM2019_ENDO_6_SAENDO1,5478,1
RAM2019_ENDO_6_SAENDO1,5479,1
RAM2019_ENDO_6_SAENDO1,5480,1
RAM2019_ENDO_6_SAENDO1,5481,1
RAM2019_ENDO_6_SAENDO1,5482,3
RAM2019_ENDO_6_SAENDO1,5483,2
RAM2019_ENDO_6_SAENDO1,5484,1
RAM2019_ENDO_6_SAENDO1,5485,1
RAM2019_ENDO_6_SAENDO1,5486,2
RAM2019_ENDO_6_SAENDO1,5487,0
RAM2019_ENDO_6_SAENDO1,5488,1
RAM2019_ENDO_6_SAENDO1,5489,1
RAM2019_ENDO_6_SAENDO1,5490,2
RAM2019_ENDO_6_SAENDO1,5491,1
RAM2019_ENDO_6_SAENDO1,5492,1
RAM2019_ENDO_6_SAENDO1,5493,2
RAM2019_ENDO_6_SAENDO1,5494,3
RAM2019_ENDO_6_SAENDO1,5495,2
RAM2019_ENDO_6_SAENDO1,5496,2
RAM2019_ENDO_6_SAENDO1,5497,2
RAM2019_ENDO_6_SAENDO1,5498,1
RAM2019_ENDO_6_SAENDO1,5499,0
RAM2019_ENDO_6_SAENDO1,5500,1
RAM2019_ENDO_6_SAENDO1,5501,0
RAM2019_ENDO_6_SAENDO1,5502,0
RAM2019_ENDO_6_SAENDO1,5503,1
RAM2019_ENDO_6_SAENDO1,5504,0
RAM2019_ENDO_6_SAENDO1,5505,0
RAM2019_ENDO_6_SAENDO1,5506,1
RAM2019_ENDO_6_SAENDO1,5507,2
RAM2019_ENDO_6_SAENDO1,5508,1
RAM2019_ENDO_6_SAENDO1,5509,0
RAM2019_ENDO_6_SAENDO1,5510,0
RAM2019_ENDO_6_SAENDO1,5511,3
RAM2019_ENDO_6_SAENDO1,5512,2
RAM2019_ENDO_6_SAENDO1,5513,2
RAM2019_ENDO_6_SAENDO1,5514,1
RAM2019_ENDO_6_SAENDO1,5515,0
RAM2019_ENDO_6_SAENDO1,5516,2
RAM2019_ENDO_6_SAENDO1,5517,0
RAM2019_ENDO_6_SAENDO1,5518,0
RAM2019_ENDO_6_SAENDO1,5519,1
RAM2019_ENDO_6_SAENDO1,5520,1
RAM2019_ENDO_6_SAENDO1,5521,1
RAM2019_ENDO_6_SAENDO1,5522,2
RAM2019_ENDO_6_SAENDO1,5523,2
RAM2019_ENDO_6_SAENDO1,5524,2
RAM2019_ENDO_6_SAENDO1,5525,1
RAM2019_ENDO_6_SAENDO1,5526,0
RAM2019_ENDO_6_SAENDO1,5527,0
RAM2019_ENDO_6_SAENDO1,5528,1
RAM2019_ENDO_6_SAENDO1,5529,1
RAM2019_ENDO_6_SAENDO1,5530,2
RAM2019_ENDO_6_SAENDO1,5531,1
RAM2019_ENDO_6_SAENDO1,5532,2
RAM2019_ENDO_6_SAENDO1,5533,2
RAM2019_ENDO_6_SAENDO1,5534,0
RAM2019_ENDO_6_SAENDO1,5535,0
RAM2019_ENDO_6_SAENDO1,5536,2
RAM2019_ENDO_6_SAENDO1,5537,3
RAM2019_ENDO_6_SAENDO1,5538,0
RAM2019_ENDO_6_SAENDO1,5539,2
RAM2019_ENDO_6_SAENDO1,5540,1
RAM2019_ENDO_6_SAENDO1,5541,1
RAM2019_ENDO_6_SAENDO1,5542,0
RAM2019_ENDO_6_SAENDO1,5543,1
RAM2019_ENDO_6_SAENDO1,5544,0
RAM2019_ENDO_6_SAENDO1,5545,0
RAM2019_ENDO_6_SAENDO1,5546,2
RAM2019_ENDO_6_SAENDO1,5547,1
RAM2019_ENDO_6_SAENDO1,5548,1
RAM2019_ENDO_6_SAENDO1,5549,1
RAM2019_ENDO_6_SAENDO1,5550,2
RAM2019_ENDO_6_SAENDO1,5551,0
RAM2019_ENDO_6_SAENDO1,5552,0
RAM2019_ENDO_6_SAENDO1,5553,2
RAM2019_ENDO_6_SAENDO1,5554,0
RAM2019_ENDO_6_SAENDO1,5555,2
RAM2019_ENDO_6_SAENDO1,5556,0
RAM2019_ENDO_6_SAENDO1,5557,1
RAM2019_ENDO_6_SAENDO1,5558,0
RAM2019_ENDO_6_SAENDO1,5559,2
RAM2019_ENDO_6_SAENDO1,5560,0
RAM2019_ENDO_6_SAENDO1,5561,0
RAM2019_ENDO_6_SAENDO1,5562,1
RAM2019_ENDO_6_SAENDO1,5563,1
RAM2019_ENDO_6_SAENDO1,5564,2
RAM2019_ENDO_6_SAENDO1,5565,1
RAM2019_ENDO_6_SAENDO1,5566,0
RAM2019_ENDO_6_SAENDO1,5567,0
RAM2019_ENDO_6_SAENDO1,5568,1
RAM2019_ENDO_6_SAENDO1,5569,2
RAM2019_ENDO_6_SAENDO1,5570,1
RAM2019_ENDO_6_SAENDO1,5571,0
RAM2019_ENDO_6_SAENDO1,5572,0
RAM2019_ENDO_6_SAENDO1,5573,1
RAM2019_ENDO_6_SAENDO1,5574,1
RAM2019_ENDO_6_SAENDO1,5575,0
RAM2019_ENDO_6_SAENDO1,5576,0
RAM2019_ENDO_6_SAENDO1,5577,1
RAM2019_ENDO_6_SAENDO1,5578,2
RAM2019_ENDO_6_SAENDO1,5579,1
RAM2019_ENDO_6_SAENDO1,5580,1
RAM2019_ENDO_6_SAENDO1,5581,0
RAM2019_ENDO_6_SAENDO1,5582,1
RAM2019_ENDO_6_SAENDO1,5583,0
RAM2019_ENDO_6_SAENDO1,5584,0
RAM2019_ENDO_6_SAENDO1,5585,0
RAM2019_ENDO_6_SAENDO1,5586,3
RAM2019_ENDO_6_SAENDO1,5587,1
RAM2019_ENDO_6_SAENDO1,5588,1
RAM2019_ENDO_6_SAENDO1,5589,2
RAM2019_ENDO_6_SAENDO1,5590,1
RAM2019_ENDO_6_SAENDO1,5591,1
RAM2019_ENDO_6_SAENDO1,5592,4
RAM2019_ENDO_6_SAENDO1,5593,2
RAM2019_ENDO_6_SAENDO1,5594,1
RAM2019_ENDO_6_SAENDO1,5595,2
RAM2019_ENDO_6_SAENDO1,5596,1
RAM2019_ENDO_6_SAENDO1,5597,2
RAM2019_ENDO_6_SAENDO1,5598,4
RAM2019_ENDO_6_SAENDO1,5599,2
RAM2019_ENDO_6_SAENDO1,5600,1
RAM2019_ENDO_6_SAENDO1,5601,1
RAM2019_ENDO_6_SAENDO1,5602,1
RAM2019_ENDO_6_SAENDO1,5603,0
RAM2019_ENDO_6_SAENDO1,5604,1
RAM2019_ENDO_6_SAENDO1,5605,0
RAM2019_ENDO_6_SAENDO1,5606,0
RAM2019_ENDO_6_SAENDO1,5607,1
RAM2019_ENDO_6_SAENDO1,5608,1
RAM2019_ENDO_6_SAENDO1,5609,1
RAM2019_ENDO_6_SAENDO1,5610,0
RAM2019_ENDO_6_SAENDO1,5611,1
RAM2019_ENDO_6_SAENDO1,5612,2
RAM2019_ENDO_6_SAENDO1,5613,3
RAM2019_ENDO_6_SAENDO1,5614,0
RAM2019_ENDO_6_SAENDO1,5615,2
RAM2019_ENDO_6_SAENDO1,5616,1
RAM2019_ENDO_6_SAENDO1,5617,0
RAM2019_ENDO_6_SAENDO1,5618,2
RAM2019_ENDO_6_SAENDO1,5619,1
RAM2019_ENDO_6_SAENDO1,5620,0
RAM2019_ENDO_6_SAENDO1,5621,2
RAM2019_ENDO_6_SAENDO1,5622,0
RAM2019_ENDO_6_SAENDO1,5623,2
RAM2019_ENDO_6_SAENDO1,5624,1
RAM2019_ENDO_6_SAENDO1,5625,1
RAM2019_ENDO_6_SAENDO1,5626,1
RAM2019_ENDO_6_SAENDO1,5627,1
RAM2019_ENDO_6_SAENDO1,5628,1
RAM2019_ENDO_6_SAENDO1,5629,1
RAM2019_ENDO_6_SAENDO1,5630,0
RAM2019_ENDO_6_SAENDO1,5631,2
RAM2019_ENDO_6_SAENDO1,5632,1
RAM2019_ENDO_6_SAENDO1,5633,0
RAM2019_ENDO_6_SAENDO1,5634,2
RAM2019_ENDO_6_SAENDO1,5635,0
RAM2019_ENDO_6_SAENDO1,5636,3
RAM2019_ENDO_6_SAENDO1,5637,1
RAM2019_ENDO_6_SAENDO1,5638,0
RAM2019_ENDO_6_SAENDO1,5639,1
RAM2019_ENDO_6_SAENDO1,5640,0
RAM2019_ENDO_6_SAENDO1,5641,0
RAM2019_ENDO_6_SAENDO1,5642,0
RAM2019_ENDO_6_SAENDO1,5643,0
RAM2019_ENDO_6_SAENDO1,5644,1
RAM2019_ENDO_6_SAENDO1,5645,0
RAM2019_ENDO_6_SAENDO1,5646,1
RAM2019_ENDO_6_SAENDO1,5647,1
RAM2019_ENDO_6_SAENDO1,5648,0
RAM2019_ENDO_6_SAENDO1,5649,0
RAM2019_ENDO_6_SAENDO1,5650,2
RAM2019_ENDO_6_SAENDO1,5651,0
RAM2019_ENDO_6_SAENDO1,5652,2
RAM2019_ENDO_6_SAENDO1,5653,1
RAM2019_ENDO_6_SAENDO1,5654,2
RAM2019_ENDO_6_SAENDO1,5655,0
RAM2019_ENDO_6_SAENDO1,5656,3
RAM2019_ENDO_6_SAENDO1,5657,1
RAM2019_ENDO_6_SAENDO1,5658,1
RAM2019_ENDO_6_SAENDO1,5659,3
RAM2019_ENDO_6_SAENDO1,5660,2
RAM2019_ENDO_6_SAENDO1,5661,2
RAM2019_ENDO_6_SAENDO1,5662,1
RAM2019_ENDO_6_SAENDO1,5663,0
RAM2019_ENDO_6_SAENDO1,5664,1
RAM2019_ENDO_6_SAENDO1,5665,5
RAM2019_ENDO_6_SAENDO1,5666,0
RAM2019_ENDO_6_SAENDO1,5667,0
RAM2019_ENDO_6_SAENDO1,5668,0
RAM2019_ENDO_6_SAENDO1,5669,1
RAM2019_ENDO_6_SAENDO1,5670,0
RAM2019_ENDO_6_SAENDO1,5671,1
RAM2019_ENDO_6_SAENDO1,5672,2
RAM2019_ENDO_6_SAENDO1,5673,0
RAM2019_ENDO_6_SAENDO1,5674,0
RAM2019_ENDO_6_SAENDO1,5675,2
RAM2019_ENDO_6_SAENDO1,5676,0
RAM2019_ENDO_6_SAENDO1,5677,1
RAM2019_ENDO_6_SAENDO1,5678,2
RAM2019_ENDO_6_SAENDO1,5679,4
RAM2019_ENDO_6_SAENDO1,5680,1
RAM2019_ENDO_6_SAENDO1,5681,1
RAM2019_ENDO_6_SAENDO1,5682,2
RAM2019_ENDO_6_SAENDO1,5683,0
RAM2019_ENDO_6_SAENDO1,5684,0
RAM2019_ENDO_6_SAENDO1,5685,0
RAM2019_ENDO_6_SAENDO1,5686,2
RAM2019_ENDO_6_SAENDO1,5687,2
RAM2019_ENDO_6_SAENDO1,5688,1
RAM2019_ENDO_6_SAENDO1,5689,0
RAM2019_ENDO_6_SAENDO1,5690,3
RAM2019_ENDO_6_SAENDO1,5691,0
RAM2019_ENDO_6_SAENDO1,5692,0
RAM2019_ENDO_6_SAENDO1,5693,0
RAM2019_ENDO_6_SAENDO1,5694,2
RAM2019_ENDO_6_SAENDO1,5695,1
RAM2019_ENDO_6_SAENDO1,5696,2
RAM2019_ENDO_6_SAENDO1,5697,0
RAM2019_ENDO_6_SAENDO1,5698,0
RAM2019_ENDO_6_SAENDO1,5699,1
RAM2019_ENDO_6_SAENDO1,5700,0
RAM2019_ENDO_6_SAENDO1,5701,2
RAM2019_ENDO_6_SAENDO1,5702,2
RAM2019_ENDO_6_SAENDO1,5703,0
RAM2019_ENDO_6_SAENDO1,5704,2
RAM2019_ENDO_6_SAENDO1,5705,3
RAM2019_ENDO_6_SAENDO1,5706,2
RAM2019_ENDO_6_SAENDO1,5707,0
RAM2019_ENDO_6_SAENDO1,5708,1
RAM2019_ENDO_6_SAENDO1,5709,2
RAM2019_ENDO_6_SAENDO1,5710,2
RAM2019_ENDO_6_SAENDO1,5711,1
RAM2019_ENDO_6_SAENDO1,5712,0
RAM2019_ENDO_6_SAENDO1,5713,4
RAM2019_ENDO_6_SAENDO1,5714,1
RAM2019_ENDO_6_SAENDO1,5715,1
RAM2019_ENDO_6_SAENDO1,5716,0
RAM2019_ENDO_6_SAENDO1,5717,1
RAM2019_ENDO_6_SAENDO1,5718,1
RAM2019_ENDO_6_SAENDO1,5719,1
RAM2019_ENDO_6_SAENDO1,5720,1
RAM2019_ENDO_6_SAENDO1,5721,1
RAM2019_ENDO_6_SAENDO1,5722,0
RAM2019_ENDO_6_SAENDO1,5723,2
RAM2019_ENDO_6_SAENDO1,5724,0
RAM2019_ENDO_6_SAENDO1,5725,1
RAM2019_ENDO_6_SAENDO1,5726,1
RAM2019_ENDO_6_SAENDO1,5727,1
RAM2019_ENDO_6_SAENDO1,5728,0
RAM2019_ENDO_6_SAENDO1,5729,1
RAM2019_ENDO_6_SAENDO1,5730,0
RAM2019_ENDO_6_SAENDO1,5731,2
RAM2019_ENDO_6_SAENDO1,5732,1
RAM2019_ENDO_6_SAENDO1,5733,1
RAM2019_ENDO_6_SAENDO1,5734,0
RAM2019_ENDO_6_SAENDO1,5735,3
RAM2019_ENDO_6_SAENDO1,5736,1
RAM2019_ENDO_6_SAENDO1,5737,1
RAM2019_ENDO_6_SAENDO1,5738,2
RAM2019_ENDO_6_SAENDO1,5739,0
RAM2019_ENDO_6_SAENDO1,5740,3
RAM2019_ENDO_6_SAENDO1,5741,1
RAM2019_ENDO_6_SAENDO1,5742,0
RAM2019_ENDO_6_SAENDO1,5743,2
RAM2019_ENDO_6_SAENDO1,5744,1
RAM2019_ENDO_6_SAENDO1,5745,1
RAM2019_ENDO_6_SAENDO1,5746,2
RAM2019_ENDO_6_SAENDO1,5747,3
RAM2019_ENDO_6_SAENDO1,5748,1
RAM2019_ENDO_6_SAENDO1,5749,2
RAM2019_ENDO_6_SAENDO1,5750,0
RAM2019_ENDO_6_SAENDO1,5751,0
RAM2019_ENDO_6_SAENDO1,5752,0
RAM2019_ENDO_6_SAENDO1,5753,1
RAM2019_ENDO_6_SAENDO1,5754,0
RAM2019_ENDO_6_SAENDO1,5755,2
RAM2019_ENDO_6_SAENDO1,5756,3
RAM2019_ENDO_6_SAENDO1,5757,1
RAM2019_ENDO_6_SAENDO1,5758,1
RAM2019_ENDO_6_SAENDO1,5759,1
RAM2019_ENDO_6_SAENDO1,5760,1
RAM2019_ENDO_6_SAENDO1,5761,1
RAM2019_ENDO_6_SAENDO1,5762,1
RAM2019_ENDO_6_SAENDO1,5763,0
RAM2019_ENDO_6_SAENDO1,5764,2
RAM2019_ENDO_6_SAENDO1,5765,1
RAM2019_ENDO_6_SAENDO1,5766,2
RAM2019_ENDO_6_SAENDO1,5767,0
RAM2019_ENDO_6_SAENDO1,5768,1
RAM2019_ENDO_6_SAENDO1,5769,0
RAM2019_ENDO_6_SAENDO1,5770,1
RAM2019_ENDO_6_SAENDO1,5771,1
RAM2019_ENDO_6_SAENDO1,5772,3
RAM2019_ENDO_6_SAENDO1,5773,0
RAM2019_ENDO_6_SAENDO1,5774,1
RAM2019_ENDO_6_SAENDO1,5775,0
RAM2019_ENDO_6_SAENDO1,5776,0
RAM2019_ENDO_6_SAENDO1,5777,0
RAM2019_ENDO_6_SAENDO1,5778,0
RAM2019_ENDO_6_SAENDO1,5779,2
RAM2019_ENDO_6_SAENDO1,5780,1
RAM2019_ENDO_6_SAENDO1,5781,0
RAM2019_ENDO_6_SAENDO1,5782,2
RAM2019_ENDO_6_SAENDO1,5783,2
RAM2019_ENDO_6_SAENDO1,5784,1
RAM2019_ENDO_6_SAENDO1,5785,1
RAM2019_ENDO_6_SAENDO1,5786,1
RAM2019_ENDO_6_SAENDO1,5787,1
RAM2019_ENDO_6_SAENDO1,5788,1
RAM2019_ENDO_6_SAENDO1,5789,0
RAM2019_ENDO_6_SAENDO1,5790,0
RAM2019_ENDO_6_SAENDO1,5791,2
RAM2019_ENDO_6_SAENDO1,5792,1
RAM2019_ENDO_6_SAENDO1,5793,2
RAM2019_ENDO_6_SAENDO1,5794,1
RAM2019_ENDO_6_SAENDO1,5795,1
RAM2019_ENDO_6_SAENDO1,5796,1
RAM2019_ENDO_6_SAENDO1,5797,1
RAM2019_ENDO_6_SAENDO1,5798,0
RAM2019_ENDO_6_SAENDO1,5799,1
RAM2019_ENDO_6_SAENDO1,5800,1
RAM2019_ENDO_6_SAENDO1,5801,3
RAM2019_ENDO_6_SAENDO1,5802,2
RAM2019_ENDO_6_SAENDO1,5803,1
RAM2019_ENDO_6_SAENDO1,5804,2
RAM2019_ENDO_6_SAENDO1,5805,1
RAM2019_ENDO_6_SAENDO1,5806,1
RAM2019_ENDO_6_SAENDO1,5807,1
RAM2019_ENDO_6_SAENDO1,5808,1
RAM2019_ENDO_6_SAENDO1,5809,1
RAM2019_ENDO_6_SAENDO1,5810,2
RAM2019_ENDO_6_SAENDO1,5811,1
RAM2019_ENDO_6_SAENDO1,5812,3
RAM2019_ENDO_6_SAENDO1,5813,0
RAM2019_ENDO_6_SAENDO1,5814,1
RAM2019_ENDO_6_SAENDO1,5815,3
RAM2019_ENDO_6_SAENDO1,5816,0
RAM2019_ENDO_6_SAENDO1,5817,1
RAM2019_ENDO_6_SAENDO1,5818,4
RAM2019_ENDO_6_SAENDO1,5819,1
RAM2019_ENDO_6_SAENDO1,5820,0
RAM2019_ENDO_6_SAENDO1,5821,1
RAM2019_ENDO_6_SAENDO1,5822,3
RAM2019_ENDO_6_SAENDO1,5823,0
RAM2019_ENDO_6_SAENDO1,5824,0
RAM2019_ENDO_6_SAENDO1,5825,2
RAM2019_ENDO_6_SAENDO1,5826,2
RAM2019_ENDO_6_SAENDO1,5827,3
RAM2019_ENDO_6_SAENDO1,5828,1
RAM2019_ENDO_6_SAENDO1,5829,3
RAM2019_ENDO_6_SAENDO1,5830,0
RAM2019_ENDO_6_SAENDO1,5831,1
RAM2019_ENDO_6_SAENDO1,5832,0
RAM2019_ENDO_6_SAENDO1,5833,1
RAM2019_ENDO_6_SAENDO1,5834,2
RAM2019_ENDO_6_SAENDO1,5835,1
RAM2019_ENDO_6_SAENDO1,5836,1
RAM2019_ENDO_6_SAENDO1,5837,4
RAM2019_ENDO_6_SAENDO1,5838,0
RAM2019_ENDO_6_SAENDO1,5839,3
RAM2019_ENDO_6_SAENDO1,5840,3
RAM2019_ENDO_6_SAENDO1,5841,1
RAM2019_ENDO_6_SAENDO1,5842,0
RAM2019_ENDO_6_SAENDO1,5843,2
RAM2019_ENDO_6_SAENDO1,5844,2
RAM2019_ENDO_6_SAENDO1,5845,1
RAM2019_ENDO_6_SAENDO1,5846,1
RAM2019_ENDO_6_SAENDO1,5847,1
RAM2019_ENDO_6_SAENDO1,5848,1
RAM2019_ENDO_6_SAENDO1,5849,1
RAM2019_ENDO_6_SAENDO1,5850,2
RAM2019_ENDO_6_SAENDO1,5851,2
RAM2019_ENDO_6_SAENDO1,5852,1
RAM2019_ENDO_6_SAENDO1,5853,1
RAM2019_ENDO_6_SAENDO1,5854,1
RAM2019_ENDO_6_SAENDO1,5855,2
RAM2019_ENDO_6_SAENDO1,5856,2
RAM2019_ENDO_6_SAENDO1,5857,1
RAM2019_ENDO_6_SAENDO1,5858,1
RAM2019_ENDO_6_SAENDO1,5859,1
RAM2019_ENDO_6_SAENDO1,5860,2
RAM2019_ENDO_6_SAENDO1,5861,0
RAM2019_ENDO_6_SAENDO1,5862,0
RAM2019_ENDO_6_SAENDO1,5863,2
RAM2019_ENDO_6_SAENDO1,5864,0
RAM2019_ENDO_6_SAENDO1,5865,1
RAM2019_ENDO_6_SAENDO1,5866,0
RAM2019_ENDO_6_SAENDO1,5867,2
RAM2019_ENDO_6_SAENDO1,5868,0
RAM2019_ENDO_6_SAENDO1,5869,0
RAM2019_ENDO_6_SAENDO1,5870,1
RAM2019_ENDO_6_SAENDO1,5871,1
RAM2019_ENDO_6_SAENDO1,5872,1
RAM2019_ENDO_6_SAENDO1,5873,3
RAM2019_ENDO_6_SAENDO1,5874,1
RAM2019_ENDO_6_SAENDO1,5875,2
RAM2019_ENDO_6_SAENDO1,5876,0
RAM2019_ENDO_6_SAENDO1,5877,1
RAM2019_ENDO_6_SAENDO1,5878,0
RAM2019_ENDO_6_SAENDO1,5879,0
RAM2019_ENDO_6_SAENDO1,5880,1
RAM2019_ENDO_6_SAENDO1,5881,2
RAM2019_ENDO_6_SAENDO1,5882,0
RAM2019_ENDO_6_SAENDO1,5883,1
RAM2019_ENDO_6_SAENDO1,5884,0
RAM2019_ENDO_6_SAENDO1,5885,3
RAM2019_ENDO_6_SAENDO1,5886,1
RAM2019_ENDO_6_SAENDO1,5887,2
RAM2019_ENDO_6_SAENDO1,5888,0
RAM2019_ENDO_6_SAENDO1,5889,0
RAM2019_ENDO_6_SAENDO1,5890,2
RAM2019_ENDO_6_SAENDO1,5891,2
RAM2019_ENDO_6_SAENDO1,5892,2
RAM2019_ENDO_6_SAENDO1,5893,1
RAM2019_ENDO_6_SAENDO1,5894,2
RAM2019_ENDO_6_SAENDO1,5895,0
RAM2019_ENDO_6_SAENDO1,5896,0
RAM2019_ENDO_6_SAENDO1,5897,0
RAM2019_ENDO_6_SAENDO1,5898,0
RAM2019_ENDO_6_SAENDO1,5899,3
RAM2019_ENDO_6_SAENDO1,5900,1
RAM2019_ENDO_6_SAENDO1,5901,0
RAM2019_ENDO_6_SAENDO1,5902,3
RAM2019_ENDO_6_SAENDO1,5903,1
RAM2019_ENDO_6_SAENDO1,5904,1
RAM2019_ENDO_6_SAENDO1,5905,1
RAM2019_ENDO_6_SAENDO1,5906,3
RAM2019_ENDO_6_SAENDO1,5907,1
RAM2019_ENDO_6_SAENDO1,5908,1
RAM2019_ENDO_6_SAENDO1,5909,1
RAM2019_ENDO_6_SAENDO1,5910,1
RAM2019_ENDO_6_SAENDO1,5911,0
RAM2019_ENDO_6_SAENDO1,5912,2
RAM2019_ENDO_6_SAENDO1,5913,0
RAM2019_ENDO_6_SAENDO1,5914,1
RAM2019_ENDO_6_SAENDO1,5915,1
RAM2019_ENDO_6_SAENDO1,5916,1
RAM2019_ENDO_6_SAENDO1,5917,0
RAM2019_ENDO_6_SAENDO1,5918,1
RAM2019_ENDO_6_SAENDO1,5919,3
RAM2019_ENDO_6_SAENDO1,5920,2
RAM2019_ENDO_6_SAENDO1,5921,1
RAM2019_ENDO_6_SAENDO1,5922,2
RAM2019_ENDO_6_SAENDO1,5923,2
RAM2019_ENDO_6_SAENDO1,5924,1
RAM2019_ENDO_6_SAENDO1,5925,1
RAM2019_ENDO_6_SAENDO1,5926,1
RAM2019_ENDO_6_SAENDO1,5927,2
RAM2019_ENDO_6_SAENDO1,5928,1
RAM2019_ENDO_6_SAENDO1,5929,1
RAM2019_ENDO_6_SAENDO1,5930,0
RAM2019_ENDO_6_SAENDO1,5931,1
RAM2019_ENDO_6_SAENDO1,5932,0
RAM2019_ENDO_6_SAENDO1,5933,2
RAM2019_ENDO_6_SAENDO1,5934,4
RAM2019_ENDO_6_SAENDO1,5935,0
RAM2019_ENDO_6_SAENDO1,5936,2
RAM2019_ENDO_6_SAENDO1,5937,0
RAM2019_ENDO_6_SAENDO1,5938,1
RAM2019_ENDO_6_SAENDO1,5939,0
RAM2019_ENDO_6_SAENDO1,5940,2
RAM2019_ENDO_6_SAENDO1,5941,1
RAM2019_ENDO_6_SAENDO1,5942,1
RAM2019_ENDO_6_SAENDO1,5943,2
RAM2019_ENDO_6_SAENDO1,5944,1
RAM2019_ENDO_6_SAENDO1,5945,3
RAM2019_ENDO_6_SAENDO1,5946,1
RAM2019_ENDO_6_SAENDO1,5947,0
RAM2019_ENDO_6_SAENDO1,5948,3
RAM2019_ENDO_6_SAENDO1,5949,0
RAM2019_ENDO_6_SAENDO1,5950,2
RAM2019_ENDO_6_SAENDO1,5951,1
RAM2019_ENDO_6_SAENDO1,5952,0
RAM2019_ENDO_6_SAENDO1,5953,3
RAM2019_ENDO_6_SAENDO1,5954,0
RAM2019_ENDO_6_SAENDO1,5955,0
RAM2019_ENDO_6_SAENDO1,5956,2
RAM2019_ENDO_6_SAENDO1,5957,1
RAM2019_ENDO_6_SAENDO1,5958,0
RAM2019_ENDO_6_SAENDO1,5959,0
RAM2019_ENDO_6_SAENDO1,5960,1
RAM2019_ENDO_6_SAENDO1,5961,3
RAM2019_ENDO_6_SAENDO1,5962,1
RAM2019_ENDO_6_SAENDO1,5963,0
RAM2019_ENDO_6_SAENDO1,5964,2
RAM2019_ENDO_6_SAENDO1,5965,1
RAM2019_ENDO_6_SAENDO1,5966,1
RAM2019_ENDO_6_SAENDO1,5967,1
RAM2019_ENDO_6_SAENDO1,5968,2
RAM2019_ENDO_6_SAENDO1,5969,0
RAM2019_ENDO_6_SAENDO1,5970,0
RAM2019_ENDO_6_SAENDO1,5971,1
RAM2019_ENDO_6_SAENDO1,5972,2
RAM2019_ENDO_6_SAENDO1,5973,0
RAM2019_ENDO_6_SAENDO1,5974,3
RAM2019_ENDO_6_SAENDO1,5975,0
RAM2019_ENDO_6_SAENDO1,5976,0
RAM2019_ENDO_6_SAENDO1,5977,1
RAM2019_ENDO_6_SAENDO1,5978,1
RAM2019_ENDO_6_SAENDO1,5979,0
RAM2019_ENDO_6_SAENDO1,5980,0
RAM2019_ENDO_6_SAENDO1,5981,2
RAM2019_ENDO_6_SAENDO1,5982,1
RAM2019_ENDO_6_SAENDO1,5983,1
RAM2019_ENDO_6_SAENDO1,5984,0
RAM2019_ENDO_6_SAENDO1,5985,3
RAM2019_ENDO_6_SAENDO1,5986,0
RAM2019_ENDO_6_SAENDO1,5987,3
RAM2019_ENDO_6_SAENDO1,5988,0
RAM2019_ENDO_6_SAENDO1,5989,2
RAM2019_ENDO_6_SAENDO1,5990,1
RAM2019_ENDO_6_SAENDO1,5991,2
RAM2019_ENDO_6_SAENDO1,5992,0
RAM2019_ENDO_6_SAENDO1,5993,1
RAM2019_ENDO_6_SAENDO1,5994,0
RAM2019_ENDO_6_SAENDO1,5995,0
RAM2019_ENDO_6_SAENDO1,5996,0
RAM2019_ENDO_6_SAENDO1,5997,0
RAM2019_ENDO_6_SAENDO1,5998,0
RAM2019_ENDO_6_SAENDO1,5999,0
RAM2019_ENDO_6_SAENDO1,6000,1
RAM2019_ENDO_6_SAENDO1,6001,1
RAM2019_ENDO_6_SAENDO1,6002,1
RAM2019_ENDO_6_SAENDO1,6003,3
RAM2019_ENDO_6_SAENDO1,6004,1
RAM2019_ENDO_6_SAENDO1,6005,1
RAM2019_ENDO_6_SAENDO1,6006,0
RAM2019_ENDO_6_SAENDO1,6007,0
RAM2019_ENDO_6_SAENDO1,6008,0
RAM2019_ENDO_6_SAENDO1,6009,0
RAM2019_ENDO_6_SAENDO1,6010,1
RAM2019_ENDO_6_SAENDO1,6011,0
RAM2019_ENDO_6_SAENDO1,6012,0
RAM2019_ENDO_6_SAENDO1,6013,0
RAM2019_ENDO_6_SAENDO1,6014,2
RAM2019_ENDO_6_SAENDO1,6015,0
RAM2019_ENDO_6_SAENDO1,6016,3
RAM2019_ENDO_6_SAENDO1,6017,3
RAM2019_ENDO_6_SAENDO1,6018,0
RAM2019_ENDO_6_SAENDO1,6019,1
RAM2019_ENDO_6_SAENDO1,6020,1
RAM2019_ENDO_6_SAENDO1,6021,1
RAM2019_ENDO_6_SAENDO1,6022,0
RAM2019_ENDO_6_SAENDO1,6023,0
RAM2019_ENDO_6_SAENDO1,6024,0
RAM2019_ENDO_6_SAENDO1,6025,1
RAM2019_ENDO_6_SAENDO1,6026,2
RAM2019_ENDO_6_SAENDO1,6027,0
RAM2019_ENDO_6_SAENDO1,6028,2
RAM2019_ENDO_6_SAENDO1,6029,4
RAM2019_ENDO_6_SAENDO1,6030,0
RAM2019_ENDO_6_SAENDO1,6031,0
RAM2019_ENDO_6_SAENDO1,6032,0
RAM2019_ENDO_6_SAENDO1,6033,0
RAM2019_ENDO_6_SAENDO1,6034,0
RAM2019_ENDO_6_SAENDO1,6035,0
RAM2019_ENDO_6_SAENDO1,6036,1
RAM2019_ENDO_6_SAENDO1,6037,1
RAM2019_ENDO_6_SAENDO1,6038,1
RAM2019_ENDO_6_SAENDO1,6039,1
RAM2019_ENDO_6_SAENDO1,6040,1
RAM2019_ENDO_6_SAENDO1,6041,3
RAM2019_ENDO_6_SAENDO1,6042,1
RAM2019_ENDO_6_SAENDO1,6043,1
RAM2019_ENDO_6_SAENDO1,6044,4
RAM2019_ENDO_6_SAENDO1,6045,2
RAM2019_ENDO_6_SAENDO1,6046,0
RAM2019_ENDO_6_SAENDO1,6047,2
RAM2019_ENDO_6_SAENDO1,6048,1
RAM2019_ENDO_6_SAENDO1,6049,0
RAM2019_ENDO_6_SAENDO1,6050,2
RAM2019_ENDO_6_SAENDO1,6051,1
RAM2019_ENDO_6_SAENDO1,6052,0
RAM2019_ENDO_6_SAENDO1,6053,2
RAM2019_ENDO_6_SAENDO1,6054,1
RAM2019_ENDO_6_SAENDO1,6055,3
RAM2019_ENDO_6_SAENDO1,6056,1
RAM2019_ENDO_6_SAENDO1,6057,1
RAM2019_ENDO_6_SAENDO1,6058,0
RAM2019_ENDO_6_SAENDO1,6059,2
RAM2019_ENDO_6_SAENDO1,6060,1
RAM2019_ENDO_6_SAENDO1,6061,2
RAM2019_ENDO_6_SAENDO1,6062,2
RAM2019_ENDO_6_SAENDO1,6063,2
RAM2019_ENDO_6_SAENDO1,6064,3
RAM2019_ENDO_6_SAENDO1,6065,0
RAM2019_ENDO_6_SAENDO1,6066,0
RAM2019_ENDO_6_SAENDO1,6067,3
RAM2019_ENDO_6_SAENDO1,6068,3
RAM2019_ENDO_6_SAENDO1,6069,1
RAM2019_ENDO_6_SAENDO1,6070,2
RAM2019_ENDO_6_SAENDO1,6071,0
RAM2019_ENDO_6_SAENDO1,6072,2
RAM2019_ENDO_6_SAENDO1,6073,1
RAM2019_ENDO_6_SAENDO1,6074,1
RAM2019_ENDO_6_SAENDO1,6075,2
RAM2019_ENDO_6_SAENDO1,6076,1
RAM2019_ENDO_6_SAENDO1,6077,2
RAM2019_ENDO_6_SAENDO1,6078,1
RAM2019_ENDO_6_SAENDO1,6079,2
RAM2019_ENDO_6_SAENDO1,6080,2
RAM2019_ENDO_6_SAENDO1,6081,0
RAM2019_ENDO_6_SAENDO1,6082,0
RAM2019_ENDO_6_SAENDO1,6083,0
RAM2019_ENDO_6_SAENDO1,6084,3
RAM2019_ENDO_6_SAENDO1,6085,1
RAM2019_ENDO_6_SAENDO1,6086,2
RAM2019_ENDO_6_SAENDO1,6087,1
RAM2019_ENDO_6_SAENDO1,6088,0
RAM2019_ENDO_6_SAENDO1,6089,2
RAM2019_ENDO_6_SAENDO1,6090,0
RAM2019_ENDO_6_SAENDO1,6091,2
RAM2019_ENDO_6_SAENDO1,6092,3
RAM2019_ENDO_6_SAENDO1,6093,0
RAM2019_ENDO_6_SAENDO1,6094,2
RAM2019_ENDO_6_SAENDO1,6095,1
RAM2019_ENDO_6_SAENDO1,6096,3
RAM2019_ENDO_6_SAENDO1,6097,2
RAM2019_ENDO_6_SAENDO1,6098,3
RAM2019_ENDO_6_SAENDO1,6099,2
RAM2019_ENDO_6_SAENDO1,6100,1
RAM2019_ENDO_6_SAENDO1,6101,2
RAM2019_ENDO_6_SAENDO1,6102,2
RAM2019_ENDO_6_SAENDO1,6103,2
RAM2019_ENDO_6_SAENDO1,6104,2
RAM2019_ENDO_6_SAENDO1,6105,2
RAM2019_ENDO_6_SAENDO1,6106,3
RAM2019_ENDO_6_SAENDO1,6107,1
RAM2019_ENDO_6_SAENDO1,6108,0
RAM2019_ENDO_6_SAENDO1,6109,2
RAM2019_ENDO_6_SAENDO1,6110,0
RAM2019_ENDO_6_SAENDO1,6111,0
RAM2019_ENDO_6_SAENDO1,6112,0
RAM2019_ENDO_6_SAENDO1,6113,0
RAM2019_ENDO_6_SAENDO1,6114,2
RAM2019_ENDO_6_SAENDO1,6115,0
RAM2019_ENDO_6_SAENDO1,6116,0
RAM2019_ENDO_6_SAENDO1,6117,2
RAM2019_ENDO_6_SAENDO1,6118,1
RAM2019_ENDO_6_SAENDO1,6119,2
RAM2019_ENDO_6_SAENDO1,6120,1
RAM2019_ENDO_6_SAENDO1,6121,0
RAM2019_ENDO_6_SAENDO1,6122,0
RAM2019_ENDO_6_SAENDO1,6123,1
RAM2019_ENDO_6_SAENDO1,6124,0
RAM2019_ENDO_6_SAENDO1,6125,1
RAM2019_ENDO_6_SAENDO1,6126,2
RAM2019_ENDO_6_SAENDO1,6127,2
RAM2019_ENDO_6_SAENDO1,6128,1
RAM2019_ENDO_6_SAENDO1,6129,1
RAM2019_ENDO_6_SAENDO1,6130,1
RAM2019_ENDO_6_SAENDO1,6131,1
RAM2019_ENDO_6_SAENDO1,6132,0
RAM2019_ENDO_6_SAENDO1,6133,1
RAM2019_ENDO_6_SAENDO1,6134,1
RAM2019_ENDO_6_SAENDO1,6135,2
RAM2019_ENDO_6_SAENDO1,6136,2
RAM2019_ENDO_6_SAENDO1,6137,1
RAM2019_ENDO_6_SAENDO1,6138,1
RAM2019_ENDO_6_SAENDO1,6139,0
RAM2019_ENDO_6_SAENDO1,6140,2
RAM2019_ENDO_6_SAENDO1,6141,0
RAM2019_ENDO_6_SAENDO1,6142,0
RAM2019_ENDO_6_SAENDO1,6143,2
RAM2019_ENDO_6_SAENDO1,6144,1
RAM2019_ENDO_6_SAENDO1,6145,1
RAM2019_ENDO_6_SAENDO1,6146,2
RAM2019_ENDO_6_SAENDO1,6147,1
RAM2019_ENDO_6_SAENDO1,6148,0
RAM2019_ENDO_6_SAENDO1,6149,2
RAM2019_ENDO_6_SAENDO1,6150,0
RAM2019_ENDO_6_SAENDO1,6151,1
RAM2019_ENDO_6_SAENDO1,6152,2
RAM2019_ENDO_6_SAENDO1,6153,2
RAM2019_ENDO_6_SAENDO1,6154,0
RAM2019_ENDO_6_SAENDO1,6155,3
RAM2019_ENDO_6_SAENDO1,6156,2
RAM2019_ENDO_6_SAENDO1,6157,1
RAM2019_ENDO_6_SAENDO1,6158,0
RAM2019_ENDO_6_SAENDO1,6159,1
RAM2019_ENDO_6_SAENDO1,6160,0
RAM2019_ENDO_6_SAENDO1,6161,1
RAM2019_ENDO_6_SAENDO1,6162,0
RAM2019_ENDO_6_SAENDO1,6163,1
RAM2019_ENDO_6_SAENDO1,6164,2
RAM2019_ENDO_6_SAENDO1,6165,1
RAM2019_ENDO_6_SAENDO1,6166,0
RAM2019_ENDO_6_SAENDO1,6167,1
RAM2019_ENDO_6_SAENDO1,6168,0
RAM2019_ENDO_6_SAENDO1,6169,1
RAM2019_ENDO_6_SAENDO1,6170,2
RAM2019_ENDO_6_SAENDO1,6171,3
RAM2019_ENDO_6_SAENDO1,6172,3
RAM2019_ENDO_6_SAENDO1,6173,2
RAM2019_ENDO_6_SAENDO1,6174,1
RAM2019_ENDO_6_SAENDO1,6175,1
RAM2019_ENDO_6_SAENDO1,6176,1
RAM2019_ENDO_6_SAENDO1,6177,3
RAM2019_ENDO_6_SAENDO1,6178,1
RAM2019_ENDO_6_SAENDO1,6179,0
RAM2019_ENDO_6_SAENDO1,6180,0
RAM2019_ENDO_6_SAENDO1,6181,0
RAM2019_ENDO_6_SAENDO1,6182,3
RAM2019_ENDO_6_SAENDO1,6183,1
RAM2019_ENDO_6_SAENDO1,6184,2
RAM2019_ENDO_6_SAENDO1,6185,1
RAM2019_ENDO_6_SAENDO1,6186,3
RAM2019_ENDO_6_SAENDO1,6187,1
RAM2019_ENDO_6_SAENDO1,6188,0
RAM2019_ENDO_6_SAENDO1,6189,1
RAM2019_ENDO_6_SAENDO1,6190,0
RAM2019_ENDO_6_SAENDO1,6191,2
RAM2019_ENDO_6_SAENDO1,6192,1
RAM2019_ENDO_6_SAENDO1,6193,1
RAM2019_ENDO_6_SAENDO1,6194,2
RAM2019_ENDO_6_SAENDO1,6195,1
RAM2019_ENDO_6_SAENDO1,6196,0
RAM2019_ENDO_6_SAENDO1,6197,0
RAM2019_ENDO_6_SAENDO1,6198,2
RAM2019_ENDO_6_SAENDO1,6199,1
RAM2019_ENDO_6_SAENDO1,6200,1
RAM2019_ENDO_6_SAENDO1,6201,1
RAM2019_ENDO_6_SAENDO1,6202,0
RAM2019_ENDO_6_SAENDO1,6203,1
RAM2019_ENDO_6_SAENDO1,6204,0
RAM2019_ENDO_6_SAENDO1,6205,0
RAM2019_ENDO_6_SAENDO1,6206,3
RAM2019_ENDO_6_SAENDO1,6207,2
RAM2019_ENDO_6_SAENDO1,6208,0
RAM2019_ENDO_6_SAENDO1,6209,1
RAM2019_ENDO_6_SAENDO1,6210,0
RAM2019_ENDO_6_SAENDO1,6211,1
RAM2019_ENDO_6_SAENDO1,6212,1
RAM2019_ENDO_6_SAENDO1,6213,3
RAM2019_ENDO_6_SAENDO1,6214,2
RAM2019_ENDO_6_SAENDO1,6215,0
RAM2019_ENDO_6_SAENDO1,6216,1
RAM2019_ENDO_6_SAENDO1,6217,1
RAM2019_ENDO_6_SAENDO1,6218,0
RAM2019_ENDO_6_SAENDO1,6219,4
RAM2019_ENDO_6_SAENDO1,6220,1
RAM2019_ENDO_6_SAENDO1,6221,3
RAM2019_ENDO_6_SAENDO1,6222,1
RAM2019_ENDO_6_SAENDO1,6223,1
RAM2019_ENDO_6_SAENDO1,6224,1
RAM2019_ENDO_6_SAENDO1,6225,2
RAM2019_ENDO_6_SAENDO1,6226,0
RAM2019_ENDO_6_SAENDO1,6227,0
RAM2019_ENDO_6_SAENDO1,6228,2
RAM2019_ENDO_6_SAENDO1,6229,1
RAM2019_ENDO_6_SAENDO1,6230,2
RAM2019_ENDO_6_SAENDO1,6231,1
RAM2019_ENDO_6_SAENDO1,6232,3
RAM2019_ENDO_6_SAENDO1,6233,0
RAM2019_ENDO_6_SAENDO1,6234,1
RAM2019_ENDO_6_SAENDO1,6235,1
RAM2019_ENDO_6_SAENDO1,6236,0
RAM2019_ENDO_6_SAENDO1,6237,2
RAM2019_ENDO_6_SAENDO1,6238,0
RAM2019_ENDO_6_SAENDO1,6239,1
RAM2019_ENDO_6_SAENDO1,6240,0
RAM2019_ENDO_6_SAENDO1,6241,1
RAM2019_ENDO_6_SAENDO1,6242,1
RAM2019_ENDO_6_SAENDO1,6243,1
RAM2019_ENDO_6_SAENDO1,6244,1
RAM2019_ENDO_6_SAENDO1,6245,1
RAM2019_ENDO_6_SAENDO1,6246,3
RAM2019_ENDO_6_SAENDO1,6247,1
RAM2019_ENDO_6_SAENDO1,6248,0
RAM2019_ENDO_6_SAENDO1,6249,1
RAM2019_ENDO_6_SAENDO1,6250,2
RAM2019_ENDO_6_SAENDO1,6251,0
RAM2019_ENDO_6_SAENDO1,6252,0
RAM2019_ENDO_6_SAENDO1,6253,1
RAM2019_ENDO_6_SAENDO1,6254,4
RAM2019_ENDO_6_SAENDO1,6255,2
RAM2019_ENDO_6_SAENDO1,6256,1
RAM2019_ENDO_6_SAENDO1,6257,1
RAM2019_ENDO_6_SAENDO1,6258,1
RAM2019_ENDO_6_SAENDO1,6259,1
RAM2019_ENDO_6_SAENDO1,6260,0
RAM2019_ENDO_6_SAENDO1,6261,0
RAM2019_ENDO_6_SAENDO1,6262,0
RAM2019_ENDO_6_SAENDO1,6263,1
RAM2019_ENDO_6_SAENDO1,6264,1
RAM2019_ENDO_6_SAENDO1,6265,0
RAM2019_ENDO_6_SAENDO1,6266,2
RAM2019_ENDO_6_SAENDO1,6267,3
RAM2019_ENDO_6_SAENDO1,6268,0
RAM2019_ENDO_6_SAENDO1,6269,2
RAM2019_ENDO_6_SAENDO1,6270,1
RAM2019_ENDO_6_SAENDO1,6271,0
RAM2019_ENDO_6_SAENDO1,6272,1
RAM2019_ENDO_6_SAENDO1,6273,1
RAM2019_ENDO_6_SAENDO1,6274,0
RAM2019_ENDO_6_SAENDO1,6275,4
RAM2019_ENDO_6_SAENDO1,6276,0
RAM2019_ENDO_6_SAENDO1,6277,1
RAM2019_ENDO_6_SAENDO1,6278,0
RAM2019_ENDO_6_SAENDO1,6279,2
RAM2019_ENDO_6_SAENDO1,6280,2
RAM2019_ENDO_6_SAENDO1,6281,0
RAM2019_ENDO_6_SAENDO1,6282,2
RAM2019_ENDO_6_SAENDO1,6283,2
RAM2019_ENDO_6_SAENDO1,6284,1
RAM2019_ENDO_6_SAENDO1,6285,4
RAM2019_ENDO_6_SAENDO1,6286,3
RAM2019_ENDO_6_SAENDO1,6287,0
RAM2019_ENDO_6_SAENDO1,6288,0
RAM2019_ENDO_6_SAENDO1,6289,3
RAM2019_ENDO_6_SAENDO1,6290,2
RAM2019_ENDO_6_SAENDO1,6291,3
RAM2019_ENDO_6_SAENDO1,6292,1
RAM2019_ENDO_6_SAENDO1,6293,2
RAM2019_ENDO_6_SAENDO1,6294,1
RAM2019_ENDO_6_SAENDO1,6295,3
RAM2019_ENDO_6_SAENDO1,6296,0
RAM2019_ENDO_6_SAENDO1,6297,1
RAM2019_ENDO_6_SAENDO1,6298,0
RAM2019_ENDO_6_SAENDO1,6299,1
RAM2019_ENDO_6_SAENDO1,6300,2
RAM2019_ENDO_6_SAENDO1,6301,3
RAM2019_ENDO_6_SAENDO1,6302,0
RAM2019_ENDO_6_SAENDO1,6303,3
RAM2019_ENDO_6_SAENDO1,6304,0
RAM2019_ENDO_6_SAENDO1,6305,1
RAM2019_ENDO_6_SAENDO1,6306,0
RAM2019_ENDO_6_SAENDO1,6307,1
RAM2019_ENDO_6_SAENDO1,6308,3
RAM2019_ENDO_6_SAENDO1,6309,0
RAM2019_ENDO_6_SAENDO1,6310,0
RAM2019_ENDO_6_SAENDO1,6311,1
RAM2019_ENDO_6_SAENDO1,6312,3
RAM2019_ENDO_6_SAENDO1,6313,1
RAM2019_ENDO_6_SAENDO1,6314,0
RAM2019_ENDO_6_SAENDO1,6315,1
RAM2019_ENDO_6_SAENDO1,6316,0
RAM2019_ENDO_6_SAENDO1,6317,1
RAM2019_ENDO_6_SAENDO1,6318,1
RAM2019_ENDO_6_SAENDO1,6319,1
RAM2019_ENDO_6_SAENDO1,6320,0
RAM2019_ENDO_6_SAENDO1,6321,2
RAM2019_ENDO_6_SAENDO1,6322,0
RAM2019_ENDO_6_SAENDO1,6323,0
RAM2019_ENDO_6_SAENDO1,6324,1
RAM2019_ENDO_6_SAENDO1,6325,0
RAM2019_ENDO_6_SAENDO1,6326,0
RAM2019_ENDO_6_SAENDO1,6327,2
RAM2019_ENDO_6_SAENDO1,6328,2
RAM2019_ENDO_6_SAENDO1,6329,1
RAM2019_ENDO_6_SAENDO1,6330,1
RAM2019_ENDO_6_SAENDO1,6331,2
RAM2019_ENDO_6_SAENDO1,6332,4
RAM2019_ENDO_6_SAENDO1,6333,0
RAM2019_ENDO_6_SAENDO1,6334,1
RAM2019_ENDO_6_SAENDO1,6335,0
RAM2019_ENDO_6_SAENDO1,6336,1
RAM2019_ENDO_6_SAENDO1,6337,1
RAM2019_ENDO_6_SAENDO1,6338,1
RAM2019_ENDO_6_SAENDO1,6339,1
RAM2019_ENDO_6_SAENDO1,6340,0
RAM2019_ENDO_6_SAENDO1,6341,3
RAM2019_ENDO_6_SAENDO1,6342,0
RAM2019_ENDO_6_SAENDO1,6343,1
RAM2019_ENDO_6_SAENDO1,6344,0
RAM2019_ENDO_6_SAENDO1,6345,1
RAM2019_ENDO_6_SAENDO1,6346,3
RAM2019_ENDO_6_SAENDO1,6347,1
RAM2019_ENDO_6_SAENDO1,6348,1
RAM2019_ENDO_6_SAENDO1,6349,1
RAM2019_ENDO_6_SAENDO1,6350,1
RAM2019_ENDO_6_SAENDO1,6351,1
RAM2019_ENDO_6_SAENDO1,6352,1
RAM2019_ENDO_6_SAENDO1,6353,0
RAM2019_ENDO_6_SAENDO1,6354,1
RAM2019_ENDO_6_SAENDO1,6355,1
RAM2019_ENDO_6_SAENDO1,6356,0
RAM2019_ENDO_6_SAENDO1,6357,1
RAM2019_ENDO_6_SAENDO1,6358,1
RAM2019_ENDO_6_SAENDO1,6359,0
RAM2019_ENDO_6_SAENDO1,6360,0
RAM2019_ENDO_6_SAENDO1,6361,0
RAM2019_ENDO_6_SAENDO1,6362,0
RAM2019_ENDO_6_SAENDO1,6363,1
RAM2019_ENDO_6_SAENDO1,6364,3
RAM2019_ENDO_6_SAENDO1,6365,3
RAM2019_ENDO_6_SAENDO1,6366,1
RAM2019_ENDO_6_SAENDO1,6367,0
RAM2019_ENDO_6_SAENDO1,6368,1
RAM2019_ENDO_6_SAENDO1,6369,4
RAM2019_ENDO_6_SAENDO1,6370,1
RAM2019_ENDO_6_SAENDO1,6371,1
RAM2019_ENDO_6_SAENDO1,6372,0
RAM2019_ENDO_6_SAENDO1,6373,0
RAM2019_ENDO_6_SAENDO1,6374,0
RAM2019_ENDO_6_SAENDO1,6375,1
RAM2019_ENDO_6_SAENDO1,6376,3
RAM2019_ENDO_6_SAENDO1,6377,2
RAM2019_ENDO_6_SAENDO1,6378,0
RAM2019_ENDO_6_SAENDO1,6379,2
RAM2019_ENDO_6_SAENDO1,6380,1
RAM2019_ENDO_6_SAENDO1,6381,2
RAM2019_ENDO_6_SAENDO1,6382,0
RAM2019_ENDO_6_SAENDO1,6383,0
RAM2019_ENDO_6_SAENDO1,6384,0
RAM2019_ENDO_6_SAENDO1,6385,0
RAM2019_ENDO_6_SAENDO1,6386,2
RAM2019_ENDO_6_SAENDO1,6387,3
RAM2019_ENDO_6_SAENDO1,6388,4
RAM2019_ENDO_6_SAENDO1,6389,1
RAM2019_ENDO_6_SAENDO1,6390,0
RAM2019_ENDO_6_SAENDO1,6391,1
RAM2019_ENDO_6_SAENDO1,6392,3
RAM2019_ENDO_6_SAENDO1,6393,1
RAM2019_ENDO_6_SAENDO1,6394,1
RAM2019_ENDO_6_SAENDO1,6395,0
RAM2019_ENDO_6_SAENDO1,6396,0
RAM2019_ENDO_6_SAENDO1,6397,2
RAM2019_ENDO_6_SAENDO1,6398,2
RAM2019_ENDO_6_SAENDO1,6399,0
RAM2019_ENDO_6_SAENDO1,6400,1
RAM2019_ENDO_6_SAENDO1,6401,3
RAM2019_ENDO_6_SAENDO1,6402,1
RAM2019_ENDO_6_SAENDO1,6403,1
RAM2019_ENDO_6_SAENDO1,6404,2
RAM2019_ENDO_6_SAENDO1,6405,4
RAM2019_ENDO_6_SAENDO1,6406,0
RAM2019_ENDO_6_SAENDO1,6407,1
RAM2019_ENDO_6_SAENDO1,6408,1
RAM2019_ENDO_6_SAENDO1,6409,4
RAM2019_ENDO_6_SAENDO1,6410,1
RAM2019_ENDO_6_SAENDO1,6411,2
RAM2019_ENDO_6_SAENDO1,6412,1
RAM2019_ENDO_6_SAENDO1,6413,1
RAM2019_ENDO_6_SAENDO1,6414,1
RAM2019_ENDO_6_SAENDO1,6415,0
RAM2019_ENDO_6_SAENDO1,6416,1
RAM2019_ENDO_6_SAENDO1,6417,0
RAM2019_ENDO_6_SAENDO1,6418,1
RAM2019_ENDO_6_SAENDO1,6419,2
RAM2019_ENDO_6_SAENDO1,6420,0
RAM2019_ENDO_6_SAENDO1,6421,3
RAM2019_ENDO_6_SAENDO1,6422,1
RAM2019_ENDO_6_SAENDO1,6423,2
RAM2019_ENDO_6_SAENDO1,6424,1
RAM2019_ENDO_6_SAENDO1,6425,1
RAM2019_ENDO_6_SAENDO1,6426,1
RAM2019_ENDO_6_SAENDO1,6427,1
RAM2019_ENDO_6_SAENDO1,6428,2
RAM2019_ENDO_6_SAENDO1,6429,2
RAM2019_ENDO_6_SAENDO1,6430,0
RAM2019_ENDO_6_SAENDO1,6431,0
RAM2019_ENDO_6_SAENDO1,6432,2
RAM2019_ENDO_6_SAENDO1,6433,1
RAM2019_ENDO_6_SAENDO1,6434,0
RAM2019_ENDO_6_SAENDO1,6435,1
RAM2019_ENDO_6_SAENDO1,6436,1
RAM2019_ENDO_6_SAENDO1,6437,1
RAM2019_ENDO_6_SAENDO1,6438,1
RAM2019_ENDO_6_SAENDO1,6439,2
RAM2019_ENDO_6_SAENDO1,6440,2
RAM2019_ENDO_6_SAENDO1,6441,2
RAM2019_ENDO_6_SAENDO1,6442,0
RAM2019_ENDO_6_SAENDO1,6443,1
RAM2019_ENDO_6_SAENDO1,6444,2
RAM2019_ENDO_6_SAENDO1,6445,1
RAM2019_ENDO_6_SAENDO1,6446,1
RAM2019_ENDO_6_SAENDO1,6447,2
RAM2019_ENDO_6_SAENDO1,6448,0
RAM2019_ENDO_6_SAENDO1,6449,1
RAM2019_ENDO_6_SAENDO1,6450,0
RAM2019_ENDO_6_SAENDO1,6451,0
RAM2019_ENDO_6_SAENDO1,6452,0
RAM2019_ENDO_6_SAENDO1,6453,1
RAM2019_ENDO_6_SAENDO1,6454,1
RAM2019_ENDO_6_SAENDO1,6455,2
RAM2019_ENDO_6_SAENDO1,6456,4
RAM2019_ENDO_6_SAENDO1,6457,2
RAM2019_ENDO_6_SAENDO1,6458,1
RAM2019_ENDO_6_SAENDO1,6459,0
RAM2019_ENDO_6_SAENDO1,6460,0
RAM2019_ENDO_6_SAENDO1,6461,0
RAM2019_ENDO_6_SAENDO1,6462,2
RAM2019_ENDO_6_SAENDO1,6463,1
RAM2019_ENDO_6_SAENDO1,6464,1
RAM2019_ENDO_6_SAENDO1,6465,2
RAM2019_ENDO_6_SAENDO1,6466,2
RAM2019_ENDO_6_SAENDO1,6467,1
RAM2019_ENDO_6_SAENDO1,6468,0
RAM2019_ENDO_6_SAENDO1,6469,1
RAM2019_ENDO_6_SAENDO1,6470,2
RAM2019_ENDO_6_SAENDO1,6471,3
RAM2019_ENDO_6_SAENDO1,6472,1
RAM2019_ENDO_6_SAENDO1,6473,4
RAM2019_ENDO_6_SAENDO1,6474,2
RAM2019_ENDO_6_SAENDO1,6475,1
RAM2019_ENDO_6_SAENDO1,6476,2
RAM2019_ENDO_6_SAENDO1,6477,1
RAM2019_ENDO_6_SAENDO1,6478,3
RAM2019_ENDO_6_SAENDO1,6479,1
RAM2019_ENDO_6_SAENDO1,6480,1
RAM2019_ENDO_6_SAENDO1,6481,1
RAM2019_ENDO_6_SAENDO1,6482,2
RAM2019_ENDO_6_SAENDO1,6483,1
RAM2019_ENDO_6_SAENDO1,6484,0
RAM2019_ENDO_6_SAENDO1,6485,1
RAM2019_ENDO_6_SAENDO1,6486,1
RAM2019_ENDO_6_SAENDO1,6487,1
RAM2019_ENDO_6_SAENDO1,6488,2
RAM2019_ENDO_6_SAENDO1,6489,1
RAM2019_ENDO_6_SAENDO1,6490,2
RAM2019_ENDO_6_SAENDO1,6491,0
RAM2019_ENDO_6_SAENDO1,6492,0
RAM2019_ENDO_6_SAENDO1,6493,2
RAM2019_ENDO_6_SAENDO1,6494,0
RAM2019_ENDO_6_SAENDO1,6495,2
RAM2019_ENDO_6_SAENDO1,6496,0
RAM2019_ENDO_6_SAENDO1,6497,0
RAM2019_ENDO_6_SAENDO1,6498,3
RAM2019_ENDO_6_SAENDO1,6499,0
RAM2019_ENDO_6_SAENDO1,6500,1
RAM2019_ENDO_6_SAENDO1,6501,3
RAM2019_ENDO_6_SAENDO1,6502,0
RAM2019_ENDO_6_SAENDO1,6503,3
RAM2019_ENDO_6_SAENDO1,6504,0
RAM2019_ENDO_6_SAENDO1,6505,1
RAM2019_ENDO_6_SAENDO1,6506,1
RAM2019_ENDO_6_SAENDO1,6507,3
RAM2019_ENDO_6_SAENDO1,6508,0
RAM2019_ENDO_6_SAENDO1,6509,2
RAM2019_ENDO_6_SAENDO1,6510,0
RAM2019_ENDO_6_SAENDO1,6511,1
RAM2019_ENDO_6_SAENDO1,6512,0
RAM2019_ENDO_6_SAENDO1,6513,2
RAM2019_ENDO_6_SAENDO1,6514,2
RAM2019_ENDO_6_SAENDO1,6515,2
RAM2019_ENDO_6_SAENDO1,6516,1
RAM2019_ENDO_6_SAENDO1,6517,1
RAM2019_ENDO_6_SAENDO1,6518,0
RAM2019_ENDO_6_SAENDO1,6519,3
RAM2019_ENDO_6_SAENDO1,6520,0
RAM2019_ENDO_6_SAENDO1,6521,1
RAM2019_ENDO_6_SAENDO1,6522,0
RAM2019_ENDO_6_SAENDO1,6523,1
RAM2019_ENDO_6_SAENDO1,6524,0
RAM2019_ENDO_6_SAENDO1,6525,1
RAM2019_ENDO_6_SAENDO1,6526,1
RAM2019_ENDO_6_SAENDO1,6527,1
RAM2019_ENDO_6_SAENDO1,6528,2
RAM2019_ENDO_6_SAENDO1,6529,2
RAM2019_ENDO_6_SAENDO1,6530,0
RAM2019_ENDO_6_SAENDO1,6531,1
RAM2019_ENDO_6_SAENDO1,6532,1
RAM2019_ENDO_6_SAENDO1,6533,1
RAM2019_ENDO_6_SAENDO1,6534,0
RAM2019_ENDO_6_SAENDO1,6535,3
RAM2019_ENDO_6_SAENDO1,6536,0
RAM2019_ENDO_6_SAENDO1,6537,3
RAM2019_ENDO_6_SAENDO1,6538,2
RAM2019_ENDO_6_SAENDO1,6539,3
RAM2019_ENDO_6_SAENDO1,6540,1
RAM2019_ENDO_6_SAENDO1,6541,2
RAM2019_ENDO_6_SAENDO1,6542,2
RAM2019_ENDO_6_SAENDO1,6543,0
RAM2019_ENDO_6_SAENDO1,6544,0
RAM2019_ENDO_6_SAENDO1,6545,0
RAM2019_ENDO_6_SAENDO1,6546,1
RAM2019_ENDO_6_SAENDO1,6547,1
RAM2019_ENDO_6_SAENDO1,6548,3
RAM2019_ENDO_6_SAENDO1,6549,2
RAM2019_ENDO_6_SAENDO1,6550,0
RAM2019_ENDO_6_SAENDO1,6551,1
RAM2019_ENDO_6_SAENDO1,6552,0
RAM2019_ENDO_6_SAENDO1,6553,2
RAM2019_ENDO_6_SAENDO1,6554,2
RAM2019_ENDO_6_SAENDO1,6555,1
RAM2019_ENDO_6_SAENDO1,6556,2
RAM2019_ENDO_6_SAENDO1,6557,2
RAM2019_ENDO_6_SAENDO1,6558,1
RAM2019_ENDO_6_SAENDO1,6559,1
RAM2019_ENDO_6_SAENDO1,6560,2
RAM2019_ENDO_6_SAENDO1,6561,1
RAM2019_ENDO_6_SAENDO1,6562,4
RAM2019_ENDO_6_SAENDO1,6563,3
RAM2019_ENDO_6_SAENDO1,6564,2
RAM2019_ENDO_6_SAENDO1,6565,1
RAM2019_ENDO_6_SAENDO1,6566,0
RAM2019_ENDO_6_SAENDO1,6567,1
RAM2019_ENDO_6_SAENDO1,6568,0
RAM2019_ENDO_6_SAENDO1,6569,1
RAM2019_ENDO_6_SAENDO1,6570,1
RAM2019_ENDO_6_SAENDO1,6571,0
RAM2019_ENDO_6_SAENDO1,6572,0
RAM2019_ENDO_6_SAENDO1,6573,1
RAM2019_ENDO_6_SAENDO1,6574,0
RAM2019_ENDO_6_SAENDO1,6575,1
RAM2019_ENDO_6_SAENDO1,6576,1
RAM2019_ENDO_6_SAENDO1,6577,1
RAM2019_ENDO_6_SAENDO1,6578,1
RAM2019_ENDO_6_SAENDO1,6579,2
RAM2019_ENDO_6_SAENDO1,6580,0
RAM2019_ENDO_6_SAENDO1,6581,1
RAM2019_ENDO_6_SAENDO1,6582,1
RAM2019_ENDO_6_SAENDO1,6583,1
RAM2019_ENDO_6_SAENDO1,6584,0
RAM2019_ENDO_6_SAENDO1,6585,0
RAM2019_ENDO_6_SAENDO1,6586,1
RAM2019_ENDO_6_SAENDO1,6587,0
RAM2019_ENDO_6_SAENDO1,6588,3
RAM2019_ENDO_6_SAENDO1,6589,1
RAM2019_ENDO_6_SAENDO1,6590,1
RAM2019_ENDO_6_SAENDO1,6591,0
RAM2019_ENDO_6_SAENDO1,6592,1
RAM2019_ENDO_6_SAENDO1,6593,0
RAM2019_ENDO_6_SAENDO1,6594,3
RAM2019_ENDO_6_SAENDO1,6595,2
RAM2019_ENDO_6_SAENDO1,6596,2
RAM2019_ENDO_6_SAENDO1,6597,1
RAM2019_ENDO_6_SAENDO1,6598,1
RAM2019_ENDO_6_SAENDO1,6599,1
RAM2019_ENDO_6_SAENDO1,6600,2
RAM2019_ENDO_6_SAENDO1,6601,1
RAM2019_ENDO_6_SAENDO1,6602,2
RAM2019_ENDO_6_SAENDO1,6603,2
RAM2019_ENDO_6_SAENDO1,6604,1
RAM2019_ENDO_6_SAENDO1,6605,0
RAM2019_ENDO_6_SAENDO1,6606,0
RAM2019_ENDO_6_SAENDO1,6607,1
RAM2019_ENDO_6_SAENDO1,6608,0
RAM2019_ENDO_6_SAENDO1,6609,2
RAM2019_ENDO_6_SAENDO1,6610,3
RAM2019_ENDO_6_SAENDO1,6611,0
RAM2019_ENDO_6_SAENDO1,6612,1
RAM2019_ENDO_6_SAENDO1,6613,1
RAM2019_ENDO_6_SAENDO1,6614,3
RAM2019_ENDO_6_SAENDO1,6615,0
RAM2019_ENDO_6_SAENDO1,6616,2
RAM2019_ENDO_6_SAENDO1,6617,2
RAM2019_ENDO_6_SAENDO1,6618,2
RAM2019_ENDO_6_SAENDO1,6619,1
RAM2019_ENDO_6_SAENDO1,6620,2
RAM2019_ENDO_6_SAENDO1,6621,1
RAM2019_ENDO_6_SAENDO1,6622,1
RAM2019_ENDO_6_SAENDO1,6623,2
RAM2019_ENDO_6_SAENDO1,6624,1
RAM2019_ENDO_6_SAENDO1,6625,3
RAM2019_ENDO_6_SAENDO1,6626,3
RAM2019_ENDO_6_SAENDO1,6627,0
RAM2019_ENDO_6_SAENDO1,6628,1
RAM2019_ENDO_6_SAENDO1,6629,0
RAM2019_ENDO_6_SAENDO1,6630,1
RAM2019_ENDO_6_SAENDO1,6631,2
RAM2019_ENDO_6_SAENDO1,6632,4
RAM2019_ENDO_6_SAENDO1,6633,1
RAM2019_ENDO_6_SAENDO1,6634,0
RAM2019_ENDO_6_SAENDO1,6635,1
RAM2019_ENDO_6_SAENDO1,6636,0
RAM2019_ENDO_6_SAENDO1,6637,1
RAM2019_ENDO_6_SAENDO1,6638,0
RAM2019_ENDO_6_SAENDO1,6639,1
RAM2019_ENDO_6_SAENDO1,6640,0
RAM2019_ENDO_6_SAENDO1,6641,0
RAM2019_ENDO_6_SAENDO1,6642,1
RAM2019_ENDO_6_SAENDO1,6643,1
RAM2019_ENDO_6_SAENDO1,6644,2
RAM2019_ENDO_6_SAENDO1,6645,0
RAM2019_ENDO_6_SAENDO1,6646,3
RAM2019_ENDO_6_SAENDO1,6647,2
RAM2019_ENDO_6_SAENDO1,6648,2
RAM2019_ENDO_6_SAENDO1,6649,2
RAM2019_ENDO_6_SAENDO1,6650,3
RAM2019_ENDO_6_SAENDO1,6651,1
RAM2019_ENDO_6_SAENDO1,6652,3
RAM2019_ENDO_6_SAENDO1,6653,0
RAM2019_ENDO_6_SAENDO1,6654,1
RAM2019_ENDO_6_SAENDO1,6655,5
RAM2019_ENDO_6_SAENDO1,6656,3
RAM2019_ENDO_6_SAENDO1,6657,2
RAM2019_ENDO_6_SAENDO1,6658,1
RAM2019_ENDO_6_SAENDO1,6659,3
RAM2019_ENDO_6_SAENDO1,6660,0
RAM2019_ENDO_6_SAENDO1,6661,2
RAM2019_ENDO_6_SAENDO1,6662,0
RAM2019_ENDO_6_SAENDO1,6663,3
RAM2019_ENDO_6_SAENDO1,6664,1
RAM2019_ENDO_6_SAENDO1,6665,2
RAM2019_ENDO_6_SAENDO1,6666,2
RAM2019_ENDO_6_SAENDO1,6667,2
RAM2019_ENDO_6_SAENDO1,6668,0
RAM2019_ENDO_6_SAENDO1,6669,3
RAM2019_ENDO_6_SAENDO1,6670,1
RAM2019_ENDO_6_SAENDO1,6671,2
RAM2019_ENDO_6_SAENDO1,6672,0
RAM2019_ENDO_6_SAENDO1,6673,0
RAM2019_ENDO_6_SAENDO1,6674,1
RAM2019_ENDO_6_SAENDO1,6675,3
RAM2019_ENDO_6_SAENDO1,6676,0
RAM2019_ENDO_6_SAENDO1,6677,2
RAM2019_ENDO_6_SAENDO1,6678,0
RAM2019_ENDO_6_SAENDO1,6679,1
RAM2019_ENDO_6_SAENDO1,6680,2
RAM2019_ENDO_6_SAENDO1,6681,1
RAM2019_ENDO_6_SAENDO1,6682,0
RAM2019_ENDO_6_SAENDO1,6683,1
RAM2019_ENDO_6_SAENDO1,6684,2
RAM2019_ENDO_6_SAENDO1,6685,0
RAM2019_ENDO_6_SAENDO1,6686,2
RAM2019_ENDO_6_SAENDO1,6687,1
RAM2019_ENDO_6_SAENDO1,6688,1
RAM2019_ENDO_6_SAENDO1,6689,1
RAM2019_ENDO_6_SAENDO1,6690,1
RAM2019_ENDO_6_SAENDO1,6691,0
RAM2019_ENDO_6_SAENDO1,6692,1
RAM2019_ENDO_6_SAENDO1,6693,1
RAM2019_ENDO_6_SAENDO1,6694,2
RAM2019_ENDO_6_SAENDO1,6695,1
RAM2019_ENDO_6_SAENDO1,6696,2
RAM2019_ENDO_6_SAENDO1,6697,2
RAM2019_ENDO_6_SAENDO1,6698,1
RAM2019_ENDO_6_SAENDO1,6699,4
RAM2019_ENDO_6_SAENDO1,6700,0
RAM2019_ENDO_6_SAENDO1,6701,1
RAM2019_ENDO_6_SAENDO1,6702,1
RAM2019_ENDO_6_SAENDO1,6703,2
RAM2019_ENDO_6_SAENDO1,6704,0
RAM2019_ENDO_6_SAENDO1,6705,1
RAM2019_ENDO_6_SAENDO1,6706,1
RAM2019_ENDO_6_SAENDO1,6707,2
RAM2019_ENDO_6_SAENDO1,6708,1
RAM2019_ENDO_6_SAENDO1,6709,1
RAM2019_ENDO_6_SAENDO1,6710,1
RAM2019_ENDO_6_SAENDO1,6711,2
RAM2019_ENDO_6_SAENDO1,6712,0
RAM2019_ENDO_6_SAENDO1,6713,1
RAM2019_ENDO_6_SAENDO1,6714,0
RAM2019_ENDO_6_SAENDO1,6715,1
RAM2019_ENDO_6_SAENDO1,6716,0
RAM2019_ENDO_6_SAENDO1,6717,0
RAM2019_ENDO_6_SAENDO1,6718,0
RAM2019_ENDO_6_SAENDO1,6719,3
RAM2019_ENDO_6_SAENDO1,6720,2
RAM2019_ENDO_6_SAENDO1,6721,1
RAM2019_ENDO_6_SAENDO1,6722,0
RAM2019_ENDO_6_SAENDO1,6723,1
RAM2019_ENDO_6_SAENDO1,6724,1
RAM2019_ENDO_6_SAENDO1,6725,1
RAM2019_ENDO_6_SAENDO1,6726,3
RAM2019_ENDO_6_SAENDO1,6727,2
RAM2019_ENDO_6_SAENDO1,6728,2
RAM2019_ENDO_6_SAENDO1,6729,1
RAM2019_ENDO_6_SAENDO1,6730,2
RAM2019_ENDO_6_SAENDO1,6731,1
RAM2019_ENDO_6_SAENDO1,6732,2
RAM2019_ENDO_6_SAENDO1,6733,1
RAM2019_ENDO_6_SAENDO1,6734,0
RAM2019_ENDO_6_SAENDO1,6735,2
RAM2019_ENDO_6_SAENDO1,6736,1
RAM2019_ENDO_6_SAENDO1,6737,0
RAM2019_ENDO_6_SAENDO1,6738,1
RAM2019_ENDO_6_SAENDO1,6739,2
RAM2019_ENDO_6_SAENDO1,6740,1
RAM2019_ENDO_6_SAENDO1,6741,2
RAM2019_ENDO_6_SAENDO1,6742,0
RAM2019_ENDO_6_SAENDO1,6743,2
RAM2019_ENDO_6_SAENDO1,6744,0
RAM2019_ENDO_6_SAENDO1,6745,1
RAM2019_ENDO_6_SAENDO1,6746,2
RAM2019_ENDO_6_SAENDO1,6747,0
RAM2019_ENDO_6_SAENDO1,6748,0
RAM2019_ENDO_6_SAENDO1,6749,1
RAM2019_ENDO_6_SAENDO1,6750,0
RAM2019_ENDO_6_SAENDO1,6751,1
RAM2019_ENDO_6_SAENDO1,6752,3
RAM2019_ENDO_6_SAENDO1,6753,2
RAM2019_ENDO_6_SAENDO1,6754,1
RAM2019_ENDO_6_SAENDO1,6755,2
RAM2019_ENDO_6_SAENDO1,6756,0
RAM2019_ENDO_6_SAENDO1,6757,3
RAM2019_ENDO_6_SAENDO1,6758,0
RAM2019_ENDO_6_SAENDO1,6759,2
RAM2019_ENDO_6_SAENDO1,6760,1
RAM2019_ENDO_6_SAENDO1,6761,2
RAM2019_ENDO_6_SAENDO1,6762,1
RAM2019_ENDO_6_SAENDO1,6763,3
RAM2019_ENDO_6_SAENDO1,6764,3
RAM2019_ENDO_6_SAENDO1,6765,2
RAM2019_ENDO_6_SAENDO1,6766,1
RAM2019_ENDO_6_SAENDO1,6767,3
RAM2019_ENDO_6_SAENDO1,6768,3
RAM2019_ENDO_6_SAENDO1,6769,0
RAM2019_ENDO_6_SAENDO1,6770,1
RAM2019_ENDO_6_SAENDO1,6771,0
RAM2019_ENDO_6_SAENDO1,6772,2
RAM2019_ENDO_6_SAENDO1,6773,1
RAM2019_ENDO_6_SAENDO1,6774,1
RAM2019_ENDO_6_SAENDO1,6775,0
RAM2019_ENDO_6_SAENDO1,6776,0
RAM2019_ENDO_6_SAENDO1,6777,2
RAM2019_ENDO_6_SAENDO1,6778,1
RAM2019_ENDO_6_SAENDO1,6779,0
RAM2019_ENDO_6_SAENDO1,6780,1
RAM2019_ENDO_6_SAENDO1,6781,1
RAM2019_ENDO_6_SAENDO1,6782,2
RAM2019_ENDO_6_SAENDO1,6783,1
RAM2019_ENDO_6_SAENDO1,6784,0
RAM2019_ENDO_6_SAENDO1,6785,0
RAM2019_ENDO_6_SAENDO1,6786,0
RAM2019_ENDO_6_SAENDO1,6787,1
RAM2019_ENDO_6_SAENDO1,6788,2
RAM2019_ENDO_6_SAENDO1,6789,0
RAM2019_ENDO_6_SAENDO1,6790,2
RAM2019_ENDO_6_SAENDO1,6791,0
RAM2019_ENDO_6_SAENDO1,6792,1
RAM2019_ENDO_6_SAENDO1,6793,0
RAM2019_ENDO_6_SAENDO1,6794,1
RAM2019_ENDO_6_SAENDO1,6795,5
RAM2019_ENDO_6_SAENDO1,6796,1
RAM2019_ENDO_6_SAENDO1,6797,0
RAM2019_ENDO_6_SAENDO1,6798,0
RAM2019_ENDO_6_SAENDO1,6799,1
RAM2019_ENDO_6_SAENDO1,6800,2
RAM2019_ENDO_6_SAENDO1,6801,0
RAM2019_ENDO_6_SAENDO1,6802,1
RAM2019_ENDO_6_SAENDO1,6803,0
RAM2019_ENDO_6_SAENDO1,6804,1
RAM2019_ENDO_6_SAENDO1,6805,2
RAM2019_ENDO_6_SAENDO1,6806,0
RAM2019_ENDO_6_SAENDO1,6807,0
RAM2019_ENDO_6_SAENDO1,6808,0
RAM2019_ENDO_6_SAENDO1,6809,1
RAM2019_ENDO_6_SAENDO1,6810,2
RAM2019_ENDO_6_SAENDO1,6811,4
RAM2019_ENDO_6_SAENDO1,6812,1
RAM2019_ENDO_6_SAENDO1,6813,1
RAM2019_ENDO_6_SAENDO1,6814,1
RAM2019_ENDO_6_SAENDO1,6815,2
RAM2019_ENDO_6_SAENDO1,6816,0
RAM2019_ENDO_6_SAENDO1,6817,0
RAM2019_ENDO_6_SAENDO1,6818,4
RAM2019_ENDO_6_SAENDO1,6819,0
RAM2019_ENDO_6_SAENDO1,6820,2
RAM2019_ENDO_6_SAENDO1,6821,0
RAM2019_ENDO_6_SAENDO1,6822,0
RAM2019_ENDO_6_SAENDO1,6823,2
RAM2019_ENDO_6_SAENDO1,6824,0
RAM2019_ENDO_6_SAENDO1,6825,3
RAM2019_ENDO_6_SAENDO1,6826,1
RAM2019_ENDO_6_SAENDO1,6827,2
RAM2019_ENDO_6_SAENDO1,6828,1
RAM2019_ENDO_6_SAENDO1,6829,1
RAM2019_ENDO_6_SAENDO1,6830,1
RAM2019_ENDO_6_SAENDO1,6831,1
RAM2019_ENDO_6_SAENDO1,6832,1
RAM2019_ENDO_6_SAENDO1,6833,2
RAM2019_ENDO_6_SAENDO1,6834,0
RAM2019_ENDO_6_SAENDO1,6835,2
RAM2019_ENDO_6_SAENDO1,6836,2
RAM2019_ENDO_6_SAENDO1,6837,2
RAM2019_ENDO_6_SAENDO1,6838,4
RAM2019_ENDO_6_SAENDO1,6839,0
RAM2019_ENDO_6_SAENDO1,6840,1
RAM2019_ENDO_6_SAENDO1,6841,1
RAM2019_ENDO_6_SAENDO1,6842,1
RAM2019_ENDO_6_SAENDO1,6843,1
RAM2019_ENDO_6_SAENDO1,6844,0
RAM2019_ENDO_6_SAENDO1,6845,0
RAM2019_ENDO_6_SAENDO1,6846,1
RAM2019_ENDO_6_SAENDO1,6847,0
RAM2019_ENDO_6_SAENDO1,6848,0
RAM2019_ENDO_6_SAENDO1,6849,1
RAM2019_ENDO_6_SAENDO1,6850,1
RAM2019_ENDO_6_SAENDO1,6851,0
RAM2019_ENDO_6_SAENDO1,6852,1
RAM2019_ENDO_6_SAENDO1,6853,1
RAM2019_ENDO_6_SAENDO1,6854,0
RAM2019_ENDO_6_SAENDO1,6855,1
RAM2019_ENDO_6_SAENDO1,6856,0
RAM2019_ENDO_6_SAENDO1,6857,0
RAM2019_ENDO_6_SAENDO1,6858,2
RAM2019_ENDO_6_SAENDO1,6859,1
RAM2019_ENDO_6_SAENDO1,6860,1
RAM2019_ENDO_6_SAENDO1,6861,1
RAM2019_ENDO_6_SAENDO1,6862,1
RAM2019_ENDO_6_SAENDO1,6863,2
RAM2019_ENDO_6_SAENDO1,6864,1
RAM2019_ENDO_6_SAENDO1,6865,1
RAM2019_ENDO_6_SAENDO1,6866,1
RAM2019_ENDO_6_SAENDO1,6867,0
RAM2019_ENDO_6_SAENDO1,6868,2
RAM2019_ENDO_6_SAENDO1,6869,0
RAM2019_ENDO_6_SAENDO1,6870,3
RAM2019_ENDO_6_SAENDO1,6871,0
RAM2019_ENDO_6_SAENDO1,6872,1
RAM2019_ENDO_6_SAENDO1,6873,2
RAM2019_ENDO_6_SAENDO1,6874,0
RAM2019_ENDO_6_SAENDO1,6875,1
RAM2019_ENDO_6_SAENDO1,6876,1
RAM2019_ENDO_6_SAENDO1,6877,1
RAM2019_ENDO_6_SAENDO1,6878,3
RAM2019_ENDO_6_SAENDO1,6879,2
RAM2019_ENDO_6_SAENDO1,6880,2
RAM2019_ENDO_6_SAENDO1,6881,3
RAM2019_ENDO_6_SAENDO1,6882,1
RAM2019_ENDO_6_SAENDO1,6883,1
RAM2019_ENDO_6_SAENDO1,6884,1
RAM2019_ENDO_6_SAENDO1,6885,1
RAM2019_ENDO_6_SAENDO1,6886,1
RAM2019_ENDO_6_SAENDO1,6887,0
RAM2019_ENDO_6_SAENDO1,6888,0
RAM2019_ENDO_6_SAENDO1,6889,1
RAM2019_ENDO_6_SAENDO1,6890,2
RAM2019_ENDO_6_SAENDO1,6891,2
RAM2019_ENDO_6_SAENDO1,6892,0
RAM2019_ENDO_6_SAENDO1,6893,1
RAM2019_ENDO_6_SAENDO1,6894,2
RAM2019_ENDO_6_SAENDO1,6895,0
RAM2019_ENDO_6_SAENDO1,6896,2
RAM2019_ENDO_6_SAENDO1,6897,0
RAM2019_ENDO_6_SAENDO1,6898,0
RAM2019_ENDO_6_SAENDO1,6899,0
RAM2019_ENDO_6_SAENDO1,6900,4
RAM2019_ENDO_6_SAENDO1,6901,3
RAM2019_ENDO_6_SAENDO1,6902,1
RAM2019_ENDO_6_SAENDO1,6903,2
RAM2019_ENDO_6_SAENDO1,6904,1
RAM2019_ENDO_6_SAENDO1,6905,1
RAM2019_ENDO_6_SAENDO1,6906,1
RAM2019_ENDO_6_SAENDO1,6907,0
RAM2019_ENDO_6_SAENDO1,6908,1
RAM2019_ENDO_6_SAENDO1,6909,1
RAM2019_ENDO_6_SAENDO1,6910,1
RAM2019_ENDO_6_SAENDO1,6911,1
RAM2019_ENDO_6_SAENDO1,6912,1
RAM2019_ENDO_6_SAENDO1,6913,0
RAM2019_ENDO_6_SAENDO1,6914,2
RAM2019_ENDO_6_SAENDO1,6915,2
RAM2019_ENDO_6_SAENDO1,6916,1
RAM2019_ENDO_6_SAENDO1,6917,1
RAM2019_ENDO_6_SAENDO1,6918,1
RAM2019_ENDO_6_SAENDO1,6919,4
RAM2019_ENDO_6_SAENDO1,6920,0
RAM2019_ENDO_6_SAENDO1,6921,0
RAM2019_ENDO_6_SAENDO1,6922,2
RAM2019_ENDO_6_SAENDO1,6923,1
RAM2019_ENDO_6_SAENDO1,6924,2
RAM2019_ENDO_6_SAENDO1,6925,3
RAM2019_ENDO_6_SAENDO1,6926,1
RAM2019_ENDO_6_SAENDO1,6927,1
RAM2019_ENDO_6_SAENDO1,6928,1
RAM2019_ENDO_6_SAENDO1,6929,1
RAM2019_ENDO_6_SAENDO1,6930,1
RAM2019_ENDO_6_SAENDO1,6931,1
RAM2019_ENDO_6_SAENDO1,6932,2
RAM2019_ENDO_6_SAENDO1,6933,1
RAM2019_ENDO_6_SAENDO1,6934,0
RAM2019_ENDO_6_SAENDO1,6935,2
RAM2019_ENDO_6_SAENDO1,6936,1
RAM2019_ENDO_6_SAENDO1,6937,0
RAM2019_ENDO_6_SAENDO1,6938,0
RAM2019_ENDO_6_SAENDO1,6939,1
RAM2019_ENDO_6_SAENDO1,6940,0
RAM2019_ENDO_6_SAENDO1,6941,2
RAM2019_ENDO_6_SAENDO1,6942,1
RAM2019_ENDO_6_SAENDO1,6943,3
RAM2019_ENDO_6_SAENDO1,6944,2
RAM2019_ENDO_6_SAENDO1,6945,4
RAM2019_ENDO_6_SAENDO1,6946,0
RAM2019_ENDO_6_SAENDO1,6947,0
RAM2019_ENDO_6_SAENDO1,6948,3
RAM2019_ENDO_6_SAENDO1,6949,1
RAM2019_ENDO_6_SAENDO1,6950,0
RAM2019_ENDO_6_SAENDO1,6951,2
RAM2019_ENDO_6_SAENDO1,6952,0
RAM2019_ENDO_6_SAENDO1,6953,1
RAM2019_ENDO_6_SAENDO1,6954,3
RAM2019_ENDO_6_SAENDO1,6955,2
RAM2019_ENDO_6_SAENDO1,6956,1
RAM2019_ENDO_6_SAENDO1,6957,0
RAM2019_ENDO_6_SAENDO1,6958,1
RAM2019_ENDO_6_SAENDO1,6959,1
RAM2019_ENDO_6_SAENDO1,6960,1
RAM2019_ENDO_6_SAENDO1,6961,1
RAM2019_ENDO_6_SAENDO1,6962,1
RAM2019_ENDO_6_SAENDO1,6963,0
RAM2019_ENDO_6_SAENDO1,6964,1
RAM2019_ENDO_6_SAENDO1,6965,1
RAM2019_ENDO_6_SAENDO1,6966,0
RAM2019_ENDO_6_SAENDO1,6967,0
RAM2019_ENDO_6_SAENDO1,6968,2
RAM2019_ENDO_6_SAENDO1,6969,4
RAM2019_ENDO_6_SAENDO1,6970,2
RAM2019_ENDO_6_SAENDO1,6971,0
RAM2019_ENDO_6_SAENDO1,6972,2
RAM2019_ENDO_6_SAENDO1,6973,1
RAM2019_ENDO_6_SAENDO1,6974,2
RAM2019_ENDO_6_SAENDO1,6975,3
RAM2019_ENDO_6_SAENDO1,6976,0
RAM2019_ENDO_6_SAENDO1,6977,1
RAM2019_ENDO_6_SAENDO1,6978,0
RAM2019_ENDO_6_SAENDO1,6979,1
RAM2019_ENDO_6_SAENDO1,6980,0
RAM2019_ENDO_6_SAENDO1,6981,0
RAM2019_ENDO_6_SAENDO1,6982,1
RAM2019_ENDO_6_SAENDO1,6983,3
RAM2019_ENDO_6_SAENDO1,6984,2
RAM2019_ENDO_6_SAENDO1,6985,3
RAM2019_ENDO_6_SAENDO1,6986,2
RAM2019_ENDO_6_SAENDO1,6987,1
RAM2019_ENDO_6_SAENDO1,6988,1
RAM2019_ENDO_6_SAENDO1,6989,1
RAM2019_ENDO_6_SAENDO1,6990,3
RAM2019_ENDO_6_SAENDO1,6991,1
RAM2019_ENDO_6_SAENDO1,6992,3
RAM2019_ENDO_6_SAENDO1,6993,3
RAM2019_ENDO_6_SAENDO1,6994,0
RAM2019_ENDO_6_SAENDO1,6995,1
RAM2019_ENDO_6_SAENDO1,6996,3
RAM2019_ENDO_6_SAENDO1,6997,0
RAM2019_ENDO_6_SAENDO1,6998,0
RAM2019_ENDO_6_SAENDO1,6999,1
RAM2019_ENDO_6_SAENDO1,7000,0
RAM2019_ENDO_6_SAENDO1,7001,1
RAM2019_ENDO_6_SAENDO1,7002,1
RAM2019_ENDO_6_SAENDO1,7003,3
RAM2019_ENDO_6_SAENDO1,7004,1
RAM2019_ENDO_6_SAENDO1,7005,2
RAM2019_ENDO_6_SAENDO1,7006,0
RAM2019_ENDO_6_SAENDO1,7007,0
RAM2019_ENDO_6_SAENDO1,7008,1
RAM2019_ENDO_6_SAENDO1,7009,0
RAM2019_ENDO_6_SAENDO1,7010,1
RAM2019_ENDO_6_SAENDO1,7011,0
RAM2019_ENDO_6_SAENDO1,7012,1
RAM2019_ENDO_6_SAENDO1,7013,2
RAM2019_ENDO_6_SAENDO1,7014,1
RAM2019_ENDO_6_SAENDO1,7015,1
RAM2019_ENDO_6_SAENDO1,7016,2
RAM2019_ENDO_6_SAENDO1,7017,3
RAM2019_ENDO_6_SAENDO1,7018,2
RAM2019_ENDO_6_SAENDO1,7019,2
RAM2019_ENDO_6_SAENDO1,7020,1
RAM2019_ENDO_6_SAENDO1,7021,4
RAM2019_ENDO_6_SAENDO1,7022,1
RAM2019_ENDO_6_SAENDO1,7023,1
RAM2019_ENDO_6_SAENDO1,7024,1
RAM2019_ENDO_6_SAENDO1,7025,0
RAM2019_ENDO_6_SAENDO1,7026,3
RAM2019_ENDO_6_SAENDO1,7027,0
RAM2019_ENDO_6_SAENDO1,7028,3
RAM2019_ENDO_6_SAENDO1,7029,0
RAM2019_ENDO_6_SAENDO1,7030,0
RAM2019_ENDO_6_SAENDO1,7031,0
RAM2019_ENDO_6_SAENDO1,7032,0
RAM2019_ENDO_6_SAENDO1,7033,1
RAM2019_ENDO_6_SAENDO1,7034,2
RAM2019_ENDO_6_SAENDO1,7035,0
RAM2019_ENDO_6_SAENDO1,7036,1
RAM2019_ENDO_6_SAENDO1,7037,2
RAM2019_ENDO_6_SAENDO1,7038,1
RAM2019_ENDO_6_SAENDO1,7039,2
RAM2019_ENDO_6_SAENDO1,7040,3
RAM2019_ENDO_6_SAENDO1,7041,2
RAM2019_ENDO_6_SAENDO1,7042,0
RAM2019_ENDO_6_SAENDO1,7043,3
RAM2019_ENDO_6_SAENDO1,7044,2
RAM2019_ENDO_6_SAENDO1,7045,2
RAM2019_ENDO_6_SAENDO1,7046,3
RAM2019_ENDO_6_SAENDO1,7047,2
RAM2019_ENDO_6_SAENDO1,7048,1
RAM2019_ENDO_6_SAENDO1,7049,1
RAM2019_ENDO_6_SAENDO1,7050,1
RAM2019_ENDO_6_SAENDO1,7051,1
RAM2019_ENDO_6_SAENDO1,7052,1
RAM2019_ENDO_6_SAENDO1,7053,0
RAM2019_ENDO_6_SAENDO1,7054,1
RAM2019_ENDO_6_SAENDO1,7055,1
RAM2019_ENDO_6_SAENDO1,7056,2
RAM2019_ENDO_6_SAENDO1,7057,1
RAM2019_ENDO_6_SAENDO1,7058,2
RAM2019_ENDO_6_SAENDO1,7059,1
RAM2019_ENDO_6_SAENDO1,7060,1
RAM2019_ENDO_6_SAENDO1,7061,5
RAM2019_ENDO_6_SAENDO1,7062,2
RAM2019_ENDO_6_SAENDO1,7063,2
RAM2019_ENDO_6_SAENDO1,7064,2
RAM2019_ENDO_6_SAENDO1,7065,0
RAM2019_ENDO_6_SAENDO1,7066,1
RAM2019_ENDO_6_SAENDO1,7067,0
RAM2019_ENDO_6_SAENDO1,7068,3
RAM2019_ENDO_6_SAENDO1,7069,0
RAM2019_ENDO_6_SAENDO1,7070,3
RAM2019_ENDO_6_SAENDO1,7071,1
RAM2019_ENDO_6_SAENDO1,7072,0
RAM2019_ENDO_6_SAENDO1,7073,2
RAM2019_ENDO_6_SAENDO1,7074,0
RAM2019_ENDO_6_SAENDO1,7075,2
RAM2019_ENDO_6_SAENDO1,7076,0
RAM2019_ENDO_6_SAENDO1,7077,2
RAM2019_ENDO_6_SAENDO1,7078,2
RAM2019_ENDO_6_SAENDO1,7079,1
RAM2019_ENDO_6_SAENDO1,7080,3
RAM2019_ENDO_6_SAENDO1,7081,0
RAM2019_ENDO_6_SAENDO1,7082,3
RAM2019_ENDO_6_SAENDO1,7083,0
RAM2019_ENDO_6_SAENDO1,7084,2
RAM2019_ENDO_6_SAENDO1,7085,2
RAM2019_ENDO_6_SAENDO1,7086,2
RAM2019_ENDO_6_SAENDO1,7087,2
RAM2019_ENDO_6_SAENDO1,7088,1
RAM2019_ENDO_6_SAENDO1,7089,4
RAM2019_ENDO_6_SAENDO1,7090,1
RAM2019_ENDO_6_SAENDO1,7091,1
RAM2019_ENDO_6_SAENDO1,7092,1
RAM2019_ENDO_6_SAENDO1,7093,3
RAM2019_ENDO_6_SAENDO1,7094,2
RAM2019_ENDO_6_SAENDO1,7095,0
RAM2019_ENDO_6_SAENDO1,7096,0
RAM2019_ENDO_6_SAENDO1,7097,1
RAM2019_ENDO_6_SAENDO1,7098,0
RAM2019_ENDO_6_SAENDO1,7099,2
RAM2019_ENDO_6_SAENDO1,7100,2
RAM2019_ENDO_6_SAENDO1,7101,1
RAM2019_ENDO_6_SAENDO1,7102,0
RAM2019_ENDO_6_SAENDO1,7103,1
RAM2019_ENDO_6_SAENDO1,7104,0
RAM2019_ENDO_6_SAENDO1,7105,2
RAM2019_ENDO_6_SAENDO1,7106,2
RAM2019_ENDO_6_SAENDO1,7107,0
RAM2019_ENDO_6_SAENDO1,7108,1
RAM2019_ENDO_6_SAENDO1,7109,1
RAM2019_ENDO_6_SAENDO1,7110,1
RAM2019_ENDO_6_SAENDO1,7111,1
RAM2019_ENDO_6_SAENDO1,7112,0
RAM2019_ENDO_6_SAENDO1,7113,0
RAM2019_ENDO_6_SAENDO1,7114,0
RAM2019_ENDO_6_SAENDO1,7115,1
RAM2019_ENDO_6_SAENDO1,7116,1
RAM2019_ENDO_6_SAENDO1,7117,1
RAM2019_ENDO_6_SAENDO1,7118,0
RAM2019_ENDO_6_SAENDO1,7119,0
RAM2019_ENDO_6_SAENDO1,7120,2
RAM2019_ENDO_6_SAENDO1,7121,0
RAM2019_ENDO_6_SAENDO1,7122,1
RAM2019_ENDO_6_SAENDO1,7123,0
RAM2019_ENDO_6_SAENDO1,7124,0
RAM2019_ENDO_6_SAENDO1,7125,0
RAM2019_ENDO_6_SAENDO1,7126,2
RAM2019_ENDO_6_SAENDO1,7127,2
RAM2019_ENDO_6_SAENDO1,7128,1
RAM2019_ENDO_6_SAENDO1,7129,1
RAM2019_ENDO_6_SAENDO1,7130,1
RAM2019_ENDO_6_SAENDO1,7131,2
RAM2019_ENDO_6_SAENDO1,7132,1
RAM2019_ENDO_6_SAENDO1,7133,1
RAM2019_ENDO_6_SAENDO1,7134,1
RAM2019_ENDO_6_SAENDO1,7135,1
RAM2019_ENDO_6_SAENDO1,7136,5
RAM2019_ENDO_6_SAENDO1,7137,1
RAM2019_ENDO_6_SAENDO1,7138,0
RAM2019_ENDO_6_SAENDO1,7139,0
RAM2019_ENDO_6_SAENDO1,7140,1
RAM2019_ENDO_6_SAENDO1,7141,3
RAM2019_ENDO_6_SAENDO1,7142,1
RAM2019_ENDO_6_SAENDO1,7143,2
RAM2019_ENDO_6_SAENDO1,7144,0
RAM2019_ENDO_6_SAENDO1,7145,1
RAM2019_ENDO_6_SAENDO1,7146,1
RAM2019_ENDO_6_SAENDO1,7147,2
RAM2019_ENDO_6_SAENDO1,7148,0
RAM2019_ENDO_6_SAENDO1,7149,0
RAM2019_ENDO_6_SAENDO1,7150,1
RAM2019_ENDO_6_SAENDO1,7151,1
RAM2019_ENDO_6_SAENDO1,7152,1
RAM2019_ENDO_6_SAENDO1,7153,2
RAM2019_ENDO_6_SAENDO1,7154,2
RAM2019_ENDO_6_SAENDO1,7155,0
RAM2019_ENDO_6_SAENDO1,7156,1
RAM2019_ENDO_6_SAENDO1,7157,0
RAM2019_ENDO_6_SAENDO1,7158,1
RAM2019_ENDO_6_SAENDO1,7159,0
RAM2019_ENDO_6_SAENDO1,7160,1
RAM2019_ENDO_6_SAENDO1,7161,2
RAM2019_ENDO_6_SAENDO1,7162,0
RAM2019_ENDO_6_SAENDO1,7163,1
RAM2019_ENDO_6_SAENDO1,7164,0
RAM2019_ENDO_6_SAENDO1,7165,2
RAM2019_ENDO_6_SAENDO1,7166,0
RAM2019_ENDO_6_SAENDO1,7167,2
RAM2019_ENDO_6_SAENDO1,7168,2
RAM2019_ENDO_6_SAENDO1,7169,0
RAM2019_ENDO_6_SAENDO1,7170,0
RAM2019_ENDO_6_SAENDO1,7171,1
RAM2019_ENDO_6_SAENDO1,7172,0
RAM2019_ENDO_6_SAENDO1,7173,1
RAM2019_ENDO_6_SAENDO1,7174,0
RAM2019_ENDO_6_SAENDO1,7175,1
RAM2019_ENDO_6_SAENDO1,7176,1
RAM2019_ENDO_6_SAENDO1,7177,2
RAM2019_ENDO_6_SAENDO1,7178,1
RAM2019_ENDO_6_SAENDO1,7179,3
RAM2019_ENDO_6_SAENDO1,7180,1
RAM2019_ENDO_6_SAENDO1,7181,1
RAM2019_ENDO_6_SAENDO1,7182,1
RAM2019_ENDO_6_SAENDO1,7183,0
RAM2019_ENDO_6_SAENDO1,7184,1
RAM2019_ENDO_6_SAENDO1,7185,2
RAM2019_ENDO_6_SAENDO1,7186,4
RAM2019_ENDO_6_SAENDO1,7187,1
RAM2019_ENDO_6_SAENDO1,7188,2
RAM2019_ENDO_6_SAENDO1,7189,1
RAM2019_ENDO_6_SAENDO1,7190,1
RAM2019_ENDO_6_SAENDO1,7191,1
RAM2019_ENDO_6_SAENDO1,7192,0
RAM2019_ENDO_6_SAENDO1,7193,1
RAM2019_ENDO_6_SAENDO1,7194,0
RAM2019_ENDO_6_SAENDO1,7195,1
RAM2019_ENDO_6_SAENDO1,7196,2
RAM2019_ENDO_6_SAENDO1,7197,3
RAM2019_ENDO_6_SAENDO1,7198,2
RAM2019_ENDO_6_SAENDO1,7199,2
RAM2019_ENDO_6_SAENDO1,7200,1
RAM2019_ENDO_6_SAENDO1,7201,0
RAM2019_ENDO_6_SAENDO1,7202,1
RAM2019_ENDO_6_SAENDO1,7203,1
RAM2019_ENDO_6_SAENDO1,7204,0
RAM2019_ENDO_6_SAENDO1,7205,0
RAM2019_ENDO_6_SAENDO1,7206,1
RAM2019_ENDO_6_SAENDO1,7207,0
RAM2019_ENDO_6_SAENDO1,7208,1
RAM2019_ENDO_6_SAENDO1,7209,1
RAM2019_ENDO_6_SAENDO1,7210,1
RAM2019_ENDO_6_SAENDO1,7211,2
RAM2019_ENDO_6_SAENDO1,7212,3
RAM2019_ENDO_6_SAENDO1,7213,1
RAM2019_ENDO_6_SAENDO1,7214,2
RAM2019_ENDO_6_SAENDO1,7215,1
RAM2019_ENDO_6_SAENDO1,7216,1
RAM2019_ENDO_6_SAENDO1,7217,2
RAM2019_ENDO_6_SAENDO1,7218,0
RAM2019_ENDO_6_SAENDO1,7219,1
RAM2019_ENDO_6_SAENDO1,7220,0
RAM2019_ENDO_6_SAENDO1,7221,1
RAM2019_ENDO_6_SAENDO1,7222,4
RAM2019_ENDO_6_SAENDO1,7223,2
RAM2019_ENDO_6_SAENDO1,7224,0
RAM2019_ENDO_6_SAENDO1,7225,2
RAM2019_ENDO_6_SAENDO1,7226,1
RAM2019_ENDO_6_SAENDO1,7227,0
RAM2019_ENDO_6_SAENDO1,7228,0
RAM2019_ENDO_6_SAENDO1,7229,0
RAM2019_ENDO_6_SAENDO1,7230,1
RAM2019_ENDO_6_SAENDO1,7231,0
RAM2019_ENDO_6_SAENDO1,7232,1
RAM2019_ENDO_6_SAENDO1,7233,3
RAM2019_ENDO_6_SAENDO1,7234,2
RAM2019_ENDO_6_SAENDO1,7235,3
RAM2019_ENDO_6_SAENDO1,7236,2
RAM2019_ENDO_6_SAENDO1,7237,1
RAM2019_ENDO_6_SAENDO1,7238,3
RAM2019_ENDO_6_SAENDO1,7239,1
RAM2019_ENDO_6_SAENDO1,7240,4
RAM2019_ENDO_6_SAENDO1,7241,0
RAM2019_ENDO_6_SAENDO1,7242,1
RAM2019_ENDO_6_SAENDO1,7243,0
RAM2019_ENDO_6_SAENDO1,7244,1
RAM2019_ENDO_6_SAENDO1,7245,0
RAM2019_ENDO_6_SAENDO1,7246,3
RAM2019_ENDO_6_SAENDO1,7247,1
RAM2019_ENDO_6_SAENDO1,7248,1
RAM2019_ENDO_6_SAENDO1,7249,0
RAM2019_ENDO_6_SAENDO1,7250,0
RAM2019_ENDO_6_SAENDO1,7251,1
RAM2019_ENDO_6_SAENDO1,7252,0
RAM2019_ENDO_6_SAENDO1,7253,1
RAM2019_ENDO_6_SAENDO1,7254,2
RAM2019_ENDO_6_SAENDO1,7255,2
RAM2019_ENDO_6_SAENDO1,7256,2
RAM2019_ENDO_6_SAENDO1,7257,1
RAM2019_ENDO_6_SAENDO1,7258,0
RAM2019_ENDO_6_SAENDO1,7259,1
RAM2019_ENDO_6_SAENDO1,7260,1
RAM2019_ENDO_6_SAENDO1,7261,0
RAM2019_ENDO_6_SAENDO1,7262,0
RAM2019_ENDO_6_SAENDO1,7263,1
RAM2019_ENDO_6_SAENDO1,7264,0
RAM2019_ENDO_6_SAENDO1,7265,1
RAM2019_ENDO_6_SAENDO1,7266,1
RAM2019_ENDO_6_SAENDO1,7267,0
RAM2019_ENDO_6_SAENDO1,7268,1
RAM2019_ENDO_6_SAENDO1,7269,2
RAM2019_ENDO_6_SAENDO1,7270,3
RAM2019_ENDO_6_SAENDO1,7271,1
RAM2019_ENDO_6_SAENDO1,7272,2
RAM2019_ENDO_6_SAENDO1,7273,1
RAM2019_ENDO_6_SAENDO1,7274,1
RAM2019_ENDO_6_SAENDO1,7275,0
RAM2019_ENDO_6_SAENDO1,7276,0
RAM2019_ENDO_6_SAENDO1,7277,1
RAM2019_ENDO_6_SAENDO1,7278,0
RAM2019_ENDO_6_SAENDO1,7279,0
RAM2019_ENDO_6_SAENDO1,7280,2
RAM2019_ENDO_6_SAENDO1,7281,1
RAM2019_ENDO_6_SAENDO1,7282,0
RAM2019_ENDO_6_SAENDO1,7283,2
RAM2019_ENDO_6_SAENDO1,7284,2
RAM2019_ENDO_6_SAENDO1,7285,1
RAM2019_ENDO_6_SAENDO1,7286,0
RAM2019_ENDO_6_SAENDO1,7287,2
RAM2019_ENDO_6_SAENDO1,7288,0
RAM2019_ENDO_6_SAENDO1,7289,1
RAM2019_ENDO_6_SAENDO1,7290,0
RAM2019_ENDO_6_SAENDO1,7291,0
RAM2019_ENDO_6_SAENDO1,7292,1
RAM2019_ENDO_6_SAENDO1,7293,1
RAM2019_ENDO_6_SAENDO1,7294,1
RAM2019_ENDO_6_SAENDO1,7295,1
RAM2019_ENDO_6_SAENDO1,7296,2
RAM2019_ENDO_6_SAENDO1,7297,2
RAM2019_ENDO_6_SAENDO1,7298,1
RAM2019_ENDO_6_SAENDO1,7299,1
RAM2019_ENDO_6_SAENDO1,7300,1
RAM2019_ENDO_6_SAENDO1,7301,2
RAM2019_ENDO_6_SAENDO1,7302,1
RAM2019_ENDO_6_SAENDO1,7303,1
RAM2019_ENDO_6_SAENDO1,7304,2
RAM2019_ENDO_6_SAENDO1,7305,0
RAM2019_ENDO_6_SAENDO1,7306,0
RAM2019_ENDO_6_SAENDO1,7307,2
RAM2019_ENDO_6_SAENDO1,7308,3
RAM2019_ENDO_6_SAENDO1,7309,2
RAM2019_ENDO_6_SAENDO1,7310,2
RAM2019_ENDO_6_SAENDO1,7311,2
RAM2019_ENDO_6_SAENDO1,7312,1
RAM2019_ENDO_6_SAENDO1,7313,0
RAM2019_ENDO_6_SAENDO1,7314,1
RAM2019_ENDO_6_SAENDO1,7315,1
RAM2019_ENDO_6_SAENDO1,7316,2
RAM2019_ENDO_6_SAENDO1,7317,0
RAM2019_ENDO_6_SAENDO1,7318,0
RAM2019_ENDO_6_SAENDO1,7319,1
RAM2019_ENDO_6_SAENDO1,7320,1
RAM2019_ENDO_6_SAENDO1,7321,1
RAM2019_ENDO_6_SAENDO1,7322,2
RAM2019_ENDO_6_SAENDO1,7323,2
RAM2019_ENDO_6_SAENDO1,7324,2
RAM2019_ENDO_6_SAENDO1,7325,1
RAM2019_ENDO_6_SAENDO1,7326,2
RAM2019_ENDO_6_SAENDO1,7327,3
RAM2019_ENDO_6_SAENDO1,7328,0
RAM2019_ENDO_6_SAENDO1,7329,0
RAM2019_ENDO_6_SAENDO1,7330,0
RAM2019_ENDO_6_SAENDO1,7331,2
RAM2019_ENDO_6_SAENDO1,7332,2
RAM2019_ENDO_6_SAENDO1,7333,2
RAM2019_ENDO_6_SAENDO1,7334,2
RAM2019_ENDO_6_SAENDO1,7335,0
RAM2019_ENDO_6_SAENDO1,7336,3
RAM2019_ENDO_6_SAENDO1,7337,1
RAM2019_ENDO_6_SAENDO1,7338,1
RAM2019_ENDO_6_SAENDO1,7339,0
RAM2019_ENDO_6_SAENDO1,7340,1
RAM2019_ENDO_6_SAENDO1,7341,4
RAM2019_ENDO_6_SAENDO1,7342,1
RAM2019_ENDO_6_SAENDO1,7343,0
RAM2019_ENDO_6_SAENDO1,7344,1
RAM2019_ENDO_6_SAENDO1,7345,1
RAM2019_ENDO_6_SAENDO1,7346,2
RAM2019_ENDO_6_SAENDO1,7347,3
RAM2019_ENDO_6_SAENDO1,7348,1
RAM2019_ENDO_6_SAENDO1,7349,2
RAM2019_ENDO_6_SAENDO1,7350,2
RAM2019_ENDO_6_SAENDO1,7351,0
RAM2019_ENDO_6_SAENDO1,7352,3
RAM2019_ENDO_6_SAENDO1,7353,2
RAM2019_ENDO_6_SAENDO1,7354,2
RAM2019_ENDO_6_SAENDO1,7355,2
RAM2019_ENDO_6_SAENDO1,7356,2
RAM2019_ENDO_6_SAENDO1,7357,2
RAM2019_ENDO_6_SAENDO1,7358,2
RAM2019_ENDO_6_SAENDO1,7359,1
RAM2019_ENDO_6_SAENDO1,7360,0
RAM2019_ENDO_6_SAENDO1,7361,0
RAM2019_ENDO_6_SAENDO1,7362,1
RAM2019_ENDO_6_SAENDO1,7363,1
RAM2019_ENDO_6_SAENDO1,7364,1
RAM2019_ENDO_6_SAENDO1,7365,1
RAM2019_ENDO_6_SAENDO1,7366,1
RAM2019_ENDO_6_SAENDO1,7367,0
RAM2019_ENDO_6_SAENDO1,7368,0
RAM2019_ENDO_6_SAENDO1,7369,1
RAM2019_ENDO_6_SAENDO1,7370,0
RAM2019_ENDO_6_SAENDO1,7371,4
RAM2019_ENDO_6_SAENDO1,7372,1
RAM2019_ENDO_6_SAENDO1,7373,3
RAM2019_ENDO_6_SAENDO1,7374,1
RAM2019_ENDO_6_SAENDO1,7375,0
RAM2019_ENDO_6_SAENDO1,7376,1
RAM2019_ENDO_6_SAENDO1,7377,0
RAM2019_ENDO_6_SAENDO1,7378,2
RAM2019_ENDO_6_SAENDO1,7379,1
RAM2019_ENDO_6_SAENDO1,7380,0
RAM2019_ENDO_6_SAENDO1,7381,1
RAM2019_ENDO_6_SAENDO1,7382,1
RAM2019_ENDO_6_SAENDO1,7383,3
RAM2019_ENDO_6_SAENDO1,7384,2
RAM2019_ENDO_6_SAENDO1,7385,0
RAM2019_ENDO_6_SAENDO1,7386,2
RAM2019_ENDO_6_SAENDO1,7387,0
RAM2019_ENDO_6_SAENDO1,7388,2
RAM2019_ENDO_6_SAENDO1,7389,2
RAM2019_ENDO_6_SAENDO1,7390,1
RAM2019_ENDO_6_SAENDO1,7391,1
RAM2019_ENDO_6_SAENDO1,7392,2
RAM2019_ENDO_6_SAENDO1,7393,0
RAM2019_ENDO_6_SAENDO1,7394,0
RAM2019_ENDO_6_SAENDO1,7395,2
RAM2019_ENDO_6_SAENDO1,7396,1
RAM2019_ENDO_6_SAENDO1,7397,0
RAM2019_ENDO_6_SAENDO1,7398,2
RAM2019_ENDO_6_SAENDO1,7399,2
RAM2019_ENDO_6_SAENDO1,7400,2
RAM2019_ENDO_6_SAENDO1,7401,1
RAM2019_ENDO_6_SAENDO1,7402,1
RAM2019_ENDO_6_SAENDO1,7403,4
RAM2019_ENDO_6_SAENDO1,7404,1
RAM2019_ENDO_6_SAENDO1,7405,2
RAM2019_ENDO_6_SAENDO1,7406,0
RAM2019_ENDO_6_SAENDO1,7407,2
RAM2019_ENDO_6_SAENDO1,7408,0
RAM2019_ENDO_6_SAENDO1,7409,1
RAM2019_ENDO_6_SAENDO1,7410,0
RAM2019_ENDO_6_SAENDO1,7411,0
RAM2019_ENDO_6_SAENDO1,7412,0
RAM2019_ENDO_6_SAENDO1,7413,1
RAM2019_ENDO_6_SAENDO1,7414,0
RAM2019_ENDO_6_SAENDO1,7415,1
RAM2019_ENDO_6_SAENDO1,7416,0
RAM2019_ENDO_6_SAENDO1,7417,1
RAM2019_ENDO_6_SAENDO1,7418,1
RAM2019_ENDO_6_SAENDO1,7419,0
RAM2019_ENDO_6_SAENDO1,7420,0
RAM2019_ENDO_6_SAENDO1,7421,1
RAM2019_ENDO_6_SAENDO1,7422,2
RAM2019_ENDO_6_SAENDO1,7423,1
RAM2019_ENDO_6_SAENDO1,7424,1
RAM2019_ENDO_6_SAENDO1,7425,2
RAM2019_ENDO_6_SAENDO1,7426,0
RAM2019_ENDO_6_SAENDO1,7427,0
RAM2019_ENDO_6_SAENDO1,7428,2
RAM2019_ENDO_6_SAENDO1,7429,1
RAM2019_ENDO_6_SAENDO1,7430,1
RAM2019_ENDO_6_SAENDO1,7431,1
RAM2019_ENDO_6_SAENDO1,7432,0
RAM2019_ENDO_6_SAENDO1,7433,1
RAM2019_ENDO_6_SAENDO1,7434,1
RAM2019_ENDO_6_SAENDO1,7435,1
RAM2019_ENDO_6_SAENDO1,7436,5
RAM2019_ENDO_6_SAENDO1,7437,0
RAM2019_ENDO_6_SAENDO1,7438,1
RAM2019_ENDO_6_SAENDO1,7439,0
RAM2019_ENDO_6_SAENDO1,7440,1
RAM2019_ENDO_6_SAENDO1,7441,0
RAM2019_ENDO_6_SAENDO1,7442,3
RAM2019_ENDO_6_SAENDO1,7443,1
RAM2019_ENDO_6_SAENDO1,7444,0
RAM2019_ENDO_6_SAENDO1,7445,3
RAM2019_ENDO_6_SAENDO1,7446,1
RAM2019_ENDO_6_SAENDO1,7447,1
RAM2019_ENDO_6_SAENDO1,7448,1
RAM2019_ENDO_6_SAENDO1,7449,0
RAM2019_ENDO_6_SAENDO1,7450,0
RAM2019_ENDO_6_SAENDO1,7451,1
RAM2019_ENDO_6_SAENDO1,7452,2
RAM2019_ENDO_6_SAENDO1,7453,1
RAM2019_ENDO_6_SAENDO1,7454,0
RAM2019_ENDO_6_SAENDO1,7455,3
RAM2019_ENDO_6_SAENDO1,7456,0
RAM2019_ENDO_6_SAENDO1,7457,2
RAM2019_ENDO_6_SAENDO1,7458,1
RAM2019_ENDO_6_SAENDO1,7459,1
RAM2019_ENDO_6_SAENDO1,7460,2
RAM2019_ENDO_6_SAENDO1,7461,0
RAM2019_ENDO_6_SAENDO1,7462,1
RAM2019_ENDO_6_SAENDO1,7463,0
RAM2019_ENDO_6_SAENDO1,7464,0
RAM2019_ENDO_6_SAENDO1,7465,3
RAM2019_ENDO_6_SAENDO1,7466,0
RAM2019_ENDO_6_SAENDO1,7467,3
RAM2019_ENDO_6_SAENDO1,7468,1
RAM2019_ENDO_6_SAENDO1,7469,1
RAM2019_ENDO_6_SAENDO1,7470,2
RAM2019_ENDO_6_SAENDO1,7471,1
RAM2019_ENDO_6_SAENDO1,7472,1
RAM2019_ENDO_6_SAENDO1,7473,4
RAM2019_ENDO_6_SAENDO1,7474,2
RAM2019_ENDO_6_SAENDO1,7475,1
RAM2019_ENDO_6_SAENDO1,7476,2
RAM2019_ENDO_6_SAENDO1,7477,2
RAM2019_ENDO_6_SAENDO1,7478,0
RAM2019_ENDO_6_SAENDO1,7479,0
RAM2019_ENDO_6_SAENDO1,7480,0
RAM2019_ENDO_6_SAENDO1,7481,2
RAM2019_ENDO_6_SAENDO1,7482,1
RAM2019_ENDO_6_SAENDO1,7483,1
RAM2019_ENDO_6_SAENDO1,7484,1
RAM2019_ENDO_6_SAENDO1,7485,0
RAM2019_ENDO_6_SAENDO1,7486,0
RAM2019_ENDO_6_SAENDO1,7487,1
RAM2019_ENDO_6_SAENDO1,7488,0
RAM2019_ENDO_6_SAENDO1,7489,3
RAM2019_ENDO_6_SAENDO1,7490,2
RAM2019_ENDO_6_SAENDO1,7491,3
RAM2019_ENDO_6_SAENDO1,7492,0
RAM2019_ENDO_6_SAENDO1,7493,1
RAM2019_ENDO_6_SAENDO1,7494,0
RAM2019_ENDO_6_SAENDO1,7495,0
RAM2019_ENDO_6_SAENDO1,7496,2
RAM2019_ENDO_6_SAENDO1,7497,0
RAM2019_ENDO_6_SAENDO1,7498,1
RAM2019_ENDO_6_SAENDO1,7499,2
RAM2019_ENDO_6_SAENDO1,7500,2
RAM2019_ENDO_6_SAENDO1,7501,2
RAM2019_ENDO_6_SAENDO1,7502,0
RAM2019_ENDO_6_SAENDO1,7503,1
RAM2019_ENDO_6_SAENDO1,7504,1
RAM2019_ENDO_6_SAENDO1,7505,1
RAM2019_ENDO_6_SAENDO1,7506,2
RAM2019_ENDO_6_SAENDO1,7507,1
RAM2019_ENDO_6_SAENDO1,7508,4
RAM2019_ENDO_6_SAENDO1,7509,3
RAM2019_ENDO_6_SAENDO1,7510,0
RAM2019_ENDO_6_SAENDO1,7511,0
RAM2019_ENDO_6_SAENDO1,7512,0
RAM2019_ENDO_6_SAENDO1,7513,1
RAM2019_ENDO_6_SAENDO1,7514,2
RAM2019_ENDO_6_SAENDO1,7515,1
RAM2019_ENDO_6_SAENDO1,7516,1
RAM2019_ENDO_6_SAENDO1,7517,2
RAM2019_ENDO_6_SAENDO1,7518,4
RAM2019_ENDO_6_SAENDO1,7519,1
RAM2019_ENDO_6_SAENDO1,7520,2
RAM2019_ENDO_6_SAENDO1,7521,1
RAM2019_ENDO_6_SAENDO1,7522,1
RAM2019_ENDO_6_SAENDO1,7523,0
RAM2019_ENDO_6_SAENDO1,7524,1
RAM2019_ENDO_6_SAENDO1,7525,2
RAM2019_ENDO_6_SAENDO1,7526,2
RAM2019_ENDO_6_SAENDO1,7527,1
RAM2019_ENDO_6_SAENDO1,7528,0
RAM2019_ENDO_6_SAENDO1,7529,2
RAM2019_ENDO_6_SAENDO1,7530,2
RAM2019_ENDO_6_SAENDO1,7531,4
RAM2019_ENDO_6_SAENDO1,7532,4
RAM2019_ENDO_6_SAENDO1,7533,0
RAM2019_ENDO_6_SAENDO1,7534,2
RAM2019_ENDO_6_SAENDO1,7535,1
RAM2019_ENDO_6_SAENDO1,7536,1
RAM2019_ENDO_6_SAENDO1,7537,3
RAM2019_ENDO_6_SAENDO1,7538,4
RAM2019_ENDO_6_SAENDO1,7539,1
RAM2019_ENDO_6_SAENDO1,7540,0
RAM2019_ENDO_6_SAENDO1,7541,2
RAM2019_ENDO_6_SAENDO1,7542,1
RAM2019_ENDO_6_SAENDO1,7543,0
RAM2019_ENDO_6_SAENDO1,7544,1
RAM2019_ENDO_6_SAENDO1,7545,1
RAM2019_ENDO_6_SAENDO1,7546,1
RAM2019_ENDO_6_SAENDO1,7547,1
RAM2019_ENDO_6_SAENDO1,7548,2
RAM2019_ENDO_6_SAENDO1,7549,2
RAM2019_ENDO_6_SAENDO1,7550,0
RAM2019_ENDO_6_SAENDO1,7551,0
RAM2019_ENDO_6_SAENDO1,7552,3
RAM2019_ENDO_6_SAENDO1,7553,3
RAM2019_ENDO_6_SAENDO1,7554,3
RAM2019_ENDO_6_SAENDO1,7555,0
RAM2019_ENDO_6_SAENDO1,7556,0
RAM2019_ENDO_6_SAENDO1,7557,0
RAM2019_ENDO_6_SAENDO1,7558,1
RAM2019_ENDO_6_SAENDO1,7559,1
RAM2019_ENDO_6_SAENDO1,7560,2
RAM2019_ENDO_6_SAENDO1,7561,1
RAM2019_ENDO_6_SAENDO1,7562,1
RAM2019_ENDO_6_SAENDO1,7563,2
RAM2019_ENDO_6_SAENDO1,7564,2
RAM2019_ENDO_6_SAENDO1,7565,2
RAM2019_ENDO_6_SAENDO1,7566,1
RAM2019_ENDO_6_SAENDO1,7567,0
RAM2019_ENDO_6_SAENDO1,7568,1
RAM2019_ENDO_6_SAENDO1,7569,1
RAM2019_ENDO_6_SAENDO1,7570,2
RAM2019_ENDO_6_SAENDO1,7571,1
RAM2019_ENDO_6_SAENDO1,7572,0
RAM2019_ENDO_6_SAENDO1,7573,3
RAM2019_ENDO_6_SAENDO1,7574,2
RAM2019_ENDO_6_SAENDO1,7575,2
RAM2019_ENDO_6_SAENDO1,7576,1
RAM2019_ENDO_6_SAENDO1,7577,0
RAM2019_ENDO_6_SAENDO1,7578,1
RAM2019_ENDO_6_SAENDO1,7579,2
RAM2019_ENDO_6_SAENDO1,7580,1
RAM2019_ENDO_6_SAENDO1,7581,2
RAM2019_ENDO_6_SAENDO1,7582,2
RAM2019_ENDO_6_SAENDO1,7583,4
RAM2019_ENDO_6_SAENDO1,7584,2
RAM2019_ENDO_6_SAENDO1,7585,0
RAM2019_ENDO_6_SAENDO1,7586,0
RAM2019_ENDO_6_SAENDO1,7587,0
RAM2019_ENDO_6_SAENDO1,7588,2
RAM2019_ENDO_6_SAENDO1,7589,0
RAM2019_ENDO_6_SAENDO1,7590,1
RAM2019_ENDO_6_SAENDO1,7591,1
RAM2019_ENDO_6_SAENDO1,7592,3
RAM2019_ENDO_6_SAENDO1,7593,3
RAM2019_ENDO_6_SAENDO1,7594,2
RAM2019_ENDO_6_SAENDO1,7595,3
RAM2019_ENDO_6_SAENDO1,7596,2
RAM2019_ENDO_6_SAENDO1,7597,1
RAM2019_ENDO_6_SAENDO1,7598,2
RAM2019_ENDO_6_SAENDO1,7599,1
RAM2019_ENDO_6_SAENDO1,7600,0
RAM2019_ENDO_6_SAENDO1,7601,1
RAM2019_ENDO_6_SAENDO1,7602,0
RAM2019_ENDO_6_SAENDO1,7603,1
RAM2019_ENDO_6_SAENDO1,7604,2
RAM2019_ENDO_6_SAENDO1,7605,2
RAM2019_ENDO_6_SAENDO1,7606,2
RAM2019_ENDO_6_SAENDO1,7607,2
RAM2019_ENDO_6_SAENDO1,7608,0
RAM2019_ENDO_6_SAENDO1,7609,0
RAM2019_ENDO_6_SAENDO1,7610,0
RAM2019_ENDO_6_SAENDO1,7611,1
RAM2019_ENDO_6_SAENDO1,7612,2
RAM2019_ENDO_6_SAENDO1,7613,0
RAM2019_ENDO_6_SAENDO1,7614,2
RAM2019_ENDO_6_SAENDO1,7615,1
RAM2019_ENDO_6_SAENDO1,7616,0
RAM2019_ENDO_6_SAENDO1,7617,1
RAM2019_ENDO_6_SAENDO1,7618,2
RAM2019_ENDO_6_SAENDO1,7619,0
RAM2019_ENDO_6_SAENDO1,7620,1
RAM2019_ENDO_6_SAENDO1,7621,1
RAM2019_ENDO_6_SAENDO1,7622,1
RAM2019_ENDO_6_SAENDO1,7623,1
RAM2019_ENDO_6_SAENDO1,7624,1
RAM2019_ENDO_6_SAENDO1,7625,1
RAM2019_ENDO_6_SAENDO1,7626,0
RAM2019_ENDO_6_SAENDO1,7627,0
RAM2019_ENDO_6_SAENDO1,7628,1
RAM2019_ENDO_6_SAENDO1,7629,0
RAM2019_ENDO_6_SAENDO1,7630,2
RAM2019_ENDO_6_SAENDO1,7631,0
RAM2019_ENDO_6_SAENDO1,7632,0
RAM2019_ENDO_6_SAENDO1,7633,1
RAM2019_ENDO_6_SAENDO1,7634,1
RAM2019_ENDO_6_SAENDO1,7635,0
RAM2019_ENDO_6_SAENDO1,7636,0
RAM2019_ENDO_6_SAENDO1,7637,0
RAM2019_ENDO_6_SAENDO1,7638,0
RAM2019_ENDO_6_SAENDO1,7639,1
RAM2019_ENDO_6_SAENDO1,7640,0
RAM2019_ENDO_6_SAENDO1,7641,0
RAM2019_ENDO_6_SAENDO1,7642,1
RAM2019_ENDO_6_SAENDO1,7643,3
RAM2019_ENDO_6_SAENDO1,7644,1
RAM2019_ENDO_6_SAENDO1,7645,1
RAM2019_ENDO_6_SAENDO1,7646,2
RAM2019_ENDO_6_SAENDO1,7647,1
RAM2019_ENDO_6_SAENDO1,7648,1
RAM2019_ENDO_6_SAENDO1,7649,1
RAM2019_ENDO_6_SAENDO1,7650,1
RAM2019_ENDO_6_SAENDO1,7651,0
RAM2019_ENDO_6_SAENDO1,7652,1
RAM2019_ENDO_6_SAENDO1,7653,3
RAM2019_ENDO_6_SAENDO1,7654,2
RAM2019_ENDO_6_SAENDO1,7655,1
RAM2019_ENDO_6_SAENDO1,7656,0
RAM2019_ENDO_6_SAENDO1,7657,1
RAM2019_ENDO_6_SAENDO1,7658,4
RAM2019_ENDO_6_SAENDO1,7659,1
RAM2019_ENDO_6_SAENDO1,7660,3
RAM2019_ENDO_6_SAENDO1,7661,0
RAM2019_ENDO_6_SAENDO1,7662,3
RAM2019_ENDO_6_SAENDO1,7663,1
RAM2019_ENDO_6_SAENDO1,7664,2
RAM2019_ENDO_6_SAENDO1,7665,1
RAM2019_ENDO_6_SAENDO1,7666,1
RAM2019_ENDO_6_SAENDO1,7667,1
RAM2019_ENDO_6_SAENDO1,7668,4
RAM2019_ENDO_6_SAENDO1,7669,0
RAM2019_ENDO_6_SAENDO1,7670,1
RAM2019_ENDO_6_SAENDO1,7671,1
RAM2019_ENDO_6_SAENDO1,7672,0
RAM2019_ENDO_6_SAENDO1,7673,1
RAM2019_ENDO_6_SAENDO1,7674,2
RAM2019_ENDO_6_SAENDO1,7675,0
RAM2019_ENDO_6_SAENDO1,7676,0
RAM2019_ENDO_6_SAENDO1,7677,1
RAM2019_ENDO_6_SAENDO1,7678,0
RAM2019_ENDO_6_SAENDO1,7679,0
RAM2019_ENDO_6_SAENDO1,7680,0
RAM2019_ENDO_6_SAENDO1,7681,2
RAM2019_ENDO_6_SAENDO1,7682,1
RAM2019_ENDO_6_SAENDO1,7683,1
RAM2019_ENDO_6_SAENDO1,7684,0
RAM2019_ENDO_6_SAENDO1,7685,1
RAM2019_ENDO_6_SAENDO1,7686,2
RAM2019_ENDO_6_SAENDO1,7687,1
RAM2019_ENDO_6_SAENDO1,7688,1
RAM2019_ENDO_6_SAENDO1,7689,1
RAM2019_ENDO_6_SAENDO1,7690,2
RAM2019_ENDO_6_SAENDO1,7691,3
RAM2019_ENDO_6_SAENDO1,7692,2
RAM2019_ENDO_6_SAENDO1,7693,1
RAM2019_ENDO_6_SAENDO1,7694,1
RAM2019_ENDO_6_SAENDO1,7695,0
RAM2019_ENDO_6_SAENDO1,7696,1
RAM2019_ENDO_6_SAENDO1,7697,0
RAM2019_ENDO_6_SAENDO1,7698,0
RAM2019_ENDO_6_SAENDO1,7699,3
RAM2019_ENDO_6_SAENDO1,7700,1
RAM2019_ENDO_6_SAENDO1,7701,1
RAM2019_ENDO_6_SAENDO1,7702,1
RAM2019_ENDO_6_SAENDO1,7703,3
RAM2019_ENDO_6_SAENDO1,7704,2
RAM2019_ENDO_6_SAENDO1,7705,2
RAM2019_ENDO_6_SAENDO1,7706,1
RAM2019_ENDO_6_SAENDO1,7707,0
RAM2019_ENDO_6_SAENDO1,7708,1
RAM2019_ENDO_6_SAENDO1,7709,2
RAM2019_ENDO_6_SAENDO1,7710,3
RAM2019_ENDO_6_SAENDO1,7711,1
RAM2019_ENDO_6_SAENDO1,7712,2
RAM2019_ENDO_6_SAENDO1,7713,0
RAM2019_ENDO_6_SAENDO1,7714,1
RAM2019_ENDO_6_SAENDO1,7715,1
RAM2019_ENDO_6_SAENDO1,7716,1
RAM2019_ENDO_6_SAENDO1,7717,1
RAM2019_ENDO_6_SAENDO1,7718,1
RAM2019_ENDO_6_SAENDO1,7719,1
RAM2019_ENDO_6_SAENDO1,7720,1
RAM2019_ENDO_6_SAENDO1,7721,3
RAM2019_ENDO_6_SAENDO1,7722,1
RAM2019_ENDO_6_SAENDO1,7723,1
RAM2019_ENDO_6_SAENDO1,7724,1
RAM2019_ENDO_6_SAENDO1,7725,2
RAM2019_ENDO_6_SAENDO1,7726,0
RAM2019_ENDO_6_SAENDO1,7727,2
RAM2019_ENDO_6_SAENDO1,7728,0
RAM2019_ENDO_6_SAENDO1,7729,2
RAM2019_ENDO_6_SAENDO1,7730,1
RAM2019_ENDO_6_SAENDO1,7731,0
RAM2019_ENDO_6_SAENDO1,7732,2
RAM2019_ENDO_6_SAENDO1,7733,1
RAM2019_ENDO_6_SAENDO1,7734,2
RAM2019_ENDO_6_SAENDO1,7735,2
RAM2019_ENDO_6_SAENDO1,7736,2
RAM2019_ENDO_6_SAENDO1,7737,3
RAM2019_ENDO_6_SAENDO1,7738,1
RAM2019_ENDO_6_SAENDO1,7739,0
RAM2019_ENDO_6_SAENDO1,7740,2
RAM2019_ENDO_6_SAENDO1,7741,1
RAM2019_ENDO_6_SAENDO1,7742,1
RAM2019_ENDO_6_SAENDO1,7743,2
RAM2019_ENDO_6_SAENDO1,7744,1
RAM2019_ENDO_6_SAENDO1,7745,0
RAM2019_ENDO_6_SAENDO1,7746,3
RAM2019_ENDO_6_SAENDO1,7747,0
RAM2019_ENDO_6_SAENDO1,7748,1
RAM2019_ENDO_6_SAENDO1,7749,1
RAM2019_ENDO_6_SAENDO1,7750,2
RAM2019_ENDO_6_SAENDO1,7751,3
RAM2019_ENDO_6_SAENDO1,7752,1
RAM2019_ENDO_6_SAENDO1,7753,2
RAM2019_ENDO_6_SAENDO1,7754,0
RAM2019_ENDO_6_SAENDO1,7755,0
RAM2019_ENDO_6_SAENDO1,7756,1
RAM2019_ENDO_6_SAENDO1,7757,1
RAM2019_ENDO_6_SAENDO1,7758,0
RAM2019_ENDO_6_SAENDO1,7759,1
RAM2019_ENDO_6_SAENDO1,7760,1
RAM2019_ENDO_6_SAENDO1,7761,2
RAM2019_ENDO_6_SAENDO1,7762,0
RAM2019_ENDO_6_SAENDO1,7763,0
RAM2019_ENDO_6_SAENDO1,7764,1
RAM2019_ENDO_6_SAENDO1,7765,2
RAM2019_ENDO_6_SAENDO1,7766,1
RAM2019_ENDO_6_SAENDO1,7767,1
RAM2019_ENDO_6_SAENDO1,7768,1
RAM2019_ENDO_6_SAENDO1,7769,0
RAM2019_ENDO_6_SAENDO1,7770,0
RAM2019_ENDO_6_SAENDO1,7771,1
RAM2019_ENDO_6_SAENDO1,7772,2
RAM2019_ENDO_6_SAENDO1,7773,0
RAM2019_ENDO_6_SAENDO1,7774,3
RAM2019_ENDO_6_SAENDO1,7775,2
RAM2019_ENDO_6_SAENDO1,7776,1
RAM2019_ENDO_6_SAENDO1,7777,2
RAM2019_ENDO_6_SAENDO1,7778,2
RAM2019_ENDO_6_SAENDO1,7779,2
RAM2019_ENDO_6_SAENDO1,7780,1
RAM2019_ENDO_6_SAENDO1,7781,1
RAM2019_ENDO_6_SAENDO1,7782,1
RAM2019_ENDO_6_SAENDO1,7783,0
RAM2019_ENDO_6_SAENDO1,7784,0
RAM2019_ENDO_6_SAENDO1,7785,1
RAM2019_ENDO_6_SAENDO1,7786,0
RAM2019_ENDO_6_SAENDO1,7787,1
RAM2019_ENDO_6_SAENDO1,7788,5
RAM2019_ENDO_6_SAENDO1,7789,2
RAM2019_ENDO_6_SAENDO1,7790,2
RAM2019_ENDO_6_SAENDO1,7791,1
RAM2019_ENDO_6_SAENDO1,7792,2
RAM2019_ENDO_6_SAENDO1,7793,0
RAM2019_ENDO_6_SAENDO1,7794,0
RAM2019_ENDO_6_SAENDO1,7795,2
RAM2019_ENDO_6_SAENDO1,7796,0
RAM2019_ENDO_6_SAENDO1,7797,1
RAM2019_ENDO_6_SAENDO1,7798,1
RAM2019_ENDO_6_SAENDO1,7799,4
RAM2019_ENDO_6_SAENDO1,7800,0
RAM2019_ENDO_6_SAENDO1,7801,2
RAM2019_ENDO_6_SAENDO1,7802,0
RAM2019_ENDO_6_SAENDO1,7803,4
RAM2019_ENDO_6_SAENDO1,7804,1
RAM2019_ENDO_6_SAENDO1,7805,2
RAM2019_ENDO_6_SAENDO1,7806,3
RAM2019_ENDO_6_SAENDO1,7807,2
RAM2019_ENDO_6_SAENDO1,7808,2
RAM2019_ENDO_6_SAENDO1,7809,2
RAM2019_ENDO_6_SAENDO1,7810,2
RAM2019_ENDO_6_SAENDO1,7811,2
RAM2019_ENDO_6_SAENDO1,7812,2
RAM2019_ENDO_6_SAENDO1,7813,3
RAM2019_ENDO_6_SAENDO1,7814,1
RAM2019_ENDO_6_SAENDO1,7815,2
RAM2019_ENDO_6_SAENDO1,7816,2
RAM2019_ENDO_6_SAENDO1,7817,1
RAM2019_ENDO_6_SAENDO1,7818,1
RAM2019_ENDO_6_SAENDO1,7819,0
RAM2019_ENDO_6_SAENDO1,7820,3
RAM2019_ENDO_6_SAENDO1,7821,3
RAM2019_ENDO_6_SAENDO1,7822,2
RAM2019_ENDO_6_SAENDO1,7823,1
RAM2019_ENDO_6_SAENDO1,7824,1
RAM2019_ENDO_6_SAENDO1,7825,2
RAM2019_ENDO_6_SAENDO1,7826,2
RAM2019_ENDO_6_SAENDO1,7827,0
RAM2019_ENDO_6_SAENDO1,7828,0
RAM2019_ENDO_6_SAENDO1,7829,1
RAM2019_ENDO_6_SAENDO1,7830,3
RAM2019_ENDO_6_SAENDO1,7831,1
RAM2019_ENDO_6_SAENDO1,7832,1
RAM2019_ENDO_6_SAENDO1,7833,1
RAM2019_ENDO_6_SAENDO1,7834,1
RAM2019_ENDO_6_SAENDO1,7835,3
RAM2019_ENDO_6_SAENDO1,7836,2
RAM2019_ENDO_6_SAENDO1,7837,1
RAM2019_ENDO_6_SAENDO1,7838,1
RAM2019_ENDO_6_SAENDO1,7839,1
RAM2019_ENDO_6_SAENDO1,7840,1
RAM2019_ENDO_6_SAENDO1,7841,0
RAM2019_ENDO_6_SAENDO1,7842,1
RAM2019_ENDO_6_SAENDO1,7843,1
RAM2019_ENDO_6_SAENDO1,7844,4
RAM2019_ENDO_6_SAENDO1,7845,0
RAM2019_ENDO_6_SAENDO1,7846,0
RAM2019_ENDO_6_SAENDO1,7847,0
RAM2019_ENDO_6_SAENDO1,7848,2
RAM2019_ENDO_6_SAENDO1,7849,2
RAM2019_ENDO_6_SAENDO1,7850,0
RAM2019_ENDO_6_SAENDO1,7851,0
RAM2019_ENDO_6_SAENDO1,7852,2
RAM2019_ENDO_6_SAENDO1,7853,0
RAM2019_ENDO_6_SAENDO1,7854,0
RAM2019_ENDO_6_SAENDO1,7855,2
RAM2019_ENDO_6_SAENDO1,7856,1
RAM2019_ENDO_6_SAENDO1,7857,0
RAM2019_ENDO_6_SAENDO1,7858,2
RAM2019_ENDO_6_SAENDO1,7859,1
RAM2019_ENDO_6_SAENDO1,7860,0
RAM2019_ENDO_6_SAENDO1,7861,3
RAM2019_ENDO_6_SAENDO1,7862,0
RAM2019_ENDO_6_SAENDO1,7863,2
RAM2019_ENDO_6_SAENDO1,7864,0
RAM2019_ENDO_6_SAENDO1,7865,1
RAM2019_ENDO_6_SAENDO1,7866,1
RAM2019_ENDO_6_SAENDO1,7867,2
RAM2019_ENDO_6_SAENDO1,7868,0
RAM2019_ENDO_6_SAENDO1,7869,2
RAM2019_ENDO_6_SAENDO1,7870,0
RAM2019_ENDO_6_SAENDO1,7871,0
RAM2019_ENDO_6_SAENDO1,7872,2
RAM2019_ENDO_6_SAENDO1,7873,0
RAM2019_ENDO_6_SAENDO1,7874,1
RAM2019_ENDO_6_SAENDO1,7875,2
RAM2019_ENDO_6_SAENDO1,7876,1
RAM2019_ENDO_6_SAENDO1,7877,3
RAM2019_ENDO_6_SAENDO1,7878,1
RAM2019_ENDO_6_SAENDO1,7879,1
RAM2019_ENDO_6_SAENDO1,7880,1
RAM2019_ENDO_6_SAENDO1,7881,0
RAM2019_ENDO_6_SAENDO1,7882,1
RAM2019_ENDO_6_SAENDO1,7883,0
RAM2019_ENDO_6_SAENDO1,7884,5
RAM2019_ENDO_6_SAENDO1,7885,1
RAM2019_ENDO_6_SAENDO1,7886,0
RAM2019_ENDO_6_SAENDO1,7887,1
RAM2019_ENDO_6_SAENDO1,7888,0
RAM2019_ENDO_6_SAENDO1,7889,0
RAM2019_ENDO_6_SAENDO1,7890,1
RAM2019_ENDO_6_SAENDO1,7891,0
RAM2019_ENDO_6_SAENDO1,7892,0
RAM2019_ENDO_6_SAENDO1,7893,1
RAM2019_ENDO_6_SAENDO1,7894,1
RAM2019_ENDO_6_SAENDO1,7895,1
RAM2019_ENDO_6_SAENDO1,7896,1
RAM2019_ENDO_6_SAENDO1,7897,1
RAM2019_ENDO_6_SAENDO1,7898,0
RAM2019_ENDO_6_SAENDO1,7899,2
RAM2019_ENDO_6_SAENDO1,7900,0
RAM2019_ENDO_6_SAENDO1,7901,0
RAM2019_ENDO_6_SAENDO1,7902,2
RAM2019_ENDO_6_SAENDO1,7903,1
RAM2019_ENDO_6_SAENDO1,7904,1
RAM2019_ENDO_6_SAENDO1,7905,2
RAM2019_ENDO_6_SAENDO1,7906,1
RAM2019_ENDO_6_SAENDO1,7907,2
RAM2019_ENDO_6_SAENDO1,7908,4
RAM2019_ENDO_6_SAENDO1,7909,1
RAM2019_ENDO_6_SAENDO1,7910,1
RAM2019_ENDO_6_SAENDO1,7911,4
RAM2019_ENDO_6_SAENDO1,7912,0
RAM2019_ENDO_6_SAENDO1,7913,2
RAM2019_ENDO_6_SAENDO1,7914,1
RAM2019_ENDO_6_SAENDO1,7915,2
RAM2019_ENDO_6_SAENDO1,7916,3
RAM2019_ENDO_6_SAENDO1,7917,0
RAM2019_ENDO_6_SAENDO1,7918,2
RAM2019_ENDO_6_SAENDO1,7919,0
RAM2019_ENDO_6_SAENDO1,7920,1
RAM2019_ENDO_6_SAENDO1,7921,2
RAM2019_ENDO_6_SAENDO1,7922,1
RAM2019_ENDO_6_SAENDO1,7923,2
RAM2019_ENDO_6_SAENDO1,7924,1
RAM2019_ENDO_6_SAENDO1,7925,3
RAM2019_ENDO_6_SAENDO1,7926,3
RAM2019_ENDO_6_SAENDO1,7927,0
RAM2019_ENDO_6_SAENDO1,7928,1
RAM2019_ENDO_6_SAENDO1,7929,2
RAM2019_ENDO_6_SAENDO1,7930,2
RAM2019_ENDO_6_SAENDO1,7931,1
RAM2019_ENDO_6_SAENDO1,7932,1
RAM2019_ENDO_6_SAENDO1,7933,2
RAM2019_ENDO_6_SAENDO1,7934,0
RAM2019_ENDO_6_SAENDO1,7935,3
RAM2019_ENDO_6_SAENDO1,7936,1
RAM2019_ENDO_6_SAENDO1,7937,1
RAM2019_ENDO_6_SAENDO1,7938,0
RAM2019_ENDO_6_SAENDO1,7939,2
RAM2019_ENDO_6_SAENDO1,7940,1
RAM2019_ENDO_6_SAENDO1,7941,0
RAM2019_ENDO_6_SAENDO1,7942,0
RAM2019_ENDO_6_SAENDO1,7943,2
RAM2019_ENDO_6_SAENDO1,7944,0
RAM2019_ENDO_6_SAENDO1,7945,0
RAM2019_ENDO_6_SAENDO1,7946,1
RAM2019_ENDO_6_SAENDO1,7947,0
RAM2019_ENDO_6_SAENDO1,7948,1
RAM2019_ENDO_6_SAENDO1,7949,1
RAM2019_ENDO_6_SAENDO1,7950,1
RAM2019_ENDO_6_SAENDO1,7951,1
RAM2019_ENDO_6_SAENDO1,7952,1
RAM2019_ENDO_6_SAENDO1,7953,1
RAM2019_ENDO_6_SAENDO1,7954,2
RAM2019_ENDO_6_SAENDO1,7955,1
RAM2019_ENDO_6_SAENDO1,7956,2
RAM2019_ENDO_6_SAENDO1,7957,1
RAM2019_ENDO_6_SAENDO1,7958,1
RAM2019_ENDO_6_SAENDO1,7959,0
RAM2019_ENDO_6_SAENDO1,7960,1
RAM2019_ENDO_6_SAENDO1,7961,4
RAM2019_ENDO_6_SAENDO1,7962,2
RAM2019_ENDO_6_SAENDO1,7963,0
RAM2019_ENDO_6_SAENDO1,7964,3
RAM2019_ENDO_6_SAENDO1,7965,2
RAM2019_ENDO_6_SAENDO1,7966,1
RAM2019_ENDO_6_SAENDO1,7967,2
RAM2019_ENDO_6_SAENDO1,7968,1
RAM2019_ENDO_6_SAENDO1,7969,1
RAM2019_ENDO_6_SAENDO1,7970,0
RAM2019_ENDO_6_SAENDO1,7971,3
RAM2019_ENDO_6_SAENDO1,7972,1
RAM2019_ENDO_6_SAENDO1,7973,0
RAM2019_ENDO_6_SAENDO1,7974,4
RAM2019_ENDO_6_SAENDO1,7975,0
RAM2019_ENDO_6_SAENDO1,7976,3
RAM2019_ENDO_6_SAENDO1,7977,2
RAM2019_ENDO_6_SAENDO1,7978,0
RAM2019_ENDO_6_SAENDO1,7979,0
RAM2019_ENDO_6_SAENDO1,7980,0
RAM2019_ENDO_6_SAENDO1,7981,3
RAM2019_ENDO_6_SAENDO1,7982,0
RAM2019_ENDO_6_SAENDO1,7983,1
RAM2019_ENDO_6_SAENDO1,7984,0
RAM2019_ENDO_6_SAENDO1,7985,2
RAM2019_ENDO_6_SAENDO1,7986,0
RAM2019_ENDO_6_SAENDO1,7987,2
RAM2019_ENDO_6_SAENDO1,7988,1
RAM2019_ENDO_6_SAENDO1,7989,1
RAM2019_ENDO_6_SAENDO1,7990,1
RAM2019_ENDO_6_SAENDO1,7991,0
RAM2019_ENDO_6_SAENDO1,7992,3
RAM2019_ENDO_6_SAENDO1,7993,0
RAM2019_ENDO_6_SAENDO1,7994,1
RAM2019_ENDO_6_SAENDO1,7995,1
RAM2019_ENDO_6_SAENDO1,7996,0
RAM2019_ENDO_6_SAENDO1,7997,0
RAM2019_ENDO_6_SAENDO1,7998,1
RAM2019_ENDO_6_SAENDO1,7999,0
RAM2019_ENDO_6_SAENDO1,8000,0
RAM2019_ENDO_6_SAENDO1,8001,1
RAM2019_ENDO_6_SAENDO1,8002,0
RAM2019_ENDO_6_SAENDO1,8003,1
RAM2019_ENDO_6_SAENDO1,8004,2
RAM2019_ENDO_6_SAENDO1,8005,1
RAM2019_ENDO_6_SAENDO1,8006,1
RAM2019_ENDO_6_SAENDO1,8007,1
RAM2019_ENDO_6_SAENDO1,8008,0
RAM2019_ENDO_6_SAENDO1,8009,0
RAM2019_ENDO_6_SAENDO1,8010,0
RAM2019_ENDO_6_SAENDO1,8011,1
RAM2019_ENDO_6_SAENDO1,8012,3
RAM2019_ENDO_6_SAENDO1,8013,1
RAM2019_ENDO_6_SAENDO1,8014,1
RAM2019_ENDO_6_SAENDO1,8015,2
RAM2019_ENDO_6_SAENDO1,8016,0
RAM2019_ENDO_6_SAENDO1,8017,2
RAM2019_ENDO_6_SAENDO1,8018,4
RAM2019_ENDO_6_SAENDO1,8019,1
RAM2019_ENDO_6_SAENDO1,8020,1
RAM2019_ENDO_6_SAENDO1,8021,0
RAM2019_ENDO_6_SAENDO1,8022,2
RAM2019_ENDO_6_SAENDO1,8023,2
RAM2019_ENDO_6_SAENDO1,8024,0
RAM2019_ENDO_6_SAENDO1,8025,2
RAM2019_ENDO_6_SAENDO1,8026,0
RAM2019_ENDO_6_SAENDO1,8027,2
RAM2019_ENDO_6_SAENDO1,8028,3
RAM2019_ENDO_6_SAENDO1,8029,0
RAM2019_ENDO_6_SAENDO1,8030,1
RAM2019_ENDO_6_SAENDO1,8031,1
RAM2019_ENDO_6_SAENDO1,8032,2
RAM2019_ENDO_6_SAENDO1,8033,2
RAM2019_ENDO_6_SAENDO1,8034,2
RAM2019_ENDO_6_SAENDO1,8035,1
RAM2019_ENDO_6_SAENDO1,8036,0
RAM2019_ENDO_6_SAENDO1,8037,1
RAM2019_ENDO_6_SAENDO1,8038,0
RAM2019_ENDO_6_SAENDO1,8039,0
RAM2019_ENDO_6_SAENDO1,8040,0
RAM2019_ENDO_6_SAENDO1,8041,1
RAM2019_ENDO_6_SAENDO1,8042,1
RAM2019_ENDO_6_SAENDO1,8043,0
RAM2019_ENDO_6_SAENDO1,8044,1
RAM2019_ENDO_6_SAENDO1,8045,0
RAM2019_ENDO_6_SAENDO1,8046,2
RAM2019_ENDO_6_SAENDO1,8047,2
RAM2019_ENDO_6_SAENDO1,8048,0
RAM2019_ENDO_6_SAENDO1,8049,1
RAM2019_ENDO_6_SAENDO1,8050,0
RAM2019_ENDO_6_SAENDO1,8051,0
RAM2019_ENDO_6_SAENDO1,8052,1
RAM2019_ENDO_6_SAENDO1,8053,0
RAM2019_ENDO_6_SAENDO1,8054,1
RAM2019_ENDO_6_SAENDO1,8055,2
RAM2019_ENDO_6_SAENDO1,8056,0
RAM2019_ENDO_6_SAENDO1,8057,1
RAM2019_ENDO_6_SAENDO1,8058,0
RAM2019_ENDO_6_SAENDO1,8059,1
RAM2019_ENDO_6_SAENDO1,8060,2
RAM2019_ENDO_6_SAENDO1,8061,3
RAM2019_ENDO_6_SAENDO1,8062,2
RAM2019_ENDO_6_SAENDO1,8063,1
RAM2019_ENDO_6_SAENDO1,8064,2
RAM2019_ENDO_6_SAENDO1,8065,0
RAM2019_ENDO_6_SAENDO1,8066,2
RAM2019_ENDO_6_SAENDO1,8067,2
RAM2019_ENDO_6_SAENDO1,8068,1
RAM2019_ENDO_6_SAENDO1,8069,2
RAM2019_ENDO_6_SAENDO1,8070,0
RAM2019_ENDO_6_SAENDO1,8071,0
RAM2019_ENDO_6_SAENDO1,8072,3
RAM2019_ENDO_6_SAENDO1,8073,0
RAM2019_ENDO_6_SAENDO1,8074,0
RAM2019_ENDO_6_SAENDO1,8075,0
RAM2019_ENDO_6_SAENDO1,8076,0
RAM2019_ENDO_6_SAENDO1,8077,2
RAM2019_ENDO_6_SAENDO1,8078,0
RAM2019_ENDO_6_SAENDO1,8079,1
RAM2019_ENDO_6_SAENDO1,8080,1
RAM2019_ENDO_6_SAENDO1,8081,1
RAM2019_ENDO_6_SAENDO1,8082,1
RAM2019_ENDO_6_SAENDO1,8083,0
RAM2019_ENDO_6_SAENDO1,8084,3
RAM2019_ENDO_6_SAENDO1,8085,0
RAM2019_ENDO_6_SAENDO1,8086,0
RAM2019_ENDO_6_SAENDO1,8087,4
RAM2019_ENDO_6_SAENDO1,8088,1
RAM2019_ENDO_6_SAENDO1,8089,2
RAM2019_ENDO_6_SAENDO1,8090,1
RAM2019_ENDO_6_SAENDO1,8091,0
RAM2019_ENDO_6_SAENDO1,8092,1
RAM2019_ENDO_6_SAENDO1,8093,2
RAM2019_ENDO_6_SAENDO1,8094,0
RAM2019_ENDO_6_SAENDO1,8095,1
RAM2019_ENDO_6_SAENDO1,8096,1
RAM2019_ENDO_6_SAENDO1,8097,1
RAM2019_ENDO_6_SAENDO1,8098,0
RAM2019_ENDO_6_SAENDO1,8099,2
RAM2019_ENDO_6_SAENDO1,8100,1
RAM2019_ENDO_6_SAENDO1,8101,0
RAM2019_ENDO_6_SAENDO1,8102,0
RAM2019_ENDO_6_SAENDO1,8103,1
RAM2019_ENDO_6_SAENDO1,8104,2
RAM2019_ENDO_6_SAENDO1,8105,2
RAM2019_ENDO_6_SAENDO1,8106,0
RAM2019_ENDO_6_SAENDO1,8107,0
RAM2019_ENDO_6_SAENDO1,8108,1
RAM2019_ENDO_6_SAENDO1,8109,1
RAM2019_ENDO_6_SAENDO1,8110,0
RAM2019_ENDO_6_SAENDO1,8111,0
RAM2019_ENDO_6_SAENDO1,8112,4
RAM2019_ENDO_6_SAENDO1,8113,1
RAM2019_ENDO_6_SAENDO1,8114,1
RAM2019_ENDO_6_SAENDO1,8115,1
RAM2019_ENDO_6_SAENDO1,8116,3
RAM2019_ENDO_6_SAENDO1,8117,1
RAM2019_ENDO_6_SAENDO1,8118,1
RAM2019_ENDO_6_SAENDO1,8119,0
RAM2019_ENDO_6_SAENDO1,8120,1
RAM2019_ENDO_6_SAENDO1,8121,0
RAM2019_ENDO_6_SAENDO1,8122,3
RAM2019_ENDO_6_SAENDO1,8123,2
RAM2019_ENDO_6_SAENDO1,8124,2
RAM2019_ENDO_6_SAENDO1,8125,2
RAM2019_ENDO_6_SAENDO1,8126,1
RAM2019_ENDO_6_SAENDO1,8127,0
RAM2019_ENDO_6_SAENDO1,8128,1
RAM2019_ENDO_6_SAENDO1,8129,1
RAM2019_ENDO_6_SAENDO1,8130,1
RAM2019_ENDO_6_SAENDO1,8131,0
RAM2019_ENDO_6_SAENDO1,8132,0
RAM2019_ENDO_6_SAENDO1,8133,1
RAM2019_ENDO_6_SAENDO1,8134,0
RAM2019_ENDO_6_SAENDO1,8135,0
RAM2019_ENDO_6_SAENDO1,8136,1
RAM2019_ENDO_6_SAENDO1,8137,2
RAM2019_ENDO_6_SAENDO1,8138,1
RAM2019_ENDO_6_SAENDO1,8139,0
RAM2019_ENDO_6_SAENDO1,8140,3
RAM2019_ENDO_6_SAENDO1,8141,1
RAM2019_ENDO_6_SAENDO1,8142,1
RAM2019_ENDO_6_SAENDO1,8143,1
RAM2019_ENDO_6_SAENDO1,8144,1
RAM2019_ENDO_6_SAENDO1,8145,1
RAM2019_ENDO_6_SAENDO1,8146,2
RAM2019_ENDO_6_SAENDO1,8147,0
RAM2019_ENDO_6_SAENDO1,8148,1
RAM2019_ENDO_6_SAENDO1,8149,3
RAM2019_ENDO_6_SAENDO1,8150,0
RAM2019_ENDO_6_SAENDO1,8151,0
RAM2019_ENDO_6_SAENDO1,8152,1
RAM2019_ENDO_6_SAENDO1,8153,0
RAM2019_ENDO_6_SAENDO1,8154,1
RAM2019_ENDO_6_SAENDO1,8155,2
RAM2019_ENDO_6_SAENDO1,8156,1
RAM2019_ENDO_6_SAENDO1,8157,2
RAM2019_ENDO_6_SAENDO1,8158,2
RAM2019_ENDO_6_SAENDO1,8159,2
RAM2019_ENDO_6_SAENDO1,8160,1
RAM2019_ENDO_6_SAENDO1,8161,2
RAM2019_ENDO_6_SAENDO1,8162,2
RAM2019_ENDO_6_SAENDO1,8163,0
RAM2019_ENDO_6_SAENDO1,8164,1
RAM2019_ENDO_6_SAENDO1,8165,0
RAM2019_ENDO_6_SAENDO1,8166,0
RAM2019_ENDO_6_SAENDO1,8167,1
RAM2019_ENDO_6_SAENDO1,8168,0
RAM2019_ENDO_6_SAENDO1,8169,1
RAM2019_ENDO_6_SAENDO1,8170,2
RAM2019_ENDO_6_SAENDO1,8171,1
RAM2019_ENDO_6_SAENDO1,8172,1
RAM2019_ENDO_6_SAENDO1,8173,1
RAM2019_ENDO_6_SAENDO1,8174,1
RAM2019_ENDO_6_SAENDO1,8175,0
RAM2019_ENDO_6_SAENDO1,8176,2
RAM2019_ENDO_6_SAENDO1,8177,1
RAM2019_ENDO_6_SAENDO1,8178,1
RAM2019_ENDO_6_SAENDO1,8179,0
RAM2019_ENDO_6_SAENDO1,8180,2
RAM2019_ENDO_6_SAENDO1,8181,4
RAM2019_ENDO_6_SAENDO1,8182,2
RAM2019_ENDO_6_SAENDO1,8183,0
RAM2019_ENDO_6_SAENDO1,8184,2
RAM2019_ENDO_6_SAENDO1,8185,2
RAM2019_ENDO_6_SAENDO1,8186,0
RAM2019_ENDO_6_SAENDO1,8187,1
RAM2019_ENDO_6_SAENDO1,8188,0
RAM2019_ENDO_6_SAENDO1,8189,2
RAM2019_ENDO_6_SAENDO1,8190,1
RAM2019_ENDO_6_SAENDO1,8191,2
RAM2019_ENDO_6_SAENDO1,8192,0
RAM2019_ENDO_6_SAENDO1,8193,0
RAM2019_ENDO_6_SAENDO1,8194,0
RAM2019_ENDO_6_SAENDO1,8195,2
RAM2019_ENDO_6_SAENDO1,8196,1
RAM2019_ENDO_6_SAENDO1,8197,0
RAM2019_ENDO_6_SAENDO1,8198,0
RAM2019_ENDO_6_SAENDO1,8199,2
RAM2019_ENDO_6_SAENDO1,8200,0
RAM2019_ENDO_6_SAENDO1,8201,3
RAM2019_ENDO_6_SAENDO1,8202,1
RAM2019_ENDO_6_SAENDO1,8203,0
RAM2019_ENDO_6_SAENDO1,8204,0
RAM2019_ENDO_6_SAENDO1,8205,0
RAM2019_ENDO_6_SAENDO1,8206,0
RAM2019_ENDO_6_SAENDO1,8207,1
RAM2019_ENDO_6_SAENDO1,8208,2
RAM2019_ENDO_6_SAENDO1,8209,0
RAM2019_ENDO_6_SAENDO1,8210,3
RAM2019_ENDO_6_SAENDO1,8211,0
RAM2019_ENDO_6_SAENDO1,8212,0
RAM2019_ENDO_6_SAENDO1,8213,0
RAM2019_ENDO_6_SAENDO1,8214,0
RAM2019_ENDO_6_SAENDO1,8215,1
RAM2019_ENDO_6_SAENDO1,8216,2
RAM2019_ENDO_6_SAENDO1,8217,2
RAM2019_ENDO_6_SAENDO1,8218,1
RAM2019_ENDO_6_SAENDO1,8219,2
RAM2019_ENDO_6_SAENDO1,8220,0
RAM2019_ENDO_6_SAENDO1,8221,2
RAM2019_ENDO_6_SAENDO1,8222,2
RAM2019_ENDO_6_SAENDO1,8223,2
RAM2019_ENDO_6_SAENDO1,8224,0
RAM2019_ENDO_6_SAENDO1,8225,2
RAM2019_ENDO_6_SAENDO1,8226,0
RAM2019_ENDO_6_SAENDO1,8227,2
RAM2019_ENDO_6_SAENDO1,8228,2
RAM2019_ENDO_6_SAENDO1,8229,2
RAM2019_ENDO_6_SAENDO1,8230,0
RAM2019_ENDO_6_SAENDO1,8231,2
RAM2019_ENDO_6_SAENDO1,8232,1
RAM2019_ENDO_6_SAENDO1,8233,1
RAM2019_ENDO_6_SAENDO1,8234,3
RAM2019_ENDO_6_SAENDO1,8235,0
RAM2019_ENDO_6_SAENDO1,8236,1
RAM2019_ENDO_6_SAENDO1,8237,2
RAM2019_ENDO_6_SAENDO1,8238,2
RAM2019_ENDO_6_SAENDO1,8239,3
RAM2019_ENDO_6_SAENDO1,8240,1
RAM2019_ENDO_6_SAENDO1,8241,2
RAM2019_ENDO_6_SAENDO1,8242,1
RAM2019_ENDO_6_SAENDO1,8243,0
RAM2019_ENDO_6_SAENDO1,8244,2
RAM2019_ENDO_6_SAENDO1,8245,2
RAM2019_ENDO_6_SAENDO1,8246,0
RAM2019_ENDO_6_SAENDO1,8247,0
RAM2019_ENDO_6_SAENDO1,8248,2
RAM2019_ENDO_6_SAENDO1,8249,1
RAM2019_ENDO_6_SAENDO1,8250,0
RAM2019_ENDO_6_SAENDO1,8251,0
RAM2019_ENDO_6_SAENDO1,8252,3
RAM2019_ENDO_6_SAENDO1,8253,2
RAM2019_ENDO_6_SAENDO1,8254,4
RAM2019_ENDO_6_SAENDO1,8255,1
RAM2019_ENDO_6_SAENDO1,8256,0
RAM2019_ENDO_6_SAENDO1,8257,1
RAM2019_ENDO_6_SAENDO1,8258,0
RAM2019_ENDO_6_SAENDO1,8259,1
RAM2019_ENDO_6_SAENDO1,8260,1
RAM2019_ENDO_6_SAENDO1,8261,0
RAM2019_ENDO_6_SAENDO1,8262,1
RAM2019_ENDO_6_SAENDO1,8263,3
RAM2019_ENDO_6_SAENDO1,8264,1
RAM2019_ENDO_6_SAENDO1,8265,1
RAM2019_ENDO_6_SAENDO1,8266,1
RAM2019_ENDO_6_SAENDO1,8267,2
RAM2019_ENDO_6_SAENDO1,8268,0
RAM2019_ENDO_6_SAENDO1,8269,1
RAM2019_ENDO_6_SAENDO1,8270,3
RAM2019_ENDO_6_SAENDO1,8271,0
RAM2019_ENDO_6_SAENDO1,8272,1
RAM2019_ENDO_6_SAENDO1,8273,1
RAM2019_ENDO_6_SAENDO1,8274,0
RAM2019_ENDO_6_SAENDO1,8275,1
RAM2019_ENDO_6_SAENDO1,8276,1
RAM2019_ENDO_6_SAENDO1,8277,0
RAM2019_ENDO_6_SAENDO1,8278,3
RAM2019_ENDO_6_SAENDO1,8279,1
RAM2019_ENDO_6_SAENDO1,8280,0
RAM2019_ENDO_6_SAENDO1,8281,2
RAM2019_ENDO_6_SAENDO1,8282,1
RAM2019_ENDO_6_SAENDO1,8283,0
RAM2019_ENDO_6_SAENDO1,8284,1
RAM2019_ENDO_6_SAENDO1,8285,0
RAM2019_ENDO_6_SAENDO1,8286,2
RAM2019_ENDO_6_SAENDO1,8287,0
RAM2019_ENDO_6_SAENDO1,8288,0
RAM2019_ENDO_6_SAENDO1,8289,0
RAM2019_ENDO_6_SAENDO1,8290,1
RAM2019_ENDO_6_SAENDO1,8291,0
RAM2019_ENDO_6_SAENDO1,8292,2
RAM2019_ENDO_6_SAENDO1,8293,1
RAM2019_ENDO_6_SAENDO1,8294,1
RAM2019_ENDO_6_SAENDO1,8295,0
RAM2019_ENDO_6_SAENDO1,8296,2
RAM2019_ENDO_6_SAENDO1,8297,1
RAM2019_ENDO_6_SAENDO1,8298,1
RAM2019_ENDO_6_SAENDO1,8299,1
RAM2019_ENDO_6_SAENDO1,8300,1
RAM2019_ENDO_6_SAENDO1,8301,4
RAM2019_ENDO_6_SAENDO1,8302,2
RAM2019_ENDO_6_SAENDO1,8303,0
RAM2019_ENDO_6_SAENDO1,8304,2
RAM2019_ENDO_6_SAENDO1,8305,0
RAM2019_ENDO_6_SAENDO1,8306,1
RAM2019_ENDO_6_SAENDO1,8307,2
RAM2019_ENDO_6_SAENDO1,8308,1
RAM2019_ENDO_6_SAENDO1,8309,3
RAM2019_ENDO_6_SAENDO1,8310,3
RAM2019_ENDO_6_SAENDO1,8311,0
RAM2019_ENDO_6_SAENDO1,8312,0
RAM2019_ENDO_6_SAENDO1,8313,1
RAM2019_ENDO_6_SAENDO1,8314,2
RAM2019_ENDO_6_SAENDO1,8315,2
RAM2019_ENDO_6_SAENDO1,8316,1
RAM2019_ENDO_6_SAENDO1,8317,0
RAM2019_ENDO_6_SAENDO1,8318,1
RAM2019_ENDO_6_SAENDO1,8319,0
RAM2019_ENDO_6_SAENDO1,8320,0
RAM2019_ENDO_6_SAENDO1,8321,0
RAM2019_ENDO_6_SAENDO1,8322,0
RAM2019_ENDO_6_SAENDO1,8323,1
RAM2019_ENDO_6_SAENDO1,8324,1
RAM2019_ENDO_6_SAENDO1,8325,0
RAM2019_ENDO_6_SAENDO1,8326,2
RAM2019_ENDO_6_SAENDO1,8327,1
RAM2019_ENDO_6_SAENDO1,8328,2
RAM2019_ENDO_6_SAENDO1,8329,3
RAM2019_ENDO_6_SAENDO1,8330,1
RAM2019_ENDO_6_SAENDO1,8331,0
RAM2019_ENDO_6_SAENDO1,8332,3
RAM2019_ENDO_6_SAENDO1,8333,0
RAM2019_ENDO_6_SAENDO1,8334,1
RAM2019_ENDO_6_SAENDO1,8335,3
RAM2019_ENDO_6_SAENDO1,8336,0
RAM2019_ENDO_6_SAENDO1,8337,1
RAM2019_ENDO_6_SAENDO1,8338,1
RAM2019_ENDO_6_SAENDO1,8339,2
RAM2019_ENDO_6_SAENDO1,8340,2
RAM2019_ENDO_6_SAENDO1,8341,0
RAM2019_ENDO_6_SAENDO1,8342,1
RAM2019_ENDO_6_SAENDO1,8343,1
RAM2019_ENDO_6_SAENDO1,8344,1
RAM2019_ENDO_6_SAENDO1,8345,1
RAM2019_ENDO_6_SAENDO1,8346,2
RAM2019_ENDO_6_SAENDO1,8347,1
RAM2019_ENDO_6_SAENDO1,8348,2
RAM2019_ENDO_6_SAENDO1,8349,2
RAM2019_ENDO_6_SAENDO1,8350,0
RAM2019_ENDO_6_SAENDO1,8351,0
RAM2019_ENDO_6_SAENDO1,8352,1
RAM2019_ENDO_6_SAENDO1,8353,0
RAM2019_ENDO_6_SAENDO1,8354,1
RAM2019_ENDO_6_SAENDO1,8355,2
RAM2019_ENDO_6_SAENDO1,8356,0
RAM2019_ENDO_6_SAENDO1,8357,1
RAM2019_ENDO_6_SAENDO1,8358,1
RAM2019_ENDO_6_SAENDO1,8359,1
RAM2019_ENDO_6_SAENDO1,8360,2
RAM2019_ENDO_6_SAENDO1,8361,0
RAM2019_ENDO_6_SAENDO1,8362,1
RAM2019_ENDO_6_SAENDO1,8363,0
RAM2019_ENDO_6_SAENDO1,8364,0
RAM2019_ENDO_6_SAENDO1,8365,1
RAM2019_ENDO_6_SAENDO1,8366,0
RAM2019_ENDO_6_SAENDO1,8367,1
RAM2019_ENDO_6_SAENDO1,8368,0
RAM2019_ENDO_6_SAENDO1,8369,4
RAM2019_ENDO_6_SAENDO1,8370,3
RAM2019_ENDO_6_SAENDO1,8371,1
RAM2019_ENDO_6_SAENDO1,8372,0
RAM2019_ENDO_6_SAENDO1,8373,0
RAM2019_ENDO_6_SAENDO1,8374,1
RAM2019_ENDO_6_SAENDO1,8375,1
RAM2019_ENDO_6_SAENDO1,8376,0
RAM2019_ENDO_6_SAENDO1,8377,1
RAM2019_ENDO_6_SAENDO1,8378,0
RAM2019_ENDO_6_SAENDO1,8379,3
RAM2019_ENDO_6_SAENDO1,8380,1
RAM2019_ENDO_6_SAENDO1,8381,0
RAM2019_ENDO_6_SAENDO1,8382,2
RAM2019_ENDO_6_SAENDO1,8383,1
RAM2019_ENDO_6_SAENDO1,8384,2
RAM2019_ENDO_6_SAENDO1,8385,0
RAM2019_ENDO_6_SAENDO1,8386,1
RAM2019_ENDO_6_SAENDO1,8387,1
RAM2019_ENDO_6_SAENDO1,8388,3
RAM2019_ENDO_6_SAENDO1,8389,1
RAM2019_ENDO_6_SAENDO1,8390,4
RAM2019_ENDO_6_SAENDO1,8391,1
RAM2019_ENDO_6_SAENDO1,8392,2
RAM2019_ENDO_6_SAENDO1,8393,1
RAM2019_ENDO_6_SAENDO1,8394,0
RAM2019_ENDO_6_SAENDO1,8395,0
RAM2019_ENDO_6_SAENDO1,8396,1
RAM2019_ENDO_6_SAENDO1,8397,1
RAM2019_ENDO_6_SAENDO1,8398,0
RAM2019_ENDO_6_SAENDO1,8399,1
RAM2019_ENDO_6_SAENDO1,8400,1
RAM2019_ENDO_6_SAENDO1,8401,1
RAM2019_ENDO_6_SAENDO1,8402,0
RAM2019_ENDO_6_SAENDO1,8403,1
RAM2019_ENDO_6_SAENDO1,8404,1
RAM2019_ENDO_6_SAENDO1,8405,0
RAM2019_ENDO_6_SAENDO1,8406,1
RAM2019_ENDO_6_SAENDO1,8407,1
RAM2019_ENDO_6_SAENDO1,8408,0
RAM2019_ENDO_6_SAENDO1,8409,2
RAM2019_ENDO_6_SAENDO1,8410,1
RAM2019_ENDO_6_SAENDO1,8411,2
RAM2019_ENDO_6_SAENDO1,8412,2
RAM2019_ENDO_6_SAENDO1,8413,1
RAM2019_ENDO_6_SAENDO1,8414,0
RAM2019_ENDO_6_SAENDO1,8415,1
RAM2019_ENDO_6_SAENDO1,8416,0
RAM2019_ENDO_6_SAENDO1,8417,0
RAM2019_ENDO_6_SAENDO1,8418,0
RAM2019_ENDO_6_SAENDO1,8419,2
RAM2019_ENDO_6_SAENDO1,8420,0
RAM2019_ENDO_6_SAENDO1,8421,3
RAM2019_ENDO_6_SAENDO1,8422,2
RAM2019_ENDO_6_SAENDO1,8423,1
RAM2019_ENDO_6_SAENDO1,8424,2
RAM2019_ENDO_6_SAENDO1,8425,2
RAM2019_ENDO_6_SAENDO1,8426,0
RAM2019_ENDO_6_SAENDO1,8427,0
RAM2019_ENDO_6_SAENDO1,8428,1
RAM2019_ENDO_6_SAENDO1,8429,2
RAM2019_ENDO_6_SAENDO1,8430,1
RAM2019_ENDO_6_SAENDO1,8431,3
RAM2019_ENDO_6_SAENDO1,8432,0
RAM2019_ENDO_6_SAENDO1,8433,1
RAM2019_ENDO_6_SAENDO1,8434,1
RAM2019_ENDO_6_SAENDO1,8435,2
RAM2019_ENDO_6_SAENDO1,8436,3
RAM2019_ENDO_6_SAENDO1,8437,3
RAM2019_ENDO_6_SAENDO1,8438,1
RAM2019_ENDO_6_SAENDO1,8439,0
RAM2019_ENDO_6_SAENDO1,8440,0
RAM2019_ENDO_6_SAENDO1,8441,1
RAM2019_ENDO_6_SAENDO1,8442,0
RAM2019_ENDO_6_SAENDO1,8443,2
RAM2019_ENDO_6_SAENDO1,8444,1
RAM2019_ENDO_6_SAENDO1,8445,1
RAM2019_ENDO_6_SAENDO1,8446,1
RAM2019_ENDO_6_SAENDO1,8447,2
RAM2019_ENDO_6_SAENDO1,8448,0
RAM2019_ENDO_6_SAENDO1,8449,2
RAM2019_ENDO_6_SAENDO1,8450,1
RAM2019_ENDO_6_SAENDO1,8451,1
RAM2019_ENDO_6_SAENDO1,8452,2
RAM2019_ENDO_6_SAENDO1,8453,0
RAM2019_ENDO_6_SAENDO1,8454,2
RAM2019_ENDO_6_SAENDO1,8455,1
RAM2019_ENDO_6_SAENDO1,8456,0
RAM2019_ENDO_6_SAENDO1,8457,2
RAM2019_ENDO_6_SAENDO1,8458,1
RAM2019_ENDO_6_SAENDO1,8459,2
RAM2019_ENDO_6_SAENDO1,8460,3
RAM2019_ENDO_6_SAENDO1,8461,0
RAM2019_ENDO_6_SAENDO1,8462,2
RAM2019_ENDO_6_SAENDO1,8463,1
RAM2019_ENDO_6_SAENDO1,8464,1
RAM2019_ENDO_6_SAENDO1,8465,2
RAM2019_ENDO_6_SAENDO1,8466,2
RAM2019_ENDO_6_SAENDO1,8467,1
RAM2019_ENDO_6_SAENDO1,8468,1
RAM2019_ENDO_6_SAENDO1,8469,0
RAM2019_ENDO_6_SAENDO1,8470,0
RAM2019_ENDO_6_SAENDO1,8471,0
RAM2019_ENDO_6_SAENDO1,8472,0
RAM2019_ENDO_6_SAENDO1,8473,2
RAM2019_ENDO_6_SAENDO1,8474,1
RAM2019_ENDO_6_SAENDO1,8475,2
RAM2019_ENDO_6_SAENDO1,8476,0
RAM2019_ENDO_6_SAENDO1,8477,1
RAM2019_ENDO_6_SAENDO1,8478,2
RAM2019_ENDO_6_SAENDO1,8479,2
RAM2019_ENDO_6_SAENDO1,8480,1
RAM2019_ENDO_6_SAENDO1,8481,0
RAM2019_ENDO_6_SAENDO1,8482,1
RAM2019_ENDO_6_SAENDO1,8483,2
RAM2019_ENDO_6_SAENDO1,8484,1
RAM2019_ENDO_6_SAENDO1,8485,2
RAM2019_ENDO_6_SAENDO1,8486,1
RAM2019_ENDO_6_SAENDO1,8487,1
RAM2019_ENDO_6_SAENDO1,8488,2
RAM2019_ENDO_6_SAENDO1,8489,1
RAM2019_ENDO_6_SAENDO1,8490,1
RAM2019_ENDO_6_SAENDO1,8491,2
RAM2019_ENDO_6_SAENDO1,8492,0
RAM2019_ENDO_6_SAENDO1,8493,1
RAM2019_ENDO_6_SAENDO1,8494,1
RAM2019_ENDO_6_SAENDO1,8495,2
RAM2019_ENDO_6_SAENDO1,8496,1
RAM2019_ENDO_6_SAENDO1,8497,0
RAM2019_ENDO_6_SAENDO1,8498,2
RAM2019_ENDO_6_SAENDO1,8499,4
RAM2019_ENDO_6_SAENDO1,8500,2
RAM2019_ENDO_6_SAENDO1,8501,1
RAM2019_ENDO_6_SAENDO1,8502,2
RAM2019_ENDO_6_SAENDO1,8503,2
RAM2019_ENDO_6_SAENDO1,8504,2
RAM2019_ENDO_6_SAENDO1,8505,1
RAM2019_ENDO_6_SAENDO1,8506,0
RAM2019_ENDO_6_SAENDO1,8507,0
RAM2019_ENDO_6_SAENDO1,8508,1
RAM2019_ENDO_6_SAENDO1,8509,1
RAM2019_ENDO_6_SAENDO1,8510,2
RAM2019_ENDO_6_SAENDO1,8511,2
RAM2019_ENDO_6_SAENDO1,8512,2
RAM2019_ENDO_6_SAENDO1,8513,0
RAM2019_ENDO_6_SAENDO1,8514,1
RAM2019_ENDO_6_SAENDO1,8515,0
RAM2019_ENDO_6_SAENDO1,8516,1
RAM2019_ENDO_6_SAENDO1,8517,3
RAM2019_ENDO_6_SAENDO1,8518,2
RAM2019_ENDO_6_SAENDO1,8519,0
RAM2019_ENDO_6_SAENDO1,8520,0
RAM2019_ENDO_6_SAENDO1,8521,0
RAM2019_ENDO_6_SAENDO1,8522,1
RAM2019_ENDO_6_SAENDO1,8523,1
RAM2019_ENDO_6_SAENDO1,8524,1
RAM2019_ENDO_6_SAENDO1,8525,2
RAM2019_ENDO_6_SAENDO1,8526,4
RAM2019_ENDO_6_SAENDO1,8527,2
RAM2019_ENDO_6_SAENDO1,8528,3
RAM2019_ENDO_6_SAENDO1,8529,1
RAM2019_ENDO_6_SAENDO1,8530,5
RAM2019_ENDO_6_SAENDO1,8531,1
RAM2019_ENDO_6_SAENDO1,8532,2
RAM2019_ENDO_6_SAENDO1,8533,1
RAM2019_ENDO_6_SAENDO1,8534,2
RAM2019_ENDO_6_SAENDO1,8535,1
RAM2019_ENDO_6_SAENDO1,8536,2
RAM2019_ENDO_6_SAENDO1,8537,0
RAM2019_ENDO_6_SAENDO1,8538,1
RAM2019_ENDO_6_SAENDO1,8539,0
RAM2019_ENDO_6_SAENDO1,8540,1
RAM2019_ENDO_6_SAENDO1,8541,1
RAM2019_ENDO_6_SAENDO1,8542,0
RAM2019_ENDO_6_SAENDO1,8543,1
RAM2019_ENDO_6_SAENDO1,8544,1
RAM2019_ENDO_6_SAENDO1,8545,2
RAM2019_ENDO_6_SAENDO1,8546,0
RAM2019_ENDO_6_SAENDO1,8547,0
RAM2019_ENDO_6_SAENDO1,8548,2
RAM2019_ENDO_6_SAENDO1,8549,1
RAM2019_ENDO_6_SAENDO1,8550,2
RAM2019_ENDO_6_SAENDO1,8551,3
RAM2019_ENDO_6_SAENDO1,8552,1
RAM2019_ENDO_6_SAENDO1,8553,1
RAM2019_ENDO_6_SAENDO1,8554,5
RAM2019_ENDO_6_SAENDO1,8555,0
RAM2019_ENDO_6_SAENDO1,8556,0
RAM2019_ENDO_6_SAENDO1,8557,2
RAM2019_ENDO_6_SAENDO1,8558,0
RAM2019_ENDO_6_SAENDO1,8559,1
RAM2019_ENDO_6_SAENDO1,8560,0
RAM2019_ENDO_6_SAENDO1,8561,0
RAM2019_ENDO_6_SAENDO1,8562,2
RAM2019_ENDO_6_SAENDO1,8563,0
RAM2019_ENDO_6_SAENDO1,8564,1
RAM2019_ENDO_6_SAENDO1,8565,2
RAM2019_ENDO_6_SAENDO1,8566,0
RAM2019_ENDO_6_SAENDO1,8567,0
RAM2019_ENDO_6_SAENDO1,8568,0
RAM2019_ENDO_6_SAENDO1,8569,0
RAM2019_ENDO_6_SAENDO1,8570,0
RAM2019_ENDO_6_SAENDO1,8571,1
RAM2019_ENDO_6_SAENDO1,8572,0
RAM2019_ENDO_6_SAENDO1,8573,1
RAM2019_ENDO_6_SAENDO1,8574,2
RAM2019_ENDO_6_SAENDO1,8575,0
RAM2019_ENDO_6_SAENDO1,8576,1
RAM2019_ENDO_6_SAENDO1,8577,3
RAM2019_ENDO_6_SAENDO1,8578,0
RAM2019_ENDO_6_SAENDO1,8579,0
RAM2019_ENDO_6_SAENDO1,8580,3
RAM2019_ENDO_6_SAENDO1,8581,2
RAM2019_ENDO_6_SAENDO1,8582,1
RAM2019_ENDO_6_SAENDO1,8583,0
RAM2019_ENDO_6_SAENDO1,8584,0
RAM2019_ENDO_6_SAENDO1,8585,1
RAM2019_ENDO_6_SAENDO1,8586,4
RAM2019_ENDO_6_SAENDO1,8587,1
RAM2019_ENDO_6_SAENDO1,8588,1
RAM2019_ENDO_6_SAENDO1,8589,1
RAM2019_ENDO_6_SAENDO1,8590,1
RAM2019_ENDO_6_SAENDO1,8591,2
RAM2019_ENDO_6_SAENDO1,8592,3
RAM2019_ENDO_6_SAENDO1,8593,1
RAM2019_ENDO_6_SAENDO1,8594,0
RAM2019_ENDO_6_SAENDO1,8595,1
RAM2019_ENDO_6_SAENDO1,8596,0
RAM2019_ENDO_6_SAENDO1,8597,0
RAM2019_ENDO_6_SAENDO1,8598,1
RAM2019_ENDO_6_SAENDO1,8599,1
RAM2019_ENDO_6_SAENDO1,8600,1
RAM2019_ENDO_6_SAENDO1,8601,1
RAM2019_ENDO_6_SAENDO1,8602,0
RAM2019_ENDO_6_SAENDO1,8603,1
RAM2019_ENDO_6_SAENDO1,8604,2
RAM2019_ENDO_6_SAENDO1,8605,1
RAM2019_ENDO_6_SAENDO1,8606,1
RAM2019_ENDO_6_SAENDO1,8607,1
RAM2019_ENDO_6_SAENDO1,8608,1
RAM2019_ENDO_6_SAENDO1,8609,1
RAM2019_ENDO_6_SAENDO1,8610,3
RAM2019_ENDO_6_SAENDO1,8611,3
RAM2019_ENDO_6_SAENDO1,8612,1
RAM2019_ENDO_6_SAENDO1,8613,0
RAM2019_ENDO_6_SAENDO1,8614,0
RAM2019_ENDO_6_SAENDO1,8615,0
RAM2019_ENDO_6_SAENDO1,8616,3
RAM2019_ENDO_6_SAENDO1,8617,3
RAM2019_ENDO_6_SAENDO1,8618,1
RAM2019_ENDO_6_SAENDO1,8619,3
RAM2019_ENDO_6_SAENDO1,8620,1
RAM2019_ENDO_6_SAENDO1,8621,1
RAM2019_ENDO_6_SAENDO1,8622,2
RAM2019_ENDO_6_SAENDO1,8623,2
RAM2019_ENDO_6_SAENDO1,8624,1
RAM2019_ENDO_6_SAENDO1,8625,2
RAM2019_ENDO_6_SAENDO1,8626,2
RAM2019_ENDO_6_SAENDO1,8627,2
RAM2019_ENDO_6_SAENDO1,8628,0
RAM2019_ENDO_6_SAENDO1,8629,2
RAM2019_ENDO_6_SAENDO1,8630,1
RAM2019_ENDO_6_SAENDO1,8631,0
RAM2019_ENDO_6_SAENDO1,8632,2
RAM2019_ENDO_6_SAENDO1,8633,2
RAM2019_ENDO_6_SAENDO1,8634,2
RAM2019_ENDO_6_SAENDO1,8635,1
RAM2019_ENDO_6_SAENDO1,8636,0
RAM2019_ENDO_6_SAENDO1,8637,2
RAM2019_ENDO_6_SAENDO1,8638,1
RAM2019_ENDO_6_SAENDO1,8639,2
RAM2019_ENDO_6_SAENDO1,8640,1
RAM2019_ENDO_6_SAENDO1,8641,0
RAM2019_ENDO_6_SAENDO1,8642,1
RAM2019_ENDO_6_SAENDO1,8643,5
RAM2019_ENDO_6_SAENDO1,8644,1
RAM2019_ENDO_6_SAENDO1,8645,1
RAM2019_ENDO_6_SAENDO1,8646,1
RAM2019_ENDO_6_SAENDO1,8647,1
RAM2019_ENDO_6_SAENDO1,8648,0
RAM2019_ENDO_6_SAENDO1,8649,2
RAM2019_ENDO_6_SAENDO1,8650,0
RAM2019_ENDO_6_SAENDO1,8651,2
RAM2019_ENDO_6_SAENDO1,8652,1
RAM2019_ENDO_6_SAENDO1,8653,1
RAM2019_ENDO_6_SAENDO1,8654,5
RAM2019_ENDO_6_SAENDO1,8655,1
RAM2019_ENDO_6_SAENDO1,8656,1
RAM2019_ENDO_6_SAENDO1,8657,2
RAM2019_ENDO_6_SAENDO1,8658,3
RAM2019_ENDO_6_SAENDO1,8659,1
RAM2019_ENDO_6_SAENDO1,8660,2
RAM2019_ENDO_6_SAENDO1,8661,1
RAM2019_ENDO_6_SAENDO1,8662,2
RAM2019_ENDO_6_SAENDO1,8663,0
RAM2019_ENDO_6_SAENDO1,8664,1
RAM2019_ENDO_6_SAENDO1,8665,0
RAM2019_ENDO_6_SAENDO1,8666,0
RAM2019_ENDO_6_SAENDO1,8667,2
RAM2019_ENDO_6_SAENDO1,8668,2
RAM2019_ENDO_6_SAENDO1,8669,1
RAM2019_ENDO_6_SAENDO1,8670,2
RAM2019_ENDO_6_SAENDO1,8671,1
RAM2019_ENDO_6_SAENDO1,8672,1
RAM2019_ENDO_6_SAENDO1,8673,1
RAM2019_ENDO_6_SAENDO1,8674,2
RAM2019_ENDO_6_SAENDO1,8675,0
RAM2019_ENDO_6_SAENDO1,8676,2
RAM2019_ENDO_6_SAENDO1,8677,4
RAM2019_ENDO_6_SAENDO1,8678,0
RAM2019_ENDO_6_SAENDO1,8679,0
RAM2019_ENDO_6_SAENDO1,8680,2
RAM2019_ENDO_6_SAENDO1,8681,2
RAM2019_ENDO_6_SAENDO1,8682,0
RAM2019_ENDO_6_SAENDO1,8683,0
RAM2019_ENDO_6_SAENDO1,8684,2
RAM2019_ENDO_6_SAENDO1,8685,2
RAM2019_ENDO_6_SAENDO1,8686,1
RAM2019_ENDO_6_SAENDO1,8687,1
RAM2019_ENDO_6_SAENDO1,8688,1
RAM2019_ENDO_6_SAENDO1,8689,2
RAM2019_ENDO_6_SAENDO1,8690,1
RAM2019_ENDO_6_SAENDO1,8691,2
RAM2019_ENDO_6_SAENDO1,8692,2
RAM2019_ENDO_6_SAENDO1,8693,3
RAM2019_ENDO_6_SAENDO1,8694,1
RAM2019_ENDO_6_SAENDO1,8695,0
RAM2019_ENDO_6_SAENDO1,8696,1
RAM2019_ENDO_6_SAENDO1,8697,2
RAM2019_ENDO_6_SAENDO1,8698,1
RAM2019_ENDO_6_SAENDO1,8699,2
RAM2019_ENDO_6_SAENDO1,8700,1
RAM2019_ENDO_6_SAENDO1,8701,2
RAM2019_ENDO_6_SAENDO1,8702,1
RAM2019_ENDO_6_SAENDO1,8703,1
RAM2019_ENDO_6_SAENDO1,8704,2
RAM2019_ENDO_6_SAENDO1,8705,1
RAM2019_ENDO_6_SAENDO1,8706,1
RAM2019_ENDO_6_SAENDO1,8707,0
RAM2019_ENDO_6_SAENDO1,8708,1
RAM2019_ENDO_6_SAENDO1,8709,0
RAM2019_ENDO_6_SAENDO1,8710,1
RAM2019_ENDO_6_SAENDO1,8711,3
RAM2019_ENDO_6_SAENDO1,8712,2
RAM2019_ENDO_6_SAENDO1,8713,1
RAM2019_ENDO_6_SAENDO1,8714,2
RAM2019_ENDO_6_SAENDO1,8715,1
RAM2019_ENDO_6_SAENDO1,8716,4
RAM2019_ENDO_6_SAENDO1,8717,2
RAM2019_ENDO_6_SAENDO1,8718,2
RAM2019_ENDO_6_SAENDO1,8719,0
RAM2019_ENDO_6_SAENDO1,8720,3
RAM2019_ENDO_6_SAENDO1,8721,0
RAM2019_ENDO_6_SAENDO1,8722,3
RAM2019_ENDO_6_SAENDO1,8723,1
RAM2019_ENDO_6_SAENDO1,8724,1
RAM2019_ENDO_6_SAENDO1,8725,1
RAM2019_ENDO_6_SAENDO1,8726,0
RAM2019_ENDO_6_SAENDO1,8727,0
RAM2019_ENDO_6_SAENDO1,8728,2
RAM2019_ENDO_6_SAENDO1,8729,1
RAM2019_ENDO_6_SAENDO1,8730,3
RAM2019_ENDO_6_SAENDO1,8731,2
RAM2019_ENDO_6_SAENDO1,8732,2
RAM2019_ENDO_6_SAENDO1,8733,1
RAM2019_ENDO_6_SAENDO1,8734,1
RAM2019_ENDO_6_SAENDO1,8735,1
RAM2019_ENDO_6_SAENDO1,8736,1
RAM2019_ENDO_6_SAENDO1,8737,3
RAM2019_ENDO_6_SAENDO1,8738,1
RAM2019_ENDO_6_SAENDO1,8739,1
RAM2019_ENDO_6_SAENDO1,8740,0
RAM2019_ENDO_6_SAENDO1,8741,0
RAM2019_ENDO_6_SAENDO1,8742,2
RAM2019_ENDO_6_SAENDO1,8743,1
RAM2019_ENDO_6_SAENDO1,8744,0
RAM2019_ENDO_6_SAENDO1,8745,1
RAM2019_ENDO_6_SAENDO1,8746,1
RAM2019_ENDO_6_SAENDO1,8747,1
RAM2019_ENDO_6_SAENDO1,8748,0
RAM2019_ENDO_6_SAENDO1,8749,2
RAM2019_ENDO_6_SAENDO1,8750,1
RAM2019_ENDO_6_SAENDO1,8751,0
RAM2019_ENDO_6_SAENDO1,8752,1
RAM2019_ENDO_6_SAENDO1,8753,1
RAM2019_ENDO_6_SAENDO1,8754,1
RAM2019_ENDO_6_SAENDO1,8755,2
RAM2019_ENDO_6_SAENDO1,8756,0
RAM2019_ENDO_6_SAENDO1,8757,0
RAM2019_ENDO_6_SAENDO1,8758,1
RAM2019_ENDO_6_SAENDO1,8759,1
RAM2019_ENDO_6_SAENDO1,8760,2
RAM2019_ENDO_6_SAENDO1,8761,1
RAM2019_ENDO_6_SAENDO1,8762,1
RAM2019_ENDO_6_SAENDO1,8763,2
RAM2019_ENDO_6_SAENDO1,8764,2
RAM2019_ENDO_6_SAENDO1,8765,2
RAM2019_ENDO_6_SAENDO1,8766,2
RAM2019_ENDO_6_SAENDO1,8767,1
RAM2019_ENDO_6_SAENDO1,8768,1
RAM2019_ENDO_6_SAENDO1,8769,2
RAM2019_ENDO_6_SAENDO1,8770,1
RAM2019_ENDO_6_SAENDO1,8771,0
RAM2019_ENDO_6_SAENDO1,8772,2
RAM2019_ENDO_6_SAENDO1,8773,1
RAM2019_ENDO_6_SAENDO1,8774,2
RAM2019_ENDO_6_SAENDO1,8775,2
RAM2019_ENDO_6_SAENDO1,8776,2
RAM2019_ENDO_6_SAENDO1,8777,1
RAM2019_ENDO_6_SAENDO1,8778,0
RAM2019_ENDO_6_SAENDO1,8779,2
RAM2019_ENDO_6_SAENDO1,8780,3
RAM2019_ENDO_6_SAENDO1,8781,0
RAM2019_ENDO_6_SAENDO1,8782,3
RAM2019_ENDO_6_SAENDO1,8783,3
RAM2019_ENDO_6_SAENDO1,8784,3
RAM2019_ENDO_6_SAENDO1,8785,0
RAM2019_ENDO_6_SAENDO1,8786,2
RAM2019_ENDO_6_SAENDO1,8787,1
RAM2019_ENDO_6_SAENDO1,8788,5
RAM2019_ENDO_6_SAENDO1,8789,0
RAM2019_ENDO_6_SAENDO1,8790,1
RAM2019_ENDO_6_SAENDO1,8791,0
RAM2019_ENDO_6_SAENDO1,8792,2
RAM2019_ENDO_6_SAENDO1,8793,0
RAM2019_ENDO_6_SAENDO1,8794,2
RAM2019_ENDO_6_SAENDO1,8795,1
RAM2019_ENDO_6_SAENDO1,8796,1
RAM2019_ENDO_6_SAENDO1,8797,0
RAM2019_ENDO_6_SAENDO1,8798,1
RAM2019_ENDO_6_SAENDO1,8799,0
RAM2019_ENDO_6_SAENDO1,8800,0
RAM2019_ENDO_6_SAENDO1,8801,1
RAM2019_ENDO_6_SAENDO1,8802,1
RAM2019_ENDO_6_SAENDO1,8803,0
RAM2019_ENDO_6_SAENDO1,8804,1
RAM2019_ENDO_6_SAENDO1,8805,0
RAM2019_ENDO_6_SAENDO1,8806,0
RAM2019_ENDO_6_SAENDO1,8807,1
RAM2019_ENDO_6_SAENDO1,8808,2
RAM2019_ENDO_6_SAENDO1,8809,3
RAM2019_ENDO_6_SAENDO1,8810,0
RAM2019_ENDO_6_SAENDO1,8811,2
RAM2019_ENDO_6_SAENDO1,8812,2
RAM2019_ENDO_6_SAENDO1,8813,1
RAM2019_ENDO_6_SAENDO1,8814,0
RAM2019_ENDO_6_SAENDO1,8815,2
RAM2019_ENDO_6_SAENDO1,8816,2
RAM2019_ENDO_6_SAENDO1,8817,0
RAM2019_ENDO_6_SAENDO1,8818,0
RAM2019_ENDO_6_SAENDO1,8819,1
RAM2019_ENDO_6_SAENDO1,8820,2
RAM2019_ENDO_6_SAENDO1,8821,4
RAM2019_ENDO_6_SAENDO1,8822,2
RAM2019_ENDO_6_SAENDO1,8823,1
RAM2019_ENDO_6_SAENDO1,8824,1
RAM2019_ENDO_6_SAENDO1,8825,1
RAM2019_ENDO_6_SAENDO1,8826,1
RAM2019_ENDO_6_SAENDO1,8827,0
RAM2019_ENDO_6_SAENDO1,8828,7
RAM2019_ENDO_6_SAENDO1,8829,1
RAM2019_ENDO_6_SAENDO1,8830,2
RAM2019_ENDO_6_SAENDO1,8831,1
RAM2019_ENDO_6_SAENDO1,8832,1
RAM2019_ENDO_6_SAENDO1,8833,1
RAM2019_ENDO_6_SAENDO1,8834,3
RAM2019_ENDO_6_SAENDO1,8835,0
RAM2019_ENDO_6_SAENDO1,8836,2
RAM2019_ENDO_6_SAENDO1,8837,3
RAM2019_ENDO_6_SAENDO1,8838,1
RAM2019_ENDO_6_SAENDO1,8839,2
RAM2019_ENDO_6_SAENDO1,8840,1
RAM2019_ENDO_6_SAENDO1,8841,0
RAM2019_ENDO_6_SAENDO1,8842,1
RAM2019_ENDO_6_SAENDO1,8843,2
RAM2019_ENDO_6_SAENDO1,8844,1
RAM2019_ENDO_6_SAENDO1,8845,0
RAM2019_ENDO_6_SAENDO1,8846,0
RAM2019_ENDO_6_SAENDO1,8847,1
RAM2019_ENDO_6_SAENDO1,8848,0
RAM2019_ENDO_6_SAENDO1,8849,1
RAM2019_ENDO_6_SAENDO1,8850,0
RAM2019_ENDO_6_SAENDO1,8851,0
RAM2019_ENDO_6_SAENDO1,8852,4
RAM2019_ENDO_6_SAENDO1,8853,0
RAM2019_ENDO_6_SAENDO1,8854,3
RAM2019_ENDO_6_SAENDO1,8855,1
RAM2019_ENDO_6_SAENDO1,8856,0
RAM2019_ENDO_6_SAENDO1,8857,0
RAM2019_ENDO_6_SAENDO1,8858,1
RAM2019_ENDO_6_SAENDO1,8859,2
RAM2019_ENDO_6_SAENDO1,8860,1
RAM2019_ENDO_6_SAENDO1,8861,3
RAM2019_ENDO_6_SAENDO1,8862,1
RAM2019_ENDO_6_SAENDO1,8863,0
RAM2019_ENDO_6_SAENDO1,8864,2
RAM2019_ENDO_6_SAENDO1,8865,0
RAM2019_ENDO_6_SAENDO1,8866,2
RAM2019_ENDO_6_SAENDO1,8867,2
RAM2019_ENDO_6_SAENDO1,8868,0
RAM2019_ENDO_6_SAENDO1,8869,2
RAM2019_ENDO_6_SAENDO1,8870,2
RAM2019_ENDO_6_SAENDO1,8871,0
RAM2019_ENDO_6_SAENDO1,8872,2
RAM2019_ENDO_6_SAENDO1,8873,1
RAM2019_ENDO_6_SAENDO1,8874,0
RAM2019_ENDO_6_SAENDO1,8875,1
RAM2019_ENDO_6_SAENDO1,8876,0
RAM2019_ENDO_6_SAENDO1,8877,1
RAM2019_ENDO_6_SAENDO1,8878,1
RAM2019_ENDO_6_SAENDO1,8879,2
RAM2019_ENDO_6_SAENDO1,8880,0
RAM2019_ENDO_6_SAENDO1,8881,0
RAM2019_ENDO_6_SAENDO1,8882,1
RAM2019_ENDO_6_SAENDO1,8883,0
RAM2019_ENDO_6_SAENDO1,8884,3
RAM2019_ENDO_6_SAENDO1,8885,0
RAM2019_ENDO_6_SAENDO1,8886,0
RAM2019_ENDO_6_SAENDO1,8887,3
RAM2019_ENDO_6_SAENDO1,8888,2
RAM2019_ENDO_6_SAENDO1,8889,1
RAM2019_ENDO_6_SAENDO1,8890,2
RAM2019_ENDO_6_SAENDO1,8891,1
RAM2019_ENDO_6_SAENDO1,8892,0
RAM2019_ENDO_6_SAENDO1,8893,2
RAM2019_ENDO_6_SAENDO1,8894,0
RAM2019_ENDO_6_SAENDO1,8895,0
RAM2019_ENDO_6_SAENDO1,8896,0
RAM2019_ENDO_6_SAENDO1,8897,0
RAM2019_ENDO_6_SAENDO1,8898,1
RAM2019_ENDO_6_SAENDO1,8899,1
RAM2019_ENDO_6_SAENDO1,8900,1
RAM2019_ENDO_6_SAENDO1,8901,1
RAM2019_ENDO_6_SAENDO1,8902,2
RAM2019_ENDO_6_SAENDO1,8903,1
RAM2019_ENDO_6_SAENDO1,8904,1
RAM2019_ENDO_6_SAENDO1,8905,2
RAM2019_ENDO_6_SAENDO1,8906,0
RAM2019_ENDO_6_SAENDO1,8907,1
RAM2019_ENDO_6_SAENDO1,8908,2
RAM2019_ENDO_6_SAENDO1,8909,1
RAM2019_ENDO_6_SAENDO1,8910,1
RAM2019_ENDO_6_SAENDO1,8911,1
RAM2019_ENDO_6_SAENDO1,8912,0
RAM2019_ENDO_6_SAENDO1,8913,3
RAM2019_ENDO_6_SAENDO1,8914,1
RAM2019_ENDO_6_SAENDO1,8915,1
RAM2019_ENDO_6_SAENDO1,8916,3
RAM2019_ENDO_6_SAENDO1,8917,2
RAM2019_ENDO_6_SAENDO1,8918,1
RAM2019_ENDO_6_SAENDO1,8919,2
RAM2019_ENDO_6_SAENDO1,8920,1
RAM2019_ENDO_6_SAENDO1,8921,2
RAM2019_ENDO_6_SAENDO1,8922,0
RAM2019_ENDO_6_SAENDO1,8923,0
RAM2019_ENDO_6_SAENDO1,8924,0
RAM2019_ENDO_6_SAENDO1,8925,2
RAM2019_ENDO_6_SAENDO1,8926,1
RAM2019_ENDO_6_SAENDO1,8927,1
RAM2019_ENDO_6_SAENDO1,8928,1
RAM2019_ENDO_6_SAENDO1,8929,0
RAM2019_ENDO_6_SAENDO1,8930,0
RAM2019_ENDO_6_SAENDO1,8931,0
RAM2019_ENDO_6_SAENDO1,8932,0
RAM2019_ENDO_6_SAENDO1,8933,0
RAM2019_ENDO_6_SAENDO1,8934,1
RAM2019_ENDO_6_SAENDO1,8935,2
RAM2019_ENDO_6_SAENDO1,8936,1
RAM2019_ENDO_6_SAENDO1,8937,2
RAM2019_ENDO_6_SAENDO1,8938,1
RAM2019_ENDO_6_SAENDO1,8939,0
RAM2019_ENDO_6_SAENDO1,8940,3
RAM2019_ENDO_6_SAENDO1,8941,2
RAM2019_ENDO_6_SAENDO1,8942,1
RAM2019_ENDO_6_SAENDO1,8943,1
RAM2019_ENDO_6_SAENDO1,8944,0
RAM2019_ENDO_6_SAENDO1,8945,2
RAM2019_ENDO_6_SAENDO1,8946,1
RAM2019_ENDO_6_SAENDO1,8947,0
RAM2019_ENDO_6_SAENDO1,8948,1
RAM2019_ENDO_6_SAENDO1,8949,2
RAM2019_ENDO_6_SAENDO1,8950,0
RAM2019_ENDO_6_SAENDO1,8951,2
RAM2019_ENDO_6_SAENDO1,8952,1
RAM2019_ENDO_6_SAENDO1,8953,0
RAM2019_ENDO_6_SAENDO1,8954,3
RAM2019_ENDO_6_SAENDO1,8955,0
RAM2019_ENDO_6_SAENDO1,8956,1
RAM2019_ENDO_6_SAENDO1,8957,2
RAM2019_ENDO_6_SAENDO1,8958,0
RAM2019_ENDO_6_SAENDO1,8959,2
RAM2019_ENDO_6_SAENDO1,8960,3
RAM2019_ENDO_6_SAENDO1,8961,0
RAM2019_ENDO_6_SAENDO1,8962,0
RAM2019_ENDO_6_SAENDO1,8963,0
RAM2019_ENDO_6_SAENDO1,8964,0
RAM2019_ENDO_6_SAENDO1,8965,0
RAM2019_ENDO_6_SAENDO1,8966,1
RAM2019_ENDO_6_SAENDO1,8967,1
RAM2019_ENDO_6_SAENDO1,8968,1
RAM2019_ENDO_6_SAENDO1,8969,1
RAM2019_ENDO_6_SAENDO1,8970,1
RAM2019_ENDO_6_SAENDO1,8971,2
RAM2019_ENDO_6_SAENDO1,8972,2
RAM2019_ENDO_6_SAENDO1,8973,0
RAM2019_ENDO_6_SAENDO1,8974,1
RAM2019_ENDO_6_SAENDO1,8975,0
RAM2019_ENDO_6_SAENDO1,8976,1
RAM2019_ENDO_6_SAENDO1,8977,2
RAM2019_ENDO_6_SAENDO1,8978,1
RAM2019_ENDO_6_SAENDO1,8979,2
RAM2019_ENDO_6_SAENDO1,8980,1
RAM2019_ENDO_6_SAENDO1,8981,3
RAM2019_ENDO_6_SAENDO1,8982,0
RAM2019_ENDO_6_SAENDO1,8983,1
RAM2019_ENDO_6_SAENDO1,8984,0
RAM2019_ENDO_6_SAENDO1,8985,2
RAM2019_ENDO_6_SAENDO1,8986,0
RAM2019_ENDO_6_SAENDO1,8987,6
RAM2019_ENDO_6_SAENDO1,8988,1
RAM2019_ENDO_6_SAENDO1,8989,0
RAM2019_ENDO_6_SAENDO1,8990,0
RAM2019_ENDO_6_SAENDO1,8991,0
RAM2019_ENDO_6_SAENDO1,8992,1
RAM2019_ENDO_6_SAENDO1,8993,1
RAM2019_ENDO_6_SAENDO1,8994,2
RAM2019_ENDO_6_SAENDO1,8995,1
RAM2019_ENDO_6_SAENDO1,8996,0
RAM2019_ENDO_6_SAENDO1,8997,5
RAM2019_ENDO_6_SAENDO1,8998,3
RAM2019_ENDO_6_SAENDO1,8999,2
RAM2019_ENDO_6_SAENDO1,9000,1
RAM2019_ENDO_6_SAENDO1,9001,2
RAM2019_ENDO_6_SAENDO1,9002,0
RAM2019_ENDO_6_SAENDO1,9003,2
RAM2019_ENDO_6_SAENDO1,9004,1
RAM2019_ENDO_6_SAENDO1,9005,1
RAM2019_ENDO_6_SAENDO1,9006,0
RAM2019_ENDO_6_SAENDO1,9007,3
RAM2019_ENDO_6_SAENDO1,9008,2
RAM2019_ENDO_6_SAENDO1,9009,1
RAM2019_ENDO_6_SAENDO1,9010,1
RAM2019_ENDO_6_SAENDO1,9011,0
RAM2019_ENDO_6_SAENDO1,9012,1
RAM2019_ENDO_6_SAENDO1,9013,2
RAM2019_ENDO_6_SAENDO1,9014,5
RAM2019_ENDO_6_SAENDO1,9015,1
RAM2019_ENDO_6_SAENDO1,9016,0
RAM2019_ENDO_6_SAENDO1,9017,1
RAM2019_ENDO_6_SAENDO1,9018,1
RAM2019_ENDO_6_SAENDO1,9019,2
RAM2019_ENDO_6_SAENDO1,9020,0
RAM2019_ENDO_6_SAENDO1,9021,1
RAM2019_ENDO_6_SAENDO1,9022,4
RAM2019_ENDO_6_SAENDO1,9023,0
RAM2019_ENDO_6_SAENDO1,9024,1
RAM2019_ENDO_6_SAENDO1,9025,3
RAM2019_ENDO_6_SAENDO1,9026,0
RAM2019_ENDO_6_SAENDO1,9027,0
RAM2019_ENDO_6_SAENDO1,9028,1
RAM2019_ENDO_6_SAENDO1,9029,3
RAM2019_ENDO_6_SAENDO1,9030,1
RAM2019_ENDO_6_SAENDO1,9031,1
RAM2019_ENDO_6_SAENDO1,9032,1
RAM2019_ENDO_6_SAENDO1,9033,0
RAM2019_ENDO_6_SAENDO1,9034,2
RAM2019_ENDO_6_SAENDO1,9035,0
RAM2019_ENDO_6_SAENDO1,9036,1
RAM2019_ENDO_6_SAENDO1,9037,2
RAM2019_ENDO_6_SAENDO1,9038,2
RAM2019_ENDO_6_SAENDO1,9039,1
RAM2019_ENDO_6_SAENDO1,9040,1
RAM2019_ENDO_6_SAENDO1,9041,2
RAM2019_ENDO_6_SAENDO1,9042,2
RAM2019_ENDO_6_SAENDO1,9043,2
RAM2019_ENDO_6_SAENDO1,9044,1
RAM2019_ENDO_6_SAENDO1,9045,2
RAM2019_ENDO_6_SAENDO1,9046,1
RAM2019_ENDO_6_SAENDO1,9047,0
RAM2019_ENDO_6_SAENDO1,9048,0
RAM2019_ENDO_6_SAENDO1,9049,0
RAM2019_ENDO_6_SAENDO1,9050,0
RAM2019_ENDO_6_SAENDO1,9051,3
RAM2019_ENDO_6_SAENDO1,9052,0
RAM2019_ENDO_6_SAENDO1,9053,3
RAM2019_ENDO_6_SAENDO1,9054,1
RAM2019_ENDO_6_SAENDO1,9055,0
RAM2019_ENDO_6_SAENDO1,9056,0
RAM2019_ENDO_6_SAENDO1,9057,2
RAM2019_ENDO_6_SAENDO1,9058,1
RAM2019_ENDO_6_SAENDO1,9059,0
RAM2019_ENDO_6_SAENDO1,9060,1
RAM2019_ENDO_6_SAENDO1,9061,1
RAM2019_ENDO_6_SAENDO1,9062,0
RAM2019_ENDO_6_SAENDO1,9063,0
RAM2019_ENDO_6_SAENDO1,9064,0
RAM2019_ENDO_6_SAENDO1,9065,1
RAM2019_ENDO_6_SAENDO1,9066,3
RAM2019_ENDO_6_SAENDO1,9067,1
RAM2019_ENDO_6_SAENDO1,9068,2
RAM2019_ENDO_6_SAENDO1,9069,1
RAM2019_ENDO_6_SAENDO1,9070,1
RAM2019_ENDO_6_SAENDO1,9071,2
RAM2019_ENDO_6_SAENDO1,9072,1
RAM2019_ENDO_6_SAENDO1,9073,0
RAM2019_ENDO_6_SAENDO1,9074,0
RAM2019_ENDO_6_SAENDO1,9075,0
RAM2019_ENDO_6_SAENDO1,9076,0
RAM2019_ENDO_6_SAENDO1,9077,1
RAM2019_ENDO_6_SAENDO1,9078,1
RAM2019_ENDO_6_SAENDO1,9079,3
RAM2019_ENDO_6_SAENDO1,9080,0
RAM2019_ENDO_6_SAENDO1,9081,0
RAM2019_ENDO_6_SAENDO1,9082,0
RAM2019_ENDO_6_SAENDO1,9083,1
RAM2019_ENDO_6_SAENDO1,9084,0
RAM2019_ENDO_6_SAENDO1,9085,2
RAM2019_ENDO_6_SAENDO1,9086,0
RAM2019_ENDO_6_SAENDO1,9087,0
RAM2019_ENDO_6_SAENDO1,9088,1
RAM2019_ENDO_6_SAENDO1,9089,0
RAM2019_ENDO_6_SAENDO1,9090,2
RAM2019_ENDO_6_SAENDO1,9091,2
RAM2019_ENDO_6_SAENDO1,9092,2
RAM2019_ENDO_6_SAENDO1,9093,3
RAM2019_ENDO_6_SAENDO1,9094,2
RAM2019_ENDO_6_SAENDO1,9095,1
RAM2019_ENDO_6_SAENDO1,9096,1
RAM2019_ENDO_6_SAENDO1,9097,0
RAM2019_ENDO_6_SAENDO1,9098,2
RAM2019_ENDO_6_SAENDO1,9099,0
RAM2019_ENDO_6_SAENDO1,9100,0
RAM2019_ENDO_6_SAENDO1,9101,0
RAM2019_ENDO_6_SAENDO1,9102,1
RAM2019_ENDO_6_SAENDO1,9103,2
RAM2019_ENDO_6_SAENDO1,9104,0
RAM2019_ENDO_6_SAENDO1,9105,0
RAM2019_ENDO_6_SAENDO1,9106,1
RAM2019_ENDO_6_SAENDO1,9107,2
RAM2019_ENDO_6_SAENDO1,9108,1
RAM2019_ENDO_6_SAENDO1,9109,0
RAM2019_ENDO_6_SAENDO1,9110,3
RAM2019_ENDO_6_SAENDO1,9111,0
RAM2019_ENDO_6_SAENDO1,9112,0
RAM2019_ENDO_6_SAENDO1,9113,1
RAM2019_ENDO_6_SAENDO1,9114,1
RAM2019_ENDO_6_SAENDO1,9115,1
RAM2019_ENDO_6_SAENDO1,9116,2
RAM2019_ENDO_6_SAENDO1,9117,0
RAM2019_ENDO_6_SAENDO1,9118,2
RAM2019_ENDO_6_SAENDO1,9119,0
RAM2019_ENDO_6_SAENDO1,9120,4
RAM2019_ENDO_6_SAENDO1,9121,0
RAM2019_ENDO_6_SAENDO1,9122,1
RAM2019_ENDO_6_SAENDO1,9123,1
RAM2019_ENDO_6_SAENDO1,9124,0
RAM2019_ENDO_6_SAENDO1,9125,0
RAM2019_ENDO_6_SAENDO1,9126,2
RAM2019_ENDO_6_SAENDO1,9127,1
RAM2019_ENDO_6_SAENDO1,9128,3
RAM2019_ENDO_6_SAENDO1,9129,2
RAM2019_ENDO_6_SAENDO1,9130,2
RAM2019_ENDO_6_SAENDO1,9131,0
RAM2019_ENDO_6_SAENDO1,9132,1
RAM2019_ENDO_6_SAENDO1,9133,0
RAM2019_ENDO_6_SAENDO1,9134,2
RAM2019_ENDO_6_SAENDO1,9135,1
RAM2019_ENDO_6_SAENDO1,9136,2
RAM2019_ENDO_6_SAENDO1,9137,2
RAM2019_ENDO_6_SAENDO1,9138,2
RAM2019_ENDO_6_SAENDO1,9139,4
RAM2019_ENDO_6_SAENDO1,9140,2
RAM2019_ENDO_6_SAENDO1,9141,0
RAM2019_ENDO_6_SAENDO1,9142,0
RAM2019_ENDO_6_SAENDO1,9143,4
RAM2019_ENDO_6_SAENDO1,9144,2
RAM2019_ENDO_6_SAENDO1,9145,2
RAM2019_ENDO_6_SAENDO1,9146,1
RAM2019_ENDO_6_SAENDO1,9147,0
RAM2019_ENDO_6_SAENDO1,9148,0
RAM2019_ENDO_6_SAENDO1,9149,2
RAM2019_ENDO_6_SAENDO1,9150,1
RAM2019_ENDO_6_SAENDO1,9151,0
RAM2019_ENDO_6_SAENDO1,9152,0
RAM2019_ENDO_6_SAENDO1,9153,1
RAM2019_ENDO_6_SAENDO1,9154,0
RAM2019_ENDO_6_SAENDO1,9155,0
RAM2019_ENDO_6_SAENDO1,9156,5
RAM2019_ENDO_6_SAENDO1,9157,3
RAM2019_ENDO_6_SAENDO1,9158,0
RAM2019_ENDO_6_SAENDO1,9159,0
RAM2019_ENDO_6_SAENDO1,9160,1
RAM2019_ENDO_6_SAENDO1,9161,1
RAM2019_ENDO_6_SAENDO1,9162,0
RAM2019_ENDO_6_SAENDO1,9163,0
RAM2019_ENDO_6_SAENDO1,9164,1
RAM2019_ENDO_6_SAENDO1,9165,0
RAM2019_ENDO_6_SAENDO1,9166,4
RAM2019_ENDO_6_SAENDO1,9167,0
RAM2019_ENDO_6_SAENDO1,9168,1
RAM2019_ENDO_6_SAENDO1,9169,0
RAM2019_ENDO_6_SAENDO1,9170,1
RAM2019_ENDO_6_SAENDO1,9171,2
RAM2019_ENDO_6_SAENDO1,9172,1
RAM2019_ENDO_6_SAENDO1,9173,2
RAM2019_ENDO_6_SAENDO1,9174,1
RAM2019_ENDO_6_SAENDO1,9175,1
RAM2019_ENDO_6_SAENDO1,9176,3
RAM2019_ENDO_6_SAENDO1,9177,3
RAM2019_ENDO_6_SAENDO1,9178,2
RAM2019_ENDO_6_SAENDO1,9179,0
RAM2019_ENDO_6_SAENDO1,9180,1
RAM2019_ENDO_6_SAENDO1,9181,1
RAM2019_ENDO_6_SAENDO1,9182,1
RAM2019_ENDO_6_SAENDO1,9183,1
RAM2019_ENDO_6_SAENDO1,9184,1
RAM2019_ENDO_6_SAENDO1,9185,0
RAM2019_ENDO_6_SAENDO1,9186,3
RAM2019_ENDO_6_SAENDO1,9187,0
RAM2019_ENDO_6_SAENDO1,9188,0
RAM2019_ENDO_6_SAENDO1,9189,1
RAM2019_ENDO_6_SAENDO1,9190,2
RAM2019_ENDO_6_SAENDO1,9191,3
RAM2019_ENDO_6_SAENDO1,9192,4
RAM2019_ENDO_6_SAENDO1,9193,2
RAM2019_ENDO_6_SAENDO1,9194,1
RAM2019_ENDO_6_SAENDO1,9195,1
RAM2019_ENDO_6_SAENDO1,9196,1
RAM2019_ENDO_6_SAENDO1,9197,0
RAM2019_ENDO_6_SAENDO1,9198,1
RAM2019_ENDO_6_SAENDO1,9199,1
RAM2019_ENDO_6_SAENDO1,9200,0
RAM2019_ENDO_6_SAENDO1,9201,1
RAM2019_ENDO_6_SAENDO1,9202,1
RAM2019_ENDO_6_SAENDO1,9203,5
RAM2019_ENDO_6_SAENDO1,9204,2
RAM2019_ENDO_6_SAENDO1,9205,2
RAM2019_ENDO_6_SAENDO1,9206,1
RAM2019_ENDO_6_SAENDO1,9207,2
RAM2019_ENDO_6_SAENDO1,9208,1
RAM2019_ENDO_6_SAENDO1,9209,0
RAM2019_ENDO_6_SAENDO1,9210,4
RAM2019_ENDO_6_SAENDO1,9211,0
RAM2019_ENDO_6_SAENDO1,9212,0
RAM2019_ENDO_6_SAENDO1,9213,1
RAM2019_ENDO_6_SAENDO1,9214,3
RAM2019_ENDO_6_SAENDO1,9215,1
RAM2019_ENDO_6_SAENDO1,9216,1
RAM2019_ENDO_6_SAENDO1,9217,2
RAM2019_ENDO_6_SAENDO1,9218,1
RAM2019_ENDO_6_SAENDO1,9219,1
RAM2019_ENDO_6_SAENDO1,9220,1
RAM2019_ENDO_6_SAENDO1,9221,1
RAM2019_ENDO_6_SAENDO1,9222,1
RAM2019_ENDO_6_SAENDO1,9223,0
RAM2019_ENDO_6_SAENDO1,9224,1
RAM2019_ENDO_6_SAENDO1,9225,2
RAM2019_ENDO_6_SAENDO1,9226,1
RAM2019_ENDO_6_SAENDO1,9227,2
RAM2019_ENDO_6_SAENDO1,9228,3
RAM2019_ENDO_6_SAENDO1,9229,2
RAM2019_ENDO_6_SAENDO1,9230,0
RAM2019_ENDO_6_SAENDO1,9231,2
RAM2019_ENDO_6_SAENDO1,9232,0
RAM2019_ENDO_6_SAENDO1,9233,4
RAM2019_ENDO_6_SAENDO1,9234,0
RAM2019_ENDO_6_SAENDO1,9235,0
RAM2019_ENDO_6_SAENDO1,9236,0
RAM2019_ENDO_6_SAENDO1,9237,1
RAM2019_ENDO_6_SAENDO1,9238,1
RAM2019_ENDO_6_SAENDO1,9239,0
RAM2019_ENDO_6_SAENDO1,9240,1
RAM2019_ENDO_6_SAENDO1,9241,1
RAM2019_ENDO_6_SAENDO1,9242,1
RAM2019_ENDO_6_SAENDO1,9243,1
RAM2019_ENDO_6_SAENDO1,9244,3
RAM2019_ENDO_6_SAENDO1,9245,1
RAM2019_ENDO_6_SAENDO1,9246,2
RAM2019_ENDO_6_SAENDO1,9247,0
RAM2019_ENDO_6_SAENDO1,9248,2
RAM2019_ENDO_6_SAENDO1,9249,2
RAM2019_ENDO_6_SAENDO1,9250,0
RAM2019_ENDO_6_SAENDO1,9251,2
RAM2019_ENDO_6_SAENDO1,9252,0
RAM2019_ENDO_6_SAENDO1,9253,1
RAM2019_ENDO_6_SAENDO1,9254,2
RAM2019_ENDO_6_SAENDO1,9255,2
RAM2019_ENDO_6_SAENDO1,9256,4
RAM2019_ENDO_6_SAENDO1,9257,2
RAM2019_ENDO_6_SAENDO1,9258,1
RAM2019_ENDO_6_SAENDO1,9259,1
RAM2019_ENDO_6_SAENDO1,9260,1
RAM2019_ENDO_6_SAENDO1,9261,3
RAM2019_ENDO_6_SAENDO1,9262,2
RAM2019_ENDO_6_SAENDO1,9263,0
RAM2019_ENDO_6_SAENDO1,9264,1
RAM2019_ENDO_6_SAENDO1,9265,3
RAM2019_ENDO_6_SAENDO1,9266,0
RAM2019_ENDO_6_SAENDO1,9267,2
RAM2019_ENDO_6_SAENDO1,9268,2
RAM2019_ENDO_6_SAENDO1,9269,0
RAM2019_ENDO_6_SAENDO1,9270,2
RAM2019_ENDO_6_SAENDO1,9271,1
RAM2019_ENDO_6_SAENDO1,9272,0
RAM2019_ENDO_6_SAENDO1,9273,1
RAM2019_ENDO_6_SAENDO1,9274,0
RAM2019_ENDO_6_SAENDO1,9275,2
RAM2019_ENDO_6_SAENDO1,9276,1
RAM2019_ENDO_6_SAENDO1,9277,3
RAM2019_ENDO_6_SAENDO1,9278,2
RAM2019_ENDO_6_SAENDO1,9279,1
RAM2019_ENDO_6_SAENDO1,9280,1
RAM2019_ENDO_6_SAENDO1,9281,2
RAM2019_ENDO_6_SAENDO1,9282,1
RAM2019_ENDO_6_SAENDO1,9283,2
RAM2019_ENDO_6_SAENDO1,9284,2
RAM2019_ENDO_6_SAENDO1,9285,2
RAM2019_ENDO_6_SAENDO1,9286,1
RAM2019_ENDO_6_SAENDO1,9287,2
RAM2019_ENDO_6_SAENDO1,9288,1
RAM2019_ENDO_6_SAENDO1,9289,1
RAM2019_ENDO_6_SAENDO1,9290,0
RAM2019_ENDO_6_SAENDO1,9291,1
RAM2019_ENDO_6_SAENDO1,9292,0
RAM2019_ENDO_6_SAENDO1,9293,3
RAM2019_ENDO_6_SAENDO1,9294,2
RAM2019_ENDO_6_SAENDO1,9295,2
RAM2019_ENDO_6_SAENDO1,9296,1
RAM2019_ENDO_6_SAENDO1,9297,2
RAM2019_ENDO_6_SAENDO1,9298,1
RAM2019_ENDO_6_SAENDO1,9299,3
RAM2019_ENDO_6_SAENDO1,9300,0
RAM2019_ENDO_6_SAENDO1,9301,0
RAM2019_ENDO_6_SAENDO1,9302,0
RAM2019_ENDO_6_SAENDO1,9303,0
RAM2019_ENDO_6_SAENDO1,9304,0
RAM2019_ENDO_6_SAENDO1,9305,2
RAM2019_ENDO_6_SAENDO1,9306,0
RAM2019_ENDO_6_SAENDO1,9307,2
RAM2019_ENDO_6_SAENDO1,9308,1
RAM2019_ENDO_6_SAENDO1,9309,1
RAM2019_ENDO_6_SAENDO1,9310,0
RAM2019_ENDO_6_SAENDO1,9311,0
RAM2019_ENDO_6_SAENDO1,9312,2
RAM2019_ENDO_6_SAENDO1,9313,1
RAM2019_ENDO_6_SAENDO1,9314,4
RAM2019_ENDO_6_SAENDO1,9315,3
RAM2019_ENDO_6_SAENDO1,9316,1
RAM2019_ENDO_6_SAENDO1,9317,1
RAM2019_ENDO_6_SAENDO1,9318,1
RAM2019_ENDO_6_SAENDO1,9319,1
RAM2019_ENDO_6_SAENDO1,9320,6
RAM2019_ENDO_6_SAENDO1,9321,1
RAM2019_ENDO_6_SAENDO1,9322,0
RAM2019_ENDO_6_SAENDO1,9323,0
RAM2019_ENDO_6_SAENDO1,9324,3
RAM2019_ENDO_6_SAENDO1,9325,1
RAM2019_ENDO_6_SAENDO1,9326,1
RAM2019_ENDO_6_SAENDO1,9327,1
RAM2019_ENDO_6_SAENDO1,9328,4
RAM2019_ENDO_6_SAENDO1,9329,1
RAM2019_ENDO_6_SAENDO1,9330,1
RAM2019_ENDO_6_SAENDO1,9331,1
RAM2019_ENDO_6_SAENDO1,9332,0
RAM2019_ENDO_6_SAENDO1,9333,2
RAM2019_ENDO_6_SAENDO1,9334,0
RAM2019_ENDO_6_SAENDO1,9335,0
RAM2019_ENDO_6_SAENDO1,9336,2
RAM2019_ENDO_6_SAENDO1,9337,1
RAM2019_ENDO_6_SAENDO1,9338,1
RAM2019_ENDO_6_SAENDO1,9339,3
RAM2019_ENDO_6_SAENDO1,9340,2
RAM2019_ENDO_6_SAENDO1,9341,1
RAM2019_ENDO_6_SAENDO1,9342,2
RAM2019_ENDO_6_SAENDO1,9343,0
RAM2019_ENDO_6_SAENDO1,9344,0
RAM2019_ENDO_6_SAENDO1,9345,2
RAM2019_ENDO_6_SAENDO1,9346,1
RAM2019_ENDO_6_SAENDO1,9347,0
RAM2019_ENDO_6_SAENDO1,9348,1
RAM2019_ENDO_6_SAENDO1,9349,2
RAM2019_ENDO_6_SAENDO1,9350,3
RAM2019_ENDO_6_SAENDO1,9351,1
RAM2019_ENDO_6_SAENDO1,9352,1
RAM2019_ENDO_6_SAENDO1,9353,0
RAM2019_ENDO_6_SAENDO1,9354,0
RAM2019_ENDO_6_SAENDO1,9355,2
RAM2019_ENDO_6_SAENDO1,9356,0
RAM2019_ENDO_6_SAENDO1,9357,1
RAM2019_ENDO_6_SAENDO1,9358,0
RAM2019_ENDO_6_SAENDO1,9359,2
RAM2019_ENDO_6_SAENDO1,9360,0
RAM2019_ENDO_6_SAENDO1,9361,1
RAM2019_ENDO_6_SAENDO1,9362,1
RAM2019_ENDO_6_SAENDO1,9363,3
RAM2019_ENDO_6_SAENDO1,9364,1
RAM2019_ENDO_6_SAENDO1,9365,1
RAM2019_ENDO_6_SAENDO1,9366,1
RAM2019_ENDO_6_SAENDO1,9367,1
RAM2019_ENDO_6_SAENDO1,9368,1
RAM2019_ENDO_6_SAENDO1,9369,3
RAM2019_ENDO_6_SAENDO1,9370,0
RAM2019_ENDO_6_SAENDO1,9371,1
RAM2019_ENDO_6_SAENDO1,9372,0
RAM2019_ENDO_6_SAENDO1,9373,1
RAM2019_ENDO_6_SAENDO1,9374,1
RAM2019_ENDO_6_SAENDO1,9375,2
RAM2019_ENDO_6_SAENDO1,9376,0
RAM2019_ENDO_6_SAENDO1,9377,0
RAM2019_ENDO_6_SAENDO1,9378,0
RAM2019_ENDO_6_SAENDO1,9379,0
RAM2019_ENDO_6_SAENDO1,9380,6
RAM2019_ENDO_6_SAENDO1,9381,2
RAM2019_ENDO_6_SAENDO1,9382,1
RAM2019_ENDO_6_SAENDO1,9383,1
RAM2019_ENDO_6_SAENDO1,9384,0
RAM2019_ENDO_6_SAENDO1,9385,3
RAM2019_ENDO_6_SAENDO1,9386,2
RAM2019_ENDO_6_SAENDO1,9387,1
RAM2019_ENDO_6_SAENDO1,9388,0
RAM2019_ENDO_6_SAENDO1,9389,0
RAM2019_ENDO_6_SAENDO1,9390,1
RAM2019_ENDO_6_SAENDO1,9391,0
RAM2019_ENDO_6_SAENDO1,9392,1
RAM2019_ENDO_6_SAENDO1,9393,0
RAM2019_ENDO_6_SAENDO1,9394,2
RAM2019_ENDO_6_SAENDO1,9395,3
RAM2019_ENDO_6_SAENDO1,9396,1
RAM2019_ENDO_6_SAENDO1,9397,2
RAM2019_ENDO_6_SAENDO1,9398,0
RAM2019_ENDO_6_SAENDO1,9399,2
RAM2019_ENDO_6_SAENDO1,9400,2
RAM2019_ENDO_6_SAENDO1,9401,3
RAM2019_ENDO_6_SAENDO1,9402,0
RAM2019_ENDO_6_SAENDO1,9403,2
RAM2019_ENDO_6_SAENDO1,9404,2
RAM2019_ENDO_6_SAENDO1,9405,0
RAM2019_ENDO_6_SAENDO1,9406,1
RAM2019_ENDO_6_SAENDO1,9407,1
RAM2019_ENDO_6_SAENDO1,9408,0
RAM2019_ENDO_6_SAENDO1,9409,3
RAM2019_ENDO_6_SAENDO1,9410,1
RAM2019_ENDO_6_SAENDO1,9411,2
RAM2019_ENDO_6_SAENDO1,9412,1
RAM2019_ENDO_6_SAENDO1,9413,5
RAM2019_ENDO_6_SAENDO1,9414,1
RAM2019_ENDO_6_SAENDO1,9415,0
RAM2019_ENDO_6_SAENDO1,9416,0
RAM2019_ENDO_6_SAENDO1,9417,2
RAM2019_ENDO_6_SAENDO1,9418,1
RAM2019_ENDO_6_SAENDO1,9419,3
RAM2019_ENDO_6_SAENDO1,9420,0
RAM2019_ENDO_6_SAENDO1,9421,0
RAM2019_ENDO_6_SAENDO1,9422,1
RAM2019_ENDO_6_SAENDO1,9423,0
RAM2019_ENDO_6_SAENDO1,9424,0
RAM2019_ENDO_6_SAENDO1,9425,1
RAM2019_ENDO_6_SAENDO1,9426,1
RAM2019_ENDO_6_SAENDO1,9427,0
RAM2019_ENDO_6_SAENDO1,9428,2
RAM2019_ENDO_6_SAENDO1,9429,0
RAM2019_ENDO_6_SAENDO1,9430,4
RAM2019_ENDO_6_SAENDO1,9431,4
RAM2019_ENDO_6_SAENDO1,9432,0
RAM2019_ENDO_6_SAENDO1,9433,2
RAM2019_ENDO_6_SAENDO1,9434,1
RAM2019_ENDO_6_SAENDO1,9435,0
RAM2019_ENDO_6_SAENDO1,9436,0
RAM2019_ENDO_6_SAENDO1,9437,0
RAM2019_ENDO_6_SAENDO1,9438,2
RAM2019_ENDO_6_SAENDO1,9439,2
RAM2019_ENDO_6_SAENDO1,9440,0
RAM2019_ENDO_6_SAENDO1,9441,0
RAM2019_ENDO_6_SAENDO1,9442,0
RAM2019_ENDO_6_SAENDO1,9443,0
RAM2019_ENDO_6_SAENDO1,9444,1
RAM2019_ENDO_6_SAENDO1,9445,0
RAM2019_ENDO_6_SAENDO1,9446,3
RAM2019_ENDO_6_SAENDO1,9447,0
RAM2019_ENDO_6_SAENDO1,9448,1
RAM2019_ENDO_6_SAENDO1,9449,2
RAM2019_ENDO_6_SAENDO1,9450,0
RAM2019_ENDO_6_SAENDO1,9451,3
RAM2019_ENDO_6_SAENDO1,9452,1
RAM2019_ENDO_6_SAENDO1,9453,1
RAM2019_ENDO_6_SAENDO1,9454,1
RAM2019_ENDO_6_SAENDO1,9455,0
RAM2019_ENDO_6_SAENDO1,9456,0
RAM2019_ENDO_6_SAENDO1,9457,1
RAM2019_ENDO_6_SAENDO1,9458,1
RAM2019_ENDO_6_SAENDO1,9459,0
RAM2019_ENDO_6_SAENDO1,9460,2
RAM2019_ENDO_6_SAENDO1,9461,1
RAM2019_ENDO_6_SAENDO1,9462,0
RAM2019_ENDO_6_SAENDO1,9463,0
RAM2019_ENDO_6_SAENDO1,9464,1
RAM2019_ENDO_6_SAENDO1,9465,0
RAM2019_ENDO_6_SAENDO1,9466,1
RAM2019_ENDO_6_SAENDO1,9467,2
RAM2019_ENDO_6_SAENDO1,9468,2
RAM2019_ENDO_6_SAENDO1,9469,1
RAM2019_ENDO_6_SAENDO1,9470,1
RAM2019_ENDO_6_SAENDO1,9471,0
RAM2019_ENDO_6_SAENDO1,9472,2
RAM2019_ENDO_6_SAENDO1,9473,0
RAM2019_ENDO_6_SAENDO1,9474,2
RAM2019_ENDO_6_SAENDO1,9475,2
RAM2019_ENDO_6_SAENDO1,9476,1
RAM2019_ENDO_6_SAENDO1,9477,1
RAM2019_ENDO_6_SAENDO1,9478,0
RAM2019_ENDO_6_SAENDO1,9479,1
RAM2019_ENDO_6_SAENDO1,9480,2
RAM2019_ENDO_6_SAENDO1,9481,0
RAM2019_ENDO_6_SAENDO1,9482,1
RAM2019_ENDO_6_SAENDO1,9483,2
RAM2019_ENDO_6_SAENDO1,9484,2
RAM2019_ENDO_6_SAENDO1,9485,2
RAM2019_ENDO_6_SAENDO1,9486,1
RAM2019_ENDO_6_SAENDO1,9487,1
RAM2019_ENDO_6_SAENDO1,9488,1
RAM2019_ENDO_6_SAENDO1,9489,2
RAM2019_ENDO_6_SAENDO1,9490,0
RAM2019_ENDO_6_SAENDO1,9491,0
RAM2019_ENDO_6_SAENDO1,9492,0
RAM2019_ENDO_6_SAENDO1,9493,1
RAM2019_ENDO_6_SAENDO1,9494,0
RAM2019_ENDO_6_SAENDO1,9495,1
RAM2019_ENDO_6_SAENDO1,9496,1
RAM2019_ENDO_6_SAENDO1,9497,3
RAM2019_ENDO_6_SAENDO1,9498,0
RAM2019_ENDO_6_SAENDO1,9499,2
RAM2019_ENDO_6_SAENDO1,9500,1
RAM2019_ENDO_6_SAENDO1,9501,0
RAM2019_ENDO_6_SAENDO1,9502,0
RAM2019_ENDO_6_SAENDO1,9503,1
RAM2019_ENDO_6_SAENDO1,9504,0
RAM2019_ENDO_6_SAENDO1,9505,1
RAM2019_ENDO_6_SAENDO1,9506,1
RAM2019_ENDO_6_SAENDO1,9507,1
RAM2019_ENDO_6_SAENDO1,9508,2
RAM2019_ENDO_6_SAENDO1,9509,4
RAM2019_ENDO_6_SAENDO1,9510,1
RAM2019_ENDO_6_SAENDO1,9511,3
RAM2019_ENDO_6_SAENDO1,9512,2
RAM2019_ENDO_6_SAENDO1,9513,0
RAM2019_ENDO_6_SAENDO1,9514,0
RAM2019_ENDO_6_SAENDO1,9515,1
RAM2019_ENDO_6_SAENDO1,9516,2
RAM2019_ENDO_6_SAENDO1,9517,0
RAM2019_ENDO_6_SAENDO1,9518,1
RAM2019_ENDO_6_SAENDO1,9519,0
RAM2019_ENDO_6_SAENDO1,9520,3
RAM2019_ENDO_6_SAENDO1,9521,2
RAM2019_ENDO_6_SAENDO1,9522,1
RAM2019_ENDO_6_SAENDO1,9523,0
RAM2019_ENDO_6_SAENDO1,9524,0
RAM2019_ENDO_6_SAENDO1,9525,0
RAM2019_ENDO_6_SAENDO1,9526,0
RAM2019_ENDO_6_SAENDO1,9527,0
RAM2019_ENDO_6_SAENDO1,9528,2
RAM2019_ENDO_6_SAENDO1,9529,1
RAM2019_ENDO_6_SAENDO1,9530,1
RAM2019_ENDO_6_SAENDO1,9531,3
RAM2019_ENDO_6_SAENDO1,9532,2
RAM2019_ENDO_6_SAENDO1,9533,4
RAM2019_ENDO_6_SAENDO1,9534,0
RAM2019_ENDO_6_SAENDO1,9535,3
RAM2019_ENDO_6_SAENDO1,9536,3
RAM2019_ENDO_6_SAENDO1,9537,2
RAM2019_ENDO_6_SAENDO1,9538,1
RAM2019_ENDO_6_SAENDO1,9539,0
RAM2019_ENDO_6_SAENDO1,9540,2
RAM2019_ENDO_6_SAENDO1,9541,2
RAM2019_ENDO_6_SAENDO1,9542,1
RAM2019_ENDO_6_SAENDO1,9543,1
RAM2019_ENDO_6_SAENDO1,9544,3
RAM2019_ENDO_6_SAENDO1,9545,2
RAM2019_ENDO_6_SAENDO1,9546,1
RAM2019_ENDO_6_SAENDO1,9547,1
RAM2019_ENDO_6_SAENDO1,9548,1
RAM2019_ENDO_6_SAENDO1,9549,1
RAM2019_ENDO_6_SAENDO1,9550,0
RAM2019_ENDO_6_SAENDO1,9551,1
RAM2019_ENDO_6_SAENDO1,9552,2
RAM2019_ENDO_6_SAENDO1,9553,2
RAM2019_ENDO_6_SAENDO1,9554,4
RAM2019_ENDO_6_SAENDO1,9555,1
RAM2019_ENDO_6_SAENDO1,9556,0
RAM2019_ENDO_6_SAENDO1,9557,0
RAM2019_ENDO_6_SAENDO1,9558,2
RAM2019_ENDO_6_SAENDO1,9559,3
RAM2019_ENDO_6_SAENDO1,9560,0
RAM2019_ENDO_6_SAENDO1,9561,2
RAM2019_ENDO_6_SAENDO1,9562,1
RAM2019_ENDO_6_SAENDO1,9563,1
RAM2019_ENDO_6_SAENDO1,9564,0
RAM2019_ENDO_6_SAENDO1,9565,1
RAM2019_ENDO_6_SAENDO1,9566,4
RAM2019_ENDO_6_SAENDO1,9567,2
RAM2019_ENDO_6_SAENDO1,9568,1
RAM2019_ENDO_6_SAENDO1,9569,1
RAM2019_ENDO_6_SAENDO1,9570,1
RAM2019_ENDO_6_SAENDO1,9571,0
RAM2019_ENDO_6_SAENDO1,9572,0
RAM2019_ENDO_6_SAENDO1,9573,1
RAM2019_ENDO_6_SAENDO1,9574,4
RAM2019_ENDO_6_SAENDO1,9575,1
RAM2019_ENDO_6_SAENDO1,9576,2
RAM2019_ENDO_6_SAENDO1,9577,1
RAM2019_ENDO_6_SAENDO1,9578,3
RAM2019_ENDO_6_SAENDO1,9579,4
RAM2019_ENDO_6_SAENDO1,9580,2
RAM2019_ENDO_6_SAENDO1,9581,2
RAM2019_ENDO_6_SAENDO1,9582,1
RAM2019_ENDO_6_SAENDO1,9583,2
RAM2019_ENDO_6_SAENDO1,9584,0
RAM2019_ENDO_6_SAENDO1,9585,1
RAM2019_ENDO_6_SAENDO1,9586,2
RAM2019_ENDO_6_SAENDO1,9587,2
RAM2019_ENDO_6_SAENDO1,9588,1
RAM2019_ENDO_6_SAENDO1,9589,2
RAM2019_ENDO_6_SAENDO1,9590,1
RAM2019_ENDO_6_SAENDO1,9591,1
RAM2019_ENDO_6_SAENDO1,9592,1
RAM2019_ENDO_6_SAENDO1,9593,2
RAM2019_ENDO_6_SAENDO1,9594,1
RAM2019_ENDO_6_SAENDO1,9595,1
RAM2019_ENDO_6_SAENDO1,9596,1
RAM2019_ENDO_6_SAENDO1,9597,2
RAM2019_ENDO_6_SAENDO1,9598,2
RAM2019_ENDO_6_SAENDO1,9599,0
RAM2019_ENDO_6_SAENDO1,9600,2
RAM2019_ENDO_6_SAENDO1,9601,1
RAM2019_ENDO_6_SAENDO1,9602,1
RAM2019_ENDO_6_SAENDO1,9603,1
RAM2019_ENDO_6_SAENDO1,9604,1
RAM2019_ENDO_6_SAENDO1,9605,2
RAM2019_ENDO_6_SAENDO1,9606,1
RAM2019_ENDO_6_SAENDO1,9607,0
RAM2019_ENDO_6_SAENDO1,9608,1
RAM2019_ENDO_6_SAENDO1,9609,1
RAM2019_ENDO_6_SAENDO1,9610,2
RAM2019_ENDO_6_SAENDO1,9611,0
RAM2019_ENDO_6_SAENDO1,9612,3
RAM2019_ENDO_6_SAENDO1,9613,3
RAM2019_ENDO_6_SAENDO1,9614,1
RAM2019_ENDO_6_SAENDO1,9615,1
RAM2019_ENDO_6_SAENDO1,9616,1
RAM2019_ENDO_6_SAENDO1,9617,1
RAM2019_ENDO_6_SAENDO1,9618,2
RAM2019_ENDO_6_SAENDO1,9619,0
RAM2019_ENDO_6_SAENDO1,9620,2
RAM2019_ENDO_6_SAENDO1,9621,3
RAM2019_ENDO_6_SAENDO1,9622,0
RAM2019_ENDO_6_SAENDO1,9623,0
RAM2019_ENDO_6_SAENDO1,9624,2
RAM2019_ENDO_6_SAENDO1,9625,2
RAM2019_ENDO_6_SAENDO1,9626,0
RAM2019_ENDO_6_SAENDO1,9627,3
RAM2019_ENDO_6_SAENDO1,9628,1
RAM2019_ENDO_6_SAENDO1,9629,0
RAM2019_ENDO_6_SAENDO1,9630,0
RAM2019_ENDO_6_SAENDO1,9631,2
RAM2019_ENDO_6_SAENDO1,9632,1
RAM2019_ENDO_6_SAENDO1,9633,1
RAM2019_ENDO_6_SAENDO1,9634,0
RAM2019_ENDO_6_SAENDO1,9635,2
RAM2019_ENDO_6_SAENDO1,9636,0
RAM2019_ENDO_6_SAENDO1,9637,1
RAM2019_ENDO_6_SAENDO1,9638,1
RAM2019_ENDO_6_SAENDO1,9639,2
RAM2019_ENDO_6_SAENDO1,9640,0
RAM2019_ENDO_6_SAENDO1,9641,1
RAM2019_ENDO_6_SAENDO1,9642,0
RAM2019_ENDO_6_SAENDO1,9643,2
RAM2019_ENDO_6_SAENDO1,9644,2
RAM2019_ENDO_6_SAENDO1,9645,5
RAM2019_ENDO_6_SAENDO1,9646,1
RAM2019_ENDO_6_SAENDO1,9647,2
RAM2019_ENDO_6_SAENDO1,9648,1
RAM2019_ENDO_6_SAENDO1,9649,1
RAM2019_ENDO_6_SAENDO1,9650,0
RAM2019_ENDO_6_SAENDO1,9651,1
RAM2019_ENDO_6_SAENDO1,9652,2
RAM2019_ENDO_6_SAENDO1,9653,1
RAM2019_ENDO_6_SAENDO1,9654,1
RAM2019_ENDO_6_SAENDO1,9655,1
RAM2019_ENDO_6_SAENDO1,9656,1
RAM2019_ENDO_6_SAENDO1,9657,1
RAM2019_ENDO_6_SAENDO1,9658,2
RAM2019_ENDO_6_SAENDO1,9659,2
RAM2019_ENDO_6_SAENDO1,9660,3
RAM2019_ENDO_6_SAENDO1,9661,2
RAM2019_ENDO_6_SAENDO1,9662,0
RAM2019_ENDO_6_SAENDO1,9663,1
RAM2019_ENDO_6_SAENDO1,9664,0
RAM2019_ENDO_6_SAENDO1,9665,2
RAM2019_ENDO_6_SAENDO1,9666,0
RAM2019_ENDO_6_SAENDO1,9667,2
RAM2019_ENDO_6_SAENDO1,9668,2
RAM2019_ENDO_6_SAENDO1,9669,0
RAM2019_ENDO_6_SAENDO1,9670,0
RAM2019_ENDO_6_SAENDO1,9671,2
RAM2019_ENDO_6_SAENDO1,9672,0
RAM2019_ENDO_6_SAENDO1,9673,1
RAM2019_ENDO_6_SAENDO1,9674,1
RAM2019_ENDO_6_SAENDO1,9675,1
RAM2019_ENDO_6_SAENDO1,9676,2
RAM2019_ENDO_6_SAENDO1,9677,1
RAM2019_ENDO_6_SAENDO1,9678,1
RAM2019_ENDO_6_SAENDO1,9679,1
RAM2019_ENDO_6_SAENDO1,9680,1
RAM2019_ENDO_6_SAENDO1,9681,0
RAM2019_ENDO_6_SAENDO1,9682,0
RAM2019_ENDO_6_SAENDO1,9683,1
RAM2019_ENDO_6_SAENDO1,9684,1
RAM2019_ENDO_6_SAENDO1,9685,3
RAM2019_ENDO_6_SAENDO1,9686,1
RAM2019_ENDO_6_SAENDO1,9687,0
RAM2019_ENDO_6_SAENDO1,9688,2
RAM2019_ENDO_6_SAENDO1,9689,1
RAM2019_ENDO_6_SAENDO1,9690,3
RAM2019_ENDO_6_SAENDO1,9691,0
RAM2019_ENDO_6_SAENDO1,9692,1
RAM2019_ENDO_6_SAENDO1,9693,0
RAM2019_ENDO_6_SAENDO1,9694,1
RAM2019_ENDO_6_SAENDO1,9695,2
RAM2019_ENDO_6_SAENDO1,9696,1
RAM2019_ENDO_6_SAENDO1,9697,2
RAM2019_ENDO_6_SAENDO1,9698,3
RAM2019_ENDO_6_SAENDO1,9699,1
RAM2019_ENDO_6_SAENDO1,9700,2
RAM2019_ENDO_6_SAENDO1,9701,0
RAM2019_ENDO_6_SAENDO1,9702,1
RAM2019_ENDO_6_SAENDO1,9703,2
RAM2019_ENDO_6_SAENDO1,9704,1
RAM2019_ENDO_6_SAENDO1,9705,1
RAM2019_ENDO_6_SAENDO1,9706,3
RAM2019_ENDO_6_SAENDO1,9707,3
RAM2019_ENDO_6_SAENDO1,9708,1
RAM2019_ENDO_6_SAENDO1,9709,2
RAM2019_ENDO_6_SAENDO1,9710,4
RAM2019_ENDO_6_SAENDO1,9711,0
RAM2019_ENDO_6_SAENDO1,9712,1
RAM2019_ENDO_6_SAENDO1,9713,0
RAM2019_ENDO_6_SAENDO1,9714,0
RAM2019_ENDO_6_SAENDO1,9715,2
RAM2019_ENDO_6_SAENDO1,9716,0
RAM2019_ENDO_6_SAENDO1,9717,0
RAM2019_ENDO_6_SAENDO1,9718,1
RAM2019_ENDO_6_SAENDO1,9719,1
RAM2019_ENDO_6_SAENDO1,9720,2
RAM2019_ENDO_6_SAENDO1,9721,3
RAM2019_ENDO_6_SAENDO1,9722,2
RAM2019_ENDO_6_SAENDO1,9723,0
RAM2019_ENDO_6_SAENDO1,9724,2
RAM2019_ENDO_6_SAENDO1,9725,0
RAM2019_ENDO_6_SAENDO1,9726,1
RAM2019_ENDO_6_SAENDO1,9727,1
RAM2019_ENDO_6_SAENDO1,9728,1
RAM2019_ENDO_6_SAENDO1,9729,1
RAM2019_ENDO_6_SAENDO1,9730,2
RAM2019_ENDO_6_SAENDO1,9731,1
RAM2019_ENDO_6_SAENDO1,9732,1
RAM2019_ENDO_6_SAENDO1,9733,2
RAM2019_ENDO_6_SAENDO1,9734,1
RAM2019_ENDO_6_SAENDO1,9735,0
RAM2019_ENDO_6_SAENDO1,9736,1
RAM2019_ENDO_6_SAENDO1,9737,0
RAM2019_ENDO_6_SAENDO1,9738,1
RAM2019_ENDO_6_SAENDO1,9739,0
RAM2019_ENDO_6_SAENDO1,9740,0
RAM2019_ENDO_6_SAENDO1,9741,0
RAM2019_ENDO_6_SAENDO1,9742,2
RAM2019_ENDO_6_SAENDO1,9743,0
RAM2019_ENDO_6_SAENDO1,9744,1
RAM2019_ENDO_6_SAENDO1,9745,2
RAM2019_ENDO_6_SAENDO1,9746,1
RAM2019_ENDO_6_SAENDO1,9747,1
RAM2019_ENDO_6_SAENDO1,9748,0
RAM2019_ENDO_6_SAENDO1,9749,1
RAM2019_ENDO_6_SAENDO1,9750,0
RAM2019_ENDO_6_SAENDO1,9751,0
RAM2019_ENDO_6_SAENDO1,9752,0
RAM2019_ENDO_6_SAENDO1,9753,0
RAM2019_ENDO_6_SAENDO1,9754,2
RAM2019_ENDO_6_SAENDO1,9755,0
RAM2019_ENDO_6_SAENDO1,9756,2
RAM2019_ENDO_6_SAENDO1,9757,2
RAM2019_ENDO_6_SAENDO1,9758,0
RAM2019_ENDO_6_SAENDO1,9759,1
RAM2019_ENDO_6_SAENDO1,9760,1
RAM2019_ENDO_6_SAENDO1,9761,0
RAM2019_ENDO_6_SAENDO1,9762,1
RAM2019_ENDO_6_SAENDO1,9763,0
RAM2019_ENDO_6_SAENDO1,9764,1
RAM2019_ENDO_6_SAENDO1,9765,0
RAM2019_ENDO_6_SAENDO1,9766,1
RAM2019_ENDO_6_SAENDO1,9767,3
RAM2019_ENDO_6_SAENDO1,9768,1
RAM2019_ENDO_6_SAENDO1,9769,0
RAM2019_ENDO_6_SAENDO1,9770,1
RAM2019_ENDO_6_SAENDO1,9771,3
RAM2019_ENDO_6_SAENDO1,9772,2
RAM2019_ENDO_6_SAENDO1,9773,2
RAM2019_ENDO_6_SAENDO1,9774,1
RAM2019_ENDO_6_SAENDO1,9775,0
RAM2019_ENDO_6_SAENDO1,9776,1
RAM2019_ENDO_6_SAENDO1,9777,0
RAM2019_ENDO_6_SAENDO1,9778,4
RAM2019_ENDO_6_SAENDO1,9779,1
RAM2019_ENDO_6_SAENDO1,9780,1
RAM2019_ENDO_6_SAENDO1,9781,2
RAM2019_ENDO_6_SAENDO1,9782,3
RAM2019_ENDO_6_SAENDO1,9783,1
RAM2019_ENDO_6_SAENDO1,9784,0
RAM2019_ENDO_6_SAENDO1,9785,0
RAM2019_ENDO_6_SAENDO1,9786,1
RAM2019_ENDO_6_SAENDO1,9787,1
RAM2019_ENDO_6_SAENDO1,9788,2
RAM2019_ENDO_6_SAENDO1,9789,1
RAM2019_ENDO_6_SAENDO1,9790,2
RAM2019_ENDO_6_SAENDO1,9791,1
RAM2019_ENDO_6_SAENDO1,9792,2
RAM2019_ENDO_6_SAENDO1,9793,0
RAM2019_ENDO_6_SAENDO1,9794,2
RAM2019_ENDO_6_SAENDO1,9795,0
RAM2019_ENDO_6_SAENDO1,9796,1
RAM2019_ENDO_6_SAENDO1,9797,0
RAM2019_ENDO_6_SAENDO1,9798,2
RAM2019_ENDO_6_SAENDO1,9799,0
RAM2019_ENDO_6_SAENDO1,9800,0
RAM2019_ENDO_6_SAENDO1,9801,1
RAM2019_ENDO_6_SAENDO1,9802,1
RAM2019_ENDO_6_SAENDO1,9803,0
RAM2019_ENDO_6_SAENDO1,9804,2
RAM2019_ENDO_6_SAENDO1,9805,1
RAM2019_ENDO_6_SAENDO1,9806,1
RAM2019_ENDO_6_SAENDO1,9807,3
RAM2019_ENDO_6_SAENDO1,9808,1
RAM2019_ENDO_6_SAENDO1,9809,0
RAM2019_ENDO_6_SAENDO1,9810,0
RAM2019_ENDO_6_SAENDO1,9811,1
RAM2019_ENDO_6_SAENDO1,9812,0
RAM2019_ENDO_6_SAENDO1,9813,1
RAM2019_ENDO_6_SAENDO1,9814,2
RAM2019_ENDO_6_SAENDO1,9815,0
RAM2019_ENDO_6_SAENDO1,9816,2
RAM2019_ENDO_6_SAENDO1,9817,1
RAM2019_ENDO_6_SAENDO1,9818,1
RAM2019_ENDO_6_SAENDO1,9819,1
RAM2019_ENDO_6_SAENDO1,9820,0
RAM2019_ENDO_6_SAENDO1,9821,1
RAM2019_ENDO_6_SAENDO1,9822,2
RAM2019_ENDO_6_SAENDO1,9823,2
RAM2019_ENDO_6_SAENDO1,9824,2
RAM2019_ENDO_6_SAENDO1,9825,1
RAM2019_ENDO_6_SAENDO1,9826,3
RAM2019_ENDO_6_SAENDO1,9827,2
RAM2019_ENDO_6_SAENDO1,9828,2
RAM2019_ENDO_6_SAENDO1,9829,0
RAM2019_ENDO_6_SAENDO1,9830,1
RAM2019_ENDO_6_SAENDO1,9831,3
RAM2019_ENDO_6_SAENDO1,9832,2
RAM2019_ENDO_6_SAENDO1,9833,1
RAM2019_ENDO_6_SAENDO1,9834,2
RAM2019_ENDO_6_SAENDO1,9835,2
RAM2019_ENDO_6_SAENDO1,9836,0
RAM2019_ENDO_6_SAENDO1,9837,0
RAM2019_ENDO_6_SAENDO1,9838,0
RAM2019_ENDO_6_SAENDO1,9839,1
RAM2019_ENDO_6_SAENDO1,9840,2
RAM2019_ENDO_6_SAENDO1,9841,0
RAM2019_ENDO_6_SAENDO1,9842,1
RAM2019_ENDO_6_SAENDO1,9843,2
RAM2019_ENDO_6_SAENDO1,9844,2
RAM2019_ENDO_6_SAENDO1,9845,4
RAM2019_ENDO_6_SAENDO1,9846,1
RAM2019_ENDO_6_SAENDO1,9847,1
RAM2019_ENDO_6_SAENDO1,9848,2
RAM2019_ENDO_6_SAENDO1,9849,1
RAM2019_ENDO_6_SAENDO1,9850,2
RAM2019_ENDO_6_SAENDO1,9851,1
RAM2019_ENDO_6_SAENDO1,9852,0
RAM2019_ENDO_6_SAENDO1,9853,1
RAM2019_ENDO_6_SAENDO1,9854,3
RAM2019_ENDO_6_SAENDO1,9855,1
RAM2019_ENDO_6_SAENDO1,9856,1
RAM2019_ENDO_6_SAENDO1,9857,2
RAM2019_ENDO_6_SAENDO1,9858,2
RAM2019_ENDO_6_SAENDO1,9859,1
RAM2019_ENDO_6_SAENDO1,9860,0
RAM2019_ENDO_6_SAENDO1,9861,0
RAM2019_ENDO_6_SAENDO1,9862,3
RAM2019_ENDO_6_SAENDO1,9863,2
RAM2019_ENDO_6_SAENDO1,9864,0
RAM2019_ENDO_6_SAENDO1,9865,1
RAM2019_ENDO_6_SAENDO1,9866,1
RAM2019_ENDO_6_SAENDO1,9867,2
RAM2019_ENDO_6_SAENDO1,9868,0
RAM2019_ENDO_6_SAENDO1,9869,0
RAM2019_ENDO_6_SAENDO1,9870,0
RAM2019_ENDO_6_SAENDO1,9871,1
RAM2019_ENDO_6_SAENDO1,9872,0
RAM2019_ENDO_6_SAENDO1,9873,1
RAM2019_ENDO_6_SAENDO1,9874,1
RAM2019_ENDO_6_SAENDO1,9875,1
RAM2019_ENDO_6_SAENDO1,9876,1
RAM2019_ENDO_6_SAENDO1,9877,1
RAM2019_ENDO_6_SAENDO1,9878,0
RAM2019_ENDO_6_SAENDO1,9879,1
RAM2019_ENDO_6_SAENDO1,9880,1
RAM2019_ENDO_6_SAENDO1,9881,3
RAM2019_ENDO_6_SAENDO1,9882,1
RAM2019_ENDO_6_SAENDO1,9883,2
RAM2019_ENDO_6_SAENDO1,9884,0
RAM2019_ENDO_6_SAENDO1,9885,1
RAM2019_ENDO_6_SAENDO1,9886,2
RAM2019_ENDO_6_SAENDO1,9887,0
RAM2019_ENDO_6_SAENDO1,9888,1
RAM2019_ENDO_6_SAENDO1,9889,1
RAM2019_ENDO_6_SAENDO1,9890,1
RAM2019_ENDO_6_SAENDO1,9891,2
RAM2019_ENDO_6_SAENDO1,9892,3
RAM2019_ENDO_6_SAENDO1,9893,3
RAM2019_ENDO_6_SAENDO1,9894,2
RAM2019_ENDO_6_SAENDO1,9895,0
RAM2019_ENDO_6_SAENDO1,9896,1
RAM2019_ENDO_6_SAENDO1,9897,2
RAM2019_ENDO_6_SAENDO1,9898,0
RAM2019_ENDO_6_SAENDO1,9899,2
RAM2019_ENDO_6_SAENDO1,9900,0
RAM2019_ENDO_6_SAENDO1,9901,1
RAM2019_ENDO_6_SAENDO1,9902,1
RAM2019_ENDO_6_SAENDO1,9903,0
RAM2019_ENDO_6_SAENDO1,9904,1
RAM2019_ENDO_6_SAENDO1,9905,1
RAM2019_ENDO_6_SAENDO1,9906,0
RAM2019_ENDO_6_SAENDO1,9907,0
RAM2019_ENDO_6_SAENDO1,9908,2
RAM2019_ENDO_6_SAENDO1,9909,3
RAM2019_ENDO_6_SAENDO1,9910,6
RAM2019_ENDO_6_SAENDO1,9911,0
RAM2019_ENDO_6_SAENDO1,9912,1
RAM2019_ENDO_6_SAENDO1,9913,1
RAM2019_ENDO_6_SAENDO1,9914,3
RAM2019_ENDO_6_SAENDO1,9915,0
RAM2019_ENDO_6_SAENDO1,9916,0
RAM2019_ENDO_6_SAENDO1,9917,3
RAM2019_ENDO_6_SAENDO1,9918,1
RAM2019_ENDO_6_SAENDO1,9919,1
RAM2019_ENDO_6_SAENDO1,9920,2
RAM2019_ENDO_6_SAENDO1,9921,0
RAM2019_ENDO_6_SAENDO1,9922,1
RAM2019_ENDO_6_SAENDO1,9923,0
RAM2019_ENDO_6_SAENDO1,9924,2
RAM2019_ENDO_6_SAENDO1,9925,2
RAM2019_ENDO_6_SAENDO1,9926,0
RAM2019_ENDO_6_SAENDO1,9927,1
RAM2019_ENDO_6_SAENDO1,9928,1
RAM2019_ENDO_6_SAENDO1,9929,0
RAM2019_ENDO_6_SAENDO1,9930,1
RAM2019_ENDO_6_SAENDO1,9931,1
RAM2019_ENDO_6_SAENDO1,9932,1
RAM2019_ENDO_6_SAENDO1,9933,3
RAM2019_ENDO_6_SAENDO1,9934,3
RAM2019_ENDO_6_SAENDO1,9935,1
RAM2019_ENDO_6_SAENDO1,9936,1
RAM2019_ENDO_6_SAENDO1,9937,0
RAM2019_ENDO_6_SAENDO1,9938,3
RAM2019_ENDO_6_SAENDO1,9939,1
RAM2019_ENDO_6_SAENDO1,9940,1
RAM2019_ENDO_6_SAENDO1,9941,0
RAM2019_ENDO_6_SAENDO1,9942,1
RAM2019_ENDO_6_SAENDO1,9943,3
RAM2019_ENDO_6_SAENDO1,9944,0
RAM2019_ENDO_6_SAENDO1,9945,1
RAM2019_ENDO_6_SAENDO1,9946,1
RAM2019_ENDO_6_SAENDO1,9947,1
RAM2019_ENDO_6_SAENDO1,9948,0
RAM2019_ENDO_6_SAENDO1,9949,2
RAM2019_ENDO_6_SAENDO1,9950,0
RAM2019_ENDO_6_SAENDO1,9951,1
RAM2019_ENDO_6_SAENDO1,9952,2
RAM2019_ENDO_6_SAENDO1,9953,0
RAM2019_ENDO_6_SAENDO1,9954,2
RAM2019_ENDO_6_SAENDO1,9955,0
RAM2019_ENDO_6_SAENDO1,9956,2
RAM2019_ENDO_6_SAENDO1,9957,3
RAM2019_ENDO_6_SAENDO1,9958,4
RAM2019_ENDO_6_SAENDO1,9959,2
RAM2019_ENDO_6_SAENDO1,9960,1
RAM2019_ENDO_6_SAENDO1,9961,0
RAM2019_ENDO_6_SAENDO1,9962,1
RAM2019_ENDO_6_SAENDO1,9963,1
RAM2019_ENDO_6_SAENDO1,9964,3
RAM2019_ENDO_6_SAENDO1,9965,2
RAM2019_ENDO_6_SAENDO1,9966,1
RAM2019_ENDO_6_SAENDO1,9967,0
RAM2019_ENDO_6_SAENDO1,9968,0
RAM2019_ENDO_6_SAENDO1,9969,0
RAM2019_ENDO_6_SAENDO1,9970,1
RAM2019_ENDO_6_SAENDO1,9971,0
RAM2019_ENDO_6_SAENDO1,9972,2
RAM2019_ENDO_6_SAENDO1,9973,1
RAM2019_ENDO_6_SAENDO1,9974,1
RAM2019_ENDO_6_SAENDO1,9975,1
RAM2019_ENDO_6_SAENDO1,9976,0
RAM2019_ENDO_6_SAENDO1,9977,0
RAM2019_ENDO_6_SAENDO1,9978,3
RAM2019_ENDO_6_SAENDO1,9979,0
RAM2019_ENDO_6_SAENDO1,9980,3
RAM2019_ENDO_6_SAENDO1,9981,1
RAM2019_ENDO_6_SAENDO1,9982,1
RAM2019_ENDO_6_SAENDO1,9983,2
RAM2019_ENDO_6_SAENDO1,9984,1
RAM2019_ENDO_6_SAENDO1,9985,3
RAM2019_ENDO_6_SAENDO1,9986,2
RAM2019_ENDO_6_SAENDO1,9987,0
RAM2019_ENDO_6_SAENDO1,9988,1
RAM2019_ENDO_6_SAENDO1,9989,1
RAM2019_ENDO_6_SAENDO1,9990,0
RAM2019_ENDO_6_SAENDO1,9991,1
RAM2019_ENDO_6_SAENDO1,9992,1
RAM2019_ENDO_6_SAENDO1,9993,1
RAM2019_ENDO_6_SAENDO1,9994,0
RAM2019_ENDO_6_SAENDO1,9995,1
RAM2019_ENDO_6_SAENDO1,9996,0
RAM2019_ENDO_6_SAENDO1,9997,1
RAM2019_ENDO_6_SAENDO1,9998,1
RAM2019_ENDO_6_SAENDO1,9999,0
RAM2019_ENDO_6_SAENDO1,10000,2
