cluster,n_cells,n_donors,winner,second,top_score,second_score,top_minus_second_score,winner_anchors_z_gt_0_5,passes_automatic_rule,provisional_label,donors_healthy,donors_mash_fibrosis,donors_mash_cirrhosis,donors_masld_f0,donors_alcohol_cirrhosis,donors_alcohol_hepatitis,score_macrophage_monocyte,anchors_macrophage_monocyte,score_endothelial,anchors_endothelial,score_mesenchymal_hsc_myofibroblast,anchors_mesenchymal_hsc_myofibroblast,score_t_nk,anchors_t_nk,score_b_plasma,anchors_b_plasma,score_epithelial,anchors_epithelial,score_neutrophil,anchors_neutrophil,score_dendritic,anchors_dendritic,mean_log1p_cp10k_LST1,z_LST1,mean_log1p_cp10k_TYROBP,z_TYROBP,mean_log1p_cp10k_FCER1G,z_FCER1G,mean_log1p_cp10k_AIF1,z_AIF1,mean_log1p_cp10k_CTSS,z_CTSS,mean_log1p_cp10k_C1QA,z_C1QA,mean_log1p_cp10k_C1QB,z_C1QB,mean_log1p_cp10k_C1QC,z_C1QC,mean_log1p_cp10k_CD68,z_CD68,mean_log1p_cp10k_CD163,z_CD163,mean_log1p_cp10k_FCGR3A,z_FCGR3A,mean_log1p_cp10k_MARCO,z_MARCO,mean_log1p_cp10k_SPP1,z_SPP1,mean_log1p_cp10k_TREM2,z_TREM2,mean_log1p_cp10k_GPNMB,z_GPNMB,mean_log1p_cp10k_PECAM1,z_PECAM1,mean_log1p_cp10k_VWF,z_VWF,mean_log1p_cp10k_KDR,z_KDR,mean_log1p_cp10k_EMCN,z_EMCN,mean_log1p_cp10k_ESAM,z_ESAM,mean_log1p_cp10k_EGFL7,z_EGFL7,mean_log1p_cp10k_ENG,z_ENG,mean_log1p_cp10k_CDH5,z_CDH5,mean_log1p_cp10k_RAMP2,z_RAMP2,mean_log1p_cp10k_PLVAP,z_PLVAP,mean_log1p_cp10k_KLF2,z_KLF2,mean_log1p_cp10k_CA4,z_CA4,mean_log1p_cp10k_FCN3,z_FCN3,mean_log1p_cp10k_COL1A1,z_COL1A1,mean_log1p_cp10k_COL1A2,z_COL1A2,mean_log1p_cp10k_COL3A1,z_COL3A1,mean_log1p_cp10k_DCN,z_DCN,mean_log1p_cp10k_LUM,z_LUM,mean_log1p_cp10k_COL6A1,z_COL6A1,mean_log1p_cp10k_COL6A2,z_COL6A2,mean_log1p_cp10k_COL6A3,z_COL6A3,mean_log1p_cp10k_PDGFRB,z_PDGFRB,mean_log1p_cp10k_RGS5,z_RGS5,mean_log1p_cp10k_CSPG4,z_CSPG4,mean_log1p_cp10k_ACTA2,z_ACTA2,mean_log1p_cp10k_DES,z_DES,mean_log1p_cp10k_LRAT,z_LRAT,mean_log1p_cp10k_RBP1,z_RBP1,mean_log1p_cp10k_RELN,z_RELN,mean_log1p_cp10k_PDGFRA,z_PDGFRA,mean_log1p_cp10k_CD3D,z_CD3D,mean_log1p_cp10k_CD3E,z_CD3E,mean_log1p_cp10k_TRBC1,z_TRBC1,mean_log1p_cp10k_TRBC2,z_TRBC2,mean_log1p_cp10k_NKG7,z_NKG7,mean_log1p_cp10k_GNLY,z_GNLY,mean_log1p_cp10k_PRF1,z_PRF1,mean_log1p_cp10k_GZMB,z_GZMB,mean_log1p_cp10k_IL7R,z_IL7R,mean_log1p_cp10k_CD79A,z_CD79A,mean_log1p_cp10k_CD79B,z_CD79B,mean_log1p_cp10k_MS4A1,z_MS4A1,mean_log1p_cp10k_CD19,z_CD19,mean_log1p_cp10k_CD37,z_CD37,mean_log1p_cp10k_CD74,z_CD74,mean_log1p_cp10k_MZB1,z_MZB1,mean_log1p_cp10k_JCHAIN,z_JCHAIN,mean_log1p_cp10k_CD38,z_CD38,mean_log1p_cp10k_EPCAM,z_EPCAM,mean_log1p_cp10k_KRT19,z_KRT19,mean_log1p_cp10k_KRT7,z_KRT7,mean_log1p_cp10k_KRT8,z_KRT8,mean_log1p_cp10k_KRT18,z_KRT18,mean_log1p_cp10k_KRT17,z_KRT17,mean_log1p_cp10k_KRT23,z_KRT23,mean_log1p_cp10k_ALB,z_ALB,mean_log1p_cp10k_HNF4A,z_HNF4A,mean_log1p_cp10k_FCGR3B,z_FCGR3B,mean_log1p_cp10k_CSF3R,z_CSF3R,mean_log1p_cp10k_S100A8,z_S100A8,mean_log1p_cp10k_S100A9,z_S100A9,mean_log1p_cp10k_CEACAM8,z_CEACAM8,mean_log1p_cp10k_MPO,z_MPO,mean_log1p_cp10k_ELANE,z_ELANE,mean_log1p_cp10k_FCER1A,z_FCER1A,mean_log1p_cp10k_CD1C,z_CD1C,mean_log1p_cp10k_CLEC10A,z_CLEC10A,mean_log1p_cp10k_CLEC9A,z_CLEC9A,mean_log1p_cp10k_XCR1,z_XCR1,harmonized_lineage,target_included,mapping_status
0,15614,26,epithelial,dendritic,0.4591983556747436,-0.17245514690876,0.6316535025835037,2,True,epithelial,6,4,4,3.0,4,5,-0.3806373476982116,0,-0.3888362646102905,0,-0.3810748159885406,0,-0.2252215594053268,0,-0.3202047944068908,0,0.4591983556747436,2,-0.1886626929044723,0,-0.17245514690876,0,0.0001204819782287,-0.417230874300003,0.0004354998236522,-0.4106903970241546,0.0,-0.3869950771331787,0.0001337741996394,-0.415044903755188,0.031424231827259,-0.6842749714851379,0.0003366029413882,-0.3291879296302795,0.0004929843125864,-0.3245403468608856,0.0014260243624448,-0.3279732167720794,0.0074831089004874,-0.3620686531066894,0.0074003431946039,-0.4100615382194519,0.0009421592694707,-0.374245136976242,0.0007784636691212,-0.2544577717781067,0.000573544180952,-0.5004748106002808,0.0,-0.1652255803346634,4.293879828765057e-05,-0.3470887243747711,0.0025899140164256,-0.6395594477653503,0.0078691840171813,-0.2796207070350647,0.0005088286707177,-0.3948394060134887,0.001267347135581,-0.3984070718288421,3.452198507147841e-05,-0.4334481954574585,0.0047928960993885,-0.4475170373916626,0.0047952746972441,-0.735119104385376,0.0004550086450763,-0.4213444888591766,2.136005059583113e-05,-0.2696066200733185,0.0020674492698162,-0.2253350913524627,0.0007680444978177,-0.3260070979595184,0.0,-0.2282418608665466,3.84691302315332e-05,-0.2558254599571228,0.0005842353566549,-0.3755181431770324,0.0011315749725326,-0.386796772480011,0.0016663956921547,-0.425277441740036,0.0017953244969248,-0.4060134291648865,6.809522892581299e-05,-0.2441955804824829,0.0472286231815815,-0.3860746622085571,0.0110811190679669,-0.4842760264873504,0.0015223833033815,-0.4269320666790008,0.0063057858496904,-0.4157459139823913,0.0018169545801356,-0.2891602516174316,0.0,-0.1629744619131088,0.0119247762486338,-0.4466730058193207,0.0,-0.1637143641710281,0.0284641850739717,-0.3354513645172119,0.0020281830802559,-0.5441122055053711,0.0245406553149223,-0.5178965926170349,0.0292089954018592,-0.4674594700336456,0.0,-0.2141606658697128,0.0,-0.2329217046499252,5.019412128604017e-05,-0.2139623761177063,0.0,-0.2282267361879348,3.447249036980793e-05,-0.1762163937091827,0.0003384303417988,-0.178210973739624,8.21598368929699e-05,-0.1984088271856308,6.292423495324329e-05,-0.164895474910736,0.0002594211546238,-0.4199908375740051,0.0,-0.1797712743282318,0.0,-0.1994238495826721,0.0003036529233213,-0.1757652163505554,4.253927181707695e-05,-0.1689959168434143,0.0,-0.4345500469207763,0.0064780400134623,-0.7227262258529663,0.0,-0.1875450760126114,0.0,-0.1845481693744659,0.004324740730226,-0.6285171508789062,0.0001535363990115,-0.3237289488315582,0.0,-0.2278617769479751,9.098275768337773e-05,-0.3468005061149597,0.0524482652544975,-0.3081768155097961,0.0522162429988384,-0.3173462748527527,0.0,-0.1612008661031723,0.0108758332207798,-0.4186414182186126,4.178765773773193,2.489332914352417,1.8420428037643437,3.747208833694458,0.000292877695756,-0.169693037867546,0.0012373391073197,-0.3010550141334533,0.0001271849760087,-0.1769323647022247,0.0003304691636003,-0.171850100159645,0.0,-0.1725399196147918,0.0,-0.1627659648656845,0.0,-0.1658024787902832,0.0,-0.1604685336351394,0.0,-0.1664568334817886,0.0006576955784112,-0.210280030965805,9.147956006927416e-05,-0.1642763614654541,0.0,-0.1607939600944519,excluded_epithelial,no,frozen_reconstructed
1,2505,26,mesenchymal_hsc_myofibroblast,dendritic,2.0224711894989014,-0.1714443117380142,2.193915501236916,12,True,mesenchymal_hsc_myofibroblast,6,4,4,3.0,4,5,-0.3082800805568695,0,-0.172988548874855,1,2.0224711894989014,12,-0.2109740525484085,0,-0.2409481257200241,0,-0.3355814516544342,0,-0.1814113408327102,0,-0.1714443117380142,0,0.0048887776210904,-0.3664937913417816,0.0294427014887332,-0.223991185426712,0.0036311205476522,-0.358113944530487,0.0047899824567139,-0.297881156206131,0.0523565784096717,-0.5903294682502747,0.0099812448024749,-0.2625378370285034,0.0122412117198109,-0.2702522277832031,0.0182933937758207,-0.2506248652935028,0.0144759891554713,-0.3155229389667511,0.0461344048380851,-0.3470357060432434,0.0053247893229126,-0.346638947725296,0.0038336820434778,-0.2414451539516449,0.0224502403289079,-0.4213866889476776,0.0,-0.1652255803346634,0.0349623300135135,-0.1667221486568451,0.0324314944446086,-0.580115795135498,0.0169585309922695,-0.2624489068984985,0.0239209756255149,-0.3371889591217041,0.0288171768188476,-0.3393163084983825,0.0613878518342971,0.0340631864964962,0.0931386575102806,-0.253264307975769,0.5954488515853882,0.8264274001121521,0.0134129887446761,-0.3725484609603882,0.006848148535937,-0.1398736834526062,0.0073953573592007,-0.2050419449806213,0.0475754998624324,-0.1908776760101318,0.0,-0.2282418608665466,0.0165488831698894,-0.2004236727952957,1.4113167524337769,2.271627426147461,1.504884123802185,2.5215606689453125,2.254732608795166,2.934096336364746,1.9205881357192995,3.2544615268707275,0.0949124246835708,0.2629432380199432,1.551510453224182,2.9894652366638184,1.3470726013183594,2.828578472137451,1.860833764076233,2.726651668548584,0.9048055410385132,1.7389158010482788,0.2058497816324234,0.2781589925289154,0.0001988895091926,-0.1614794135093689,0.8869521021842957,3.3963725566864014,0.0,-0.1637143641710281,0.1511743515729904,0.1040632501244545,1.0047879219055176,5.107163429260254,1.2808884382247925,1.266103744506836,2.285686731338501,3.0270442962646484,0.000194683088921,-0.2111122757196426,0.0049536838196218,-0.209140196442604,0.0004287546908017,-0.2112253457307815,0.0019755745306611,-0.2123323827981948,0.0014218488940969,-0.166825383901596,0.0010679019615054,-0.1748638451099395,0.0020050641614943,-0.1852039396762848,0.0,-0.1658288836479187,0.0407133437693119,-0.3622342646121979,0.0,-0.1797712743282318,0.0019054940203204,-0.1576075553894043,0.0011743172071874,-0.17313252389431,0.0,-0.1702433228492736,0.0033714473247528,-0.421099305152893,0.200351744890213,-0.3490217328071594,0.0031888086814433,-0.1745786517858505,0.0056898645125329,-0.1613916754722595,0.0627810880541801,-0.3816870450973511,0.0064643542282283,-0.2844549417495727,0.002065033186227,-0.2162230908870697,0.0082543576136231,-0.3226134777069092,0.0863001197576522,-0.233705922961235,0.0609354153275489,-0.2985676229000091,0.0,-0.1612008661031723,0.0042923404835164,-0.4480916261672973,0.5138990879058838,-0.474877119064331,0.018172001466155,-0.580498456954956,0.0,-0.1709668785333633,0.0027776914648711,-0.2970805168151855,0.0003426521725486,-0.1760820150375366,0.0003926570352632,-0.1715747416019439,0.0005562418955378,-0.1356433480978012,0.0,-0.1627659648656845,0.0007698014960624,-0.1557658910751342,0.0,-0.1604685336351394,0.0,-0.1664568334817886,0.0021111492533236,-0.204519122838974,0.0,-0.1649830788373947,0.0,-0.1607939600944519,mesenchymal_hsc_myofibroblast,yes,frozen_reconstructed
2,2524,26,endothelial,dendritic,0.1438180357217788,-0.1722121983766555,0.3160302340984344,3,False,ambiguous,6,4,4,3.0,4,5,-0.3365044593811035,0,0.1438180357217788,3,-0.2083162814378738,1,-0.2200172841548919,0,-0.2499531358480453,0,-0.2840360105037689,0,-0.1835895478725433,0,-0.1722121983766555,0,0.003353354986757,-0.3828314840793609,0.0030906614847481,-0.3936009705066681,0.0064590470865368,-0.3356212377548218,0.0009799055987969,-0.3937537372112274,0.0688249841332435,-0.5164182782173157,0.0020391824655234,-0.317422091960907,0.0071321045979857,-0.2938612103462219,0.0090044625103473,-0.293220967054367,0.0078184306621551,-0.3598366975784302,0.0447663851082325,-0.3492616713047027,0.0091208200901746,-0.3227277100086212,0.0096217663958668,-0.2167928516864776,0.0327045284211635,-0.3843156099319458,0.0,-0.1652255803346634,0.0047691958025097,-0.3226765394210815,0.4863758981227875,0.3241302073001861,0.1003321856260299,-0.1049376726150512,0.2773099541664123,0.2867599725723266,0.4453676342964172,0.5541298389434814,0.0603543333709239,0.0261877942830324,0.6008765697479248,0.8631387948989868,0.5058138370513916,0.5894538760185242,0.2102503478527069,0.3686842918395996,0.0012314507039263,-0.2466106563806533,0.0029683418106287,-0.2219037413597107,0.0221478287130594,-0.2642853558063507,0.0,-0.2282418608665466,0.0533691607415676,-0.076870784163475,0.0249364078044891,-0.3298228979110718,0.0135660469532012,-0.3627476990222931,0.0588408634066581,-0.3400289714336395,0.0252785142511129,-0.3612146377563476,0.0025083301588892,-0.2311474680900573,0.0689142495393753,-0.3374131023883819,0.1180156543850898,-0.2191107422113418,0.0471436977386474,-0.349553644657135,0.014077060855925,-0.3971098661422729,0.004989547189325,-0.2803387641906738,0.0,-0.1629744619131088,0.0286952462047338,-0.3730185031890869,0.0,-0.1637143641710281,0.0256731398403644,-0.3454481363296509,0.0249735731631517,-0.4147983193397522,1.4412108659744265,1.4937598705291748,0.094274565577507,-0.3666954040527344,0.0,-0.2141606658697128,0.0005496316007338,-0.230283036828041,0.0,-0.2143252938985824,0.0002282426721649,-0.2263904213905334,0.0011861552484333,-0.1684207767248153,0.0016623801784589,-0.1721361130475998,0.0,-0.1989730298519134,0.0,-0.1658288836479187,0.0215196721255779,-0.3896373510360718,0.0,-0.1797712743282318,0.0005951717612333,-0.1863627284765243,0.0011462186230346,-0.1732174754142761,0.0,-0.1702433228492736,0.0018287007696926,-0.4272542595863342,0.1279950141906738,-0.4884941577911377,0.0,-0.1875450760126114,0.000475315580843,-0.182613730430603,0.0930029302835464,-0.2540762722492218,0.0037792765069752,-0.3011649250984192,0.0019486899254843,-0.2168788164854049,0.0114246923476457,-0.313220202922821,0.0323039554059505,-0.3524924516677856,0.0374823845922946,-0.349078893661499,0.0,-0.1612008661031723,0.0174926202744245,-0.3890422880649566,0.895958662033081,-0.1658604592084884,0.1332729756832122,-0.3073851466178894,0.0,-0.1709668785333633,0.0144153218716382,-0.2670524716377258,0.001203223131597,-0.1726857274770736,0.0,-0.1733133941888809,0.0,-0.1725399196147918,0.0,-0.1627659648656845,0.0,-0.1658024787902832,0.0,-0.1604685336351394,0.0,-0.1664568334817886,0.0011424666736274,-0.2083585858345031,0.0,-0.1649830788373947,0.0,-0.1607939600944519,excluded_ambiguous,no,frozen_reconstructed
3,2156,26,endothelial,dendritic,1.3732138872146606,-0.1726593971252441,1.5458732843399048,9,True,endothelial,6,4,4,3.0,4,5,-0.3154276609420776,0,1.3732138872146606,9,-0.2774524092674255,0,-0.1977769881486892,0,-0.2260324954986572,0,-0.3115821778774261,0,-0.177618607878685,0,-0.1726593971252441,0,0.006332931574434,-0.3511272370815277,0.0087274285033345,-0.35732102394104,0.0072216298431158,-0.3295558393001556,0.0023274200502783,-0.3598463833332062,0.0595814958214759,-0.5579035878181458,0.0094772698357701,-0.2660205960273742,0.0141985835507512,-0.2612072825431824,0.0174553319811821,-0.2544679641723633,0.0093684773892164,-0.3495193719863891,0.0366927832365036,-0.3623985648155212,0.0099204247817397,-0.3176909983158111,0.0047165867872536,-0.2376847267150879,0.067097283899784,-0.2599796950817108,0.0002724799851421,-0.1615446060895919,0.0081629874184727,-0.3051468431949615,1.8160886764526367,2.972885131835937,2.22979998588562,3.918097257614136,0.4260076880455017,0.6529155969619751,1.3918988704681396,2.584315299987793,0.2407404333353042,1.4007270336151123,0.982526957988739,1.702303409576416,0.7380908727645874,1.2035387754440308,0.5021690726280212,1.467966079711914,0.0377658121287822,0.4476703703403473,0.5005843639373779,1.6734366416931152,0.1498497724533081,0.1043800115585327,0.0055121197365224,-0.0857069343328476,0.0194315873086452,-0.1907505691051483,0.073294349014759,-0.2390824407339096,0.0540568381547927,-0.2844358086585998,0.1267049014568328,-0.2388421297073364,0.0626646131277084,-0.2898932695388794,0.013880374841392,-0.1703404039144516,0.0886559337377548,-0.293113648891449,0.1799434572458267,-0.0655485466122627,0.0413922443985939,-0.3593087196350097,0.030285557731986,-0.3582408428192138,0.0260657109320163,-0.2217359095811844,0.0,-0.1629744619131088,0.0218554083257913,-0.4030584990978241,0.0,-0.1637143641710281,0.0230954810976982,-0.354680597782135,0.0455194264650344,-0.2990075945854187,0.084510900080204,-0.4327394962310791,0.0856999903917312,-0.3799744546413421,0.001613134983927,-0.1889017969369888,0.0049948641099035,-0.2089424878358841,0.0007983008981682,-0.2085534930229187,0.0050415406003594,-0.1876653581857681,0.0006740001263096,-0.1718875020742416,0.0074210381135344,-0.1457128226757049,0.0,-0.1989730298519134,0.0005721061024814,-0.1573423445224762,0.075888492166996,-0.3120142519474029,0.0,-0.1797712743282318,0.000952179019805,-0.1785281747579574,0.0003185110981576,-0.1757202893495559,0.0,-0.1702433228492736,0.008883967064321,-0.3991065323352813,0.3469925224781036,-0.0663618594408035,0.0020213071256875,-0.1793259680271148,0.0040513109415769,-0.168060228228569,0.0306937228888273,-0.5171748995780945,0.02636787481606,-0.1605896800756454,0.0079347277060151,-0.1831410229206085,0.0306810475885868,-0.2561661303043365,0.0481791570782661,-0.3175685107707977,0.0429147891700267,-0.3373790085315704,0.0,-0.1612008661031723,0.0223645716905593,-0.367248386144638,0.4651690721511841,-0.5142908096313477,0.0492926351726055,-0.5066549181938171,0.0027154984418302,-0.1591562032699585,0.0098626445978879,-0.2787995338439941,0.0,-0.1774342954158783,0.0,-0.1733133941888809,0.0004972778260707,-0.1395545452833175,0.001044190255925,-0.1492697149515152,0.0,-0.1658024787902832,0.0,-0.1604685336351394,0.0,-0.1664568334817886,0.000578346720431,-0.2105945348739624,0.0,-0.1649830788373947,0.0,-0.1607939600944519,endothelial,yes,frozen_reconstructed
4,571,23,b_plasma,t_nk,3.3259153366088867,0.0365640297532081,3.2893513068556786,7,True,b_plasma,5,4,4,3.0,4,3,-0.1705434173345565,1,-0.251125305891037,0,-0.3451637029647827,0,0.0365640297532081,1,3.3259153366088867,7,-0.3588888347148895,0,-0.1388462036848068,0,-0.1589237600564956,0,0.0279486794024705,-0.1211245134472847,0.0161208696663379,-0.309734582901001,0.0014692278346046,-0.3753091692924499,0.0173502694815397,0.0181721244007349,0.3228549361228943,0.6236823201179504,0.0172521341592073,-0.2122917473316192,0.0208570435643196,-0.2304387837648391,0.0069852862507104,-0.3024802505970001,0.0331766754388809,-0.1910482048988342,0.0900649055838584,-0.2755545675754547,0.031622976064682,-0.1809865534305572,0.0233226362615823,-0.1584388613700866,0.0422938391566276,-0.3496485352516174,0.0,-0.1652255803346634,0.0037918847519904,-0.3277245759963989,0.2800663411617279,-0.0868333056569099,0.0139540527015924,-0.2681250274181366,0.0466246232390403,-0.2812831401824951,0.0281011816114187,-0.3408520221710205,0.0090768747031688,-0.364545613527298,0.0379228256642818,-0.3746716678142547,0.0651493221521377,-0.5755574703216553,0.0340724401175975,-0.2947509288787842,0.0,-0.2700125277042389,0.0069395122118294,-0.2067781835794448,0.1426258534193039,0.0835251286625862,0.0042332890443503,-0.1187755241990089,0.0268169585615396,-0.1659684628248214,0.0238633509725332,-0.3318364322185516,0.0376655608415603,-0.3161376416683197,0.0350822955369949,-0.3754535913467407,0.0282914713025093,-0.3554668128490448,0.0017793284496292,-0.2350454926490783,0.0293755270540714,-0.4261361956596374,0.032745212316513,-0.4305556118488312,0.0476822182536125,-0.3486402332782745,0.0293987225741148,-0.3603675067424774,0.0293755643069744,-0.2125327438116073,0.0,-0.1629744619131088,0.011613187380135,-0.4480414390563965,0.0,-0.1637143641710281,0.017942251637578,-0.3731380701065063,0.0128247123211622,-0.4832659065723419,0.0869538784027099,-0.429270476102829,0.0629499033093452,-0.4152064919471741,0.0132784722372889,-0.0062431045807898,0.0757911652326583,0.1309346556663513,0.0211230628192424,-0.0616034939885139,0.0938583761453628,0.5269045829772949,0.0,-0.1764497309923172,0.0122048817574977,-0.1237624287605285,0.0115807140246033,-0.1194465160369873,0.0,-0.1658288836479187,0.521766185760498,0.3245711624622345,0.3081358075141907,6.201569557189941,0.292892187833786,6.22813081741333,2.120813369750977,6.236199855804443,0.2184750139713287,6.236220359802246,0.7556325793266296,2.5801265239715576,1.1686497926712036,1.517437219619751,0.1545195877552032,0.4407671093940735,0.0318472608923912,-0.0549367778003215,0.2828918993473053,0.5477238297462463,0.0,-0.3246844410896301,0.0022925795055925,-0.21494060754776,0.0172757916152477,-0.2958841621875763,0.0429996699094772,-0.3289628624916076,0.0171335209161043,-0.3929046392440796,0.0,-0.1612008661031723,0.0060601467266678,-0.4401836395263672,0.4036793112754822,-0.5640248656272888,0.0490573421120643,-0.5072132349014282,0.0073787434957921,-0.1388740986585617,0.0148407937958836,-0.2659546434879303,0.0125538259744644,-0.1278900951147079,0.0,-0.1733133941888809,0.0035460654180496,0.0626772195100784,0.0,-0.1627659648656845,0.0,-0.1658024787902832,0.0,-0.1604685336351394,0.0140164988115429,-0.0954863354563713,0.0,-0.2128868699073791,0.0,-0.1649830788373947,0.0,-0.1607939600944519,excluded_lymphocyte,no,frozen_reconstructed
5,1940,26,endothelial,mesenchymal_hsc_myofibroblast,0.6346930265426636,-0.0470596887171268,0.6817527152597904,5,True,endothelial,6,4,4,3.0,4,5,-0.3241600096225738,0,0.6346930265426636,5,-0.0470596887171268,1,-0.2121789008378982,0,-0.229502648115158,0,-0.3387026488780975,0,-0.174838587641716,0,-0.1697630584239959,0,0.0018516441341489,-0.3988104462623596,0.0128751853480935,-0.3306247889995575,0.005825615953654,-0.3406594097614288,0.0013685313751921,-0.3839748203754425,0.0791545882821083,-0.4700584411621094,0.009849976748228,-0.2634449601173401,0.0086584715172648,-0.2868079245090484,0.018640037626028,-0.2490352839231491,0.0156447347253561,-0.3077436089515686,0.0369559563696384,-0.3619703650474548,0.0052842241711914,-0.3468944728374481,0.0175389479845762,-0.183072417974472,0.0100023029372096,-0.4663881957530975,0.0,-0.1652255803346634,0.0076706651598215,-0.3076897859573364,0.3563103675842285,0.0650429055094719,0.0193673260509967,-0.2578981816768646,1.2094976902008057,2.582193613052368,0.4167548418045044,0.4927591383457184,0.0704419016838073,0.103054903447628,1.029933214187622,1.8065391778945925,0.7922602891921997,1.3467496633529663,0.3536253273487091,0.9085931777954102,0.0021416689269244,-0.2293132990598678,0.0011943503050133,-0.2286605983972549,0.0559904873371124,-0.1665842831134796,0.0,-0.2282418608665466,0.6892218589782715,2.0567750930786133,0.018999595195055,-0.3409629464149475,0.0179406870156526,-0.3542868494987488,0.049383670091629,-0.3541298806667328,0.0395865403115749,-0.3339192271232605,0.0019411784596741,-0.2341800779104232,0.0759076848626136,-0.3217201828956604,0.1237547546625137,-0.2048795223236084,0.0290307458490133,-0.3802750706672668,0.0140958074480295,-0.3970649242401123,0.0179005172103643,-0.2444394528865814,0.0,-0.1629744619131088,0.0319613330066204,-0.3586741387844085,0.0,-0.1637143641710281,0.0159478057175874,-0.3802816569805145,0.13400499522686,0.1996725052595138,2.9468133449554443,3.631699323654175,0.072843961417675,-0.3998839855194092,0.000569615222048,-0.2052414864301681,0.0023299816530197,-0.2217359840869903,0.0,-0.2143252938985824,0.0040949126705527,-0.195281371474266,0.0007214251090772,-0.1715664863586425,0.0024628203827887,-0.1684633493423462,0.0015930394874885,-0.1880333870649337,0.0,-0.1658288836479187,0.0288764685392379,-0.3791339099407196,0.0,-0.1797712743282318,0.0036765786353498,-0.1187408939003944,0.0015094450209289,-0.1721191555261612,0.0,-0.1702433228492736,0.0109602408483624,-0.3908230066299438,0.0870186164975166,-0.5674788951873779,0.0,-0.1875450760126114,0.0025692575145512,-0.1740918457508087,0.1283769905567169,-0.1047104224562645,0.0109665021300315,-0.2564367949962616,0.0043109958060085,-0.2035646587610244,0.0063079353421926,-0.3283804655075073,0.0215262919664382,-0.3762022852897644,0.024385891854763,-0.3772850930690765,0.0,-0.1612008661031723,0.0027204153593629,-0.4551233947277069,0.5724459886550903,-0.4275233447551727,0.0678561627864837,-0.4626071155071258,0.0024970865342766,-0.1601061522960662,0.0105466349050402,-0.2770346999168396,0.0013750325888395,-0.17200767993927,0.0010275753447785,-0.1687633693218231,0.0008314264123328,-0.1173898577690124,0.0,-0.1627659648656845,0.0,-0.1658024787902832,0.0,-0.1604685336351394,0.0,-0.1664568334817886,0.00098019069992,-0.2090017795562744,0.0016683989670127,-0.1520942002534866,0.0,-0.1607939600944519,endothelial,yes,frozen_reconstructed
6,2388,18,epithelial,macrophage_monocyte,2.551682710647583,-0.0393210500478744,2.591003760695457,6,True,epithelial,1,4,4,,4,5,-0.0393210500478744,1,-0.3636638820171356,0,-0.2363833785057068,1,-0.2172693610191345,0,-0.2484416216611862,0,2.551682710647583,6,-0.188673511147499,0,-0.1709067970514297,0,0.0002104756858898,-0.4162733256816864,0.0028400961309671,-0.3952137231826782,0.0014306678203865,-0.3756158649921417,0.0,-0.4184110164642334,0.1005178466439247,-0.374178946018219,0.001347221317701,-0.3222039639949798,0.0027459643315523,-0.3141294121742248,0.0013145549455657,-0.3284843862056732,0.0201377645134925,-0.2778372764587402,0.0089868661016225,-0.4074800312519073,0.0,-0.3801798224449157,0.0009059601579792,-0.2539147436618805,1.2920079231262207,4.168289661407471,0.0002375848416704,-0.1620160043239593,0.00293177831918,-0.3321671783924103,0.0179255101829767,-0.6090113520622253,0.0114514827728271,-0.2728529572486877,0.0044980505481362,-0.3850162625312805,0.0067068026401102,-0.3867401480674743,0.0056956098414957,-0.3903107941150665,0.0070587759837508,-0.4425348937511444,0.0375185012817382,-0.6486067175865173,0.0075717801228165,-0.394544780254364,0.0020837979391217,-0.2304130643606186,0.0048873424530029,-0.2145945727825164,0.0109169455245137,-0.2967080175876617,0.0009466735064052,-0.203762337565422,0.0010191698092967,-0.2525346577167511,0.0356768332421779,-0.3096691966056824,0.0231625195592641,-0.3441874980926513,0.0322732031345367,-0.379641979932785,0.012670200318098,-0.3852674663066864,0.0041782893240451,-0.2222180962562561,0.0355550236999988,-0.4122696816921234,0.0254054814577102,-0.4487559497356415,0.0261586140841245,-0.3851464986801147,0.0114245163276791,-0.4034708738327026,0.02671654894948,-0.2199262231588363,0.0004214981454424,-0.1598060876131057,0.0249446034431457,-0.3894910216331482,0.0,-0.1637143641710281,0.4329079389572143,1.1131566762924194,0.1045212894678115,0.0335105247795581,0.0406982973217964,-0.494952917098999,0.0426351763308048,-0.446666955947876,0.0,-0.2141606658697128,0.0025090787094086,-0.2208761721849441,0.000336446595611,-0.2118927538394928,0.0005220764433033,-0.2240263968706131,0.0,-0.1764497309923172,0.0,-0.1797638535499572,0.000759036920499,-0.1937606036663055,0.0004966245614923,-0.1584620177745819,0.0310490000993013,-0.376032143831253,0.0003961330803576,-0.1715675443410873,0.0003621843061409,-0.1914756894111633,0.0006928688380867,-0.1745883077383041,0.0,-0.1702433228492736,0.0039161890745162,-0.4189260005950928,0.3056890368461609,-0.1459770798683166,0.001257870462723,-0.1824302822351455,0.0024281598161906,-0.174666091799736,0.0096336901187896,-0.6061002016067505,0.8579776287078857,5.014753341674805,1.122547268867493,6.098904609680176,1.6192091703414917,4.450435161590576,1.2296684980392456,2.281597852706909,1.3498432636260986,2.477378368377685,0.0016346771735697,-0.1251784116029739,0.8562244176864624,3.3628909587860107,0.3236553370952606,-0.628749668598175,0.2767719030380249,0.0331112071871757,0.0002604387700557,-0.1698341369628906,0.0008969384944066,-0.3019333183765411,0.0,-0.1774342954158783,0.0006569472607225,-0.1704044789075851,0.0,-0.1725399196147918,0.0,-0.1627659648656845,0.0,-0.1658024787902832,0.0,-0.1604685336351394,0.0,-0.1664568334817886,0.0027892137877643,-0.2018315345048904,0.0,-0.1649830788373947,0.0,-0.1607939600944519,excluded_epithelial,no,frozen_reconstructed
7,692,24,macrophage_monocyte,b_plasma,3.456129312515259,0.4519230425357818,3.004206269979477,15,True,macrophage_monocyte,6,4,4,3.0,3,4,3.456129312515259,15,-0.1549737304449081,1,-0.3620430827140808,0,-0.1751738637685775,0,0.4519230425357818,2,-0.3964193761348724,0,-0.0448707602918148,1,-0.0813291519880294,0,0.1067976951599121,0.7178696990013123,0.8860385417938232,5.289321422576904,0.7385773658752441,5.487488746643066,0.0503623597323894,0.8488521575927734,0.8833640813827515,3.1392788887023926,0.7013220191001892,4.515029430389404,0.9060339331626892,3.859930276870728,1.1222020387649536,4.811545372009277,0.8928846120834351,5.531304359436035,2.0207414627075195,2.865928888320923,0.3049890697002411,1.5409475564956665,0.1891918033361435,0.5480220317840576,0.3759975433349609,0.8567495346069336,0.4744020104408264,6.243525505065918,1.1487306356430054,5.586143970489502,0.6104512214660645,0.5712851881980896,0.0531887263059616,-0.1940020769834518,0.0280775856226682,-0.326953649520874,0.0155420592054724,-0.3677896857261657,0.0043639014475047,-0.4004583954811096,0.0284518860280513,-0.3954961597919464,0.3920378983020782,0.2886575758457184,0.0313969328999519,-0.3048261106014251,0.0013855095021426,-0.2436829805374145,0.034794695675373,-0.1006822139024734,0.0392695814371109,-0.214856207370758,0.0056558521464467,-0.0819902345538139,0.0036033096257597,-0.2438634037971496,0.0233273580670356,-0.3328421711921692,0.0234175398945808,-0.3436942398548126,0.0321716703474521,-0.3797933757305145,0.0254710484296083,-0.3608473241329193,0.0060301348567008,-0.2123161554336547,0.0189230572432279,-0.4495910704135895,0.014660402201116,-0.4754004776477813,0.0324440225958824,-0.3744857907295227,0.0122658740729093,-0.4014532268047333,0.0194181539118289,-0.2402196377515792,0.0,-0.1629744619131088,0.0064091081731021,-0.4708973169326782,0.0,-0.1637143641710281,0.0135000431910157,-0.3890488743782043,0.0215195938944816,-0.4342640042304992,0.0350745245814323,-0.5029385685920715,0.0338632948696613,-0.4602515399456024,0.0040976270101964,-0.1499990373849868,0.0031918734312057,-0.2175982445478439,0.0067343078553676,-0.1656355857849121,0.0016004196368157,-0.2153506577014923,0.0121081909164786,-0.0944905951619148,0.0,-0.1797638535499572,0.007917296141386,-0.1446037590503692,0.0018922798335552,-0.1377590745687484,0.1043607890605926,-0.2713639736175537,0.0013306129258126,-0.1522149294614792,0.0,-0.1994238495826721,0.0,-0.1766833961009979,0.0,-0.1702433228492736,0.3714950680732727,1.047568917274475,2.2231876850128174,3.550129175186157,0.0046828258782625,-0.1685036271810531,0.011197792366147,-0.138975590467453,0.2658237516880035,0.4756541550159454,0.0022379443980753,-0.3107570707798004,0.003231180133298,-0.2096505910158157,0.0102936159819364,-0.3165714144706726,0.0105339335277676,-0.4003844559192657,0.0046343584544956,-0.4198243021965027,0.0,-0.1612008661031723,0.0079052885994315,-0.4319296777248382,0.2269818782806396,-0.7069408893585205,0.0055218976922333,-0.610514760017395,0.0044806045480072,-0.1514791399240493,0.3493283987045288,0.5971077680587769,0.0141491116955876,-0.1215942353010177,0.0026525573339313,-0.1615681052207946,0.0,-0.1725399196147918,0.001899154856801,-0.1382192224264145,0.0,-0.1658024787902832,0.0,-0.1604685336351394,0.0047310483641922,-0.1425018608570099,0.1058024689555168,0.2064722031354904,0.0020231574308127,-0.1493536084890365,0.0,-0.1607939600944519,macrophage_monocyte,yes,frozen_reconstructed
8,829,24,b_plasma,t_nk,1.9385484457015991,-0.1083892807364463,2.046937726438045,4,True,b_plasma,5,4,4,3.0,4,4,-0.2352321147918701,0,-0.1955125331878662,1,-0.2932830452919006,0,-0.1083892807364463,0,1.9385484457015991,4,-0.3219319581985473,0,-0.1826660484075546,0,-0.168134719133377,0,0.0,-0.4185128808021545,0.0152314342558383,-0.3154592514038086,0.0158072430640459,-0.2612676918506622,0.0047658062539994,-0.2984894812107086,0.2279918938875198,0.197931706905365,0.0122056324034929,-0.2471660375595092,0.0183124300092458,-0.2421973347663879,0.0261387061327695,-0.2146487981081009,0.0178861357271671,-0.2928244769573211,0.085362784564495,-0.2832055985927582,0.0115201380103826,-0.3076144158840179,0.0190918669104576,-0.1764583140611648,0.0654095783829689,-0.2660810649394989,0.0,-0.1652255803346634,0.0213055238127708,-0.2372626364231109,0.8324443697929382,1.0134899616241455,0.0381337404251098,-0.2224442660808563,0.0247546788305044,-0.3351360559463501,0.0258864760398864,-0.34560227394104,0.0046591316349804,-0.3982087671756744,0.0367429330945014,-0.3772660195827484,0.0639295801520347,-0.5787821412086487,0.0188265852630138,-0.3521624207496643,0.0,-0.2700125277042389,0.0012554973363876,-0.2284276932477951,0.1233336329460144,0.0278300233185291,0.0,-0.2282418608665466,0.0027583013288676,-0.2466988861560821,0.0593490041792392,-0.2652499675750732,0.0472952499985694,-0.2975131571292877,0.0982081815600395,-0.2813313901424408,0.0773474127054214,-0.2618829607963562,0.0165622346103191,-0.156000331044197,0.0769223645329475,-0.3194432854652405,0.041319478303194,-0.4092940390110016,0.1017305552959442,-0.2569687068462372,0.0435583256185054,-0.3264118432998657,0.033587496727705,-0.2008213400840759,0.0,-0.1629744619131088,0.0145849240943789,-0.434989869594574,0.0,-0.1637143641710281,0.0089324712753295,-0.4054086804389953,0.0376449190080165,-0.3433861434459686,0.0511878244578838,-0.4800578951835632,0.1887645125389099,-0.2203631550073623,0.0103879282251,-0.051503948867321,0.0354362316429615,-0.0628003180027008,0.006261371076107,-0.1690549701452255,0.0169187318533658,-0.092108204960823,0.0031721703708171,-0.1549776345491409,0.0080429995432496,-0.1428589969873428,0.0114282416179776,-0.1204935684800148,0.0047157150693237,-0.0958766490221023,0.2343132048845291,-0.0858292207121849,0.0364652276039123,0.5754056572914124,0.0120723824948072,0.0655060335993766,0.0054001118987798,-0.1603546142578125,0.0114921228960156,0.1667465567588806,0.0832841619849205,-0.1022790446877479,0.3971814513206482,0.0303806420415639,1.5742032527923584,6.213527679443359,1.5787760019302368,6.240725040435791,1.1993118524551392,4.417277812957764,0.0100831091403961,-0.2619343996047973,0.0019675537478178,-0.2167724967002868,0.0143580716103315,-0.3045289814472198,0.0427366718649864,-0.32954141497612,0.0506395734846591,-0.3207420110702514,0.0,-0.1612008661031723,0.0065681328997015,-0.4379112422466278,0.6682175993919373,-0.3500615358352661,0.0459044016897678,-0.5146945714950562,0.0,-0.1709668785333633,0.0110062239691615,-0.2758488357067108,0.0027583013288676,-0.1665485501289367,0.0020604969467967,-0.1641896963119506,0.0,-0.1725399196147918,0.0,-0.1627659648656845,0.0,-0.1658024787902832,0.0,-0.1604685336351394,0.0,-0.1664568334817886,0.0,-0.2128868699073791,0.0,-0.1649830788373947,0.0014603909803554,-0.135878250002861,excluded_lymphocyte,no,frozen_reconstructed
9,14682,26,neutrophil,dendritic,-0.169602170586586,-0.172214925289154,0.002612754702568,0,False,ambiguous,6,4,4,3.0,4,5,-0.3364712595939636,0,-0.3648533225059509,0,-0.388238251209259,0,-0.2196609675884246,0,-0.189895287156105,0,-0.3783783912658691,0,-0.169602170586586,0,-0.172214925289154,0,0.0065571339800953,-0.3487416207790375,0.0015530853997915,-0.4034972786903381,0.0053236982785165,-0.3446515500545501,0.0,-0.4184110164642334,0.0830715522170066,-0.4524789154529571,0.0004322226450312,-0.3285271227359772,0.0008377117337659,-0.3229473531246185,0.0008366585825569,-0.33067587018013,0.0028041664045304,-0.3932124376296997,0.1115706712007522,-0.2405616641044616,0.0043400200083851,-0.3528420031070709,0.0098892608657479,-0.2156535536050796,0.0229421537369489,-0.419608324766159,0.0,-0.1652255803346634,0.0072166109457612,-0.3100350797176361,0.1084237471222877,-0.4287410974502563,0.0273437518626451,-0.2428289502859115,0.0,-0.3960923552513122,0.0029735162388533,-0.3947475850582123,0.0004940357175655,-0.4299467206001282,0.0006597416358999,-0.456604927778244,0.0290510524064302,-0.6709926128387451,0.0006242056260816,-0.4207073748111725,0.0,-0.2700125277042389,0.0010969713330268,-0.2290314882993698,0.0031291907653212,-0.31919065117836,0.0,-0.2282418608665466,0.0,-0.2559545338153839,0.0027008755132555,-0.3715463876724243,0.0008010853780433,-0.3874359726905823,0.0028797932900488,-0.4234682321548462,0.0024214349687099,-0.40481898188591,0.0,-0.2445596754550933,0.0143600329756736,-0.4598302543163299,0.0109679158776998,-0.4845567345619201,0.0047330125235021,-0.4214865267276764,0.0046220836229622,-0.4197835326194763,0.0013336072443053,-0.2905042171478271,0.0,-0.1629744619131088,0.0092620309442281,-0.4583675265312195,0.0,-0.1637143641710281,0.0144472997635602,-0.3856560289859772,0.0007101524388417,-0.5515402555465698,0.0269810818135738,-0.5144311785697937,0.0370113588869571,-0.4553763270378113,3.818010372924618e-05,-0.2135628312826156,4.059959246660583e-05,-0.2327268123626709,0.0,-0.2143252938985824,0.0,-0.2282267361879348,0.0008625884656794,-0.1706109493970871,0.0040613757446408,-0.1611284613609314,0.0023630079813301,-0.1827459037303924,0.0,-0.1658288836479187,0.0088031524792313,-0.407792866230011,5.7616725825937465e-05,-0.1785780638456344,0.0,-0.1994238495826721,0.0003390859637875,-0.1756580770015716,0.0,-0.1702433228492736,0.0057263984344899,-0.4117039740085602,0.1366626769304275,-0.4717866480350494,0.0010246407473459,-0.1833786517381668,0.001791815739125,-0.1772558689117431,0.2145070284605026,0.2589709162712097,0.002830863231793,-0.3070671856403351,0.0021248848643153,-0.2158857733011245,0.0405238233506679,-0.2270032912492752,0.0092433914542198,-0.4032235145568847,0.0092613687738776,-0.4098590314388275,0.0,-0.1612008661031723,0.0065812864340841,-0.4378524124622345,0.1860529482364654,-0.7400450110435486,0.0507199652493,-0.5032681226730347,0.0026679541915655,-0.1593629866838455,0.0418538600206375,-0.1962541341781616,0.0042085372842848,-0.1608251184225082,0.0005495496443472,-0.1708800196647644,0.0,-0.1725399196147918,9.404167940374464e-05,-0.1615504771471023,0.0,-0.1658024787902832,8.924670692067593e-05,-0.1595647484064102,7.561722304672003e-05,-0.1660739630460739,0.000396269490011,-0.2113162130117416,0.0002145344624295,-0.1633257418870926,0.0,-0.1607939600944519,excluded_ambiguous,no,frozen_reconstructed
10,446,25,mesenchymal_hsc_myofibroblast,endothelial,1.6140289306640625,0.0014455398777499,1.6125833907863123,12,True,mesenchymal_hsc_myofibroblast,6,4,4,3.0,4,4,-0.299570232629776,0,0.0014455398777499,1,1.6140289306640625,12,-0.199199765920639,0,-0.233990728855133,0,-0.3198766112327575,0,-0.1746968328952789,0,-0.1696299314498901,0,0.0112809557467699,-0.2984777092933655,0.0211029238998889,-0.2776685655117035,0.0185401383787393,-0.2395308464765548,0.0057607637718319,-0.2734534740447998,0.0462705977261066,-0.6176436543464661,0.0065841977484524,-0.2860133945941925,0.0128254210576415,-0.2675526142120361,0.0062918881885707,-0.3056599199771881,0.0046919863671064,-0.3806468248367309,0.0400537475943565,-0.3569298088550567,0.0136340809985995,-0.2942986786365509,0.0109183155000209,-0.211270660161972,0.049723383039236,-0.3227894306182861,0.0040127336978912,-0.1110170930624008,0.0187231935560703,-0.2506009638309479,0.1100987419486045,-0.4254045486450195,0.0575088448822498,-0.1858404278755188,0.047798104584217,-0.2783935368061065,0.0590234771370887,-0.2745277285575866,0.2784508764743805,1.6880799531936646,0.0631944015622139,-0.3191051185131073,0.3467727601528168,0.1689874082803726,0.0338624343276023,-0.295541763305664,0.0294076297432184,0.2888355851173401,0.0429675430059433,-0.0695531368255615,0.080445222556591,-0.0959854125976562,0.0106628937646746,0.0474841520190238,0.0076622343622148,-0.2302433997392654,0.7131989598274231,0.9616557955741882,0.7997027635574341,1.1576929092407229,1.3825011253356934,1.6335790157318115,0.5454186201095581,0.6310549378395081,0.0413086302578449,-0.0236797481775283,0.9855053424835204,1.7193756103515625,0.9992097020149232,1.9659836292266848,0.7350941896438599,0.8172813653945923,1.901440382003784,4.128911972045898,1.793880581855774,4.693725109100342,0.8524401783943176,6.2447614669799805,0.7230462431907654,2.6765120029449463,0.0,-0.1637143641710281,0.0726692453026771,-0.1771207898855209,0.2529847621917724,0.8702093958854675,0.4827172756195068,0.1327093094587326,0.440542459487915,0.1695538014173507,0.0023898028302937,-0.1767405569553375,0.009327377192676,-0.1881430596113205,0.0,-0.2143252938985824,0.0,-0.2282267361879348,0.0,-0.1764497309923172,0.0084448726847767,-0.1410150229930877,0.004770872183144,-0.166210725903511,0.0,-0.1658288836479187,0.0591878369450569,-0.3358579874038696,0.0,-0.1797712743282318,0.0028587114065885,-0.136689081788063,0.0031262275297194,-0.1672303676605224,0.0,-0.1702433228492736,0.0165694095194339,-0.3684446215629577,0.1174140498042106,-0.5088896751403809,0.0091229975223541,-0.1504488736391067,0.0078703220933675,-0.1525176912546157,0.0888334810733795,-0.2716816365718841,0.0046452526003122,-0.2957757115364074,0.0097943032160401,-0.1726603060960769,0.0237756017595529,-0.2766260802745819,0.0834998115897178,-0.2398663461208343,0.0425918996334075,-0.3380744457244873,0.0,-0.1612008661031723,0.0193744618445634,-0.3806241750717163,0.5386042594909668,-0.4548951387405395,0.0271621849387884,-0.5591663718223572,0.0033262171782553,-0.1564999669790268,0.0296865571290254,-0.2276488542556762,0.0033262171782553,-0.1643072366714477,0.0,-0.1733133941888809,0.0,-0.1725399196147918,0.0,-0.1627659648656845,0.0,-0.1658024787902832,0.0,-0.1604685336351394,0.0,-0.1664568334817886,0.0043999440968036,-0.1954472362995147,0.0,-0.1649830788373947,0.0,-0.1607939600944519,mesenchymal_hsc_myofibroblast,yes,frozen_reconstructed
11,16317,26,epithelial,dendritic,0.0373143702745437,-0.1723265349864959,0.2096409052610397,1,False,ambiguous,6,4,4,3.0,4,5,-0.3688325583934784,0,-0.3873230814933777,0,-0.3848881125450134,0,-0.2242036461830139,0,-0.3071118593215942,0,0.0373143702745437,1,-0.188686728477478,0,-0.1723265349864959,0,0.0002889886673074,-0.4154379069805145,0.0,-0.4134934246540069,0.0023069400340318,-0.3686461746692657,0.0,-0.4184110164642334,0.0678682401776313,-0.5207121968269348,0.0002116428222507,-0.3300514817237854,0.0005957188550382,-0.3240655958652496,0.0004893875448033,-0.3322683572769165,0.0063801445066928,-0.3694101870059967,0.0122862989082932,-0.4021113514900207,0.0008847602875903,-0.3746066987514496,0.0011727532837539,-0.25277841091156,0.000627618515864,-0.5002793073654175,0.0,-0.1652255803346634,0.0004490869177971,-0.3449908792972564,0.00405467255041,-0.6366417407989502,0.0117761697620153,-0.2722395658493042,0.0002668709494173,-0.3954352140426636,0.0012841121060773,-0.3983711302280426,0.0017731880070641,-0.4201995730400085,0.0026286987122148,-0.4522756338119507,0.0043788864277303,-0.7362199425697327,0.0006377737736329,-0.4206562340259552,0.0,-0.2700125277042389,0.0023186078760772,-0.2243784666061401,0.0012282744282856,-0.3246784508228302,0.0,-0.2282418608665466,3.127206218778156e-05,-0.2558495998382568,0.0009435758111067,-0.3748438656330108,0.0009357169037684,-0.387175589799881,0.0023219787981361,-0.4242999255657196,0.0010487184626981,-0.4074377417564392,9.90728076430969e-05,-0.2440299242734909,0.0440068989992141,-0.3933040499687195,0.0102127017453312,-0.4864294230937958,0.0033325746189802,-0.4238618314266205,0.025112522765994,-0.3706461191177368,0.0049436371773481,-0.2804664373397827,0.0,-0.1629744619131088,0.0144612900912761,-0.4355328381061554,0.0,-0.1637143641710281,0.0028299058321863,-0.427266389131546,0.0002498873218428,-0.55413419008255,0.0119029032066464,-0.5358420610427856,0.0268334187567234,-0.4711384177207947,0.0,-0.2141606658697128,6.803184805903584e-05,-0.2325951009988784,2.746293284872081e-05,-0.2141267359256744,9.57189331529662e-05,-0.2274566292762756,5.40770088264253e-05,-0.1760836988687515,0.0005645752535201,-0.1771733313798904,0.0003160905907861,-0.1968023926019668,9.815309022087604e-05,-0.1643728911876678,0.0037123116198927,-0.4150611162185669,0.0,-0.1797712743282318,0.0,-0.1994238495826721,0.0002292452409164,-0.1759902089834213,0.0,-0.1702433228492736,0.0008459807140752,-0.4311749041080475,0.0116209257394075,-0.7128129601478577,0.000177237598109,-0.1868243813514709,0.000205788470339,-0.1837106496095657,0.0290643069893121,-0.5240550637245178,0.0002496483793947,-0.3231308162212372,0.0,-0.2278617769479751,0.0001029405902954,-0.3467650711536407,0.0428395718336105,-0.3293150663375854,0.0681866630911827,-0.2829505205154419,0.0,-0.1612008661031723,0.0025013529229909,-0.4561033248901367,4.1226959228515625,2.4439826011657715,0.2708982825279236,0.0191741939634084,0.0,-0.1709668785333633,0.0014229379594326,-0.3005761206150055,5.5371358030242845e-05,-0.1772157698869705,0.0002212409162893,-0.1723337471485138,0.0,-0.1725399196147918,0.0001078390487236,-0.1613721400499344,0.0,-0.1658024787902832,6.864935858175159e-05,-0.1597733348608017,3.205815301043913e-05,-0.1662945002317428,0.0005048608290962,-0.2108857929706573,0.0,-0.1649830788373947,6.435722025344148e-05,-0.159695953130722,excluded_ambiguous,no,frozen_reconstructed
12,4074,25,t_nk,dendritic,0.3774594664573669,-0.173117846250534,0.550577312707901,1,False,ambiguous,6,4,4,3.0,4,4,-0.3129506707191467,0,-0.3696196675300598,0,-0.3876184225082397,0,0.3774594664573669,1,-0.2438400834798813,0,-0.3997580111026764,0,-0.180601567029953,0,-0.173117846250534,0,0.0175710823386907,-0.2315475046634674,0.0073621161282062,-0.3661085963249206,0.0067497622221708,-0.3333089649677276,0.0005124690360389,-0.4055157899856567,0.0996904745697975,-0.377892255783081,0.0088273491710424,-0.2705118954181671,0.0115969656035304,-0.2732292413711548,0.0125911105424165,-0.2767737209796905,0.0138862421736121,-0.3194483816623688,0.0340257957577705,-0.3667381405830383,0.0070784138515591,-0.3355928659439087,0.0043716807849705,-0.2391537278890609,0.0201213955879211,-0.4298058748245239,0.0,-0.1652255803346634,0.0084997322410345,-0.3034074604511261,0.0836679711937904,-0.478054016828537,0.0046812882646918,-0.2856433391571045,0.0004975674091838,-0.3948671221733093,0.0068181613460183,-0.3865013122558594,0.0,-0.4337112605571747,0.0050482312217354,-0.4469556212425232,0.0269393380731344,-0.6765755414962769,0.0029010693542659,-0.4121333360671997,0.0,-0.2700125277042389,0.0008370029972866,-0.230021670460701,0.0075655523687601,-0.3063832223415375,0.0,-0.2282418608665466,0.0,-0.2559545338153839,0.0025464931968599,-0.3718360960483551,0.0039689824916422,-0.3813090622425079,0.0065003768540918,-0.4180698692798614,0.0059452508576214,-0.3980966210365295,0.0002764241653494,-0.2430816292762756,0.0091308942064642,-0.47156423330307,0.0124662443995475,-0.4808413386344909,0.0044540939852595,-0.4219596087932586,0.0046340394765138,-0.4197548627853393,0.000986112980172,-0.2914704382419586,0.0,-0.1629744619131088,0.0250186808407306,-0.3891656398773193,0.0,-0.1637143641710281,0.0043215928599238,-0.4219236075878143,0.0038694953545928,-0.5337350368499756,0.0113152768462896,-0.5366764664649963,0.0189547892659902,-0.4833396971225738,0.0063853920437395,-0.1141766384243965,0.0930700376629829,0.2138866484165191,0.000897855090443,-0.207833707332611,0.031341727823019,0.0239310432225465,0.002378870267421,-0.1603474020957946,0.0070387837477028,-0.147466778755188,0.0157967396080493,-0.0904944241046905,0.0,-0.1658288836479187,3.127958059310913,4.045465469360352,0.0,-0.1797712743282318,0.0,-0.1994238495826721,0.0005679900641553,-0.1749659180641174,0.0,-0.1702433228492736,0.0071855853311717,-0.4058823883533478,0.1551049500703811,-0.4362379312515259,0.0008863562252372,-0.1839409470558166,0.0019794439431279,-0.1764922589063644,0.0897994339466095,-0.2676029205322265,0.0010922962101176,-0.3178867697715759,0.001057204324752,-0.2219032943248748,0.0056731817312538,-0.3302611708641052,0.0065579609945416,-0.4091312289237976,0.0048643718473613,-0.4193289577960968,0.0,-0.1612008661031723,0.0037128136027604,-0.4506840705871582,0.2452413886785507,-0.6921722888946533,0.0119535839185118,-0.5952535271644592,0.0040366379544138,-0.1534100919961929,0.0088880853727459,-0.2813141345977783,0.0035229553468525,-0.1635308116674423,0.0019119296921417,-0.1648475378751754,0.0,-0.1725399196147918,0.0,-0.1627659648656845,0.0,-0.1658024787902832,0.0,-0.1604685336351394,0.0,-0.1664568334817886,0.0,-0.2128868699073791,0.0,-0.1649830788373947,0.0,-0.1607939600944519,excluded_ambiguous,no,frozen_reconstructed
13,3283,22,epithelial,macrophage_monocyte,1.2916133403778076,-0.0985769927501678,1.3901903331279757,5,True,epithelial,4,4,4,1.0,4,5,-0.0985769927501678,1,-0.3700060248374939,0,-0.2713848650455475,0,-0.2191758453845977,0,-0.2729575932025909,0,1.2916133403778076,5,-0.1885149776935577,0,-0.1701823472976684,0,0.0,-0.4185128808021545,0.0038896433543413,-0.3884584903717041,0.0011538238031789,-0.377817839384079,0.0005500416154973,-0.4045704007148742,0.1186853349208831,-0.2926422655582428,0.0006194647867232,-0.3272331953048706,0.0029060998931527,-0.3133894205093384,0.000993278925307,-0.3299576342105865,0.0279859211295843,-0.2255987077951431,0.0201832298189401,-0.389261931180954,0.0007357919821515,-0.3755450546741485,0.0008268786477856,-0.2542515397071838,0.9962279200553894,3.098992347717285,0.0005456822691485,-0.1578538864850998,0.0047929445281624,-0.3225538730621338,0.0195217989385128,-0.6058315634727478,0.0119501054286956,-0.2719109356403351,0.005686814431101,-0.3820890188217163,0.0072963358834385,-0.3854756653308868,0.0031879800371825,-0.409418910741806,0.0109442435204982,-0.4339916110038757,0.0287440009415149,-0.6718043684959412,0.0014392739394679,-0.4176380336284637,0.00162030744832,-0.2392210066318512,0.0035937547218054,-0.2195216417312622,0.0073973815888166,-0.306868702173233,0.0005934443324804,-0.2128963023424148,0.0007581607787869,-0.2534104883670807,0.024540226906538,-0.3305663168430328,0.017148895189166,-0.3558182120323181,0.024643050506711,-0.3910186886787414,0.0132159441709518,-0.3842263519763946,0.0018583057681098,-0.2346232086420059,0.0295894593000412,-0.4256561398506164,0.0183534733951091,-0.4662427604198456,0.0204607062041759,-0.3948107361793518,0.0140222106128931,-0.3972414135932922,0.0235661510378122,-0.2286860048770904,9.111534018302336e-05,-0.1622895449399948,0.0230737179517745,-0.3977077901363373,0.0,-0.1637143641710281,0.2322323024272918,0.3943908810615539,0.110746368765831,0.0685933455824852,0.1316500753164291,-0.3658023774623871,0.0868955701589584,-0.3781229257583618,0.0004206395533401,-0.2075742036104202,0.000718490104191,-0.2294723987579345,0.0003834819362964,-0.2115526795387268,0.0014922228874638,-0.2162211537361145,0.0,-0.1764497309923172,0.0004677499819081,-0.1776175945997238,0.0003658248751889,-0.1964608579874038,0.0,-0.1658288836479187,0.0202814899384975,-0.3914050757884979,0.0001162023036158,-0.177364781498909,0.0,-0.1994238495826721,0.0,-0.1766833961009979,0.0,-0.1702433228492736,0.0078758224844932,-0.4031286239624023,0.1882726550102234,-0.3723049759864807,0.001100048655644,-0.183072030544281,0.0014883077237755,-0.1784910708665847,0.0120479008182883,-0.5959063172340393,0.3562615215778351,1.8924318552017207,0.0988966971635818,0.3295279443264007,0.8446761965751648,2.155595064163208,1.1412413120269775,2.087066173553467,1.2206456661224363,2.199122905731201,0.0,-0.1612008661031723,0.7796632051467896,3.020406484603882,0.9686278700828552,-0.1070842966437339,0.3507529199123382,0.208654448390007,0.0,-0.1709668785333633,0.0014376272447407,-0.3005382120609283,0.0,-0.1774342954158783,0.0008483323617838,-0.1695570647716522,0.0,-0.1725399196147918,0.0,-0.1627659648656845,0.0,-0.1658024787902832,0.0004226527817081,-0.1561883687973022,0.0002692269044928,-0.1650936305522918,0.001561465091072,-0.2066978365182876,0.0003682885726448,-0.1621379405260086,0.0,-0.1607939600944519,excluded_epithelial,no,frozen_reconstructed
14,4290,26,epithelial,mesenchymal_hsc_myofibroblast,0.2182193100452423,-0.0923609212040901,0.3105802312493324,2,False,ambiguous,6,4,4,3.0,4,5,-0.3337197005748749,0,-0.3716971576213836,0,-0.0923609212040901,2,-0.2236829847097396,0,-0.3088153302669525,0,0.2182193100452423,2,-0.1872105151414871,0,-0.1690149903297424,0,0.0007600196404382,-0.4104259014129638,0.0029139581602066,-0.3947382867336273,0.0005304944352246,-0.3827756345272064,0.0007184955175034,-0.4003316164016723,0.0905450209975242,-0.4189375638961792,0.0046260966919362,-0.299545019865036,0.0010661671403795,-0.3218916654586792,0.0040783984586596,-0.3158102929592132,0.0456386469304561,-0.1080993488430976,0.0194141045212745,-0.3905134201049804,0.0016535802278667,-0.3697638809680938,0.0040665320120751,-0.2404534071683883,0.0131935169920325,-0.4548513889312744,0.0,-0.1652255803346634,0.002880492247641,-0.3324321210384369,0.0091823628172278,-0.6264274716377258,0.0037234427873045,-0.2874529361724853,0.0111086098477244,-0.3687383234500885,0.0042299162596464,-0.3920527398586273,0.0026167030446231,-0.4137720167636871,0.0153769915923476,-0.4242449998855591,0.0225783623754978,-0.6881049275398254,0.0028756284154951,-0.4122291505336761,0.0010148710571229,-0.2507264018058777,0.0003377153479959,-0.231923371553421,0.0019629690796136,-0.3225574493408203,0.0001037320689647,-0.2255595177412033,0.0201696883887052,-0.1882738023996353,0.0095666507259011,-0.3586632311344147,0.0101160993799567,-0.3694201111793518,0.0364165306091308,-0.3734641969203949,0.0301644597202539,-0.3518937230110168,0.0001483467058278,-0.2437664568424224,0.0787452906370163,-0.3153527081012726,0.0350968316197395,-0.4247243106365204,0.0231299716979265,-0.3902834057807922,0.0242679826915264,-0.372671365737915,0.0280675422400236,-0.2161697298288345,0.0,-0.1629744619131088,0.0379207879304885,-0.3325007259845733,0.0,-0.1637143641710281,0.1132396981120109,-0.0318084135651588,0.331577718257904,1.3131375312805176,1.332332730293274,1.3391541242599487,0.2567868232727051,-0.1150201261043548,0.0,-0.2141606658697128,0.0,-0.2329217046499252,0.0,-0.2143252938985824,0.0002845404087565,-0.2259374856948852,0.0003461099695414,-0.1741069555282592,0.0006866970798,-0.1766129732131958,0.0,-0.1989730298519134,0.0,-0.1658288836479187,0.0070611746050417,-0.4102798998355865,0.0,-0.1797712743282318,0.0003568961983546,-0.1915917247533798,0.0003169565170537,-0.1757249981164932,0.0,-0.1702433228492736,0.0008043558336794,-0.4313409924507141,0.029099540784955,-0.679121732711792,0.0001256193936569,-0.1870342791080474,0.0006829750491306,-0.1817686110734939,0.0151657797396183,-0.5827411413192749,0.0022275638766586,-0.3108216822147369,0.0001228138862643,-0.2271695882081985,0.0020288920495659,-0.3410587310791015,0.1016499102115631,-0.1999378204345703,0.1507002115249633,-0.1052394583821296,0.0,-0.1612008661031723,0.1021840721368789,-0.010188571177423,3.1470823287963867,1.6548888683319092,0.9643900990486144,1.6647017002105713,0.0001418578322045,-0.1703498810529709,0.0034638489596545,-0.2953100502490997,0.0002294113801326,-0.1765289157629013,0.0011027780128642,-0.1684303879737854,0.0,-0.1725399196147918,9.70275650615804e-05,-0.1615118682384491,0.0,-0.1658024787902832,0.0,-0.1604685336351394,0.0,-0.1664568334817886,0.0047621480189263,-0.1940116137266159,0.0002121707220794,-0.163343995809555,0.0,-0.1607939600944519,excluded_ambiguous,no,frozen_reconstructed
15,1647,25,endothelial,mesenchymal_hsc_myofibroblast,1.86072838306427,-0.0533175878226757,1.9140459708869455,8,True,endothelial,6,4,4,3.0,4,4,-0.3201684951782226,0,1.86072838306427,8,-0.0533175878226757,1,-0.2120044082403183,0,-0.2111158221960067,0,-0.402355819940567,0,-0.1875310689210891,0,-0.168954461812973,0,0.0042985002510249,-0.3727746307849884,0.0048572849482297,-0.3822304308414459,0.0086925597861409,-0.3178563714027405,0.0027979393489658,-0.3480067551136017,0.08334232121706,-0.4512636661529541,0.0138691654428839,-0.2356700301170349,0.0144322114065289,-0.2601276934146881,0.0131430169567465,-0.2742428481578827,0.0127841532230377,-0.326784074306488,0.0344272665679454,-0.3660848736763,0.0084748575463891,-0.3267966508865356,0.0193081554025411,-0.175537109375,0.0046507171355187,-0.485735148191452,0.0,-0.1652255803346634,0.0064118574373424,-0.3141918182373047,0.8000741600990295,0.949009358882904,0.1209616735577583,-0.0659640207886695,1.836408615112305,4.125908851623535,1.1287740468978882,2.019947052001953,0.3336103558540344,2.1083943843841557,1.6996731758117676,3.279148817062378,1.317232370376587,2.734650135040283,0.909268856048584,3.0009865760803223,0.0356238111853599,0.4069648385047912,0.0149751836434006,-0.1761715859174728,0.1916506290435791,0.2250557690858841,0.0,-0.2282418608665466,1.807663321495056,5.809779644012451,0.0184766165912151,-0.3419442772865295,0.0177912171930074,-0.3545759320259094,0.03188032284379,-0.3802277743816376,0.0413669534027576,-0.3305227756500244,0.0013368906220421,-0.237411230802536,0.0827929750084877,-0.306269884109497,0.1728329360485077,-0.0831804871559143,0.019039761275053,-0.3972208201885223,0.0064175124280154,-0.415477991104126,0.0165780503302812,-0.2481166124343872,0.0,-0.1629744619131088,0.0478402227163314,-0.2889353930950165,0.0,-0.1637143641710281,0.0073566455394029,-0.4110528528690338,0.1147953942418098,0.091412529349327,2.889342784881592,3.5500917434692383,0.0558004155755043,-0.4262785613536834,0.0,-0.2141606658697128,0.0029584483709186,-0.218718871474266,0.0011953306384384,-0.2056829333305359,0.0010707800975069,-0.2196118384599685,0.0040564709343016,-0.1489918828010559,0.0011642293538898,-0.1744218617677688,0.0017891082679852,-0.1866869479417801,0.0,-0.1658288836479187,0.0325173065066337,-0.3739358484745025,0.0,-0.1797712743282318,0.0120263248682022,0.0644952952861785,0.0007137933280318,-0.1745250523090362,0.0,-0.1702433228492736,0.0042956010438501,-0.4174122810363769,0.0835474729537963,-0.5741697549819946,0.0011711202096194,-0.1827830374240875,0.0009735187632031,-0.1805861592292785,0.1330339014530182,-0.0850467681884765,0.0029553270433098,-0.3062925934791565,0.0,-0.2278617769479751,0.0016719117993488,-0.3421164155006408,0.005048815626651,-0.4124512076377868,0.0064751775935292,-0.4158596992492676,0.0,-0.1612008661031723,0.0018861296121031,-0.4588554203510284,0.2239041328430175,-0.7094302773475647,0.0153754353523254,-0.5871341824531555,0.0,-0.1709668785333633,0.0055626998655498,-0.2898944914340973,0.0,-0.1774342954158783,0.0,-0.1733133941888809,0.0,-0.1725399196147918,0.0,-0.1627659648656845,0.0,-0.1658024787902832,0.0,-0.1604685336351394,0.0,-0.1664568334817886,0.0,-0.2128868699073791,0.0026946440339088,-0.1441661715507507,0.0,-0.1607939600944519,endothelial,yes,frozen_reconstructed
16,2253,24,t_nk,b_plasma,2.512531280517578,-0.0905146896839141,2.6030459702014923,5,True,t_nk,6,3,4,3.0,4,4,-0.2694534361362457,0,-0.3431766331195831,0,-0.3812964558601379,0,2.512531280517578,5,-0.0905146896839141,1,-0.4101526737213135,0,-0.179833248257637,0,-0.1723494082689285,0,0.0189457163214683,-0.2169206887483596,0.0083884866908192,-0.3595025539398193,0.0091416547074913,-0.3142843544483185,0.0067560994066298,-0.2484079599380493,0.1445245146751403,-0.1766745746135711,0.010175896808505,-0.26119264960289,0.0255621597170829,-0.2086966186761856,0.0266505628824234,-0.2123015969991684,0.0186542253941297,-0.2877119481563568,0.0460140220820903,-0.3472315967082977,0.0132692800834774,-0.2965965569019317,0.0035492465831339,-0.2426565885543823,0.0125923678278923,-0.4570246636867523,0.0,-0.1652255803346634,0.0193480495363473,-0.2473734468221664,0.1181774735450744,-0.4093119204044342,0.0052251573652029,-0.2846158742904663,0.0024628527462482,-0.390027791261673,0.0053897448815405,-0.3895650506019592,0.0004413022543303,-0.4303485453128814,0.0079232333227992,-0.4406341314315796,0.0335165932774543,-0.659186840057373,0.0035729329101741,-0.4096032977104187,0.0,-0.2700125277042389,0.00232187169604,-0.2243660390377044,0.0760648772120475,-0.1086311191320419,0.000940122467,-0.2039317339658737,0.0044383401982486,-0.2410614043474197,0.0106963515281677,-0.3565434217453003,0.0061894780956208,-0.3770144581794739,0.012628392316401,-0.4089328348636627,0.0092140724882483,-0.391860693693161,0.0021606527734547,-0.2330065220594406,0.0123824449256062,-0.4642678797245025,0.0133939106017351,-0.4785409867763519,0.0106565095484256,-0.4114396870136261,0.0062985667027533,-0.4157631993293762,0.007022897247225,-0.2746849954128265,0.0,-0.1629744619131088,0.0335270389914512,-0.3517976999282837,0.0,-0.1637143641710281,0.003004148369655,-0.4266423285007477,0.0033387723378837,-0.5367260575294495,0.0075693991966545,-0.5419955849647522,0.0171499401330947,-0.486134797334671,0.408120334148407,6.1762871742248535,1.3280082941055298,6.142548084259033,0.1162353157997131,0.6260672807693481,0.7897089719772339,6.125324249267578,0.0216377805918455,-0.0299857482314109,0.0256476793438196,-0.0620808973908424,0.0915680825710296,0.4298388957977295,0.0005134288221597,-0.1582127511501312,2.6499412059783936,3.362994432449341,0.0,-0.1797712743282318,0.0006147451349534,-0.1859331876039505,0.017338890582323,-0.124254323542118,0.0,-0.1702433228492736,0.268793910741806,0.6378318071365356,0.2112711668014526,-0.3279738128185272,0.004307955969125,-0.1700279414653778,0.0042875232174992,-0.1670988947153091,0.1230600252747535,-0.1271611452102661,0.0005063113057985,-0.3215335309505462,0.0,-0.2278617769479751,0.000913756492082,-0.344362735748291,0.001866923761554,-0.4194510877132416,0.0023855525068938,-0.424667626619339,0.0,-0.1612008661031723,0.0032161639537662,-0.4529057443141937,0.1970404386520385,-0.7311580777168274,0.0064836293458938,-0.6082327961921692,0.0021277554333209,-0.1617125123739242,0.0052899881266057,-0.2905981540679931,0.0077650975435972,-0.146789014339447,0.0033173186238855,-0.1586246043443679,0.0,-0.1725399196147918,0.0,-0.1627659648656845,0.0,-0.1658024787902832,0.0,-0.1604685336351394,0.0,-0.1664568334817886,0.00096937851049,-0.2090446352958679,0.0,-0.1649830788373947,0.0,-0.1607939600944519,excluded_lymphocyte,no,frozen_reconstructed
17,5648,26,epithelial,mesenchymal_hsc_myofibroblast,0.026594566181302,0.0013967874692752,0.0251977787120267,2,False,ambiguous,6,4,4,3.0,4,5,-0.3195006251335144,0,-0.3857515454292297,0,0.0013967874692752,1,-0.2246727645397186,0,-0.3128570318222046,0,0.026594566181302,2,-0.1781881004571914,0,-0.1428174674510955,0,0.0022176727652549,-0.3949156999588012,0.0018846086459234,-0.4013634920120239,0.0004011783166788,-0.3838042020797729,0.0169555395841598,0.0082395747303962,0.0525200329720974,-0.5895957946777344,0.0007664203294552,-0.3262176513671875,0.0005824043182656,-0.3241271376609802,0.0015252633020281,-0.3275181651115417,0.0034641902893781,-0.3888192474842071,0.0122280698269605,-0.4022061228752136,0.0007525574183091,-0.3754394650459289,0.0005279732868075,-0.2555246353149414,0.1057915613055229,-0.1200930178165435,0.0,-0.1652255803346634,0.0002732446591835,-0.3458991348743438,0.006098907906562,-0.6325696706771851,0.0064346576109528,-0.2823308408260345,0.0007024697260931,-0.3943625688552856,0.0033111642114818,-0.3940233588218689,0.0006983993807807,-0.4283894598484039,0.0021288010757416,-0.453374832868576,0.0103883566334843,-0.7203323841094971,0.0008706980734132,-0.4197791218757629,0.0004984777770005,-0.260539710521698,0.0018657813780009,-0.2261032164096832,0.0032756028231233,-0.3187679648399353,0.0,-0.2282418608665466,0.0,-0.2559545338153839,0.0066447015851736,-0.3641460835933685,0.0034263147972524,-0.3823586106300354,0.0096058091148734,-0.4134396016597748,0.0119725000113248,-0.3865984678268432,0.0002717903989832,-0.243106409907341,0.0449639298021793,-0.3911565244197845,0.0155445467680692,-0.4732080698013305,0.0072748390957713,-0.4171753525733948,0.0145596144720911,-0.3959527015686035,0.0082520982250571,-0.2712671756744385,0.0,-0.1629744619131088,0.0317693538963794,-0.3595172762870788,0.0,-0.1637143641710281,1.6129926443099976,5.339900493621826,0.0782917439937591,-0.1143119111657142,0.1379843801259994,-0.3568077385425567,0.0595833621919155,-0.4204200804233551,0.0,-0.2141606658697128,0.0,-0.2329217046499252,0.0002202693431172,-0.2127327173948288,0.0,-0.2282267361879348,0.0,-0.1764497309923172,0.0001621637493371,-0.1790197789669037,0.0,-0.1989730298519134,0.0,-0.1658288836479187,0.0046365791931748,-0.4137415289878845,0.0,-0.1797712743282318,0.0,-0.1994238495826721,0.0,-0.1766833961009979,0.0,-0.1702433228492736,0.0004648979811463,-0.4326952993869781,0.0258551426231861,-0.6853755116462708,0.0,-0.1875450760126114,0.0004889404517598,-0.1825582832098007,0.0107428207993507,-0.6014170050621033,0.0111370170488953,-0.2553756237030029,0.0015807661693543,-0.2189524471759796,0.0935229882597923,-0.0699736848473548,0.0378872118890285,-0.3402097821235657,0.0423833467066288,-0.3385235965251922,0.0,-0.1612008661031723,0.0848404094576835,-0.0877726823091507,1.8757439851760864,0.6266075372695923,0.7199759483337402,1.0847522020339966,0.0,-0.1709668785333633,0.0034388392232358,-0.2953746020793915,0.0,-0.1774342954158783,0.0,-0.1733133941888809,0.0010685782181099,-0.1016591265797615,0.0,-0.1627659648656845,0.0,-0.1658024787902832,0.0,-0.1604685336351394,0.0001246131869265,-0.1658258587121963,0.0380640961229801,-0.0620158724486827,0.0,-0.1649830788373947,0.0,-0.1607939600944519,excluded_ambiguous,no,frozen_reconstructed
18,3548,26,mesenchymal_hsc_myofibroblast,dendritic,0.1176203489303588,-0.1726967096328735,0.2903170585632324,2,False,ambiguous,6,4,4,3.0,4,5,-0.3347498476505279,0,-0.3190120160579681,0,0.1176203489303588,2,-0.2175904363393783,0,-0.2663978934288025,0,-0.2860895991325378,0,-0.180820032954216,0,-0.1726967096328735,0,0.002964719897136,-0.386966735124588,0.0061486084014177,-0.3739190995693207,0.0127666033804416,-0.2854523062705993,0.0,-0.4184110164642334,0.037261314690113,-0.6580778360366821,0.0013246675953269,-0.3223598003387451,0.003485690569505,-0.3107111752033233,0.0026945394929498,-0.3221562206745147,0.0136081716045737,-0.321299284696579,0.0442314185202121,-0.3501321375370025,0.0067485230974853,-0.3376708328723907,0.0051007317379117,-0.2360486090183258,0.0293382238596677,-0.3964853882789612,0.0,-0.1652255803346634,0.0408460050821304,-0.1363316178321838,0.0528719536960125,-0.5393989086151123,0.0297200586646795,-0.2383395880460739,0.0050122593529522,-0.3837500810623169,0.0091900816187262,-0.381413847208023,0.0076515735127031,-0.3754063844680786,0.0126908244565129,-0.4301512539386749,0.2366257011890411,-0.122215025126934,0.0032007358968257,-0.4110048711299896,0.0,-0.2700125277042389,0.0016091068973764,-0.2270808517932891,0.0146020716056227,-0.2860693633556366,0.0,-0.2282418608665466,0.0005611481028608,-0.2540715634822845,0.2788408696651459,0.1466118693351745,0.2769255638122558,0.1466071158647537,0.379508763551712,0.138094276189804,0.2923431694507599,0.1482637524604797,0.0382305346429348,-0.0401385240256786,0.4422999918460846,0.5004475116729736,0.3889707326889038,0.4527758061885834,0.5348595976829529,0.4776628315448761,0.3872977197170257,0.4978978633880615,0.0031010680831968,-0.2855897545814514,0.0,-0.1629744619131088,0.1381238847970962,0.1075827628374099,0.0,-0.1637143641710281,0.0175338499248027,-0.3746008574962616,0.0164059977978467,-0.4630827903747558,0.1305179893970489,-0.3674099147319793,1.1324716806411743,1.2411128282546997,0.0,-0.2141606658697128,0.0006580567569471,-0.2297625243663787,0.0001506926491856,-0.2132357656955719,0.0001569369778735,-0.2269641011953354,0.0,-0.1764497309923172,0.0006192186265252,-0.1769226044416427,0.0005937419482506,-0.194895714521408,0.0,-0.1658288836479187,0.0422124080359935,-0.3600940406322479,0.0,-0.1797712743282318,0.0004162002296652,-0.1902902871370315,0.0,-0.1766833961009979,0.0,-0.1702433228492736,0.0030760501977056,-0.4222778379917145,0.1642257571220398,-0.418656975030899,0.0006806627498008,-0.1847773492336273,0.001876154448837,-0.176912635564804,0.0399790480732917,-0.4779679179191589,0.0029622272122651,-0.3062496483325958,0.0024582925252616,-0.2140066474676132,0.0153351472690701,-0.3016340136528015,0.0471189357340335,-0.3199008703231811,0.0430629551410675,-0.3370599150657654,0.0,-0.1612008661031723,0.0099609931930899,-0.4227338135242462,0.947304666042328,-0.1243308931589126,0.0994293317198753,-0.3876898288726806,0.0008917455561459,-0.1670883595943451,0.0153423361480236,-0.2646605372428894,0.0018966267816722,-0.1699491739273071,0.0010070879943668,-0.1688541024923324,0.0,-0.1725399196147918,0.0002893374476116,-0.1590262502431869,0.0001672457001404,-0.1636219471693039,0.0,-0.1604685336351394,0.0,-0.1664568334817886,0.0,-0.2128868699073791,0.0002725709637161,-0.1628773957490921,0.0,-0.1607939600944519,excluded_ambiguous,no,frozen_reconstructed
19,5895,26,epithelial,dendritic,0.5307963490486145,-0.1704606860876083,0.7012570351362228,2,True,epithelial,6,4,4,3.0,4,5,-0.2351059466600418,1,-0.382892906665802,0,-0.2737903892993927,1,-0.222285583615303,0,-0.301557332277298,0,0.5307963490486145,2,-0.1866708546876907,0,-0.1704606860876083,0,0.0008349725976586,-0.4096283614635467,0.0015143906930461,-0.4037463366985321,0.0005026161088608,-0.3829973936080932,0.0,-0.4184110164642334,0.086899533867836,-0.4352987110614776,0.000503646035213,-0.3280335664749145,0.0005082112038508,-0.3244699835777282,0.0,-0.3345125019550323,0.0389128215610981,-0.1528675109148025,0.0149580910801887,-0.3977639973163605,0.0010901025962084,-0.3733132481575012,0.0009003308368846,-0.2539387047290802,0.4690042436122894,1.1929851770401,9.711475286167116e-05,-0.1639136373996734,0.001283910125494,-0.3406788408756256,0.008687512949109,-0.6274131536483765,0.0122545957565307,-0.2713356912136078,0.0005017251824028,-0.3948568999767303,0.0068020801991224,-0.3865357935428619,0.0009078458533622,-0.426793485879898,0.0031897663138806,-0.451041966676712,0.0173056311905384,-0.7020447254180908,0.0016246876912191,-0.4169398248195648,9.02078827493824e-05,-0.2682982683181762,0.001518354518339,-0.2274265140295028,0.0019631776958703,-0.3225568532943725,0.0,-0.2282418608665466,0.0005458484520204,-0.2541229128837585,0.0061777997761964,-0.3650221824645996,0.0044249072670936,-0.3804272413253784,0.0116504998877644,-0.4103909134864807,0.0065339552238583,-0.3969735503196716,0.0007470512064173,-0.240565150976181,0.022364541888237,-0.4418685138225555,0.0182430557906627,-0.4665165841579437,0.0064712674356997,-0.4185382723808288,0.0119077041745185,-0.402312159538269,0.0114365862682461,-0.2624126076698303,0.0,-0.1629744619131088,0.0134842861443758,-0.4398237466812134,0.0,-0.1637143641710281,0.2856270968914032,0.5856366157531738,0.0684765502810478,-0.1696276217699051,0.2151474058628082,-0.2472370415925979,0.1556353271007537,-0.2716688215732574,0.0003603885998018,-0.2085176259279251,0.0,-0.2329217046499252,0.0,-0.2143252938985824,0.0,-0.2282267361879348,0.0,-0.1764497309923172,0.0013029708061367,-0.1737852394580841,0.0005978696863166,-0.1948673725128173,0.0,-0.1658288836479187,0.0103056253865361,-0.4056477844715118,0.0002583814202807,-0.1744203269481659,0.0,-0.1994238495826721,0.0009248726419173,-0.1738867759704589,0.0,-0.1702433228492736,0.0019190697930753,-0.4268937408924103,0.050868421792984,-0.6371607780456543,0.0003414933453314,-0.1861564815044403,0.0004586031427606,-0.1826817542314529,0.0198057256639003,-0.563149094581604,0.0782108381390571,0.1620437651872635,0.0084300320595502,-0.1803494393825531,0.1513880789279937,0.1014730110764503,0.3719334900379181,0.3946608006954193,0.4017526805400848,0.4354571104049682,0.0,-0.1612008661031723,0.7768480181694031,3.0078132152557373,1.5552551746368408,0.3673904240131378,0.5367028713226318,0.6498792171478271,0.0002672227856237,-0.1698046326637268,0.0028555756434798,-0.2968795597553253,0.0,-0.1774342954158783,0.0018583370838314,-0.1650848388671875,0.0,-0.1725399196147918,0.000186267949175,-0.1603584289550781,9.26715656532906e-05,-0.1645942479372024,0.0,-0.1604685336351394,0.0,-0.1664568334817886,0.003351961961016,-0.1996010243892669,0.0,-0.1649830788373947,0.0,-0.1607939600944519,excluded_epithelial,no,frozen_reconstructed
20,527,15,neutrophil,macrophage_monocyte,3.4604744911193848,0.6204248070716858,2.840049684047699,4,True,neutrophil,5,3,2,,1,4,0.6204248070716858,6,0.2856331765651703,2,-0.3726966381072998,0,-0.1892821490764618,0,-0.1164810135960578,1,-0.3242042064666748,0,3.4604744911193848,4,-0.173117846250534,0,0.2197951674461364,1.920221209526062,0.4138065576553345,2.249891996383667,0.1741032898426056,0.9977846145629884,0.0925932079553604,1.9115029573440552,0.7156638503074646,2.3866305351257324,0.0083493050187826,-0.2738154828548431,0.0328923426568508,-0.1748241186141967,0.0423902533948421,-0.140124425292015,0.0414834395051002,-0.1357570737600326,0.3851729333400726,0.2046278566122055,0.2252768129110336,1.0388396978378296,0.1201778650283813,0.254081666469574,0.0092050628736615,-0.4692703783512115,0.0,-0.1652255803346634,0.009509795345366,-0.2981902658939361,0.5340737104415894,0.4191430807113647,0.0,-0.294487327337265,0.0091116018593311,-0.3736557960510254,0.004456328228116,-0.3915671408176422,0.0,-0.4337112605571747,0.0215792972594499,-0.4106074869632721,0.034269280731678,-0.6571969389915466,0.0258838236331939,-0.3255869150161743,0.0,-0.2700125277042389,0.0091853076592087,-0.1982243061065673,0.3762388527393341,0.7579473257064819,0.2447376251220703,6.1002960205078125,0.013961630873382,-0.2091053575277328,0.0116044394671916,-0.3548394441604614,0.0102442009374499,-0.3691723644733429,0.015793077647686,-0.4042142033576965,0.0173744726926088,-0.3762931525707245,0.0,-0.2445596754550933,0.018288068473339,-0.4510159194469452,0.0317697972059249,-0.4329743683338165,0.0285633597522974,-0.3810677826404571,0.0032746926881372,-0.4230146706104278,0.0044595822691917,-0.2818123698234558,0.0,-0.1629744619131088,0.0153878359124064,-0.4314635396003723,0.0,-0.1637143641710281,0.0,-0.4374023675918579,0.0098291924223303,-0.500147819519043,0.0514313988387584,-0.479712039232254,0.0459944531321525,-0.4414646029472351,0.0,-0.2141606658697128,0.0202985201030969,-0.1354730725288391,0.0,-0.2143252938985824,0.0083471992984414,-0.1610698997974395,0.0,-0.1764497309923172,0.0176978427916765,-0.0985582843422889,0.0036179753951728,-0.174127846956253,0.0,-0.1658288836479187,0.0397948585450649,-0.3635455965995788,0.0,-0.1797712743282318,0.0,-0.1994238495826721,0.0,-0.1766833961009979,0.0,-0.1702433228492736,0.2689111828804016,0.6382996439933777,0.2314143776893615,-0.2891464233398437,0.0,-0.1875450760126114,0.0084110321477055,-0.1503171026706695,0.07419353723526,-0.3334983289241791,0.0172393210232257,-0.2173992693424224,0.0,-0.2278617769479751,0.0072140297852456,-0.3256958425045013,0.0147668551653623,-0.3910724222660064,0.0109696835279464,-0.406179815530777,0.0,-0.1612008661031723,0.1332257837057113,0.1286715865135193,0.1955699473619461,-0.7323474884033203,0.0163793545216321,-0.5847520232200623,1.4749996662139893,6.244330883026123,2.4413633346557617,5.995085716247559,1.626671552658081,6.2422943115234375,1.4489984512329102,6.242720603942871,0.0,-0.1725399196147918,0.0,-0.1627659648656845,0.0,-0.1658024787902832,0.0,-0.1604685336351394,0.0,-0.1664568334817886,0.0,-0.2128868699073791,0.0,-0.1649830788373947,0.0,-0.1607939600944519,excluded_neutrophil,no,frozen_reconstructed
21,6041,26,epithelial,dendritic,0.8347402215003967,-0.1723683625459671,1.0071085840463638,4,True,epithelial,6,4,4,3.0,4,5,-0.1799662411212921,1,-0.3776522874832153,0,-0.1788180023431778,1,-0.2210483253002166,0,-0.2995375394821167,0,0.8347402215003967,4,-0.1858996301889419,0,-0.1723683625459671,0,0.0020991144701838,-0.3961772322654724,0.001751652918756,-0.4022192358970642,0.0007641558768227,-0.3809171319007873,0.0001651368074817,-0.4142557084560394,0.0646490380167961,-0.5351601839065552,0.0,-0.3315140306949615,0.001092569087632,-0.3217696845531463,0.0027014762163162,-0.3221244215965271,0.0023742720950394,-0.3960738778114319,0.0157916992902755,-0.3964075744152069,0.0009207059047184,-0.3743802905082702,0.0020210901275277,-0.2491652518510818,0.7779043912887573,2.3097140789031982,0.0,-0.1652255803346634,0.0045481538400053,-0.3238182663917541,0.0182692129164934,-0.6083266735076904,0.0099076637998223,-0.2757695615291595,0.0023283723276108,-0.3903589248657226,0.0075518824160099,-0.3849275708198547,0.0028126689139753,-0.4122787714004516,0.0057777254842221,-0.445351630449295,0.0199053194373846,-0.6951717734336853,0.0028653498739004,-0.4122678339481354,0.0,-0.2700125277042389,0.0021358884405344,-0.2250744253396988,0.0046631088480353,-0.3147623538970947,0.0002867232542484,-0.2208276242017746,0.0004782334144692,-0.254349797964096,0.0251874383538961,-0.3293518722057342,0.0138260768726468,-0.3622447848320007,0.0187460295855999,-0.399811327457428,0.0120604541152715,-0.3864306807518005,0.0006576832965947,-0.2410430014133453,0.0281834099441766,-0.428811252117157,0.0204562824219465,-0.4610284566879272,0.0156161673367023,-0.403027594089508,0.0099119460210204,-0.407098114490509,0.0311482027173042,-0.2076038718223571,0.0002511882630642,-0.1610862910747528,0.0344003364443779,-0.3479622304439544,0.0,-0.1637143641710281,0.7450668215751648,2.2312252521514893,0.0814677104353904,-0.0964130461215972,0.0775536298751831,-0.442618727684021,0.051534004509449,-0.4328857660293579,0.0,-0.2141606658697128,0.0012327707372605,-0.2270034551620483,0.0002837872889358,-0.2122734785079956,0.0005341471405699,-0.2239292860031128,0.0005780297215096,-0.1725371181964874,0.0005803375388495,-0.1771010011434555,0.0001294471003348,-0.1980841010808944,0.0,-0.1658288836479187,0.0153001919388771,-0.3985169529914856,0.0,-0.1797712743282318,0.0,-0.1994238495826721,0.0002267370291519,-0.175997793674469,0.0,-0.1702433228492736,0.0034261008258908,-0.4208812713623047,0.0776183828711509,-0.5855984687805176,0.0005751950084231,-0.185206189751625,0.0004885800299234,-0.1825597584247589,0.011988797225058,-0.5961558222770691,0.5143853425979614,2.876481294631958,0.2123588919639587,0.9690099954605104,1.2888249158859253,3.4715497493743896,0.1435731947422027,-0.1077105104923248,0.1601712107658386,-0.0848415866494178,0.0,-0.1612008661031723,0.3670612573623657,1.1746972799301147,0.3652003407478332,-0.5951473116874695,0.2500999569892883,-0.0301763769239187,0.0,-0.1709668785333633,0.0040177414193749,-0.2938808798789978,0.0,-0.1774342954158783,0.0004477462207432,-0.1713308095932006,0.0002023728739004,-0.1591161489486694,0.0,-0.1627659648656845,0.0,-0.1658024787902832,0.0,-0.1604685336351394,0.0,-0.1664568334817886,0.0009454765822738,-0.2091393917798996,0.0,-0.1649830788373947,0.0,-0.1607939600944519,excluded_epithelial,no,frozen_reconstructed
22,4144,26,mesenchymal_hsc_myofibroblast,dendritic,0.8515060544013977,-0.1711648255586624,1.02267087996006,11,True,mesenchymal_hsc_myofibroblast,6,4,4,3.0,4,5,-0.3171010315418243,0,-0.2471966445446014,0,0.8515060544013977,11,-0.2111202925443649,0,-0.2484350502490997,0,-0.2884276211261749,0,-0.1836588829755783,0,-0.1711648255586624,0,0.0050820251926779,-0.3644375205039978,0.0169521644711494,-0.3043841123580932,0.0023229555226862,-0.3685187995433807,0.0031820947770029,-0.3383402824401855,0.0498155988752841,-0.6017335057258606,0.005853075068444,-0.2910658717155456,0.0100353704765439,-0.2804453372955322,0.014250592328608,-0.2691638767719269,0.0206595379859209,-0.2743642628192901,0.0345527902245521,-0.3658806681632995,0.0098153119906783,-0.3183531165122986,0.0087676318362355,-0.2204307466745376,0.0290607754141092,-0.3974884152412414,0.0,-0.1652255803346634,0.029161762446165,-0.1966833919286728,0.0349829494953155,-0.5750333666801453,0.0135270683094859,-0.2689317166805267,0.0227388627827167,-0.3400998115539551,0.0184969119727611,-0.3614518940448761,0.0366758815944194,-0.1542416363954544,0.0651331767439842,-0.3148421347141266,0.3814474642276764,0.2606590092182159,0.0098738633096218,-0.385875791311264,0.0017344733932986,-0.2370514422655105,0.0027330727316439,-0.2227998375892639,0.0498455800116062,-0.1843241602182388,0.0003171848948113,-0.2200399339199066,0.0138369798660278,-0.2095236331224441,0.4530222117900848,0.473451554775238,0.5426183938980103,0.6604746580123901,1.030422568321228,1.1086218357086182,0.9416378140449524,1.3869210481643677,0.0188372135162353,-0.1438358724117279,0.846142590045929,1.4066518545150757,0.6856443285942078,1.188436508178711,1.1918220520019531,1.591938853263855,0.50347900390625,0.7765082716941833,0.049911729991436,-0.1554313451051712,0.0,-0.1629744619131088,0.4679891765117645,1.5563230514526367,0.0,-0.1637143641710281,0.1342794597148895,0.0435503162443637,0.4084917604923248,1.7466037273406982,0.9300187230110168,0.7678726315498352,1.8770484924316408,2.39420485496521,0.0006537742447108,-0.2039237022399902,0.0026894037146121,-0.2200104892253875,0.0008933631470426,-0.2078661769628524,0.0016014178982004,-0.2153426259756088,0.0,-0.1764497309923172,0.0012612835271283,-0.1739765256643295,0.0022883466444909,-0.1832586079835891,0.0,-0.1658288836479187,0.0468829870223999,-0.3534258008003235,0.0002209101221524,-0.1751963347196579,0.001443451619707,-0.1677471250295639,0.0019412823021411,-0.1708133816719055,0.0,-0.1702433228492736,0.0060574943199753,-0.4103830456733703,0.1946491301059723,-0.3600139021873474,0.0016176552744582,-0.180967316031456,0.0122463330626487,-0.1347082704305648,0.0428506322205066,-0.4658427536487579,0.0050974641926586,-0.2929614782333374,0.0020515241194516,-0.216299220919609,0.021916776895523,-0.2821335196495056,0.1159640625119209,-0.1684480160474777,0.0602979362010955,-0.2999405860900879,0.0,-0.1612008661031723,0.0149926589801907,-0.4002254605293274,0.6803221106529236,-0.3402711749076843,0.079757235944271,-0.4343680739402771,0.0019910647533833,-0.1623070240020752,0.0094792712479829,-0.2797887623310089,0.0011826327536255,-0.1727669835090637,0.0003414997481741,-0.1718012541532516,0.0,-0.1725399196147918,0.0,-0.1627659648656845,0.0001656881795497,-0.1636422574520111,0.0,-0.1604685336351394,0.0006887214258313,-0.1629695892333984,0.0015838920371606,-0.2066089510917663,0.0,-0.1649830788373947,0.0,-0.1607939600944519,mesenchymal_hsc_myofibroblast,yes,frozen_reconstructed
23,979,23,t_nk,b_plasma,3.1414151191711426,0.2767267227172851,2.8646883964538574,9,True,t_nk,5,4,4,3.0,4,3,-0.0260464940220117,2,-0.2965241074562073,0,-0.3584673404693603,0,3.1414151191711426,9,0.2767267227172851,2,-0.397593230009079,0,-0.166541188955307,0,-0.170145958662033,0,0.0069073364138603,-0.3450152575969696,0.1373247802257537,0.4703708589076996,0.1272494047880172,0.6251189708709717,0.0079789338633418,-0.2176378816366195,0.1899736225605011,0.0273035708814859,0.0045093116350471,-0.3003520667552948,0.0200435128062963,-0.2341980636119842,0.0320700295269489,-0.1874496638774871,0.0277944039553403,-0.2268734723329544,0.0492748878896236,-0.341925710439682,0.2852571606636047,1.4166561365127563,0.0185336638242006,-0.1788357943296432,0.0152293350547552,-0.4474915266036987,0.0,-0.1652255803346634,0.0120359677821397,-0.2851420044898987,0.1857626885175705,-0.2746838331222534,0.0177340414375066,-0.2609838247299194,0.0172509495168924,-0.3536133170127868,0.013328056782484,-0.3725384175777435,0.0032650197390466,-0.4088318645954132,0.0124674513936042,-0.4306424260139465,0.0633824914693832,-0.5802285671234131,0.0104343071579933,-0.3837653398513794,0.0,-0.2700125277042389,0.0110316891223192,-0.1911917328834533,0.1521192491054535,0.1109318137168884,0.0,-0.2282418608665466,0.0133936339989304,-0.2110113203525543,0.0072131701745092,-0.3630793690681457,0.0043882024474442,-0.3804982602596283,0.0148746948689222,-0.4055835604667663,0.0097578596323728,-0.3908233344554901,0.0,-0.2445596754550933,0.0074707698076963,-0.4752894639968872,0.0236128084361553,-0.4532012045383453,0.0233830772340297,-0.3898541033267975,0.0462489053606987,-0.3199596703052521,0.0124538335949182,-0.2595841288566589,0.0,-0.1629744619131088,0.0396629646420478,-0.3248492181301117,0.0015501505695283,-0.0223319325596094,0.0013570209266617,-0.4325418770313263,0.0075361998751759,-0.5130705237388611,0.0373520441353321,-0.4997045397758484,0.0365829467773437,-0.4560397565364837,0.0571470856666564,0.6806623339653015,0.2082550078630447,0.7668638825416565,0.1027746275067329,0.5287452936172485,0.1262603104114532,0.7875921726226807,0.9482390284538268,6.242085933685303,1.3997739553451538,6.243021011352539,0.9335228204727172,6.211669921875,0.432139903306961,6.244471549987793,0.6920046806335449,0.5676229000091553,0.0,-0.1797712743282318,0.0107033960521221,0.0354634635150432,0.0077368067577481,-0.1532889604568481,0.0,-0.1702433228492736,0.2822575271129608,0.6915463209152222,0.3507171869277954,-0.0591823235154151,0.017394607886672,-0.1168145984411239,0.0173247810453176,-0.1140400990843772,0.7587149143218994,2.5568714141845703,0.0,-0.3246844410896301,0.0,-0.2278617769479751,0.0028085270896553,-0.3387487828731537,0.0095228664577007,-0.4026086926460266,0.0060781589709222,-0.4167147874832153,0.0,-0.1612008661031723,0.0059331054799258,-0.4407519400119781,0.2565621137619018,-0.6830158829689026,0.0172222480177879,-0.582751989364624,0.008077080361545,-0.1358367800712585,0.0233933869749307,-0.2438868135213852,0.0105699533596634,-0.1357195377349853,0.0054374691098928,-0.1492367684841156,0.0,-0.1725399196147918,0.0,-0.1627659648656845,0.0,-0.1658024787902832,0.0,-0.1604685336351394,0.0013415929861366,-0.1596638709306717,0.0020351393613964,-0.20482037961483,0.0,-0.1649830788373947,0.0,-0.1607939600944519,excluded_lymphocyte,no,frozen_reconstructed
24,5213,26,macrophage_monocyte,b_plasma,0.984039545059204,0.1477994322776794,0.8362401127815247,12,True,macrophage_monocyte,6,4,4,3.0,4,5,0.984039545059204,12,-0.2383884638547897,0,-0.3708461821079254,0,-0.1980385780334472,0,0.1477994322776794,2,-0.3653139472007751,0,-0.0287393741309642,1,-0.1664870232343673,0,0.1394522339105606,1.0653308629989624,0.227985993027687,1.0538941621780396,0.2639682292938232,1.7125507593154907,0.0150863761082291,-0.0387940034270286,0.5933964848518372,1.8378880023956297,0.1372695714235305,0.6170986294746399,0.2735520899295807,0.937255561351776,0.2427510470151901,0.7786658406257629,0.2032921016216278,0.9412671327590942,1.8730360269546509,2.625591278076172,0.204990804195404,0.9110580682754515,0.2267216891050338,0.7078673243522644,0.1352293491363525,-0.0136701921001076,0.0,-0.1652255803346634,0.4137525558471679,1.7898153066635132,0.4717819690704345,0.295059472322464,0.0188592132180929,-0.2588581144809723,0.008753539994359,-0.3745374977588653,0.0109282778576016,-0.3776856660842895,0.0037167032714933,-0.405390053987503,0.0236546173691749,-0.4060443341732025,0.2277685701847076,-0.1456311494112014,0.0306072775274515,-0.307799756526947,0.0003965678915847,-0.2624763548374176,0.0089940130710601,-0.1989529132843017,0.0318488292396068,-0.2362793236970901,0.0018178953323513,-0.1812338978052139,0.0049869371578097,-0.2392205595970153,0.0168867837637662,-0.3449274897575378,0.0104438466951251,-0.3687862157821655,0.0269173942506313,-0.3876276016235351,0.0135037954896688,-0.383677214384079,0.0007565412088297,-0.2405144125223159,0.0243245549499988,-0.4374703466892242,0.0263797733932733,-0.4463399648666382,0.0224344115704298,-0.3914631307125091,0.0080602429807186,-0.4115386009216308,0.0107497787103056,-0.264322280883789,0.0,-0.1629744619131088,0.0132055860012769,-0.4410477578639984,0.0,-0.1637143641710281,0.0115946922451257,-0.3958733081817627,0.0102609256282448,-0.4977147281169891,0.0360232107341289,-0.5015915036201477,0.0309251397848129,-0.4648017287254333,0.0005737902247346,-0.2051761150360107,0.0050969356670975,-0.2084524631500244,0.0002167596539948,-0.2127580940723419,0.0015351861948147,-0.2158754914999008,0.0021147823426872,-0.1621349900960922,0.0040987683460116,-0.1609568744897842,0.0012864853488281,-0.1901385337114334,0.0006179964984767,-0.1566615998744964,0.1051809042692184,-0.2701930999755859,0.0,-0.1797712743282318,0.0007196634542196,-0.1836307495832443,0.001455295481719,-0.1722829043865203,0.0,-0.1702433228492736,0.147363856434822,0.1533737033605575,1.1985033750534058,1.5749820470809937,0.0007182931294664,-0.1846243292093277,0.0045229610987007,-0.1661407053470611,0.3091345429420471,0.6585325598716736,0.0027339658699929,-0.3076702058315277,0.0005532288341782,-0.2247437387704849,0.0058705895207822,-0.3296762704849243,0.0165799278765916,-0.3870838284492492,0.0136683508753776,-0.4003676474094391,0.0,-0.1612008661031723,0.0080816820263862,-0.4311406314373016,0.4349387884140014,-0.5387416481971741,0.0490625761449337,-0.5072007775306702,0.0091083720326423,-0.1313513219356537,0.3611931502819061,0.6277217864990234,0.0238668173551559,-0.0832428932189941,0.0121398512274026,-0.1195592209696769,0.0,-0.1725399196147918,0.0004924069507978,-0.1564015597105026,0.0,-0.1658024787902832,0.0,-0.1604685336351394,0.000931327289436,-0.1617411971092224,0.0051464852876961,-0.1924882531166076,0.0010407236404716,-0.1569431871175766,0.0,-0.1607939600944519,macrophage_monocyte,yes,frozen_reconstructed
25,8008,26,epithelial,dendritic,0.2102668136358261,-0.170978158712387,0.3812449723482132,2,False,ambiguous,6,4,4,3.0,4,5,-0.385088175535202,0,-0.3888333141803741,0,-0.3195315897464752,1,-0.2252160906791687,0,-0.3178755044937134,0,0.2102668136358261,2,-0.1872700750827789,0,-0.170978158712387,0,0.0003135954029858,-0.4151760935783386,0.0022927217651158,-0.3987367749214172,0.0003597337927203,-0.3841338455677032,3.851389919873327e-05,-0.4174419045448303,0.0187704786658287,-0.7410656809806824,0.0002867756993509,-0.329532265663147,0.0005773077718913,-0.3241506814956665,0.0001125214766943,-0.3339965343475342,0.0012579534668475,-0.4035043120384216,0.0059836478903889,-0.412366658449173,0.0007286093896254,-0.3755902945995331,0.0006389412446878,-0.2550520300865173,0.0081624016165733,-0.4730397760868072,0.0,-0.1652255803346634,0.0,-0.3473105132579803,0.0017514295177534,-0.6412297487258911,0.012008924037218,-0.2717998325824737,0.0,-0.3960923552513122,0.001820400590077,-0.3972208499908447,0.0,-0.4337112605571747,0.0014160326682031,-0.4549420475959778,0.0060756532475352,-0.7317340970039368,0.0002769296697806,-0.4220150709152221,0.0,-0.2700125277042389,0.001134161138907,-0.2288898527622223,0.00175897043664,-0.3231463730335235,0.0,-0.2282418608665466,4.703418380813673e-05,-0.2557967007160187,0.0009988374076783,-0.3747401535511017,0.0010203025303781,-0.3870120048522949,0.0014716833829879,-0.4255677461624145,0.0021785018034279,-0.4052824378013611,0.0001403826900059,-0.2438090443611145,0.0349853187799453,-0.413548082113266,0.0133296633139252,-0.4787002801895141,0.0026895108167082,-0.4249525368213653,0.0054676937870681,-0.4177556931972503,0.0030205401126295,-0.2858136594295501,0.0,-0.1629744619131088,0.0151960076764225,-0.4323059916496277,0.0,-0.1637143641710281,0.313561350107193,0.6856895089149475,0.00170900428202,-0.5459109544754028,0.0340702272951602,-0.5043646693229675,0.0396599769592285,-0.4512745141983032,0.0,-0.2141606658697128,0.0,-0.2329217046499252,0.0,-0.2143252938985824,0.0,-0.2282267361879348,0.0002212830877397,-0.174951896071434,0.0004303946043364,-0.1777890175580978,0.0,-0.1989730298519134,0.0,-0.1658288836479187,0.000415753602283,-0.419767677783966,0.0,-0.1797712743282318,0.0,-0.1994238495826721,0.0004894782905466,-0.1752033233642578,0.0,-0.1702433228492736,4.771073508891277e-05,-0.4343596994876861,0.0070393560454249,-0.7216442227363586,0.0,-0.1875450760126114,0.0,-0.1845481693744659,0.0091504612937569,-0.6081406474113464,0.0026683753821998,-0.3080783784389496,0.0003880199510604,-0.225674882531166,0.0044690114445984,-0.3338289558887481,0.0191144198179245,-0.3815082013607025,0.0258357282727956,-0.3741625249385834,0.0,-0.1612008661031723,0.0232474077492952,-0.363299161195755,1.9653979539871216,0.6991212964057922,1.6708638668060305,3.3410329818725586,0.0,-0.1709668785333633,0.006025074981153,-0.288701444864273,0.0,-0.1774342954158783,0.0001431568525731,-0.1726795136928558,0.0,-0.1725399196147918,0.0,-0.1627659648656845,0.0,-0.1658024787902832,0.0,-0.1604685336351394,0.0,-0.1664568334817886,0.0026991800405085,-0.2021883875131607,0.0,-0.1649830788373947,0.0,-0.1607939600944519,excluded_ambiguous,no,frozen_reconstructed
26,14708,26,epithelial,dendritic,-0.1586373448371887,-0.1728722304105758,0.0142348855733871,1,False,ambiguous,6,4,4,3.0,4,5,-0.3879331946372986,0,-0.3875272572040558,0,-0.3820651173591614,0,-0.2247063815593719,0,-0.3168046772480011,0,-0.1586373448371887,1,-0.1888964176177978,0,-0.1728722304105758,0,0.0,-0.4185128808021545,0.0001185766595881,-0.4127302467823028,0.0005666366778314,-0.3824881911277771,0.0,-0.4184110164642334,0.0192765220999717,-0.7387945055961609,0.0,-0.3315140306949615,0.0004172132175881,-0.3248904943466186,0.0003652215818874,-0.3328377306461334,0.001464148866944,-0.4021318256855011,0.0047343764454126,-0.4143994152545929,0.0,-0.3801798224449157,0.0004566685820464,-0.2558283507823944,0.0019917646422982,-0.4953477084636688,4.539427027339116e-05,-0.1646123379468917,0.0001918658090289,-0.3463194668292999,0.0034810281358659,-0.6377843618392944,0.0111107314005494,-0.2734966874122619,0.0002524527371861,-0.3954706788063049,0.0023545327130705,-0.3960751891136169,0.0004160055250395,-0.4305413067340851,0.0019351107766851,-0.4538007080554962,0.0104458825662732,-0.7201802134513855,0.0006131074042059,-0.4207491278648376,0.0,-0.2700125277042389,0.0005279233446344,-0.2311989068984985,0.0013429258251562,-0.3243474662303924,0.0,-0.2282418608665466,0.0,-0.2559545338153839,0.0022428079973906,-0.3724059462547302,0.0006999499164521,-0.3876315653324127,0.0021033009979873,-0.4246259927749634,0.0009965002536773,-0.4075373411178589,0.0,-0.2445596754550933,0.0385476127266883,-0.4055544734001159,0.0172585155814886,-0.4689579606056213,0.0030651006381958,-0.424315482378006,0.015406847000122,-0.3939209580421448,0.0023071910254657,-0.2877971529960632,0.0,-0.1629744619131088,0.0178765319287776,-0.4205333888530731,0.0,-0.1637143641710281,0.003228144487366,-0.4258400201797485,0.0002991259971167,-0.5538566708564758,0.030340427532792,-0.5096609592437744,0.0461518168449401,-0.4412209093570709,0.0,-0.2141606658697128,0.0,-0.2329217046499252,0.0,-0.2143252938985824,0.0,-0.2282267361879348,0.0,-0.1764497309923172,6.65172774461098e-05,-0.1794586330652237,0.0,-0.1989730298519134,0.0,-0.1658288836479187,0.0058474275283515,-0.4120127856731415,0.0,-0.1797712743282318,0.0,-0.1994238495826721,0.0001714701502351,-0.176164910197258,0.0,-0.1702433228492736,0.0006944361375644,-0.431779533624649,0.008455959148705,-0.7189136147499084,0.0,-0.1875450760126114,2.455074900353793e-05,-0.1844482570886612,0.0103791905567049,-0.6029523611068726,0.0003459300496615,-0.3225316107273102,0.0,-0.2278617769479751,0.0007532305316999,-0.3448383510112762,0.0155891235917806,-0.3892635405063629,0.0272380858659744,-0.3711422383785248,0.0,-0.1612008661031723,0.0062676300294697,-0.4392555058002472,2.161860227584839,0.858023464679718,0.2503151893615722,-0.0296656712889671,0.0,-0.1709668785333633,0.0015322765102609,-0.3002939820289612,0.0,-0.1774342954158783,0.0,-0.1733133941888809,0.0,-0.1725399196147918,6.513998232549056e-05,-0.1619240194559097,0.0,-0.1658024787902832,2.4897064577089623e-05,-0.1602163910865783,0.0,-0.1664568334817886,0.0001638161920709,-0.2122375667095184,4.227685712976381e-05,-0.1646564751863479,0.0,-0.1607939600944519,excluded_ambiguous,no,frozen_reconstructed
27,629,25,endothelial,mesenchymal_hsc_myofibroblast,0.264476865530014,0.1887062788009643,0.0757705867290496,1,False,ambiguous,5,4,4,3.0,4,5,-0.0984564647078514,1,0.264476865530014,1,0.1887062788009643,1,-0.0084615685045719,1,-0.1298254430294037,0,-0.3535701930522918,0,-0.1202739998698234,0,-0.172013372182846,0,0.0317510738968849,-0.080665074288845,0.0232670083642005,-0.2637398540973663,0.0104946950450539,-0.3035225570201874,0.0733942911028862,1.4284024238586426,0.1623669117689132,-0.0965968891978263,0.0197037607431411,-0.1953495889902115,0.015659736469388,-0.2544553577899933,0.0099219074472785,-0.2890138328075409,0.0140433637425303,-0.3184025585651397,0.209662452340126,-0.080952487885952,0.037201177328825,-0.1458494514226913,0.0273893624544143,-0.1411180794239044,0.050488743931055,-0.3200225234031677,0.0,-0.1652255803346634,0.0187746230512857,-0.2503353357315063,0.2804244756698608,-0.0861199125647544,0.0898574888706207,-0.124726690351963,0.0406798273324966,-0.2959217131137848,0.0865716263651847,-0.215440571308136,0.0350815951824188,-0.166390061378479,0.1374372839927673,-0.1558614522218704,0.1309648603200912,-0.4015569686889648,0.0116633521392941,-0.3791370987892151,0.004480573348701,-0.1848659217357635,0.0111016435548663,-0.1909252852201461,2.2229537963867188,6.089266300201416,0.0,-0.2282418608665466,0.0101548386737704,-0.2218793183565139,0.1045051887631416,-0.1805174052715301,0.1554602831602096,-0.0883148163557052,0.1439065039157867,-0.2131941467523574,0.078765369951725,-0.2591778934001922,0.0018786843866109,-0.2345142364501953,0.14124096930027,-0.1751152426004409,0.1320517361164093,-0.1843055188655853,0.1562314927577972,-0.164529487490654,0.075044922530651,-0.25090491771698,0.0,-0.2942123711109161,0.0049008233472704,-0.1261352896690368,0.1768469363451004,0.2776511013507843,0.0702499747276306,6.24347734451294,0.016542999073863,-0.3781498074531555,0.035444401204586,-0.3557876348495483,0.1861567497253418,-0.2884034514427185,0.2536620497703552,-0.1198593229055404,0.0,-0.2141606658697128,0.0056134825572371,-0.2059726417064666,0.0310932099819183,0.0104816360399127,0.0040130554698407,-0.1959399580955505,0.0,-0.1764497309923172,0.0145351598039269,-0.1130700781941413,0.0061491434462368,-0.1567459255456924,0.0016286007594317,-0.1416704505681991,1.0770615339279177,1.1173735857009888,0.0,-0.1797712743282318,0.0,-0.1994238495826721,0.0047323214821517,-0.1623738706111908,0.0,-0.1702433228492736,0.1685442477464676,0.2378751337528228,0.250689297914505,-0.2519927322864532,0.0080822939053177,-0.1546806097030639,0.0161311086267232,-0.1188980787992477,0.113170251250267,-0.1689203977584839,0.0,-0.3246844410896301,0.0,-0.2278617769479751,0.0081624332815408,-0.3228858411312103,0.0328974425792694,-0.3511868417263031,0.0352504551410675,-0.3538858294486999,0.0,-0.1612008661031723,0.0056653073988854,-0.4419498741626739,0.4739604592323303,-0.5071802139282227,0.0557653568685054,-0.4912963509559631,0.0070014568045735,-0.1405150592327118,0.1366804987192154,0.0484225153923034,0.0228102300316095,-0.0874127596616745,0.0027121391613036,-0.1613042801618576,0.0,-0.1725399196147918,0.0,-0.1627659648656845,0.0,-0.1658024787902832,0.0,-0.1604685336351394,0.0,-0.1664568334817886,0.0013932967558503,-0.2073643952608108,0.0,-0.1649830788373947,0.0,-0.1607939600944519,excluded_ambiguous,no,frozen_reconstructed
28,303,24,neutrophil,dendritic,2.6582999229431152,2.4427525997161865,0.2155473232269287,3,False,ambiguous,6,4,4,3.0,3,4,0.2683854401111603,2,-0.2133010476827621,0,0.034074131399393,0,-0.1666929870843887,0,0.1801854223012924,2,-0.3392538428306579,0,2.6582999229431152,3,2.4427525997161865,2,0.0811742171645164,0.4452226758003235,0.1049246713519096,0.2618338465690613,0.0901804864406585,0.3302809000015259,0.0621885992586612,1.146434664726257,0.3575656414031982,0.779465913772583,0.0755955427885055,0.1908951699733734,0.106651522219181,0.1660142689943313,0.1251942962408065,0.2395883202552795,0.0773790478706359,0.1031697988510131,0.5118488669395447,0.4107474982738495,0.1047147959470748,0.2794190943241119,0.0692144185304641,0.0370209217071533,0.0326851494610309,-0.3843856751918793,0.0,-0.1652255803346634,0.1031146124005317,0.1852998584508896,0.3926028609275818,0.1373366564512252,0.0362781547009944,-0.2259498834609985,0.046533528715372,-0.2815074622631073,0.0338634848594665,-0.3284926414489746,0.0093241268768906,-0.3626615703105926,0.0654614493250846,-0.314120352268219,0.2919816970825195,0.0241329651325941,0.0312653072178363,-0.3053218126296997,0.0,-0.2700125277042389,0.0041475431062281,-0.2174123525619506,0.0425837412476539,-0.2052884995937347,0.0,-0.2282418608665466,0.0180536229163408,-0.1953744143247604,0.2115958631038665,0.0204310994595289,0.2558190524578094,0.1057857125997543,0.3627614378929138,0.1131236255168914,0.3353824019432068,0.2303695529699325,0.0726468935608863,0.1438879817724228,0.2257585227489471,0.0145383020862936,0.2283858060836792,0.0545738078653812,0.3655411303043365,0.1904812455177307,0.2046297937631607,0.0598481409251689,0.0491328239440918,-0.1575971096754074,0.0,-0.1629744619131088,0.132910281419754,0.0846850574016571,0.0,-0.1637143641710281,0.0385582260787487,-0.2992972135543823,0.149920180439949,0.289366066455841,0.2720787227153778,-0.1663951724767685,0.4745036661624908,0.2221479564905166,0.0134252104908227,-0.0039454409852623,0.0054055233485996,-0.2069710046052932,0.0,-0.2143252938985824,0.0041363001801073,-0.1949484050273895,0.0139838205650448,-0.0817946419119834,0.0062527209520339,-0.1510735899209976,0.0,-0.1989730298519134,0.0,-0.1658288836479187,0.0966472849249839,-0.2823766469955444,0.0,-0.1797712743282318,0.0,-0.1994238495826721,0.0,-0.1766833961009979,0.0,-0.1702433228492736,0.1501870602369308,0.1646371781826019,1.1562440395355225,1.4935243129730225,0.041974201798439,-0.0168683100491762,0.0481360703706741,0.0113551160320639,0.3178047835826874,0.695142388343811,0.0041810846887528,-0.298664391040802,0.0,-0.2278617769479751,0.0095145534723997,-0.3188796937465668,0.020007949322462,-0.3795424997806549,0.0240893885493278,-0.3779236674308777,0.0,-0.1612008661031723,0.0107473656535148,-0.4192160964012146,0.5670307874679565,-0.4319032430648803,0.0781877413392067,-0.4380922019481659,0.0058887745253741,-0.1453544944524765,0.2035525292158126,0.2209692299365997,0.023478914052248,-0.0847737714648246,0.0142872370779514,-0.1100507900118827,0.096676118671894,6.240167140960693,0.4957546293735504,6.244905948638916,0.4914934039115906,6.242234706878662,0.0,-0.1604685336351394,0.0199587699025869,-0.0653985068202018,0.0411822646856308,-0.0496566891670227,0.8296539783477783,6.244336128234863,0.3754617869853973,6.244950771331787,excluded_ambiguous,no,frozen_reconstructed
29,697,26,dendritic,epithelial,1.1005550622940063,0.7633181810379028,0.3372368812561035,1,False,ambiguous,6,4,4,3.0,4,5,0.1840931326150894,3,-0.2124815285205841,1,-0.3263271152973175,0,-0.1887415647506714,0,0.0093232756480574,1,0.7633181810379028,1,-0.1076020449399948,0,1.1005550622940063,1,0.1056571751832962,0.7057340145111084,0.0673386305570602,0.0199185982346534,0.0578124448657035,0.0728325396776199,0.0139158265665173,-0.0682484284043312,0.3615993559360504,0.7975694537162781,0.1087617948651313,0.4200932681560516,0.1007870510220527,0.1389147788286209,0.0979040041565895,0.114443801343441,0.0611693374812603,-0.0047246036119759,0.7497372031211853,0.7978254556655884,0.0718889087438583,0.072648711502552,0.0462887585163116,-0.0606228001415729,0.1241295933723449,-0.0537977777421474,0.0,-0.1652255803346634,0.062213234603405,-0.0259650368243455,0.288116842508316,-0.0707969069480896,0.0206646006554365,-0.2554473280906677,0.013703417032957,-0.3623488247394562,0.0088738743215799,-0.3820920586585998,0.0021276413463056,-0.4174986779689789,0.0243946742266416,-0.4044170975685119,0.1103047579526901,-0.4561773240566253,0.0032207041513174,-0.4109296798706054,0.0622600018978118,0.913145899772644,0.0126170497387647,-0.1851533353328704,0.0198287367820739,-0.2709803879261017,0.0,-0.2282418608665466,0.0073407245799899,-0.2313222587108612,0.0459884889423847,-0.2903200984001159,0.0243475213646888,-0.341895580291748,0.0285770948976278,-0.3851529657840729,0.0310556702315807,-0.3501935601234436,0.0038952836766839,-0.2237313538789749,0.0432530082762241,-0.394995778799057,0.0218262206763029,-0.4576314091682434,0.0383377596735954,-0.3644894063472748,0.0218121223151683,-0.3785606920719147,0.01344471052289,-0.2568289637565613,0.0,-0.1629744619131088,0.023018728941679,-0.3979493081569671,0.0,-0.1637143641710281,0.1022562459111213,-0.0711481645703315,0.0265499595552682,-0.4059142470359802,0.0600167475640773,-0.4675208926200866,0.0504660680890083,-0.4345396161079407,0.0,-0.2141606658697128,0.0073612220585346,-0.1975821405649185,0.0076159089803695,-0.1592615246772766,0.0060620135627686,-0.1794552057981491,0.0025887659285217,-0.158926635980606,0.0087175806984305,-0.1397637128829956,0.0023498903028666,-0.1828359812498092,0.0,-0.1658288836479187,0.0837016403675079,-0.3008593022823334,0.0,-0.1797712743282318,0.0,-0.1994238495826721,0.0,-0.1766833961009979,0.0,-0.1702433228492736,0.0748343840241432,-0.1359903365373611,0.9198583960533142,1.0378752946853638,0.0,-0.1875450760126114,0.0023262326139956,-0.1750809103250503,0.2173019498586654,0.2707723677158355,0.0656908899545669,0.0841285809874534,0.0955658182501792,0.3107548356056213,0.2548889517784118,0.4081325829029083,0.1491408199071884,-0.095462255179882,0.2265290468931198,0.0580745786428451,0.2907049357891083,6.244897842407227,0.1401157528162002,0.1594927608966827,0.8837922215461731,-0.1757009029388427,0.210367277264595,-0.1244546622037887,0.0031564908567816,-0.15723817050457,0.2019928991794586,0.2169449925422668,0.0030745181720703,-0.165300577878952,0.0060527925379574,-0.1465121656656265,0.0,-0.1725399196147918,0.0,-0.1627659648656845,0.0,-0.1658024787902832,0.0,-0.1604685336351394,0.0033254527952522,-0.1496188789606094,1.6024624109268188,6.138639450073242,0.0,-0.1649830788373947,0.0,-0.1607939600944519,excluded_ambiguous,no,frozen_reconstructed
30,273,26,dendritic,macrophage_monocyte,2.6295042037963867,0.4016370773315429,2.227867126464844,3,True,dendritic,6,4,4,3.0,4,5,0.4016370773315429,5,-0.263058453798294,0,-0.3500605523586273,0,-0.1432515382766723,0,0.2950939536094665,1,-0.3020702600479126,0,-0.0566706657409668,0,2.6295042037963867,3,0.2099756300449371,1.8157362937927248,0.1991682350635528,0.8684142231941223,0.1361995637416839,0.696306586265564,0.04792982339859,0.7876424789428711,0.5122860670089722,1.4738599061965942,0.0935208350419998,0.3147693574428558,0.0743854194879531,0.0169138275086879,0.1035964339971542,0.1405474543571472,0.0747737810015678,0.0858287289738655,0.4840540587902069,0.3655214309692383,0.0627460107207298,0.0150575591251254,0.0383483730256557,-0.0944420546293258,0.0655617862939834,-0.2655307948589325,0.0096139544621109,-0.0353495627641677,0.0361243523657321,-0.1607200354337692,0.3849624991416931,0.12211724370718,0.019307542592287,-0.258011132478714,0.0038869362324476,-0.3865211009979248,0.0211242772638797,-0.3558165729045868,0.0049775945954024,-0.3957820534706116,0.0086526861414313,-0.4390302300453186,0.2339533865451812,-0.1292799860239029,0.0252105519175529,-0.3281222581863403,0.0,-0.2700125277042389,0.0,-0.2332096844911575,0.0179664716124534,-0.2763566076755523,0.0,-0.2282418608665466,0.0043096984736621,-0.2414930611848831,0.0091403275728225,-0.3594631850719452,0.0,-0.3889853358268738,0.0343442521989345,-0.3765539824962616,0.0260971598327159,-0.3596528768539428,0.0061555714346468,-0.2116454392671585,0.03336026892066,-0.4171946048736572,0.023219522088766,-0.4541764557361603,0.0138813126832246,-0.4059700667858124,0.0467936620116233,-0.3186532855033874,0.0197975672781467,-0.2391646653413772,0.0,-0.1629744619131088,0.0215465873479843,-0.4044148027896881,0.0,-0.1637143641710281,0.0363230481743812,-0.3073030412197113,0.0035809946712106,-0.5353609323501587,0.0770535841584205,-0.4433287978172302,0.0711718574166297,-0.402473509311676,0.0097101982682943,-0.0621160119771957,0.024556677788496,-0.1150306090712547,0.0,-0.2143252938985824,0.0090796649456024,-0.155176892876625,0.002291074488312,-0.1609416902065277,0.0,-0.1797638535499572,0.0084451111033558,-0.1409791707992553,0.002291074488312,-0.1318434178829193,0.2040146887302398,-0.1290868073701858,0.0,-0.1797712743282318,0.0072901709936559,-0.0394401736557483,0.059497345238924,0.0032237691339105,0.0,-0.1702433228492736,0.1780469268560409,0.2757870852947235,1.872326135635376,2.8738200664520264,0.0,-0.1875450760126114,0.0078253671526908,-0.1527006328105926,0.2082888931035995,0.2327150404453277,0.0023666962515562,-0.3099558353424072,0.0050602164119482,-0.1993419826030731,0.0177433621138334,-0.2944988012313843,0.0379175245761871,-0.3401431143283844,0.0428846590220928,-0.3374438881874084,0.0,-0.1612008661031723,0.0188920218497514,-0.3827822804450989,0.6003637313842773,-0.4049429595470428,0.1413067430257797,-0.2883225083351135,0.0057125552557408,-0.1461209505796432,0.2929663062095642,0.4516793191432953,0.0,-0.1774342954158783,0.0337863713502883,-0.023710386827588,0.0,-0.1725399196147918,0.0,-0.1627659648656845,0.0,-0.1658024787902832,0.6325188875198364,6.2449951171875,1.2660199403762815,6.243850231170654,0.2794883251190185,0.8948941230773926,0.0115929869934916,-0.0754238665103912,0.0,-0.1607939600944519,excluded_dendritic,no,frozen_reconstructed
31,11594,26,epithelial,dendritic,0.6214876770973206,-0.170953020453453,0.7924406975507736,4,True,epithelial,6,4,4,3.0,4,5,-0.3348885476589203,0,-0.3805208206176758,0,-0.3484305739402771,0,-0.2238914668560028,0,-0.2999593913555145,0,0.6214876770973206,4,-0.1864403486251831,0,-0.170953020453453,0,0.0006161711062304,-0.4119565188884735,0.0007533945026807,-0.4086443483829498,0.0018228710396215,-0.3724963665008545,0.0,-0.4184110164642334,0.0802310779690742,-0.4652270972728729,0.0019406948704272,-0.3181027173995971,0.0014612865634262,-0.320065826177597,0.0026350107509642,-0.322429209947586,0.0584695935249328,-0.0226945281028747,0.0196369159966707,-0.3901508748531341,0.0010069122072309,-0.373837262392044,0.0021825591102242,-0.2484775185585022,0.0142231862992048,-0.4511289298534393,0.0,-0.1652255803346634,0.0024839143734425,-0.3344805538654327,0.0081825163215398,-0.6284191012382507,0.0114300623536109,-0.2728933990001678,0.0018607863457873,-0.3915103375911712,0.0055115306749939,-0.3893038332462311,0.00176087312866,-0.4202934205532074,0.0139125874266028,-0.427464872598648,0.0121913319453597,-0.7155657410621643,0.0014891511527821,-0.4174502193927765,0.000171982057509,-0.2667442858219147,0.0026093875057995,-0.2232709378004074,0.0041554775089025,-0.3162278234958648,9.03359250514768e-05,-0.2259059250354766,0.0012617687461897,-0.2517205774784088,0.0100886495783925,-0.3576837182044983,0.0061968169175088,-0.3770002722740173,0.0098138926550745,-0.4131292998790741,0.0058312295004725,-0.3983141481876373,0.0001379671448376,-0.2438219636678695,0.0621850676834583,-0.3525130748748779,0.0179455764591693,-0.4672542512416839,0.0081191817298531,-0.4157432317733764,0.0203566942363977,-0.3820509016513824,0.0092612970620393,-0.2684610486030578,0.0,-0.1629744619131088,0.0150353061035275,-0.4330118000507355,0.0,-0.1637143641710281,0.0419160276651382,-0.2872704863548279,0.0238633509725332,-0.4210552275180816,0.0954269245266914,-0.4172388613224029,0.0972531661391258,-0.3620825707912445,2.993035559484269e-05,-0.2136920243501663,0.0001513660681666,-0.232195034623146,0.0,-0.2143252938985824,0.0001076539047062,-0.2273606061935424,0.0,-0.1764497309923172,0.0,-0.1797638535499572,0.0003330373438075,-0.1966860145330429,8.140856516547501e-05,-0.1646212786436081,0.0073066824115812,-0.4099293649196625,0.0002437293296679,-0.1747237592935562,8.363075903616846e-05,-0.197588562965393,0.0003919921291526,-0.1754980981349945,0.0,-0.1702433228492736,0.0012023925082758,-0.4297530055046081,0.0316465757787227,-0.6742121577262878,0.0002023424458457,-0.1867223083972931,0.0010100755607709,-0.1804373860359192,0.0322849377989769,-0.5104560256004333,0.004320606123656,-0.2977960705757141,0.0002706284576561,-0.2263365089893341,0.0032174151856452,-0.3375372886657715,0.93277770280838,1.6284656524658203,1.0175366401672363,1.7616829872131348,0.0,-0.1612008661031723,0.0651866644620895,-0.1756905764341354,3.787842512130737,2.173147201538086,0.7806220650672913,1.2286542654037476,0.0,-0.1709668785333633,0.004670635331422,-0.2921962440013885,0.0001842951605794,-0.1767069846391677,0.0010064034722745,-0.1688571274280548,0.0,-0.1725399196147918,0.0001183334097731,-0.1612364947795868,0.0002472587802913,-0.162578746676445,0.0002567560586612,-0.1578683853149414,8.31430297694169e-05,-0.1660358309745788,0.0018946514464914,-0.2053772211074829,3.797403405769728e-05,-0.1646897196769714,0.0,-0.1607939600944519,excluded_epithelial,no,frozen_reconstructed
32,1296,23,endothelial,b_plasma,3.3069891929626465,-0.1463463306427002,3.4533355236053467,11,True,endothelial,5,4,4,1.0,4,5,-0.3147104978561401,0,3.3069891929626465,11,-0.2055507898330688,0,-0.1959657222032547,0,-0.1463463306427002,1,-0.3508803844451904,0,-0.1830250322818756,0,-0.1670092046260833,0,0.0039858100935816,-0.3761017918586731,0.0146475210785865,-0.3192175030708313,0.00621352577582,-0.3375740349292755,0.0,-0.4184110164642334,0.0718846097588539,-0.5026865005493164,0.0,-0.3315140306949615,0.0143194906413555,-0.2606485784053802,0.0208346676081419,-0.2389714121818542,0.0210372656583786,-0.271850049495697,0.0311577357351779,-0.3714048862457275,0.0055675711482763,-0.3451096415519714,0.0063605178147554,-0.2306829988956451,0.0729557871818542,-0.2388001680374145,0.0,-0.1652255803346634,0.0067472620867192,-0.3124593794345855,2.357191562652588,4.050748348236084,2.6443979740142822,4.701364517211914,1.148739457130432,2.432581663131714,2.0554471015930176,4.00753927230835,0.641645610332489,4.455617904663086,1.5255681276321411,2.8963305950164795,1.537320256233215,3.316509485244751,1.1400083303451538,3.869884967803955,0.3317893743515014,6.035149574279785,1.627624273300171,5.966152667999268,0.2284007668495178,0.3311505019664764,0.0359598100185394,0.7016234397888184,0.1436906903982162,0.2262091040611267,0.1282180845737457,-0.1360217332839965,0.0997356623411178,-0.1960899382829666,0.1827981770038604,-0.1552057564258575,0.1130329743027687,-0.1938057243824005,0.02239840477705,-0.124793954193592,0.1510186791419983,-0.1531745046377182,0.2819062769412994,0.1872883737087249,0.0622175931930542,-0.3239867687225342,0.0509712733328342,-0.3086351454257965,0.0875719860196113,-0.0507158935070037,0.0028742232825607,-0.1413691043853759,0.0491570904850959,-0.2831518352031708,0.0,-0.1637143641710281,0.0029086496215313,-0.4269843697547912,0.0572811365127563,-0.2327218651771545,0.0863420069217681,-0.4301393330097198,0.0978610515594482,-0.361141175031662,0.0021900967694818,-0.1798675954341888,0.0049282275140285,-0.2092624008655548,0.0029455535113811,-0.1930286437273025,0.0011720595648512,-0.2187969982624054,0.0032913000322878,-0.1541712582111358,0.0088058859109878,-0.1393585354089737,0.0034308307804167,-0.1754129976034164,0.0008009046432562,-0.1539483815431594,0.0563954897224903,-0.339844673871994,0.0,-0.1797712743282318,0.0088623454794287,-0.0049386145547032,0.003375967266038,-0.1664752066135406,0.0,-0.1702433228492736,0.0031446644570678,-0.4220040738582611,0.6551143527030945,0.5275635123252869,0.0006508536753244,-0.184898555278778,0.0064838235266506,-0.1581604331731796,0.0209804326295852,-0.5581889748573303,0.0087809925898909,-0.270037829875946,0.0061786998994648,-0.193038135766983,0.0137832108885049,-0.306232213973999,0.0369098633527755,-0.3423598706722259,0.0354377813637256,-0.3534823954105377,0.0,-0.1612008661031723,0.0125660309568047,-0.4110805988311767,0.4417597353458404,-0.5332247614860535,0.0153195634484291,-0.587266743183136,0.0,-0.1709668785333633,0.0082737738266587,-0.2828992307186126,0.0008794030873104,-0.1739636957645416,0.0,-0.1733133941888809,0.0,-0.1725399196147918,0.0011022659018635,-0.1485190838575363,0.0005238116136752,-0.1589730829000473,0.0,-0.1604685336351394,0.0013371995883062,-0.1596861034631729,0.0011428438592702,-0.2083570957183838,0.0024908750783652,-0.14574034512043,0.0,-0.1607939600944519,endothelial,yes,frozen_reconstructed
33,1398,24,t_nk,b_plasma,0.9199895858764648,0.4636578559875488,0.456331729888916,2,False,ambiguous,6,4,4,3.0,4,3,-0.2815641462802887,0,-0.3366139531135559,0,-0.3787409663200378,0,0.9199895858764648,2,0.4636578559875488,1,-0.3988427817821502,0,-0.164384976029396,0,-0.173117846250534,0,0.014979382045567,-0.2591245472431183,0.0310711376368999,-0.2135100811719894,0.0116377202793955,-0.2944311797618866,0.0005821587983518,-0.4037622213363647,0.1315078139305114,-0.2350942492485046,0.0169032122939825,-0.2147030085325241,0.0141751924529671,-0.2613153755664825,0.0144609101116657,-0.2681994140148163,0.0086387367919087,-0.3543766438961029,0.0840912014245987,-0.2852746546268463,0.0118220346048474,-0.3057127892971039,0.0013267990434542,-0.2521223127841949,0.0178756136447191,-0.4379247725009918,0.0,-0.1652255803346634,0.0144477104768157,-0.2726848125457763,0.1341579407453537,-0.37747922539711,0.0058738873340189,-0.2833902537822723,0.003714952385053,-0.3869445919990539,0.0105692157521843,-0.37845578789711,0.0,-0.4337112605571747,0.011608300730586,-0.432531476020813,0.0470124594867229,-0.6235069632530212,0.0028995836619287,-0.4121389091014862,0.0,-0.2700125277042389,0.0022657583467662,-0.2245797663927078,0.0897808670997619,-0.069034144282341,0.0,-0.2282418608665466,0.0,-0.2559545338153839,0.0109734172001481,-0.3560235202312469,0.0111389830708503,-0.3674417734146118,0.0192812196910381,-0.399013340473175,0.0100604621693491,-0.3902460634708404,0.0016966670518741,-0.2354874908924102,0.0146185383200645,-0.4592501819133758,0.01479949709028,-0.4750555753707886,0.0162325967103242,-0.4019820690155029,0.0078734690323472,-0.4119865000247955,0.0018139550229534,-0.2891685962677002,0.0,-0.1629744619131088,0.0358985103666782,-0.3413823544979095,0.0,-0.1637143641710281,0.0044600460678339,-0.4214276969432831,0.0013427616795524,-0.5479750633239746,0.0189511943608522,-0.5258335471153259,0.0148905999958515,-0.489633709192276,0.0128176212310791,-0.0134592223912477,0.0752521678805351,0.1283470541238784,0.880165696144104,6.14935827255249,0.0127061074599623,-0.1260005831718444,0.0123845022171735,-0.0926202684640884,0.0058073569089174,-0.1531171202659607,0.0341363027691841,0.0354461446404457,0.0007694439264014,-0.1544150710105896,2.0499417781829834,2.506367444992065,0.0,-0.1797712743282318,0.0,-0.1994238495826721,0.0976074486970901,0.1184605211019516,0.0,-0.1702433228492736,1.3878964185714722,5.102610111236572,0.3226814866065979,-0.1132230013608932,0.0040686908178031,-0.1710008382797241,0.0050368485972285,-0.1640492975711822,0.1412301361560821,-0.0504384264349937,0.0009372302447445,-0.3188517987728119,0.0,-0.2278617769479751,0.0051949908956885,-0.3316779732704162,0.0069151110947132,-0.4083455502986908,0.0076785678975284,-0.4132679402828216,0.0,-0.1612008661031723,0.0,-0.4672927260398865,0.2769682109355926,-0.666511058807373,0.0122394589707255,-0.5945752263069153,0.0061332662589848,-0.1442911177873611,0.0488798320293426,-0.1781253516674041,0.0037749621551483,-0.1625362485647201,0.0019602091051638,-0.1646337509155273,0.0,-0.1725399196147918,0.0,-0.1627659648656845,0.0,-0.1658024787902832,0.0,-0.1604685336351394,0.0,-0.1664568334817886,0.0,-0.2128868699073791,0.0,-0.1649830788373947,0.0,-0.1607939600944519,excluded_ambiguous,no,frozen_reconstructed
34,2019,25,epithelial,macrophage_monocyte,1.6136058568954468,-0.1160775795578956,1.7296834364533424,5,True,epithelial,6,4,4,2.0,4,5,-0.1160775795578956,2,-0.3690641522407532,0,-0.2973380088806152,0,-0.2174618244171142,0,-0.2899085283279419,0,1.6136058568954468,5,-0.1842311769723892,0,-0.171233981847763,0,0.0002812361635733,-0.4155203998088836,0.0031851083040237,-0.3929930925369262,0.0009208796545863,-0.3796705901622772,0.0009164595394395,-0.3953502476215362,0.2103103399276733,0.1185759007930755,0.0,-0.3315140306949615,0.0014143447624519,-0.3202827572822571,0.0068459892645478,-0.3031190037727356,0.2794931828975677,1.448473572731018,0.0288225710391998,-0.3752045035362243,0.0010862370254471,-0.3733375966548919,0.0021987629588693,-0.2484085112810135,0.3390373289585113,0.7231318354606628,0.0,-0.1652255803346634,0.0032122107222676,-0.3307186961174011,0.0176652390509843,-0.6095297932624817,0.0150464717298746,-0.2660612165927887,0.0071874526329338,-0.3783938288688659,0.0031604212708771,-0.394346684217453,0.003873887239024,-0.4041922986507416,0.0484218411147594,-0.3515866696834564,0.0102854408323764,-0.720604419708252,0.001857275259681,-0.4160639643669128,0.0018136941362172,-0.2355459928512573,0.0020711186807602,-0.2253211140632629,0.0023177659604698,-0.3215331733226776,0.0,-0.2282418608665466,0.0028437345754355,-0.2464121878147125,0.0359800718724727,-0.3091002106666565,0.0163915511220693,-0.3572829961776733,0.0437083542346954,-0.3625918924808502,0.0081025781109929,-0.3939810991287231,0.0011133503867313,-0.2386065125465393,0.0328040607273578,-0.4184427261352539,0.0168993808329105,-0.4698485136032104,0.0082014761865139,-0.4156036674976349,0.0217271298170089,-0.3787645101547241,0.0138410869985818,-0.2557268142700195,0.0,-0.1629744619131088,0.0059173428453505,-0.4730571210384369,0.0,-0.1637143641710281,0.03858607634902,-0.2991974651813507,0.1566124707460403,0.3270819783210754,0.1514104604721069,-0.337742805480957,0.1081588268280029,-0.345193475484848,0.0002277408784721,-0.2105946391820907,0.0,-0.2329217046499252,0.0,-0.2143252938985824,0.0003937342553399,-0.2250589728355407,0.0007280521094799,-0.1715216189622879,0.0,-0.1797638535499572,0.0016858334420248,-0.18739615380764,0.0,-0.1658288836479187,0.0354525111615657,-0.3697452247142792,0.0,-0.1797712743282318,0.0,-0.1994238495826721,0.0006041786400601,-0.174856498837471,0.0,-0.1702433228492736,0.0038333684206008,-0.4192564189434051,0.1010874807834625,-0.5403602123260498,0.0002107049367623,-0.1866883039474487,0.002048096852377,-0.1762128621339798,0.0199916362762451,-0.5623641014099121,0.0362510532140731,-0.0990838631987571,0.0039301710203289,-0.2057110220193863,0.0376645289361476,-0.2354750037193298,2.40566086769104,4.86867094039917,2.353433609008789,4.638830184936523,0.0,-0.1612008661031723,0.5368265509605408,1.934115290641785,4.746182441711426,2.948269844055176,0.6143143177032471,0.8340367674827576,0.0013586370041593,-0.1650576889514923,0.0033289303537458,-0.2956581711769104,0.0,-0.1774342954158783,0.0051838713698089,-0.1503596752882003,0.0,-0.1725399196147918,0.0,-0.1627659648656845,0.0,-0.1658024787902832,0.0002123744052369,-0.1583178341388702,0.0,-0.1664568334817886,0.0013771068770438,-0.2074285745620727,0.0002343461383134,-0.1631726771593094,0.0,-0.1607939600944519,excluded_epithelial,no,frozen_reconstructed
35,1245,22,mesenchymal_hsc_myofibroblast,endothelial,2.8030147552490234,-0.1175796538591384,2.920594409108162,12,True,mesenchymal_hsc_myofibroblast,4,4,4,1.0,4,5,-0.2995192408561706,0,-0.1175796538591384,1,2.8030147552490234,12,-0.213447630405426,0,-0.243504598736763,0,-0.3578102886676788,0,-0.1588624268770218,0,-0.1718847602605819,0,0.0038117882795631,-0.3779534995555877,0.0465674772858619,-0.1137708947062492,0.0041256695985794,-0.3541803956031799,0.0003610156127251,-0.409326821565628,0.0350947529077529,-0.6678014397621155,0.0028021244797855,-0.3121497333049774,0.0048588206991553,-0.3043659627437591,0.0059394696727395,-0.3072760105133056,0.0025743483565747,-0.3947421610355377,0.025803305208683,-0.3801172971725464,0.0035095659550279,-0.3580730557441711,0.0063352580182254,-0.2307905703783035,0.0332911908626556,-0.3821947276592254,0.0,-0.1652255803346634,0.1185793131589889,0.2651785612106323,0.0549427643418312,-0.5352739095687866,0.0479850620031356,-0.2038329541683197,0.0219243802130222,-0.3421054184436798,0.0407252348959445,-0.3137750923633575,0.0156191028654575,-0.3146939575672149,0.0892797484993934,-0.2617492079734802,0.934993863105774,1.7241030931472778,0.0090517438948154,-0.3889716863632202,0.0056787328794598,-0.162096694111824,0.0385931655764579,-0.0862144455313682,0.0539976246654987,-0.1723375171422958,0.0,-0.2282418608665466,0.003757556900382,-0.2433458119630813,2.955169200897217,5.168563365936279,2.728795051574707,4.888685703277588,3.229867458343506,4.388044834136963,2.4875168800354004,4.335989475250244,1.175589919090271,6.041396141052246,2.071828365325928,4.157034873962402,1.8542327880859373,4.086182117462158,2.6628313064575195,4.086922645568848,1.4694373607635498,3.092940092086792,0.0610411539673805,-0.1244856491684913,0.0,-0.1629744619131088,0.9318228960037231,3.5934412479400635,0.0,-0.1637143641710281,0.0303268525749444,-0.32877978682518,0.3933713436126709,1.6613892316818235,0.1860027462244033,-0.2886221408843994,2.4097900390625,3.219237327575684,0.0,-0.2141606658697128,0.0033474259544163,-0.216851457953453,0.0,-0.2143252938985824,0.0,-0.2282267361879348,0.0019558831118047,-0.1632105559110641,0.0009534506243653,-0.1753889918327331,0.0008039784734137,-0.1934519857168197,0.0,-0.1658288836479187,0.0495737493038177,-0.34958416223526,0.0,-0.1797712743282318,0.0009628314292058,-0.1782944053411483,0.0008916271035559,-0.1739873141050338,0.0018146457150578,-0.117031455039978,0.0067095765843987,-0.4077814817428589,0.1184839978814125,-0.5068272948265076,0.0030558903235942,-0.1751191318035125,0.0088998302817344,-0.1483277976512909,0.081084556877613,-0.3044012188911438,0.0040569733828306,-0.2994367480278015,0.0010503814555704,-0.221941739320755,0.0099739357829093,-0.3175185918807983,0.0559707768261432,-0.30042764544487,0.0519619733095169,-0.317893922328949,0.0,-0.1612008661031723,0.0061543118208646,-0.4397623836994171,0.4093970954418182,-0.559400200843811,0.0088110296055674,-0.6027103066444397,0.0,-0.1709668785333633,0.0029517107177525,-0.2966314852237701,0.0,-0.1774342954158783,0.0,-0.1733133941888809,0.0,-0.1725399196147918,0.0012762517435476,-0.1462703049182891,0.0146436113864183,0.0251193214207887,0.0,-0.1604685336351394,0.0,-0.1664568334817886,0.0,-0.2128868699073791,0.0007980809896253,-0.1588176786899566,0.0,-0.1607939600944519,mesenchymal_hsc_myofibroblast,yes,frozen_reconstructed
36,2457,24,macrophage_monocyte,b_plasma,3.099877119064331,0.3490052223205566,2.7508718967437744,13,True,macrophage_monocyte,6,4,4,3.0,4,3,3.099877119064331,13,-0.1383176445960998,1,-0.3657656908035278,0,-0.1990119963884353,0,0.3490052223205566,2,-0.3877981603145599,0,-0.0081844078376889,1,-0.1449305862188339,0,0.5206375122070312,5.121339321136475,0.2022981941699981,0.8885595798492432,0.1830397993326187,1.0688636302947998,0.2243392318487167,5.2266154289245605,0.8644236326217651,3.054273128509521,0.6250124573707581,3.987685680389404,1.0703572034835815,4.619261741638184,0.8680264353752136,3.645977973937988,0.3292315006256103,1.779539704322815,2.9824564456939697,4.430775165557861,0.9289020895957948,5.470978260040283,1.496028184890747,6.114028453826904,0.0524448305368423,-0.3129509091377258,0.0,-0.1652255803346634,0.3708926439285278,1.568434238433838,0.5751523375511169,0.5009706616401672,0.0124720660969614,-0.270924836397171,0.0156240975484251,-0.3576193451881408,0.0174681562930345,-0.363658457994461,0.00862174667418,-0.3680137097835541,0.0303946919739246,-0.3912243843078613,0.3271133303642273,0.117012582719326,0.1712004542350769,0.2216336578130722,0.001813864451833,-0.235542744398117,0.0201836712658405,-0.1563332825899124,0.0689694806933403,-0.1291149705648422,0.0009679006179794,-0.2032134532928466,0.0279695522040128,-0.1621008515357971,0.0162989143282175,-0.346030592918396,0.0150982150807976,-0.3597843945026397,0.0214877612888813,-0.3957233130931854,0.0162353944033384,-0.3784661591053009,0.0005552624352276,-0.2415906637907028,0.0193010326474905,-0.448742926120758,0.0190549846738576,-0.4645032584667206,0.013186203315854,-0.4071490466594696,0.0080890581011772,-0.4114694893360138,0.0219325367361307,-0.2332283109426498,0.0006574621074832,-0.1580323576927185,0.0169587731361389,-0.4245640933513641,0.0,-0.1637143641710281,0.0150861646980047,-0.3833678066730499,0.0152961770072579,-0.4693374335765838,0.0648078471422195,-0.4607175886631012,0.0265386942774057,-0.4715948402881622,0.0020769459661096,-0.1816393435001373,0.0032382193021476,-0.2173757404088974,0.0028411094099283,-0.1937837898731231,0.0064214286394417,-0.176563560962677,0.0021587877999991,-0.1618371158838272,0.0053757955320179,-0.1550973206758499,0.0030798281077295,-0.1778233796358108,0.0,-0.1658288836479187,0.0414665900170803,-0.3611588478088379,0.0,-0.1797712743282318,0.0022188667207956,-0.150730550289154,0.0012165718944743,-0.1730047464370727,0.0004030966083519,-0.1584230959415435,0.1014556437730789,-0.0297819841653108,1.2722856998443604,1.7172024250030518,0.0025347222108393,-0.1772383153438568,0.0031034050043672,-0.1719179898500442,0.7368890047073364,2.464712381362915,0.0007867671665735,-0.3197881877422333,0.0011585196480154,-0.2213322669267654,0.0037470823153853,-0.3359679579734802,0.0087385540828108,-0.4043341279029846,0.0110118854790925,-0.4060889184474945,0.0,-0.1612008661031723,0.0021531768143177,-0.45766082406044,0.3535593748092651,-0.6045627593994141,0.0186991896480321,-0.5792475342750549,0.0157006941735744,-0.1026789769530296,0.3966222107410431,0.7191376686096191,0.0269211996346712,-0.0711886435747146,0.014243783429265,-0.1102432012557983,0.0,-0.1725399196147918,0.0006801211857236,-0.1539753377437591,0.0,-0.1658024787902832,0.0002364272513659,-0.1580742597579956,0.000986163620837,-0.1614635437726974,0.0321101918816566,-0.0856147930026054,0.0008124893647618,-0.1587063521146774,0.0,-0.1607939600944519,macrophage_monocyte,yes,frozen_reconstructed
37,3114,26,mesenchymal_hsc_myofibroblast,dendritic,1.1787935495376587,-0.1726665794849395,1.3514601290225985,11,True,mesenchymal_hsc_myofibroblast,6,4,4,3.0,4,5,-0.287739485502243,0,-0.2118080556392669,1,1.1787935495376587,11,-0.2101083695888519,0,-0.2334140986204147,0,-0.3360743224620819,0,-0.1829005628824234,0,-0.1726665794849395,0,0.0025185144040733,-0.3917145729064941,0.0284281186759471,-0.2305213510990142,0.0146068716421723,-0.2708152234554291,0.0004268673365004,-0.4076697826385498,0.0436562038958072,-0.6293771862983704,0.0013647461310029,-0.3220828473567962,0.0073052449151873,-0.2930611371994018,0.0119001697748899,-0.2799421548843384,0.0109144011512398,-0.3392294347286224,0.0401178188621997,-0.3568255603313446,0.0056537133641541,-0.344567060470581,0.0085650542750954,-0.2212935537099838,0.0388818606734275,-0.361983448266983,0.0,-0.1652255803346634,0.1249755322933197,0.2982164621353149,0.0442779287695884,-0.5565179586410522,0.0308461263775825,-0.2362121641635894,0.006660683080554,-0.3796909749507904,0.0156054366379976,-0.3676537573337555,0.0123483929783105,-0.3396167159080505,0.0442964993417263,-0.3606573939323425,0.6541455984115601,0.9816075563430786,0.0086267692968249,-0.3905720114707947,0.0002584892790764,-0.2651003301143646,0.0214689597487449,-0.1514378190040588,0.0413420237600803,-0.2088732421398162,0.0,-0.2282418608665466,0.0016142401145771,-0.2505378425121307,1.1670624017715454,1.8133002519607544,1.2154072523117063,1.9616931676864624,1.552185297012329,1.8865820169448853,1.2379484176635742,1.9521918296813965,0.2858395278453827,1.283842921257019,1.0566002130508425,1.8789092302322388,1.0290547609329224,2.0399904251098637,1.8652820587158203,2.734196424484253,1.0856698751449585,2.172640323638916,0.0199303347617387,-0.2387954890727996,0.0002903079148381,-0.1607922315597534,0.3202202916145324,0.9073347449302672,0.0,-0.1637143641710281,0.0225272327661514,-0.3567159175872803,0.0718420073390007,-0.1506608426570892,0.1842496991157531,-0.2911114394664764,2.120094060897827,2.7705984115600586,0.0003786743327509,-0.2082313001155853,0.0039111417718231,-0.2141451984643936,0.0012093506520614,-0.2055815756320953,0.0015581289771944,-0.2156909108161926,0.0018748694565147,-0.1637589335441589,0.0024276501499116,-0.1686247140169143,0.0012184164952486,-0.1906059831380844,0.0004826680524274,-0.1586690545082092,0.0383084937930107,-0.3656677007675171,0.0,-0.1797712743282318,0.0002454334171488,-0.1940377950668335,0.0014392918674275,-0.1723312884569168,0.0,-0.1702433228492736,0.0079100765287876,-0.4029919505119324,0.231342613697052,-0.2892847657203674,0.0027542267926037,-0.1763457506895065,0.0086569413542747,-0.1493163108825683,0.0664004832506179,-0.366404265165329,0.007005572784692,-0.2810867726802826,0.0071334801614284,-0.1876569092273712,0.0169730633497238,-0.2967810928821563,0.0824720114469528,-0.2421274036169052,0.0505696944892406,-0.3208924829959869,0.0002683320490177,-0.1552877724170684,0.0140603445470333,-0.4043960273265838,0.4066455364227295,-0.5616257190704346,0.0205673966556787,-0.5748145580291748,0.0012800808763131,-0.1653993427753448,0.0124539220705628,-0.2721134126186371,0.0,-0.1774342954158783,0.000353097799234,-0.1717499047517776,0.0,-0.1725399196147918,0.0,-0.1627659648656845,0.0005753458826802,-0.1583011746406555,0.0,-0.1604685336351394,0.0004456393944565,-0.164200410246849,0.0,-0.2128868699073791,0.0,-0.1649830788373947,0.0,-0.1607939600944519,mesenchymal_hsc_myofibroblast,yes,frozen_reconstructed
38,2040,26,endothelial,dendritic,1.3784995079040527,-0.1710973083972931,1.5495968163013458,7,True,endothelial,6,4,4,3.0,4,5,-0.3289307355880737,0,1.3784995079040527,7,-0.2039850801229477,1,-0.2090077847242355,0,-0.2533220946788788,0,-0.3717274069786072,0,-0.1768835037946701,0,-0.1710973083972931,0,0.002926955698058,-0.3873685598373413,0.0097951833158731,-0.3504486382007599,0.0093114553019404,-0.3129337728023529,0.0025880564935505,-0.3532880246639251,0.0594734102487564,-0.5583887100219727,0.0046496936120092,-0.2993819415569305,0.0097890812903642,-0.2815834283828735,0.018566945567727,-0.2493704706430435,0.0092213228344917,-0.3504988253116607,0.0446444042026996,-0.3494601547718048,0.0089466096833348,-0.3238250911235809,0.0065640793181955,-0.2298159897327423,0.0210762750357389,-0.4263538122177124,0.0,-0.1652255803346634,0.0099304327741265,-0.296017587184906,1.3621214628219604,2.068593740463257,0.4030520319938659,0.4669669568538666,1.0981379747390747,2.3079795837402344,1.5054153203964231,2.82779312133789,0.3785506784915924,2.450838804244995,1.531578779220581,2.9095466136932373,0.9541000723838806,1.7746152877807615,0.8605917692184448,2.8176827430725098,0.0343000590801239,0.3818089067935943,0.0317077189683914,-0.1124400198459625,0.1393017619848251,0.0739287436008453,0.0009126068907789,-0.2046432495117187,0.1233108714222908,0.1578232645988464,0.0382915847003459,-0.3047628104686737,0.0308142770081758,-0.3293884694576263,0.0480898357927799,-0.3560590147972107,0.0273711029440164,-0.3572225868701935,0.0088896360248327,-0.1970262229442596,0.0632341429591178,-0.3501589894294739,0.1447040438652038,-0.1529316306114196,0.0235781595110893,-0.3895232081413269,0.0261890161782503,-0.3680646121501922,0.0276474598795175,-0.2173378020524978,0.0,-0.1629744619131088,0.0332036949694156,-0.3532177805900574,0.0,-0.1637143641710281,0.0071642156690359,-0.4117420613765716,0.0432197451591491,-0.3119679689407348,1.356250286102295,1.3731167316436768,0.0632310286164283,-0.4147711098194122,0.0,-0.2141606658697128,0.0015252637676894,-0.2255992591381073,0.0008573394734412,-0.2081266343593597,0.0013848518719896,-0.217084988951683,0.0011009583249688,-0.1689974516630172,0.0059751793742179,-0.1523470729589462,0.0020709410309791,-0.1847515702247619,0.0,-0.1658288836479187,0.0533634535968303,-0.3441735208034515,0.0,-0.1797712743282318,0.0017708841478452,-0.160561591386795,0.0005548812914639,-0.175005555152893,0.0,-0.1702433228492736,0.0058020525611937,-0.41140216588974,0.1470130234956741,-0.4518356621265411,0.0022521389182657,-0.1783873587846756,0.0014117427635937,-0.1788026839494705,0.0646278411149978,-0.3738891780376434,0.0043528373353183,-0.2975955009460449,0.0037286863662302,-0.2068465948104858,0.0048092203214764,-0.3328209817409515,0.0243717543780803,-0.3699425458908081,0.0165745038539171,-0.3941085934638977,0.0,-0.1612008661031723,0.0100081665441393,-0.4225228130817413,0.3701609671115875,-0.5911351442337036,0.0228604134172201,-0.5693737268447876,0.0008495150250382,-0.1672720313072204,0.0099891237914562,-0.2784731984138489,0.0014492016052827,-0.171714961528778,0.0006138370372354,-0.1705953627824783,0.0006683928077109,-0.1282041817903518,0.0005140049615874,-0.156122401356697,0.0,-0.1658024787902832,0.0,-0.1604685336351394,0.0,-0.1664568334817886,0.0025488922838121,-0.2027840763330459,0.0,-0.1649830788373947,0.0,-0.1607939600944519,endothelial,yes,frozen_reconstructed
39,1797,26,epithelial,mesenchymal_hsc_myofibroblast,0.1171195358037948,0.0306828450411558,0.086436690762639,2,False,ambiguous,6,4,4,3.0,4,5,-0.3173585534095764,0,-0.2491982132196426,1,0.0306828450411558,1,-0.2130277901887893,0,-0.2886280417442322,0,0.1171195358037948,2,-0.1847764402627945,0,-0.169177308678627,0,0.0040916358120739,-0.3749757707118988,0.0036615417338907,-0.3899266123771667,0.0039872997440397,-0.3552809655666351,0.0033075760584324,-0.335182785987854,0.0769045576453208,-0.4801567196846008,0.0006027392228133,-0.3273487687110901,0.0041610277257859,-0.3075904250144958,0.0066676544956862,-0.3039368093013763,0.0222077071666717,-0.2640593945980072,0.0294741410762071,-0.3741443157196045,0.006800128147006,-0.3373457789421081,0.003139596665278,-0.2444013655185699,0.0882427170872688,-0.1835352033376693,0.0,-0.1652255803346634,0.0058162310160696,-0.3172683417797088,0.0408707335591316,-0.5633050203323364,0.0321115814149379,-0.2338214516639709,0.0134739270433783,-0.3629139363765716,0.0219431892037391,-0.3540600836277008,0.0292996317148208,-0.210448533296585,0.0250373259186744,-0.4030040502548218,0.0578998327255249,-0.5947234034538269,0.0134900854900479,-0.3722581267356872,0.0039115627296268,-0.1956791281700134,0.0034796430263668,-0.2199562638998031,0.0165651198476552,-0.2804021835327148,0.0393251590430736,0.7886461615562439,0.0054547078907489,-0.237650915980339,0.0321553386747837,-0.3162770867347717,0.0379248186945915,-0.3156362175941467,0.0989149361848831,-0.2802776098251343,0.0567300878465175,-0.3012145459651947,0.0,-0.2445596754550933,0.0989052578806877,-0.2701146304607391,0.0632795169949531,-0.3548397719860077,0.0507782064378261,-0.3433891236782074,0.0896763429045677,-0.2158178091049194,1.5281109809875488,3.954745054244995,0.0051134899258613,-0.1245366930961608,0.0424061678349971,-0.312801331281662,0.0,-0.1637143641710281,0.235182911157608,0.4049591720104217,0.075818046927452,-0.1282529830932617,0.2654978930950165,-0.1757398843765258,0.1432017087936401,-0.2909241914749145,0.0,-0.2141606658697128,0.0032316609285771,-0.2174072414636612,0.0,-0.2143252938985824,0.0009853221708908,-0.2202993780374527,0.0005431623430922,-0.1727731227874755,0.0009800645057111,-0.1752668768167495,0.0009090412640944,-0.192730501294136,0.0,-0.1658288836479187,0.0531640872359275,-0.3444581627845764,0.0,-0.1797712743282318,0.0004658969992306,-0.189199686050415,0.0,-0.1766833961009979,0.0,-0.1702433228492736,0.0015666800318285,-0.4282996356487274,0.0721560046076774,-0.5961275696754456,0.0,-0.1875450760126114,0.0006122508784756,-0.1820564419031143,0.0376679971814155,-0.4877262711524963,0.0245912168174982,-0.1716463267803192,0.006973854266107,-0.1885565668344497,0.0705557912588119,-0.1380224823951721,0.156909242272377,-0.078372448682785,0.1728583425283432,-0.0575170591473579,0.0,-0.1612008661031723,0.0720088556408882,-0.1451725959777832,2.407114028930664,1.0563892126083374,0.6582023501396179,0.9381749629974364,0.0,-0.1709668785333633,0.0130357407033443,-0.2706121504306793,0.0,-0.1774342954158783,0.0,-0.1733133941888809,0.0,-0.1725399196147918,0.0,-0.1627659648656845,0.0,-0.1658024787902832,0.0,-0.1604685336351394,0.0006257458007894,-0.1632884591817855,0.0041715535335242,-0.196352481842041,0.0,-0.1649830788373947,0.0,-0.1607939600944519,excluded_ambiguous,no,frozen_reconstructed
